#{"t_start": 1791259014.78506, "env_id": "f1tenth-v0"}
r,l,t,track_name,laps,progress_m
-2.655355,99,4.685341,synthetic_track_0,0.014291004555822065,2.3446445612556426
-1.27446,130,4.856516,synthetic_track_0,0.02270779570727583,3.725540041303686
3.676154,224,5.162783,synthetic_track_0,0.052882620910095615,8.676153521432227
3.301261,202,5.435447,synthetic_track_0,0.05059758932390432,8.301261269461168
-0.046738,155,5.652465,synthetic_track_0,0.030190967035867863,4.953261779687682
3.118971,203,5.930815,synthetic_track_0,0.049486501740475905,8.118971392679708
2.747952,185,6.207373,synthetic_track_0,0.047225073522010726,7.747951612202882
2.189278,173,6.453206,synthetic_track_0,0.04381986247446961,7.18927783028933
-1.988716,128,6.622693,synthetic_track_0,0.01835428668604011,3.0112843562574403
0.944422,167,6.85165,synthetic_track_0,0.03623225548795021,5.944421922197104
-1.043858,121,7.011549,synthetic_track_0,0.024113353081347797,3.9561419167546332
1.312361,185,7.272114,synthetic_track_0,0.03847490690133445,6.312361098106292
-2.463093,98,8.710501,synthetic_track_0,0.015462873874489844,2.5369065547204337
2.572295,184,8.946287,synthetic_track_0,0.046154416753316274,7.572294991292471
1.161913,149,9.135736,synthetic_track_0,0.03755790183737958,6.161913246281226
3.377982,208,9.407793,synthetic_track_0,0.05106521787016483,8.377982449095173
-1.411783,128,9.609269,synthetic_track_0,0.021870788066567087,3.5882169157773096
-0.162501,137,9.790411,synthetic_track_0,0.02948537245510292,4.837498854150862
4.781671,219,10.086489,synthetic_track_0,0.05962093426237685,9.78167061029398
3.909001,202,10.368225,synthetic_track_0,0.05430186668056166,8.909001174920142
-2.713297,96,10.497704,synthetic_track_0,0.013937842696815993,2.2867032857681764
2.702751,206,10.788464,synthetic_track_0,0.04694956584497697,7.702750620626806
2.380058,192,11.048484,synthetic_track_0,0.04498269903699655,7.380057870370367
0.073297,157,11.262764,synthetic_track_0,0.030922601925683583,5.0732969919452024
0.459973,150,12.784398,synthetic_track_0,0.03327945983614238,5.459973384064769
0.160543,157,13.019233,synthetic_track_0,0.03145438339277346,5.160543379679428
1.905655,170,13.23982,synthetic_track_0,0.04209113506914456,6.905655269470981
3.683148,210,13.510867,synthetic_track_0,0.05292525429192195,8.683148140070587
-0.419275,133,13.680721,synthetic_track_0,0.02792029121880558,4.580724797836336
2.947755,209,13.957543,synthetic_track_0,0.04844290665522706,7.947754629629626
3.415451,211,14.232709,synthetic_track_0,0.05129359731679447,8.415451377563508
-1.366071,123,14.391674,synthetic_track_0,0.022149409151510844,3.6339287066393724
6.46602,240,14.704634,synthetic_track_0,0.06988733080676113,11.466020421215978
2.947755,199,14.955657,synthetic_track_0,0.04844290665522706,7.947754629629626
2.924191,212,15.274801,synthetic_track_0,0.04829928307314552,7.924191118101786
3.403669,221,16.855212,synthetic_track_0,0.05122178127000238,8.403668923582458
18.964345,386,17.393178,synthetic_track_0,0.1460667301316487,23.964345056768163
4.743176,219,17.688649,synthetic_track_0,0.05938630136840227,9.74317571396949
7.496067,256,18.050239,synthetic_track_0,0.07616563627765156,12.496066609972374
3.576646,225,18.359296,synthetic_track_0,0.05227610789461031,8.57664634980313
2.481347,177,18.593776,synthetic_track_0,0.045600072162407246,7.481346799018134
3.966541,225,18.887487,synthetic_track_0,0.054652580677834,8.96654084353118
3.572045,215,19.173726,synthetic_track_0,0.05224805992903521,8.572044678193338
16.438374,363,21.040919,synthetic_track_0,0.13067051062922877,21.438374109152686
4.899411,249,21.371718,synthetic_track_0,0.06033857967169136,9.89941064734224
3.045987,189,21.623578,synthetic_track_0,0.049041646974822446,8.045986578857567
3.115451,206,21.92322,synthetic_track_0,0.049465046673691435,8.115451380811326
3.786426,212,22.212536,synthetic_track_0,0.05355474808779755,8.786425638799157
3.526007,200,22.464546,synthetic_track_0,0.05196745189119185,8.526006899169188
9.823083,284,22.877831,synthetic_track_0,0.09034919323439287,14.823082849312604
3.983148,201,23.151894,synthetic_track_0,0.054753804935025,8.983148136822772
-0.853926,119,23.300727,synthetic_track_0,0.025271019625130647,4.146073741002935
1.068957,168,23.510671,synthetic_track_0,0.03699131743566172,6.068956937241435
5.530941,204,25.096941,synthetic_track_0,0.0641878619563298,10.530940693964359
5.642291,224,25.408295,synthetic_track_0,0.06486656017583241,10.642290885119563
3.051041,216,25.696797,synthetic_track_0,0.04907245577899729,8.051041205693993
2.715451,192,25.946842,synthetic_track_0,0.04702697904960952,7.715451368744414
4.473004,210,26.219744,synthetic_track_0,0.057739559299939666,9.473004025231294
2.785093,199,26.519068,synthetic_track_0,0.047451456961836204,7.785093067086046
2.722433,199,26.788787,synthetic_track_0,0.047069534948514645,7.722433275196651
3.315451,206,27.059047,synthetic_track_0,0.05068408036594198,8.315451367191445
18.22635,392,27.595455,synthetic_track_0,0.14156852789551502,23.226350371567243
5.152854,221,29.266579,synthetic_track_0,0.06188336194554565,10.152854367310898
3.488723,186,29.528089,synthetic_track_0,0.051740201364758355,8.488723186273882
19.367421,397,30.082612,synthetic_track_0,0.14852354616652247,24.367421014911756
3.718953,191,30.350029,synthetic_track_0,0.05314349189818271,8.718953153957612
4.381451,204,30.643638,synthetic_track_0,0.05718152747164928,9.381450888704194
24.195275,424,31.345406,synthetic_track_0,0.1779501309857124,29.195274913015336
2.582426,172,31.639534,synthetic_track_0,0.04621616803125728,7.582426175381696
3.776,194,31.947889,synthetic_track_0,0.053491205062893135,8.776000492885451
5.107909,206,32.256978,synthetic_track_0,0.06160941145240519,10.107908854118588
12.269636,273,34.030743,synthetic_track_0,0.10526134842793078,17.269636094366657
18.364716,361,34.55467,synthetic_track_0,0.14241189197925425,23.364716362871327
36.156842,536,35.318838,synthetic_track_0,0.25085790085051973,41.15684174472959
31.678389,513,36.079716,synthetic_track_0,0.2235609756058773,36.678389088455056
20.550432,392,37.942616,synthetic_track_0,0.1557341969909617,25.550431850336015
19.590181,393,38.538965,synthetic_track_0,0.14988130842496875,24.59018141515579
14.392981,293,38.957236,synthetic_track_0,0.11820349491922016,19.392981116282083
0.042875,131,39.127496,synthetic_track_0,0.030737177367722197,5.042875429930496
13.758525,278,39.528485,synthetic_track_0,0.11433637785292075,18.7585250175648
29.068788,507,40.284544,synthetic_track_0,0.20765501331329414,34.06878751460005
16.915026,344,40.793708,synthetic_track_0,0.13357578507102008,21.91502611022744
6.419011,209,42.445462,synthetic_track_0,0.0696007976059695,11.41901053410615
41.012416,577,43.272954,synthetic_track_0,0.2804534453742357,46.01241590915461
47.2957,655,44.108904,synthetic_track_0,0.31875112175206627,52.29569979429111
31.838744,470,44.790077,synthetic_track_0,0.22453836786366144,36.83874432677827
22.848008,413,46.658633,synthetic_track_0,0.1697383120579379,27.84800807030911
44.802841,592,47.517437,synthetic_track_0,0.3035567239138207,49.80284058947871
39.096333,524,48.223086,synthetic_track_0,0.268774596779679,44.09633305213811
24.774645,376,48.727839,synthetic_track_0,0.1814814870155628,29.7746445911163
22.527652,371,49.272801,synthetic_track_0,0.16778568632874238,27.527651773574114
47.963495,612,51.459777,synthetic_track_0,0.32282144851390127,52.96349536229279
25.387005,394,51.993693,synthetic_track_0,0.18521392967780886,30.387005419499673
25.108822,408,52.539865,synthetic_track_0,0.1835183535909033,30.108821808625468
7.929494,212,52.815359,synthetic_track_0,0.07880745204736515,12.929494431795783
49.366586,646,55.333868,synthetic_track_0,0.33137352062898,54.36658562748457
25.654137,405,55.9769,synthetic_track_0,0.1868421425964779,30.654137135077235
28.025275,411,56.572579,synthetic_track_0,0.20129462703955645,33.025274791197496
23.98668,386,57.100693,synthetic_track_0,0.17667870879784564,28.98667984146544
24.972317,409,57.692559,synthetic_track_0,0.1826863346331833,29.97231714819661
20.423275,334,59.533933,synthetic_track_0,0.15495915350688638,25.423274834705964
2.117867,159,59.744558,synthetic_track_0,0.04338460053272162,7.117866857012071
15.138521,276,60.129663,synthetic_track_0,0.1227476890190383,20.138521427308575
20.398447,338,60.678996,synthetic_track_0,0.1548078222714474,25.398446771938637
24.774264,383,61.279778,synthetic_track_0,0.18147916886172868,29.774264264683815
29.388945,395,61.932865,synthetic_track_0,0.20960642909163119,34.388945301518
10.735281,253,62.363002,synthetic_track_0,0.0959091959215545,15.735281149306106
28.242984,406,64.305324,synthetic_track_0,0.20262160145887803,33.242984004222706
16.846858,306,64.765319,synthetic_track_0,0.1331602918495268,21.846858479449104
49.850142,559,65.6409,synthetic_track_0,0.3343208763586433,54.85014166825467
48.040985,602,66.577659,synthetic_track_0,0.3232937626730378,53.040985284019264
47.239119,549,69.283232,synthetic_track_0,0.3184062500554624,52.23911863901859
33.717154,447,70.17194,synthetic_track_0,0.23598759434613426,38.71715437821008
13.254436,264,70.594522,synthetic_track_0,0.11126387097944164,18.2544361340868
17.609876,286,71.017729,synthetic_track_0,0.1378110123164465,22.609875971053025
36.850938,454,71.767573,synthetic_track_0,0.2550885336050651,41.85093781333477
30.975341,389,73.803285,synthetic_track_0,0.2192757771687986,35.97534073589509
47.045941,543,74.84708,synthetic_track_0,0.31722880174589907,52.04594133196549
6.762073,193,75.140773,synthetic_track_0,0.0716918207556188,11.762072915489796
14.339931,254,75.529832,synthetic_track_0,0.11788014344598334,19.33993066275117
2.593494,150,75.732223,synthetic_track_0,0.04628363061037587,7.593494380461388
31.165233,383,76.214705,synthetic_track_0,0.22043320502652428,36.165233400267425
16.93655,300,76.713886,synthetic_track_0,0.13370697882246993,21.936550329508602
37.381525,429,78.72259,synthetic_track_0,0.25832254909097135,42.38152450445421
17.466904,303,79.276837,synthetic_track_0,0.13693957107782412,22.46690351921391
70.059018,858,80.577795,synthetic_track_0,0.4574973918652471,75.05901824014846
18.061427,297,81.022752,synthetic_track_0,0.1405632945247562,23.06142739877439
30.340089,395,83.05055,synthetic_track_0,0.2154038078742633,35.340088559442414
43.511487,487,83.792928,synthetic_track_0,0.29568570674990796,48.51148717112161
21.754353,312,84.2306,synthetic_track_0,0.1630722982342364,26.754352757559992
41.284541,496,85.024705,synthetic_track_0,0.2821120942840035,46.2845410862287
22.156607,315,85.594521,synthetic_track_0,0.16552410309602347,27.15660656078247
23.845325,340,86.39565,synthetic_track_0,0.17581712824608317,28.84532517693624
21.867775,321,88.643384,synthetic_track_0,0.16376362607160144,26.867775018926654
22.760057,330,89.185166,synthetic_track_0,0.16920223471351206,27.76005688219558
28.929502,374,89.812991,synthetic_track_0,0.20680604637268193,33.92950229415126
49.048681,498,90.62811,synthetic_track_0,0.32943583984937913,54.04868126438716
29.724267,366,91.317684,synthetic_track_0,0.21165027292764318,34.72426723885579
36.287314,441,93.617979,synthetic_track_0,0.2516531493614526,41.2873136852235
36.709507,421,94.348795,synthetic_track_0,0.25422648814957205,41.70950687467108
44.132473,521,95.232835,synthetic_track_0,0.2994707221190813,49.13247330718619
29.773124,367,95.922288,synthetic_track_0,0.21194806481915854,34.77312427588913
29.319666,379,96.484632,synthetic_track_0,0.2091841590523047,34.31966583643766
46.931408,483,98.903128,synthetic_track_0,0.31653070358408236,51.93140830162933
3.015451,155,99.172144,synthetic_track_0,0.04885552975602595,8.015451375884068
31.309837,372,99.819611,synthetic_track_0,0.22131458729775733,36.30983682129089
40.832345,444,100.541512,synthetic_track_0,0.2793558849947782,45.83234536447786
31.834054,392,101.162811,synthetic_track_0,0.2245097819814289,36.83405440221465
30.394119,360,103.075364,synthetic_track_0,0.2157331301269607,35.394118605103046
40.871358,467,103.806729,synthetic_track_0,0.27959367452517087,45.87135815234599
26.896937,348,104.37815,synthetic_track_0,0.19441721952252408,31.896937306777666
32.922876,390,105.021583,synthetic_track_0,0.2311463354354699,37.92287631817719
0.516949,121,105.221213,synthetic_track_0,0.033626736299304044,5.516949075831123
44.725012,551,106.218918,synthetic_track_0,0.30308234279866686,49.72501155392958
30.853124,374,108.590187,synthetic_track_0,0.21853084346852755,35.853123662769534
28.34719,376,109.30987,synthetic_track_0,0.2032567526249537,33.34718967579027
29.186361,362,109.997979,synthetic_track_0,0.20837164085218537,34.18636055538554
24.7629,332,110.541899,synthetic_track_0,0.18140990360904904,29.762900305114353
26.88813,350,111.192302,synthetic_track_0,0.19436354020155752,31.888130443168844
5.687919,188,111.6133,synthetic_track_0,0.06514466842529691,10.687918537955321
43.313314,461,114.240025,synthetic_track_0,0.29447780885014974,48.31331417144493
29.602138,352,114.891409,synthetic_track_0,0.2109058744834932,34.60213798218486
32.083839,370,115.560945,synthetic_track_0,0.22603225891899242,37.083838611389865
48.983115,519,116.633644,synthetic_track_0,0.3290362032843728,53.98311514585708
26.617675,329,117.289097,synthetic_track_0,0.19271506625695564,31.6176746152748
39.91912,439,119.876562,synthetic_track_0,0.27378962199680745,44.91911997057833
6.021109,186,120.264462,synthetic_track_0,0.06717552248198358,11.02110931542061
3.501026,157,120.594525,synthetic_track_0,0.05181518863029965,8.501025924239437
46.355575,475,121.55547,synthetic_track_0,0.31302090037813407,51.355574673856
24.061622,321,122.125683,synthetic_track_0,0.17713549260418626,29.061621785750937
31.551757,393,122.727798,synthetic_track_0,0.22278913291977434,36.55175720970592
18.616318,283,123.198983,synthetic_track_0,0.143945445948668,23.616317918222673
47.98114,519,125.599153,synthetic_track_0,0.3229289945732306,52.98113983802618
49.270421,691,126.945418,synthetic_track_0,0.3307873819784734,54.27042116307034
23.938444,311,127.488768,synthetic_track_0,0.17638470228611008,28.938443850354957
26.073297,326,128.110925,synthetic_track_0,0.1893969925392931,31.073296963894556
43.44113,440,130.56201,synthetic_track_0,0.2952568667215765,48.441129804979255
28.280764,344,131.199605,synthetic_track_0,0.20285187859889703,33.280764276548425
30.047933,343,131.766011,synthetic_track_0,0.2136230718526084,35.04793323810748
26.256996,323,132.354591,synthetic_track_0,0.1905166715767149,31.256996392103993
28.138863,361,132.948891,synthetic_track_0,0.20198696405722155,33.13886262308739
23.671846,318,133.550051,synthetic_track_0,0.1747597430238678,28.67184594384696
8.791059,225,135.310991,synthetic_track_0,0.0840588323322573,13.791058793906451
-0.175341,107,135.465755,synthetic_track_0,0.029407109599065756,4.8246587085166555
47.486199,463,136.285529,synthetic_track_0,0.3199122477113644,52.486199185342805
49.34367,473,137.073799,synthetic_track_0,0.33123384457981786,54.34366976543117
28.889185,348,137.573837,synthetic_track_0,0.2065603032101485,33.889184598691216
4.951954,184,137.886138,synthetic_track_0,0.06065884174284212,9.951954240087383
14.984816,250,138.418983,synthetic_track_0,0.12181082593464461,19.98481558200675
38.760379,424,140.685924,synthetic_track_0,0.26672689746950584,43.76037856888741
45.17422,457,141.399549,synthetic_track_0,0.3058203414257726,50.17421955499719
39.843633,420,142.006941,synthetic_track_0,0.2733295139721208,44.84363264052691
-0.187207,109,142.191798,synthetic_track_0,0.029334788353525224,4.812793369424677
29.003832,352,142.849947,synthetic_track_0,0.2072591005495663,34.003832339155224
0.824772,115,143.051988,synthetic_track_0,0.035502970723545635,5.82477228176849
30.01628,343,145.251781,synthetic_track_0,0.21343013879777922,35.01627979933593
30.121984,340,145.788947,synthetic_track_0,0.2140744244159656,35.12198410897178
22.605806,316,146.329285,synthetic_track_0,0.1682620523867733,27.605806467512267
45.93715,485,147.069855,synthetic_track_0,0.31047053058676277,50.93714987823215
9.216741,198,147.405365,synthetic_track_0,0.08665343540862062,14.216740695262649
24.947338,363,147.948672,synthetic_track_0,0.18253408017913708,29.947337618156435
31.217073,373,149.893834,synthetic_track_0,0.2207491731507056,36.21707250933762
42.833099,444,150.591465,synthetic_track_0,0.29155081514465453,47.83309881320247
47.99488,449,151.24959,synthetic_track_0,0.3230127422461245,52.994879846644984
14.366553,249,151.652799,synthetic_track_0,0.11804241000512374,19.36655282243743
32.322757,378,152.259918,synthetic_track_0,0.227488508991848,37.32275735218321
9.75224,203,152.566724,synthetic_track_0,0.08991739409322139,14.752239998206653
42.693594,454,154.733729,synthetic_track_0,0.29070051154664933,47.693594294909744
30.033246,351,155.294662,synthetic_track_0,0.21353354961614238,35.03324582939373
18.501291,275,155.692338,synthetic_track_0,0.1432443392735089,23.501291298060963
36.962798,393,156.274632,synthetic_track_0,0.255770341699697,41.96279822417254
30.322292,333,156.857872,synthetic_track_0,0.21529533628987127,35.32229223802903
27.832988,345,157.477877,synthetic_track_0,0.2001226039738396,32.83298757332101
43.910745,453,159.698294,synthetic_track_0,0.2981192491141826,48.91074474932014
49.514091,477,160.45865,synthetic_track_0,0.33227259228823536,54.514091246688466
42.374653,431,161.113433,synthetic_track_0,0.2887565126935776,47.374653361111996
39.372639,416,161.764694,synthetic_track_0,0.27045872917655184,44.37263916129497
29.500569,360,162.335392,synthetic_track_0,0.21028679526194216,34.50056914396035
43.562971,450,164.421208,synthetic_track_0,0.2959995072732296,48.56297065413719
47.564275,460,165.121759,synthetic_track_0,0.3203881353015051,52.564275379751265
46.628102,457,165.881307,synthetic_track_0,0.3146819995412457,51.62810185018451
45.592708,482,166.636883,synthetic_track_0,0.30837110112331384,50.592708320328505
24.178574,329,168.705523,synthetic_track_0,0.17784833671917227,29.178574101502885
46.601358,486,169.467305,synthetic_track_0,0.3145189893598045,51.601357688579036
36.462805,408,170.105152,synthetic_track_0,0.2527227997510175,41.46280519518293
23.811252,398,170.755637,synthetic_track_0,0.17560944815142993,28.811252274467574
33.220776,377,171.359949,synthetic_track_0,0.23296208421326792,38.22077598505094
30.193024,370,173.483585,synthetic_track_0,0.21450742600374964,35.193024238715445
23.491988,309,173.98601,synthetic_track_0,0.17366347783921957,28.49198789448176
12.757753,236,174.364503,synthetic_track_0,0.10823650071729292,17.757752560001563
7.975429,187,174.713775,synthetic_track_0,0.07908743178903958,12.975429129809106
21.964178,353,175.242622,synthetic_track_0,0.16435122073110858,26.964178362530305
47.236283,455,176.051814,synthetic_track_0,0.31838896835693686,52.236283328155814
47.143942,521,178.479002,synthetic_track_0,0.3178261352162136,52.143942467362116
29.756469,358,179.085651,synthetic_track_0,0.21184655042044365,34.7564693807132
28.624584,363,179.707217,synthetic_track_0,0.20494751519422613,33.62458355995947
37.962906,404,180.385308,synthetic_track_0,0.26186616522074047,42.96290562804053
46.528102,436,181.148784,synthetic_track_0,0.31407248253782744,51.528101831188266
28.353032,336,181.752784,synthetic_track_0,0.20329236394206388,33.353032223852956
42.114556,414,184.055375,synthetic_track_0,0.2871711768989175,47.114556253578755
45.392708,448,184.774755,synthetic_track_0,0.3071520673013664,50.39270831266975
45.292708,424,185.416826,synthetic_track_0,0.30654255041689743,50.292708313188854
35.652639,377,186.013926,synthetic_track_0,0.24778470224640234,40.65263937290494
30.148628,345,186.567741,synthetic_track_0,0.21423682413664066,35.14862811572042
47.393244,436,188.662896,synthetic_track_0,0.3193456696088187,52.393243909772686
24.131176,317,189.188859,synthetic_track_0,0.17755943839087232,29.131176181254627
50.10447,484,189.933569,synthetic_track_0,0.3358710483921475,55.104469655707824
45.535795,461,190.654728,synthetic_track_0,0.3080242076965752,50.535795471188955
9.066705,199,190.969735,synthetic_track_0,0.08573894253911324,14.066705005019722
45.034108,423,193.12387,synthetic_track_0,0.3049663356317121,50.03410763826639
47.439886,452,194.003945,synthetic_track_0,0.3196299635901897,52.43988642077431
34.499228,391,194.6381,synthetic_track_0,0.2407544636883582,39.49922776107164
47.194941,456,195.357921,synthetic_track_0,0.3181369787977623,52.19494082160884
29.275591,351,195.923839,synthetic_track_0,0.2089155140477766,34.27559076485575
38.02837,401,198.029301,synthetic_track_0,0.262265178926485,43.02836955756249
32.776693,362,198.674495,synthetic_track_0,0.23025532348681554,37.77669301026024
35.322722,385,199.406209,synthetic_track_0,0.24577380261978363,40.32272240630082
47.208836,470,200.333789,synthetic_track_0,0.31822166924837425,52.20883550645356
27.165575,337,200.974532,synthetic_track_0,0.1960546105524461,32.16557482333289
31.732353,374,203.548853,synthetic_track_0,0.223889892992483,36.7323527100182
30.681642,340,204.199939,synthetic_track_0,0.21748563206428553,35.68164171937318
45.858665,438,204.960058,synthetic_track_0,0.3099921523458051,50.85866505678358
45.225012,429,205.725672,synthetic_track_0,0.3061299273086688,50.225011565715455
34.843916,364,206.396171,synthetic_track_0,0.2428553945852313,39.84391565069383
34.926049,365,207.106582,synthetic_track_0,0.24335601246978342,39.92604920510546
44.357315,437,209.549992,synthetic_track_0,0.30084116906832375,49.357314813147475
30.132205,350,210.177953,synthetic_track_0,0.2141367224954065,35.132205003700854
38.410484,403,211.018111,synthetic_track_0,0.26459423269708915,43.41048428118381
20.892718,281,211.478793,synthetic_track_0,0.15782048780248997,25.892717823679614
30.030794,340,212.043209,synthetic_track_0,0.21351860474511275,35.03079390864586
44.240806,427,214.160854,synthetic_track_0,0.3001310271606783,49.240805833321964
44.545374,430,214.828307,synthetic_track_0,0.3019874219893654,49.54537406864949
30.87946,343,215.452891,synthetic_track_0,0.21869136608352313,35.8794597033703
45.358094,430,216.205345,synthetic_track_0,0.3069410860096542,50.35809380140796
34.033525,502,216.991364,synthetic_track_0,0.23791592860441058,39.03352531023869
25.326517,329,218.938827,synthetic_track_0,0.18484524491315218,30.326517388382367
32.129907,342,219.465734,synthetic_track_0,0.22631305125717213,37.12990662753133
25.811576,301,219.967887,synthetic_track_0,0.18780176054524358,30.811576242710863
40.907666,410,220.649265,synthetic_track_0,0.27981497769333336,45.90766611569413
25.298807,311,221.167172,synthetic_track_0,0.18467634313789363,30.298806626189304
33.091768,356,221.775655,synthetic_track_0,0.23217575964165685,38.09176814497867
36.582542,379,223.835403,synthetic_track_0,0.2534526142233555,41.5825417418063
35.663129,385,224.412817,synthetic_track_0,0.24784863687732872,40.66312876741125
48.277402,427,225.102645,synthetic_track_0,0.3247347612489432,53.277401797678365
34.63505,359,225.73621,synthetic_track_0,0.24158232595888907,39.635050457263986
45.792708,440,226.451934,synthetic_track_0,0.30959013492689935,50.79270832497472
41.342369,413,228.694875,synthetic_track_0,0.28246456738111114,46.34236936043393
31.562801,354,229.34076,synthetic_track_0,0.2228564460527097,36.56280089599274
43.694986,420,229.977226,synthetic_track_0,0.29680416562331663,48.69498641389929
28.854491,330,230.464581,synthetic_track_0,0.20634883699678747,33.85449052906794
29.561504,343,230.975776,synthetic_track_0,0.21065820220993095,34.56150378835242
35.458524,369,231.581725,synthetic_track_0,0.24660153502266494,40.45852379583995
28.472473,338,233.41092,synthetic_track_0,0.2040203765879814,33.472473154972135
46.491157,425,234.064434,synthetic_track_0,0.3138472994784781,51.49115731596347
38.80777,386,234.600811,synthetic_track_0,0.2670157572450361,43.80777016400006
33.128587,359,235.116827,synthetic_track_0,0.23240017388273274,38.128586524523065
46.296887,654,236.255547,synthetic_track_0,0.31266318733146425,51.296886710662896
46.968722,439,238.487712,synthetic_track_0,0.31675813706275424,51.96872203046711
48.585959,448,239.3294,synthetic_track_0,0.3266154676094919,53.58595868899802
26.146025,321,239.844553,synthetic_track_0,0.18984028419851828,31.146025327656
48.04343,437,240.592517,synthetic_track_0,0.32330866121639645,53.043429604047304
31.798878,348,241.177798,synthetic_track_0,0.22429537384854994,36.79887766843922
48.991907,442,243.428584,synthetic_track_0,0.329089788138853,53.99190651088197
35.954571,373,244.036827,synthetic_track_0,0.2496250251570951,40.95457077924209
35.943715,371,244.603641,synthetic_track_0,0.2495588597920537,40.94371540076384
45.783166,420,245.261784,synthetic_track_0,0.30953197050016057,50.78316561534371
46.838912,435,246.036835,synthetic_track_0,0.3159669225697127,51.83891192854949
45.071684,442,248.169829,synthetic_track_0,0.3051953696662429,50.071683961281856
22.632167,296,248.717232,synthetic_track_0,0.1684227260631598,27.632167291903933
42.922701,417,249.353813,synthetic_track_0,0.2920969559219228,47.922701052016414
45.750028,635,250.483417,synthetic_track_0,0.30932999243973935,50.75002821349
39.479825,390,253.023098,synthetic_track_0,0.27111204751293316,44.47982541808901
44.163646,657,254.412951,synthetic_track_0,0.2996607264465179,49.16364624616323
46.00907,438,255.372027,synthetic_track_0,0.3109088937493047,51.009069651323955
48.531192,728,256.66988,synthetic_track_0,0.32628165613213184,53.53119212155205
42.259018,419,258.939962,synthetic_track_0,0.28805169611941706,47.25901807873325
48.593813,456,259.695982,synthetic_track_0,0.32666334153085946,53.59381309341878
43.614706,430,260.797979,synthetic_track_0,0.2963148404850457,48.61470559671452
49.866586,463,262.123122,synthetic_track_0,0.33442110506084344,54.8665856264507
24.994774,314,263.011968,synthetic_track_0,0.1828232109213188,29.994773669240196
41.860685,423,265.70365,synthetic_track_0,0.2856237874989027,46.86068479711692
26.719547,327,266.330841,synthetic_track_0,0.19333599748792257,31.71954730224468
31.903834,347,267.039726,synthetic_track_0,0.2249351033404298,36.90383448011414
46.060405,446,267.844566,synthetic_track_0,0.31122179192301525,51.06040509092525
26.366073,328,268.473808,synthetic_track_0,0.1911815139260035,31.36607332873662
29.627422,346,270.681074,synthetic_track_0,0.21105998600840367,34.627422191373704
46.509399,444,271.715894,synthetic_track_0,0.3139584849353654,51.50939888713946
45.273785,428,272.486897,synthetic_track_0,0.30642720832203446,50.27378478585052
46.895799,681,273.589865,synthetic_track_0,0.316313656632406,51.89579863172843
0.679295,114,273.809617,synthetic_track_0,0.034616264977139835,5.679295468181056
45.285081,456,276.201634,synthetic_track_0,0.3064960597718295,50.28508085511324
41.104495,435,277.06411,synthetic_track_0,0.28101468019655274,46.10449454285687
31.035287,347,277.66828,synthetic_track_0,0.21964115735047557,36.03528660271034
35.271395,381,278.310658,synthetic_track_0,0.24546095323040176,40.27139497046934
46.360405,425,279.212063,synthetic_track_0,0.3130503425451298,51.360405084233975
22.227069,305,279.747808,synthetic_track_0,0.16595358373183516,27.227069027783102
0.781094,118,281.518136,synthetic_track_0,0.03523674468587244,5.781094076443113
-0.292968,106,281.690388,synthetic_track_0,0.028690157989391486,4.7070324992645265
39.661168,440,282.493817,synthetic_track_0,0.27221736095150295,44.66116796347149
24.154284,310,283.063319,synthetic_track_0,0.17770028191712767,29.154283584693815
41.624618,410,283.788194,synthetic_track_0,0.2841849221156338,46.6246182643492
50.11069,469,284.600886,synthetic_track_0,0.3359089634878718,55.11069017174169
18.924485,264,286.652077,synthetic_track_0,0.14582377612736025,23.92448496277931
52.577451,770,287.952066,synthetic_track_0,0.35094428735399325,57.57745100662346
43.694854,437,288.68063,synthetic_track_0,0.2968033589724685,48.6948540712416
39.81294,422,289.382304,synthetic_track_0,0.2731424373712231,44.81294003713997
48.207446,473,291.819856,synthetic_track_0,0.3243083684128338,53.20744592856943
43.0411,418,292.642967,synthetic_track_0,0.29281861732418074,48.04109997038936
45.172933,430,293.403721,synthetic_track_0,0.3058125026138609,50.172933485313024
30.714364,348,294.046304,synthetic_track_0,0.217685079713682,35.71436397095361
47.963495,451,294.821945,synthetic_track_0,0.3228214485139013,52.9634953622928
0.801436,118,295.049107,synthetic_track_0,0.03536073121354677,5.80143584714545
1.679107,121,295.273082,synthetic_track_0,0.04071028519028858,6.679107013487729
33.998298,358,297.487105,synthetic_track_0,0.23770120994627647,38.99829763033503
42.782046,424,298.193302,synthetic_track_0,0.29123963904058275,47.78204590385975
28.436749,339,298.735598,synthetic_track_0,0.2038026344668607,33.43674943253907
37.642397,390,299.46113,synthetic_track_0,0.25991261063615767,42.64239693923796
29.091524,324,300.013691,synthetic_track_0,0.20779359392692606,34.0915236547208
22.962436,306,302.088715,synthetic_track_0,0.17043577210397837,27.962436408586818
48.316043,440,302.796253,synthetic_track_0,0.3249702834681103,53.31604260057421
45.582069,437,303.552169,synthetic_track_0,0.3083062531258461,50.582069074922266
22.427825,295,304.060205,synthetic_track_0,0.16717722559482384,27.42782505076067
30.509618,338,304.684513,synthetic_track_0,0.21643711545765792,35.50961751005236
46.52462,429,305.385458,synthetic_track_0,0.31405126143007583,51.524620203659616
0.390173,117,307.125389,synthetic_track_0,0.03285401617673679,5.390173241027264
46.728102,435,307.828826,synthetic_track_0,0.3152915163597748,51.72810183884702
24.690435,304,308.382857,synthetic_track_0,0.18096821358686668,29.690434712914342
45.683769,433,309.137179,synthetic_track_0,0.3089261339973427,50.68376943533456
49.278277,443,309.884517,synthetic_track_0,0.3308352646372712,54.27827700099203
43.589618,695,312.748803,synthetic_track_0,0.29616192756220583,48.589618035411064
45.87236,436,313.548445,synthetic_track_0,0.31007562700331553,50.872360273307365
33.086777,352,314.167055,synthetic_track_0,0.23214533622690084,38.086776746811815
44.557315,424,314.905475,synthetic_track_0,0.3020602028045183,49.55731480673724
27.973368,320,315.452956,synthetic_track_0,0.20097824621132968,32.97336797210092
44.70765,413,317.738456,synthetic_track_0,0.30297652314048895,49.707650319101646
25.482689,304,318.299497,synthetic_track_0,0.18579713731532752,30.482689009134646
14.239722,229,318.772415,synthetic_track_0,0.11726935426118448,19.239721924126915
27.025879,313,319.305727,synthetic_track_0,0.1952031433215532,32.025879394351506
46.895799,443,320.087682,synthetic_track_0,0.316313656632406,51.89579863172843
31.857317,345,320.722944,synthetic_track_0,0.22465157068887256,36.85731687620356
32.051834,345,322.819265,synthetic_track_0,0.22583718318963072,37.051833636085696
43.617826,427,323.525633,synthetic_track_0,0.2963338580544251,48.61782570212345
43.001801,422,324.243839,synthetic_track_0,0.2925790805049419,48.00180051468944
30.419558,333,324.790993,synthetic_track_0,0.21588818914109317,35.419558263507696
27.414669,320,325.398086,synthetic_track_0,0.1975728794569954,32.414668644251506
29.87543,345,325.986734,synthetic_track_0,0.2125716325682496,34.87542952152599
36.966992,363,328.114532,synthetic_track_0,0.2557959060129521,41.96699241694616
43.580727,398,328.792494,synthetic_track_0,0.296107736416089,48.58072719953492
43.482438,414,329.568447,synthetic_track_0,0.2955086478741677,48.482438119432835
27.729091,326,330.151083,synthetic_track_0,0.1994893359789086,32.72909086302801
30.100744,336,330.848702,synthetic_track_0,0.2139449646458179,35.10074437422867
18.574699,261,331.293315,synthetic_track_0,0.1436917740353318,23.574699397311576
32.834291,347,333.341834,synthetic_track_0,0.23060639526720747,37.83429137833094
30.177104,325,333.862732,synthetic_track_0,0.21441038965013376,35.177104031156844
21.506798,281,334.371711,synthetic_track_0,0.16156341061590127,26.506798071389653
31.059444,333,334.94095,synthetic_track_0,0.2197884029912989,36.05944436499895
26.223322,303,335.484447,synthetic_track_0,0.19031141900267787,31.223321759259267
46.628102,431,336.211677,synthetic_track_0,0.3146819995412457,51.62810185018451
45.974077,433,338.448863,synthetic_track_0,0.31069560547477604,50.97407664639559
43.59256,415,339.156812,synthetic_track_0,0.29617986038187677,48.59256017204989
31.079521,345,339.732759,synthetic_track_0,0.21991077274410298,36.079520880561844
46.473787,651,340.911302,synthetic_track_0,0.3137414234502801,51.473786832824075
21.229271,271,343.013777,synthetic_track_0,0.15987183398393964,26.229270628543784
30.442762,337,343.605722,synthetic_track_0,0.21602961688404484,35.44276151608711
1.281913,120,343.784446,synthetic_track_0,0.038289319308145296,6.281912787820771
39.424205,382,344.430924,synthetic_track_0,0.2707730296878952,44.42420467452692
25.655806,312,344.948077,synthetic_track_0,0.18685231337145647,30.65580579679686
21.727545,278,345.439857,synthetic_track_0,0.16290889783665527,26.727544575392034
36.827249,385,346.08885,synthetic_track_0,0.2549441453731669,41.82724885002172
45.292708,408,348.279826,synthetic_track_0,0.3065425504168974,50.29270831318885
27.188783,322,348.789198,synthetic_track_0,0.19619606785057278,32.18878292486327
35.488711,357,349.412095,synthetic_track_0,0.24678552982627946,40.488710786118276
37.543203,383,350.086725,synthetic_track_0,0.2593080048673834,42.543202678825885
46.408441,682,351.345081,synthetic_track_0,0.31334312842211387,51.40844081268131
53.702214,872,354.52308,synthetic_track_0,0.3577999074290489,58.702213948250666
46.187496,429,355.258162,synthetic_track_0,0.3119964333127035,51.187496137195765
26.277056,298,355.832895,synthetic_track_0,0.1906389371757683,31.27705581974811
42.748617,398,356.549015,synthetic_track_0,0.2910358835197706,47.74861688409897
25.916685,301,358.70804,synthetic_track_0,0.1884424176781756,30.916685247224247
30.691338,348,359.379507,synthetic_track_0,0.21754473286686848,35.69133805491074
18.010599,256,359.830892,synthetic_track_0,0.14025348511328775,23.010598714983274
40.964961,409,360.628779,synthetic_track_0,0.2801642016272193,45.96496131800461
45.206759,410,361.414995,synthetic_track_0,0.3060186752105133,50.20675906108223
13.807098,266,361.952278,synthetic_track_0,0.1146324400210081,18.8070982686255
43.095717,408,364.544702,synthetic_track_0,0.2931515163468957,48.095716836545066
16.94819,240,365.063097,synthetic_track_0,0.13377792686778173,21.948190375379575
45.525012,414,366.185413,synthetic_track_0,0.3079584780225149,50.52501157407406
45.192708,418,366.986833,synthetic_track_0,0.3059330337777145,50.192708353950664
22.75566,295,367.599292,synthetic_track_0,0.16917543785937394,27.755660473386932
45.155964,425,368.474492,synthetic_track_0,0.3057090677181697,50.15596350502374
32.581174,331,370.908947,synthetic_track_0,0.22906359955597633,37.58117358249391
21.363062,285,371.421447,synthetic_track_0,0.16068731628629537,26.36306221314164
24.611904,306,372.004554,synthetic_track_0,0.18048955454949625,29.61190382278113
26.591018,322,372.597115,synthetic_track_0,0.1925525927133928,31.59101849682109
16.252575,248,373.222166,synthetic_track_0,0.12953803446215023,21.25257512801594
26.278792,309,374.157193,synthetic_track_0,0.1906495198544353,31.278792060184053
21.794721,296,375.133133,synthetic_track_0,0.16331835125411925,26.794721289568738
44.043649,406,378.339003,synthetic_track_0,0.2989293221858017,49.043648871922045
24.407057,314,378.976936,synthetic_track_0,0.17924098011089604,29.407057252664117
31.888669,344,379.787832,synthetic_track_0,0.22484266746619025,36.88866904727462
40.194493,380,380.589782,synthetic_track_0,0.2754680661166161,45.19449283618123
37.361742,373,381.449739,synthetic_track_0,0.25820197253157445,42.36174218802569
25.951644,296,383.90544,synthetic_track_0,0.1886554960970443,30.95164382231741
28.624672,328,384.697942,synthetic_track_0,0.20494805705707425,33.62467246034256
37.091917,360,385.537971,synthetic_track_0,0.25655734476121855,42.09191738025988
47.228102,416,386.484525,synthetic_track_0,0.3183391008772064,52.22810185185183
30.420726,325,387.188989,synthetic_track_0,0.21589530588537484,35.42072586762598
28.774362,323,387.920213,synthetic_track_0,0.20586043810461163,33.774361675858884
29.426035,332,390.595351,synthetic_track_0,0.2098324973440698,34.426035045383266
46.718742,710,392.168285,synthetic_track_0,0.3152344650879242,51.718741758263825
43.100789,401,393.035769,synthetic_track_0,0.2931824338805926,48.10078930202129
20.464004,271,393.582864,synthetic_track_0,0.15520740664626437,25.464004327918538
20.468546,269,394.20551,synthetic_track_0,0.15523508857648874,25.468545946171623
35.623641,371,396.91534,synthetic_track_0,0.2476079531682524,40.62364114796054
31.283833,326,397.781932,synthetic_track_0,0.2211560881625918,36.283832761619784
34.988905,375,398.571661,synthetic_track_0,0.24373913086677879,39.98890528092038
27.390478,311,399.258022,synthetic_track_0,0.19742543443019922,32.39047816983024
31.758596,330,400.031013,synthetic_track_0,0.2240498515145718,36.758596203075456
34.967077,521,401.367851,synthetic_track_0,0.24360608181879562,39.96707667359502
30.853361,330,403.803412,synthetic_track_0,0.2185322924679433,35.853361391935884
46.900984,760,405.400036,synthetic_track_0,0.31634526323927453,51.90098414955572
28.523865,317,406.029482,synthetic_track_0,0.2043336201623254,33.523865262508394
29.66647,318,406.585239,synthetic_track_0,0.21129798972270475,34.66647011918836
51.143352,748,409.716875,synthetic_track_0,0.34220320876230265,56.143351514214714
48.089621,423,410.518853,synthetic_track_0,0.3235902025943558,53.08962051092318
24.393357,299,411.165022,synthetic_track_0,0.17915747459268652,29.39335697299938
41.32566,390,412.020205,synthetic_track_0,0.2823627188272282,46.32565964230316
22.596303,280,412.585385,synthetic_track_0,0.16820412669619272,27.596302925977014
32.839596,350,413.311033,synthetic_track_0,0.23063873068826693,37.839596468594316
43.583066,398,415.843014,synthetic_track_0,0.29612198937045303,48.58306560141569
42.637994,390,416.697015,synthetic_track_0,0.2903616194127146,47.63799417277847
46.077012,412,417.468553,synthetic_track_0,0.3113230168591252,51.077012495603256
33.078541,343,418.107759,synthetic_track_0,0.23209513511052118,38.07854053262346
32.941091,444,418.981012,synthetic_track_0,0.2312573551574245,37.941090698157
46.092708,417,421.572545,synthetic_track_0,0.31141868564074543,51.09270833333332
31.374048,327,422.328218,synthetic_track_0,0.2217059672547683,36.37404832468841
40.665293,392,423.123127,synthetic_track_0,0.27833767500839174,45.66529339150619
43.740317,405,423.838052,synthetic_track_0,0.29708046340174665,48.74031703295777
27.559445,313,424.448431,synthetic_track_0,0.19845531434422634,32.5594447620483
44.471449,400,426.877938,synthetic_track_0,0.30153683484286553,49.47144877541443
46.572268,419,427.733308,synthetic_track_0,0.31434168084233644,51.57226767957918
29.44332,337,428.44996,synthetic_track_0,0.20993785203919535,34.44331999634413
32.239099,350,429.129912,synthetic_track_0,0.22697859848203794,37.23909920912663
48.191902,701,430.576673,synthetic_track_0,0.3242136262568653,53.1919021170868
41.521508,403,433.14599,synthetic_track_0,0.28355644741442965,46.521507962738895
41.371872,396,434.044761,synthetic_track_0,0.2826443897080885,46.37187179599001
36.804222,366,434.820125,synthetic_track_0,0.25480379322481145,41.80422206418474
46.945668,424,435.644967,synthetic_track_0,0.31661761588110615,51.94566751229063
27.373864,311,436.24337,synthetic_track_0,0.19732416545868228,32.37386354051124
30.87709,329,438.54908,synthetic_track_0,0.21867692359397473,35.87709020552021
42.185056,399,439.305703,synthetic_track_0,0.28760088665042555,47.1850563103002
43.157332,399,440.103592,synthetic_track_0,0.2935270719028652,48.157332119663465
42.929837,399,440.816996,synthetic_track_0,0.29214044988089494,47.92983686069614
59.591201,876,444.058866,synthetic_track_0,0.3936942793021703,64.59120121036133
34.898667,362,444.699893,synthetic_track_0,0.2431891130843655,39.89866696372638
46.160405,420,445.398909,synthetic_track_0,0.31183130874154436,51.16040507958776
37.189443,370,446.047696,synthetic_track_0,0.25715177760274227,42.189442625841195
46.360405,416,446.783132,synthetic_track_0,0.3130503425451298,51.360405084233975
35.819619,370,447.400844,synthetic_track_0,0.24880247114165152,40.819618978540085
40.069085,396,449.722188,synthetic_track_0,0.2747036817363429,45.06908459962825
1.523693,127,449.922853,synthetic_track_0,0.03976301342668563,6.523693474860183
30.349296,334,450.481118,synthetic_track_0,0.2154599318228052,35.349296499317525
46.030466,417,451.192962,synthetic_track_0,0.31103930554570175,51.03046557964737
37.828371,373,451.810011,synthetic_track_0,0.2610461521121664,42.8283706996059
41.147052,380,452.480785,synthetic_track_0,0.28127407459158066,46.147051919082365
27.973196,316,454.717004,synthetic_track_0,0.20097720074761788,32.97319644876284
41.152073,393,455.405605,synthetic_track_0,0.2813046812932775,46.15207338810445
45.15647,430,456.120891,synthetic_track_0,0.30571215312927685,50.156469711032095
41.73474,404,456.799893,synthetic_track_0,0.28485613215140154,46.73473991140878
29.25091,329,457.356915,synthetic_track_0,0.20876507761927768,34.250909508019184
40.510313,394,459.517512,synthetic_track_0,0.2773930453867205,45.51031333421203
28.951976,334,460.096851,synthetic_track_0,0.20694302993064023,33.95197641435001
0.845516,116,460.279039,synthetic_track_0,0.035629408171422246,5.845516161132951
38.926979,386,460.899506,synthetic_track_0,0.26774235356100834,43.926978725848755
41.716343,602,461.921118,synthetic_track_0,0.2847440010015178,46.71634318571358
44.420074,408,462.629735,synthetic_track_0,0.3012236998854134,49.420074488039376
53.249226,789,465.442717,synthetic_track_0,0.3550388692719805,58.249225981372405
38.275826,396,466.124825,synthetic_track_0,0.26377346719395284,43.27582591161448
37.791226,373,466.78187,synthetic_track_0,0.2608197510948453,42.791226360882106
33.528801,370,467.420953,synthetic_track_0,0.2348395516818132,38.52880148961673
27.882887,316,469.422748,synthetic_track_0,0.20042674758970716,32.88288670196512
46.90068,412,470.109278,synthetic_track_0,0.3163434089657138,51.90067992934487
23.538885,282,470.578938,synthetic_track_0,0.17394932124634027,28.538884611032262
27.894334,332,471.156944,synthetic_track_0,0.20049652055094613,32.894333958416034
30.921268,341,471.741813,synthetic_track_0,0.21894619332448584,35.92126777237267
33.65261,357,472.338237,synthetic_track_0,0.23559418380562266,38.6526097284237
50.083963,468,474.599188,synthetic_track_0,0.3357460573011801,55.083963071968576
43.816802,397,475.246963,synthetic_track_0,0.29754665211786413,48.81680198777631
26.348117,310,475.817062,synthetic_track_0,0.19107206492702894,31.348116648422213
46.38311,436,476.56193,synthetic_track_0,0.3131887327428989,51.38310998389746
0.613989,117,476.761814,synthetic_track_0,0.03421820868086597,5.613988615434175
44.908835,400,477.494679,synthetic_track_0,0.30420278043352805,49.908835440944806
47.637498,423,479.865732,synthetic_track_0,0.32083443900486475,52.637497912615416
30.060687,323,480.445363,synthetic_track_0,0.21370080904974365,35.06068714184871
39.08155,382,481.137036,synthetic_track_0,0.26868449139339984,44.08154996932163
30.24195,329,481.797901,synthetic_track_0,0.21480563491861202,35.241949694418636
32.095929,340,482.508024,synthetic_track_0,0.22610595112911924,37.0959288769136
41.908018,379,484.692924,synthetic_track_0,0.2859122909944815,46.90801793938623
30.663858,347,485.286056,synthetic_track_0,0.21737723707124545,35.66385796387118
46.660405,430,485.958148,synthetic_track_0,0.31487889325897594,51.660405092592576
32.663847,361,486.569593,synthetic_track_0,0.2295675101141106,37.663847347299864
43.836704,416,487.298029,synthetic_track_0,0.2976679589343573,48.836704113370274
48.196167,424,488.060207,synthetic_track_0,0.32423961842668075,53.196166505874515
48.098695,431,490.255415,synthetic_track_0,0.3236455138965179,53.09869512448753
39.886742,383,490.907901,synthetic_track_0,0.2735922698331559,44.88674151353213
48.333082,527,491.861284,synthetic_track_0,0.3250741439467656,53.33308240386146
16.792979,246,492.284904,synthetic_track_0,0.13283188948040028,21.7929793539007
46.44203,415,493.11457,synthetic_track_0,0.31354785972958543,51.44202992425894
45.025012,430,495.346917,synthetic_track_0,0.3049108935050833,50.02501156106924
46.704447,436,496.061782,synthetic_track_0,0.3151473380076813,51.70444730933046
44.258054,403,496.800205,synthetic_track_0,0.3002361571560464,49.25805391906022
46.902031,425,497.541828,synthetic_track_0,0.3163516423387029,51.90203073244092
46.928102,426,499.911039,synthetic_track_0,0.3165105501633603,51.92810184349323
46.49744,427,500.631608,synthetic_track_0,0.3138855961230942,51.49744043057326
39.403791,399,501.323179,synthetic_track_0,0.2706486028183869,44.40379065942202
28.277565,323,501.935964,synthetic_track_0,0.2028323754906783,33.27756451151903
46.07881,419,502.694516,synthetic_track_0,0.3113339710840727,51.078809693543086
45.80758,730,505.629107,synthetic_track_0,0.3096807817270963,50.80758023452081
37.940375,379,506.305686,synthetic_track_0,0.2617288402403151,42.940375492582156
43.22793,399,506.995675,synthetic_track_0,0.29395737964200563,48.22793028484499
45.612049,441,507.879843,synthetic_track_0,0.3084889887036708,50.61204947112332
51.469676,457,508.775533,synthetic_track_0,0.3441922111092044,56.469675917567315
31.332593,344,510.989474,synthetic_track_0,0.22145328756675245,36.332592592592604
46.377968,415,511.676962,synthetic_track_0,0.3131573934902908,51.37796832937665
45.867559,427,512.418025,synthetic_track_0,0.3100463597093756,50.867558553365924
46.598957,431,513.187894,synthetic_track_0,0.31450435720676106,51.59895707370842
27.125677,317,513.801793,synthetic_track_0,0.195811425210341,32.125676775052476
46.360405,434,515.97891,synthetic_track_0,0.3130503425451298,51.360405084233975
59.552681,848,517.446777,synthetic_track_0,0.3934594893770977,64.55268055082975
35.953397,378,518.101502,synthetic_track_0,0.24961786979946932,40.95339684005009
33.553183,356,518.693311,synthetic_track_0,0.23498816276741577,38.55318327273347
49.403511,429,520.859962,synthetic_track_0,0.3315985866633541,54.40351094308134
46.360405,431,521.609786,synthetic_track_0,0.31305034254512987,51.36040508423398
46.560405,451,522.340202,synthetic_track_0,0.3142693763023129,51.560405081267206
45.192708,409,523.034457,synthetic_track_0,0.3059330337777145,50.192708353950664
46.260405,412,523.762332,synthetic_track_0,0.3124408256592098,51.260405084515014
48.44008,422,526.00542,synthetic_track_0,0.325726312032401,53.4400799454994
29.789483,330,526.553605,synthetic_track_0,0.21204777405640216,34.789483008397895
39.995405,393,527.242906,synthetic_track_0,0.2742545901096416,44.99540466789653
46.109297,415,527.969654,synthetic_track_0,0.31151979888626724,51.109297413566104
31.363507,350,528.575577,synthetic_track_0,0.22164171336066413,36.36350655047217
44.931421,414,530.761766,synthetic_track_0,0.30434044625287826,49.93142149592432
46.53883,429,531.490035,synthetic_track_0,0.31413787461599063,51.53883034084731
43.217756,537,532.504589,synthetic_track_0,0.2938953664492932,48.21775612987559
27.131773,343,533.109971,synthetic_track_0,0.19584857973863226,32.1317725090748
44.557315,403,533.802472,synthetic_track_0,0.30206020280451834,49.557314806737246
30.178659,332,535.81099,synthetic_track_0,0.2144198652054593,35.178658632106846
44.555778,406,536.473465,synthetic_track_0,0.30205083476693334,49.55577784561688
44.323689,425,537.249036,synthetic_track_0,0.3006362115085608,49.32368858163175
45.392708,418,538.015875,synthetic_track_0,0.3071520673013664,50.39270831266975
28.022557,316,538.586052,synthetic_track_0,0.20127806223598696,33.02255709724913
35.603448,365,539.227982,synthetic_track_0,0.24748487088001786,40.60344773072603
46.456994,736,542.189782,synthetic_track_0,0.31363906901365834,51.456994117363934
26.096541,310,542.795623,synthetic_track_0,0.18953867099121913,31.096541348882184
45.50519,639,543.959186,synthetic_track_0,0.30783766036899973,50.50518970269255
47.166102,418,546.163074,synthetic_track_0,0.3179612009607879,52.16610194272937
30.984437,329,546.702557,synthetic_track_0,0.2193312177528833,35.98443656001573
41.879776,387,547.352175,synthetic_track_0,0.2857401494882999,46.87977565280248
45.567228,864,548.961941,synthetic_track_0,0.3082157927912951,50.567227757743616
48.231192,427,549.694865,synthetic_track_0,0.3244531053925189,53.23119210896604
44.20918,420,551.944018,synthetic_track_0,0.29993826415590347,49.209180293704286
42.649575,395,552.598998,synthetic_track_0,0.2904322067162085,47.64957503377283
35.859658,359,553.35532,synthetic_track_0,0.24904651287590265,40.85965753025255
47.214315,432,554.173395,synthetic_track_0,0.3182550649488008,52.21431455077606
40.349299,395,554.933907,synthetic_track_0,0.27641163444211303,45.349298772594445
49.003516,429,557.129986,synthetic_track_0,0.32916055161741037,54.00351627592592
48.730963,419,557.876222,synthetic_track_0,0.3274992961494145,53.73096345553613
45.492708,414,558.875845,synthetic_track_0,0.30776158430478473,50.492708331665995
23.504666,292,559.398991,synthetic_track_0,0.17374075410160605,28.50466617525698
34.610156,359,560.063442,synthetic_track_0,0.24143059244153528,39.6101563943705
45.176887,410,562.444827,synthetic_track_0,0.30583660266111945,50.17688744421844
40.04033,389,563.077949,synthetic_track_0,0.2745284189909991,45.040330228929115
32.422913,349,563.685354,synthetic_track_0,0.22809897169862298,37.422912527398395
38.619447,376,564.331194,synthetic_track_0,0.26586789486981727,43.61944685442345
33.674719,352,564.93895,synthetic_track_0,0.2357289427254935,38.67471886479138
45.392708,423,567.298186,synthetic_track_0,0.30715206730136646,50.392708312669754
36.905409,382,567.953074,synthetic_track_0,0.2554205417260296,41.905408514262156
46.995799,410,568.653072,synthetic_track_0,0.3169231732715889,51.99579859096662
37.036265,384,569.363868,synthetic_track_0,0.2562181344978366,42.03626506442344
25.48159,312,569.853116,synthetic_track_0,0.18579043969866202,30.481590168921784
43.746607,397,570.529011,synthetic_track_0,0.2971188006844565,48.74660681483054
47.155941,425,572.747046,synthetic_track_0,0.3178992692021379,52.155941148187566
47.893426,738,574.053054,synthetic_track_0,0.3223943660023685,52.89342634202473
48.433745,426,574.800912,synthetic_track_0,0.3256876969857198,53.433744592457565
38.658857,367,575.436898,synthetic_track_0,0.26610810456440387,43.65885670498878
32.632957,338,577.543259,synthetic_track_0,0.22937922804460414,37.63295696947331
29.572431,325,578.085582,synthetic_track_0,0.21072480418083486,34.572430798293446
45.492708,410,578.77582,synthetic_track_0,0.30776158430478473,50.492708331665995
-1.279942,97,578.933945,synthetic_track_0,0.02267438156241712,3.7200579709071673
46.409289,402,579.595304,synthetic_track_0,0.3133482990704604,51.40928913180937
45.347653,405,580.272387,synthetic_track_0,0.30687744754845897,50.34765299779998
46.10165,414,582.458961,synthetic_track_0,0.31147318620386466,51.10164993351291
31.133774,328,583.043097,synthetic_track_0,0.22024145727205083,36.13377442704388
44.625012,404,583.750011,synthetic_track_0,0.302472826159484,49.6250115946914
39.478953,373,584.384756,synthetic_track_0,0.2711067284159961,44.47895274383748
46.895799,421,585.125308,synthetic_track_0,0.316313656632406,51.89579863172843
43.789618,402,587.323087,synthetic_track_0,0.2973809614500932,48.78961805388821
40.834841,397,588.058316,synthetic_track_0,0.279371095668568,45.8348408939863
49.58755,441,588.808647,synthetic_track_0,0.33272033683955454,54.587550171355495
60.915449,840,590.263299,synthetic_track_0,0.401765793674058,65.91544907545864
43.816754,394,592.351863,synthetic_track_0,0.2975463570124981,48.81675357150237
45.444398,393,593.017088,synthetic_track_0,0.30746712472208076,50.44439800775561
41.675471,391,593.666012,synthetic_track_0,0.28449487650792094,46.67547073432601
47.069202,424,594.446179,synthetic_track_0,0.3173705778917287,52.06920174504119
45.125012,411,595.160941,synthetic_track_0,0.3055204104227488,50.1250115659965
46.735174,409,597.497572,synthetic_track_0,0.31533462275091717,51.73517406145758
35.76102,354,598.201126,synthetic_track_0,0.24844529989426434,40.76101990530124
28.20695,312,598.815425,synthetic_track_0,0.20240196765720467,33.20694992442448
45.25139,403,599.621302,synthetic_track_0,0.30629071052788004,50.2513903621809
45.025012,417,600.368956,synthetic_track_0,0.3049108935050833,50.02501156106924
12.372569,208,600.751761,synthetic_track_0,0.10588874341971471,17.372569254138547
42.078355,396,603.070634,synthetic_track_0,0.2869505256730536,47.07835525072865
44.057315,399,603.843838,synthetic_track_0,0.29901261854125355,49.057314835432145
32.553701,338,604.431223,synthetic_track_0,0.2288961479161403,37.553700735845425
45.542645,402,605.120979,synthetic_track_0,0.3080659590662117,50.542645383059096
40.831665,384,605.760034,synthetic_track_0,0.27935173659572315,45.831664760028794
45.607131,788,608.596722,synthetic_track_0,0.30845900984416563,50.607131008630574
27.825908,308,609.111583,synthetic_track_0,0.20007945471256028,32.82590831724873
45.112449,405,609.951684,synthetic_track_0,0.3054438382443093,50.11244880030565
33.19577,341,610.575622,synthetic_track_0,0.23280967128285499,38.19577045468659
41.535767,385,611.237114,synthetic_track_0,0.283643357509104,46.53576681207314
44.918488,400,613.438213,synthetic_track_0,0.3042616162565601,49.91848830278109
48.3884,627,614.456881,synthetic_track_0,0.3254113135694002,53.38839992327326
45.06194,403,615.151694,synthetic_track_0,0.30513597787505453,50.061939884884076
45.760405,703,616.348971,synthetic_track_0,0.30939324139594504,50.76040511320992
28.857944,321,618.328705,synthetic_track_0,0.20636988383337082,33.85794356490835
48.353358,758,619.608585,synthetic_track_0,0.32519772985331186,53.35335844691356
48.504009,417,620.296932,synthetic_track_0,0.3261159698861775,53.50400891312648
44.471006,391,620.985387,synthetic_track_0,0.30153413333402784,49.47100555408743
44.008064,394,623.110978,synthetic_track_0,0.2987124285588389,49.00806435714263
41.484362,394,623.751934,synthetic_track_0,0.2833300355418732,46.48436184305783
25.079774,296,624.239424,synthetic_track_0,0.18334130038484087,30.07977368712879
45.125012,410,624.900808,synthetic_track_0,0.30552041042274874,50.125011565996495
25.35501,304,625.410804,synthetic_track_0,0.1850189107543588,30.35500976402122
40.592089,575,626.409968,synthetic_track_0,0.2778914843304475,45.592089402084845
33.048243,343,628.520908,synthetic_track_0,0.23191046809635305,38.04824325654875
45.206806,404,629.207307,synthetic_track_0,0.30601896250958793,50.20680619662195
46.161741,405,629.909579,synthetic_track_0,0.3118394507321268,51.161740890087465
33.381731,335,630.526229,synthetic_track_0,0.23394313469308448,38.38173140724217
48.388732,404,631.337446,synthetic_track_0,0.32541333847232035,53.3887321376813
35.123964,346,633.579152,synthetic_track_0,0.24456233573921898,40.12396386406104
46.854664,558,634.519896,synthetic_track_0,0.31606293480619946,51.85466411498351
45.492708,408,635.249022,synthetic_track_0,0.30776158430478473,50.492708331665995
42.527124,376,635.894674,synthetic_track_0,0.2896858447945279,47.52712364041127
39.108604,371,636.514657,synthetic_track_0,0.2688493893830133,44.108603852972635
27.585177,317,638.480957,synthetic_track_0,0.19861215678003052,32.58517701639375
44.989641,405,639.193151,synthetic_track_0,0.3046953015366238,49.989640602063204
44.857315,407,639.929182,synthetic_track_0,0.3038887534476214,49.85731480348943
29.408615,318,640.462787,synthetic_track_0,0.20972631812641204,34.40861481965825
33.377961,339,641.02195,synthetic_track_0,0.23392015150574477,38.37796068524808
30.393277,314,641.542021,synthetic_track_0,0.2157279990053374,35.393276770901664
45.857598,395,643.858234,synthetic_track_0,0.30998564652691096,50.85759768374992
-1.855993,85,644.026253,synthetic_track_0,0.01916325189660547,3.1440067183411036
39.248406,374,644.71201,synthetic_track_0,0.269701504354371,44.248405553080865
22.52966,274,645.25329,synthetic_track_0,0.16779792824771653,27.52966023621437
39.312868,378,645.941835,synthetic_track_0,0.2700944133490075,44.31286791706266
30.99125,328,646.523793,synthetic_track_0,0.21937274681619445,35.99124999934018
33.363461,336,648.759563,synthetic_track_0,0.23383177447236045,38.3634611635486
37.390902,377,649.422209,synthetic_track_0,0.25837970705118074,42.390902088795045
42.99451,395,650.088999,synthetic_track_0,0.2925346425386983,47.994509828057915
44.215588,397,650.759644,synthetic_track_0,0.29997731824800405,49.21558767845325
-0.785394,97,650.917275,synthetic_track_0,0.02568873689313106,4.214606258555085
44.510308,394,651.585323,synthetic_track_0,0.3017736858505998,49.51030758516031
33.003984,332,652.123117,synthetic_track_0,0.2316407022851108,38.003984300527065
14.401426,219,653.962771,synthetic_track_0,0.11825496606597088,19.40142569719445
52.612839,775,655.354558,synthetic_track_0,0.35115998193010406,57.61283879988846
24.368906,285,655.876704,synthetic_track_0,0.17900844191382284,29.368906021452748
33.008101,331,656.422855,synthetic_track_0,0.23166579304846815,38.00810080063829
36.358541,355,657.057249,synthetic_track_0,0.25208729042704114,41.35854076266748
35.505102,357,659.230214,synthetic_track_0,0.24688543469096033,40.50510161411795
41.344005,372,659.884495,synthetic_track_0,0.2824745348994212,46.344004674977676
43.604219,398,660.594033,synthetic_track_0,0.2962509215091711,48.604218770644316
41.928949,383,661.285676,synthetic_track_0,0.2860398665620111,46.92894854362674
24.328275,307,661.841896,synthetic_track_0,0.1787607891326915,29.328275025633573
31.585761,352,662.473637,synthetic_track_0,0.22299639060503498,36.5857608098466
44.557315,401,664.662752,synthetic_track_0,0.30206020280451834,49.557314806737246
36.721315,371,665.369126,synthetic_track_0,0.2542984605876264,41.72131498688498
44.089618,399,666.076075,synthetic_track_0,0.2992095120722078,49.089618047196936
49.013127,420,666.756079,synthetic_track_0,0.32921913281357806,54.013127362567865
24.890843,303,667.340999,synthetic_track_0,0.18218973799852467,29.89084333758783
39.388093,369,669.653128,synthetic_track_0,0.2705529229155242,44.38809299709239
46.440763,414,670.343045,synthetic_track_0,0.3135401397742219,51.44076335469866
41.925594,392,670.999661,synthetic_track_0,0.2860194170291556,46.92559350404205
41.116281,393,671.764513,synthetic_track_0,0.28108652272653095,46.11628134178498
60.173295,817,674.635666,synthetic_track_0,0.39724223880959975,65.17329492743741
30.109961,329,675.18683,synthetic_track_0,0.21400114384927496,35.10996137946625
31.365937,344,675.773316,synthetic_track_0,0.2216565288257181,36.36593724031105
42.656608,393,676.4819,synthetic_track_0,0.29047507365464975,47.656607970728466
29.788358,312,677.042855,synthetic_track_0,0.21204091936628747,34.78835839802962
46.611491,406,677.688363,synthetic_track_0,0.31458075583166856,51.61149136544957
45.25499,408,679.932168,synthetic_track_0,0.3063126515692219,50.25499010515555
41.43489,387,680.569451,synthetic_track_0,0.28302849767694466,46.43489022528207
45.485526,406,681.293162,synthetic_track_0,0.3077178074837622,50.485526115404106
18.962656,255,681.717945,synthetic_track_0,0.14605643736322205,23.96265638027117
29.65794,323,682.289093,synthetic_track_0,0.2112459948879225,34.65793961973261
43.857703,402,684.402722,synthetic_track_0,0.2977959518826481,48.85770319491957
45.960405,411,685.118005,synthetic_track_0,0.31061227491959686,50.960405071929
40.37862,382,685.8302,synthetic_track_0,0.2765903493370178,45.378619518012805
44.181953,415,686.589254,synthetic_track_0,0.2997723084563568,49.181952877546685
26.443733,304,687.088144,synthetic_track_0,0.19165486217821337,31.44373290828462
25.266714,305,687.678307,synthetic_track_0,0.18448073061439033,30.266713582096145
22.579421,277,689.663079,synthetic_track_0,0.1681012293445138,27.579421137503765
52.569629,715,690.884744,synthetic_track_0,0.35089661159579205,57.56962911371638
46.069211,393,691.562251,synthetic_track_0,0.3112754627945654,51.06921056828595
28.962677,321,692.104516,synthetic_track_0,0.20700825120252628,33.962676900785965
31.536089,335,692.694552,synthetic_track_0,0.2226936355828102,36.53608949993417
29.94871,312,694.83986,synthetic_track_0,0.2130182897577198,34.94871004886375
43.855715,399,695.537181,synthetic_track_0,0.2977838349038799,48.85571523051463
44.178321,403,696.197742,synthetic_track_0,0.29975017109136387,49.17832092485725
35.842709,358,696.868055,synthetic_track_0,0.24894320913839832,40.84270906834766
45.85036,406,697.542296,synthetic_track_0,0.30994152936452396,50.85035962959882
45.206867,412,699.861627,synthetic_track_0,0.30601933576389473,50.206867434352084
59.967193,838,701.379199,synthetic_track_0,0.395986012706078,64.967192991788
31.432249,333,701.987065,synthetic_track_0,0.22206071157326732,36.4322492253848
29.493774,317,702.551113,synthetic_track_0,0.210245379171831,34.49377423951201
42.554868,401,703.32211,synthetic_track_0,0.28985495331826494,47.55486832266179
31.688734,353,705.525368,synthetic_track_0,0.22362403263442102,36.68873449968535
41.849301,377,706.179147,synthetic_track_0,0.2855544025895377,46.84930120614957
43.244084,399,706.875782,synthetic_track_0,0.29405584012476915,48.24408414124524
48.131457,747,708.094819,synthetic_track_0,0.32384520364545616,53.1314570959751
50.701979,423,710.380086,synthetic_track_0,0.33951296968738837,55.70197915366183
36.468574,353,710.984898,synthetic_track_0,0.25275796194510514,41.46857405816295
39.036667,395,711.648991,synthetic_track_0,0.26841092258923527,44.036667077688065
45.225012,407,712.32193,synthetic_track_0,0.3061299273086688,50.225011565715455
46.247952,412,713.030838,synthetic_track_0,0.3123649221758126,51.24795202785042
47.666529,423,715.217387,synthetic_track_0,0.3210113910243402,52.666529432999134
43.689618,395,715.874628,synthetic_track_0,0.29677144444667486,48.689618034891964
27.554583,307,716.406317,synthetic_track_0,0.19842567823005275,32.55458253185011
35.111753,350,716.967776,synthetic_track_0,0.2444879067262432,40.111752715447125
45.437781,417,717.722762,synthetic_track_0,0.3074267952690435,50.43778138172677
45.493032,409,718.414825,synthetic_track_0,0.3077635595557957,50.49303239996517
43.881811,402,720.652124,synthetic_track_0,0.29794289305245863,48.88181100436537
38.63388,376,721.331122,synthetic_track_0,0.2659558690552864,43.63388028313627
28.41057,309,721.890936,synthetic_track_0,0.20364306866706888,33.41057037121536
46.032115,411,722.598222,synthetic_track_0,0.3110493594979988,51.03211507492814
41.863438,396,723.30339,synthetic_track_0,0.28564056804506,46.863437886735554
41.680407,382,725.471192,synthetic_track_0,0.28452496282659,46.68040682703804
44.357315,409,726.120203,synthetic_track_0,0.30084116906832375,49.357314813147475
39.567379,383,726.796183,synthetic_track_0,0.27164570010961037,44.56737879150735
46.353084,412,727.497232,synthetic_track_0,0.3130057194527352,51.353084024998374
50.395799,431,728.224607,synthetic_track_0,0.33764675004970596,55.3957990173034
22.78249,282,730.26816,synthetic_track_0,0.16933897063212736,27.782490373603224
38.324703,372,730.954772,synthetic_track_0,0.26407138277668507,43.32470324196855
30.147377,320,731.553058,synthetic_track_0,0.2142291998479847,35.147377241657594
43.56496,401,732.420772,synthetic_track_0,0.2960116319273466,48.56495987779333
45.225012,409,733.110207,synthetic_track_0,0.3061299273086688,50.225011565715455
12.202122,215,733.481095,synthetic_track_0,0.10484983798832127,17.202121896161657
33.426803,354,735.514623,synthetic_track_0,0.23421785139736387,38.42680262837703
29.410199,321,736.067027,synthetic_track_0,0.20973597293858592,34.41019883026891
47.795799,427,736.783024,synthetic_track_0,0.3217993084954369,52.79579861111109
43.984595,404,737.452877,synthetic_track_0,0.2985693812837289,48.98459539705105
50.439998,432,738.168314,synthetic_track_0,0.3379161508021948,55.43999808019319
48.026825,427,738.961573,synthetic_track_0,0.32320745076622626,53.02682457599578
57.275479,872,741.819143,synthetic_track_0,0.37957956152270145,62.27547902680023
44.925012,408,742.508141,synthetic_track_0,0.30430137668655416,49.925011572406724
45.960405,406,743.187017,synthetic_track_0,0.31061227491959686,50.960405071929
46.292898,418,745.337293,synthetic_track_0,0.3126388750789765,51.29289793644169
19.557931,257,745.782341,synthetic_track_0,0.14968473742289692,24.557931118886696
-2.209324,81,745.911867,synthetic_track_0,0.017009642013637263,2.790676084413715
45.525012,407,746.587631,synthetic_track_0,0.3079584780225149,50.52501157407406
42.327951,389,747.32784,synthetic_track_0,0.2884718543844548,47.327951076909784
45.533987,408,748.042099,synthetic_track_0,0.30801318434636377,50.53398693225671
46.056757,410,748.726914,synthetic_track_0,0.3111995559791561,51.05675696495691
30.54861,324,750.836955,synthetic_track_0,0.2166747797901632,35.54860975740882
44.725012,402,751.539112,synthetic_track_0,0.3030823427986669,49.72501155392959
38.913564,373,752.235973,synthetic_track_0,0.2676605878758014,43.913563890777574
41.052657,380,752.914564,synthetic_track_0,0.2806987231050748,46.05265724386014
47.172865,434,753.679895,synthetic_track_0,0.31800242032269954,52.17286457109094
49.456088,428,756.091901,synthetic_track_0,0.33191905256186066,54.45608797663181
50.602739,437,756.833125,synthetic_track_0,0.33890808172182896,55.60273859481392
42.734516,657,757.98597,synthetic_track_0,0.2909499335774364,47.73451556154695
45.992708,410,758.741489,synthetic_track_0,0.31080916868408237,50.99270832200795
46.215465,408,761.200045,synthetic_track_0,0.3121669057882547,51.21546459533204
42.430547,384,761.905432,synthetic_track_0,0.2890971926226315,47.43054679671095
41.67768,383,762.533218,synthetic_track_0,0.2845083398846118,46.67767959464868
16.186055,244,762.969405,synthetic_track_0,0.12913258548987017,21.186055400588113
46.739914,421,763.68104,synthetic_track_0,0.3153635164185827,51.73991448264225
45.804505,408,764.389139,synthetic_track_0,0.3096620405837068,50.80450548076587
46.26302,409,766.6057,synthetic_track_0,0.3124567669552518,51.26302048309797
41.05395,383,767.244451,synthetic_track_0,0.28070660230722305,46.053949940142736
45.892708,407,767.918261,synthetic_track_0,0.3101996517332299,50.89270831163588
45.514586,412,768.618363,synthetic_track_0,0.307894929594097,50.51458554163635
15.773657,231,768.982929,synthetic_track_0,0.1266189475294608,20.77365698941844
38.069976,362,771.011064,synthetic_track_0,0.26251878016803526,43.06997648375203
46.040939,408,771.642934,synthetic_track_0,0.31110314149215995,51.04093878354925
37.337646,355,772.23442,synthetic_track_0,0.2580551017044701,42.33764591931118
41.828156,386,772.85306,synthetic_track_0,0.28542551756298973,46.828155766349134
44.520692,395,773.519091,synthetic_track_0,0.30183698323316355,49.520692429919826
44.725012,400,774.18238,synthetic_track_0,0.3030823427986669,49.72501155392959
44.857345,403,776.311029,synthetic_track_0,0.3038889377555362,49.8573450418501
34.150899,337,776.923218,synthetic_track_0,0.2386313381583919,39.15089852310561
42.788415,393,777.612129,synthetic_track_0,0.2912784568389769,47.78841452123226
42.849252,383,778.312956,synthetic_track_0,0.2916492722983308,47.84925212341814
47.360056,697,780.915365,synthetic_track_0,0.31914338205373216,52.3600557308738
41.269213,382,781.569541,synthetic_track_0,0.2820186667905088,46.269212964007586
45.592708,399,782.200908,synthetic_track_0,0.30837110112331384,50.592708320328505
46.851794,753,783.418883,synthetic_track_0,0.3160454433029202,51.85179438263743
45.76444,404,785.53731,synthetic_track_0,0.30941783606115847,50.764440221295104
47.645526,551,786.415664,synthetic_track_0,0.32088337081213486,52.64552587841307
45.285987,394,787.099906,synthetic_track_0,0.3065015857966519,50.2859874788565
44.189618,398,787.917151,synthetic_track_0,0.29981902887853834,49.189618033858096
44.657315,408,788.602482,synthetic_track_0,0.3026697196904383,49.6573148064562
44.825012,400,790.729079,synthetic_track_0,0.3036918596831359,49.825011553410484
51.821427,755,791.971916,synthetic_track_0,0.34633619609651706,56.821427449118566
42.53622,383,792.633895,synthetic_track_0,0.2897412916284356,47.53622048990513
46.838268,423,793.372213,synthetic_track_0,0.3159630002070429,51.83826840861602
42.323317,385,795.500177,synthetic_track_0,0.28844360980549333,47.32331714804997
45.087463,397,796.202502,synthetic_track_0,0.3052915456811551,50.087463017918935
46.912575,414,796.878945,synthetic_track_0,0.3164159096317499,51.912574704946195
47.276217,408,797.583823,synthetic_track_0,0.3186323730124865,52.27621735795683
49.372582,409,798.265738,synthetic_track_0,0.3314100716162408,54.3725823419321
46.928102,416,800.726529,synthetic_track_0,0.3165105501633603,51.92810184349323
46.896868,407,801.412355,synthetic_track_0,0.31632017516250505,51.89686809021782
46.703974,720,802.688416,synthetic_track_0,0.3151444519460603,51.70397380946859
41.094364,380,803.280252,synthetic_track_0,0.28095293162905793,46.09436380345527
41.569974,386,804.223366,synthetic_track_0,0.28385185594063445,46.56997397446041
46.260405,411,806.427186,synthetic_track_0,0.31244082565920983,51.26040508451502
43.574033,393,807.05989,synthetic_track_0,0.29606693274283125,48.57403277086761
32.850671,333,807.626062,synthetic_track_0,0.23070623045383248,37.85067077464475
48.850583,406,808.281334,synthetic_track_0,0.32822840038473133,53.85058347757493
45.76374,397,808.970241,synthetic_track_0,0.30941357004336667,50.76374031980289
43.930843,395,811.161105,synthetic_track_0,0.2982417511439086,48.93084296681198
44.725012,395,811.867919,synthetic_track_0,0.30308234279866686,49.72501155392958
44.832733,405,812.555738,synthetic_track_0,0.3037389258217031,49.832733429460546
44.53619,401,813.340159,synthetic_track_0,0.3019314436747537,49.536190022112386
49.207993,785,816.10058,synthetic_track_0,0.3304068738176944,54.207993333997926
40.615505,368,816.744495,synthetic_track_0,0.27803420871746626,45.615505387747355
43.368673,385,817.376983,synthetic_track_0,0.2948152280803,48.36867264255483
41.59515,389,818.045492,synthetic_track_0,0.2840053054378537,46.5951495684977
48.831192,404,818.820359,synthetic_track_0,0.3281102067752349,53.83119211830424
1.820946,119,818.996946,synthetic_track_0,0.041574819073294716,6.8209462144266
33.671699,337,821.090102,synthetic_track_0,0.23571053466121186,38.67169875744815
19.508329,245,821.516945,synthetic_track_0,0.1493824019540218,24.508328642727385
44.757315,397,822.189962,synthetic_track_0,0.30327923649676886,49.75731479311736
45.792708,400,822.886246,synthetic_track_0,0.30959013492689935,50.79270832497472
45.136984,404,823.631363,synthetic_track_0,0.3055933845175018,50.136984014378754
42.087035,393,824.331934,synthetic_track_0,0.2870034283419085,47.087034693403375
44.855214,397,826.588912,synthetic_track_0,0.303875948752144,49.85521400928058
29.551313,316,827.168224,synthetic_track_0,0.21059609039867305,34.55131345359416
37.107666,347,827.763568,synthetic_track_0,0.25665333343702973,42.10766570122666
43.32093,382,828.396164,synthetic_track_0,0.2945242258547594,48.32092954774565
46.57982,408,829.045962,synthetic_track_0,0.3143877123558386,51.57981981052685
38.633498,372,829.685469,synthetic_track_0,0.265953541703825,43.63349844770093
49.859613,420,831.873884,synthetic_track_0,0.3343786056733738,54.859612991511135
45.031075,407,832.655349,synthetic_track_0,0.30494785169373434,50.031075082753524
45.007125,407,833.310919,synthetic_track_0,0.30480187039394674,50.00712475377175
43.598459,389,834.017033,synthetic_track_0,0.29621581317136253,48.59845874356042
45.410236,732,836.729281,synthetic_track_0,0.3072589026173092,50.41023618074206
43.696835,389,837.394717,synthetic_track_0,0.2968154309818243,48.69683465776853
44.189618,386,838.085629,synthetic_track_0,0.29981902887853834,49.189618033858096
43.652077,409,838.847855,synthetic_track_0,0.29654262486109334,48.65207689530679
47.150791,407,839.548919,synthetic_track_0,0.31786787572906217,52.15079059802026
29.623485,312,841.825568,synthetic_track_0,0.21103598542993587,34.6234845517521
47.095799,409,842.578216,synthetic_track_0,0.31753269015605784,52.095798590447515
43.924897,413,843.389934,synthetic_track_0,0.29820551116383176,48.92489727756003
41.38765,378,844.036958,synthetic_track_0,0.2827405602804566,46.38764995969956
45.935483,779,846.897216,synthetic_track_0,0.31046037267418425,50.93548332677399
28.804299,311,847.390346,synthetic_track_0,0.2060429137118543,33.804299420151956
44.341687,391,848.075368,synthetic_track_0,0.3007459175687352,49.3416874365282
51.206587,430,848.80808,synthetic_track_0,0.3425886373106692,56.20658660354314
44.381966,394,849.44014,synthetic_track_0,0.3009914252256542,49.38196649390959
47.619262,409,850.182692,synthetic_track_0,0.3207232897924056,52.61926228785844
15.093536,909,853.479971,synthetic_track_0,0.12247349465636291,20.09353590381632
16.336,239,853.875009,synthetic_track_0,0.13004652458477214,21.336000236153073
45.054571,400,854.645175,synthetic_track_0,0.3050910630427673,50.05457096152878
39.526271,366,855.277232,synthetic_track_0,0.2713951428078322,44.526271267358
53.492557,439,857.448195,synthetic_track_0,0.3565220113915229,58.49255674867929
45.2048,407,858.085428,synthetic_track_0,0.3060067354898035,50.204800178407766
47.420673,412,858.727024,synthetic_track_0,0.31951285476916713,52.42067303663374
47.574629,406,859.394906,synthetic_track_0,0.3204512407793702,52.57462873978861
42.750663,385,860.033087,synthetic_track_0,0.29104835569552107,47.75066312367059
37.10247,355,862.047301,synthetic_track_0,0.256621662506884,42.10246963024186
1.345419,114,862.227331,synthetic_track_0,0.0386763990907803,6.345418785847862
45.435261,399,862.867162,synthetic_track_0,0.30741143459590753,50.43526124267114
45.860405,399,863.482941,synthetic_track_0,0.31000275803512795,50.86040507244811
46.876484,410,864.221949,synthetic_track_0,0.31619593105064636,51.87648405913032
44.154841,396,864.864581,synthetic_track_0,0.29960705833520984,49.15484122165989
48.242319,662,867.459844,synthetic_track_0,0.3245209237177256,53.24231867930113
46.431894,404,868.083145,synthetic_track_0,0.313486080448008,51.43189414577095
59.280533,925,869.600024,synthetic_track_0,0.39180070421749214,64.2805330200128
44.932855,396,871.717509,synthetic_track_0,0.30434918163134667,49.93285466022963
47.221632,416,872.391338,synthetic_track_0,0.3182996669509295,52.22163214985061
33.202199,337,872.951156,synthetic_track_0,0.2328488520932635,38.20219862939405
40.97903,379,873.571545,synthetic_track_0,0.28024995383780205,45.979030199822766
42.147787,379,874.177938,synthetic_track_0,0.2873737264672825,47.147787419519304
44.141069,391,876.298362,synthetic_track_0,0.2995231119394046,49.141068609693185
51.009171,431,877.019348,synthetic_track_0,0.34138535474637677,56.009170815940394
47.700376,713,878.166745,synthetic_track_0,0.32121769208972656,52.70037608590937
37.794778,358,878.757342,synthetic_track_0,0.2608414013741062,42.794778400161114
27.065495,306,879.259248,synthetic_track_0,0.19544460897745675,32.065495303410444
46.160405,413,881.451288,synthetic_track_0,0.31183130874154436,51.16040507958776
45.101269,397,882.169055,synthetic_track_0,0.3053756956023523,50.10126902114946
44.05575,395,882.823104,synthetic_track_0,0.2990030815519439,49.05575015535467
45.425012,404,883.464766,synthetic_track_0,0.3073489610658518,50.42501156274868
50.90585,425,884.236509,synthetic_track_0,0.34075559476760325,55.90584964608419
35.420575,348,886.277081,synthetic_track_0,0.24637023182538778,40.42057518408362
35.88763,351,886.965413,synthetic_track_0,0.2492170088530091,40.88762984415652
45.825869,409,887.6747,synthetic_track_0,0.309792257387021,50.82586941767333
45.709848,404,888.332378,synthetic_track_0,0.3090850861468173,50.70984781850978
47.194479,600,889.487368,synthetic_track_0,0.31813416564907215,52.194479284160536
36.374516,347,891.606919,synthetic_track_0,0.25218465943710083,41.37451554729368
43.717775,391,892.287383,synthetic_track_0,0.29694306430269446,48.71777473727409
28.598467,305,892.842738,synthetic_track_0,0.20478833290786003,33.598467419521704
45.892708,401,893.590975,synthetic_track_0,0.3101996517332299,50.89270831163588
45.315674,398,894.402574,synthetic_track_0,0.3066825320794054,50.3156743155012
46.113482,403,896.565474,synthetic_track_0,0.31154530715178963,51.11348241090415
1.198744,117,896.748159,synthetic_track_0,0.037782390500276875,6.198743835794352
48.291763,786,898.072675,synthetic_track_0,0.32482229533150475,53.29176302118794
40.511919,372,898.824804,synthetic_track_0,0.2774028301817536,45.51191867037771
46.121641,525,899.738042,synthetic_track_0,0.31159503297009367,51.12164064561642
45.189781,402,902.007972,synthetic_track_0,0.3059151881642578,50.189780524743824
47.295799,407,902.680036,synthetic_track_0,0.31875172397800533,52.29579859810627
35.643611,353,903.406441,synthetic_track_0,0.24772966975167704,40.64361050170516
50.318022,427,904.071116,synthetic_track_0,0.3371726846721813,55.31802178304733
46.328102,409,904.792217,synthetic_track_0,0.3128534490141755,51.328101872469176
46.792465,401,907.019387,synthetic_track_0,0.3156838184929664,51.792464638492326
48.71856,425,907.820985,synthetic_track_0,0.3274236950676259,53.718560012198864
37.508307,361,908.42337,synthetic_track_0,0.25909531246565864,42.508307435389604
44.824473,399,909.074479,synthetic_track_0,0.3036885794743465,49.82447338804445
46.061616,402,909.853745,synthetic_track_0,0.3112291740908802,51.06161624159469
46.360405,414,912.096685,synthetic_track_0,0.3130503425451298,51.360405084233975
16.148891,229,912.522125,synthetic_track_0,0.12890605979827338,21.148890607258682
42.446004,387,913.153091,synthetic_track_0,0.2891914075492048,47.446004108638625
45.537161,408,913.839612,synthetic_track_0,0.30803252786346547,50.537160514071125
53.875517,801,915.189387,synthetic_track_0,0.35885622143512297,58.87551743294592
46.328102,398,917.311091,synthetic_track_0,0.3128534490141755,51.328101872469176
43.068676,386,917.958889,synthetic_track_0,0.2929867004625437,48.068676423441495
44.704613,400,918.597199,synthetic_track_0,0.3029580108739566,49.70461311588251
43.719373,398,919.317194,synthetic_track_0,0.2969528046859157,48.71937278704413
43.613037,388,919.971259,synthetic_track_0,0.2963046730012247,48.61303747495657
26.692919,301,922.033273,synthetic_track_0,0.19317369366330858,31.692919028622224
41.147242,373,922.6651,synthetic_track_0,0.2812752346555563,46.14724224423975
46.040178,394,923.35811,synthetic_track_0,0.3110985029013617,51.04017775610401
51.262931,435,924.130252,synthetic_track_0,0.3429320641813603,56.262930714372416
40.414503,375,924.721866,synthetic_track_0,0.2768090664475647,45.41450320146516
45.525012,406,926.966414,synthetic_track_0,0.3079584780225149,50.52501157407406
44.389618,397,927.625806,synthetic_track_0,0.3010380627860539,49.38961805555554
27.568283,305,928.199021,synthetic_track_0,0.19850918383328062,32.56828282546333
36.033812,354,928.826954,synthetic_track_0,0.2501080147049951,41.03381215182746
46.785776,409,929.518302,synthetic_track_0,0.3156430518573622,51.78577628638406
46.3043,728,932.41838,synthetic_track_0,0.3127083746188324,51.304300334187516
46.543457,820,933.827436,synthetic_track_0,0.3141660777424619,51.543457468830724
45.810997,396,934.48565,synthetic_track_0,0.309701607517137,50.81099700450098
48.404229,809,937.662491,synthetic_track_0,0.32550779264585583,53.40422870150947
42.083834,391,938.344749,synthetic_track_0,0.2869839166291182,47.083833516670424
52.387847,437,939.112154,synthetic_track_0,0.34978861704333086,57.38784669309077
44.057315,390,939.832755,synthetic_track_0,0.29901261854125355,49.057314835432145
49.217608,414,940.505538,synthetic_track_0,0.33046547975437396,54.217608479676194
52.358787,435,942.755759,synthetic_track_0,0.34961149026851585,57.358786501583545
40.415741,367,943.39819,synthetic_track_0,0.27681660945844044,45.41574074074074
47.289988,419,944.130915,synthetic_track_0,0.318716305318204,52.28998765824227
34.2969,344,944.755665,synthetic_track_0,0.23952124286253354,39.29690017165672
49.966586,418,945.429403,synthetic_track_0,0.3350306220116959,54.966585636822764
4.667349,153,945.66904,synthetic_track_0,0.05892412438759202,9.667348941949268
43.936225,396,947.851283,synthetic_track_0,0.29827455475340064,48.93622487011238
44.079473,389,948.484957,synthetic_track_0,0.2991476736017923,49.07947255792991
45.692708,409,949.188799,synthetic_track_0,0.3089806180409793,50.69270832525576
45.990634,411,949.819237,synthetic_track_0,0.3107965283547213,50.99063449442129
48.027543,409,950.46704,synthetic_track_0,0.32321183091693634,53.02754320263254
45.040517,404,952.548578,synthetic_track_0,0.30500540410022164,50.04051738167174
47.386973,417,953.249288,synthetic_track_0,0.3193074449666845,52.38697260820422
46.259499,410,954.007157,synthetic_track_0,0.3124353054165823,51.259499409423896
45.426463,410,954.701353,synthetic_track_0,0.30735780483573616,50.42646251022262
45.581579,406,955.412754,synthetic_track_0,0.3083032681581116,50.58157934809188
28.937245,312,957.441475,synthetic_track_0,0.2068532390090135,33.93724492397647
32.808571,340,958.112386,synthetic_track_0,0.230449626720571,37.80857124656474
46.409468,418,958.850128,synthetic_track_0,0.3133493919411128,51.409468432936954
46.116006,414,959.577382,synthetic_track_0,0.31156068619399063,51.11600556366874
45.425012,403,960.271651,synthetic_track_0,0.3073489610658518,50.42501156274868
49.281983,742,963.157225,synthetic_track_0,0.3308578526553562,54.281982889794016
43.791042,392,963.81547,synthetic_track_0,0.29738964294861503,48.7910423784144
46.191748,408,964.488637,synthetic_track_0,0.3120223498337891,51.19174811472279
18.891012,255,964.918324,synthetic_track_0,0.14561975031523933,23.891011597847086
46.146557,409,965.64846,synthetic_track_0,0.31174690466824706,51.14655737905479
43.121425,390,967.850883,synthetic_track_0,0.2933082106930615,48.12142479465831
53.358898,790,969.18752,synthetic_track_0,0.355707336487866,58.358897629434765
39.247127,378,969.839029,synthetic_track_0,0.2696937136989664,44.24712738416336
50.348595,431,970.55133,synthetic_track_0,0.3373590353354113,55.34859528593314
43.854542,701,973.338218,synthetic_track_0,0.2977766868052667,48.85454248226792
45.456841,402,974.031468,synthetic_track_0,0.30754296976032425,50.456841475653285
36.817205,356,974.622203,synthetic_track_0,0.2548829285778392,41.81720535548206
46.328102,403,975.284586,synthetic_track_0,0.3128534490141755,51.328101872469176
45.614471,401,975.993441,synthetic_track_0,0.30850375107222744,50.614471449719176
45.492708,409,978.1873,synthetic_track_0,0.30776158430478473,50.492708331665995
43.87366,394,978.985887,synthetic_track_0,0.2978932099787324,48.87365978251504
46.613248,398,979.631317,synthetic_track_0,0.31459146219471057,51.61324789808373
44.863938,398,980.271288,synthetic_track_0,0.30392912251496496,49.8639379288142
45.293834,397,980.919452,synthetic_track_0,0.3065494121921879,50.29383408598198
46.428102,419,983.079415,synthetic_track_0,0.3134629656533584,51.428101831707366
46.190158,407,983.749035,synthetic_track_0,0.31201265762475117,51.190157968619445
45.688013,416,984.421798,synthetic_track_0,0.3089519971757044,50.68801266122156
42.37254,383,985.058483,synthetic_track_0,0.28874363120057084,47.37253996716539
46.906788,403,985.720029,synthetic_track_0,0.316380641069185,51.906788390689684
44.923189,399,987.8931,synthetic_track_0,0.30429027058252406,49.92318945652192
45.617241,409,988.620339,synthetic_track_0,0.3085206317040252,50.61724095982469
45.192708,402,989.260376,synthetic_track_0,0.3059330337777145,50.192708353950664
47.763495,745,990.55979,synthetic_track_0,0.32160241477770674,52.763495368703026
36.197497,348,992.628398,synthetic_track_0,0.25110569995213605,41.19749674652595
50.172122,420,993.364923,synthetic_track_0,0.3362833990106041,55.172121697320314
32.114636,331,993.93442,synthetic_track_0,0.22621997713956954,37.114636481700906
49.727651,417,994.638464,synthetic_track_0,0.33357427483912655,54.72765096542671
49.777586,417,995.359598,synthetic_track_0,0.3338786376691502,54.77758605930173
45.974394,410,997.582269,synthetic_track_0,0.31069753916017534,50.974393895259155
49.966586,421,998.301486,synthetic_track_0,0.33503062201169587,54.96658563682276
45.113477,410,999.147919,synthetic_track_0,0.3054501060491868,50.11347712372124
47.595799,426,999.962365,synthetic_track_0,0.3205802745879214,52.595798589413654
45.760405,405,1000.640103,synthetic_track_0,0.30939324139594504,50.76040511320992
42.768061,377,1002.959062,synthetic_track_0,0.2911543992003632,47.76806108375894
43.352992,387,1003.638185,synthetic_track_0,0.29471964994114835,48.35299167602364
45.949594,410,1004.381362,synthetic_track_0,0.31054638214687896,50.949594416136705
46.460405,417,1005.041849,synthetic_track_0,0.31365985935146035,51.460405070895135
46.417835,405,1005.828481,synthetic_track_0,0.3134003850207242,51.41783458006858
44.780334,403,1008.181235,synthetic_track_0,0.30341954192638826,49.78033391407466
46.763438,413,1008.893672,synthetic_track_0,0.3155068982674792,51.76343833436903
46.460405,409,1009.661665,synthetic_track_0,0.31365985935146035,51.460405070895135
45.860405,408,1010.422753,synthetic_track_0,0.3100027580351279,50.8604050724481
44.057315,393,1011.05624,synthetic_track_0,0.29901261854125355,49.057314835432145
43.738966,394,1013.144704,synthetic_track_0,0.2970722260680293,48.738965580047356
46.114685,404,1013.85755,synthetic_track_0,0.3115526344478514,51.11468455906615
45.403719,406,1014.549382,synthetic_track_0,0.3072191799047405,50.4037190992018
47.010123,418,1015.216129,synthetic_track_0,0.31701048018621497,52.01012254431353
47.195799,419,1015.935638,synthetic_track_0,0.3181422071594762,52.19579860944376
48.157608,413,1018.148132,synthetic_track_0,0.324004597410318,53.157607932497584
49.390905,758,1019.495439,synthetic_track_0,0.3315217532952819,54.390905325479736
45.792708,402,1020.183282,synthetic_track_0,0.30959013492689935,50.79270832497472
45.627865,405,1020.961261,synthetic_track_0,0.3085853856970297,50.627864782448526
34.305367,343,1021.600173,synthetic_track_0,0.23957285226018965,39.30536743461584
45.54756,401,1023.80918,synthetic_track_0,0.30809591554478055,50.54756017363778
21.191412,266,1024.240464,synthetic_track_0,0.15964108018719148,26.19141215383535
47.570239,410,1024.940539,synthetic_track_0,0.3204244864811638,52.57023931289179
49.600606,414,1025.617113,synthetic_track_0,0.3327999145866641,54.6006060437561
44.857315,402,1026.286913,synthetic_track_0,0.30388875344762134,49.85731480348942
45.606939,412,1028.530229,synthetic_track_0,0.30845784195987525,50.606939400438236
44.648636,405,1029.270734,synthetic_track_0,0.3026168214467163,49.648636089788084
38.049203,370,1029.924571,synthetic_track_0,0.2623921615219777,43.049202876223404
48.108815,419,1030.667311,synthetic_track_0,0.32370719418040506,53.10881466098252
44.90291,694,1033.665563,synthetic_track_0,0.30416666678666526,49.902910478471156
33.37161,335,1034.253625,synthetic_track_0,0.23388144325204888,38.371610040256726
47.562419,411,1034.929392,synthetic_track_0,0.32037682301712644,52.56241943701888
33.909267,341,1035.557524,synthetic_track_0,0.23715855346722828,38.90926704068959
45.292708,416,1036.219386,synthetic_track_0,0.30654255041689743,50.292708313188854
49.011522,794,1039.139992,synthetic_track_0,0.32920934699581544,54.011521858608724
44.457315,400,1039.839025,synthetic_track_0,0.3014506858868528,49.457314801809986
47.141753,766,1041.049964,synthetic_track_0,0.31781279137363233,52.14175321832702
45.83737,400,1041.718439,synthetic_track_0,0.30986235635910137,50.837370160885314
68.581123,914,1044.949923,synthetic_track_0,0.4484893731642256,73.58112338870257
18.552258,250,1045.358459,synthetic_track_0,0.1435549879016407,23.5522576673995
10.283987,1267,1049.039477,synthetic_track_0,0.09315848241332457,15.283987089364302
49.432369,789,1050.316169,synthetic_track_0,0.33177448188157876,54.432369080040885
46.596063,404,1050.980872,synthetic_track_0,0.3144867177121326,51.596063061255876
47.378098,410,1051.613343,synthetic_track_0,0.3192533542465192,52.37809824864785
44.180487,393,1053.701057,synthetic_track_0,0.2997633765577448,49.18048747128917
47.020871,412,1054.401113,synthetic_track_0,0.31707599270898496,52.020870814640276
41.327169,397,1055.117161,synthetic_track_0,0.28237191561371316,46.32716850722086
46.995799,409,1055.79449,synthetic_track_0,0.31692317327158886,51.995798590966615
41.3339,376,1056.411032,synthetic_track_0,0.28241294676877565,46.33390025754559
48.773933,418,1058.589071,synthetic_track_0,0.32776120424897287,53.77393324109456
49.237859,410,1059.328676,synthetic_track_0,0.33058891014044706,54.2378590073609
47.230947,403,1060.00781,synthetic_track_0,0.3183564396289981,52.23094652312239
47.128102,408,1060.7012,synthetic_track_0,0.31772958392054335,52.128101840526455
47.763495,409,1061.338456,synthetic_track_0,0.32160241477770674,52.763495368703026
18.546925,243,1061.767416,synthetic_track_0,0.14352248192567776,23.5469245951545
43.788283,386,1063.978333,synthetic_track_0,0.2973728219636126,48.788282654222385
40.527138,374,1064.600046,synthetic_track_0,0.27749559266273277,45.52713768774397
47.225407,409,1065.297438,synthetic_track_0,0.31832267563708316,52.225407055291384
44.518655,398,1065.955597,synthetic_track_0,0.30182456638611105,49.5186552678158
45.370715,403,1067.631118,synthetic_track_0,0.307018015479204,50.370715185837284
46.876682,406,1069.730397,synthetic_track_0,0.3161971353038397,51.87668163416356
46.385433,401,1070.326136,synthetic_track_0,0.313202889133325,51.38543254307725
47.065653,398,1070.997194,synthetic_track_0,0.3173489481786065,52.06565307993263
47.146896,407,1071.66346,synthetic_track_0,0.31784413631473596,52.146895806127226
0.901438,114,1071.852069,synthetic_track_0,0.03597025978587915,5.901437764188211
47.400645,748,1074.56338,synthetic_track_0,0.3193907832048115,52.40064544316875
45.060912,397,1075.193048,synthetic_track_0,0.3051297108003242,50.06091168125962
45.121053,399,1075.933692,synthetic_track_0,0.3054962818850313,50.12105293282209
29.336274,309,1076.470922,synthetic_track_0,0.2092853871259661,34.336273755876036
47.998927,420,1077.172207,synthetic_track_0,0.32303741214732534,52.99892729827453
46.172975,396,1079.298257,synthetic_track_0,0.311907921503098,51.17297450352139
51.186057,421,1080.027326,synthetic_track_0,0.3424635044222952,56.18605675590266
46.623589,773,1081.261196,synthetic_track_0,0.31465449274715557,51.62358896552975
44.468383,392,1081.879498,synthetic_track_0,0.3015181498353062,49.46838323154872
51.550715,734,1084.576285,synthetic_track_0,0.3446861602311872,56.55071536569499
45.860405,401,1085.330194,synthetic_track_0,0.31000275803512795,50.86040507244811
30.82195,318,1085.814571,synthetic_track_0,0.2183408356470284,35.82195015054134
46.137605,397,1086.445555,synthetic_track_0,0.31169233919228506,51.13760512899099
50.198136,417,1087.139562,synthetic_track_0,0.3364419587087405,55.19813569321666
26.310991,292,1089.147404,synthetic_track_0,0.1908457748678416,31.31099051397398
46.245201,409,1089.833063,synthetic_track_0,0.31234815455692577,51.24520105913618
53.396462,760,1091.148947,synthetic_track_0,0.3559362975364231,58.39646197805294
17.003707,236,1091.613053,synthetic_track_0,0.1341163074601483,22.00370657176925
45.36665,402,1092.358463,synthetic_track_0,0.3069932349962711,50.3666495916863
44.725012,402,1094.777131,synthetic_track_0,0.3030823427986669,49.72501155392959
47.73777,408,1095.525895,synthetic_track_0,0.3214456138707097,52.737769927754876
42.688427,380,1096.202667,synthetic_track_0,0.29066901509477716,47.688426849591785
46.289247,407,1096.957137,synthetic_track_0,0.31261662284382513,51.28924713765287
45.92424,404,1097.616233,synthetic_track_0,0.3103918430874,50.92424006376115
46.841579,408,1099.851482,synthetic_track_0,0.31598317953495053,51.84157911719802
28.531556,301,1100.335981,synthetic_track_0,0.20438049884422876,33.53155638360028
35.149338,337,1100.952537,synthetic_track_0,0.24471699497751437,40.14933793349757
44.173455,388,1101.605819,synthetic_track_0,0.2997205132847474,49.173455135702234
45.658776,398,1102.287467,synthetic_track_0,0.30877379498393276,50.658776032116236
46.459389,400,1104.534463,synthetic_track_0,0.3136536662029897,51.45938899593539
46.921471,408,1105.270704,synthetic_track_0,0.3164701346875682,51.9214711041959
35.417941,346,1105.89542,synthetic_track_0,0.24635417528783293,40.41794087847525
49.734282,416,1106.596349,synthetic_track_0,0.3336146947235586,54.734282428024734
52.547065,429,1107.332572,synthetic_track_0,0.3507590815999324,57.547065342531354
45.455165,735,1110.290996,synthetic_track_0,0.30753275176520944,50.45516506679208
30.442117,319,1110.810512,synthetic_track_0,0.2160256882978441,35.442116975093995
45.992708,401,1111.465683,synthetic_track_0,0.31080916868408237,50.99270832200795
49.727527,705,1112.64149,synthetic_track_0,0.33357351896457976,54.72752695335057
45.256578,395,1114.742262,synthetic_track_0,0.3063223325948773,50.256578416464365
47.611839,411,1115.425352,synthetic_track_0,0.32067804564811503,52.61183933613904
46.995799,405,1116.051266,synthetic_track_0,0.31692317327158886,51.995798590966615
45.791952,710,1117.266371,synthetic_track_0,0.30958552244377574,50.7919515808685
46.710756,405,1117.956125,synthetic_track_0,0.31518578832124217,51.71075563553783
53.323983,434,1120.193779,synthetic_track_0,0.3554945282558583,58.32398338237689
45.125012,397,1120.96356,synthetic_track_0,0.30552041042274874,50.125011565996495
46.303862,397,1121.75607,synthetic_track_0,0.31270570224780664,51.30386189333707
45.471977,397,1122.437878,synthetic_track_0,0.3076352220025273,50.471976781019684
47.460776,405,1123.201419,synthetic_track_0,0.3197572892409468,52.46077602257871
46.879681,395,1125.472044,synthetic_track_0,0.31621541914378215,51.879681360719694
47.475599,405,1126.197954,synthetic_track_0,0.3198476385077987,52.47559911750603
47.575424,694,1127.377189,synthetic_track_0,0.3204560871916314,52.57542386332981
43.820839,384,1128.062142,synthetic_track_0,0.29757125999702894,48.8208392638
46.464247,406,1130.14176,synthetic_track_0,0.313683274887817,51.464246725955356
43.003988,383,1130.805473,synthetic_track_0,0.29259241097849814,48.003987570343966
31.225746,333,1131.323119,synthetic_track_0,0.22080204040032383,36.22574614097784
43.09916,383,1131.920424,synthetic_track_0,0.2931725019907493,48.09915983283924
43.061405,387,1132.620084,synthetic_track_0,0.29294238239771825,48.06140540835977
46.295968,399,1134.796458,synthetic_track_0,0.3126575870277774,51.29596790040505
26.649783,296,1135.40371,synthetic_track_0,0.19291076979146582,31.64978259103084
37.232074,355,1136.0131,synthetic_track_0,0.2574116218511009,42.23207380696691
47.423978,400,1136.6414,synthetic_track_0,0.31953300155293973,52.423978405882956
46.643744,402,1137.344799,synthetic_track_0,0.314777341109101,51.643744003796606
46.809681,410,1138.011007,synthetic_track_0,0.3157887539268576,51.80968080362579
44.257315,389,1140.095715,synthetic_track_0,0.3002316520649054,49.25731479415123
47.350135,402,1140.728533,synthetic_track_0,0.31908291275982903,52.35013487467933
44.604149,395,1141.36322,synthetic_track_0,0.3023456640153348,49.6041488184945
45.392708,394,1142.018447,synthetic_track_0,0.3071520673013664,50.39270831266975
47.378957,410,1142.682412,synthetic_track_0,0.3192585875929767,52.378956854301556
47.341188,420,1144.950652,synthetic_track_0,0.3190283788013786,52.341187795515985
46.558267,411,1145.612931,synthetic_track_0,0.3142563465477421,51.558267362881516
44.943694,393,1146.219393,synthetic_track_0,0.3044152481344214,49.943693818982275
45.36452,388,1146.899431,synthetic_track_0,0.3069802541519367,50.3645198977274
52.259738,442,1147.603593,synthetic_track_0,0.34900777400008176,57.25973817647831
47.019503,444,1149.818161,synthetic_track_0,0.31706765855695257,52.01950347729467
43.070304,384,1150.44803,synthetic_track_0,0.29299662296906664,48.07030435315505
28.543867,305,1150.967423,synthetic_track_0,0.20445553598225857,33.543867303863905
28.882444,314,1151.526858,synthetic_track_0,0.20651921764656467,33.882443921867086
35.374167,341,1152.129527,synthetic_track_0,0.24608736399516484,40.37416665366185
47.643064,405,1152.772557,synthetic_track_0,0.3208683627685162,52.64306359329461
17.979803,249,1154.838319,synthetic_track_0,0.14006577920277738,22.97980286431549
30.446899,313,1155.352016,synthetic_track_0,0.21605483667517808,35.446899185058214
37.620372,359,1156.031371,synthetic_track_0,0.2597783631439897,42.62037170993065
33.30156,343,1156.581213,synthetic_track_0,0.23345447582679707,38.30155990154607
29.091379,307,1157.086551,synthetic_track_0,0.2077927110455914,34.0913788053569
46.076961,403,1157.736185,synthetic_track_0,0.31132270550767327,51.076961413925574
44.695026,391,1159.919364,synthetic_track_0,0.3028995745383157,49.69502579569064
46.577744,397,1160.616402,synthetic_track_0,0.3143750583956247,51.577743746603
42.493899,378,1161.23571,synthetic_track_0,0.28948333402104576,47.493898839328466
46.562182,405,1161.982562,synthetic_track_0,0.3142802093802225,51.562182403295424
45.019605,397,1162.704597,synthetic_track_0,0.30487793897266785,50.01960489669552
49.176192,413,1164.842111,synthetic_track_0,0.330213039447132,54.1761920214346
50.375166,419,1165.567188,synthetic_track_0,0.3375209911974689,55.37516647130039
7.38602,1053,1167.369081,synthetic_track_0,0.07549488328103789,12.386019946750546
47.801423,731,1170.044464,synthetic_track_0,0.3218335922093573,52.80142334680193
44.799548,391,1170.657267,synthetic_track_0,0.30353665713947203,49.79954834692468
43.650804,392,1171.316193,synthetic_track_0,0.2965348655680647,48.65080387183753
47.219517,780,1172.632994,synthetic_track_0,0.31828677637989905,52.219517266523845
59.529128,760,1175.34745,synthetic_track_0,0.3933159332129356,64.52912810017993
45.192708,399,1176.000371,synthetic_track_0,0.3059330337777145,50.192708353950664
38.504919,359,1176.661392,synthetic_track_0,0.26516982528882765,43.504918513182496
45.038541,395,1177.357915,synthetic_track_0,0.30499335792612214,50.03854103378969
25.470607,291,1179.420389,synthetic_track_0,0.18572349655418516,30.470607184555785
45.161885,403,1180.09508,synthetic_track_0,0.3057451591648388,50.16188482523675
45.922013,410,1180.859132,synthetic_track_0,0.31037826889295284,50.92201302219387
45.525012,404,1181.54158,synthetic_track_0,0.3079584780225149,50.52501157407406
46.458209,402,1182.164657,synthetic_track_0,0.31364647190728673,51.45820866839256
45.995089,402,1184.288471,synthetic_track_0,0.31082367992382837,50.99508909931542
45.760405,402,1184.970817,synthetic_track_0,0.30939324139594504,50.76040511320992
45.102544,401,1185.684821,synthetic_track_0,0.30538346738825456,50.10254409425408
40.78492,371,1186.275894,synthetic_track_0,0.27906682002089356,45.78492010362788
44.842843,397,1186.908314,synthetic_track_0,0.30380054449945787,49.84284285858466
48.572764,526,1189.453256,synthetic_track_0,0.32653504158655655,53.57276364476427
45.589631,407,1190.147983,synthetic_track_0,0.30835234506128717,50.58963111895686
45.384593,396,1190.843256,synthetic_track_0,0.3071026053504516,50.38459336919264
44.825012,393,1191.566446,synthetic_track_0,0.3036918596831359,49.825011553410484
45.34211,399,1192.22555,synthetic_track_0,0.3068436603063864,50.342109715446675
45.292708,395,1194.42347,synthetic_track_0,0.30654255041689743,50.292708313188854
46.538067,410,1195.159935,synthetic_track_0,0.314133219185925,51.538066550678394
44.357315,392,1195.787174,synthetic_track_0,0.3008411690683237,49.35731481314747
44.893592,394,1196.442047,synthetic_track_0,0.3041098702901798,49.89359219744599
46.149402,406,1197.163578,synthetic_track_0,0.31176424275842846,51.14940194177868
46.198401,443,1199.523431,synthetic_track_0,0.3120628972455978,51.19840050001866
46.583234,415,1200.223137,synthetic_track_0,0.31440852274569236,51.58323405388515
32.846732,328,1200.730419,synthetic_track_0,0.23068222558464965,37.84673243106972
51.90447,434,1201.443076,synthetic_track_0,0.34684235352685244,56.90446984558128
25.203749,291,1201.979808,synthetic_track_0,0.18409694937181517,30.203748756943305
46.17315,395,1202.614899,synthetic_track_0,0.3119089884323796,51.1731495485945
46.995799,405,1204.782393,synthetic_track_0,0.3169231732715889,51.99579859096662
42.842619,378,1205.397215,synthetic_track_0,0.2916088451020643,47.84261946120865
49.595296,713,1206.642458,synthetic_track_0,0.33276754680360676,54.59529564404216
47.353806,411,1207.304554,synthetic_track_0,0.3191052901997396,52.35380621510723
25.483273,308,1207.810045,synthetic_track_0,0.1858006996243735,30.48327345709963
22.381542,272,1209.728399,synthetic_track_0,0.1668951228059319,27.38154203635767
48.201469,702,1210.994086,synthetic_track_0,0.3242719389319466,53.20146914898771
45.978527,405,1211.660252,synthetic_track_0,0.31072272847375837,50.9785265639504
43.705339,385,1212.354633,synthetic_track_0,0.2968672687351307,48.70533938575198
47.74412,402,1214.636114,synthetic_track_0,0.32148432088575535,52.74412036952786
36.216285,343,1215.212406,synthetic_track_0,0.2512202156423404,41.21628469031026
44.906932,398,1215.905443,synthetic_track_0,0.3041911793415171,49.90693211517216
47.228102,403,1216.543438,synthetic_track_0,0.3183391008772064,52.22810185185183
48.244176,680,1217.657387,synthetic_track_0,0.32453224449773516,53.24417601586377
47.432171,401,1219.765204,synthetic_track_0,0.31958293441603935,52.432170609267764
41.310716,367,1220.473467,synthetic_track_0,0.28227163702682156,46.31071636472469
44.925012,394,1221.124662,synthetic_track_0,0.3043013766865542,49.92501157240673
46.463758,404,1221.809226,synthetic_track_0,0.3136802990323961,51.46375849413089
28.895812,307,1222.305534,synthetic_track_0,0.20660069552912347,33.89581153878008
47.347875,680,1224.949352,synthetic_track_0,0.31906913782936264,52.347874899484886
43.403517,378,1225.544627,synthetic_track_0,0.29502760892794466,48.40351677106937
47.137112,402,1226.165059,synthetic_track_0,0.317784505238597,52.13711247159641
47.148926,398,1226.818269,synthetic_track_0,0.31785650986352226,52.148925864528785
1.243865,117,1226.995997,synthetic_track_0,0.03805740874801508,6.243864529464745
0.926731,114,1227.215619,synthetic_track_0,0.03612442545641636,5.9267308567448245
45.331058,388,1229.263748,synthetic_track_0,0.3067762998864471,50.33105827104768
47.033097,405,1229.927568,synthetic_track_0,0.31715051377088804,52.03309706520283
0.629282,111,1230.090152,synthetic_track_0,0.034311425454339635,5.629282166009232
47.774597,408,1230.717448,synthetic_track_0,0.32167008231817795,52.77459720063651
52.755612,848,1232.137298,synthetic_track_0,0.3520302111036906,57.75561239504937
0.618871,111,1232.313286,synthetic_track_0,0.03424796844048838,5.6188711314441875
46.789749,672,1234.869426,synthetic_track_0,0.31566726565974085,51.78974890845081
47.16528,412,1235.561494,synthetic_track_0,0.3179561940317331,52.165280484102645
51.532297,429,1236.288167,synthetic_track_0,0.3445738972341722,56.53229700858417
45.377483,397,1236.928391,synthetic_track_0,0.30705926786093113,50.377483231573855
0.743642,112,1237.105565,synthetic_track_0,0.03500846680420408,5.743641811165468
27.436064,306,1239.068166,synthetic_track_0,0.19770329063216574,32.436064470653754
47.759938,404,1239.764716,synthetic_track_0,0.3215807301917451,52.75993770091701
0.720368,112,1239.944728,synthetic_track_0,0.034866611053404495,5.7203683377510615
48.431958,413,1240.663823,synthetic_track_0,0.32567680732349075,53.431957986959006
47.770514,408,1241.382361,synthetic_track_0,0.3216451952624746,52.770514121691804
28.972031,309,1241.913423,synthetic_track_0,0.20706526831942962,33.972031377759485
1.238631,117,1242.11335,synthetic_track_0,0.03802550743959505,6.238630661615092
45.492708,392,1244.396541,synthetic_track_0,0.30776158430478473,50.492708331665995
45.960405,400,1245.068912,synthetic_track_0,0.31061227491959686,50.960405071929
45.117259,383,1245.764466,synthetic_track_0,0.3054731599149301,50.11725944152261
42.620053,383,1246.411382,synthetic_track_0,0.2902522676980202,47.62005345334754
47.309952,403,1247.085439,synthetic_track_0,0.3188379910965409,52.30995195796978
47.290649,402,1249.192428,synthetic_track_0,0.3187203336462478,52.29064856331734
27.259945,839,1250.606938,synthetic_track_0,0.196629810114481,32.25994457316355
39.195751,359,1251.24615,synthetic_track_0,0.26938056796532567,44.19575132879978
46.560405,400,1251.901013,synthetic_track_0,0.31426937630231283,51.5604050812672
47.21085,401,1254.141274,synthetic_track_0,0.31823394516881753,52.210849547523196
1.235224,117,1254.333369,synthetic_track_0,0.038004743637472915,6.235224061643307
0.031609,105,1254.522361,synthetic_track_0,0.030668509215299795,5.031609433234479
0.721562,112,1254.76745,synthetic_track_0,0.034873887693651885,5.7215621750991374
0.831587,113,1255.003011,synthetic_track_0,0.035544505095546734,5.831586592059775
0.947279,114,1255.23697,synthetic_track_0,0.03624967091194373,5.947279172643625
46.328102,402,1255.927302,synthetic_track_0,0.3128534490141755,51.328101872469176
47.282256,398,1256.609493,synthetic_track_0,0.31866917807874673,52.28225575771359
0.631672,111,1256.778874,synthetic_track_0,0.034325991536505784,5.631671941003444
1.350364,118,1256.986425,synthetic_track_0,0.03870654111026854,6.35036401707932
47.696073,406,1259.309059,synthetic_track_0,0.3211914614842158,52.69607257832115
33.735599,331,1259.873205,synthetic_track_0,0.23610001783659543,38.735599066575936
0.725562,112,1260.0484,synthetic_track_0,0.03489826928656403,5.725562325612904
48.234306,407,1260.748378,synthetic_track_0,0.32447208580514675,53.234306118276194
1.749185,118,1260.952571,synthetic_track_0,0.04113742359355584,6.749185203597605
35.487853,340,1261.606097,synthetic_track_0,0.2467803039573202,40.48785340725556
46.728102,399,1262.309554,synthetic_track_0,0.31529151635977476,51.72810183884701
1.143911,116,1262.50825,synthetic_track_0,0.03744817629066581,6.143911194338108
46.260405,403,1264.650468,synthetic_track_0,0.3124408256592098,51.260405084515014
46.144476,397,1265.293163,synthetic_track_0,0.3117342191609575,51.14447613938007
48.449707,414,1265.971007,synthetic_track_0,0.32578498825366936,53.449706622373974
45.892708,403,1266.645499,synthetic_track_0,0.3101996517332299,50.892708311635886
27.453075,299,1267.149003,synthetic_track_0,0.19780697218435564,32.45307491848442
42.593982,371,1269.229451,synthetic_track_0,0.2900933549315305,47.593981531516654
47.954101,406,1269.881671,synthetic_track_0,0.3227641897052423,52.9541012323153
44.857315,395,1270.538515,synthetic_track_0,0.30388875344762134,49.85731480348942
37.373089,359,1271.140079,synthetic_track_0,0.25827113077415303,42.373088591051065
47.508719,406,1271.853569,synthetic_track_0,0.32004951121499814,52.50871923465051
45.036639,390,1274.013186,synthetic_track_0,0.30498176380323533,50.03663885140195
47.536444,408,1274.684716,synthetic_track_0,0.32021850106874583,52.5364444473848
41.068746,371,1275.317494,synthetic_track_0,0.2807967881227492,46.06874621853239
47.195799,673,1276.52034,synthetic_track_0,0.3181422071594762,52.19579860944376
46.65158,413,1277.187615,synthetic_track_0,0.3148251019342533,51.65157985315884
49.834282,720,1279.852457,synthetic_track_0,0.33422421136274144,54.83428238726292
48.005243,413,1280.547282,synthetic_track_0,0.32307590949653714,53.005243341356014
46.628102,423,1281.217466,synthetic_track_0,0.3146819995412457,51.62810185018451
28.663002,303,1281.709992,synthetic_track_0,0.20518168263478084,33.66300209196505
47.48869,402,1283.858645,synthetic_track_0,0.31992742839456484,52.4886897944643
46.328102,784,1285.178287,synthetic_track_0,0.3128534490141755,51.328101872469176
47.095799,402,1285.893895,synthetic_track_0,0.31753269015605784,52.095798590447515
45.79094,395,1286.539568,synthetic_track_0,0.30957935925338154,50.79094042096149
48.018379,401,1288.755488,synthetic_track_0,0.3231559737555258,53.01837903301824
48.026522,407,1289.43847,synthetic_track_0,0.3232056071728395,53.026522108020885
48.402757,408,1290.075504,synthetic_track_0,0.32549881975502815,53.402756569890194
48.263495,407,1290.73541,synthetic_track_0,0.3246499991570044,53.26349535904498
43.789618,385,1291.359391,synthetic_track_0,0.2973809614500932,48.78961805388821
43.224444,378,1293.463184,synthetic_track_0,0.29393613070018787,48.224444090738
46.928102,406,1294.169481,synthetic_track_0,0.3165105501633603,51.92810184349323
50.185739,3000,1301.277452,synthetic_track_0,0.30589055392750325,50.18573892437895
46.128768,489,1302.074496,synthetic_track_0,0.31163847369224684,51.128767720031355
45.534456,395,1304.368393,synthetic_track_0,0.30801604366786434,50.53445604501775
44.825012,394,1305.023896,synthetic_track_0,0.30369185968313595,49.82501155341049
46.009394,397,1305.765643,synthetic_track_0,0.31091087151201713,51.009394131703836
43.547814,379,1306.43809,synthetic_track_0,0.2959071272971859,48.54781439219956
35.931662,348,1307.015701,synthetic_track_0,0.24948539259726635,40.93166205223848
37.221092,367,1309.114762,synthetic_track_0,0.25734468494385426,42.22109184590811
47.675889,403,1309.81318,synthetic_track_0,0.3210684383553456,52.675888867030075
46.251143,405,1310.481439,synthetic_track_0,0.3123843725222691,51.251143136554894
48.170785,676,1311.60438,synthetic_track_0,0.32408491360847586,53.17078495839915
46.291521,404,1312.30237,synthetic_track_0,0.31263048132018656,51.29152081975137
46.260405,397,1314.417948,synthetic_track_0,0.3124408256592098,51.260405084515014
46.142778,397,1315.062549,synthetic_track_0,0.31172386738465047,51.14277778179276
47.411914,396,1315.733689,synthetic_track_0,0.3194594694507884,52.41191440837226
45.292708,402,1316.392591,synthetic_track_0,0.3065425504168974,50.29270831318885
46.626459,398,1317.120553,synthetic_track_0,0.3146719879121084,51.62645929862597
45.473032,402,1319.36944,synthetic_track_0,0.30764165221582185,50.47303174986879
46.230746,395,1320.109461,synthetic_track_0,0.3122600463864685,51.2307456482616
39.059616,369,1320.761437,synthetic_track_0,0.26855079959168854,44.0596159090152
47.355436,401,1321.522389,synthetic_track_0,0.3191152219992917,52.355435669475696
47.563495,400,1322.20569,synthetic_track_0,0.3203833808898194,52.56349535022588
41.590733,380,1324.326231,synthetic_track_0,0.2839783851027429,46.59073290086191
47.301152,402,1324.976523,synthetic_track_0,0.3187843545699535,52.301152115393535
39.368691,362,1325.556426,synthetic_track_0,0.2704346636667584,44.36869086875678
46.83324,401,1326.260491,synthetic_track_0,0.3159323527062628,51.833240245918326
45.030306,396,1326.917602,synthetic_track_0,0.3049431642948606,50.030306047642476
47.933299,404,1329.048337,synthetic_track_0,0.32263739437350236,52.93329863696272
52.355517,843,1330.439034,synthetic_track_0,0.3495915630822904,57.35551716046606
41.622045,384,1331.132997,synthetic_track_0,0.2841692378664244,46.62204503799114
48.263495,410,1331.904605,synthetic_track_0,0.3246499991570044,53.26349535904498
46.392498,517,1334.562353,synthetic_track_0,0.31324595124909865,51.392497501677646
50.21226,416,1335.373049,synthetic_track_0,0.3365280499004122,55.21226018975129
42.62504,497,1336.373605,synthetic_track_0,0.2902826632573703,47.625040281434956
47.152804,408,1337.118536,synthetic_track_0,0.317880149840348,52.15280434227163
43.689618,383,1337.814775,synthetic_track_0,0.29677144444667486,48.689618034891964
35.202066,340,1340.027454,synthetic_track_0,0.24503838416477913,40.202066445830155
46.907031,409,1340.717091,synthetic_track_0,0.3163821209213874,51.90703118169883
47.645994,401,1341.403795,synthetic_track_0,0.3208862228526627,52.64599379662596
49.216609,807,1342.91377,synthetic_track_0,0.33045938751160914,54.216608959746814
46.060405,395,1345.082463,synthetic_track_0,0.31122179192301525,51.06040509092525
46.328102,399,1345.751249,synthetic_track_0,0.3128534490141755,51.328101872469176
50.214743,421,1346.475924,synthetic_track_0,0.3365431852138323,55.21474335530867
48.312932,398,1347.182986,synthetic_track_0,0.3249513234273229,53.31293193355708
31.484111,321,1347.724869,synthetic_track_0,0.22237681864049866,36.48411113005801
46.520855,403,1348.423504,synthetic_track_0,0.31402831445677565,51.52085542309885
46.699425,403,1350.639037,synthetic_track_0,0.31511672396059676,51.69942463519203
26.414109,313,1351.176595,synthetic_track_0,0.1914743011527274,31.414109278628164
47.790174,411,1351.88739,synthetic_track_0,0.3217650272154561,52.790174274742995
47.774386,402,1352.541689,synthetic_track_0,0.3216687938244685,52.774385804736646
47.788377,404,1353.252831,synthetic_track_0,0.32175407111082893,52.788376768414714
46.078927,404,1355.432821,synthetic_track_0,0.31133468891280336,51.07892746365663
47.332849,710,1356.682457,synthetic_track_0,0.318977550188038,52.33284863143835
47.404707,410,1357.34562,synthetic_track_0,0.3194155394415395,52.404707059381565
36.356604,345,1357.922513,synthetic_track_0,0.25207548774498634,41.35660436315268
47.595799,401,1360.126246,synthetic_track_0,0.3205802745879214,52.595798589413654
42.475719,373,1360.833529,synthetic_track_0,0.28937252471597597,47.47571898126086
46.114696,390,1361.604891,synthetic_track_0,0.31155270495379095,51.114696126578224
38.543602,355,1362.263053,synthetic_track_0,0.2654056100936122,43.54360239702042
46.905795,392,1363.217571,synthetic_track_0,0.316374585669284,51.9057949153613
40.518695,371,1364.05749,synthetic_track_0,0.27744413277699437,45.51869495436242
47.101399,407,1366.621676,synthetic_track_0,0.31756682558686117,52.101398998163184
47.319321,585,1367.903846,synthetic_track_0,0.3188950968497151,52.319320976996636
46.255163,398,1368.646063,synthetic_track_0,0.31240887295418257,51.25516278431373
42.693536,376,1369.406338,synthetic_track_0,0.29070015680773864,47.69353609489628
48.52337,592,1372.347434,synthetic_track_0,0.3262339776693542,53.52336978492037
47.722024,402,1373.082883,synthetic_track_0,0.3213496421802819,52.7220243934842
19.644079,247,1373.49833,synthetic_track_0,0.15020982512555722,24.64407929842269
47.763495,408,1374.228965,synthetic_track_0,0.32160241477770674,52.763495368703026
46.026475,401,1374.964584,synthetic_track_0,0.31101498463837746,51.026475385475926
45.778865,401,1377.288333,synthetic_track_0,0.30950575765449,50.77886502151237
49.466371,406,1378.021628,synthetic_track_0,0.33198172772285456,54.466370737005725
45.859004,399,1378.747647,synthetic_track_0,0.3099942152561526,50.85900350685598
44.956084,381,1379.493894,synthetic_track_0,0.30449076836086564,49.956083996838956
50.205222,410,1380.191239,synthetic_track_0,0.33648514958642173,55.20522177705742
50.738151,415,1382.667773,synthetic_track_0,0.33973344461903854,55.738151232914035
29.872598,308,1383.2258,synthetic_track_0,0.21255437148705972,34.87259759323325
47.458469,400,1384.050569,synthetic_track_0,0.3197432280123014,52.45846907605586
46.160405,401,1384.794845,synthetic_track_0,0.31183130874154436,51.16040507958776
47.92222,402,1385.49171,synthetic_track_0,0.32256986765217943,52.92221990843312
45.246941,390,1386.191284,synthetic_track_0,0.30626359122755387,50.246941051443756
44.318488,384,1388.589633,synthetic_track_0,0.30060451263230037,49.31848792568544
45.992708,402,1389.383288,synthetic_track_0,0.31080916868408237,50.99270832200794
47.495799,403,1390.141636,synthetic_track_0,0.3199707577815908,52.49579860275249
47.290696,658,1391.448465,synthetic_track_0,0.31872061988247435,52.29069552448156
41.035629,371,1393.783324,synthetic_track_0,0.2805949335074277,46.03562906962034
52.067885,428,1394.537501,synthetic_track_0,0.3478383945904718,57.06788468835739
45.892708,409,1395.282417,synthetic_track_0,0.3101996517332299,50.892708311635886
45.594209,399,1396.039479,synthetic_track_0,0.30838024580422546,50.5942086365785
46.660405,403,1396.775658,synthetic_track_0,0.31487889325897594,51.660405092592576
29.222659,305,1397.314879,synthetic_track_0,0.20859288893797062,34.222659481678534
37.306267,350,1399.78963,synthetic_track_0,0.25786383975037336,42.306266648617054
47.862354,747,1401.201111,synthetic_track_0,0.3222049742774028,52.86235390928194
45.327398,394,1401.933583,synthetic_track_0,0.3067539887487431,50.32739780844907
46.360405,401,1402.638329,synthetic_track_0,0.3130503425451298,51.360405084233975
45.140246,724,1405.601596,synthetic_track_0,0.3056132680541172,50.14024619415078
47.80591,408,1406.287663,synthetic_track_0,0.32186093616370276,52.80590951525768
27.872879,301,1406.799518,synthetic_track_0,0.20036575038344395,32.87287923416549
47.724298,404,1407.593384,synthetic_track_0,0.32136349953599275,52.72429789172387
47.195799,404,1408.284588,synthetic_track_0,0.3181422071594762,52.19579860944376
46.444383,402,1410.517068,synthetic_track_0,0.3135622027720308,51.444383106383405
46.47817,404,1411.223447,synthetic_track_0,0.31376814045120155,51.478170140565595
47.892509,400,1411.908434,synthetic_track_0,0.3223887741305453,52.89250891513523
46.092708,405,1412.717299,synthetic_track_0,0.31141868564074543,51.09270833333332
40.848227,365,1413.33811,synthetic_track_0,0.2794526843112875,45.84822668269452
53.451498,830,1416.310431,synthetic_track_0,0.35627174904114584,58.45149761554371
48.747104,411,1417.112216,synthetic_track_0,0.3275976750236497,53.74710392288516
44.625012,387,1417.799605,synthetic_track_0,0.302472826159484,49.6250115946914
48.363495,419,1418.481525,synthetic_track_0,0.32525951611366744,53.36349537037035
45.374879,546,1421.168283,synthetic_track_0,0.30704339749337367,50.374879469827555
47.817899,402,1421.974474,synthetic_track_0,0.32193401261425436,52.81789875657885
46.005914,398,1422.680655,synthetic_track_0,0.3108896585012695,51.00591383260498
45.817043,392,1423.382568,synthetic_track_0,0.30973845631108343,50.81704257841273
47.220941,402,1424.178444,synthetic_track_0,0.31829545659557495,52.22094138058073
47.863495,710,1427.155332,synthetic_track_0,0.3222119315962358,52.86349535736553
47.082358,405,1427.843644,synthetic_track_0,0.3174507687992185,52.082358215209105
45.934983,397,1428.591434,synthetic_track_0,0.3104573238241285,50.93498311913125
50.529121,837,1431.704792,synthetic_track_0,0.3384593689594641,55.52912082121828
48.931192,405,1432.444727,synthetic_track_0,0.32871972373189795,53.931192129629615
29.296267,306,1432.981426,synthetic_track_0,0.20904154095716868,34.29626728948519
45.515774,390,1433.723798,synthetic_track_0,0.3079021738853925,50.51577407167423
46.131083,402,1434.397477,synthetic_track_0,0.3116525834917479,51.1310826353007
49.041583,614,1436.993401,synthetic_track_0,0.32939257423743734,54.04158291931755
39.503106,356,1437.630641,synthetic_track_0,0.2712539482348387,44.50310626965928
44.089618,756,1439.103565,synthetic_track_0,0.2992095120722078,49.089618047196936
27.852646,302,1439.643667,synthetic_track_0,0.2002424241705914,32.852645797593865
47.525744,402,1442.115545,synthetic_track_0,0.32015327770445995,52.5257436176606
46.461388,404,1442.974666,synthetic_track_0,0.31366585173595163,51.46138820764046
47.09958,402,1443.702178,synthetic_track_0,0.31755574000763465,52.09958024966721
46.260405,406,1444.443071,synthetic_track_0,0.31244082565920983,51.26040508451502
47.84752,407,1445.237686,synthetic_track_0,0.32211455695971414,52.84751964963743
40.586697,361,1447.452719,synthetic_track_0,0.27785861943034407,45.58669744317931
46.236656,398,1448.133627,synthetic_track_0,0.31229607206295584,51.23665617793162
36.99273,351,1448.731626,synthetic_track_0,0.2559527788992209,41.99272966712769
47.190873,398,1449.503713,synthetic_track_0,0.31811218764629284,52.19087347713119
44.562383,383,1450.253332,synthetic_track_0,0.3020910973247462,49.562383496523324
44.434621,386,1451.014582,synthetic_track_0,0.30131236543089446,49.43462134429225
51.378098,607,1453.861252,synthetic_track_0,0.3436340275002448,56.37809787924138
26.64704,295,1454.488569,synthetic_track_0,0.19289405286975414,31.64703993991635
49.136271,782,1455.853618,synthetic_track_0,0.329969716780922,54.13627144316238
46.967336,403,1456.56235,synthetic_track_0,0.3167496899607688,51.9673361620594
47.032729,398,1458.938721,synthetic_track_0,0.3171482705858534,52.032729038478685
47.495799,717,1460.320713,synthetic_track_0,0.3199707577815908,52.49579860275249
1.24318,113,1460.555265,synthetic_track_0,0.03805323396335564,6.243179596078296
47.295799,403,1461.358716,synthetic_track_0,0.31875172397800533,52.29579859810627
47.035215,394,1462.094627,synthetic_track_0,0.31716342307793477,52.03521502244219
43.39538,384,1464.319851,synthetic_track_0,0.29497801513945476,48.39538019774447
46.047889,396,1465.017629,synthetic_track_0,0.31114550372330835,51.04788891602431
47.559392,400,1465.778705,synthetic_track_0,0.32035837088844965,52.55939210027872
33.001684,323,1466.467712,synthetic_track_0,0.23162668215950508,38.00168409754825
47.972918,404,1467.150563,synthetic_track_0,0.32287888394763486,52.97291847015066
47.085417,641,1469.823146,synthetic_track_0,0.31746940965340253,52.08541651507942
46.305725,409,1470.550184,synthetic_track_0,0.31271705951840767,51.30572521670538
47.049237,404,1471.302655,synthetic_track_0,0.31724889091709907,52.04923724904467
48.700288,576,1472.339842,synthetic_track_0,0.32731232286289785,53.70028780235731
45.492371,785,1475.607813,synthetic_track_0,0.30775953006298057,50.49237130379263
44.694018,389,1476.412556,synthetic_track_0,0.3028934340808969,49.69401836545477
44.506783,392,1477.205967,synthetic_track_0,0.3017522056735313,49.506783453589165
45.494001,394,1477.960647,synthetic_track_0,0.3077694608139423,50.49400058612479
46.253943,400,1480.411243,synthetic_track_0,0.3124014391972544,51.25394316971749
46.995799,400,1481.11548,synthetic_track_0,0.31692317327158886,51.995798590966615
46.475029,400,1481.769958,synthetic_track_0,0.31374899227074526,51.475028606533506
48.143173,399,1482.493711,synthetic_track_0,0.3239166164738021,53.143173396178575
47.095799,404,1483.262427,synthetic_track_0,0.31753269015605784,52.095798590447515
51.407991,426,1485.628896,synthetic_track_0,0.34381622882240503,56.407990623127084
51.935689,780,1487.026265,synthetic_track_0,0.34703264018786956,56.935689105437405
35.929463,341,1487.790641,synthetic_track_0,0.2494719888663778,40.92946297766639
46.606666,397,1488.534847,synthetic_track_0,0.31455134647099936,51.60666633742066
47.632625,770,1491.362444,synthetic_track_0,0.32080473563546663,52.632624648231634
36.000625,340,1491.986908,synthetic_track_0,0.24990573257696796,41.00062486331562
47.96285,650,1493.115414,synthetic_track_0,0.3228175176025108,52.9628504398189
45.915017,400,1493.812636,synthetic_track_0,0.31033562687238175,50.91501698624536
46.895799,397,1496.142585,synthetic_track_0,0.316313656632406,51.89579863172843
45.347025,394,1496.87384,synthetic_track_0,0.30687361959714227,50.34702496740503
44.257315,388,1497.580758,synthetic_track_0,0.3002316520649054,49.25731479415123
23.846019,277,1498.168442,synthetic_track_0,0.17582135977076455,28.84601941933825
45.727118,394,1499.028952,synthetic_track_0,0.3091903502525986,50.72711790698757
43.105454,377,1499.832488,synthetic_track_0,0.29321086412229913,48.10545369152113
35.352669,342,1502.243746,synthetic_track_0,0.24595632918880347,40.35266851160541
48.057213,402,1502.998613,synthetic_track_0,0.3233926736941614,53.057213057708644
47.686931,398,1503.824188,synthetic_track_0,0.32113574078553536,52.68693079737775
42.164405,371,1504.588385,synthetic_track_0,0.2874750125603212,47.16440485786987
47.095799,401,1505.266664,synthetic_track_0,0.31753269015605784,52.095798590447515
39.272628,360,1507.600352,synthetic_track_0,0.26984914270158644,44.2726277444936
46.941332,401,1508.332661,synthetic_track_0,0.3165911921306226,51.941332316495455
33.931462,327,1508.96233,synthetic_track_0,0.2372938366325285,38.93146218704978
47.495799,404,1509.643826,synthetic_track_0,0.31997075778159084,52.495798602752494
47.916049,415,1510.467706,synthetic_track_0,0.32253225435716976,52.9160489071413
45.730591,391,1511.274665,synthetic_track_0,0.30921152049585937,50.730591189465926
44.725012,386,1513.751728,synthetic_track_0,0.3030823427986669,49.72501155392959
44.26178,387,1514.385651,synthetic_track_0,0.30025886696037385,49.26177978864452
42.058209,380,1515.012754,synthetic_track_0,0.2868277302515025,47.05820889809386
47.24636,402,1515.741332,synthetic_track_0,0.3184503900181955,52.246360433893955
47.449279,795,1518.619719,synthetic_track_0,0.3196872127749734,52.44927897181683
52.646601,437,1519.33576,synthetic_track_0,0.3513657706247831,57.64660139102489
38.225052,356,1520.019025,synthetic_track_0,0.2634639917912623,43.2250520267608
43.781773,385,1520.802341,synthetic_track_0,0.297333142867199,48.78177272853883
47.395799,398,1521.634602,synthetic_track_0,0.3193612408956708,52.39579860303353
40.470514,363,1523.84113,synthetic_track_0,0.27715046464234555,45.47051447887318
47.095799,397,1524.511547,synthetic_track_0,0.31753269015605784,52.095798590447515
29.405409,304,1525.139657,synthetic_track_0,0.2097067808722857,34.40540945250227
46.92868,407,1525.905597,synthetic_track_0,0.3165140721277936,51.92867967234502
47.795799,403,1526.664689,synthetic_track_0,0.3217993084954369,52.79579861111109
46.393013,750,1529.658675,synthetic_track_0,0.31324909306993554,51.39301296251238
47.704809,400,1530.322396,synthetic_track_0,0.32124471077397027,52.70480888913302
43.790099,385,1531.022462,synthetic_track_0,0.29738388994535997,48.79009851559915
46.693824,403,1531.815772,synthetic_track_0,0.31508258924513016,51.69382434483762
47.495799,404,1532.635256,synthetic_track_0,0.3199707577815908,52.49579860275249
33.136471,326,1534.780739,synthetic_track_0,0.23244823293417627,38.13647130219184
51.713273,423,1535.471405,synthetic_track_0,0.3456769792399506,56.71327345536682
37.441953,347,1536.081984,synthetic_track_0,0.25869087006867325,42.44195285109646
45.989178,393,1536.795504,synthetic_track_0,0.31078765089655747,50.98917801990123
45.127408,388,1537.472194,synthetic_track_0,0.30553501822626616,50.12740818597763
47.603722,405,1539.677569,synthetic_track_0,0.3206285681235027,52.603721837573175
35.531804,341,1540.284791,synthetic_track_0,0.24704819057008545,40.53180405377588
39.869701,361,1540.875673,synthetic_track_0,0.27348840534933866,44.86970105314053
36.546286,343,1541.550415,synthetic_track_0,0.25323163161665313,41.54628637116996
45.172165,390,1542.2347,synthetic_track_0,0.3058078192230371,50.17216510778013
44.99772,385,1542.949766,synthetic_track_0,0.30474454975903725,49.997720480309845
43.660382,380,1545.444509,synthetic_track_0,0.29659324395739217,48.6603816851044
47.695799,404,1546.197976,synthetic_track_0,0.3211897915387738,52.69579859978571
44.734693,388,1546.885777,synthetic_track_0,0.30314135031365247,49.73469258429689
44.12063,383,1547.579479,synthetic_track_0,0.2993985332938403,49.12062969354632
49.654887,462,1548.442394,synthetic_track_0,0.33313076669049835,54.65488708346923
47.595799,669,1551.228742,synthetic_track_0,0.3205802745879213,52.59579858941365
46.188255,576,1552.252391,synthetic_track_0,0.3120010575027675,51.18825480199371
45.292708,388,1553.1017,synthetic_track_0,0.30654255041689743,50.292708313188854
38.841447,352,1553.832916,synthetic_track_0,0.2672210224138044,43.84144686319136
44.935286,385,1556.2236,synthetic_track_0,0.3043639989064254,49.93528564702907
43.343425,384,1556.876125,synthetic_track_0,0.29466133876234024,48.34342488960784
46.541161,652,1558.179569,synthetic_track_0,0.3141520799914147,51.5411609367196
46.360405,394,1559.050436,synthetic_track_0,0.3130503425451298,51.360405084233975
44.725012,386,1559.765476,synthetic_track_0,0.3030823427986669,49.72501155392959
44.127636,384,1562.176494,synthetic_track_0,0.29944123862367666,49.127636116289125
46.828102,397,1562.922418,synthetic_track_0,0.31590103327744035,51.82810184377428
45.206397,391,1563.671777,synthetic_track_0,0.30601646895335965,50.206397092907366
45.860405,393,1564.400986,synthetic_track_0,0.3100027580351279,50.8604050724481
41.514676,377,1565.119784,synthetic_track_0,0.2835148077908327,46.51467638441157
42.127985,375,1567.446175,synthetic_track_0,0.28725302699055094,47.12798493673654
44.268002,389,1568.125543,synthetic_track_0,0.30029679395316095,49.268002256562404
44.8476,387,1568.817424,synthetic_track_0,0.3038295416411671,49.84760025617242
44.680407,386,1569.577097,synthetic_track_0,0.3028104715121797,49.68040716445271
44.725012,390,1570.290652,synthetic_track_0,0.3030823427986669,49.72501155392959
47.395799,407,1572.644861,synthetic_track_0,0.31936124089567075,52.395798603033526
35.46081,343,1573.231828,synthetic_track_0,0.24661546743933216,40.46080960890763
47.456546,677,1574.503879,synthetic_track_0,0.31973150651692817,52.45654599638227
44.692476,390,1575.158761,synthetic_track_0,0.3028840357944522,49.69247644157449
51.650468,718,1577.978589,synthetic_track_0,0.3452941707702151,56.650468227570414
44.977968,660,1579.230775,synthetic_track_0,0.3046241571109867,49.977968337179234
46.947631,399,1579.963122,synthetic_track_0,0.3166295835555012,51.94763098116867
44.871267,386,1580.665327,synthetic_track_0,0.30397379573351063,49.871267211964856
42.391523,371,1581.383163,synthetic_track_0,0.2888593363770239,47.391523063253565
49.098889,709,1584.386698,synthetic_track_0,0.32974186375036235,54.098888880811316
24.987151,284,1584.913526,synthetic_track_0,0.18277675153022122,29.987151338827328
38.529055,354,1585.578649,synthetic_track_0,0.26531694292897245,43.5290552751213
46.961438,410,1586.411807,synthetic_track_0,0.316713736639909,51.961437503369325
44.289618,390,1588.713399,synthetic_track_0,0.3004285458293908,49.28961804423016
47.140552,409,1589.433817,synthetic_track_0,0.3178054697293092,52.14055199741391
54.584099,802,1590.913799,synthetic_track_0,0.36317514316995564,59.584098576875284
46.504737,395,1591.597388,synthetic_track_0,0.31393006834364734,51.50473673711628
46.172898,395,1593.792631,synthetic_track_0,0.31190745306293804,51.172897649184875
47.505218,402,1594.509716,synthetic_track_0,0.3200281725928393,52.50521832719547
45.473345,391,1595.196429,synthetic_track_0,0.3076435600792743,50.4733447622711
43.772299,384,1595.878033,synthetic_track_0,0.29727539975861594,48.772299142202726
44.447661,388,1596.594898,synthetic_track_0,0.30139184427815896,49.44766099075278
45.192708,395,1597.323046,synthetic_track_0,0.3059330337777145,50.192708353950664
45.366823,392,1599.584787,synthetic_track_0,0.3069942908811167,50.366822824761044
47.033413,399,1600.261302,synthetic_track_0,0.31715244135447396,52.03341331297628
47.265514,401,1600.969291,synthetic_track_0,0.31856713464272585,52.265514066368965
50.917301,420,1601.773772,synthetic_track_0,0.3408253907401922,55.917300677877584
37.240611,348,1602.363683,synthetic_track_0,0.25746365632080886,42.240610809101504
42.226517,373,1604.533365,synthetic_track_0,0.2878535973203009,47.22651712541505
50.301979,726,1605.743648,synthetic_track_0,0.3370749023417891,55.301979187284
36.156436,344,1606.577706,synthetic_track_0,0.25085542665851746,41.15643581799442
45.298546,396,1607.259254,synthetic_track_0,0.30657813292690994,50.29854613503341
46.242322,395,1609.623981,synthetic_track_0,0.3123306073153756,51.24232218212617
44.925012,392,1610.338617,synthetic_track_0,0.3043013766865542,49.92501157240673
46.957543,398,1611.245574,synthetic_track_0,0.3166899960251419,51.95754251452672
47.143446,405,1612.043535,synthetic_track_0,0.3178231080453379,52.14344581650025
45.104686,392,1612.770985,synthetic_track_0,0.3053965247718506,50.104686345578195
44.650825,387,1613.474971,synthetic_track_0,0.30263016051099134,49.65082455487341
45.860405,397,1615.862057,synthetic_track_0,0.31000275803512795,50.86040507244811
47.365675,403,1616.667834,synthetic_track_0,0.3191776342086267,52.36567528885316
46.428102,400,1617.448574,synthetic_track_0,0.31346296565335835,51.42810183170736
45.531244,384,1618.285313,synthetic_track_0,0.3079964627762584,50.53124351850647
46.967492,394,1619.000735,synthetic_track_0,0.3167506384519201,51.967491775656086
45.967355,394,1621.349524,synthetic_track_0,0.31065463457960013,50.96735478257078
43.848862,383,1622.125911,synthetic_track_0,0.297742060786146,48.84886158649238
47.228102,402,1622.93275,synthetic_track_0,0.3183391008772064,52.22810185185183
43.202798,375,1623.663523,synthetic_track_0,0.2938041934716855,48.202797893367695
47.960052,552,1624.655702,synthetic_track_0,0.322800460785059,52.960052023926266
45.11878,390,1627.042393,synthetic_track_0,0.3054824267808202,50.11877980397328
46.070121,396,1627.838715,synthetic_track_0,0.3112810093943253,51.070120567643215
53.840957,434,1628.622743,synthetic_track_0,0.35864556911361634,58.84095689397141
43.789618,382,1629.31574,synthetic_track_0,0.2973809614500932,48.78961805388821
45.292311,391,1630.053103,synthetic_track_0,0.3065401317007404,50.29231148806291
45.776954,393,1632.388659,synthetic_track_0,0.30949410935413774,50.77695395053327
47.241375,748,1633.786803,synthetic_track_0,0.3184200057206334,52.241375453464606
47.203682,404,1634.588018,synthetic_track_0,0.3181902598122177,52.203682337313566
46.060405,393,1635.241563,synthetic_track_0,0.31122179192301525,51.06040509092525
46.570874,402,1637.45346,synthetic_track_0,0.31433318800296606,51.57087430729653
47.599022,405,1638.171873,synthetic_track_0,0.32059992321333597,52.59902222862912
38.596102,355,1638.887183,synthetic_track_0,0.26572560342160106,43.596101898589865
44.099026,378,1639.56306,synthetic_track_0,0.2992668574516512,49.09902638035504
46.388781,398,1640.250769,synthetic_track_0,0.3132233002365414,51.38878127772768
45.492708,402,1642.64249,synthetic_track_0,0.30776158430478473,50.49270833166599
46.828102,395,1643.307515,synthetic_track_0,0.3159010332774403,51.82810184377427
45.939529,394,1644.13008,synthetic_track_0,0.31048502888523394,50.939528532337604
47.085769,396,1644.833908,synthetic_track_0,0.3174715556546317,52.08576859740441
55.598968,440,1645.62143,synthetic_track_0,0.36936094384420254,60.598968025081845
43.70489,380,1647.870863,synthetic_track_0,0.29686453093043375,48.70489020956794
47.695799,404,1648.618229,synthetic_track_0,0.3211897915387738,52.69579859978571
46.428102,394,1649.323586,synthetic_track_0,0.31346296565335835,51.42810183170736
51.473214,430,1650.117571,synthetic_track_0,0.34421377532775116,56.47321383735006
46.462838,398,1650.84574,synthetic_track_0,0.31367468950523425,51.462838170629496
46.06067,684,1653.692407,synthetic_track_0,0.31122340608115495,51.060669916752474
47.286374,406,1654.42369,synthetic_track_0,0.3186942811296436,52.28637427377216
47.852355,412,1655.217432,synthetic_track_0,0.32214402955667387,52.852355052488065
47.607728,406,1656.02302,synthetic_track_0,0.320652989270391,52.60772847748484
43.901011,386,1656.871967,synthetic_track_0,0.2980599178218787,48.9010105986333
46.928102,402,1659.176006,synthetic_track_0,0.3165105501633603,51.92810184349323
45.88217,394,1659.92955,synthetic_track_0,0.3101354217586965,50.88217046176879
33.355743,328,1660.525521,synthetic_track_0,0.23378472945633064,38.355742752954185
46.865465,396,1661.203886,synthetic_track_0,0.31612877006998313,51.86546533560913
43.317355,379,1661.876329,synthetic_track_0,0.2945024408262781,48.317355400921606
55.888345,455,1664.301209,synthetic_track_0,0.3711247467271562,60.88834522179958
38.535,352,1664.962378,synthetic_track_0,0.265353178936805,43.53500031266952
45.290169,389,1665.626426,synthetic_track_0,0.3065270749625344,50.29016934262429
45.889079,397,1666.334867,synthetic_track_0,0.3101775321106023,50.88907926983632
46.122297,402,1667.09768,synthetic_track_0,0.31159903515772586,51.12229726198151
43.975827,385,1669.348778,synthetic_track_0,0.2985159341810518,48.97582663218801
45.125012,391,1670.012053,synthetic_track_0,0.3055204104227488,50.1250115659965
51.202245,423,1670.720717,synthetic_track_0,0.34256217166364006,56.202244534017886
46.092708,395,1671.43773,synthetic_track_0,0.31141868564074543,51.09270833333332
38.055975,355,1672.001436,synthetic_track_0,0.2624334408508139,43.055975343020265
46.120913,395,1672.570852,synthetic_track_0,0.3115906002026438,51.120913386447754
43.577325,382,1674.508834,synthetic_track_0,0.2960869990082993,48.57732492993247
45.592708,396,1675.070477,synthetic_track_0,0.30837110112331384,50.592708320328505
41.928809,377,1675.638676,synthetic_track_0,0.2860390136478595,46.92880861080964
46.952994,402,1676.261361,synthetic_track_0,0.31666227062851415,51.95299376498585
46.896357,400,1676.915658,synthetic_track_0,0.31631705754411277,51.896356600141736
50.945986,3000,1685.549811,synthetic_track_0,0.31052438846836194,50.945986037277436
39.495979,364,1686.145743,synthetic_track_0,0.27121050493762744,44.49597877276907
46.913881,405,1686.756746,synthetic_track_0,0.31642387026267177,51.91388076078867
47.472765,407,1687.378806,synthetic_track_0,0.3198303635002658,52.47276490439669
45.692708,392,1689.459039,synthetic_track_0,0.30898061804097937,50.692708325255765
47.322124,400,1690.190823,synthetic_track_0,0.318912183388768,52.32212426914482
44.29228,389,1690.926445,synthetic_track_0,0.300444768751455,49.29227964760709
45.11944,393,1691.615247,synthetic_track_0,0.3054864485608284,50.119439634749064
46.971575,402,1692.432091,synthetic_track_0,0.31677552556028116,51.97157486324004
47.653224,406,1694.85574,synthetic_track_0,0.3209302902775159,52.65322369062025
47.341506,422,1695.683365,synthetic_track_0,0.3190303153203997,52.34150550927592
45.241876,397,1696.402833,synthetic_track_0,0.30623272032866766,50.24187623707805
47.210411,404,1697.137634,synthetic_track_0,0.318231271993404,52.21041097470138
44.112689,385,1697.849769,synthetic_track_0,0.2993501349622662,49.11268925209899
45.741298,407,1700.079598,synthetic_track_0,0.3092767784839447,50.741297699721734
55.940056,452,1700.746782,synthetic_track_0,0.3714399322936038,60.94005594103356
42.913252,382,1701.358797,synthetic_track_0,0.29203936502000755,47.913252437370325
34.764593,339,1702.010372,synthetic_track_0,0.24237191074594314,39.76459318250665
47.843634,411,1702.660675,synthetic_track_0,0.32209087345600523,52.843634030684214
34.446689,335,1704.720897,synthetic_track_0,0.24043422936487494,39.44668872072989
43.943313,381,1705.323954,synthetic_track_0,0.2983177574213944,48.943312888323256
49.282411,420,1706.009309,synthetic_track_0,0.33086046256754786,54.28241108337562
45.439685,396,1706.725385,synthetic_track_0,0.30743839904646225,50.43968514807914
44.725012,384,1707.365834,synthetic_track_0,0.3030823427986669,49.72501155392959
37.300998,350,1709.547072,synthetic_track_0,0.2578317245185496,42.300997683560404
53.745608,431,1710.201731,synthetic_track_0,0.3580644010952886,58.745607933160066
43.535425,379,1710.880418,synthetic_track_0,0.2958316103214886,48.535424747674604
46.314965,398,1711.607803,synthetic_track_0,0.3127733767054363,51.314964860129756
44.251978,388,1712.2257,synthetic_track_0,0.3001991264506535,49.25197849996286
47.836484,405,1712.872643,synthetic_track_0,0.32204729358968603,52.8364841276703
47.941629,443,1714.995916,synthetic_track_0,0.322688168669671,52.941628889528126
45.027436,398,1715.784427,synthetic_track_0,0.304925669246215,50.02743573362811
47.186433,400,1716.491757,synthetic_track_0,0.3180851227449256,52.1864330913246
45.000461,392,1717.174833,synthetic_track_0,0.3047612508342159,50.00046053157299
69.320809,976,1720.046634,synthetic_track_0,0.45299788222304954,74.32080905620428
43.032157,378,1720.735724,synthetic_track_0,0.29276410692196325,48.03215675596438
47.208322,730,1721.938233,synthetic_track_0,0.31821853641839926,52.20832152069885
46.900623,503,1724.212374,synthetic_track_0,0.31634306258366324,51.900623100394334
45.176536,393,1724.903767,synthetic_track_0,0.305834461214249,50.17653610910141
35.15721,341,1725.453,synthetic_track_0,0.2447649752838214,40.15720979189568
50.466105,412,1726.113229,synthetic_track_0,0.3380752761968183,55.46610488672344
42.138751,374,1726.727821,synthetic_track_0,0.28731864827553505,47.138751051066684
47.59659,415,1727.458652,synthetic_track_0,0.3205850992990469,52.596590152571856
60.783121,890,1730.280912,synthetic_track_0,0.4009592313209922,65.78312093666038
45.136519,392,1730.903172,synthetic_track_0,0.30559055296131327,50.136519456915956
48.363495,675,1732.03288,synthetic_track_0,0.32525951611366744,53.36349537037035
53.519842,436,1734.437809,synthetic_track_0,0.3566883166893504,58.51984152145619
38.422868,358,1735.119712,synthetic_track_0,0.26466971435344355,43.42286813106326
43.869713,393,1736.071774,synthetic_track_0,0.297869150847589,48.869712536486006
46.815598,413,1736.813311,synthetic_track_0,0.31582482264261136,51.81559839450564
48.738228,405,1737.568722,synthetic_track_0,0.3275435772448442,53.73822840525747
49.397867,623,1740.188723,synthetic_track_0,0.3315641869789325,54.397867180764074
44.257315,392,1740.791511,synthetic_track_0,0.3002316520649054,49.25731479415123
50.134282,424,1741.520724,synthetic_track_0,0.33605276206915785,55.13428239440257
32.026517,330,1742.045757,synthetic_track_0,0.2256828753313788,37.026517215592214
48.065501,657,1744.460828,synthetic_track_0,0.3234431875690173,53.06550058441723
46.803197,399,1745.040994,synthetic_track_0,0.3157492347027136,51.80319710728433
45.378104,395,1745.637902,synthetic_track_0,0.3070630499017181,50.37810372968699
46.106395,402,1746.229455,synthetic_track_0,0.31150210719979715,51.106394838292296
41.94079,378,1746.751856,synthetic_track_0,0.28611204270883306,46.94079007718987
43.418014,383,1748.708862,synthetic_track_0,0.29511597192264477,48.418013989521064
47.246515,409,1749.300782,synthetic_track_0,0.31845133490548455,52.24651545622528
36.949638,349,1749.813263,synthetic_track_0,0.25569012760390347,41.94963794963034
45.715591,396,1750.436759,synthetic_track_0,0.3091200934065726,50.71559126228724
42.832488,380,1750.974487,synthetic_track_0,0.29154709395565964,47.83248829869985
27.923067,295,1751.44785,synthetic_track_0,0.20067165350553895,32.92306703507826
51.009135,426,1753.469887,synthetic_track_0,0.34138513650892455,56.00913501095178
47.595799,408,1754.067764,synthetic_track_0,0.3205802745879213,52.59579858941365
34.532749,335,1754.577953,synthetic_track_0,0.24095878285042296,39.53274925427557
44.555579,398,1755.202533,synthetic_track_0,0.30204961983064516,49.55557851786849
45.592708,397,1755.763247,synthetic_track_0,0.3083711011233138,50.5927083203285
45.766611,737,1758.210216,synthetic_track_0,0.3094310702621002,50.76661148204444
42.570446,380,1758.807878,synthetic_track_0,0.28994989930611015,47.570445575691465
44.076311,384,1759.401884,synthetic_track_0,0.2991284020453219,49.07631078229064
45.608288,397,1759.95128,synthetic_track_0,0.3084660618734209,50.60828799531927
47.128102,399,1761.778792,synthetic_track_0,0.31772958392054335,52.12810184052646
47.346999,415,1762.337758,synthetic_track_0,0.31906379904276394,52.34699899486157
46.30094,402,1762.906695,synthetic_track_0,0.3126878958502963,51.300940498069515
40.35468,366,1763.476152,synthetic_track_0,0.27644443623801446,45.35468037834926
54.468901,863,1766.290871,synthetic_track_0,0.3624729929048811,59.468900740798716
51.923216,3000,1771.597932,synthetic_track_0,0.31648077234521915,51.92321636472384
47.394521,414,1772.181713,synthetic_track_0,0.3193534521919601,52.39452075431945
45.848787,397,1772.772801,synthetic_track_0,0.3099319466700572,50.84878745093385
44.009957,419,1774.636985,synthetic_track_0,0.2987239622662834,49.0099566275093
46.160405,399,1775.32789,synthetic_track_0,0.31183130874154436,51.16040507958776
43.067387,377,1775.919965,synthetic_track_0,0.29297883898753957,48.06738663555151
47.883427,410,1776.582831,synthetic_track_0,0.3223334161399846,52.883426641668514
46.119014,405,1777.170747,synthetic_track_0,0.31157902520170766,51.119014341290686
40.705037,369,1779.035864,synthetic_track_0,0.278579920598012,45.705037259893665
45.873717,411,1779.687644,synthetic_track_0,0.3100838944295157,50.87371666332181
45.001657,393,1780.317858,synthetic_track_0,0.304768543485644,50.001656995785225
44.079327,389,1780.857617,synthetic_track_0,0.29914678839725556,49.079327327411335
44.625012,392,1781.453329,synthetic_track_0,0.302472826159484,49.6250115946914
31.567992,321,1781.924893,synthetic_track_0,0.22288808937662824,36.56799243777945
47.228102,402,1783.946173,synthetic_track_0,0.3183391008772064,52.22810185185183
45.792708,403,1784.53052,synthetic_track_0,0.30959013492689935,50.79270832497472
42.122376,369,1785.144567,synthetic_track_0,0.2872188384389497,47.12237581379099
46.188535,416,1785.74674,synthetic_track_0,0.31200276243635944,51.188534520837685
11.02648,193,1786.032718,synthetic_track_0,0.09768410505815603,16.026480486455593
45.494214,602,1788.397548,synthetic_track_0,0.3077707641277085,50.49421441346783
30.354061,319,1788.883843,synthetic_track_0,0.21548897266459136,35.354061066530576
32.239264,322,1789.331732,synthetic_track_0,0.22697960386826516,37.239264157177715
50.92517,433,1789.918444,synthetic_track_0,0.3408733568357351,55.925170204795734
46.428102,408,1790.505455,synthetic_track_0,0.31346296565335835,51.42810183170736
46.18906,407,1792.335327,synthetic_track_0,0.31200596406326503,51.18905979371701
46.099283,398,1792.900173,synthetic_track_0,0.31145876058468547,51.09928320348919
46.360405,394,1793.661772,synthetic_track_0,0.3130503425451298,51.360405084233975
41.4525,375,1794.193874,synthetic_track_0,0.28313583107601803,46.452499811045996
47.315642,400,1794.700906,synthetic_track_0,0.31887267295292654,52.31564201465063
40.16964,368,1796.465823,synthetic_track_0,0.27531658541094084,45.16964025067478
29.603917,316,1796.927731,synthetic_track_0,0.2109167166472443,34.60391679487587
54.382475,804,1798.444712,synthetic_track_0,0.3619462160996936,59.38247543973229
45.492708,732,1799.697524,synthetic_track_0,0.30776158430478473,50.492708331665995
49.23781,578,1801.919784,synthetic_track_0,0.33058861107885096,54.2378099420106
49.447316,416,1802.561963,synthetic_track_0,0.33186558458695653,54.44731578738012
47.128102,734,1803.924601,synthetic_track_0,0.31772958392054335,52.128101840526455
46.180631,723,1806.193242,synthetic_track_0,0.3119545887011601,51.18063092765155
47.221743,559,1806.9654,synthetic_track_0,0.31830034459350576,52.22174332684834
46.783457,396,1807.543298,synthetic_track_0,0.315628916027201,51.78345710041105
47.028102,403,1808.228838,synthetic_track_0,0.31712006696969086,52.0281018301544
45.928306,397,1808.771258,synthetic_track_0,0.3104166278634666,50.92830636226239
48.22501,412,1810.694705,synthetic_track_0,0.3244154254153567,53.225010167509325
44.82188,393,1811.30633,synthetic_track_0,0.303672771368051,49.82187984115243
44.826484,392,1811.951268,synthetic_track_0,0.3037008319909428,49.82648358937683
47.055093,653,1812.894742,synthetic_track_0,0.31728458370233437,52.05509316312342
51.030369,3000,1819.929768,synthetic_track_0,0.3110387168285372,51.03036899214068
45.760405,651,1820.867563,synthetic_track_0,0.30939324139594504,50.76040511320992
54.20428,446,1821.453067,synthetic_track_0,0.36086008708703443,59.20428037496927
45.639983,394,1823.253709,synthetic_track_0,0.3086592453167473,50.63998251392016
45.633108,395,1823.777542,synthetic_track_0,0.3086173468137841,50.633108462714475
44.357315,394,1824.340671,synthetic_track_0,0.3008411690683237,49.35731481314747
47.305257,406,1824.907878,synthetic_track_0,0.31880937197248643,52.305256579607814
46.221541,396,1825.471856,synthetic_track_0,0.31220394107265137,51.22154076568074
44.850105,387,1827.240554,synthetic_track_0,0.3038448112317245,49.85010545182281
46.87173,405,1827.825876,synthetic_track_0,0.3161669525591585,51.87172972137925
29.728238,310,1828.26095,synthetic_track_0,0.21167447601416245,34.72823810283189
43.968413,383,1828.779725,synthetic_track_0,0.298470748390161,48.96841325418198
45.213401,391,1829.326123,synthetic_track_0,0.3060591568897498,50.2134006620055
45.967738,684,1831.617671,synthetic_track_0,0.3106569695401904,50.96773786639301
45.592708,391,1832.182763,synthetic_track_0,0.30837110112331384,50.592708320328505
45.727502,391,1832.707675,synthetic_track_0,0.3091926940824602,50.727502445941155
51.101979,421,1833.294891,synthetic_track_0,0.3419510372481569,56.101979155341276
45.492708,391,1833.838758,synthetic_track_0,0.30776158430478473,50.492708331665995
47.226862,404,1835.607507,synthetic_track_0,0.31833154450519124,52.22686212048942
47.2369,401,1836.160648,synthetic_track_0,0.31839272893029313,52.23690030422859
47.092744,775,1837.252607,synthetic_track_0,0.31751407062727555,52.092743789315655
53.215676,856,1839.732673,synthetic_track_0,0.3548343776735701,58.21567619750925
51.112841,744,1840.925006,synthetic_track_0,0.34201723977911713,56.11284063142232
45.960405,397,1841.528853,synthetic_track_0,0.31061227491959686,50.960405071929
50.668074,411,1842.227594,synthetic_track_0,0.3393063126630272,55.66807410056909
44.122193,392,1844.089547,synthetic_track_0,0.29940805973847656,49.12219264361867
45.225012,389,1844.627026,synthetic_track_0,0.3061299273086688,50.225011565715455
47.089164,401,1845.166748,synthetic_track_0,0.31749225213010734,52.089164151472815
46.891783,403,1845.751869,synthetic_track_0,0.31628917848871296,51.89178264067229
50.493795,417,1846.325384,synthetic_track_0,0.33824405313454065,55.49379516752563
45.909684,400,1848.111336,synthetic_track_0,0.3103031193158139,50.90968365467942
55.663526,449,1848.767356,synthetic_track_0,0.3697544334044557,60.6635256391918
41.587044,367,1849.320665,synthetic_track_0,0.2839559011246749,46.58704408131906
46.835797,400,1850.056453,synthetic_track_0,0.3159479356869986,51.83579685772876
45.292708,391,1850.666584,synthetic_track_0,0.3065425504168974,50.29270831318885
45.540111,395,1851.284324,synthetic_track_0,0.3080505129083859,50.54011121901226
47.86133,406,1853.778904,synthetic_track_0,0.32219873150935713,52.86132969351823
42.990847,376,1854.360694,synthetic_track_0,0.292512319864072,47.99084747266149
47.290331,414,1855.051765,synthetic_track_0,0.31871839862225354,52.29033109483804
47.075587,402,1855.731725,synthetic_track_0,0.31740949850832734,52.075587231216936
46.359332,399,1856.362831,synthetic_track_0,0.3130438043256139,51.35933239541295
48.82066,407,1858.440726,synthetic_track_0,0.32804601269344713,53.8206601571576
45.806576,397,1859.05887,synthetic_track_0,0.3096746606923302,50.806575990850085
45.252894,392,1859.665348,synthetic_track_0,0.3062998750916603,50.252893940501075
46.566603,396,1860.299182,synthetic_track_0,0.31430715379901425,51.566603022204994
46.922453,398,1860.919854,synthetic_track_0,0.3164761212222009,51.92245328118791
45.492708,393,1862.950827,synthetic_track_0,0.30776158430478473,50.49270833166599
47.128858,592,1864.112231,synthetic_track_0,0.31773419316956747,52.12885805403221
45.832463,397,1864.67986,synthetic_track_0,0.3098324460928013,50.83246295209308
53.9174,806,1865.881906,synthetic_track_0,0.3591115054504535,58.917400442344054
53.150043,817,1868.238815,synthetic_track_0,0.35443433029389415,58.15004267893201
44.925012,393,1868.823793,synthetic_track_0,0.30430137668655416,49.925011572406724
53.99614,798,1869.831728,synthetic_track_0,0.3595914379638399,58.99614026450881
47.576837,637,1872.002206,synthetic_track_0,0.32046469989343285,52.57683690076589
51.305371,423,1872.563748,synthetic_track_0,0.3431907437879041,56.305370819280476
44.447504,384,1873.096331,synthetic_track_0,0.30139088904570677,49.447504271148844
43.11203,374,1873.595411,synthetic_track_0,0.2932509469152646,48.11202984942237
48.122869,405,1875.440773,synthetic_track_0,0.3237928590573491,53.12286921446286
46.259224,749,1876.462278,synthetic_track_0,0.3124336243725215,51.259223610000625
47.591627,405,1876.979725,synthetic_track_0,0.3205548503116056,52.5916273717113
46.893404,402,1877.553671,synthetic_track_0,0.3162990585122962,51.8934036004494
45.892708,390,1879.426664,synthetic_track_0,0.3101996517332299,50.892708311635886
50.294239,412,1880.047777,synthetic_track_0,0.33702772462732694,55.29423900560579
27.016266,307,1880.489441,synthetic_track_0,0.19514455096204422,32.016266476203086
55.543865,444,1881.034802,synthetic_track_0,0.3690250793421294,60.543864629443796
46.895799,394,1881.61875,synthetic_track_0,0.316313656632406,51.89579863172843
45.192708,391,1882.16774,synthetic_track_0,0.3059330337777145,50.192708353950664
46.892886,399,1883.93672,synthetic_track_0,0.316295904533063,51.892886144855105
44.715328,412,1884.503445,synthetic_track_0,0.30302332039499075,49.715328080858754
42.868195,378,1885.072851,synthetic_track_0,0.29176473328328073,47.86819515638287
29.504813,309,1885.60979,synthetic_track_0,0.21031266231143544,34.50481300496209
47.631764,402,1886.17778,synthetic_track_0,0.32079949006599606,52.63176403721708
44.357315,385,1887.930954,synthetic_track_0,0.30084116906832375,49.357314813147475
47.576373,398,1888.415508,synthetic_track_0,0.3204618721082715,52.57637296199426
54.514587,887,1889.638627,synthetic_track_0,0.36275145624768873,59.514586651797664
46.170639,392,1890.130831,synthetic_track_0,0.31189368338837664,51.17063853629714
46.619068,586,1892.09667,synthetic_track_0,0.31462693792762436,51.61906820161159
48.107333,404,1892.637743,synthetic_track_0,0.3236981639984715,53.107333129934446
16.337616,232,1892.938682,synthetic_track_0,0.13005637299374437,21.33761600909916
45.760405,392,1893.461734,synthetic_track_0,0.30939324139594504,50.76040511320992
48.539881,407,1894.051992,synthetic_track_0,0.32633461718631007,53.53988114317767
41.901134,373,1895.763896,synthetic_track_0,0.285870329729841,46.901133591225914
47.295799,398,1896.313254,synthetic_track_0,0.3187517239780053,52.295798598106266
47.422751,402,1896.853614,synthetic_track_0,0.31952551946306984,52.422750861573405
46.160405,396,1897.35523,synthetic_track_0,0.3118313087415443,51.160405079587754
45.025012,386,1897.87167,synthetic_track_0,0.30491089350508327,50.025011561069235
46.080655,400,1899.564709,synthetic_track_0,0.3113452214166777,51.08065547219717
47.295799,395,1900.132508,synthetic_track_0,0.31875172397800533,52.29579859810627
48.631192,401,1900.730899,synthetic_track_0,0.3268911730180519,53.63119212127101
47.724068,406,1901.327751,synthetic_track_0,0.3213621013453425,52.72406849846527
48.637498,738,1902.495348,synthetic_track_0,0.326929606330475,53.637497658197546
44.898629,387,1904.226369,synthetic_track_0,0.30414056780128956,49.898628565056576
47.679589,401,1904.779594,synthetic_track_0,0.32109099104513794,52.679588959718224
37.926321,350,1905.275855,synthetic_track_0,0.26164317334990755,42.926320608764215
49.758108,401,1905.846934,synthetic_track_0,0.3337599171410536,54.75810825146647
46.492382,394,1906.411406,synthetic_track_0,0.3138547648581503,51.49238211872507
42.272762,381,1908.318869,synthetic_track_0,0.2881354688841498,47.27276220402863
44.919012,390,1908.791666,synthetic_track_0,0.3042648055284962,49.91901154865021
46.428102,404,1909.375809,synthetic_track_0,0.31346296565335835,51.42810183170736
47.811347,411,1909.904795,synthetic_track_0,0.32189407759978395,52.81134684386229
45.058731,387,1910.429795,synthetic_track_0,0.3051164184498206,50.05873088023945
46.459451,397,1912.329892,synthetic_track_0,0.3136540445896103,51.45945107569533
46.360405,394,1912.88445,synthetic_track_0,0.3130503425451298,51.360405084233975
45.679753,392,1913.399626,synthetic_track_0,0.30890165272036973,50.67975293021884
44.925012,398,1914.007143,synthetic_track_0,0.3043013766865542,49.92501157240673
45.569932,398,1914.536695,synthetic_track_0,0.3082322729598766,50.56993156610659
43.881447,378,1916.267875,synthetic_track_0,0.2979406727630627,48.88144673399961
18.863249,248,1916.598822,synthetic_track_0,0.14545053258026688,23.86324899792478
44.657315,392,1917.090912,synthetic_track_0,0.3026697196904384,49.657314806456206
47.816448,513,1917.849778,synthetic_track_0,0.3219251678803357,52.81644765094123
45.525012,390,1918.458744,synthetic_track_0,0.3079584780225149,50.52501157407406
46.633779,392,1918.986462,synthetic_track_0,0.3147166034773774,51.63377912292851
45.962967,398,1920.980882,synthetic_track_0,0.3106278879785686,50.96296661850605
52.683974,739,1921.977886,synthetic_track_0,0.35159356027147964,57.68397355434281
45.083699,390,1922.455303,synthetic_track_0,0.3052686028560047,50.08369891792173
50.010907,405,1923.055773,synthetic_track_0,0.3353007688175824,55.010907100488126
48.255598,402,1924.771823,synthetic_track_0,0.3246018632502273,53.255597972154845
40.516271,377,1925.340801,synthetic_track_0,0.27742936037126975,45.51627132902498
43.489618,579,1926.085405,synthetic_track_0,0.295552410923023,48.48961807617288
46.543581,401,1926.623374,synthetic_track_0,0.314166829698746,51.54358083805958
45.915782,403,1927.14345,synthetic_track_0,0.3103402922016764,50.91578240052498
45.572562,388,1928.916726,synthetic_track_0,0.3082483079540082,50.57256233720694
47.228102,396,1929.488549,synthetic_track_0,0.3183391008772064,52.22810185185183
45.160294,389,1929.975335,synthetic_track_0,0.30573546578407146,50.16029448689436
44.886955,401,1930.481998,synthetic_track_0,0.3040694176666558,49.886955363529694
46.299388,792,1932.804853,synthetic_track_0,0.3126784333544713,51.29938803971815
44.85011,394,1933.311156,synthetic_track_0,0.30384484170527665,49.85011045144674
47.362224,408,1933.842659,synthetic_track_0,0.3191565980702209,52.36222400820243
44.885975,387,1934.41536,synthetic_track_0,0.3040634429363018,49.88597512319916
43.966345,382,1934.876043,synthetic_track_0,0.29845814475977117,48.966345447588665
45.025012,641,1937.000099,synthetic_track_0,0.3049108935050833,50.02501156106924
45.309969,674,1937.895385,synthetic_track_0,0.3066477551323465,50.30996865782961
48.126409,392,1938.442324,synthetic_track_0,0.32381443220063183,53.12640859847672
47.148079,397,1939.046826,synthetic_track_0,0.3178513485237885,52.14807907261235
46.924133,398,1940.909199,synthetic_track_0,0.31648636220538606,51.92413346157223
46.828102,397,1941.410986,synthetic_track_0,0.3159010332774403,51.82810184377427
50.678197,3000,1946.745642,synthetic_track_0,0.3088921678460955,50.67819680036146
46.560405,425,1947.271705,synthetic_track_0,0.3142693763023129,51.560405081267206
50.301979,412,1949.074435,synthetic_track_0,0.3370749023417891,55.301979187284
46.460405,393,1949.5626,synthetic_track_0,0.31365985935146035,51.460405070895135
46.995799,397,1950.237843,synthetic_track_0,0.3169231732715889,51.99579859096662
45.760405,394,1950.832742,synthetic_track_0,0.30939324139594504,50.76040511320992
46.820873,401,1951.39181,synthetic_track_0,0.31585697497028026,51.820873445668504
45.595722,383,1953.282981,synthetic_track_0,0.3083894688047708,50.59572180228932
44.572639,383,1953.804843,synthetic_track_0,0.30215360590826024,49.57263892746909
47.295799,396,1954.6006,synthetic_track_0,0.31875172397800533,52.29579859810627
49.553753,401,1955.074646,synthetic_track_0,0.33251433715235984,54.55375296386635
47.37936,397,1955.80333,synthetic_track_0,0.31926104181915205,52.37935950535605
54.491704,861,1958.148857,synthetic_track_0,0.36261198451389753,59.49170431061549
48.099273,394,1958.758884,synthetic_track_0,0.32364903389026567,53.09927263002006
45.525012,389,1959.331596,synthetic_track_0,0.3079584780225149,50.52501157407406
46.721606,392,1959.882994,synthetic_track_0,0.31525192014573766,51.72160551120778
47.767529,395,1961.678862,synthetic_track_0,0.32162700027535,52.76752897271665
46.73485,396,1962.194602,synthetic_track_0,0.3153326473929815,51.73484997561586
47.727879,398,1962.70713,synthetic_track_0,0.3213853250862981,52.72787868673516
47.824428,681,1963.70182,synthetic_track_0,0.3219738088167772,52.82442789520162
46.223513,393,1965.620062,synthetic_track_0,0.3122159599919256,51.22351264201724
46.725664,399,1966.160359,synthetic_track_0,0.3152766587272505,51.72566423082897
46.528102,395,1966.73539,synthetic_track_0,0.31407248253782744,51.528101831188266
44.921649,378,1967.236654,synthetic_track_0,0.30428088165941736,49.921649068831734
49.249323,406,1967.798862,synthetic_track_0,0.3306587822887522,54.24932253687466
48.231192,409,1968.34536,synthetic_track_0,0.3244531053925189,53.23119210896604
42.410725,376,1970.076172,synthetic_track_0,0.28897637465315246,47.41072487349103
46.060405,520,1970.779873,synthetic_track_0,0.3112217919230152,51.060405090925244
45.55414,392,1971.295797,synthetic_track_0,0.3081360187596142,50.55413968203982
40.060153,366,1971.804771,synthetic_track_0,0.2746492413177682,45.06015286702505
46.895799,397,1972.466017,synthetic_track_0,0.316313656632406,51.89579863172843
45.821945,508,1974.479728,synthetic_track_0,0.30976833506430435,50.8219446170317
45.125012,391,1975.088336,synthetic_track_0,0.3055204104227488,50.1250115659965
46.156701,396,1975.650854,synthetic_track_0,0.3118087306898084,51.15670082590849
45.044097,383,1976.15266,synthetic_track_0,0.3050272199239031,50.04409658089068
44.257315,385,1977.956421,synthetic_track_0,0.3002316520649054,49.25731479415123
47.068114,396,1978.477808,synthetic_track_0,0.3173639459138622,52.068113673816086
45.325012,395,1978.98706,synthetic_track_0,0.30673944411499937,50.32501155237662
47.533634,389,1979.560682,synthetic_track_0,0.32020136973443697,52.53363380593147
47.443134,407,1980.104881,synthetic_track_0,0.31964975930262174,52.443134191727616
46.734927,393,1980.612366,synthetic_track_0,0.3153331195440167,51.73492743877477
53.172766,422,1982.427763,synthetic_track_0,0.35457283396389583,58.172766195345076
46.660405,396,1982.975592,synthetic_track_0,0.31487889325897594,51.660405092592576
47.133203,404,1983.580881,synthetic_track_0,0.31776067427090593,52.133202659058874
51.726293,3000,1990.597821,synthetic_track_0,0.3152804886449471,51.72629258383679
46.526387,390,1991.159731,synthetic_track_0,0.3140620315327546,51.52638719369669
47.164193,398,1991.734864,synthetic_track_0,0.3179495670454065,52.16419323181135
45.683535,389,1992.245351,synthetic_track_0,0.3089247071413474,50.683535339114385
47.512311,405,1992.758841,synthetic_track_0,0.3200714036324057,52.51231100017034
46.606736,394,1993.33194,synthetic_track_0,0.3145517722318264,51.6067361895996
47.099077,395,1995.066475,synthetic_track_0,0.3175526729205954,52.09907704998539
47.365968,391,1995.626607,synthetic_track_0,0.3191794189972268,52.3659681090582
45.382131,393,1996.155431,synthetic_track_0,0.30708759783145245,50.382131170145556
45.525012,392,1996.814691,synthetic_track_0,0.3079584780225149,50.52501157407406
51.317189,430,1997.399154,synthetic_track_0,0.34326277902578034,56.31718923470716
49.911925,410,1999.423759,synthetic_track_0,0.33469745393191175,54.911924627990345
46.052372,702,2000.343382,synthetic_track_0,0.31117282651713496,51.05237161279302
54.943553,437,2000.960821,synthetic_track_0,0.365366079926816,59.94355322059626
45.895658,394,2001.517749,synthetic_track_0,0.3102176314350561,50.89565813996566
44.726851,380,2003.206388,synthetic_track_0,0.3030935556072431,49.72685117622779
54.489705,446,2003.753837,synthetic_track_0,0.36259979610495563,59.4897046270646
45.35177,395,2004.333834,synthetic_track_0,0.3069025439268292,50.35177041913472
61.083955,908,2005.807094,synthetic_track_0,0.40279286772208517,66.08395532505833
47.17007,705,2008.075038,synthetic_track_0,0.31798538940769383,52.170070404866635
44.265435,384,2008.588593,synthetic_track_0,0.30028114425804253,49.26543469929928
54.79264,433,2009.255354,synthetic_track_0,0.36444623825418915,59.79263998237591
47.397743,406,2009.833609,synthetic_track_0,0.3193730901143516,52.39774263755025
46.002209,391,2011.691797,synthetic_track_0,0.3108670739064971,51.0022085054466
45.702505,392,2012.256683,synthetic_track_0,0.30904032792951386,50.70250459009207
55.235678,446,2012.887101,synthetic_track_0,0.36714663035527284,60.23567809270134
45.876609,389,2013.478872,synthetic_track_0,0.3101015210123539,50.8766085574097
44.907451,388,2013.986678,synthetic_track_0,0.3041943446856824,49.90745143534679
55.151661,438,2016.121751,synthetic_track_0,0.3666345318401964,60.15166097595416
47.95164,397,2016.69303,synthetic_track_0,0.3227491863858806,52.951639722279054
47.128102,399,2017.284883,synthetic_track_0,0.31772958392054335,52.12810184052646
44.62342,393,2017.831789,synthetic_track_0,0.3024631240881182,49.62341983053151
46.424964,395,2018.409402,synthetic_track_0,0.31344384252196644,51.424964407334066
46.360405,393,2020.302838,synthetic_track_0,0.3130503425451298,51.360405084233975
44.016793,384,2020.825607,synthetic_track_0,0.2987656327307578,49.01679326572554
44.326578,384,2021.435146,synthetic_track_0,0.300653823248069,49.32657804045816
43.791532,379,2021.95269,synthetic_track_0,0.29739262632080554,48.79153184347288
43.722838,383,2022.49984,synthetic_track_0,0.29697392749606727,48.72283828743964
49.843945,406,2024.245562,synthetic_track_0,0.3342831039790898,54.843944566858475
43.854635,383,2024.813272,synthetic_track_0,0.2977772488946136,48.854634701098654
50.034282,404,2025.33237,synthetic_track_0,0.3354432452506288,55.034282405740065
44.767077,390,2025.880891,synthetic_track_0,0.30333874050314324,49.767077280028175
47.121562,395,2026.406615,synthetic_track_0,0.31768972186659494,52.12156189803147
45.960405,392,2027.01085,synthetic_track_0,0.3106122749195969,50.96040507192901
45.47774,389,2028.819899,synthetic_track_0,0.3076703511816281,50.477740227416916
45.525012,710,2029.84443,synthetic_track_0,0.3079584780225149,50.52501157407406
56.278947,456,2030.454714,synthetic_track_0,0.37350552905116435,61.27894675759192
44.757315,390,2030.97997,synthetic_track_0,0.3032792364967689,49.75731479311737
55.043553,444,2032.821244,synthetic_track_0,0.36597559681128505,60.04355322007716
44.925012,394,2033.339912,synthetic_track_0,0.30430137668655416,49.925011572406724
43.390628,381,2033.906988,synthetic_track_0,0.294949052098031,48.390628394798334
43.600423,376,2034.426354,synthetic_track_0,0.2962277878456762,48.60042336087565
52.750796,425,2034.98571,synthetic_track_0,0.35200085452490343,57.75079602664633
40.463079,363,2036.644711,synthetic_track_0,0.2771051424682804,45.4630787252485
51.60107,439,2037.209882,synthetic_track_0,0.344993077878399,56.60106961402496
45.292708,397,2037.83997,synthetic_track_0,0.30654255041689743,50.292708313188854
43.464744,383,2038.456795,synthetic_track_0,0.2954008012346355,48.464744329199895
41.211771,372,2038.976762,synthetic_track_0,0.28166854528475466,46.211770502140155
47.288443,400,2041.020856,synthetic_track_0,0.3187068884654368,52.288442688290125
55.015657,447,2041.680927,synthetic_track_0,0.36580556371913925,60.015656849099464
42.472883,375,2042.199602,synthetic_track_0,0.28935524016553005,47.47288320249958
46.428102,403,2042.932872,synthetic_track_0,0.31346296565335835,51.42810183170736
45.284056,389,2043.441015,synthetic_track_0,0.3064898144195242,50.28405621536462
46.88282,400,2045.39535,synthetic_track_0,0.316234549063234,51.882819898771714
46.186693,399,2045.896324,synthetic_track_0,0.31199153798887536,51.18669298900948
44.614857,387,2046.405626,synthetic_track_0,0.3024109338928539,49.61485727938269
41.781397,367,2047.010943,synthetic_track_0,0.2851405168329419,46.781397303075934
43.762625,383,2047.562742,synthetic_track_0,0.2972164327587251,48.76262475891865
45.860405,434,2048.092894,synthetic_track_0,0.31000275803512795,50.86040507244811
44.996524,392,2049.890859,synthetic_track_0,0.3047372569348977,49.99652398776181
48.095281,408,2050.430651,synthetic_track_0,0.3236247012932141,53.09528051798095
53.944801,441,2051.025182,synthetic_track_0,0.3592785134377061,58.94480050141398
47.356508,396,2051.640861,synthetic_track_0,0.31912175781651825,52.356507964166646
42.673439,379,2052.456793,synthetic_track_0,0.2905776631347977,47.67343924845506
45.3623,390,2054.317708,synthetic_track_0,0.30696672109760276,50.36229960578659
44.925012,395,2054.864441,synthetic_track_0,0.3043013766865542,49.92501157240673
51.692819,430,2055.434383,synthetic_track_0,0.34555230468684767,56.69281880421071
43.971364,389,2055.983828,synthetic_track_0,0.2984887322017878,48.971363756783575
46.225299,436,2056.590912,synthetic_track_0,0.31222684725675,51.22529885418713
42.035986,371,2058.270024,synthetic_track_0,0.2866922799347183,47.035986328131905
46.528102,399,2058.878881,synthetic_track_0,0.31407248253782744,51.528101831188266
45.664159,666,2059.885768,synthetic_track_0,0.3088066059590228,50.664159143848785
44.257201,387,2060.396877,synthetic_track_0,0.3002309575276834,49.257200845344215
43.738498,385,2062.213189,synthetic_track_0,0.29706937693325935,48.73849813856579
42.699838,373,2062.762906,synthetic_track_0,0.29073856780586993,47.69983797084273
48.450988,410,2063.378937,synthetic_track_0,0.3257927968598167,53.450987736368646
45.292708,388,2063.973912,synthetic_track_0,0.30654255041689743,50.292708313188854
44.389618,387,2064.526383,synthetic_track_0,0.3010380627860539,49.38961805555554
47.308473,399,2066.361754,synthetic_track_0,0.3188289764283443,52.308472972173085
43.947726,388,2066.852211,synthetic_track_0,0.2983446579648604,48.94772630885546
48.737656,686,2067.827808,synthetic_track_0,0.32754009017530533,53.73765630141432
47.661149,419,2068.390647,synthetic_track_0,0.320978596409099,52.66114900533477
45.887907,399,2068.93384,synthetic_track_0,0.31017038881329323,50.8879073093125
46.717457,712,2071.190833,synthetic_track_0,0.31522663403287915,51.71745696120505
45.61721,397,2071.722088,synthetic_track_0,0.30852044007707996,50.617209520671956
42.552203,379,2072.29294,synthetic_track_0,0.2898387060525237,47.55220272535499
47.199578,419,2072.890074,synthetic_track_0,0.31816524065345597,52.19957758496472
44.731448,387,2074.67071,synthetic_track_0,0.30312157637314896,49.731448385341174
45.041585,778,2075.769989,synthetic_track_0,0.3050119128616674,50.04158523747325
45.892708,391,2076.303005,synthetic_track_0,0.3101996517332299,50.89270831163588
41.439502,369,2076.803193,synthetic_track_0,0.2830566077341931,46.439502083922704
28.008894,308,2077.201714,synthetic_track_0,0.20119478537451116,33.00889433200579
49.901696,407,2078.974588,synthetic_track_0,0.3346351107048036,54.901696326137994
43.577813,386,2079.436339,synthetic_track_0,0.296089973817316,48.577812990079295
43.586884,389,2079.942301,synthetic_track_0,0.2961452603451214,48.58688353905458
45.558484,391,2080.451796,synthetic_track_0,0.3081625001379366,50.55848433250968
45.080599,393,2080.986022,synthetic_track_0,0.30524970844919097,50.0805990191007
39.694995,363,2082.777432,synthetic_track_0,0.2724235428120753,44.69499505911982
43.689618,382,2083.304152,synthetic_track_0,0.29677144444667486,48.689618034891964
44.357315,391,2083.839936,synthetic_track_0,0.30084116906832375,49.357314813147475
58.010539,829,2084.960798,synthetic_track_0,0.3840598770031489,63.01053913282063
46.10002,480,2086.928989,synthetic_track_0,0.31146324965241773,51.10001969952784
55.343553,444,2087.487717,synthetic_track_0,0.3678041475508979,60.34355323266317
39.787842,362,2088.012002,synthetic_track_0,0.27298945779033296,44.78784153962594
47.809911,406,2088.575478,synthetic_track_0,0.321885327422194,52.80991125154852
44.357315,385,2089.069207,synthetic_track_0,0.30084116906832375,49.357314813147475
47.332893,710,2091.260352,synthetic_track_0,0.31897781845817974,52.33289264500831
43.77341,388,2091.777863,synthetic_track_0,0.29728217016807806,48.77340992511941
46.104627,388,2092.382864,synthetic_track_0,0.311491329845442,51.10462665851355
46.26154,408,2092.930159,synthetic_track_0,0.31244774015976784,51.26153950764559
44.775767,389,2094.687842,synthetic_track_0,0.3033917064866119,49.775767110374694
45.04045,388,2095.226723,synthetic_track_0,0.30500499479031273,50.04045022850221
45.392708,392,2095.761497,synthetic_track_0,0.3071520673013664,50.39270831266975
43.606489,381,2096.282907,synthetic_track_0,0.29626476096987253,48.606489332950666
44.425662,386,2096.812864,synthetic_track_0,0.30125775838833324,49.42566227463083
45.049454,389,2097.329906,synthetic_track_0,0.30505987182603683,50.04945359441996
41.818761,371,2099.173008,synthetic_track_0,0.2853682537739001,46.81876081926046
44.078308,382,2099.721828,synthetic_track_0,0.29914057448858805,49.07830784644312
46.428102,400,2100.321938,synthetic_track_0,0.31346296565335835,51.42810183170736
45.392708,391,2100.807947,synthetic_track_0,0.30715206730136646,50.392708312669754
38.743456,352,2101.307843,synthetic_track_0,0.266623748681445,43.74345552866429
40.457121,360,2103.086831,synthetic_track_0,0.2770688275443424,45.4571207403797
44.357315,387,2103.711044,synthetic_track_0,0.30084116906832375,49.357314813147475
44.072379,391,2104.496969,synthetic_track_0,0.29910443476435117,49.0723786056017
44.767342,388,2105.002641,synthetic_track_0,0.3033403548874673,49.76734214296419
46.34885,764,2106.17609,synthetic_track_0,0.3129799108219529,51.34884974842525
53.994765,439,2108.036912,synthetic_track_0,0.3595830548397144,58.99476489258794
40.480829,361,2108.580914,synthetic_track_0,0.2772133351111809,45.48082928230372
43.244088,377,2109.080631,synthetic_track_0,0.294055864601796,48.244088157053056
46.215232,399,2109.629906,synthetic_track_0,0.3121654910180524,51.2152324819598
43.208077,381,2110.150693,synthetic_track_0,0.2938363689817298,48.20807674793221
45.265364,396,2111.981414,synthetic_track_0,0.3063758839984695,50.26536429339062
40.371865,364,2112.456665,synthetic_track_0,0.276549178736204,45.37186488960969
42.91135,374,2112.995981,synthetic_track_0,0.29202776696254534,47.91134960945899
45.692708,392,2113.752169,synthetic_track_0,0.30898061804097937,50.692708325255765
50.796591,421,2114.296934,synthetic_track_0,0.3400896423580761,55.796590588125476
45.025012,388,2116.265567,synthetic_track_0,0.3049108935050833,50.02501156106924
44.757315,383,2116.761317,synthetic_track_0,0.30327923649676886,49.75731479311736
44.857315,389,2117.291415,synthetic_track_0,0.3038887534476214,49.85731480348943
45.860405,395,2117.819944,synthetic_track_0,0.31000275803512795,50.86040507244811
46.151506,402,2118.387918,synthetic_track_0,0.3117770684641603,51.15150618302155
40.44754,363,2120.148683,synthetic_track_0,0.2770104297349343,45.447539740969674
45.161714,385,2120.694417,synthetic_track_0,0.3057441208906426,50.161714481441976
46.726792,400,2121.232083,synthetic_track_0,0.3152835328888249,51.72679203576987
43.460235,384,2121.761919,synthetic_track_0,0.29537331632023733,48.46023503422286
45.513874,389,2122.301052,synthetic_track_0,0.3078905956646551,50.51387449826252
40.741826,359,2122.796831,synthetic_track_0,0.2788041534060194,45.741825872737216
46.224568,394,2124.636768,synthetic_track_0,0.31222239135427576,51.224567799385426
49.640393,729,2125.596348,synthetic_track_0,0.33304242016481367,54.64039256699607
50.063059,403,2126.157072,synthetic_track_0,0.3356186421377568,55.06305878432559
42.838671,376,2126.646352,synthetic_track_0,0.291584780861011,47.83867137682549
49.91956,411,2128.441824,synthetic_track_0,0.33474399132139004,54.91955975515786
41.183187,365,2128.941682,synthetic_track_0,0.2814943251054025,46.183187179366485
45.749678,392,2129.480969,synthetic_track_0,0.30932786083886316,50.74967849374975
42.815844,381,2130.035764,synthetic_track_0,0.29144564291685204,47.81584379862676
45.692337,392,2130.537093,synthetic_track_0,0.30897835245179367,50.69233662280885
55.496144,442,2132.365749,synthetic_track_0,0.36873421498332376,60.496144153652686
42.555592,372,2132.860621,synthetic_track_0,0.28985936593132205,47.55559227521284
45.760405,396,2133.402978,synthetic_track_0,0.30939324139594504,50.76040511320992
40.437908,368,2133.967748,synthetic_track_0,0.27695172159346565,45.43790782712777
45.328171,389,2134.534447,synthetic_track_0,0.3067587019291774,50.328171073395445
44.057315,384,2135.139498,synthetic_track_0,0.29901261854125355,49.057314835432145
45.082694,396,2137.137757,synthetic_track_0,0.3052624770340066,50.082693888836836
46.778201,522,2138.012339,synthetic_track_0,0.31559687791032204,51.7782007871687
46.05132,407,2138.638083,synthetic_track_0,0.311166417375553,51.05132010106102
30.000801,315,2139.146474,synthetic_track_0,0.21333579439534225,35.00080124503314
45.801478,435,2141.232726,synthetic_track_0,0.3096435879311166,50.8014780580702
45.292708,393,2141.822904,synthetic_track_0,0.30654255041689743,50.292708313188854
44.557315,394,2142.513244,synthetic_track_0,0.3020602028045183,49.55731480673724
47.536718,597,2143.418971,synthetic_track_0,0.32022016995294883,52.53671825180874
40.746947,367,2143.99893,synthetic_track_0,0.278835370163728,45.746947430210355
50.329271,405,2146.014566,synthetic_track_0,0.3372412508664267,55.32927105203997
47.295799,404,2146.712031,synthetic_track_0,0.3187517239780053,52.295798598106266
41.101902,374,2147.315336,synthetic_track_0,0.28099887891761927,46.101902116091665
42.339489,372,2147.90199,synthetic_track_0,0.2885421774089662,47.33948857914119
47.244019,395,2148.483092,synthetic_track_0,0.3184361162486488,52.244018616983496
50.342411,417,2150.658459,synthetic_track_0,0.3373213437067992,55.34241143288873
44.737948,387,2151.230893,synthetic_track_0,0.30316119534446384,49.73794844663869
44.681754,383,2151.907748,synthetic_track_0,0.302818679485456,49.68175380036105
43.781345,384,2152.466949,synthetic_track_0,0.297330533519452,48.781344627562476
53.940463,433,2153.16641,synthetic_track_0,0.35925207533930936,58.94046295163756
46.895799,401,2153.914104,synthetic_track_0,0.316313656632406,51.89579863172843
45.415971,388,2156.049984,synthetic_track_0,0.30729385734053216,50.415971005146794
44.516791,383,2156.759687,synthetic_track_0,0.30181320325676636,49.51679098323645
45.6765,392,2157.474896,synthetic_track_0,0.30888182490723964,50.67649989268495
53.71743,431,2158.278238,synthetic_track_0,0.357892651958226,58.71743002036595
49.891122,404,2158.970642,synthetic_track_0,0.33457065720485935,54.89112180371671
44.423015,383,2161.217942,synthetic_track_0,0.30124162128651405,49.42301475129774
46.32273,400,2161.927013,synthetic_track_0,0.3128207080078972,51.32273024012516
44.552105,386,2162.529974,synthetic_track_0,0.30202845044742027,49.55210537649137
43.067596,376,2163.109555,synthetic_track_0,0.2929801161528672,48.06759617286762
47.679471,411,2163.786661,synthetic_track_0,0.32109027271981083,52.6794711081309
44.529834,385,2166.053898,synthetic_track_0,0.30189270006835556,49.52983357700246
50.735308,413,2166.806915,synthetic_track_0,0.33971611555840037,55.73530815161641
53.08901,429,2167.642365,synthetic_track_0,0.3540623229531662,58.089009531487555
44.417622,382,2168.303064,synthetic_track_0,0.30120875016222937,49.417621771225875
58.062366,453,2169.206636,synthetic_track_0,0.38437577204566187,63.06236625179344
46.366212,392,2171.456074,synthetic_track_0,0.3130857383139417,51.36621226850238
46.100285,399,2172.143576,synthetic_track_0,0.3114648670993293,51.100285064925316
43.314673,376,2172.728868,synthetic_track_0,0.29448609277102744,48.31467326764814
44.042289,376,2173.373159,synthetic_track_0,0.29892103541749965,49.04228930855798
43.963682,381,2174.006798,synthetic_track_0,0.29844191098578543,48.96368206379814
44.289618,383,2176.254917,synthetic_track_0,0.3004285458293908,49.28961804423016
41.900552,368,2176.890774,synthetic_track_0,0.28586678632206897,46.90055224428641
44.000036,380,2177.461773,synthetic_track_0,0.29866349134124953,49.00003550370439
43.906337,383,2178.044852,synthetic_track_0,0.29809238327926835,48.90633702322438
46.735055,665,2179.139313,synthetic_track_0,0.31533389682012114,51.73505496208383
55.443738,438,2181.332979,synthetic_track_0,0.36841479217631257,60.44373825424412
45.760405,395,2181.925675,synthetic_track_0,0.30939324139594504,50.76040511320992
47.709037,392,2182.544433,synthetic_track_0,0.32127047962781324,52.709036639727934
45.792708,392,2183.220107,synthetic_track_0,0.30959013492689935,50.79270832497472
44.772605,386,2183.869914,synthetic_track_0,0.3033724325584501,49.77260494562538
44.857315,388,2186.056414,synthetic_track_0,0.30388875344762134,49.85731480348942
45.525012,392,2186.712996,synthetic_track_0,0.3079584780225149,50.52501157407406
45.853907,392,2187.378103,synthetic_track_0,0.3099631540788284,50.85390747457952
42.930145,374,2188.019992,synthetic_track_0,0.29214232811190716,47.93014501147101
46.092708,393,2188.681961,synthetic_track_0,0.31141868564074543,51.09270833333332
43.814039,379,2190.72104,synthetic_track_0,0.29752980984468097,48.81403877095248
45.325012,390,2191.439146,synthetic_track_0,0.3067394441149993,50.325011552376615
44.840602,389,2192.107949,synthetic_track_0,0.30378688792783964,49.84060230185928
45.526548,387,2192.756017,synthetic_track_0,0.30796784098267604,50.52654770217011
44.057315,377,2193.312297,synthetic_track_0,0.29901261854125355,49.057314835432145
44.271313,381,2193.904455,synthetic_track_0,0.30031697372978416,49.27131303876264
45.760405,390,2195.930511,synthetic_track_0,0.30939324139594504,50.76040511320992
44.089618,380,2196.585393,synthetic_track_0,0.2992095120722078,49.089618047196936
45.226073,385,2197.184497,synthetic_track_0,0.3061363950463499,50.22607269097914
45.633559,398,2197.828873,synthetic_track_0,0.30862009441676197,50.633559246447234
24.47184,281,2198.243318,synthetic_track_0,0.17963584076903638,29.471839815075757
45.025012,388,2200.252151,synthetic_track_0,0.30491089350508327,50.025011561069235
45.924783,662,2201.361816,synthetic_track_0,0.3103951515333275,50.92478286183527
44.357315,383,2202.042653,synthetic_track_0,0.30084116906832375,49.357314813147475
48.856277,566,2202.969015,synthetic_track_0,0.32826310560123784,53.85627736681913
43.994692,382,2205.036717,synthetic_track_0,0.2986309190270677,48.99469154772175
43.676284,380,2205.79602,synthetic_track_0,0.29669017288997807,48.676284268700115
44.410103,385,2206.471083,synthetic_track_0,0.3011629215386749,49.41010292728828
46.143408,392,2207.147569,synthetic_track_0,0.31172770916724424,51.14340808140738
46.144268,399,2207.752915,synthetic_track_0,0.3117329513705008,51.14426814014618
47.095799,395,2208.393089,synthetic_track_0,0.31753269015605784,52.095798590447515
46.628102,394,2210.588089,synthetic_track_0,0.3146819995412457,51.62810185018451
43.882262,384,2211.13099,synthetic_track_0,0.29794564195601353,48.88226200147647
47.002139,400,2211.738421,synthetic_track_0,0.31696181796566136,52.00213880808883
45.887728,394,2212.292097,synthetic_track_0,0.31016929713299396,50.88772820347944
57.682037,454,2213.0354,synthetic_track_0,0.3820576013787856,62.682037057654355
47.746334,683,2215.506685,synthetic_track_0,0.3214978111936762,52.74633364830562
47.025,401,2216.10689,synthetic_track_0,0.3171011593477347,52.02499976319944
42.643517,372,2216.727976,synthetic_track_0,0.29039528411916793,47.64351735140344
47.476659,399,2217.478283,synthetic_track_0,0.3198540967954097,52.476658692349986
45.511428,394,2219.628067,synthetic_track_0,0.3078756846986597,50.511428140122504
45.531147,775,2220.916477,synthetic_track_0,0.3079958726334443,50.531146697101505
44.464255,386,2221.632936,synthetic_track_0,0.30149298738044633,49.46425496941679
42.197849,373,2222.273022,synthetic_track_0,0.28767886277902194,47.19784941417944
41.638792,373,2224.344576,synthetic_track_0,0.2842713117060929,46.63879171749085
45.225012,392,2225.039129,synthetic_track_0,0.3061299273086688,50.225011565715455
45.292708,717,2226.151053,synthetic_track_0,0.30654255041689743,50.292708313188854
45.904922,436,2226.796993,synthetic_track_0,0.3102740944857853,50.90492171442518
42.248998,369,2227.355491,synthetic_track_0,0.2879906249272373,47.24899847248134
42.775833,373,2229.215801,synthetic_track_0,0.29120176738036385,47.77583251404443
46.350141,593,2230.22379,synthetic_track_0,0.31298778234211183,51.35014118436716
46.348232,404,2231.100182,synthetic_track_0,0.31297614715360905,51.348232264575294
42.61019,374,2231.72002,synthetic_track_0,0.29019214729476767,47.610189837675456
43.989618,388,2232.465283,synthetic_track_0,0.29859999518628777,48.989618047477975
44.557315,394,2234.768841,synthetic_track_0,0.30206020280451834,49.557314806737246
45.392708,389,2235.448184,synthetic_track_0,0.3071520673013664,50.39270831266975
54.943553,436,2236.315073,synthetic_track_0,0.365366079926816,59.94355322059626
46.460405,393,2237.040485,synthetic_track_0,0.31365985935146035,51.460405070895135
43.789618,378,2237.681939,synthetic_track_0,0.2973809614500932,48.78961805388821
50.333379,415,2239.862907,synthetic_track_0,0.33726629051889623,55.33337916667593
39.833587,362,2240.483033,synthetic_track_0,0.27326828665042596,44.83358741898554
47.028102,397,2241.116947,synthetic_track_0,0.31712006696969086,52.02810183015439
46.975001,409,2241.775807,synthetic_track_0,0.31679641098815825,51.975001417663854
44.716192,385,2242.411482,synthetic_track_0,0.30302858703558744,49.7161921488942
46.160405,398,2244.626463,synthetic_track_0,0.3118313087415443,51.160405079587754
52.552328,422,2245.349827,synthetic_track_0,0.3507911563014927,57.55232765801614
43.656223,377,2246.069921,synthetic_track_0,0.29656789372138936,48.65622261477884
45.487129,392,2246.755945,synthetic_track_0,0.30772757768713715,50.487129057598686
46.393827,528,2247.625502,synthetic_track_0,0.3132540557810718,51.393827166554466
44.157315,388,2249.671885,synthetic_track_0,0.2996221351804364,49.15731479467033
45.338463,388,2250.319168,synthetic_track_0,0.30682143014857743,50.33846253876298
44.179835,386,2250.949013,synthetic_track_0,0.2997593966499133,49.179834510245385
55.81125,441,2251.588077,synthetic_track_0,0.3706548382514629,60.81124998699516
43.637244,379,2252.146683,synthetic_track_0,0.29645221554784296,48.63724394890534
43.819063,381,2254.200072,synthetic_track_0,0.2975604335459708,48.81906302900195
46.077191,399,2254.870985,synthetic_track_0,0.3113241072946721,51.07719139721681
45.131103,389,2255.582523,synthetic_track_0,0.30555753727027607,50.13110275859191
46.260405,391,2256.187077,synthetic_track_0,0.31244082565920983,51.26040508451502
54.657842,436,2256.875258,synthetic_track_0,0.3636246221238449,59.65784205519543
45.079345,390,2258.952751,synthetic_track_0,0.3052420658280942,50.07934513733765
46.360405,392,2259.619814,synthetic_track_0,0.3130503425451298,51.360405084233975
45.525012,394,2260.201183,synthetic_track_0,0.3079584780225149,50.52501157407406
43.272978,378,2260.801504,synthetic_track_0,0.2942319529712353,48.272977983243614
58.182037,455,2261.535312,synthetic_track_0,0.3851051856420504,63.18203702895945
14.072446,984,2264.534267,synthetic_track_0,0.11624978002564675,19.07244612648706
42.283206,371,2265.11093,synthetic_track_0,0.2881991237762227,47.283205703358085
48.038809,400,2265.771171,synthetic_track_0,0.32328049642657486,53.038808765741905
45.268264,390,2266.410165,synthetic_track_0,0.30639356096782444,50.2682644541103
43.595114,378,2268.44223,synthetic_track_0,0.296195428556035,48.595114354628606
46.803846,395,2269.093206,synthetic_track_0,0.31575318905959426,51.803845876327635
45.732454,395,2269.742571,synthetic_track_0,0.30922287395545167,50.73245388758351
43.52383,377,2270.321058,synthetic_track_0,0.29576093785282315,48.52382991411062
44.911393,391,2270.985684,synthetic_track_0,0.3042183703568028,49.911393191778465
41.354736,365,2272.96876,synthetic_track_0,0.28253994600603904,46.35473630652801
46.828102,394,2273.549059,synthetic_track_0,0.3159010332774403,51.82810184377427
48.080475,446,2274.138163,synthetic_track_0,0.32353446011013104,53.08047515574833
45.425012,390,2274.691212,synthetic_track_0,0.30734896106585186,50.425011562748686
41.063613,366,2275.192396,synthetic_track_0,0.28076549725686034,46.063612502547855
46.713399,406,2277.031798,synthetic_track_0,0.3152018988389625,51.71339879736767
45.892708,393,2277.579832,synthetic_track_0,0.3101996517332299,50.892708311635886
46.23936,395,2278.102159,synthetic_track_0,0.3123125508689441,51.23935976274159
47.128102,403,2278.625654,synthetic_track_0,0.31772958392054335,52.128101840526455
45.392708,389,2279.121984,synthetic_track_0,0.3071520673013664,50.39270831266975
47.558403,396,2279.66312,synthetic_track_0,0.32035234028228304,52.55840269271857
45.092292,384,2281.456346,synthetic_track_0,0.3053209782245305,50.092291849403786
50.296434,408,2281.974426,synthetic_track_0,0.3370411028405552,55.296433893639204
45.716088,394,2282.528924,synthetic_track_0,0.30912312017657734,50.71608784738047
45.125012,390,2283.004577,synthetic_track_0,0.3055204104227488,50.1250115659965
51.566083,424,2283.595981,synthetic_track_0,0.34477982830168363,56.56608295802868
44.810704,683,2285.725623,synthetic_track_0,0.3036046512550776,49.810703758199594
44.625012,387,2286.238979,synthetic_track_0,0.302472826159484,49.6250115946914
45.006126,392,2286.755314,synthetic_track_0,0.3047957851476239,50.006126381709166
45.644732,392,2287.282209,synthetic_track_0,0.3086881926802165,50.64473174467267
47.395799,396,2289.001147,synthetic_track_0,0.3193612408956708,52.39579860303353
43.109666,376,2289.47298,synthetic_track_0,0.2932365384825313,48.10966593908196
46.464905,397,2290.016741,synthetic_track_0,0.31368728680648095,51.46490493883597
47.167091,573,2290.776559,synthetic_track_0,0.31796722884609874,52.16709090389405
46.995799,401,2291.379938,synthetic_track_0,0.31692317327158886,51.995798590966615
46.871992,394,2293.105333,synthetic_track_0,0.316168551586161,51.87199206472607
54.178708,438,2293.725496,synthetic_track_0,0.36070422200003427,59.178708468732935
43.266097,379,2294.236512,synthetic_track_0,0.29419001422543706,48.26609732962283
46.188667,392,2294.753304,synthetic_track_0,0.31200356755221464,51.18866661165773
45.292708,396,2295.262843,synthetic_track_0,0.3065425504168974,50.29270831318885
46.0442,383,2296.998764,synthetic_track_0,0.3111230211268975,51.04420032316216
50.132031,413,2297.569202,synthetic_track_0,0.336039039699032,55.13203104248693
44.358849,387,2298.095414,synthetic_track_0,0.3008505196735032,49.358848914231324
46.76606,398,2298.647549,synthetic_track_0,0.3155228784186405,51.76606010769239
43.168177,656,2299.546805,synthetic_track_0,0.2935931755745302,48.1681773764572
46.192691,393,2301.286177,synthetic_track_0,0.31202809907881124,51.19269136094596
45.349568,388,2301.806789,synthetic_track_0,0.3068891224429293,50.34956843192613
47.032205,396,2302.379042,synthetic_track_0,0.31714507476195014,52.03220471766525
46.947622,395,2302.858834,synthetic_track_0,0.3166295293633463,51.94762209016729
44.69672,383,2303.351186,synthetic_track_0,0.3029099027108871,49.69672028074609
45.07127,387,2305.061895,synthetic_track_0,0.3051928465519794,50.07127000814706
40.986043,365,2305.550932,synthetic_track_0,0.28029269856821254,45.986043086795675
45.259513,384,2306.078945,synthetic_track_0,0.3063402191000523,50.25951295454492
45.425012,396,2306.65441,synthetic_track_0,0.30734896106585186,50.425011562748686
42.689432,372,2307.155308,synthetic_track_0,0.29067514362230407,47.68943232255755
44.00798,380,2309.18449,synthetic_track_0,0.29871191456018836,49.00798002828137
44.238923,383,2309.726464,synthetic_track_0,0.30011954832275733,49.23892256508873
47.195799,404,2310.286385,synthetic_track_0,0.3181422071594762,52.19579860944376
45.960405,392,2310.816573,synthetic_track_0,0.31061227491959686,50.960405071929
45.039597,384,2311.390424,synthetic_track_0,0.30499979602049854,50.03959729564347
39.822739,361,2311.869124,synthetic_track_0,0.27320216223326904,44.82273875859588
46.672499,391,2313.807841,synthetic_track_0,0.314952604865176,51.67249854032072
44.757315,384,2314.354587,synthetic_track_0,0.30327923649676886,49.75731479311736
43.589618,629,2315.297858,synthetic_track_0,0.29616192756220583,48.589618035411064
44.867259,385,2315.845542,synthetic_track_0,0.303949364812828,49.867258968521845
40.815289,366,2317.537992,synthetic_track_0,0.27925192139516847,45.81528864271689
45.095007,390,2318.062546,synthetic_track_0,0.3053375276946226,50.09500702767494
42.324069,371,2318.540805,synthetic_track_0,0.2884481903149868,47.32406864642294
47.590248,397,2319.048873,synthetic_track_0,0.32054644331109394,52.59024808252634
43.594642,378,2319.555684,synthetic_track_0,0.29619254664841466,48.59464153629021
47.295799,401,2320.113072,synthetic_track_0,0.31875172397800533,52.29579859810627
46.928102,395,2321.877955,synthetic_track_0,0.3165105501633603,51.92810184349323
45.649147,390,2322.414758,synthetic_track_0,0.3087151066209922,50.64914736322595
51.277349,419,2322.970071,synthetic_track_0,0.34301994526508917,56.27734886840751
45.592708,391,2323.517034,synthetic_track_0,0.30837110112331384,50.592708320328505
47.228102,397,2324.055571,synthetic_track_0,0.3183391008772064,52.22810185185183
46.547354,392,2325.850835,synthetic_track_0,0.3141898247714341,51.547353510015796
45.490231,389,2326.425522,synthetic_track_0,0.30774648361885065,50.49023084724505
54.092002,438,2327.074871,synthetic_track_0,0.36017572903297723,59.09200160666232
44.393045,382,2327.598417,synthetic_track_0,0.30105895221666884,49.39304526668599
46.17393,428,2328.147979,synthetic_track_0,0.31191374645956077,51.17393017129385
44.092844,382,2329.897034,synthetic_track_0,0.299229176982941,49.092844358252826
45.494552,393,2330.434092,synthetic_track_0,0.3077728209547058,50.49455186547926
47.695799,403,2331.0258,synthetic_track_0,0.3211897915387738,52.69579859978571
53.621071,432,2331.613278,synthetic_track_0,0.3573053267799068,58.62107088902178
41.382236,368,2332.103588,synthetic_track_0,0.2827075617278632,46.382236073183385
46.995799,400,2333.884589,synthetic_track_0,0.3169231732715889,51.99579859096662
46.460405,398,2334.438123,synthetic_track_0,0.31365985935146035,51.460405070895135
44.857315,393,2334.995361,synthetic_track_0,0.30388875344762134,49.85731480348942
46.895799,401,2335.47963,synthetic_track_0,0.316313656632406,51.89579863172843
46.928102,393,2336.130203,synthetic_track_0,0.3165105501633603,51.92810184349323
41.56063,368,2338.133,synthetic_track_0,0.2837949032176771,46.56063006223862
38.079064,352,2338.665353,synthetic_track_0,0.2625741686786394,43.07906376447025
45.760405,390,2339.218306,synthetic_track_0,0.30939324139594504,50.76040511320992
37.013186,352,2339.800199,synthetic_track_0,0.25607746233780476,42.01318577607458
44.749712,388,2340.408154,synthetic_track_0,0.30323289867283393,49.74971240754362
47.495799,402,2341.050095,synthetic_track_0,0.3199707577815908,52.49579860275249
44.916357,391,2342.967977,synthetic_track_0,0.30424862775566386,49.91635735265324
47.618116,399,2343.525641,synthetic_track_0,0.32071630373853804,52.618116125379714
45.443216,392,2344.080058,synthetic_track_0,0.3074599179200984,50.44321562837801
44.688223,384,2344.593146,synthetic_track_0,0.3028581095993987,49.68822287689407
50.074098,410,2345.211723,synthetic_track_0,0.33568592525905505,55.074097546772286
52.139228,427,2347.060851,synthetic_track_0,0.34827324211652816,57.139227670788124
44.809879,385,2347.702092,synthetic_track_0,0.30359962226175596,49.80987867961299
46.591213,398,2348.191611,synthetic_track_0,0.3144571542263925,51.591212746795364
46.328102,393,2348.736822,synthetic_track_0,0.3128534490141755,51.328101872469176
45.828494,397,2349.280056,synthetic_track_0,0.3098082523359377,50.828493618780996
46.635163,416,2351.088194,synthetic_track_0,0.31472503616555575,51.63516262654415
40.111984,360,2351.677042,synthetic_track_0,0.2749651622914803,45.11198424038354
46.483419,398,2352.246731,synthetic_track_0,0.3138001350854195,51.48341931985284
30.838021,312,2352.678815,synthetic_track_0,0.21843878841346825,35.83802070878629
38.380082,356,2353.225685,synthetic_track_0,0.2644089247614477,43.38008185273575
44.25139,386,2354.97921,synthetic_track_0,0.3001955404894657,49.251390171524285
43.849264,379,2355.491633,synthetic_track_0,0.29774451103405347,48.84926358485489
44.580419,384,2356.047822,synthetic_track_0,0.3022010275462657,49.5804191283081
46.194946,687,2356.962174,synthetic_track_0,0.3120418384610697,51.19494550394629
46.440036,393,2357.501876,synthetic_track_0,0.3135357064939661,51.44003601139682
41.051623,363,2359.146945,synthetic_track_0,0.28069242090688723,46.051623277728034
45.21632,388,2359.654707,synthetic_track_0,0.30607694904526495,50.21631972066919
33.151667,331,2360.113076,synthetic_track_0,0.23254085068038216,38.1516665737397
46.794912,400,2360.638884,synthetic_track_0,0.31569873746259663,51.7949123097436
47.256484,401,2361.183027,synthetic_track_0,0.31851209662638247,52.256484289268435
45.460479,395,2362.966401,synthetic_track_0,0.30756514071436997,50.460478939109265
29.533215,312,2363.390911,synthetic_track_0,0.21048577970806065,34.53321540038996
44.659337,383,2363.928613,synthetic_track_0,0.3026820456199576,49.659337052233035
44.504048,383,2364.429937,synthetic_track_0,0.30173552976704987,49.50404753161231
47.559537,399,2364.950991,synthetic_track_0,0.32035925278077515,52.55953678738147
45.058779,388,2365.483831,synthetic_track_0,0.3051167140646954,50.058779380105626
46.695352,686,2367.716309,synthetic_track_0,0.3150918985858849,51.695351675899914
35.19777,339,2368.163917,synthetic_track_0,0.24501219383148778,40.19776954547797
44.277245,383,2368.67315,synthetic_track_0,0.3003531276413659,49.27724460724176
45.192708,388,2369.220069,synthetic_track_0,0.3059330337777145,50.192708353950664
44.718404,379,2370.976016,synthetic_track_0,0.30304206756988716,49.71840382416904
48.221964,404,2371.527841,synthetic_track_0,0.324396857855104,53.221963892561185
27.038368,299,2371.943393,synthetic_track_0,0.1952792648763057,32.03836822875413
44.038392,382,2372.47391,synthetic_track_0,0.2988972820520459,49.03839222778209
55.016701,438,2373.07906,synthetic_track_0,0.3658119285575318,60.01670109225691
44.430899,385,2373.585384,synthetic_track_0,0.3012896760668188,49.430898828224855
47.36888,399,2375.387868,synthetic_track_0,0.31919716704301876,52.368879930888255
45.236889,384,2375.92454,synthetic_track_0,0.30620232313346807,50.236889140606024
39.754646,356,2376.462318,synthetic_track_0,0.2727871256522769,44.754646046250556
46.260405,395,2377.021248,synthetic_track_0,0.3124408256592098,51.260405084515014
47.066361,396,2377.63705,synthetic_track_0,0.3173532642435759,52.06636119238317
45.225012,388,2379.370832,synthetic_track_0,0.30612992730866884,50.22501156571546
43.374949,378,2379.883265,synthetic_track_0,0.29485348614241674,48.37494942715145
46.528102,398,2380.421597,synthetic_track_0,0.31407248253782744,51.528101831188266
43.317298,377,2380.96416,synthetic_track_0,0.29450208934371913,48.317297735159414
45.78285,394,2381.461277,synthetic_track_0,0.3095300482298933,50.7828502392965
40.975751,367,2383.218168,synthetic_track_0,0.28022996391807353,45.975750566373044
44.809902,382,2383.77143,synthetic_track_0,0.3035997672668307,49.80990246977823
44.810877,389,2384.337157,synthetic_track_0,0.30360570777988966,49.81087709627005
43.082711,377,2384.863778,synthetic_track_0,0.2930722427879637,48.08271087058408
46.417893,405,2385.489219,synthetic_track_0,0.31340074229430337,51.417893195930816
42.324838,372,2385.992239,synthetic_track_0,0.2884528808427829,47.32483819487865
34.091904,342,2387.73358,synthetic_track_0,0.23827175868443054,39.09190434570755
38.879386,356,2388.228029,synthetic_track_0,0.2674522665593203,43.87938578665809
47.183339,396,2388.813291,synthetic_track_0,0.3180662612946203,52.18333859949213
45.425012,392,2389.408163,synthetic_track_0,0.30734896106585186,50.425011562748686
45.292708,388,2390.011745,synthetic_track_0,0.3065425504168974,50.29270831318885
45.609737,390,2391.832132,synthetic_track_0,0.30847489683447854,50.609737497578664
46.092708,392,2392.366682,synthetic_track_0,0.31141868564074543,51.09270833333332
42.696845,373,2392.885724,synthetic_track_0,0.2907203278847889,47.696845449806624
46.669824,405,2393.47026,synthetic_track_0,0.31493630231119935,51.66982387218478
46.71129,398,2394.03314,synthetic_track_0,0.31518904610241627,51.71129012133145
46.227639,399,2395.844821,synthetic_track_0,0.3122411078550822,51.22763851017067
52.03295,424,2396.449901,synthetic_track_0,0.34762546385310183,57.03295034253527
46.051449,392,2396.982903,synthetic_track_0,0.31116720395681685,51.05144915101514
42.437491,371,2397.503114,synthetic_track_0,0.2891395204827229,47.437491290120434
46.928102,400,2398.117059,synthetic_track_0,0.3165105501633603,51.92810184349324
45.32989,389,2398.683019,synthetic_track_0,0.30676917622754657,50.329889532486845
45.889232,385,2400.787091,synthetic_track_0,0.31017846229423046,50.88923187982089
42.631539,374,2401.396299,synthetic_track_0,0.2903222716009346,47.63153859909735
46.175212,392,2401.965586,synthetic_track_0,0.31192156003587307,51.17521210071546
45.496255,393,2402.603245,synthetic_track_0,0.30778320143899995,50.49625493302418
43.65334,380,2403.191171,synthetic_track_0,0.2965503244961237,48.65334013102455
45.378733,389,2405.118864,synthetic_track_0,0.3070668866188415,50.378733198238436
45.387209,387,2405.745904,synthetic_track_0,0.3071185461233444,50.38720868194545
45.914615,392,2406.294438,synthetic_track_0,0.31033317709359254,50.91461506484844
45.528133,392,2406.816704,synthetic_track_0,0.30797750283980235,50.528132868606406
45.626224,390,2407.31116,synthetic_track_0,0.3085753832834543,50.62622374283529
44.357315,384,2409.056612,synthetic_track_0,0.30084116906832375,49.357314813147475
46.628102,396,2409.572932,synthetic_track_0,0.3146819995412457,51.62810185018451
44.840084,392,2410.14094,synthetic_track_0,0.3037837311446739,49.840084386239575
46.677385,408,2410.715905,synthetic_track_0,0.31498239158314567,51.6773854792348
45.908978,399,2411.221883,synthetic_track_0,0.3102988158622856,50.90897761131694
46.428102,397,2413.092812,synthetic_track_0,0.31346296565335835,51.42810183170736
46.360405,394,2413.579135,synthetic_track_0,0.3130503425451298,51.360405084233975
46.910996,397,2414.124911,synthetic_track_0,0.31640628635227097,51.91099586772704
45.53819,391,2414.649928,synthetic_track_0,0.30803880312227677,50.53819006041162
43.766625,381,2415.106989,synthetic_track_0,0.2972408125215523,48.766624609180695
44.842548,387,2415.590901,synthetic_track_0,0.3037987491915272,49.84254831253236
44.625012,384,2417.316858,synthetic_track_0,0.302472826159484,49.6250115946914
29.467412,313,2417.749078,synthetic_track_0,0.21008469493128504,34.46741168191824
53.53232,430,2418.313078,synthetic_track_0,0.3567643754665789,58.532320056304314
44.641446,386,2418.815392,synthetic_track_0,0.3025729956397099,49.64144583667195
44.078003,381,2419.343626,synthetic_track_0,0.29913871584794555,49.07800290974977
50.969676,415,2421.168514,synthetic_track_0,0.3411446265992024,55.969675905781436
46.599938,395,2421.721857,synthetic_track_0,0.3145103348422538,51.59993779066869
46.328102,392,2422.213217,synthetic_track_0,0.3128534490141755,51.328101872469176
44.625012,386,2422.733919,synthetic_track_0,0.302472826159484,49.6250115946914
46.336387,405,2423.265304,synthetic_track_0,0.3129039509981309,51.336387448304734
40.545949,366,2425.003323,synthetic_track_0,0.27761025277951573,45.545949326782925
37.887137,353,2425.509295,synthetic_track_0,0.2614043423843338,42.88713695849634
45.792708,395,2426.030404,synthetic_track_0,0.30959013492689935,50.79270832497472
52.105069,424,2426.586351,synthetic_track_0,0.34806504183566345,57.105069424299955
39.181821,357,2427.007786,synthetic_track_0,0.26929565726008337,44.181820508019406
51.994686,422,2428.924516,synthetic_track_0,0.3473922372858335,56.994686174306224
46.254819,393,2429.449854,synthetic_track_0,0.31240677710301235,51.25481892982623
46.376832,396,2430.0209,synthetic_track_0,0.31315046441442534,51.37683151495755
45.959448,393,2430.585424,synthetic_track_0,0.3106064419418213,50.95944808814497
42.776326,376,2431.073924,synthetic_track_0,0.29120477797390765,47.776326445156904
44.289618,384,2431.602223,synthetic_track_0,0.3004285458293908,49.28961804423016
45.325012,395,2433.398299,synthetic_track_0,0.30673944411499937,50.32501155237662
45.240237,391,2433.914552,synthetic_track_0,0.306222725934217,50.24023651311742
45.932385,399,2434.45892,synthetic_track_0,0.31044148841916014,50.93238509349986
45.998873,395,2434.977952,synthetic_track_0,0.3108467460756026,50.99887343281663
46.928102,401,2435.501124,synthetic_track_0,0.3165105501633603,51.92810184349323
46.728102,403,2437.24894,synthetic_track_0,0.3152915163597748,51.72810183884702
45.893797,395,2437.763257,synthetic_track_0,0.31020628887868684,50.89379723067842
45.492708,390,2438.264551,synthetic_track_0,0.30776158430478473,50.492708331665995
45.492708,392,2438.959925,synthetic_track_0,0.30776158430478473,50.492708331665995
44.443808,387,2439.672929,synthetic_track_0,0.3013683593230855,49.44380794655499
44.636051,385,2441.421177,synthetic_track_0,0.302540111692601,49.63605075283159
45.411265,391,2441.928041,synthetic_track_0,0.30726517073762627,50.411264555910044
43.601868,383,2442.416695,synthetic_track_0,0.2962365921087188,48.60186782668475
50.657433,414,2443.029299,synthetic_track_0,0.3392414516577831,55.65743272105031
36.921094,351,2443.4689,synthetic_track_0,0.25551614767275815,41.92109404302573
46.628102,403,2445.164871,synthetic_track_0,0.3146819995412457,51.62810185018451
46.833889,399,2445.692193,synthetic_track_0,0.31593630801941464,51.83388917185165
46.20789,398,2446.407216,synthetic_track_0,0.31212073638908866,51.20788984226075
45.42798,393,2446.891191,synthetic_track_0,0.30736705479887616,50.427980099534366
45.362314,391,2447.380293,synthetic_track_0,0.3069668113104498,50.36231440649989
44.857315,387,2447.910506,synthetic_track_0,0.30388875344762134,49.85731480348942
43.663625,380,2449.609237,synthetic_track_0,0.2966130129159023,48.663625066692546
43.589618,378,2450.102653,synthetic_track_0,0.2961619275622059,48.58961803541107
38.472297,355,2450.622892,synthetic_track_0,0.2649709907305821,43.4722968480113
37.917736,353,2451.073208,synthetic_track_0,0.2615908509314065,42.91773636449426
50.181991,421,2451.663324,synthetic_track_0,0.336343554191163,55.18199101870901
46.861572,398,2453.475663,synthetic_track_0,0.3161050381549363,51.86157177408059
42.771382,374,2453.989551,synthetic_track_0,0.29117463985303993,47.77138185355014
45.597745,402,2454.537935,synthetic_track_0,0.3084017981329778,50.597744605669696
50.141526,404,2455.069221,synthetic_track_0,0.336096914606282,55.14152625228739
45.023675,394,2455.566323,synthetic_track_0,0.3049027442961005,50.023674566287276
50.416472,414,2457.321857,synthetic_track_0,0.337772752915392,55.41647159721753
44.611102,387,2457.908092,synthetic_track_0,0.3023880461787622,49.611102221146226
46.895799,398,2458.474598,synthetic_track_0,0.316313656632406,51.89579863172843
45.738337,402,2459.078286,synthetic_track_0,0.30925873272617205,50.738337033965166
33.434555,338,2459.550926,synthetic_track_0,0.23426510436157452,38.4345551558573
43.760137,380,2460.063137,synthetic_track_0,0.2972012667483943,48.76013655709216
46.484004,399,2461.885465,synthetic_track_0,0.3138037014680724,51.48400443615155
45.760405,392,2462.404715,synthetic_track_0,0.30939324139594504,50.76040511320992
44.058421,380,2462.871698,synthetic_track_0,0.2990193615123054,49.058421116683526
43.909024,382,2463.376291,synthetic_track_0,0.29810876362770083,48.909024454658166
45.487038,390,2463.929226,synthetic_track_0,0.30772701987806445,50.487037541008405
45.89282,399,2465.725284,synthetic_track_0,0.3102003338125332,50.8928202165424
45.768993,395,2466.260156,synthetic_track_0,0.309445586305126,50.76899304739895
45.093703,381,2466.753907,synthetic_track_0,0.30532958091480283,50.093703244304706
49.730308,405,2467.266904,synthetic_track_0,0.333590470109855,54.73030803220485
46.197093,385,2467.789258,synthetic_track_0,0.31205492549072267,51.197092619131865
33.519916,340,2469.417993,synthetic_track_0,0.2347853950870402,38.51991632238481
45.152921,389,2469.941244,synthetic_track_0,0.3056905224376814,50.15292088539095
43.281912,376,2470.453344,synthetic_track_0,0.29428640444179605,48.28191152908387
43.952916,381,2470.974652,synthetic_track_0,0.2983762897342543,48.95291595495644
35.968325,345,2471.416344,synthetic_track_0,0.24970885785058455,40.96832473671077
44.129649,383,2472.009219,synthetic_track_0,0.29945350980871294,49.129649380447226
43.489618,377,2473.842767,synthetic_track_0,0.295552410923023,48.48961807617288
43.165525,375,2474.401319,synthetic_track_0,0.29357700879359994,48.16552498383966
27.326216,299,2474.822263,synthetic_track_0,0.19703374577386046,32.32621601987409
44.307809,385,2475.355605,synthetic_track_0,0.3005394228669376,49.30780901478347
37.962384,359,2475.811157,synthetic_track_0,0.26186298289733895,42.962383522178314
46.111201,397,2477.54033,synthetic_track_0,0.3115314038902069,51.111201381146834
35.334516,344,2477.99682,synthetic_track_0,0.24584568871740187,40.33451635312605
49.71662,407,2478.488105,synthetic_track_0,0.3335070407865002,54.71662025340043
41.661132,379,2479.019682,synthetic_track_0,0.2844074791153444,46.66113193677178
51.210426,427,2479.579869,synthetic_track_0,0.3426120396674372,56.210426096302534
47.226555,402,2481.241867,synthetic_track_0,0.3183296716529817,52.226554852184385
46.133031,394,2481.777119,synthetic_track_0,0.31166446148231897,51.13303139025927
45.832341,392,2482.316656,synthetic_track_0,0.30983170183913616,50.83234084658949
45.5732,393,2482.829151,synthetic_track_0,0.3082521925039143,50.57319965341341
46.249107,624,2483.698126,synthetic_track_0,0.31237196130838374,51.24910689865285
46.18882,416,2485.56543,synthetic_track_0,0.31200450485753145,51.188820390057614
42.161951,372,2486.035798,synthetic_track_0,0.2874600538932349,47.16195067368075
43.576689,377,2486.55283,synthetic_track_0,0.296083121717812,48.57668880473791
41.337969,368,2487.029054,synthetic_track_0,0.2824377482352225,46.337969294343424
36.562825,343,2487.456478,synthetic_track_0,0.2533324364153833,41.56282484627631
42.879109,377,2487.982116,synthetic_track_0,0.2918312580046964,47.8791094924358
40.158379,361,2489.651144,synthetic_track_0,0.2752479438219233,45.158378612086864
36.674939,353,2490.128096,synthetic_track_0,0.2540157889111721,41.67493863830635
43.77013,381,2490.646954,synthetic_track_0,0.2972621765771173,48.77012968935131
45.239927,390,2491.163324,synthetic_track_0,0.30622083781475584,50.23992674000046
53.654097,432,2491.697917,synthetic_track_0,0.35750662381142284,58.65409655830189
45.525012,392,2493.400196,synthetic_track_0,0.3079584780225149,50.52501157407406
42.464884,372,2493.89788,synthetic_track_0,0.28930648467134723,47.464884163396306
42.518686,372,2494.408315,synthetic_track_0,0.2896344148929079,47.518685826355004
45.792037,414,2494.929179,synthetic_track_0,0.3095860430826886,50.79203699916017
39.837965,364,2495.426772,synthetic_track_0,0.2732949701665648,44.837965233067514
43.367501,376,2497.156753,synthetic_track_0,0.29480808872206693,48.367501328293
46.478141,711,2498.119357,synthetic_track_0,0.31376796468009055,51.478141302790206
44.825012,388,2498.596801,synthetic_track_0,0.3036918596831359,49.825011553410484
46.160405,398,2499.172155,synthetic_track_0,0.31183130874154436,51.16040507958776
1.612361,1023,2501.739336,synthetic_track_0,0.040303457511250515,6.6123610894136755
55.817005,444,2502.343819,synthetic_track_0,0.37068991535932894,60.817004890358426
44.657315,384,2502.86309,synthetic_track_0,0.3026697196904383,49.6573148064562
46.990965,398,2503.492046,synthetic_track_0,0.3168937088832581,51.99096453485946
49.792091,405,2505.422988,synthetic_track_0,0.3339670479875701,54.79209104188937
45.125012,390,2505.963017,synthetic_track_0,0.3055204104227488,50.1250115659965
44.483905,384,2506.497335,synthetic_track_0,0.30161276008857607,49.483905402499104
44.699789,386,2506.995774,synthetic_track_0,0.30292860932508064,49.69978936949049
27.438947,303,2507.380123,synthetic_track_0,0.19772085914085227,32.438946836842945
46.483572,390,2507.902519,synthetic_track_0,0.3138010684833507,51.48357245718999
42.897143,374,2509.603424,synthetic_track_0,0.29194117495077343,47.89714294619357
45.020738,392,2510.138031,synthetic_track_0,0.3048848445006606,50.02073784774788
49.894851,407,2510.66117,synthetic_track_0,0.3345933875176328,54.89485103800614
44.114128,384,2511.170649,synthetic_track_0,0.2993589032178991,49.11412781037536
41.172189,367,2511.621042,synthetic_track_0,0.2814272885633822,46.172188871792
45.678403,393,2513.383173,synthetic_track_0,0.30889342224557337,50.678402602612934
45.18715,391,2513.876686,synthetic_track_0,0.30589915403435586,50.18714989543276
45.143243,500,2514.588149,synthetic_track_0,0.305631532966597,50.1432428153848
48.838633,408,2515.109783,synthetic_track_0,0.32815556149445513,53.838633211429055
44.498162,383,2515.652911,synthetic_track_0,0.30169965679506755,49.49816205530965
50.465167,414,2517.546762,synthetic_track_0,0.3380695571999107,55.46516660313793
45.192708,388,2518.144481,synthetic_track_0,0.3059330337777145,50.192708353950664
36.880319,352,2518.61247,synthetic_track_0,0.2552676141327569,41.88031854606348
43.784755,380,2519.164565,synthetic_track_0,0.29735132232065337,48.784755328992276
51.346656,421,2519.740878,synthetic_track_0,0.3434423825581216,56.346655773860604
43.510483,376,2521.580269,synthetic_track_0,0.29567958824835766,48.51048334306131
45.492708,391,2522.084887,synthetic_track_0,0.30776158430478473,50.49270833166599
44.011444,382,2522.572871,synthetic_track_0,0.29873302650717043,49.01144374641788
45.713003,399,2523.076769,synthetic_track_0,0.30910431893495754,50.713003233647655
45.263154,388,2523.575715,synthetic_track_0,0.30636240934774345,50.26315358340055
42.6655,383,2525.322385,synthetic_track_0,0.29052927128277106,47.66549987007055
46.226148,396,2525.856374,synthetic_track_0,0.3122320218791431,51.22614782531461
43.381727,378,2526.418467,synthetic_track_0,0.29489479612874686,48.38172692375053
48.541794,413,2527.026399,synthetic_track_0,0.3263462733784126,53.54179350891176
46.423871,396,2527.618651,synthetic_track_0,0.3134371752696515,51.423870548829036
38.202259,353,2528.119194,synthetic_track_0,0.26332506417290985,43.20225895553156
46.873801,662,2530.239316,synthetic_track_0,0.316179576975017,51.87380093812724
44.587535,385,2530.773022,synthetic_track_0,0.30224439693950206,49.58753450018972
43.125383,377,2531.272325,synthetic_track_0,0.2933323388119453,48.12538335911704
43.054133,377,2531.862092,synthetic_track_0,0.2928980579373922,48.05413334400431
51.924876,422,2533.630334,synthetic_track_0,0.3469667324184258,56.92487598921684
52.037373,428,2534.218227,synthetic_track_0,0.34765241872743485,57.037372676826564
46.092708,396,2534.7449,synthetic_track_0,0.31141868564074543,51.09270833333332
45.492708,391,2535.272166,synthetic_track_0,0.30776158430478473,50.492708331665995
45.711256,621,2536.123198,synthetic_track_0,0.30909367151231965,50.71125637103335
44.357315,388,2537.854782,synthetic_track_0,0.30084116906832375,49.357314813147475
46.092708,393,2538.439316,synthetic_track_0,0.31141868564074543,51.09270833333332
48.357199,405,2539.02941,synthetic_track_0,0.3252211401256005,53.357199238327816
46.752071,398,2539.572106,synthetic_track_0,0.3154376133919269,51.752071155385465
44.997357,389,2540.081168,synthetic_track_0,0.30474233554863894,49.99735720729096
45.020611,387,2541.943262,synthetic_track_0,0.30488407233889786,50.02061116352003
46.161428,394,2542.541058,synthetic_track_0,0.31183754457883045,51.161428158260826
44.153627,380,2543.303157,synthetic_track_0,0.29959965947930167,49.15362733307727
46.162803,395,2543.883871,synthetic_track_0,0.31184592478569867,51.16280305156374
45.825966,429,2544.422986,synthetic_track_0,0.3097928463378056,50.825966043508735
40.97982,367,2546.324763,synthetic_track_0,0.280254769382265,45.979820259058314
44.963838,389,2546.901057,synthetic_track_0,0.3045380326660101,49.96383838496231
44.085925,383,2547.485668,synthetic_track_0,0.29918700311580887,49.08592512960013
43.340404,379,2548.138218,synthetic_track_0,0.29464292391998664,48.34040367022455
26.933696,301,2548.637338,synthetic_track_0,0.19464127100424802,31.933696170440005
44.391218,385,2549.291949,synthetic_track_0,0.3010478167776666,49.39121833797767
53.081612,433,2551.356262,synthetic_track_0,0.3540172362207317,58.081612405444076
45.083955,384,2551.863928,synthetic_track_0,0.3052701651762116,50.083955238991514
46.823924,398,2552.395355,synthetic_track_0,0.31587557146847,51.82392446830086
45.527743,392,2553.009874,synthetic_track_0,0.30797512816284095,50.52774326874304
45.075078,384,2553.570894,synthetic_track_0,0.3052160588465748,50.07507831847715
44.357315,384,2555.466836,synthetic_track_0,0.30084116906832375,49.357314813147475
38.364613,358,2555.984746,synthetic_track_0,0.2643146365155591,43.364612511721305
45.514741,392,2556.56223,synthetic_track_0,0.3078958773284485,50.514741031069164
46.430643,394,2557.105735,synthetic_track_0,0.31347845457747214,51.430643012177995
47.030667,389,2557.623031,synthetic_track_0,0.31713570364547267,52.03066725140835
46.306726,388,2559.572719,synthetic_track_0,0.3127231617357506,51.306726373107566
43.479185,377,2560.12826,synthetic_track_0,0.29548882122738035,48.47918527325423
45.378524,389,2560.719145,synthetic_track_0,0.30706561023656015,50.378523789392304
44.787863,387,2561.203213,synthetic_track_0,0.3034654342410825,49.78786320745855
42.996169,375,2561.746403,synthetic_track_0,0.29254475825618165,47.996169456804644
46.673934,394,2562.280377,synthetic_track_0,0.3149613535349221,51.67393388525104
44.057315,381,2564.029361,synthetic_track_0,0.29901261854125355,49.057314835432145
45.147272,387,2564.555415,synthetic_track_0,0.3056560924375457,50.147272149345355
50.334282,410,2565.079141,synthetic_track_0,0.33727179587274336,55.33428239904879
45.653301,389,2565.58538,synthetic_track_0,0.3087404234710495,50.65330095610762
42.838697,373,2566.071585,synthetic_track_0,0.29158493817723324,47.83869718681131
42.770622,374,2567.729881,synthetic_track_0,0.2911700060922941,47.77062161854437
43.624231,378,2568.251328,synthetic_track_0,0.2963728981735889,48.624230794411446
46.160405,391,2568.759005,synthetic_track_0,0.3118313087415443,51.160405079587754
45.591909,391,2569.251012,synthetic_track_0,0.30836623154875825,50.59190939668022
44.447352,382,2569.751287,synthetic_track_0,0.3013899604571932,49.447351922865735
46.726778,405,2571.534135,synthetic_track_0,0.3152834489116057,51.726778258100886
39.750483,357,2571.997896,synthetic_track_0,0.27276175412787795,44.75048348325784
45.601133,384,2572.463218,synthetic_track_0,0.30842245074281066,50.60113296294936
45.739396,391,2573.025368,synthetic_track_0,0.30926518631054867,50.73939583717597
46.383925,393,2573.585626,synthetic_track_0,0.31319370032972177,51.38392498786596
44.878997,386,2575.415359,synthetic_track_0,0.30402090819271527,49.878996687580795
43.128157,376,2575.956341,synthetic_track_0,0.29334924197509166,48.1281565658139
45.345321,387,2576.43638,synthetic_track_0,0.30686323128803195,50.34532061608662
46.670701,399,2576.947979,synthetic_track_0,0.3149416464514657,51.67070065515418
45.289515,389,2577.479082,synthetic_track_0,0.30652308579096665,50.289514861731526
46.116133,393,2577.972319,synthetic_track_0,0.31156146135452756,51.11613273988858
46.516889,394,2579.739753,synthetic_track_0,0.31400413893558327,51.51688908161056
46.698413,396,2580.259095,synthetic_track_0,0.31511055846283015,51.698413096727435
46.073217,394,2580.826441,synthetic_track_0,0.3112998822013532,51.073216922709136
45.503759,391,2581.325596,synthetic_track_0,0.3078289429279961,50.503759481285975
46.928102,395,2581.880245,synthetic_track_0,0.3165105501633603,51.92810184349323
46.238921,704,2584.320137,synthetic_track_0,0.3123098788908976,51.23892138636504
55.61125,446,2584.973093,synthetic_track_0,0.3694358044295155,60.611249979336414
45.960405,393,2585.476737,synthetic_track_0,0.3106122749195969,50.96040507192901
45.797446,392,2585.980031,synthetic_track_0,0.309619010412633,50.797445763152325
44.057315,383,2587.704588,synthetic_track_0,0.29901261854125355,49.057314835432145
43.637042,380,2588.212971,synthetic_track_0,0.29645098379410356,48.63704186201253
39.296611,360,2588.746007,synthetic_track_0,0.26999532391448877,44.29661087209323
44.776019,384,2589.303216,synthetic_track_0,0.3033932407185868,49.77601882316658
46.628102,400,2589.873359,synthetic_track_0,0.3146819995412457,51.62810185018451
45.64448,390,2590.405328,synthetic_track_0,0.30868666071200884,50.64448040328431
42.99507,373,2592.482134,synthetic_track_0,0.29253805870900396,47.99507029986353
46.315687,394,2593.131325,synthetic_track_0,0.3127777754228621,51.3156865329029
52.85131,427,2593.768213,synthetic_track_0,0.35261350214022513,57.851309667490774
44.181502,381,2594.35141,synthetic_track_0,0.29976955884509277,49.18150176432574
46.328102,546,2596.564881,synthetic_track_0,0.3128534490141755,51.328101872469176
44.725012,389,2597.137313,synthetic_track_0,0.3030823427986669,49.72501155392959
51.13201,415,2597.732909,synthetic_track_0,0.34213407779089805,56.13200958541713
36.884911,351,2598.216374,synthetic_track_0,0.255295606300526,41.88491106324176
49.579748,405,2598.84564,synthetic_track_0,0.332672782982661,54.57974827810883
33.575903,326,2599.303674,synthetic_track_0,0.23512664423286606,38.57590314617095
46.589362,394,2601.308266,synthetic_track_0,0.3144458733810273,51.58936196208471
45.701696,396,2601.94117,synthetic_track_0,0.30903540221422876,50.70169645575075
45.884967,383,2602.56533,synthetic_track_0,0.31015246685994663,50.88496695545025
46.897367,397,2603.243724,synthetic_track_0,0.3163232172802399,51.897367193326616
43.865444,382,2603.876951,synthetic_track_0,0.29784313590867517,48.86544441210066
45.411155,390,2605.795325,synthetic_track_0,0.3072645050414173,50.411155338885465
45.606353,388,2606.338348,synthetic_track_0,0.30845426846946394,50.60635311800967
45.184051,387,2606.905427,synthetic_track_0,0.3058802672026108,50.18405123941054
45.042682,385,2607.462288,synthetic_track_0,0.3050186002752809,50.04268240372888
44.280717,381,2608.053255,synthetic_track_0,0.30037429315379005,49.280717113558424
44.289445,379,2610.271134,synthetic_track_0,0.30042749339610997,49.28944537743418
32.66962,320,2610.782389,synthetic_track_0,0.22960269320164284,37.66961963814956
43.865226,378,2611.374652,synthetic_track_0,0.29784180672818555,48.865226340950116
45.760405,390,2611.902144,synthetic_track_0,0.30939324139594504,50.76040511320992
46.090884,392,2612.529353,synthetic_track_0,0.3114075686686691,51.09088443438943
46.478682,394,2613.070335,synthetic_track_0,0.3137712601507264,51.47868197208137
44.773862,386,2615.119292,synthetic_track_0,0.3033800951643945,49.77386210618974
43.631839,379,2615.673782,synthetic_track_0,0.29641927342685054,48.631839320803834
46.728102,392,2616.228317,synthetic_track_0,0.3152915163597748,51.72810183884702
43.050769,377,2616.771389,synthetic_track_0,0.2928775545522424,48.05076946917725
47.228102,685,2619.182307,synthetic_track_0,0.3183391008772064,52.22810185185183
48.69942,398,2619.709962,synthetic_track_0,0.32730703078132317,53.69941956036401
44.330675,381,2620.265556,synthetic_track_0,0.3006787967249359,49.33067529803603
43.262526,374,2620.748034,synthetic_track_0,0.2941682453617335,48.262525834862764
44.441652,382,2621.301401,synthetic_track_0,0.30135522139384,49.441652480560194
35.876419,337,2621.772846,synthetic_track_0,0.2491486794108279,40.87641941774052
50.094491,412,2623.732418,synthetic_track_0,0.3358102242242876,55.09449057734363
47.133398,387,2624.321839,synthetic_track_0,0.31776186780631005,52.13339847568485
44.884105,387,2624.937115,synthetic_track_0,0.30405204137765995,49.88410453374164
50.405513,411,2625.618396,synthetic_track_0,0.3377059614461023,55.40551349734452
45.760405,391,2626.190267,synthetic_track_0,0.30939324139594504,50.76040511320992
50.075412,403,2628.019422,synthetic_track_0,0.33569393545859516,55.07541173505855
44.725012,384,2628.511014,synthetic_track_0,0.3030823427986669,49.72501155392959
45.968699,394,2629.066875,synthetic_track_0,0.3106628261340141,50.96869872472893
46.72476,400,2629.690351,synthetic_track_0,0.31527114838066067,51.72476017932496
45.453189,388,2630.459185,synthetic_track_0,0.3075207075634669,50.45318904250351
45.837945,385,2632.155374,synthetic_track_0,0.30986585826684027,50.837944699148316
46.911758,400,2632.715364,synthetic_track_0,0.31641092876220217,51.911757521755895
46.012671,390,2633.288265,synthetic_track_0,0.3109308445392115,51.0126709936907
46.292249,616,2634.273101,synthetic_track_0,0.3126349168227507,51.29224852765481
45.512187,385,2634.818118,synthetic_track_0,0.307880309764606,50.51218694862152
45.498409,392,2636.611044,synthetic_track_0,0.3077963336574067,50.498409462073866
37.582096,353,2637.128015,synthetic_track_0,0.25954506409899897,42.582095650690235
37.239752,351,2637.645154,synthetic_track_0,0.2574584247175086,42.23975248943779
43.988516,379,2638.243061,synthetic_track_0,0.2985932774290238,48.988515902910656
42.568617,371,2638.823318,synthetic_track_0,0.2899387554327702,47.5686172632089
50.728946,422,2640.788701,synthetic_track_0,0.33967733552699025,55.72894573046009
47.376767,399,2641.304621,synthetic_track_0,0.3192452381613691,52.37676668830642
45.068454,384,2641.884778,synthetic_track_0,0.30517568261467964,50.068454017704795
39.590028,361,2642.344594,synthetic_track_0,0.2717837482113155,44.590027565397975
44.925012,387,2642.88162,synthetic_track_0,0.3043013766865542,49.92501157240673
47.135717,403,2643.403631,synthetic_track_0,0.3177759986315252,52.135716840524594
45.892708,392,2645.349241,synthetic_track_0,0.3101996517332299,50.89270831163588
46.437402,405,2645.944351,synthetic_track_0,0.31351965203846255,51.437402047378875
43.461103,379,2646.531204,synthetic_track_0,0.2953786079815412,48.4611032072647
42.872106,374,2647.077247,synthetic_track_0,0.29178856911412365,47.87210576679031
45.00895,386,2647.60462,synthetic_track_0,0.30481299462979694,50.00894984444207
45.960405,393,2649.353693,synthetic_track_0,0.31061227491959686,50.960405071929
46.260405,395,2649.9044,synthetic_track_0,0.3124408256592098,51.260405084515014
43.181113,374,2650.431497,synthetic_track_0,0.2936720203982513,48.18111300224885
44.700639,390,2650.964516,synthetic_track_0,0.30293379015871164,49.700639359660755
45.156933,389,2651.557347,synthetic_track_0,0.3057149778375712,50.15693314499949
46.603289,396,2653.638884,synthetic_track_0,0.3145307604284757,51.6032889014642
46.960609,393,2654.276859,synthetic_track_0,0.3167086849634574,51.96060870328944
41.862078,368,2654.812928,synthetic_track_0,0.28563227655620443,46.862077548896885
45.525012,393,2655.337424,synthetic_track_0,0.3079584780225149,50.52501157407406
44.646628,385,2655.881796,synthetic_track_0,0.3026045837670919,49.64662832267404
46.384938,394,2657.803023,synthetic_track_0,0.3131998756681187,51.384938140827295
37.186136,350,2658.319149,synthetic_track_0,0.2571316242740954,42.18613618281135
42.767526,374,2658.852014,synthetic_track_0,0.29115113728590714,47.767525919841056
44.343547,382,2659.386967,synthetic_track_0,0.3007572546888132,49.34354745391377
43.158121,375,2659.901075,synthetic_track_0,0.29353188090315646,48.15812110523365
46.166212,404,2660.432996,synthetic_track_0,0.3118667028337833,51.1662119887903
51.147291,426,2662.447115,synthetic_track_0,0.3422272191022894,56.14729075535371
44.657862,385,2662.978211,synthetic_track_0,0.302673055228248,49.65786204934272
45.180197,387,2663.532246,synthetic_track_0,0.3058567748238848,50.18019697725594
51.122845,420,2664.094531,synthetic_track_0,0.34207821567150853,56.12284460237515
41.267248,365,2664.579727,synthetic_track_0,0.28200668800233675,46.2672476717548
37.846071,348,2666.363508,synthetic_track_0,0.2611540357683171,42.846070562946785
46.365728,394,2666.896803,synthetic_track_0,0.3130827864048733,51.36572796542099
41.287505,369,2667.415386,synthetic_track_0,0.2821301595169183,46.287504947162056
41.712187,367,2667.941407,synthetic_track_0,0.28471866848212113,46.71218702205173
44.410586,396,2668.529259,synthetic_track_0,0.3011658672955983,49.410586221021916
38.121445,349,2668.978371,synthetic_track_0,0.2628324916419166,43.1214453569279
44.925012,387,2670.811917,synthetic_track_0,0.3043013766865542,49.92501157240673
45.792708,394,2671.363216,synthetic_track_0,0.30959013492689935,50.79270832497472
45.190956,383,2671.839409,synthetic_track_0,0.3059223506465687,50.19095563284275
46.036683,393,2672.431386,synthetic_track_0,0.3110772031170144,51.03668322054979
45.218421,380,2672.981742,synthetic_track_0,0.3060897581207736,50.21842123348509
46.38381,397,2674.774523,synthetic_track_0,0.3131929997353475,51.38381004529611
43.503383,374,2675.285271,synthetic_track_0,0.29563630872619123,48.50338271581955
38.869385,352,2675.755436,synthetic_track_0,0.26739130771135644,43.86938461208841
42.568631,371,2676.241051,synthetic_track_0,0.2899388380790794,47.568630822522984
44.457315,384,2676.854967,synthetic_track_0,0.3014506858868528,49.45731480180998
46.405592,394,2678.9003,synthetic_track_0,0.3133257635762635,51.40559186030564
45.630968,389,2679.592307,synthetic_track_0,0.30860429978309545,50.63096790993351
44.005926,379,2680.171374,synthetic_track_0,0.2986993970000659,49.005926342751664
45.425012,391,2680.785462,synthetic_track_0,0.30734896106585186,50.425011562748686
39.787349,358,2681.309933,synthetic_track_0,0.2729864530842538,44.78734857443659
47.945963,396,2681.880221,synthetic_track_0,0.322714587540897,52.945963284811015
25.816627,286,2683.492427,synthetic_track_0,0.18783254354264356,30.816626635575208
47.523405,427,2684.171236,synthetic_track_0,0.3201390262324139,52.52340545897538
43.26645,375,2684.757211,synthetic_track_0,0.2941921626402631,48.26644980793305
40.533252,361,2685.220984,synthetic_track_0,0.2775328624578892,45.53325233295113
38.19757,348,2685.730193,synthetic_track_0,0.26329648249963133,43.1975697215073
43.678866,379,2687.590343,synthetic_track_0,0.29670591178113753,48.67886645985492
45.392708,389,2688.15259,synthetic_track_0,0.3071520673013664,50.39270831266975
43.249803,376,2688.720373,synthetic_track_0,0.29409069602476734,48.24980275228053
44.521593,385,2689.224823,synthetic_track_0,0.30184247077795723,49.52159274046167
51.470466,413,2689.822362,synthetic_track_0,0.34419702881343145,56.47046633114318
42.804622,374,2690.4281,synthetic_track_0,0.2913772439122779,47.804621959501056
50.287078,432,2692.428356,synthetic_track_0,0.3369840783164439,55.28707820140682
46.91001,404,2693.058373,synthetic_track_0,0.3164002780152561,51.910010113741095
45.314006,384,2693.63349,synthetic_track_0,0.3066723619157493,50.31400575407781
44.676622,388,2694.150194,synthetic_track_0,0.30278740138669974,49.676622179008
38.628839,371,2694.633143,synthetic_track_0,0.265925142126743,43.62883908917318
39.051692,355,2696.411792,synthetic_track_0,0.2685025049252803,44.051692475327286
44.725012,387,2696.931458,synthetic_track_0,0.3030823427986669,49.72501155392959
41.993217,368,2697.512375,synthetic_track_0,0.2864315961087064,46.99321740223319
46.220988,394,2698.139151,synthetic_track_0,0.31220057098998344,51.22098785521406
41.840838,368,2698.67829,synthetic_track_0,0.2855028162979801,46.84083773407779
49.74896,401,2700.676262,synthetic_track_0,0.33370415450471763,54.74895959004833
51.838252,419,2701.369238,synthetic_track_0,0.3464387433089908,56.8382517922261
45.890891,395,2701.984715,synthetic_track_0,0.31018857518567683,50.89089104491567
45.525012,390,2702.787045,synthetic_track_0,0.3079584780225149,50.52501157407406
45.292708,434,2703.369186,synthetic_track_0,0.30654255041689743,50.292708313188854
39.522631,357,2705.156772,synthetic_track_0,0.27137295182011845,44.52263051709102
44.434485,383,2705.680252,synthetic_track_0,0.30131153356584933,49.4344848648834
42.558947,371,2706.230251,synthetic_track_0,0.2898798125044145,47.5589468292059
43.413104,378,2706.775361,synthetic_track_0,0.29508604631446544,48.413104263673176
45.571785,650,2707.712082,synthetic_track_0,0.3082435699255193,50.571784995580316
42.993226,375,2709.973229,synthetic_track_0,0.2925268146597914,47.99322555209022
45.192585,389,2710.532225,synthetic_track_0,0.30593227978423143,50.19258465049003
46.328102,398,2711.167153,synthetic_track_0,0.3128534490141755,51.328101872469176
45.792708,391,2711.822982,synthetic_track_0,0.30959013492689935,50.79270832497472
44.257315,666,2712.832972,synthetic_track_0,0.3002316520649054,49.25731479415123
50.903283,419,2714.61938,synthetic_track_0,0.3407399524885324,55.90328330553019
39.89933,358,2715.107407,synthetic_track_0,0.27366899586146687,44.89932952050417
46.660405,396,2715.664858,synthetic_track_0,0.31487889325897594,51.660405092592576
46.212264,419,2716.278972,synthetic_track_0,0.31214739588246476,51.21226371506346
41.41473,379,2716.880496,synthetic_track_0,0.28290561890596383,46.41473019797618
44.057315,387,2718.879457,synthetic_track_0,0.29901261854125355,49.057314835432145
45.61165,389,2719.428404,synthetic_track_0,0.30848655329741187,50.611649907746425
51.373064,430,2720.020241,synthetic_track_0,0.34360334800872666,56.37306446800362
40.247537,360,2720.518523,synthetic_track_0,0.27579138029421085,45.247537170826384
40.575085,390,2721.036557,synthetic_track_0,0.27778783833523474,45.575084787886986
45.520088,395,2722.895798,synthetic_track_0,0.30792846969196613,50.520088276433306
45.518607,385,2723.461453,synthetic_track_0,0.3079194384595361,50.5186065730362
40.328411,361,2723.964565,synthetic_track_0,0.2762843179302582,45.32841067015822
42.026477,372,2724.460821,synthetic_track_0,0.28663431995419175,47.0264771608385
48.18523,399,2725.011306,synthetic_track_0,0.3241729592823355,53.18523011580925
49.619378,412,2726.87042,synthetic_track_0,0.33291433058780007,54.6193776321169
44.208216,382,2727.436446,synthetic_track_0,0.2999323879276853,49.20821621406393
50.358651,414,2728.014484,synthetic_track_0,0.3374203253146179,55.358650787339286
38.207954,357,2728.470254,synthetic_track_0,0.2633597741389635,43.20795362400718
46.866641,399,2729.026262,synthetic_track_0,0.31613593824819053,51.86664137820169
39.648416,358,2729.559645,synthetic_track_0,0.2721396336201539,44.64841567835419
38.319565,349,2731.327407,synthetic_track_0,0.26404006301848987,43.31956478578618
39.095403,352,2731.794766,synthetic_track_0,0.26876892572579814,44.095402634294736
46.4252,395,2732.307017,synthetic_track_0,0.31344528012284456,51.425200266406605
46.898058,398,2732.860308,synthetic_track_0,0.3163274249640554,51.89805752429216
46.260405,404,2733.420102,synthetic_track_0,0.3124408256592098,51.260405084515014
41.822348,370,2735.153402,synthetic_track_0,0.28539011801184994,46.822347961535506
31.608983,323,2735.625101,synthetic_track_0,0.22313793244610136,36.60898278186054
38.869834,359,2736.131885,synthetic_track_0,0.26739404912766807,43.869834380809706
45.860405,392,2736.702646,synthetic_track_0,0.31000275803512795,50.86040507244811
46.482117,397,2737.241353,synthetic_track_0,0.3137921986396409,51.48211723193049
46.828102,673,2739.513036,synthetic_track_0,0.3159010332774403,51.82810184377427
39.613691,355,2739.985482,synthetic_track_0,0.2719279797408547,44.613690819438276
46.259255,396,2740.550099,synthetic_track_0,0.3124338161939859,51.25925508106702
25.24095,283,2741.002838,synthetic_track_0,0.18432369484678865,30.240949608892464
50.082376,409,2741.65948,synthetic_track_0,0.3357363855170506,55.082376276864814
39.636051,356,2743.459334,synthetic_track_0,0.27206426756130336,44.63605079390559
45.217624,385,2744.033352,synthetic_track_0,0.306084900754831,50.21762431283512
47.081177,400,2744.542953,synthetic_track_0,0.31744356848504873,52.08117690025035
50.778757,419,2745.156069,synthetic_track_0,0.33998094071658264,55.778756522540256
22.600957,267,2745.516826,synthetic_track_0,0.16823249384537708,27.60095696424239
46.431816,398,2746.037425,synthetic_track_0,0.3134856012602789,51.43181552814134
44.40795,384,2747.884554,synthetic_track_0,0.30114980136283376,49.40795037399445
46.072531,393,2748.415673,synthetic_track_0,0.311295702680502,51.072531212282406
43.984135,380,2748.939408,synthetic_track_0,0.29856657304666273,48.98413466542521
46.202646,392,2749.474968,synthetic_track_0,0.3120887746998279,51.20264606806691
40.153559,359,2749.996801,synthetic_track_0,0.2752185665351282,45.153558846237694
37.985255,352,2751.739453,synthetic_track_0,0.26200239144956705,42.985255497517585
41.359752,367,2752.311802,synthetic_track_0,0.282570516696754,46.35975186743128
40.893179,364,2752.832098,synthetic_track_0,0.2797266739984758,45.893178626233336
53.624068,437,2753.395459,synthetic_track_0,0.35732359509123895,58.624068067886355
41.708928,365,2753.948367,synthetic_track_0,0.2846988058122531,46.70892826576933
46.551901,393,2754.519443,synthetic_track_0,0.3142175407597648,51.55190071599041
39.97039,359,2756.329362,synthetic_track_0,0.27410212255545835,44.97039017571809
46.428105,393,2756.886955,synthetic_track_0,0.3134629853001006,51.42810505503761
44.278198,388,2757.431458,synthetic_track_0,0.30035893956946985,49.278198137524825
38.889929,354,2757.995478,synthetic_track_0,0.26751652833946993,43.88992885469336
48.965977,409,2758.565655,synthetic_track_0,0.32893174356396165,53.965977028352775
39.820154,356,2760.383284,synthetic_track_0,0.2731864072905651,44.82015393395466
46.169428,425,2761.05563,synthetic_track_0,0.31188630390596844,51.169427826215454
45.847123,394,2761.676918,synthetic_track_0,0.3099218043843838,50.84712346329393
49.905941,407,2762.196961,synthetic_track_0,0.33466098462027927,54.90594131360276
45.494037,392,2762.7561,synthetic_track_0,0.3077696815781619,50.49403680566589
41.612342,368,2764.569409,synthetic_track_0,0.28411009366732193,46.61234158263125
38.030356,353,2765.086668,synthetic_track_0,0.26227728685872326,43.03035603775425
45.155764,403,2765.693178,synthetic_track_0,0.3057078538612794,50.15576435436608
23.56841,272,2766.058186,synthetic_track_0,0.1741292816954792,28.56840970751282
45.54577,409,2766.603712,synthetic_track_0,0.30808500664930905,50.54577041264955
25.574077,284,2766.989385,synthetic_track_0,0.1863541643559695,30.57407729581611
45.788195,393,2768.765656,synthetic_track_0,0.30956262738806084,50.7881953181333
44.295147,380,2769.267298,synthetic_track_0,0.30046224277526307,49.29514651219486
45.688077,392,2769.834576,synthetic_track_0,0.30895239115986145,50.68807729998139
45.592708,408,2770.420326,synthetic_track_0,0.3083711011233138,50.5927083203285
46.316055,418,2770.978447,synthetic_track_0,0.31278002067036825,51.31605489800512
41.142968,363,2772.774695,synthetic_track_0,0.28124917979560254,46.14296757023441
45.325012,392,2773.339436,synthetic_track_0,0.3067394441149993,50.325011552376615
43.864588,379,2773.865325,synthetic_track_0,0.2978379135861118,48.864587615075116
43.782104,379,2774.437236,synthetic_track_0,0.29733516369641944,48.78210427459793
46.064706,410,2774.972283,synthetic_track_0,0.3112480054240659,51.06470579228112
45.650716,384,2775.471442,synthetic_track_0,0.308724669055569,50.65071621796497
38.626567,355,2777.331979,synthetic_track_0,0.26591129173976313,43.62656673425392
45.992708,392,2777.868367,synthetic_track_0,0.31080916868408237,50.99270832200794
45.192708,394,2778.442857,synthetic_track_0,0.3059330337777145,50.192708353950664
46.031961,405,2779.11369,synthetic_track_0,0.31104841736027544,51.031960503702564
25.052827,282,2779.532891,synthetic_track_0,0.18317705444451998,30.052826781529713
35.515395,346,2781.362657,synthetic_track_0,0.24694817386083717,40.515394876068484
46.406167,405,2781.932769,synthetic_track_0,0.3133292683420509,51.406166867472535
45.155607,384,2782.446408,synthetic_track_0,0.30570689747725904,50.155607445830846
45.798296,394,2782.982415,synthetic_track_0,0.3096241914825357,50.79829579208636
45.325012,396,2783.623724,synthetic_track_0,0.30673944411499937,50.32501155237662
45.354628,404,2784.314485,synthetic_track_0,0.3069199592805206,50.35462765804718
38.741998,353,2786.607445,synthetic_track_0,0.26661486430294257,43.74199791876329
39.784434,357,2787.360113,synthetic_track_0,0.27296869004503826,44.78443429272005
49.606828,403,2788.201516,synthetic_track_0,0.3328378390562313,54.60682809770354
33.745299,339,2788.775615,synthetic_track_0,0.23615913924898663,38.745298783448554
40.486284,365,2789.34644,synthetic_track_0,0.277246583219467,45.486284112015696
44.732948,408,2791.470508,synthetic_track_0,0.3031307168040231,49.732948004311474
51.001979,418,2792.164624,synthetic_track_0,0.34134152029730447,56.00197914496922
44.725012,383,2792.845784,synthetic_track_0,0.3030823427986669,49.72501155392959
45.915244,413,2793.606798,synthetic_track_0,0.3103370123383985,50.91524429184507
46.605455,402,2794.303392,synthetic_track_0,0.3145439612310813,51.60545468273678
45.853666,397,2796.528366,synthetic_track_0,0.30996168460136164,50.85366638569477
46.660405,398,2797.196207,synthetic_track_0,0.31487889325897594,51.660405092592576
45.753708,391,2797.861299,synthetic_track_0,0.30935242104628485,50.75370794853927
44.562467,383,2798.503053,synthetic_track_0,0.3020916092203377,49.562467480347536
46.360405,393,2799.167436,synthetic_track_0,0.3130503425451298,51.360405084233975
50.521238,411,2801.740366,synthetic_track_0,0.3384113198768354,55.52123767907676
49.418884,402,2802.498422,synthetic_track_0,0.3316922898369415,54.4188842945813
46.257567,405,2803.175542,synthetic_track_0,0.31242352548443175,51.25756674235763
45.262325,395,2803.914469,synthetic_track_0,0.3063573591782334,50.26232503055608
40.024259,359,2804.672338,synthetic_track_0,0.27443045973938063,45.024258606697465
41.215119,383,2805.39483,synthetic_track_0,0.28168895510748654,46.215119026708706
50.922822,425,2807.697437,synthetic_track_0,0.34085904131719164,55.922821538362705
55.975021,458,2808.522376,synthetic_track_0,0.37165305182024283,60.975021260446894
45.911245,406,2809.206875,synthetic_track_0,0.31031263450043983,50.911244757385354
24.822621,281,2809.742254,synthetic_track_0,0.18177391268588908,29.822621222487722
45.860405,402,2810.384936,synthetic_track_0,0.31000275803512795,50.86040507244811
23.636628,273,2812.202433,synthetic_track_0,0.1745450827548259,28.636627843512528
42.981662,376,2812.914508,synthetic_track_0,0.2924563328974807,47.98166200664287
31.063829,323,2813.516578,synthetic_track_0,0.2198151267012322,36.063828773450226
46.844649,403,2814.229321,synthetic_track_0,0.3160018935341895,51.8446494175652
49.986373,417,2814.913795,synthetic_track_0,0.3351512319507475,54.986373429663075
51.182635,421,2816.99275,synthetic_track_0,0.34244264973435434,56.18263524480691
43.589618,381,2817.645916,synthetic_track_0,0.29616192756220583,48.589618035411064
41.529998,364,2818.272387,synthetic_track_0,0.2836081928506176,46.52999754477311
24.583956,280,2818.770521,synthetic_track_0,0.1803192093566203,29.583956247195907
56.472651,458,2819.626871,synthetic_track_0,0.3746861898989708,61.47265112768598
24.280178,277,2820.146977,synthetic_track_0,0.17846762975200242,29.280178018538734
40.359818,365,2822.294683,synthetic_track_0,0.27647575196483926,45.359818173127415
22.765275,268,2822.673321,synthetic_track_0,0.1692340389599915,27.765274825639768
46.137276,394,2823.263948,synthetic_track_0,0.3116903326455589,51.13727592618023
43.405013,377,2823.867148,synthetic_track_0,0.2950367261871107,48.40501258838814
46.05422,396,2824.445621,synthetic_track_0,0.3111840918240123,51.05421984819156
44.991744,380,2824.970322,synthetic_track_0,0.30470812029478533,49.99174370345738
41.666458,367,2826.832431,synthetic_track_0,0.28443994268508976,46.6664580516677
46.139318,394,2827.414675,synthetic_track_0,0.3117027804755423,51.13931817147908
24.017428,277,2827.834463,synthetic_track_0,0.17686612209623845,29.0174276849125
43.671959,379,2828.476794,synthetic_track_0,0.296663810513105,48.67195914212726
45.859327,398,2829.042955,synthetic_track_0,0.30999618962096537,50.85932742976161
49.926198,417,2831.023393,synthetic_track_0,0.33478445222440495,54.92619794744356
44.336431,380,2831.683124,synthetic_track_0,0.30071387611697564,49.33643057615079
30.34021,321,2832.163427,synthetic_track_0,0.21540454961670585,35.340210252943876
42.098763,372,2832.694645,synthetic_track_0,0.28707491307419036,47.0987627904803
44.957315,390,2833.294657,synthetic_track_0,0.30449827040428445,49.9573148148148
25.590276,284,2833.679053,synthetic_track_0,0.18645289796648895,30.590275962747697
26.170871,288,2835.44053,synthetic_track_0,0.18999172140876655,31.170870777112924
46.560405,414,2836.045368,synthetic_track_0,0.3142693763023129,51.560405081267206
34.496714,345,2836.548337,synthetic_track_0,0.24073914372546446,39.49671430111596
26.037022,287,2836.957349,synthetic_track_0,0.18917589281989558,31.03702237923848
42.917254,376,2837.523086,synthetic_track_0,0.29206375510856053,47.917253981716
46.049295,394,2838.076907,synthetic_track_0,0.31115407384736005,51.04929496796899
45.192708,391,2840.017391,synthetic_track_0,0.3059330337777145,50.192708353950664
46.728102,400,2840.61308,synthetic_track_0,0.31529151635977476,51.72810183884701
41.204142,365,2841.122378,synthetic_track_0,0.28162205031173204,46.20414233400142
45.760405,399,2841.953252,synthetic_track_0,0.30939324139594504,50.76040511320992
40.441309,360,2842.506654,synthetic_track_0,0.2769724550462066,45.441309447847665
24.597221,284,2843.016517,synthetic_track_0,0.1804000615102269,29.597221204286853
39.526466,356,2844.857425,synthetic_track_0,0.27139632739522035,44.526465615933425
38.973934,357,2845.378491,synthetic_track_0,0.2680285547705493,43.973934145025474
37.028117,343,2845.89541,synthetic_track_0,0.25616847119883185,42.02811708690019
44.389618,388,2846.539187,synthetic_track_0,0.3010380627860539,49.38961805555554
40.280875,362,2847.027263,synthetic_track_0,0.2759945802209924,45.28087503740636
40.201004,360,2848.87043,synthetic_track_0,0.2755077506980615,45.20100366176303
45.760405,398,2849.434741,synthetic_track_0,0.30939324139594504,50.76040511320992
43.902803,379,2850.070218,synthetic_track_0,0.29807084527002375,48.9028034034541
39.980343,360,2850.583292,synthetic_track_0,0.27416278551236695,44.98034280511022
37.262315,352,2851.355599,synthetic_track_0,0.25759594666591795,42.26231494032301
51.253655,420,2851.934731,synthetic_track_0,0.34287552770322,56.25365509309145
46.018283,399,2853.971456,synthetic_track_0,0.3109650497933759,51.01828285693164
43.875224,380,2854.513352,synthetic_track_0,0.2979027462783687,48.875224349441694
46.078891,394,2855.084937,synthetic_track_0,0.311334466636004,51.078890995955106
53.90816,430,2855.836597,synthetic_track_0,0.3590551815748239,58.908159701558624
46.095217,396,2856.389249,synthetic_track_0,0.311433977651762,51.09521720738207
46.274749,398,2858.383042,synthetic_track_0,0.3125282512738554,51.27474851230504
45.59171,385,2858.963389,synthetic_track_0,0.3083650167915166,50.59171009830698
42.188616,371,2859.491065,synthetic_track_0,0.28762258113594796,47.188615602251346
40.065185,364,2860.108319,synthetic_track_0,0.2746799107029004,45.065184620165034
41.138013,364,2860.623524,synthetic_track_0,0.2812189807375008,46.13801298099916
40.554692,360,2862.726321,synthetic_track_0,0.277663542532272,45.55469227613141
44.344708,392,2863.283778,synthetic_track_0,0.3007643287227152,49.34470805078082
38.680334,364,2863.840506,synthetic_track_0,0.26623900947269047,43.68033353540031
43.23129,380,2864.418552,synthetic_track_0,0.2939778565366014,48.23128981351618
55.141494,445,2865.092257,synthetic_track_0,0.3665725643603943,60.14149432084428
43.414836,378,2866.993365,synthetic_track_0,0.29509660333673976,48.4148362948094
41.494144,368,2867.531444,synthetic_track_0,0.28338966248424635,46.494144499384994
27.622842,309,2867.967512,synthetic_track_0,0.1988417285280501,32.62284155903031
46.646476,389,2868.511216,synthetic_track_0,0.31479399216023685,51.64647584789703
42.201967,371,2869.085477,synthetic_track_0,0.28770395950255423,47.20196689214296
39.017136,356,2869.586763,synthetic_track_0,0.26829187963696993,44.01713637153691
42.421969,371,2871.528476,synthetic_track_0,0.2890449103714183,47.421969142461485
42.130563,371,2872.050253,synthetic_track_0,0.28726873982715995,47.13056285326811
49.722283,412,2872.649099,synthetic_track_0,0.3335415586996657,54.722283412841264
46.092708,396,2873.194556,synthetic_track_0,0.31141868564074543,51.09270833333332
40.003093,360,2873.75915,synthetic_track_0,0.27430145178411286,45.0030929986749
39.113577,356,2874.262475,synthetic_track_0,0.2688797041487629,44.113577425709444
44.088484,648,2876.730102,synthetic_track_0,0.29920259983311936,49.088483995092936
45.639758,631,2877.688215,synthetic_track_0,0.30865787705142134,50.63975803034083
40.905891,364,2878.266505,synthetic_track_0,0.27980415727987984,45.90589087145183
46.160405,392,2878.845583,synthetic_track_0,0.31183130874154436,51.16040507958776
45.7074,711,2881.293341,synthetic_track_0,0.30907016460231085,50.70739972481309
41.411615,367,2881.845774,synthetic_track_0,0.2828866299044844,46.41161477954156
41.415483,366,2882.386967,synthetic_track_0,0.2829102090704899,46.41548328039592
46.511689,409,2883.081354,synthetic_track_0,0.3139724406713519,51.511688526076405
49.466586,404,2885.033488,synthetic_track_0,0.3319830376323983,54.46658564648081
43.451815,385,2885.628467,synthetic_track_0,0.2953219942207144,48.451814906649005
45.860405,398,2886.203018,synthetic_track_0,0.3100027580351279,50.8604050724481
46.237712,395,2886.792497,synthetic_track_0,0.312302506304279,51.23771180763668
56.21125,453,2887.469208,synthetic_track_0,0.3730929058122315,61.21124998867461
23.485542,273,2889.179577,synthetic_track_0,0.1736241911035374,28.48554234121174
38.350262,356,2889.721269,synthetic_track_0,0.2642271664344992,43.35026178857735
41.246488,366,2890.239798,synthetic_track_0,0.28188015233119934,46.24648767745361
48.51279,404,2890.80458,synthetic_track_0,0.32616948928227063,53.512789538762796
40.481393,368,2891.324528,synthetic_track_0,0.27721677127383904,45.48139303414192
38.880086,355,2891.972351,synthetic_track_0,0.26745653167426653,43.88008554002551
40.940636,379,2893.816729,synthetic_track_0,0.28001593568305644,45.94063616029838
41.264167,367,2894.411505,synthetic_track_0,0.2819879095419905,46.264166795617115
44.974219,389,2894.963392,synthetic_track_0,0.30460130562180865,49.97421922216015
39.839406,359,2895.487047,synthetic_track_0,0.2733037545638954,44.839406439621236
45.760405,397,2896.051345,synthetic_track_0,0.30939324139594504,50.76040511320992
40.092688,360,2897.983471,synthetic_track_0,0.2748475455577005,45.09268752585992
39.081127,358,2898.521406,synthetic_track_0,0.26868191539790587,44.08112734026143
24.554501,285,2898.967168,synthetic_track_0,0.18013967646713558,29.55450129801773
49.676243,404,2899.567335,synthetic_track_0,0.3332609339315405,54.67624288897409
46.160405,395,2900.138387,synthetic_track_0,0.31183130874154436,51.16040507958776
40.018681,359,2900.657063,synthetic_track_0,0.2743964620854189,45.01868080325157
45.592708,399,2902.571428,synthetic_track_0,0.30837110112331384,50.592708320328505
45.046301,388,2903.173159,synthetic_track_0,0.305040658351295,50.0463013479225
42.356484,374,2903.694718,synthetic_track_0,0.2886457663303198,47.35648382955268
46.520286,399,2904.258461,synthetic_track_0,0.3140248438108713,51.520286013788834
40.903294,366,2904.76849,synthetic_track_0,0.27978832797562214,45.903293846729646
45.398401,390,2906.631419,synthetic_track_0,0.3071867678063372,50.39840142891884
46.742211,402,2907.244505,synthetic_track_0,0.3153775157966285,51.74221128168586
46.012676,393,2907.883229,synthetic_track_0,0.31093087323327956,51.0126757013647
25.873419,286,2908.295472,synthetic_track_0,0.18817870395256603,30.873419222777628
42.425558,373,2908.822432,synthetic_track_0,0.28906678226305416,47.425557540433665
43.070625,383,2909.372095,synthetic_track_0,0.29299857677040125,48.07062490232675
38.746267,352,2911.267458,synthetic_track_0,0.26664088380734846,43.74626679218317
23.67835,274,2911.655071,synthetic_track_0,0.17479938810863554,28.678350289431496
41.051895,365,2912.240217,synthetic_track_0,0.2806940766281125,46.051894922576416
41.728292,368,2912.768223,synthetic_track_0,0.2848168325377306,46.72829224531973
46.882769,399,2913.354817,synthetic_track_0,0.3162342386515916,51.88276897128329
45.526951,390,2913.883283,synthetic_track_0,0.3079702977607397,50.52695077189853
42.517142,371,2915.767555,synthetic_track_0,0.2896250057958695,47.517142128841556
40.180691,363,2916.287148,synthetic_track_0,0.2753839405334039,45.180690825946726
50.120733,411,2916.918402,synthetic_track_0,0.3359701767719167,55.12073309020497
41.628455,368,2917.441415,synthetic_track_0,0.28420830515840717,46.628454588370374
44.235619,383,2918.021397,synthetic_track_0,0.3000994100715679,49.23561859573233
41.361847,368,2920.021276,synthetic_track_0,0.2825832889018428,46.361847331125226
46.724462,402,2920.687397,synthetic_track_0,0.31526933054512823,51.72446193729601
46.360405,396,2921.314604,synthetic_track_0,0.3130503425451298,51.360405084233975
41.138249,366,2921.860654,synthetic_track_0,0.28122042136675207,46.138249336919806
25.339757,284,2922.28319,synthetic_track_0,0.18492594314118221,30.33975709177162
39.53142,357,2922.769572,synthetic_track_0,0.27142652710323006,44.53142031179542
43.551662,380,2924.730422,synthetic_track_0,0.2959305772703043,48.55166169710517
46.824153,399,2925.334605,synthetic_track_0,0.31587696338927324,51.824152832901
40.289298,361,2925.904961,synthetic_track_0,0.27604592063937894,45.289298170452916
46.482263,398,2926.520531,synthetic_track_0,0.3137930882233462,51.482263180914565
45.969933,395,2927.073135,synthetic_track_0,0.3106703494720227,50.96993303638809
46.719043,397,2929.152139,synthetic_track_0,0.31523630416914444,51.71904348595301
44.37056,386,2929.714771,synthetic_track_0,0.30092189838945016,49.37055961780579
40.578346,363,2930.296765,synthetic_track_0,0.2778077135245511,45.578345598164695
46.060405,393,2930.958537,synthetic_track_0,0.31122179192301525,51.06040509092525
44.811753,382,2931.535481,synthetic_track_0,0.30361104693719604,49.81175306171329
42.173906,373,2933.540382,synthetic_track_0,0.28753292549941856,47.17390630734114
49.56989,417,2934.153345,synthetic_track_0,0.33261269662376153,54.56989024790185
24.719255,280,2934.540427,synthetic_track_0,0.18114387579743754,29.71925462162155
45.860405,395,2935.162682,synthetic_track_0,0.31000275803512795,50.86040507244811
50.27345,411,2935.740209,synthetic_track_0,0.33690101024836133,55.273449691718575
43.077592,375,2936.263166,synthetic_track_0,0.2930410451290733,48.0775924465464
39.141522,356,2938.16044,synthetic_track_0,0.26905003233685565,44.14152221141575
42.395503,372,2938.736756,synthetic_track_0,0.2888835970666181,47.39550337784147
45.125012,389,2939.322288,synthetic_track_0,0.3055204104227488,50.1250115659965
45.040683,393,2939.976541,synthetic_track_0,0.3050064145657232,50.040683163050744
39.833311,361,2940.534907,synthetic_track_0,0.2732666019730816,44.83331102346992
39.992476,359,2942.424554,synthetic_track_0,0.2742367393910067,44.99247600111188
41.984441,370,2942.950509,synthetic_track_0,0.286378100699581,46.98444071200347
46.060405,392,2943.519095,synthetic_track_0,0.31122179192301525,51.06040509092525
43.747284,378,2944.098184,synthetic_track_0,0.29712293121146344,48.74728448711342
41.894322,369,2944.709846,synthetic_track_0,0.2858288139392506,46.894322329481945
47.135038,400,2945.312187,synthetic_track_0,0.317771861691904,52.13503811616024
38.854068,353,2947.193351,synthetic_track_0,0.26729794776872157,43.8540675725561
26.08036,293,2947.612865,synthetic_track_0,0.18944004117818314,31.08035971141862
53.312221,433,2948.213958,synthetic_track_0,0.35542283577665407,58.312221201433445
39.448482,355,2948.729412,synthetic_track_0,0.2709210018036273,44.44848162545879
41.201123,368,2949.300123,synthetic_track_0,0.2816036495625571,46.20112342680651
39.705024,358,2951.181744,synthetic_track_0,0.27248467346247707,44.70502442034706
47.053621,399,2951.849382,synthetic_track_0,0.3172756090658335,52.05362074510139
45.756399,390,2952.404874,synthetic_track_0,0.3093688239267136,50.75639907667068
49.433816,417,2953.002149,synthetic_track_0,0.3317832986868005,54.43381560357462
45.574804,656,2954.007612,synthetic_track_0,0.308261968985765,50.57480362568212
39.853032,360,2955.863576,synthetic_track_0,0.27338680271133997,44.853031681042694
40.834409,365,2956.376723,synthetic_track_0,0.2793684625715805,45.83440889660593
43.535602,377,2956.91541,synthetic_track_0,0.2958326880209932,48.5356015597575
45.125012,392,2957.462892,synthetic_track_0,0.30552041042274874,50.125011565996495
46.561509,388,2958.06601,synthetic_track_0,0.3142761036458698,51.56150879860357
46.322251,394,2959.957449,synthetic_track_0,0.31281778449643605,51.32225059607912
43.944783,387,2960.566446,synthetic_track_0,0.2983267162407968,48.94478271132311
46.274647,395,2961.12843,synthetic_track_0,0.3125276336923343,51.274647189186076
41.996833,370,2961.684759,synthetic_track_0,0.2864536317570223,46.99683266684079
38.502651,354,2962.184751,synthetic_track_0,0.2651560064754311,43.502651338363066
27.475736,310,2962.673295,synthetic_track_0,0.19794509565417417,32.47573605759656
47.265414,399,2964.528113,synthetic_track_0,0.3185665269449793,52.26541436482518
46.812104,401,2965.135416,synthetic_track_0,0.31580352269597795,51.81210383232606
42.23696,371,2965.697573,synthetic_track_0,0.28791724669862584,47.23695972013496
37.390013,355,2966.192453,synthetic_track_0,0.2583742855784462,42.39001261832351
40.395603,362,2966.706555,synthetic_track_0,0.27669386807589724,45.39560325398137
45.335473,390,2968.63141,synthetic_track_0,0.30680320947848994,50.335473176128865
26.864599,292,2969.04267,synthetic_track_0,0.19422011123418323,31.864598860979008
49.284858,405,2969.685787,synthetic_track_0,0.330875377935072,54.284858163649645
46.64111,400,2970.242448,synthetic_track_0,0.31476128504041684,51.641109775113215
28.866164,314,2970.709229,synthetic_track_0,0.20641998913814646,33.866164059826914
45.831964,392,2971.267283,synthetic_track_0,0.3098294078653369,50.83196448723903
39.824702,355,2973.136855,synthetic_track_0,0.2732141287459217,44.82470203687339
45.192708,389,2973.727468,synthetic_track_0,0.3059330337777145,50.192708353950664
48.998889,399,2974.30737,synthetic_track_0,0.3291323468326968,53.99888887588405
38.044498,355,2974.837462,synthetic_track_0,0.2623634829979642,43.04449775244499
46.867998,407,2975.398391,synthetic_track_0,0.3161442072496091,51.86799802665333
29.317917,315,2977.212998,synthetic_track_0,0.209173502461877,34.317917469715766
46.197206,394,2977.763147,synthetic_track_0,0.31205561462874093,51.197205682121954
49.17502,408,2978.438871,synthetic_track_0,0.3302058955532797,54.175019963039304
38.887311,354,2978.96647,synthetic_track_0,0.2675005699493203,43.88731065157653
46.173181,411,2979.592593,synthetic_track_0,0.3119091801700935,51.17318100592043
43.415864,378,2980.114461,synthetic_track_0,0.29510286904060945,48.41586427352448
29.380944,318,2981.916085,synthetic_track_0,0.20955765833371537,34.380943758180095
39.280257,354,2982.424424,synthetic_track_0,0.2698956453710619,44.280257175345966
25.548315,284,2982.907303,synthetic_track_0,0.18619713886989978,30.54831500944542
40.08206,357,2983.483504,synthetic_track_0,0.2747827665388892,45.08205959739302
39.838521,358,2984.004544,synthetic_track_0,0.27329835729817836,44.83852094065861
46.728688,396,2984.580962,synthetic_track_0,0.3152950916784549,51.72868842122933
38.461839,350,2986.494576,synthetic_track_0,0.2649072485598924,43.46183902937115
44.857315,428,2987.153728,synthetic_track_0,0.3038887534476214,49.85731480348943
41.125063,364,2987.782694,synthetic_track_0,0.281140049661444,46.12506320427298
38.590464,350,2988.303191,synthetic_track_0,0.26569124039905084,43.59046415117918
44.625012,384,2988.883611,synthetic_track_0,0.302472826159484,49.6250115946914
39.462945,356,2990.752499,synthetic_track_0,0.27100916110713963,44.462945425445476
50.489622,415,2991.356479,synthetic_track_0,0.33821861802433467,55.48962217236798
54.474321,435,2992.032113,synthetic_track_0,0.36250603124618824,59.47432115522487
41.709999,371,2992.579387,synthetic_track_0,0.28470533159302885,46.70999891383637
41.628388,367,2993.090596,synthetic_track_0,0.2842079016176067,46.62838838170594
45.374117,408,2995.096659,synthetic_track_0,0.30703875213779297,50.37411733252259
40.340486,360,2995.618489,synthetic_track_0,0.27635791808670757,45.34048583295399
39.950932,358,2996.171976,synthetic_track_0,0.27398351881463356,44.9509315285122
46.656279,404,2996.820244,synthetic_track_0,0.31485374242407693,51.65627873688212
45.939938,395,2997.425492,synthetic_track_0,0.31048752215310255,50.93993758874264
49.975967,411,2998.080247,synthetic_track_0,0.3350878006065433,54.975966606572335
45.792708,391,3000.174911,synthetic_track_0,0.30959013492689935,50.79270832497472
40.291797,359,3000.747138,synthetic_track_0,0.2760611521120074,45.291797112309574
44.496061,380,3001.463467,synthetic_track_0,0.30168685253226796,49.496061332087805
46.944386,399,3002.102197,synthetic_track_0,0.3166098019983479,51.94438553259215
42.376686,373,3002.729369,synthetic_track_0,0.2887689007189075,47.37668579459846
46.054666,400,3004.80537,synthetic_track_0,0.3111868134577028,51.05466637128973
39.451495,356,3005.431423,synthetic_track_0,0.27093936966703586,44.45149513727137
47.763495,657,3006.570198,synthetic_track_0,0.32160241477770674,52.763495368703026
42.160652,372,3007.163373,synthetic_track_0,0.2874521379338918,47.16065194685238
39.539198,357,3007.777006,synthetic_track_0,0.2714739324056736,44.53919783255085
42.460615,371,3009.814777,synthetic_track_0,0.2892804618397598,47.4606147441045
50.326521,412,3010.639518,synthetic_track_0,0.3372244915404424,55.326521443895494
45.792708,393,3011.31111,synthetic_track_0,0.30959013492689935,50.79270832497472
44.168509,382,3011.971523,synthetic_track_0,0.2996903629588935,49.168508541692184
40.443564,363,3012.630888,synthetic_track_0,0.27698619415803993,45.443563546480874
45.892708,408,3014.940447,synthetic_track_0,0.3101996517332299,50.89270831163588
40.011003,360,3015.536593,synthetic_track_0,0.2743496623309242,45.011002631334726
45.760405,393,3016.179452,synthetic_track_0,0.30939324139594504,50.76040511320992
46.425912,398,3016.813028,synthetic_track_0,0.31344961960488754,51.425912220764395
40.316061,359,3017.372514,synthetic_track_0,0.2762090455653611,45.31606115754842
47.795799,404,3019.472793,synthetic_track_0,0.3217993084954369,52.79579861111109
45.192708,390,3020.162346,synthetic_track_0,0.3059330337777145,50.192708353950664
41.021499,363,3020.715373,synthetic_track_0,0.2805088068865781,46.0214987604202
45.860405,389,3021.468578,synthetic_track_0,0.31000275803512795,50.86040507244811
41.595403,367,3022.166882,synthetic_track_0,0.2840068522871749,46.595403351346484
45.592708,390,3022.921584,synthetic_track_0,0.30837110112331384,50.592708320328505
45.873673,400,3025.482586,synthetic_track_0,0.3100836278599975,50.87367292876356
44.657315,388,3026.36454,synthetic_track_0,0.3026697196904383,49.6573148064562
47.795799,637,3027.682605,synthetic_track_0,0.3217993084954369,52.79579861111109
51.224834,423,3028.444503,synthetic_track_0,0.3426998572653472,56.2248338345772
46.260405,394,3030.484882,synthetic_track_0,0.3124408256592098,51.260405084515014
26.805435,289,3030.93207,synthetic_track_0,0.193859498376399,31.805435142122157
37.89919,346,3031.531693,synthetic_track_0,0.26147780586835506,42.89918969821723
45.700878,391,3032.177595,synthetic_track_0,0.30903041195313147,50.700877731741855
50.057978,413,3032.858467,synthetic_track_0,0.33558767607524465,55.05797835700021
45.525012,578,3035.651913,synthetic_track_0,0.3079584780225149,50.52501157407406
46.056389,391,3036.228503,synthetic_track_0,0.31119731143239204,51.0563887148215
45.866487,391,3036.791511,synthetic_track_0,0.3100398279758936,50.86648692867192
45.616751,392,3037.41939,synthetic_track_0,0.3085176433510922,50.61675067760386
46.185389,394,3038.033077,synthetic_track_0,0.311983588286181,51.18538872609968
45.860405,393,3038.641276,synthetic_track_0,0.31000275803512795,50.86040507244811
40.702098,367,3040.531697,synthetic_track_0,0.2785620075139772,45.7020983611694
45.6642,391,3041.090508,synthetic_track_0,0.3088068543238095,50.664199891659344
46.428102,393,3041.633093,synthetic_track_0,0.3134629656533584,51.428101831707366
38.818468,359,3042.144877,synthetic_track_0,0.267080963904916,43.81846825312653
46.460405,394,3042.732029,synthetic_track_0,0.31365985935146035,51.460405070895135
50.315931,411,3044.529159,synthetic_track_0,0.3371599408643354,55.31593097832896
46.383479,396,3045.117594,synthetic_track_0,0.31319098135323603,51.3834789007204
40.511168,360,3045.599697,synthetic_track_0,0.27739825254742506,45.51116764371685
43.961326,379,3046.144911,synthetic_track_0,0.2984275511919749,48.96132613337162
47.228102,401,3046.705404,synthetic_track_0,0.3183391008772064,52.22810185185183
43.634971,378,3048.513506,synthetic_track_0,0.2964383622294248,48.63497111304153
45.860405,391,3049.093223,synthetic_track_0,0.31000275803512795,50.86040507244811
45.422484,391,3049.646888,synthetic_track_0,0.30733355233384085,50.42248353894432
43.826881,379,3050.119353,synthetic_track_0,0.2976080844162731,48.82688083869175
45.999957,392,3050.626993,synthetic_track_0,0.31085334935634856,50.999956795866936
30.058115,319,3051.042604,synthetic_track_0,0.21368513355493876,35.05811535177645
44.938031,386,3052.783152,synthetic_track_0,0.30438073463842785,49.93803138424194
43.997704,380,3053.235575,synthetic_track_0,0.2986492834043692,48.99770448758841
44.479152,382,3053.762949,synthetic_track_0,0.30158378825480514,49.47915215704213
40.273651,361,3054.203475,synthetic_track_0,0.2759505457300595,45.273650546694725
45.087681,387,3054.69495,synthetic_track_0,0.30529287291889595,50.08768077033365
46.092708,392,3069.827002,synthetic_track_0,0.31141868564074543,51.09270833333332
45.697332,392,3070.541626,synthetic_track_0,0.30900879998884173,50.697331978584195
48.42657,408,3071.23444,synthetic_track_0,0.32564396734018125,53.42657011601141
26.788761,287,3071.840265,synthetic_track_0,0.19375786462849076,31.788760665996826
44.519336,382,3072.487462,synthetic_track_0,0.30182871802898953,49.51933640446069
41.024973,618,3074.957529,synthetic_track_0,0.2805299839458311,46.024973161159984
43.689618,378,3075.55538,synthetic_track_0,0.29677144444667486,48.689618034891964
45.889985,391,3076.120874,synthetic_track_0,0.31018305412468694,50.88998523556044
45.760405,390,3076.758434,synthetic_track_0,0.30939324139594504,50.76040511320992
45.828457,391,3077.373383,synthetic_track_0,0.30980802899478926,50.828456976457716
44.263428,382,3079.288228,synthetic_track_0,0.3002689110910833,49.26342767255277
42.597137,370,3079.867114,synthetic_track_0,0.2901125909610375,47.597137478447294
45.121159,386,3080.493432,synthetic_track_0,0.3054969276984537,50.121158887789946
36.465084,351,3081.07023,synthetic_track_0,0.25273668834596213,41.4650838186676
46.98572,396,3081.707612,synthetic_track_0,0.31686174335490436,51.98572013080728
46.508921,394,3082.295558,synthetic_track_0,0.3139555750727766,51.50892148238697
27.901959,311,3084.247095,synthetic_track_0,0.2005429949241087,32.90195874685185
46.227939,388,3084.904578,synthetic_track_0,0.3122429394341142,51.227939007018115
40.342868,358,3085.567141,synthetic_track_0,0.2763724404039413,45.34286842768244
38.340452,352,3086.148476,synthetic_track_0,0.26416737196148277,43.340451646441885
45.662876,393,3086.801643,synthetic_track_0,0.30879878410024686,50.66287585557004
45.896242,390,3088.862489,synthetic_track_0,0.3102211923735976,50.8962423630797
46.662409,400,3089.482454,synthetic_track_0,0.31489110863717656,51.66240920083773
45.940394,391,3090.086348,synthetic_track_0,0.31049030565569224,50.94039426232235
46.096386,392,3090.721313,synthetic_track_0,0.31144110289974875,51.09638620665531
42.808094,372,3091.250606,synthetic_track_0,0.2913984072466908,47.80809410848369
47.148575,402,3091.86153,synthetic_track_0,0.31785437405172906,52.148575453927116
45.98606,393,3093.91961,synthetic_track_0,0.31076864600156245,50.9860599939071
45.66025,390,3094.557481,synthetic_track_0,0.3087827819693839,50.66025047616093
46.272663,391,3095.150593,synthetic_track_0,0.3125155403207261,51.27266309787481
42.562112,373,3095.761374,synthetic_track_0,0.2898991066204478,47.56211230606549
44.946911,388,3096.38965,synthetic_track_0,0.3044348574455144,49.9469110081186
44.458913,379,3098.297282,synthetic_track_0,0.30146042933957024,49.45891335517497
47.128102,399,3098.948435,synthetic_track_0,0.31772958392054335,52.12810184052646
45.876586,392,3099.567532,synthetic_track_0,0.3101013861881244,50.87658643755835
43.314985,378,3100.162336,synthetic_track_0,0.2944879906626301,48.31498464402526
44.757315,383,3100.728267,synthetic_track_0,0.3032792364967689,49.75731479311737
45.392708,388,3102.611592,synthetic_track_0,0.3071520673013664,50.39270831266975
45.860405,392,3103.205626,synthetic_track_0,0.3100027580351279,50.8604050724481
45.229637,381,3103.758331,synthetic_track_0,0.3061581185932541,50.22963675086738
42.690593,372,3104.291308,synthetic_track_0,0.2906822202825006,47.69059335030594
40.092841,361,3104.797133,synthetic_track_0,0.2748484793271985,45.092840724157945
45.292708,387,3105.318506,synthetic_track_0,0.30654255041689743,50.292708313188854
42.018768,369,3107.258266,synthetic_track_0,0.2865873306309964,47.01876788745351
46.534959,399,3107.824739,synthetic_track_0,0.31411427906053274,51.53495915106789
38.941298,353,3108.367643,synthetic_track_0,0.26782963320309583,43.94129820474399
46.162133,393,3108.908703,synthetic_track_0,0.3118418413553034,51.162133106156475
41.71593,367,3109.43568,synthetic_track_0,0.28474148077587264,46.71592970649811
46.006011,395,3111.673629,synthetic_track_0,0.3108902504243945,51.00601094609552
39.249982,354,3112.228159,synthetic_track_0,0.26971111086863886,44.24998163972633
46.438963,399,3112.890424,synthetic_track_0,0.3135291662865221,51.438962996427634
35.173616,342,3113.520677,synthetic_track_0,0.244864970908954,40.173615510451064
43.894689,379,3114.165654,synthetic_track_0,0.29802138398200057,48.89468856873389
44.257315,386,3116.111455,synthetic_track_0,0.30023165206490543,49.257314794151235
41.323741,366,3116.72356,synthetic_track_0,0.28235102338834844,46.32374083757156
46.31081,393,3117.340673,synthetic_track_0,0.31274805306749637,51.310810153598446
45.500488,389,3117.922418,synthetic_track_0,0.3078090050306399,50.50048838285363
45.99793,390,3118.515022,synthetic_track_0,0.3108409950414296,50.997929893057574
46.388008,402,3119.083377,synthetic_track_0,0.31321858868646485,51.38800828026492
44.476897,381,3121.048461,synthetic_track_0,0.3015700443517212,49.47689727233543
45.760405,390,3121.649546,synthetic_track_0,0.30939324139594504,50.76040511320992
43.126634,374,3122.176657,synthetic_track_0,0.29333996148158603,48.12663396755716
41.965059,370,3122.732902,synthetic_track_0,0.2862599682258651,46.96505938293568
43.077561,385,3123.254489,synthetic_track_0,0.2930408509994066,48.07756059678625
45.154866,382,3125.219447,synthetic_track_0,0.305702378912396,50.154866110364225
45.315582,389,3125.849646,synthetic_track_0,0.30668197122538965,50.31558229934429
46.602914,394,3126.476017,synthetic_track_0,0.31452847614727497,51.60291413232374
40.296688,359,3127.055739,synthetic_track_0,0.2760909636817694,45.29668812851714
45.504762,388,3127.602302,synthetic_track_0,0.3078350505708571,50.50476152782232
43.489618,376,3129.411559,synthetic_track_0,0.295552410923023,48.48961807617288
47.446928,407,3130.018365,synthetic_track_0,0.3196728839751343,52.44692812639649
39.619519,358,3130.530542,synthetic_track_0,0.2719635051563899,44.61951927411378
46.485387,401,3131.09508,synthetic_track_0,0.31381213063993113,51.48538736286446
48.494586,415,3131.73697,synthetic_track_0,0.32605853475185653,53.49458585439156
44.552327,380,3132.277562,synthetic_track_0,0.3020298017021158,49.55232706923245
47.037389,398,3134.174528,synthetic_track_0,0.31717667243879827,52.037388770394436
45.335834,391,3134.717196,synthetic_track_0,0.3068054059545405,50.33583353957328
44.002078,378,3135.301369,synthetic_track_0,0.2986759388598302,49.00207769791315
45.392708,389,3135.852461,synthetic_track_0,0.3071520673013664,50.39270831266975
46.278912,395,3136.428671,synthetic_track_0,0.312553627894112,51.278911911346384
40.249085,361,3138.210453,synthetic_track_0,0.2758008158871911,45.249085215379644
43.050783,373,3138.762633,synthetic_track_0,0.2928776393392278,48.050783379700015
45.77544,392,3139.305384,synthetic_track_0,0.30948487876005976,50.77543953899434
44.052867,380,3139.893149,synthetic_track_0,0.2989855060052295,49.05286663447592
41.676306,365,3140.39498,synthetic_track_0,0.28449996755489254,46.676305993705185
44.455815,381,3142.191773,synthetic_track_0,0.30144154326616596,49.45581482356945
42.703201,369,3142.714596,synthetic_track_0,0.2907590641126259,47.703200684357626
41.595237,367,3143.22089,synthetic_track_0,0.2840058399536528,46.59523726349188
43.662824,376,3143.739603,synthetic_track_0,0.29660812817020565,48.66282365400066
46.428102,394,3144.295347,synthetic_track_0,0.3134629656533584,51.428101831707366
36.575669,347,3144.772568,synthetic_track_0,0.253410721035844,41.5756685626768
46.660405,396,3146.67264,synthetic_track_0,0.31487889325897594,51.660405092592576
42.758179,372,3147.174507,synthetic_track_0,0.29109416398698523,47.758178631836756
52.257949,430,3147.786442,synthetic_track_0,0.34899686688439485,57.25794870748931
48.417009,407,3148.35501,synthetic_track_0,0.32558569150786293,53.41700912869494
39.574058,356,3148.909561,synthetic_track_0,0.27168640874236955,44.57405762741578
46.569269,394,3150.763091,synthetic_track_0,0.3143234037889863,51.569269066461
39.328512,357,3151.258639,synthetic_track_0,0.2701897686522147,44.32851232415653
44.354593,389,3151.813787,synthetic_track_0,0.30082458031386033,49.354593189710954
44.319348,380,3152.339468,synthetic_track_0,0.300609752601735,49.31934761793367
46.964428,398,3153.056267,synthetic_track_0,0.3167319632309554,51.96442783742179
46.081478,392,3154.881677,synthetic_track_0,0.3113502337341409,51.08147781486969
43.249452,375,3155.452279,synthetic_track_0,0.29408855530171407,48.249451535916116
46.33335,393,3156.024557,synthetic_track_0,0.3128854361047767,51.33334981411775
46.279663,394,3156.627132,synthetic_track_0,0.31255820729962214,51.27966322859502
45.125012,387,3157.247466,synthetic_track_0,0.30552041042274874,50.125011565996495
44.11471,379,3157.825324,synthetic_track_0,0.2993624534982601,49.114710284861786
46.263733,392,3159.635523,synthetic_track_0,0.31246111061727183,51.26373312324103
45.360861,387,3160.193669,synthetic_track_0,0.30695795010743016,50.360860598869714
42.825817,371,3160.728566,synthetic_track_0,0.29150643136128424,47.825817016049534
45.890904,398,3161.313562,synthetic_track_0,0.31018865503256715,50.89090414494488
46.124103,396,3161.884956,synthetic_track_0,0.3116100423735933,51.12410315384288
46.694002,403,3163.834519,synthetic_track_0,0.3150836734391929,51.69400222244606
46.320463,391,3164.418364,synthetic_track_0,0.31280689177409987,51.320463488526045
42.507301,372,3164.967632,synthetic_track_0,0.2895650212523971,47.50730080291779
44.547558,380,3165.54343,synthetic_track_0,0.3020007308184333,49.54755757321481
45.669261,388,3166.11637,synthetic_track_0,0.3088377025687545,50.6692609893206
45.663131,391,3168.456469,synthetic_track_0,0.3088003402461735,50.66313116366046
36.122383,342,3169.038677,synthetic_track_0,0.2506478699231843,41.122383154394036
43.720746,376,3169.689507,synthetic_track_0,0.2969611722716562,48.72074560966977
40.109229,358,3170.228652,synthetic_track_0,0.2749483662939106,45.109228615738765
46.774633,396,3170.829476,synthetic_track_0,0.3155751316963786,51.774633008427095
45.874579,383,3171.408268,synthetic_track_0,0.3100891479641341,50.87457858113327
46.130491,394,3173.332659,synthetic_track_0,0.3116489758187647,51.13049074473025
44.604957,617,3174.331591,synthetic_track_0,0.3023505923987207,49.604957390576075
42.809504,375,3174.872478,synthetic_track_0,0.2914070003953492,47.809503937945806
43.507736,376,3175.401657,synthetic_track_0,0.29566284458369996,48.50773630438241
45.421048,387,3175.982945,synthetic_track_0,0.3073247998030321,50.421047560551216
44.649713,381,3177.853338,synthetic_track_0,0.3026233841471914,49.64971279506209
47.754659,402,3178.515367,synthetic_track_0,0.3215485561670468,52.754659090044846
43.375719,377,3179.09359,synthetic_track_0,0.2948581763656527,48.3757189256397
46.49549,395,3179.661571,synthetic_track_0,0.3138737060060031,51.495489686084916
43.418113,376,3180.222522,synthetic_track_0,0.2951165751266708,48.41811295380544
36.566659,346,3182.093436,synthetic_track_0,0.25335580682590275,41.56665909779479
43.128693,374,3182.685748,synthetic_track_0,0.29335250900996895,48.12869256981044
44.172717,389,3183.262515,synthetic_track_0,0.29971601576480467,49.172717252957064
40.027707,359,3183.79569,synthetic_track_0,0.27445147962158617,45.02770722028505
35.593909,348,3184.302748,synthetic_track_0,0.24742673121952846,40.59390908435395
47.297891,402,3186.305782,synthetic_track_0,0.3187644769053382,52.29789089900747
46.877413,396,3186.875344,synthetic_track_0,0.3162015945005965,51.87741322943963
45.916427,392,3187.484695,synthetic_track_0,0.310344222631112,50.91642724392725
45.771918,389,3188.031842,synthetic_track_0,0.3094634158347288,50.77191823781854
43.157719,375,3188.593711,synthetic_track_0,0.29352943166767365,48.15771927297395
40.174275,357,3189.167002,synthetic_track_0,0.2753448363327633,45.17427522017204
46.125296,393,3191.115635,synthetic_track_0,0.311617310620846,51.12529561419963
42.268983,369,3191.704553,synthetic_track_0,0.2881124348174637,47.268983134546964
39.344684,353,3192.24243,synthetic_track_0,0.27028833856822154,44.34468413465215
43.460929,378,3192.773288,synthetic_track_0,0.29537754384065995,48.460928619668714
44.828079,384,3193.319887,synthetic_track_0,0.3037105566027186,49.82807905161473
44.973177,385,3195.275381,synthetic_track_0,0.30459495457133995,49.97317724110966
43.739004,376,3195.796922,synthetic_track_0,0.2970724628178015,48.73900442224795
44.625012,384,3196.406341,synthetic_track_0,0.302472826159484,49.6250115946914
40.983173,362,3196.950524,synthetic_track_0,0.2802752056663943,45.98317312499918
44.657315,388,3197.540284,synthetic_track_0,0.3026697196904383,49.6573148064562
46.336993,394,3198.124722,synthetic_track_0,0.3129076407124682,51.33699279893769
38.86928,354,3200.077589,synthetic_track_0,0.26739066732016814,43.86927954671593
49.808387,407,3200.751647,synthetic_track_0,0.33406637254978044,54.808386662933785
45.692708,392,3201.345625,synthetic_track_0,0.3089806180409793,50.69270832525576
46.43291,395,3201.929512,synthetic_track_0,0.3134922725050442,51.43291004166519
40.839971,359,3202.440674,synthetic_track_0,0.27940236196418483,45.83997057886481
45.990349,392,3204.349266,synthetic_track_0,0.31079478825487433,50.99034900604808
45.786097,391,3204.903589,synthetic_track_0,0.3095498365628961,50.78609679954845
44.801267,387,3205.503257,synthetic_track_0,0.30354713020531504,49.80126660380247
45.92534,392,3206.092646,synthetic_track_0,0.31039854504848136,50.92533961673784
46.613487,395,3206.662605,synthetic_track_0,0.31459291815215895,51.61348676881527
45.054354,601,3208.953409,synthetic_track_0,0.3050897389928713,50.05435373212581
43.124079,372,3209.473412,synthetic_track_0,0.2933243897214694,48.12407919665047
43.131696,599,3210.405616,synthetic_track_0,0.29337081509993107,48.13169594680188
50.057927,409,3211.010427,synthetic_track_0,0.33558736299968517,55.05792699245793
42.943075,373,3212.954834,synthetic_track_0,0.2922211384728659,47.943074983151504
46.24209,393,3213.513614,synthetic_track_0,0.3123291924037138,51.24209004554547
51.42437,412,3214.125804,synthetic_track_0,0.3439160622875139,56.42436973700144
48.936042,398,3214.773455,synthetic_track_0,0.3287492847159043,53.93604203364477
45.392708,428,3215.444848,synthetic_track_0,0.30715206730136646,50.392708312669754
44.249457,380,3215.988625,synthetic_track_0,0.30018375635139233,49.24945681441599
46.353976,394,3217.984895,synthetic_track_0,0.31301115725224266,51.35397617411151
50.509893,417,3218.644775,synthetic_track_0,0.33834217213452156,55.509892998770624
46.539204,395,3219.35675,synthetic_track_0,0.3141401517886128,51.53920394372336
38.769911,352,3219.885569,synthetic_track_0,0.26678499892938967,43.769910947901465
42.672609,371,3220.462542,synthetic_track_0,0.29057260360249104,47.672609159509314
45.113164,387,3222.418927,synthetic_track_0,0.3054481971118663,50.11316393513546
45.466689,388,3222.993401,synthetic_track_0,0.3076029934721869,50.466689227714056
51.205546,424,3223.657594,synthetic_track_0,0.34258229623133507,56.20554625840048
44.386996,384,3224.230931,synthetic_track_0,0.30102208275464054,49.386996301878554
47.310972,417,3224.908289,synthetic_track_0,0.3188442107706396,52.31097238483981
46.054046,393,3226.878737,synthetic_track_0,0.31118303493291016,51.054046450025965
46.260405,398,3227.44251,synthetic_track_0,0.3124408256592098,51.260405084515014
46.68926,396,3228.092151,synthetic_track_0,0.3150547708266215,51.689260333721094
39.871913,358,3228.598289,synthetic_track_0,0.27350188681359194,44.8719128809876
38.357487,352,3229.127707,synthetic_track_0,0.2642712036726458,43.357486730008844
45.802149,391,3231.15329,synthetic_track_0,0.3096476796207702,50.80214935852743
43.844861,378,3231.723407,synthetic_track_0,0.2977176773711415,48.844861137038194
46.025305,385,3232.278587,synthetic_track_0,0.31100785374695666,51.02530546031627
49.834282,408,3233.053777,synthetic_track_0,0.33422421136274144,54.83428238726292
45.497701,392,3233.646776,synthetic_track_0,0.30779201574147697,50.497701045946705
46.660405,395,3234.20576,synthetic_track_0,0.31487889325897594,51.660405092592576
46.117169,393,3236.127477,synthetic_track_0,0.311567776448058,51.117168821686896
39.802333,358,3236.632081,synthetic_track_0,0.27307778795032656,44.802333371072415
46.78334,396,3237.263945,synthetic_track_0,0.3156281995010421,51.783339544003105
43.659143,382,3237.871497,synthetic_track_0,0.29658569298036686,48.65914283886756
46.260405,394,3238.490669,synthetic_track_0,0.3124408256592098,51.260405084515014
46.628102,395,3240.557039,synthetic_track_0,0.3146819995412457,51.6281018501845
40.331081,361,3241.151465,synthetic_track_0,0.27630059127697815,45.33108054642418
45.150425,388,3241.806769,synthetic_track_0,0.3056753119922324,50.150425393345095
43.800496,550,3242.683444,synthetic_track_0,0.2974472655451948,48.80049619302544
46.233258,393,3243.241308,synthetic_track_0,0.31227536238607617,51.233258457983275
38.865156,353,3245.140592,synthetic_track_0,0.2673655320693182,43.865155747792556
38.331942,352,3245.631224,synthetic_track_0,0.26411550244925075,43.33194170795052
40.583955,361,3246.167539,synthetic_track_0,0.27784190638880596,45.583955428663025
46.23589,390,3246.865408,synthetic_track_0,0.31229140018035767,51.235889688488435
46.840303,387,3247.420352,synthetic_track_0,0.31597540051316375,51.84030285694263
44.354484,381,3249.329489,synthetic_track_0,0.30082391427501975,49.35448391647274
46.460405,396,3249.918365,synthetic_track_0,0.3136598593514604,51.46040507089514
46.307562,399,3250.714686,synthetic_track_0,0.31272825700672985,51.30756232549586
45.758197,391,3251.41155,synthetic_track_0,0.30937978511478187,50.75819741701049
46.24316,393,3252.045678,synthetic_track_0,0.3123357136690439,51.24315995278879
44.422911,385,3252.597173,synthetic_track_0,0.30124098975114005,49.4229111388488
50.084403,416,3254.539619,synthetic_track_0,0.3357487414173988,55.08440343978661
44.542466,382,3255.123311,synthetic_track_0,0.3019696993787451,49.54246641982468
55.566771,445,3256.028706,synthetic_track_0,0.36916469463209506,60.56677052307832
38.915318,352,3256.557332,synthetic_track_0,0.2676712787215689,43.91531787757998
46.632732,395,3257.151667,synthetic_track_0,0.3147102237896338,51.632732443521746
46.260405,392,3259.129421,synthetic_track_0,0.3124408256592098,51.260405084515014
45.322671,385,3259.740582,synthetic_track_0,0.30672517678072836,50.32267079126557
43.595558,378,3260.532852,synthetic_track_0,0.2961981344904703,48.59555830203846
46.332097,613,3261.636251,synthetic_track_0,0.3128778012902554,51.332097213135526
46.138811,394,3263.60745,synthetic_track_0,0.3116996883221302,51.13881085929876
39.803863,358,3264.112409,synthetic_track_0,0.2730871132598187,44.80386332203544
46.498876,397,3264.711205,synthetic_track_0,0.31389434860640986,51.49887640117445
45.960405,391,3265.308599,synthetic_track_0,0.3106122749195969,50.96040507192901
46.260405,395,3265.882498,synthetic_track_0,0.31244082565920983,51.26040508451502
44.189618,385,3266.4245,synthetic_track_0,0.29981902887853834,49.189618033858096
38.080258,350,3268.315303,synthetic_track_0,0.26258145017072837,43.08025839783262
46.633534,400,3268.937207,synthetic_track_0,0.3147151108409255,51.63353423447961
45.339733,380,3269.52865,synthetic_track_0,0.3068291734907979,50.33973294527305
46.07652,392,3270.109598,synthetic_track_0,0.3113200150354058,51.07652000330643
46.977291,401,3270.652603,synthetic_track_0,0.3168103681629138,51.977291292651536
47.228102,400,3272.665537,synthetic_track_0,0.3183391008772064,52.22810185185183
45.846703,390,3273.272789,synthetic_track_0,0.3099192419175716,50.846703053808284
48.598889,397,3274.029594,synthetic_track_0,0.32669427948709756,53.598888909506215
43.017188,374,3274.619374,synthetic_track_0,0.2926728696349529,48.0171879685753
43.14865,374,3275.175483,synthetic_track_0,0.29347415234354746,48.1486499058657
43.933268,377,3277.208709,synthetic_track_0,0.29825653027183796,48.93326769502366
46.147761,394,3277.792349,synthetic_track_0,0.31175424310993677,51.147761355817146
37.934847,350,3278.335753,synthetic_track_0,0.26169514272174543,42.93484693065822
37.926843,353,3278.833194,synthetic_track_0,0.2616463544426556,42.92684251272005
43.367056,375,3279.39366,synthetic_track_0,0.2948053761534978,48.3670562924582
45.038613,380,3279.933007,synthetic_track_0,0.30499379864808923,50.03861334055855
39.873206,358,3281.775159,synthetic_track_0,0.27350977150676453,44.873206478151616
43.209377,376,3282.318475,synthetic_track_0,0.29384429155362063,48.209376559644
44.989585,381,3282.900638,synthetic_track_0,0.30469496351919767,49.98958514544945
49.734282,408,3283.475353,synthetic_track_0,0.3336146947235586,54.734282428024734
42.624641,370,3284.093549,synthetic_track_0,0.29028023120277346,47.62464126794638
46.210933,394,3285.974615,synthetic_track_0,0.3121392850735202,51.21093302035931
46.149401,392,3286.540814,synthetic_track_0,0.3117642394579411,51.149401400286315
44.149832,379,3287.111676,synthetic_track_0,0.2995765238599819,49.14983160242743
46.160405,392,3287.754461,synthetic_track_0,0.31183130874154436,51.16040507958776
43.965224,378,3288.301526,synthetic_track_0,0.2984513067379714,48.965223571896864
46.635584,395,3288.866383,synthetic_track_0,0.3147276032225996,51.635583789123224
41.611962,366,3290.748492,synthetic_track_0,0.28410777995917846,46.611961985578176
46.596164,396,3291.339709,synthetic_track_0,0.3144873307604216,51.596163640632994
42.707059,377,3291.936858,synthetic_track_0,0.290782578488357,47.70705855543686
43.800194,376,3292.516755,synthetic_track_0,0.29744542566116294,48.80019433362347
45.770945,391,3293.131784,synthetic_track_0,0.3094574822463179,50.7709447474147
46.560405,398,3295.118491,synthetic_track_0,0.3142693763023129,51.560405081267206
42.949708,373,3295.687462,synthetic_track_0,0.2922615676567453,47.94970797145744
45.960405,392,3296.246715,synthetic_track_0,0.31061227491959686,50.960405071929
44.502178,380,3296.853522,synthetic_track_0,0.30172413382691776,49.502177863952014
45.853109,392,3297.423377,synthetic_track_0,0.30995828534511555,50.853108688883566
49.435402,404,3299.47142,synthetic_track_0,0.33179296747608833,54.43540190733158
46.194516,393,3300.034589,synthetic_track_0,0.312039217679441,51.194515527077414
44.189618,387,3300.587627,synthetic_track_0,0.29981902887853834,49.1896180338581
46.105706,392,3301.177777,synthetic_track_0,0.31149790557837514,51.10570550194949
45.252425,380,3301.705179,synthetic_track_0,0.3062970139434176,50.25242452803675
44.657315,390,3303.62159,synthetic_track_0,0.3026697196904383,49.6573148064562
44.157315,380,3304.172504,synthetic_track_0,0.2996221351804364,49.15731479467033
52.541783,433,3304.808794,synthetic_track_0,0.35072688306889677,57.54178271104255
44.625012,385,3305.353736,synthetic_track_0,0.30247282615948407,49.62501159469141
44.647403,383,3305.947471,synthetic_track_0,0.3026093062535991,49.64740311441534
44.998079,380,3306.488698,synthetic_track_0,0.3047467319583897,49.99807850145688
43.686891,382,3308.371723,synthetic_track_0,0.29675482108335977,48.686890733376224
46.394938,396,3309.019601,synthetic_track_0,0.3132608260403093,51.39493792482464
46.076271,395,3309.613449,synthetic_track_0,0.3113184996961576,51.07627139013771
42.180738,370,3310.199451,synthetic_track_0,0.2875745663723332,47.180738090636986
45.903716,391,3310.776497,synthetic_track_0,0.3102667445347102,50.90371584938284
44.9701,386,3312.843507,synthetic_track_0,0.304576197443619,49.970099864895566
46.560405,398,3313.425386,synthetic_track_0,0.3142693763023129,51.560405081267206
43.63234,379,3313.979779,synthetic_track_0,0.29642232814009584,48.632340490387044
43.068869,374,3314.572742,synthetic_track_0,0.29298787596724685,48.068869281872004
42.090067,373,3315.202706,synthetic_track_0,0.2870219095765254,47.09006680539107
46.239149,394,3317.205551,synthetic_track_0,0.3123112664451972,51.239149034577544
45.965311,431,3317.84246,synthetic_track_0,0.310642178387955,50.96531116542122
42.636884,372,3318.371554,synthetic_track_0,0.29035485058546623,47.63688364944667
45.771512,390,3318.936149,synthetic_track_0,0.3094609404044765,50.77151210793067
46.060405,392,3319.568345,synthetic_track_0,0.31122179192301525,51.06040509092525
46.707837,398,3321.543799,synthetic_track_0,0.3151679994091608,51.70783710900603
45.601991,392,3322.095348,synthetic_track_0,0.3084276800947619,50.60199091324694
44.725012,383,3322.68369,synthetic_track_0,0.30308234279866686,49.72501155392958
43.129509,375,3323.213506,synthetic_track_0,0.2933574826093588,48.1295085602269
44.957315,389,3323.824607,synthetic_track_0,0.30449827040428445,49.9573148148148
45.601941,390,3324.403579,synthetic_track_0,0.3084273757397662,50.60194097943839
46.657731,397,3326.343673,synthetic_track_0,0.3148625945222362,51.65773105072918
44.057315,380,3326.917129,synthetic_track_0,0.29901261854125355,49.057314835432145
44.120481,380,3327.460762,synthetic_track_0,0.2993976287087718,49.12048128337314
43.459017,377,3327.998412,synthetic_track_0,0.29536589474128544,48.45901741759854
43.787287,378,3328.593595,synthetic_track_0,0.29736675209630586,48.787286805308284
45.192708,385,3330.683857,synthetic_track_0,0.3059330337777145,50.192708353950664
45.75155,390,3331.325932,synthetic_track_0,0.3093392669882054,50.751549836377606
46.384284,399,3331.923624,synthetic_track_0,0.3131958865561749,51.3842836697167
40.546812,361,3332.462681,synthetic_track_0,0.27761551145067176,45.546812087317164
42.445224,371,3333.057303,synthetic_track_0,0.28918664974152725,47.44522352195201
43.818283,380,3333.613341,synthetic_track_0,0.2975556816072969,48.818283405209684
46.560405,394,3335.55963,synthetic_track_0,0.31426937630231283,51.5604050812672
45.292708,392,3336.140817,synthetic_track_0,0.3065425504168974,50.29270831318885
44.064527,381,3336.677547,synthetic_track_0,0.2990565759317063,49.06452667670261
43.099109,373,3337.203752,synthetic_track_0,0.2931721928533431,48.099109114407575
43.430874,376,3337.819511,synthetic_track_0,0.2951943559211888,48.43087401032351
44.653394,383,3339.699033,synthetic_track_0,0.30264581869233126,49.653393504423065
44.195422,379,3340.242585,synthetic_track_0,0.29985440687177983,49.19542230178887
45.85223,395,3340.800719,synthetic_track_0,0.30995293031599136,50.85223011944064
45.760405,390,3341.366745,synthetic_track_0,0.30939324139594504,50.76040511320992
50.001127,409,3342.041022,synthetic_track_0,0.33524115756724326,55.001127018664526
45.041386,388,3343.889785,synthetic_track_0,0.3050106971516083,50.04138578277662
44.942305,390,3344.509855,synthetic_track_0,0.3044067836643145,49.94230510108476
44.945713,387,3345.045378,synthetic_track_0,0.30442755505564445,49.9457129461751
45.144734,388,3345.599705,synthetic_track_0,0.3056406202752017,50.144733718883806
43.984002,378,3346.155787,synthetic_track_0,0.2985657616025743,48.984001536367614
42.767381,371,3348.090832,synthetic_track_0,0.2911502525430905,47.767380765074286
42.777169,374,3348.749699,synthetic_track_0,0.2912099142039581,47.77716911746913
44.302309,381,3349.305337,synthetic_track_0,0.30050589733376804,49.30230866953467
44.438202,381,3349.836446,synthetic_track_0,0.3013341873042181,49.438201536041895
46.327263,396,3350.393407,synthetic_track_0,0.3128483371623627,51.32726319975698
45.571543,393,3350.96045,synthetic_track_0,0.3082420929478599,50.57154267618124
43.599834,378,3352.88465,synthetic_track_0,0.2962241970176004,48.5998342339542
46.155312,499,3353.657701,synthetic_track_0,0.31180026287711143,51.155311559611064
44.400994,381,3354.171421,synthetic_track_0,0.3011074033468598,49.40099437050477
46.614231,402,3354.802777,synthetic_track_0,0.3145974560711822,51.61423127960987
45.467054,390,3355.347142,synthetic_track_0,0.3076052192930399,50.467054405594794
45.96435,395,3357.449696,synthetic_track_0,0.3106363169245759,50.96434950816478
45.096097,387,3358.093067,synthetic_track_0,0.305344173841416,50.096097423516014
43.254168,377,3358.669725,synthetic_track_0,0.2941173008717314,48.25416765955445
45.692708,397,3359.261832,synthetic_track_0,0.30898061804097937,50.692708325255765
44.957315,391,3359.852558,synthetic_track_0,0.30449827040428445,49.9573148148148
43.899673,382,3361.95169,synthetic_track_0,0.2980517662531603,48.89967321670283
44.873322,383,3362.587034,synthetic_track_0,0.30398632032727474,49.873322051464505
43.432025,376,3363.207567,synthetic_track_0,0.2952013701297532,48.432024791984645
46.360405,394,3363.821641,synthetic_track_0,0.3130503425451298,51.360405084233975
42.732956,370,3364.359804,synthetic_track_0,0.29094042686015575,47.732955848030635
45.892708,391,3366.287765,synthetic_track_0,0.3101996517332299,50.892708311635886
42.194435,368,3366.779534,synthetic_track_0,0.2876580516256349,47.19443504555253
43.842423,376,3367.40865,synthetic_track_0,0.29770281353144146,48.84242251064381
43.723039,377,3367.944567,synthetic_track_0,0.29697515281557296,48.723039318704
45.827699,386,3368.546596,synthetic_track_0,0.30980340942047574,50.82769906893993
44.050627,380,3369.116784,synthetic_track_0,0.29897185219800404,49.05062653128888
47.372765,400,3371.065409,synthetic_track_0,0.31922084679476387,52.37276493427792
45.192708,387,3371.655561,synthetic_track_0,0.3059330337777145,50.192708353950664
45.860405,395,3372.29569,synthetic_track_0,0.31000275803512795,50.86040507244811
44.577794,390,3372.853738,synthetic_track_0,0.3021850250768894,49.57779369336101
46.021071,393,3373.403839,synthetic_track_0,0.3109820462954659,51.02107137722285
48.384237,405,3375.373799,synthetic_track_0,0.3253859407348394,53.384237145329685
45.200551,384,3375.898496,synthetic_track_0,0.3059808335865055,50.20055059913875
45.125012,386,3376.4957,synthetic_track_0,0.3055204104227488,50.1250115659965
44.705386,383,3377.030461,synthetic_track_0,0.30296271956212645,49.70538564380838
47.130269,397,3377.596899,synthetic_track_0,0.3177427927082746,52.1302689318736
44.289618,386,3379.611727,synthetic_track_0,0.3004285458293908,49.28961804423016
49.968975,422,3380.305422,synthetic_track_0,0.33504518778568954,54.96897536125684
42.784112,369,3380.829386,synthetic_track_0,0.29125223407668754,47.78411230043717
47.012049,397,3381.473455,synthetic_track_0,0.3170222201171938,52.01204864861302
45.080274,386,3382.037172,synthetic_track_0,0.3052477257950417,50.08027373621035
46.523041,393,3384.065589,synthetic_track_0,0.3140416381589038,51.52304136780334
43.291138,373,3384.638149,synthetic_track_0,0.2943426427562005,48.29113823232138
47.418163,402,3385.269818,synthetic_track_0,0.3194975554066568,52.41816295646685
46.367235,394,3385.879539,synthetic_track_0,0.31309197244666626,51.36723506751763
43.237015,380,3386.436491,synthetic_track_0,0.2940127548577212,48.237015384345774
46.060405,392,3386.99373,synthetic_track_0,0.3112217919230152,51.060405090925244
44.257315,383,3388.915726,synthetic_track_0,0.30023165206490543,49.257314794151235
45.860405,395,3389.525433,synthetic_track_0,0.3100027580351279,50.8604050724481
46.092708,396,3390.14333,synthetic_track_0,0.31141868564074543,51.09270833333332
46.567061,397,3390.761414,synthetic_track_0,0.31430994803119067,51.56706145612752
49.734282,412,3391.471964,synthetic_track_0,0.3336146947235586,54.734282428024734
46.180753,394,3393.523689,synthetic_track_0,0.3119553318445719,51.18075285100214
44.331491,388,3394.109681,synthetic_track_0,0.3006837675666435,49.331490836015114
44.625012,389,3394.695351,synthetic_track_0,0.302472826159484,49.6250115946914
46.094452,394,3395.367095,synthetic_track_0,0.31142931649415284,51.09445247752737
42.749858,373,3395.963522,synthetic_track_0,0.2910434473179627,47.74985783383238
46.260405,394,3397.932216,synthetic_track_0,0.31244082565920983,51.26040508451502
46.100742,392,3398.474699,synthetic_track_0,0.3114676505450509,51.100741729175
44.280154,381,3398.994943,synthetic_track_0,0.3003708609755164,49.28015401541573
45.664866,391,3399.642755,synthetic_track_0,0.30881091541720795,50.66486617236146
46.075641,392,3400.231479,synthetic_track_0,0.3113146601165333,51.07564145195188
46.44057,397,3402.187362,synthetic_track_0,0.3135389609768609,51.440569956060344
49.414209,407,3402.752589,synthetic_track_0,0.33166379214829583,54.41420883944233
47.056635,400,3403.325595,synthetic_track_0,0.31729398153407445,52.05663501240288
46.689496,633,3404.298854,synthetic_track_0,0.3150562057835269,51.68949575901193
42.647829,374,3404.828789,synthetic_track_0,0.29042156161432775,47.64782855191206
46.14697,411,3407.001532,synthetic_track_0,0.3117494194857574,51.146969970988074
49.894853,409,3407.598414,synthetic_track_0,0.3345934022533617,54.89485345561412
49.928878,408,3408.199503,synthetic_track_0,0.33480078945053127,54.92887830404365
45.885447,391,3408.832826,synthetic_track_0,0.31015539214165944,50.8854468899315
40.827287,365,3409.396983,synthetic_track_0,0.27932505052272,45.8272865264565
44.118508,382,3411.358701,synthetic_track_0,0.2993856015524018,49.11850805562276
43.852177,379,3411.906452,synthetic_track_0,0.29776226685179047,48.85217668178415
44.231688,387,3412.43572,synthetic_track_0,0.30007545226512855,49.23168797347634
45.125012,395,3412.989465,synthetic_track_0,0.3055204104227488,50.1250115659965
45.41316,391,3413.628484,synthetic_track_0,0.30727672607066325,50.413160374265765
44.361096,388,3415.500744,synthetic_track_0,0.30086421906603966,49.3610964963434
43.865255,378,3416.110425,synthetic_track_0,0.29784198105356546,48.865254941532555
46.682618,397,3416.678721,synthetic_track_0,0.3150142820773572,51.68261757285822
46.354596,398,3417.273416,synthetic_track_0,0.313014932812198,51.35459560895113
45.760405,390,3417.979228,synthetic_track_0,0.30939324139594504,50.76040511320992
49.315602,402,3418.611609,synthetic_track_0,0.33106276636037,54.31560192630826
50.8344,428,3420.705463,synthetic_track_0,0.3403200944904425,55.834399570459226
39.356097,357,3421.22867,synthetic_track_0,0.27035789982479935,44.35609665791265
43.589618,377,3421.769153,synthetic_track_0,0.29616192756220583,48.589618035411064
43.919386,386,3422.354716,synthetic_track_0,0.29817191936667353,48.919386060752124
43.324945,379,3422.959393,synthetic_track_0,0.2945487014568535,48.324945121815986
39.293416,355,3424.891857,synthetic_track_0,0.26997585134736574,44.293416117769254
44.557315,382,3425.443813,synthetic_track_0,0.3020602028045183,49.55731480673724
50.239879,417,3426.052759,synthetic_track_0,0.3366963909833572,55.239878962317
44.229005,381,3426.621538,synthetic_track_0,0.30005909651846985,49.2290045783169
39.820833,357,3427.236358,synthetic_track_0,0.27319054859318964,44.82083337413237
45.892708,393,3429.253789,synthetic_track_0,0.3101996517332299,50.892708311635886
46.360405,400,3429.901536,synthetic_track_0,0.31305034254512987,51.36040508423398
44.857315,392,3430.456793,synthetic_track_0,0.30388875344762134,49.85731480348942
46.793684,396,3431.01736,synthetic_track_0,0.31569124978923957,51.79368384938278
42.494659,376,3431.595491,synthetic_track_0,0.2894879693099262,47.49465932504667
44.657315,383,3432.262622,synthetic_track_0,0.3026697196904383,49.6573148064562
43.881679,378,3434.22664,synthetic_track_0,0.2979420860846505,48.881678609705844
44.953137,391,3434.779715,synthetic_track_0,0.30447280493985124,49.953136839610195
41.509434,369,3435.307738,synthetic_track_0,0.2834828533569735,46.50943380057057
50.297431,416,3435.912611,synthetic_track_0,0.33704718301694003,55.29743143390563
46.226157,393,3436.56887,synthetic_track_0,0.31223208068409614,51.226157473111776
45.935118,393,3438.483612,synthetic_track_0,0.31045814380172776,50.93511764823387
45.860405,390,3439.127092,synthetic_track_0,0.31000275803512795,50.86040507244811
44.089618,384,3439.683645,synthetic_track_0,0.2992095120722078,49.089618047196936
43.308608,375,3440.235456,synthetic_track_0,0.2944491235527996,48.308607936403355
50.196478,426,3440.890524,synthetic_track_0,0.3364318541290654,55.196477891787346
44.1964,387,3442.810729,synthetic_track_0,0.29986036341504274,49.19639955826588
44.676213,383,3443.397333,synthetic_track_0,0.3027849053405379,49.67621266678406
46.770396,398,3443.987094,synthetic_track_0,0.31554930833379374,51.77039631489017
46.763129,398,3444.537524,synthetic_track_0,0.3155050109902279,51.763128699428705
43.675401,375,3445.088879,synthetic_track_0,0.2966847893372267,48.67540101954647
46.136245,394,3447.051704,synthetic_track_0,0.311684049645559,51.136245109786564
46.260405,396,3447.624605,synthetic_track_0,0.3124408256592098,51.260405084515014
43.141305,374,3448.188769,synthetic_track_0,0.2934293809625516,48.141304517755174
42.829236,372,3448.780868,synthetic_track_0,0.29152727163433234,47.829236162175086
43.942643,384,3449.374715,synthetic_track_0,0.2983136722984925,48.94264266523595
45.892708,391,3449.9564,synthetic_track_0,0.3101996517332299,50.892708311635886
41.637746,706,3452.342259,synthetic_track_0,0.2842649388606647,46.63774616066421
42.477544,372,3452.88449,synthetic_track_0,0.2893836483404166,47.47754397162065
46.557207,417,3453.487843,synthetic_track_0,0.3142498864385758,51.55720748918527
44.046243,384,3454.052791,synthetic_track_0,0.29894513203624,49.046242704965735
44.939756,385,3455.923714,synthetic_track_0,0.30439124716951776,49.93975611596032
46.765391,602,3456.841518,synthetic_track_0,0.3155187985723266,51.765390750305144
36.59565,349,3457.361648,synthetic_track_0,0.2535325098187252,41.59564976177929
46.979848,396,3457.939391,synthetic_track_0,0.3168259506168416,51.979847818031544
43.46622,376,3458.460582,synthetic_track_0,0.2954097950422959,48.466219892526006
46.983149,647,3460.78715,synthetic_track_0,0.31684607099164097,51.98314885450939
50.719383,416,3461.401132,synthetic_track_0,0.33961904607013466,55.71938250784259
47.038298,403,3461.978507,synthetic_track_0,0.31718221201940566,52.038297618158914
49.466586,403,3462.540538,synthetic_track_0,0.3319830376323983,54.46658564648081
43.702473,380,3464.420892,synthetic_track_0,0.29684979866285294,48.702473169469506
45.592708,393,3464.961708,synthetic_track_0,0.3083711011233138,50.5927083203285
46.5664,395,3465.538472,synthetic_track_0,0.3143059140606311,51.566399625316684
49.092012,399,3466.134514,synthetic_track_0,0.3296999449578021,54.0920115008058
45.325012,399,3466.717679,synthetic_track_0,0.3067394441149993,50.325011552376615
45.325012,391,3467.258782,synthetic_track_0,0.30673944411499937,50.32501155237662
43.82923,381,3469.12533,synthetic_track_0,0.29762240510343113,48.82923035311023
42.993203,375,3469.675684,synthetic_track_0,0.29252667951187616,47.993203379133575
38.165893,352,3470.190663,synthetic_track_0,0.2631034093700592,43.165893301462255
45.048117,389,3470.841907,synthetic_track_0,0.3050517266413223,50.04811725987701
45.996523,392,3471.432518,synthetic_track_0,0.3108324227231365,50.99652348111608
42.786509,374,3473.313807,synthetic_track_0,0.2912668404525446,47.78650868619012
49.32977,403,3473.87971,synthetic_track_0,0.33114912422372306,54.329770174162455
44.189618,384,3474.446457,synthetic_track_0,0.29981902887853834,49.189618033858096
44.30443,523,3475.261549,synthetic_track_0,0.3005188263577554,49.30442986162134
45.787332,401,3475.838754,synthetic_track_0,0.30955736679901347,50.78733224294144
45.592708,391,3477.816137,synthetic_track_0,0.30837110112331384,50.592708320328505
37.061338,351,3478.333373,synthetic_track_0,0.25637095563279527,42.061337566606625
43.389452,382,3478.892744,synthetic_track_0,0.294941880120995,48.389451728953375
46.316616,396,3479.469459,synthetic_track_0,0.31278343915518375,51.316615749539324
45.847998,392,3480.068771,synthetic_track_0,0.3099271368723912,50.847998334542886
44.999762,391,3482.190268,synthetic_track_0,0.3047569928804406,49.99976195309851
47.119386,401,3482.909412,synthetic_track_0,0.31767646139155176,52.11938632663842
45.425012,389,3483.633728,synthetic_track_0,0.3073489610658518,50.42501156274868
42.891225,375,3484.234678,synthetic_track_0,0.29190510173668066,47.89122461729659
43.920547,381,3484.858417,synthetic_track_0,0.29817899548076965,48.920546998904896
44.557315,383,3485.438748,synthetic_track_0,0.30206020280451834,49.557314806737246
43.142408,376,3487.523678,synthetic_track_0,0.2934361094765911,48.14240842712602
44.020002,387,3488.147681,synthetic_track_0,0.29878519029815304,49.020001965565044
47.385846,405,3488.73734,synthetic_track_0,0.3193005805678225,52.3858464049765
45.168948,388,3489.382541,synthetic_track_0,0.30578821072724194,50.16894805240512
43.557905,381,3489.975169,synthetic_track_0,0.29596863043251137,48.557904864928595
44.960283,389,3491.961772,synthetic_track_0,0.30451635939788113,49.96028257402931
46.801883,395,3492.556883,synthetic_track_0,0.3157412269861162,51.801883326360475
42.41491,375,3493.097308,synthetic_track_0,0.2890018822642837,47.41490976346681
44.069222,382,3493.66537,synthetic_track_0,0.29908519230008096,49.06922160295573
47.541582,435,3494.28977,synthetic_track_0,0.3202498182562009,52.54158248180034
44.29783,386,3496.026671,synthetic_track_0,0.3004786018346887,49.297830450861305
43.431002,379,3496.551538,synthetic_track_0,0.295195138789236,48.431002451071095
46.328102,752,3497.574473,synthetic_track_0,0.3128534490141755,51.328101872469176
43.971071,384,3498.144721,synthetic_track_0,0.29848694784266283,48.97107100704011
43.38216,380,3499.999645,synthetic_track_0,0.2948974346628579,48.3821598131691
45.960405,393,3500.485771,synthetic_track_0,0.3106122749195969,50.96040507192901
44.830567,389,3501.025419,synthetic_track_0,0.30372572025708855,49.830566866911994
47.010902,401,3501.610126,synthetic_track_0,0.3170152285259559,52.01090157764916
44.890829,386,3502.088839,synthetic_track_0,0.30409302565329316,49.89082859282266
25.323322,299,3502.483916,synthetic_track_0,0.18482576713964696,30.32332177987661
42.896053,377,3504.301099,synthetic_track_0,0.29193453405759784,47.896053412283955
42.921231,377,3504.812246,synthetic_track_0,0.2920879957025563,47.921230999332344
44.289618,381,3505.380807,synthetic_track_0,0.3004285458293908,49.28961804423017
46.606191,398,3505.895773,synthetic_track_0,0.3145484506682673,51.60619123938962
45.074691,388,3506.413951,synthetic_track_0,0.3052137003937131,50.07469138041038
42.553791,374,3508.112923,synthetic_track_0,0.28984838549113423,47.55379077628629
44.980654,387,3508.631401,synthetic_track_0,0.30464052823205623,49.98065425473159
44.607398,383,3509.156378,synthetic_track_0,0.30236546832006805,49.60739799913823
45.567289,396,3509.76542,synthetic_track_0,0.3082161678340463,50.56728928889376
44.457315,384,3510.333277,synthetic_track_0,0.3014506858868528,49.457314801809986
43.918723,382,3510.844441,synthetic_track_0,0.2981678766405489,48.918722793465086
50.334282,428,3512.680479,synthetic_track_0,0.33727179587274336,55.33428239904879
45.192708,389,3513.172626,synthetic_track_0,0.3059330337777145,50.192708353950664
47.05778,400,3513.662841,synthetic_track_0,0.31730096323233886,52.057780460282345
44.657315,568,3514.55149,synthetic_track_0,0.3026697196904383,49.6573148064562
44.279493,386,3516.194966,synthetic_track_0,0.3003668293092553,49.27949256265816
50.066586,420,3516.775799,synthetic_track_0,0.335640138968359,55.066585648148134
44.197089,380,3517.285385,synthetic_track_0,0.2998645655394303,49.197088977127414
47.393567,401,3517.841756,synthetic_track_0,0.31934763735172456,52.39356674625938
46.24557,398,3518.343763,synthetic_track_0,0.3123504033080354,51.245569999054865
44.415897,384,3520.149857,synthetic_track_0,0.30119823937078677,49.41589732492162
46.828102,398,3520.651887,synthetic_track_0,0.31590103327744035,51.82810184377428
47.463495,632,3521.569733,synthetic_track_0,0.31977386425063653,52.463495390987696
46.511871,397,3522.068733,synthetic_track_0,0.3139735498468443,51.51187050224719
44.999284,390,3522.564343,synthetic_track_0,0.30475407823850514,49.99928376422555
53.234043,436,3524.371845,synthetic_track_0,0.3549463257855587,58.23404289320873
46.240242,396,3524.899935,synthetic_track_0,0.3123179290491639,51.24024213045427
44.835669,634,3525.845992,synthetic_track_0,0.30375681780100866,49.835668865650845
44.897012,387,3526.447274,synthetic_track_0,0.30413071682008563,49.89701237009893
44.028539,382,3526.925774,synthetic_track_0,0.2988372273921893,49.028539398258395
46.404444,507,3528.816391,synthetic_track_0,0.31331876413289106,51.40444350108632
46.161859,395,3529.314875,synthetic_track_0,0.3118401720399775,51.161859231000626
44.023111,384,3529.813856,synthetic_track_0,0.2988041424493496,49.02311133818148
47.028102,402,3530.475722,synthetic_track_0,0.31712006696969086,52.0281018301544
45.239298,389,3531.005426,synthetic_track_0,0.30621700445203925,50.23929782178764
46.008438,394,3532.740757,synthetic_track_0,0.3109050414493627,51.0084376261873
45.824693,655,3533.6028,synthetic_track_0,0.3097850860110797,50.82469285044659
43.008169,570,3534.37074,synthetic_track_0,0.2926178969716655,48.00816891358227
47.194593,406,3534.979614,synthetic_track_0,0.31813486082246023,52.19459333733973
46.647998,415,3536.888912,synthetic_track_0,0.31480327187888263,51.64799831902688
46.056786,396,3537.487778,synthetic_track_0,0.31119973596936296,51.05678649493558
46.092708,399,3538.082884,synthetic_track_0,0.31141868564074543,51.09270833333332
44.766784,387,3538.617791,synthetic_track_0,0.3033369544727228,49.76678425608468
48.437071,594,3540.790713,synthetic_track_0,0.3257079745747084,53.43707142218124
44.18774,382,3541.309738,synthetic_track_0,0.29980758017863385,49.187739710199345
44.407535,386,3541.902576,synthetic_track_0,0.3011472726279288,49.40753549871269
45.840611,392,3542.406344,synthetic_track_0,0.30988210849011655,50.84061078168122
44.767282,386,3542.894823,synthetic_track_0,0.30333999023208835,49.76728231601167
46.929424,397,3544.68476,synthetic_track_0,0.3165186082101424,51.929423881806784
45.960405,400,3545.170504,synthetic_track_0,0.31061227491959686,50.960405071929
43.745637,379,3545.68473,synthetic_track_0,0.2971128901969788,48.74563711446659
43.74734,380,3546.230399,synthetic_track_0,0.2971232695615271,48.747339998301136
49.206346,406,3546.752939,synthetic_track_0,0.33039683247771406,54.20634590794886
46.488497,663,3548.845334,synthetic_track_0,0.3138310846815073,51.488497045624804
42.732097,377,3549.340778,synthetic_track_0,0.2909351911821961,47.732096859860505
45.860405,391,3549.938701,synthetic_track_0,0.31000275803512795,50.86040507244811
44.528565,383,3550.437364,synthetic_track_0,0.30188497049618507,49.52856542966686
44.957315,389,3551.001858,synthetic_track_0,0.30449827040428445,49.9573148148148
44.585505,386,3552.766421,synthetic_track_0,0.30223202797311066,49.585505193595864
42.664148,373,3553.290838,synthetic_track_0,0.290521033759987,47.66414838614103
45.165565,388,3553.727759,synthetic_track_0,0.3057675896609687,50.165564870299484
44.143232,387,3554.223675,synthetic_track_0,0.29953629991747305,49.14323228691625
46.091191,436,3554.759742,synthetic_track_0,0.3114094389195194,51.09119127590412
52.095037,430,3556.519464,synthetic_track_0,0.34800389452492136,57.09503732970459
43.819227,383,3557.025456,synthetic_track_0,0.29756143025858633,48.81922655402247
44.84076,387,3557.560065,synthetic_track_0,0.3037878472612958,49.84075969429181
45.956423,397,3558.095564,synthetic_track_0,0.31058800552145444,50.95642332857867
46.928705,401,3558.651817,synthetic_track_0,0.31651422847875,51.92870532396511
38.71456,357,3559.149112,synthetic_track_0,0.2664476253974727,43.71455997424311
42.443596,372,3560.771719,synthetic_track_0,0.28917672840596875,47.443595784351984
49.378805,406,3561.267444,synthetic_track_0,0.3314479978178319,54.37880468004292
46.749896,398,3561.783786,synthetic_track_0,0.3154243553720318,51.74989598679472
44.257315,382,3562.314422,synthetic_track_0,0.3002316520649054,49.25731479415123
44.124256,383,3562.812862,synthetic_track_0,0.29942063569204486,49.12425590943188
46.643254,398,3564.460778,synthetic_track_0,0.3147743563076301,51.64325430424415
42.245258,376,3564.919717,synthetic_track_0,0.28796782621106226,47.24525801563139
68.200579,772,3566.010883,synthetic_track_0,0.4461698890340049,73.20057870203635
50.701979,428,3566.635509,synthetic_track_0,0.3395129696873884,55.70197915366184
47.089545,397,3568.344436,synthetic_track_0,0.3174945746142966,52.08954518836225
45.021028,387,3568.90469,synthetic_track_0,0.3048866148064118,50.02102829183354
46.402226,396,3569.506396,synthetic_track_0,0.31330524965034584,51.402226256114204
46.160405,395,3570.046688,synthetic_track_0,0.31183130874154436,51.16040507958776
46.560405,398,3570.667259,synthetic_track_0,0.3142693763023129,51.560405081267206
44.089618,379,3572.399902,synthetic_track_0,0.2992095120722078,49.089618047196936
46.260405,396,3572.867252,synthetic_track_0,0.31244082565920983,51.26040508451502
45.162227,388,3573.402866,synthetic_track_0,0.30574724257933766,50.16222663930968
42.498267,372,3573.891829,synthetic_track_0,0.28950996053492106,47.49826730137038
48.359151,559,3574.591742,synthetic_track_0,0.32523303916184354,53.35915144613115
45.280806,388,3576.237245,synthetic_track_0,0.3064700047429838,50.28080615339877
44.698122,387,3576.73032,synthetic_track_0,0.3029184452616998,49.69812180890487
44.342981,383,3577.193826,synthetic_track_0,0.3007538043852176,49.342981382051676
45.192708,390,3577.881122,synthetic_track_0,0.3059330337777145,50.192708353950664
46.092708,397,3578.377335,synthetic_track_0,0.31141868564074543,51.09270833333332
42.125047,374,3579.097826,synthetic_track_0,0.2872351220638316,47.125047376337044
45.760405,390,3580.906768,synthetic_track_0,0.30939324139594504,50.76040511320992
46.600159,400,3581.422662,synthetic_track_0,0.31451168393133283,51.600159128109276
46.726578,399,3581.944737,synthetic_track_0,0.3152822301514873,51.72657830299823
46.151933,392,3582.452753,synthetic_track_0,0.3117796693193607,51.151932890673656
45.560333,392,3583.030387,synthetic_track_0,0.30817377091200177,50.5603334648789
47.662303,407,3584.605435,synthetic_track_0,0.32098562909659073,52.66230281872935
46.997862,400,3585.210525,synthetic_track_0,0.3169357494975252,51.99786190146572
49.998359,421,3585.75094,synthetic_track_0,0.33522428358458267,54.998358599445474
47.027827,399,3586.250797,synthetic_track_0,0.317118390676993,52.027826810260464
45.292708,389,3586.770915,synthetic_track_0,0.3065425504168974,50.29270831318885
44.383596,383,3588.477866,synthetic_track_0,0.3010013570378915,49.38359595035925
40.151537,360,3588.958892,synthetic_track_0,0.27520624305165176,45.15153700176931
45.225012,392,3589.569716,synthetic_track_0,0.3061299273086688,50.225011565715455
46.360405,397,3590.120928,synthetic_track_0,0.3130503425451298,51.360405084233975
47.595799,402,3590.750661,synthetic_track_0,0.3205802745879214,52.595798589413654
45.009497,385,3593.271897,synthetic_track_0,0.3048163322181467,50.00949742374914
46.060405,392,3593.817609,synthetic_track_0,0.31122179192301525,51.06040509092525
47.05727,467,3594.528821,synthetic_track_0,0.31729785246513903,52.057270094242796
47.332239,401,3595.055301,synthetic_track_0,0.31897383693999737,52.33223941976334
46.637504,398,3595.560593,synthetic_track_0,0.3147393064405211,51.63750387011835
46.628102,394,3597.269516,synthetic_track_0,0.3146819995412457,51.62810185018451
45.92224,397,3597.83443,synthetic_track_0,0.31037964987938055,50.92223959285266
45.901005,394,3598.405461,synthetic_track_0,0.3102502231828772,50.90100528431595
45.860405,394,3599.002799,synthetic_track_0,0.31000275803512795,50.86040507244811
44.791101,386,3599.536385,synthetic_track_0,0.30348516710835866,49.79110066776138
42.471984,375,3601.361931,synthetic_track_0,0.2893497606413676,47.47198420785749
46.757498,398,3601.979561,synthetic_track_0,0.31547069191971305,51.75749816298072
47.897446,407,3602.468865,synthetic_track_0,0.322418865463933,52.897445830583884
46.645441,398,3603.021828,synthetic_track_0,0.31478768173877,51.64544053261784
46.346913,397,3603.537374,synthetic_track_0,0.3129681068379815,51.34691313531231
45.013072,387,3604.011926,synthetic_track_0,0.30483811740102634,50.013071595904435
46.387582,712,3606.11573,synthetic_track_0,0.31321599281879514,51.38758239088886
44.857315,388,3606.630344,synthetic_track_0,0.30388875344762134,49.85731480348942
45.082122,391,3607.124537,synthetic_track_0,0.3052589893813799,50.08212168932974
46.928102,404,3607.645561,synthetic_track_0,0.3165105501633603,51.92810184349323
46.328102,393,3609.251772,synthetic_track_0,0.3128534490141755,51.328101872469176
44.767248,385,3609.757788,synthetic_track_0,0.30333978107121223,49.767248000165736
43.862917,379,3610.267403,synthetic_track_0,0.2978277315627005,48.86291710788854
46.04109,393,3610.752919,synthetic_track_0,0.3111040649384734,51.04109028818057
45.992708,392,3611.201865,synthetic_track_0,0.31080916868408237,50.99270832200794
35.220409,347,3612.916743,synthetic_track_0,0.24515018668718327,40.220409255467196
45.798535,393,3613.408618,synthetic_track_0,0.30962564937854414,50.79853498086653
46.560405,395,3613.939498,synthetic_track_0,0.31426937630231283,51.5604050812672
38.507079,354,3614.493531,synthetic_track_0,0.26518299296636566,43.507078859811955
46.518897,400,3614.991595,synthetic_track_0,0.31401637495153745,51.5188965757756
46.692927,398,3615.530307,synthetic_track_0,0.315077118969419,51.6929268675368
46.341224,394,3617.263564,synthetic_track_0,0.31293343073161956,51.34122402200545
47.165254,400,3617.829598,synthetic_track_0,0.3179560301098408,52.16525359036178
46.263733,396,3618.347291,synthetic_track_0,0.3124611068546471,51.2637325059284
46.681562,394,3618.941954,synthetic_track_0,0.3150078499922182,51.68156229690615
46.423445,399,3619.474534,synthetic_track_0,0.3134345834508136,51.423445323722
44.443663,384,3621.188703,synthetic_track_0,0.30136747393640856,49.443662686153694
45.800989,644,3622.095372,synthetic_track_0,0.3096406040821827,50.800988514795115
44.348971,386,3622.567349,synthetic_track_0,0.30079031041549864,49.34897072066095
45.692708,390,3623.078527,synthetic_track_0,0.30898061804097937,50.692708325255765
46.560405,399,3624.805971,synthetic_track_0,0.3142693763023129,51.560405081267206
51.782563,431,3625.385468,synthetic_track_0,0.34609931144668005,56.782563119902534
46.603297,398,3626.002921,synthetic_track_0,0.31453081143842,51.60329727037822
46.446947,394,3626.481908,synthetic_track_0,0.3135778304187702,51.44694704629327
47.128102,398,3627.019905,synthetic_track_0,0.31772958392054335,52.12810184052646
45.828393,396,3628.694584,synthetic_track_0,0.30980763654416266,50.828392589295596
42.881438,373,3629.154614,synthetic_track_0,0.29184545337827744,47.881438447362086
44.719452,385,3629.652715,synthetic_track_0,0.30304845404615177,49.71945161733017
46.668181,398,3630.183986,synthetic_track_0,0.314926291165145,51.66818139988295
37.843663,351,3630.67793,synthetic_track_0,0.26113936079629146,42.84366292300712
45.199296,395,3631.217365,synthetic_track_0,0.305973187521508,50.199296152354314
46.928102,402,3633.052727,synthetic_track_0,0.3165105501633603,51.92810184349323
46.450806,396,3633.610911,synthetic_track_0,0.3136013543626465,51.45080648716417
45.883329,396,3634.197991,synthetic_track_0,0.31014248200079314,50.88332879589207
44.957315,387,3634.786906,synthetic_track_0,0.30449827040428445,49.9573148148148
46.632221,397,3635.302913,synthetic_track_0,0.31470710695104726,51.632221081383996
47.128102,725,3637.618883,synthetic_track_0,0.31772958392054335,52.128101840526455
46.060405,397,3638.157373,synthetic_track_0,0.31122179192301525,51.06040509092525
47.332972,402,3638.694615,synthetic_track_0,0.3189783051720396,52.332972497407766
49.704751,424,3639.276702,synthetic_track_0,0.3334346984143855,54.704751448190514
40.341249,363,3640.983853,synthetic_track_0,0.2763625685037797,45.34124880066933
41.166007,388,3641.451921,synthetic_track_0,0.2813896106069846,46.16600726187075
36.186947,344,3641.937418,synthetic_track_0,0.25104139580637824,41.18694672780415
51.397968,422,3642.46097,synthetic_track_0,0.3437551368789028,56.39796761232266
46.409631,397,3642.928982,synthetic_track_0,0.31335038112987756,51.40963072356169
46.360405,398,3643.450794,synthetic_track_0,0.3130503425451298,51.360405084233975
45.379173,387,3645.337643,synthetic_track_0,0.30706956436947314,50.37917252169049
45.719932,391,3645.89534,synthetic_track_0,0.30914655345655906,50.719932413537244
44.389618,636,3646.800853,synthetic_track_0,0.3010380627860539,49.38961805555554
45.325012,388,3647.293899,synthetic_track_0,0.30673944411499937,50.32501155237662
46.260405,400,3648.99354,synthetic_track_0,0.3124408256592098,51.260405084515014
46.160405,396,3649.536683,synthetic_track_0,0.31183130874154436,51.16040507958776
44.092233,384,3650.050883,synthetic_track_0,0.2992254520517724,49.09223322979287
44.057315,382,3650.577329,synthetic_track_0,0.29901261854125355,49.057314835432145
46.828102,397,3651.112631,synthetic_track_0,0.31590103327744035,51.82810184377428
46.880867,396,3653.001422,synthetic_track_0,0.3162226467884689,51.880867159642314
46.460405,397,3653.605618,synthetic_track_0,0.31365985935146035,51.460405070895135
46.498497,395,3654.187549,synthetic_track_0,0.3138920377730278,51.49849727576728
49.666586,402,3654.769795,synthetic_track_0,0.33320207136859287,54.66658564007058
46.311657,395,3655.387769,synthetic_track_0,0.3127532170268751,51.31165737530526
46.713111,400,3655.982816,synthetic_track_0,0.3152001456766906,51.713111165916025
46.162555,398,3657.849801,synthetic_track_0,0.3118444117731781,51.16255482012812
45.409327,396,3658.380858,synthetic_track_0,0.3072533640490493,50.40932749906772
44.957393,386,3658.88765,synthetic_track_0,0.3044987464768076,49.95739292135013
46.430981,394,3659.465394,synthetic_track_0,0.3134805125554524,51.430980653024704
43.967787,379,3660.031419,synthetic_track_0,0.29846692936934355,48.9677866889637
46.562948,398,3661.835369,synthetic_track_0,0.3142848781065362,51.56294837490482
45.298603,389,3662.413084,synthetic_track_0,0.30657848058062026,50.298603172617995
46.591178,395,3662.930518,synthetic_track_0,0.314456942675602,51.59117803884964
44.057022,381,3663.422904,synthetic_track_0,0.299010836684537,49.05702249624472
46.770798,397,3663.90656,synthetic_track_0,0.31555175444746164,51.77079763497129
46.233186,400,3665.702605,synthetic_track_0,0.31227491846186334,51.23318562584001
45.908789,397,3666.186327,synthetic_track_0,0.31029766742323606,50.90878919339567
43.59499,379,3666.7999,synthetic_track_0,0.2961946716068314,48.59499016623958
45.860405,390,3667.315398,synthetic_track_0,0.3100027580351279,50.8604050724481
47.50151,399,3667.823863,synthetic_track_0,0.3200055698238317,52.50151001829277
44.825012,385,3669.650655,synthetic_track_0,0.30369185968313595,49.82501155341049
47.295799,398,3670.140889,synthetic_track_0,0.31875172397800533,52.29579859810627
46.367717,603,3670.920889,synthetic_track_0,0.3130949082692208,51.36771673137538
47.395799,404,3671.569003,synthetic_track_0,0.3193612408956708,52.39579860303353
45.516925,389,3672.174777,synthetic_track_0,0.3079091894294408,50.516925072440685
45.960405,394,3673.902786,synthetic_track_0,0.3106122749195969,50.96040507192901
46.252702,395,3674.415351,synthetic_track_0,0.3123938747726272,51.252702117208415
45.556495,391,3675.047956,synthetic_track_0,0.3081503720883478,50.556494551777604
45.167008,387,3675.627145,synthetic_track_0,0.3057763850264083,50.16700787632902
44.646348,383,3676.162847,synthetic_track_0,0.3026028742715129,49.64634785537056
47.128102,400,3678.041333,synthetic_track_0,0.31772958392054335,52.128101840526455
45.760835,394,3678.617405,synthetic_track_0,0.3093958645094859,50.760835472662485
47.02824,399,3679.169749,synthetic_track_0,0.3171209097469544,52.028240099869414
46.528102,397,3679.686713,synthetic_track_0,0.3140724825378274,51.52810183118826
46.201115,393,3680.233639,synthetic_track_0,0.31207944537021276,51.20111545754497
45.737808,393,3681.927394,synthetic_track_0,0.3092555068483108,50.737807782368264
46.628102,667,3682.852645,synthetic_track_0,0.3146819995412457,51.62810185018451
44.590954,384,3683.367354,synthetic_track_0,0.30226523688594686,49.59095359273131
45.907362,398,3683.814554,synthetic_track_0,0.3102889709034213,50.90736240441061
46.037464,396,3684.327385,synthetic_track_0,0.31108195993206833,51.03746364438225
46.103809,391,3686.021905,synthetic_track_0,0.31148634405528375,51.10380866802643
45.992708,395,3686.504395,synthetic_track_0,0.31080916868408237,50.99270832200795
45.192708,390,3687.068805,synthetic_track_0,0.3059330337777146,50.19270835395067
47.164026,398,3687.555068,synthetic_track_0,0.3179485493084357,52.16402625744338
39.704394,359,3688.06256,synthetic_track_0,0.27248083324386957,44.70439437732686
47.34725,398,3689.894469,synthetic_track_0,0.3190653283266786,52.34724989585311
46.637112,394,3690.36278,synthetic_track_0,0.31473691856678726,51.63711210513492
46.360405,395,3690.862776,synthetic_track_0,0.3130503425451298,51.360405084233975
46.793742,394,3691.365008,synthetic_track_0,0.3156916020818115,51.79374164803924
46.183838,392,3691.923847,synthetic_track_0,0.31197413540979996,51.18383784595626
45.978119,395,3693.495413,synthetic_track_0,0.31072024619838823,50.97811931102263
46.563808,398,3694.012556,synthetic_track_0,0.31429012031165976,51.56380843394992
46.560405,398,3694.547948,synthetic_track_0,0.3142693763023129,51.560405081267206
45.960405,392,3695.031384,synthetic_track_0,0.31061227491959686,50.960405071929
46.528207,394,3695.491889,synthetic_track_0,0.3140731220198563,51.528206747400084
44.179522,382,3697.01888,synthetic_track_0,0.2997574903052635,49.179521747024474
46.901358,402,3698.669806,synthetic_track_0,0.3163475435224838,51.901358262768255
45.150143,386,3699.194784,synthetic_track_0,0.3056735877984385,50.15014251458835
46.397616,392,3699.703859,synthetic_track_0,0.31327715071889445,51.397616222820375
44.505183,386,3700.153582,synthetic_track_0,0.3017424536756148,49.50518349826154
46.561513,396,3700.707577,synthetic_track_0,0.3142761276218712,51.56151273221097
45.760405,390,3702.370863,synthetic_track_0,0.30939324139594504,50.76040511320992
45.722207,392,3702.903579,synthetic_track_0,0.30916041707348324,50.722206939018896
45.817344,397,3703.448576,synthetic_track_0,0.30974029069290737,50.81734353509845
46.078275,396,3703.979762,synthetic_track_0,0.3113307109164936,51.07827481622546
45.393334,388,3704.497091,synthetic_track_0,0.3071558794286983,50.39333374691272
44.839504,387,3706.29089,synthetic_track_0,0.30378019263819755,49.83950384342803
45.960405,391,3706.817374,synthetic_track_0,0.31061227491959686,50.960405071929
44.057315,383,3707.41004,synthetic_track_0,0.29901261854125355,49.057314835432145
35.383051,337,3707.894446,synthetic_track_0,0.24614151683852217,40.38305120542015
44.777903,387,3708.449581,synthetic_track_0,0.30340472495344234,49.777902976844445
46.659258,395,3710.21781,synthetic_track_0,0.31487189919657577,51.65925761619905
44.925012,386,3710.71062,synthetic_track_0,0.3043013766865542,49.92501157240673
45.425012,390,3711.223849,synthetic_track_0,0.30734896106585186,50.425011562748686
37.331417,348,3711.633367,synthetic_track_0,0.2580171382433277,42.3314174682358
46.928102,400,3712.190904,synthetic_track_0,0.3165105501633603,51.92810184349323
46.959435,397,3712.733253,synthetic_track_0,0.31670152932850915,51.95943471859871
45.290975,392,3714.466136,synthetic_track_0,0.30653198436015827,50.29097479981891
46.628102,395,3715.004443,synthetic_track_0,0.3146819995412457,51.62810185018451
45.258458,390,3715.48957,synthetic_track_0,0.30633379106833986,50.25845834361569
49.498889,422,3716.021828,synthetic_track_0,0.33217993135012847,54.49888888888887
45.707396,391,3716.556856,synthetic_track_0,0.3090701391509448,50.70739554915092
46.24233,394,3718.480852,synthetic_track_0,0.31233065422268347,51.24232987794377
47.968075,408,3719.0719,synthetic_track_0,0.3228493643603839,52.96807535786781
45.075582,387,3719.592859,synthetic_track_0,0.3052191258244234,50.07558150024469
44.863101,386,3720.157325,synthetic_track_0,0.30392402056739154,49.86310088103473
47.278845,398,3720.809331,synthetic_track_0,0.3186483873124813,52.27884473388681
46.037746,397,3722.520755,synthetic_track_0,0.3110836813795795,51.03774607257186
46.275321,394,3723.015695,synthetic_track_0,0.3125317412426338,51.27532109181008
46.064165,393,3723.538882,synthetic_track_0,0.3112447093976039,51.064165031798694
46.660405,399,3724.024401,synthetic_track_0,0.31487889325897594,51.660405092592576
45.225012,389,3724.515449,synthetic_track_0,0.3061299273086688,50.225011565715455
46.268282,395,3726.183616,synthetic_track_0,0.31248883635993846,51.268281929554554
45.692708,396,3726.694739,synthetic_track_0,0.30898061804097937,50.692708325255765
45.125012,387,3727.247611,synthetic_track_0,0.3055204104227488,50.1250115659965
47.342215,405,3727.966698,synthetic_track_0,0.3190346402379153,52.342215074113795
45.019973,387,3728.616629,synthetic_track_0,0.3048801847534605,50.01997334929105
44.490477,382,3730.422876,synthetic_track_0,0.30165281312743314,49.4904766788115
45.094476,388,3731.07886,synthetic_track_0,0.30533429149953584,50.094476083389
46.893716,396,3731.819898,synthetic_track_0,0.3163009616489841,51.89371583735809
46.660405,402,3732.611689,synthetic_track_0,0.31487889325897594,51.660405092592576
44.801948,386,3733.271968,synthetic_track_0,0.3035512847831997,49.80194822197728
45.530004,389,3733.874416,synthetic_track_0,0.30798890876099033,50.530004173802276
46.705398,399,3735.974889,synthetic_track_0,0.3151531338369498,51.70539819836834
45.463345,391,3736.575495,synthetic_track_0,0.30758260872944165,50.463344817877534
45.960405,391,3737.252826,synthetic_track_0,0.31061227491959686,50.960405071929
50.81191,432,3737.924396,synthetic_track_0,0.3401830189269837,55.81191035543664
46.517265,393,3738.536205,synthetic_track_0,0.3140064306433784,51.51726506919049
45.450845,393,3740.763556,synthetic_track_0,0.307506419606486,50.4508448979407
46.123819,394,3741.399874,synthetic_track_0,0.31160830775864257,51.12381856534567
45.702953,391,3741.979955,synthetic_track_0,0.309043060157901,50.702952851402394
47.623536,399,3742.63712,synthetic_track_0,0.3207493400645256,52.623536209163746
46.528102,395,3743.25365,synthetic_track_0,0.31407248253782744,51.528101831188266
46.382297,398,3745.285208,synthetic_track_0,0.3131837770495662,51.38229693122685
45.982991,394,3745.89168,synthetic_track_0,0.3107499419710415,50.982991329051295
45.566808,389,3746.488675,synthetic_track_0,0.3082132336422553,50.5668078925862
47.228102,398,3747.033413,synthetic_track_0,0.3183391008772064,52.22810185185183
46.758388,396,3747.589937,synthetic_track_0,0.31547611332005104,51.75838762157456
44.711921,386,3749.733211,synthetic_track_0,0.30300255500317025,49.71192122007412
45.425012,393,3750.353259,synthetic_track_0,0.30734896106585186,50.425011562748686
46.328102,398,3750.98984,synthetic_track_0,0.3128534490141755,51.328101872469176
47.299576,399,3751.589054,synthetic_track_0,0.3187747453043455,52.2995755773512
45.350937,389,3752.186575,synthetic_track_0,0.306897465554338,50.3509372391861
44.936925,387,3754.197419,synthetic_track_0,0.3043739880171042,49.93692450411105
48.094295,404,3754.816415,synthetic_track_0,0.32361869318805675,53.09429480203456
46.160405,398,3755.451785,synthetic_track_0,0.31183130874154436,51.16040507958776
46.753752,398,3756.032334,synthetic_track_0,0.315447857597081,51.75375186438008
48.467881,411,3756.67685,synthetic_track_0,0.32589576285877986,53.467880787414856
44.957315,389,3757.267185,synthetic_track_0,0.30449827040428445,49.9573148148148
45.447867,395,3759.298018,synthetic_track_0,0.3074882715773467,50.44786745309749
46.156638,403,3759.948916,synthetic_track_0,0.3118083454359684,51.15663761948258
47.827127,403,3760.552021,synthetic_track_0,0.32199025887623073,52.82712676372969
44.895302,387,3761.089664,synthetic_track_0,0.30412029128532647,49.89530191137815
45.73225,390,3761.678656,synthetic_track_0,0.3092216331768014,50.73225032002444
49.069364,522,3763.764544,synthetic_track_0,0.3295619061444753,54.06936425080706
45.97876,392,3764.44287,synthetic_track_0,0.31072415131725284,50.978760001862184
44.742861,386,3764.998733,synthetic_track_0,0.3031911385390803,49.74286105779419
46.260405,395,3765.540569,synthetic_track_0,0.31244082565920983,51.26040508451502
45.635073,390,3766.088881,synthetic_track_0,0.3086293184362253,50.635072579326184
49.556882,656,3768.355436,synthetic_track_0,0.33253340895203776,54.556881966534675
44.205447,385,3768.923687,synthetic_track_0,0.299915507454514,49.20544672998337
47.346723,399,3769.480942,synthetic_track_0,0.3190621174989355,52.34672311344424
44.341143,383,3769.999871,synthetic_track_0,0.30074259787343594,49.34114279283306
44.671565,385,3771.867416,synthetic_track_0,0.3027565766741573,49.67156494217537
44.157315,381,3772.387691,synthetic_track_0,0.2996221351804364,49.157314794670334
50.053627,427,3772.999987,synthetic_track_0,0.33556115320061963,55.05362689846589
45.310964,392,3773.57896,synthetic_track_0,0.3066538225376973,50.31096410282447
44.925012,387,3774.119709,synthetic_track_0,0.3043013766865542,49.92501157240673
46.360405,397,3776.052891,synthetic_track_0,0.3130503425451298,51.360405084233975
47.495799,399,3776.620925,synthetic_track_0,0.3199707577815908,52.49579860275249
43.874468,383,3777.210663,synthetic_track_0,0.29789813352810274,48.874467561506926
45.425012,393,3777.826451,synthetic_track_0,0.3073489610658518,50.42501156274868
46.860155,398,3778.423679,synthetic_track_0,0.3160964006677811,51.86015467025124
46.660405,400,3779.009789,synthetic_track_0,0.31487889325897594,51.660405092592576
48.421694,399,3780.893835,synthetic_track_0,0.32561424469625927,53.42169368936515
49.997418,424,3781.494743,synthetic_track_0,0.335218551642398,54.99741819200132
45.492708,390,3782.059919,synthetic_track_0,0.30776158430478473,50.492708331665995
47.12489,404,3782.66281,synthetic_track_0,0.31771000521418613,52.12488967253662
45.175789,392,3783.215395,synthetic_track_0,0.30582990785383574,50.175789064925006
46.530001,581,3785.354391,synthetic_track_0,0.31408405633474495,51.5300006788088
47.277193,400,3785.952697,synthetic_track_0,0.31863831779566454,52.27719268502302
45.760405,393,3786.510772,synthetic_track_0,0.30939324139594504,50.76040511320992
47.017171,400,3787.13892,synthetic_track_0,0.31705344185048995,52.01717102240276
47.378356,401,3789.114721,synthetic_track_0,0.31925492723923443,52.37835632069592
51.14039,425,3789.827401,synthetic_track_0,0.3421851587003414,56.14039014229419
45.654481,389,3790.379886,synthetic_track_0,0.308747618792713,50.654481451974014
44.632573,384,3790.925543,synthetic_track_0,0.3025189115707418,49.63257256834002
45.907724,396,3791.61543,synthetic_track_0,0.31029117399731654,50.9077238536075
49.855452,430,3793.516848,synthetic_track_0,0.3343532428146054,54.855451850239575
47.01367,400,3794.166894,synthetic_track_0,0.31703210017016936,52.013669613212365
49.398436,404,3794.680704,synthetic_track_0,0.3315676519327567,54.3984356562066
45.289579,408,3795.275088,synthetic_track_0,0.30652347967028576,50.28957948329117
46.360405,394,3795.881721,synthetic_track_0,0.3130503425451298,51.360405084233975
47.275562,597,3798.276868,synthetic_track_0,0.3186283756005222,52.27556152510866
46.328102,394,3799.011941,synthetic_track_0,0.3128534490141755,51.328101872469176
44.35205,383,3799.585434,synthetic_track_0,0.3008090820056673,49.352050469647324
44.991523,391,3800.135705,synthetic_track_0,0.3047067755462033,49.99152307813767
46.684128,404,3800.746073,synthetic_track_0,0.31502348639034555,51.68412767260691
45.894879,394,3802.587508,synthetic_track_0,0.31021288285356996,50.894879066968265
48.134962,639,3803.511216,synthetic_track_0,0.3238665656156622,53.13496183401263
47.867253,439,3804.125462,synthetic_track_0,0.32223483278813664,52.867252626830165
46.160405,395,3804.66383,synthetic_track_0,0.31183130874154436,51.16040507958776
46.37126,397,3805.253392,synthetic_track_0,0.3131165058535882,51.37126012530024
45.998241,403,3807.119983,synthetic_track_0,0.31084289284197,50.99824125449462
45.360462,394,3807.786709,synthetic_track_0,0.306955519405514,50.36046180730783
41.571693,373,3808.306394,synthetic_track_0,0.28386233238097414,46.57169278497284
44.725012,385,3808.85297,synthetic_track_0,0.3030823427986669,49.72501155392959
45.425012,394,3809.407013,synthetic_track_0,0.30734896106585186,50.425011562748686
48.938812,418,3811.419085,synthetic_track_0,0.3287661662206981,53.93881168697781
46.680513,395,3812.095512,synthetic_track_0,0.31500145581718647,51.680513240651685
44.457315,387,3812.773905,synthetic_track_0,0.3014506858868528,49.45731480180998
45.374638,395,3813.357899,synthetic_track_0,0.30704192487768517,50.37463786607245
46.060405,398,3814.003051,synthetic_track_0,0.31122179192301525,51.06040509092525
40.362591,363,3815.91083,synthetic_track_0,0.2764926526116218,45.36259096697866
45.125012,391,3816.610945,synthetic_track_0,0.3055204104227488,50.1250115659965
46.803097,398,3817.199838,synthetic_track_0,0.3157486270339625,51.80309741049768
44.881228,392,3817.787178,synthetic_track_0,0.3040345103276871,49.88122831319245
45.552448,391,3818.35539,synthetic_track_0,0.30812571055696364,50.55244847333671
57.796602,468,3820.360931,synthetic_track_0,0.3827558964203069,62.79660238893386
47.300829,610,3821.284815,synthetic_track_0,0.3187823838628731,52.300828792591425
46.660405,399,3821.826568,synthetic_track_0,0.31487889325897594,51.660405092592576
45.892708,394,3822.419816,synthetic_track_0,0.3101996517332299,50.89270831163588
46.098816,396,3823.121713,synthetic_track_0,0.31145591448481,51.09881625992567
44.27351,402,3825.107196,synthetic_track_0,0.3003303617946741,49.273509543102655
45.818389,397,3825.726545,synthetic_track_0,0.30974666328445327,50.81838905027206
50.234282,428,3826.399022,synthetic_track_0,0.3366622789868233,55.23428239932983
45.760405,396,3826.96984,synthetic_track_0,0.30939324139594504,50.76040511320992
45.992708,394,3827.599003,synthetic_track_0,0.31080916868408237,50.99270832200795
45.083041,388,3829.575971,synthetic_track_0,0.30526459179501286,50.08304084575454
46.28697,396,3830.155468,synthetic_track_0,0.31260274092950013,51.286969610219806
46.59265,396,3830.727959,synthetic_track_0,0.3144659138068815,51.59264988178977
46.032285,396,3831.284749,synthetic_track_0,0.31105039576934257,51.03228509012621
45.760405,394,3831.844467,synthetic_track_0,0.30939324139594504,50.76040511320992
47.450542,403,3833.731502,synthetic_track_0,0.3196949096151828,52.450541749004074
45.292708,389,3834.304615,synthetic_track_0,0.30654255041689743,50.292708313188854
46.046027,395,3834.886418,synthetic_track_0,0.3111341538443747,51.046026805365216
43.945573,387,3835.422901,synthetic_track_0,0.29833153082539265,48.94557261307867
44.996192,390,3835.964633,synthetic_track_0,0.3047352327111124,49.9961918847756
47.128102,401,3837.882954,synthetic_track_0,0.31772958392054335,52.128101840526455
49.098441,420,3838.527169,synthetic_track_0,0.3297391339296252,54.09844101451056
50.253488,422,3839.168969,synthetic_track_0,0.336779340595562,55.25348803761711
45.62718,395,3839.777567,synthetic_track_0,0.3085812100642905,50.627179709922416
45.671248,395,3840.397466,synthetic_track_0,0.30884981629735236,50.67124842048841
45.338658,391,3842.315451,synthetic_track_0,0.3068226220825052,50.33865809264376
46.14059,400,3842.905532,synthetic_track_0,0.31171053394556875,51.140590239601195
46.260436,399,3843.528774,synthetic_track_0,0.3124410111951457,51.260435524350186
45.760405,430,3844.192704,synthetic_track_0,0.30939324139594504,50.76040511320992
45.992708,395,3844.785413,synthetic_track_0,0.31080916868408237,50.99270832200795
45.072911,388,3846.878888,synthetic_track_0,0.3052028468226583,50.07291069618734
46.382976,398,3847.456989,synthetic_track_0,0.31318791330292195,51.3829755429995
44.625012,387,3848.046927,synthetic_track_0,0.302472826159484,49.6250115946914
44.257315,382,3848.607569,synthetic_track_0,0.3002316520649054,49.25731479415123
49.887152,404,3849.171722,synthetic_track_0,0.3345464587753441,54.88715170378901
44.973584,388,3849.74453,synthetic_track_0,0.30459743403076955,49.97358403204194
45.912691,396,3851.720834,synthetic_track_0,0.31032145120562704,50.91269126450699
45.325012,391,3852.294647,synthetic_track_0,0.3067394441149993,50.325011552376615
46.728102,398,3852.882995,synthetic_track_0,0.3152915163597748,51.72810183884702
45.416977,391,3853.471088,synthetic_track_0,0.3072999893928364,50.416977056402914
45.692708,392,3854.03974,synthetic_track_0,0.30898061804097937,50.692708325255765
46.984696,399,3855.900733,synthetic_track_0,0.3168555014737225,51.984696060546305
45.545961,395,3856.45001,synthetic_track_0,0.30808616691408724,50.54596077075148
45.292708,389,3857.017932,synthetic_track_0,0.3065425504168974,50.29270831318885
44.257315,386,3857.569081,synthetic_track_0,0.3002316520649054,49.25731479415123
46.615545,398,3858.102901,synthetic_track_0,0.3146054650526695,51.615545268057076
46.928102,400,3860.016381,synthetic_track_0,0.3165105501633603,51.92810184349323
46.11253,428,3860.603744,synthetic_track_0,0.3115394999259849,51.11252965210081
44.825012,669,3861.632379,synthetic_track_0,0.3036918596831359,49.825011553410484
46.660405,397,3862.206851,synthetic_track_0,0.31487889325897594,51.660405092592576
45.525012,395,3864.060942,synthetic_track_0,0.3079584780225149,50.52501157407406
44.357315,383,3864.598963,synthetic_track_0,0.30084116906832375,49.357314813147475
48.856999,399,3865.178951,synthetic_track_0,0.32826750653124875,53.856999402598646
44.589776,385,3865.781746,synthetic_track_0,0.30225806106469333,49.58977629618725
46.00934,395,3866.362921,synthetic_track_0,0.31091054106402427,51.009339916964336
39.874509,358,3866.862868,synthetic_track_0,0.27351770972126993,44.874508856259006
46.185429,397,3868.750857,synthetic_track_0,0.3119838317300615,51.185428666564896
42.741216,380,3869.280054,synthetic_track_0,0.2909907753011025,47.74121623293026
45.792708,394,3869.912965,synthetic_track_0,0.30959013492689935,50.79270832497472
46.647311,399,3870.485416,synthetic_track_0,0.31479908412845625,51.64731125842013
44.409128,383,3871.006124,synthetic_track_0,0.30115697904612093,49.40912797603187
47.553852,399,3872.916695,synthetic_track_0,0.32032460329770734,52.5538520420084
44.526201,386,3873.458671,synthetic_track_0,0.30187055996818557,49.52620117556794
45.063341,389,3874.032439,synthetic_track_0,0.305144519031499,50.063341184276716
44.825012,390,3874.572803,synthetic_track_0,0.3036918596831359,49.825011553410484
46.482718,401,3875.218055,synthetic_track_0,0.31379585933876186,51.48271782220046
47.128102,402,3877.267426,synthetic_track_0,0.31772958392054335,52.12810184052646
49.780609,416,3877.939882,synthetic_track_0,0.3338970612083539,54.780608705528195
49.773897,424,3878.532207,synthetic_track_0,0.33385614999590507,54.773896633511995
47.095799,400,3879.07997,synthetic_track_0,0.31753269015605784,52.095798590447515
44.549657,384,3879.637473,synthetic_track_0,0.30201352844233126,49.54965720722949
45.392708,389,3881.54448,synthetic_track_0,0.3071520673013664,50.39270831266975
45.306079,392,3882.202008,synthetic_track_0,0.30662404423529444,50.30607854460499
45.736396,390,3882.845524,synthetic_track_0,0.30924690438154445,50.7363964241367
47.035548,401,3883.491062,synthetic_track_0,0.3171654537013316,52.03554817537659
44.55915,384,3884.130507,synthetic_track_0,0.3020713902851658,49.559150273624944
45.497256,389,3884.670138,synthetic_track_0,0.30778930162935314,50.497255756869585
45.856946,397,3886.517409,synthetic_track_0,0.3099816766006416,50.85694636032477
42.430918,376,3887.12814,synthetic_track_0,0.28909945239858353,47.43091754541338
50.351502,427,3887.845654,synthetic_track_0,0.33737675367755365,55.35150223445284
43.680837,700,3889.001964,synthetic_track_0,0.2967179215193542,48.680836829907065
46.360405,394,3891.071141,synthetic_track_0,0.3130503425451298,51.360405084233975
45.860405,393,3891.719944,synthetic_track_0,0.31000275803512795,50.86040507244811
49.990308,413,3892.322142,synthetic_track_0,0.3351752120649535,54.990307711828606
47.212118,401,3892.930614,synthetic_track_0,0.31824167387153307,52.21211755221221
45.960405,395,3893.55104,synthetic_track_0,0.31061227491959686,50.960405071929
46.958413,400,3896.006757,synthetic_track_0,0.31669530409837454,51.9584133801812
41.973283,369,3896.59705,synthetic_track_0,0.28631009316976247,46.97328309993424
46.408642,393,3897.247407,synthetic_track_0,0.3133443533972586,51.4086417874483
46.360405,393,3897.859896,synthetic_track_0,0.3130503425451298,51.360405084233975
45.692708,392,3898.467444,synthetic_track_0,0.30898061804097937,50.692708325255765
45.378154,388,3900.427009,synthetic_track_0,0.307063359079949,50.378154454816546
45.192708,391,3901.042091,synthetic_track_0,0.3059330337777145,50.192708353950664
46.928102,399,3901.707374,synthetic_track_0,0.3165105501633603,51.92810184349323
45.125012,389,3902.286524,synthetic_track_0,0.3055204104227488,50.1250115659965
44.609089,391,3902.828937,synthetic_track_0,0.30237577424170137,49.60908883360769
49.449893,424,3904.737569,synthetic_track_0,0.3318812923628961,54.44989287363619
45.512278,390,3905.31085,synthetic_track_0,0.30788086350676447,50.5122777979761
44.616286,385,3905.881056,synthetic_track_0,0.302419641810042,49.61628593827053
46.257079,398,3906.424768,synthetic_track_0,0.31242055317346834,51.25707909205233
46.360405,395,3907.029079,synthetic_track_0,0.3130503425451298,51.360405084233975
46.828102,396,3907.586958,synthetic_track_0,0.3159010332774403,51.82810184377427
46.381687,394,3909.622018,synthetic_track_0,0.313180056383175,51.38168650246488
43.789618,385,3910.187,synthetic_track_0,0.2973809614500932,48.789618053888205
44.676869,389,3910.76539,synthetic_track_0,0.30278890710729883,49.67686921409917
45.292708,389,3911.366688,synthetic_track_0,0.30654255041689743,50.292708313188854
45.566464,389,3911.980131,synthetic_track_0,0.3082111384852206,50.56646415198159
45.61372,393,3914.698004,synthetic_track_0,0.308499170265028,50.61371990250328
45.392708,392,3915.448088,synthetic_track_0,0.3071520673013664,50.39270831266975
45.295259,387,3916.191434,synthetic_track_0,0.3065580991304342,50.2952593029731
46.061411,392,3916.82097,synthetic_track_0,0.31122792571445684,51.06141142751183
46.092708,396,3917.447886,synthetic_track_0,0.31141868564074543,51.09270833333332
45.817103,396,3920.122916,synthetic_track_0,0.30973882208893394,50.81710258952283
45.115295,387,3920.942703,synthetic_track_0,0.3054611879530312,50.11529526921798
45.821571,396,3921.65993,synthetic_track_0,0.309766055310773,50.821570590720434
44.420834,387,3922.321969,synthetic_track_0,0.30122832829349194,49.42083384486318
46.981792,401,3922.99907,synthetic_track_0,0.31683780150114993,51.98179212581838
46.121656,397,3925.250964,synthetic_track_0,0.3115951254720496,51.12165582189091
46.921915,402,3925.965701,synthetic_track_0,0.31647283891191746,51.92191477104159
46.040685,398,3926.756536,synthetic_track_0,0.31110159490145145,51.0406850431296
46.503127,396,3927.443013,synthetic_track_0,0.31392025837594667,51.50312727101293
45.914244,393,3928.07638,synthetic_track_0,0.31033091641570826,50.91424416817107
45.277716,387,3928.69412,synthetic_track_0,0.3064511708858255,50.2777161886184
47.228102,401,3930.889057,synthetic_track_0,0.3183391008772064,52.22810185185183
45.160737,392,3931.521784,synthetic_track_0,0.3057381628552178,50.16073698015436
47.15727,403,3932.177492,synthetic_track_0,0.3179073694416909,52.157270108831206
46.460405,399,3932.855686,synthetic_track_0,0.31365985935146035,51.460405070895135
47.183653,412,3933.482114,synthetic_track_0,0.318068177890559,52.18365304458425
44.057315,385,3935.366945,synthetic_track_0,0.29901261854125355,49.057314835432145
45.513526,392,3935.920081,synthetic_track_0,0.3078884708102622,50.51352588537976
49.913533,410,3936.501983,synthetic_track_0,0.3347072596178124,54.913533391602904
45.851148,395,3937.079879,synthetic_track_0,0.3099463325439139,50.85114766016653
45.550216,391,3937.630234,synthetic_track_0,0.3081121053847488,50.55021634942171
45.491435,393,3939.50655,synthetic_track_0,0.30775382348314373,50.49143505740592
43.22397,380,3940.066787,synthetic_track_0,0.293933242522787,48.223970243752056
46.563382,392,3940.617792,synthetic_track_0,0.31428752226550283,51.56338218716174
44.857315,391,3941.16077,synthetic_track_0,0.3038887534476214,49.85731480348943
45.773167,394,3941.693033,synthetic_track_0,0.3094710258395709,50.77316676841655
46.331938,394,3943.566788,synthetic_track_0,0.3128768315718996,51.33193811691105
45.61458,390,3944.102432,synthetic_track_0,0.30850441563140146,50.61458048019684
44.899719,392,3944.695502,synthetic_track_0,0.3041472146752374,49.899719080197784
45.045283,395,3945.21395,synthetic_track_0,0.305034450101393,50.045282795356044
45.957595,396,3945.766791,synthetic_track_0,0.3105951477881025,50.95759512000775
44.457315,388,3947.585786,synthetic_track_0,0.3014506858868528,49.457314801809986
43.472775,382,3948.138862,synthetic_track_0,0.2954497475168786,48.472774669824766
44.774461,391,3948.706463,synthetic_track_0,0.30338374625951475,49.77446112078545
45.070879,390,3949.291985,synthetic_track_0,0.30519046268541394,50.07087890059716
46.362702,396,3949.830449,synthetic_track_0,0.31306434027603497,51.3627016130405
44.06595,380,3950.350209,synthetic_track_0,0.2990652488682268,49.065949596509505
46.867724,400,3952.181556,synthetic_track_0,0.31614253750298793,51.867724080737304
44.057315,387,3952.729172,synthetic_track_0,0.29901261854125355,49.057314835432145
44.501298,388,3953.294701,synthetic_track_0,0.30171877309609635,49.50129835906376
38.159588,355,3953.789817,synthetic_track_0,0.26306498010104784,43.159588427915494
46.537441,403,3954.334622,synthetic_track_0,0.3141294036563025,51.53744055824079
45.897369,396,3956.214451,synthetic_track_0,0.3102280583498,50.89736882509276
45.68994,395,3956.76749,synthetic_track_0,0.3089637461782455,50.689940253841144
46.693587,397,3957.349787,synthetic_track_0,0.3150811439328067,51.69358722059171
45.071274,389,3957.963905,synthetic_track_0,0.3051928731937784,50.07127437911684
46.860096,400,3958.543162,synthetic_track_0,0.31609604490230875,51.86009630181558
46.929106,400,3960.508797,synthetic_track_0,0.31651667175359804,51.92910617829706
45.325012,392,3961.094847,synthetic_track_0,0.3067394441149993,50.325011552376615
43.889618,381,3961.654619,synthetic_track_0,0.2979904782686223,48.88961804255072
47.711115,405,3962.197252,synthetic_track_0,0.3212831451839655,52.711114606132014
44.925012,390,3962.747794,synthetic_track_0,0.3043013766865542,49.92501157240673
49.560375,414,3964.641137,synthetic_track_0,0.33255470199100134,54.56037539541181
45.792708,395,3965.168975,synthetic_track_0,0.30959013492689935,50.79270832497472
46.260405,396,3965.723097,synthetic_track_0,0.31244082565920983,51.26040508451502
46.136976,398,3966.292008,synthetic_track_0,0.311688505554283,51.13697616561363
46.780016,437,3966.922037,synthetic_track_0,0.31560794277530424,51.780016137195375
44.053033,386,3968.726774,synthetic_track_0,0.298986517718969,49.053032620646285
46.660405,399,3969.284467,synthetic_track_0,0.31487889325897594,51.660405092592576
47.725825,409,3969.871091,synthetic_track_0,0.3213728066590164,52.725824858935525
46.259648,397,3970.465466,synthetic_track_0,0.31243621029244284,51.25964786730568
47.397176,407,3971.004855,synthetic_track_0,0.31936963438883265,52.39717567614375
44.970256,391,3972.85371,synthetic_track_0,0.3045771472151887,49.97025568856328
45.395347,394,3973.40015,synthetic_track_0,0.307168150654952,50.395347017833124
45.229389,650,3974.353784,synthetic_track_0,0.3061566060580909,50.22938859774909
45.71193,393,3974.921918,synthetic_track_0,0.30909777968775604,50.711930376220046
44.667095,389,3975.458926,synthetic_track_0,0.302729333062552,49.66709523638739
44.965721,391,3977.270928,synthetic_track_0,0.304549505492552,49.96572066694247
47.228102,406,3977.83226,synthetic_track_0,0.3183391008772064,52.22810185185183
45.392708,391,3978.411897,synthetic_track_0,0.30715206730136646,50.392708312669754
45.079387,391,3978.973188,synthetic_track_0,0.305242323081376,50.07938734343349
47.763885,422,3979.557595,synthetic_track_0,0.32160478853967533,52.76388481844867
46.70878,637,3981.805978,synthetic_track_0,0.3151737452226121,51.70877979223071
45.807238,392,3982.344606,synthetic_track_0,0.30967869728022884,50.80723825107298
44.364438,386,3982.923064,synthetic_track_0,0.30088458713075744,49.36443816990996
44.804905,389,3983.451154,synthetic_track_0,0.30356930403699084,49.804904539374995
44.820274,390,3983.997313,synthetic_track_0,0.30366298134165026,49.82027364670576
44.839994,390,3985.910956,synthetic_track_0,0.3037831817235581,49.83999424581412
47.215432,401,3986.481916,synthetic_track_0,0.3182618745771325,52.21543176811161
46.060405,395,3987.066482,synthetic_track_0,0.31122179192301525,51.06040509092525
46.901623,401,3987.628942,synthetic_track_0,0.3163491577467839,51.901623099450035
44.725012,390,3988.187379,synthetic_track_0,0.3030823427986669,49.72501155392959
44.625012,387,3989.99561,synthetic_track_0,0.302472826159484,49.6250115946914
46.360405,399,3990.582953,synthetic_track_0,0.3130503425451298,51.360405084233975
44.71466,386,3991.100096,synthetic_track_0,0.3030192455409563,49.71465954252665
45.600025,395,3991.728994,synthetic_track_0,0.3084156946065241,50.60002452175213
43.773334,383,3992.304469,synthetic_track_0,0.2972817072716487,48.77333398031153
45.930714,394,3994.473911,synthetic_track_0,0.3104313042838165,50.930714239820446
46.260405,398,3995.191819,synthetic_track_0,0.3124408256592098,51.260405084515014
46.78862,398,3995.967587,synthetic_track_0,0.3156603825047477,51.78861962801039
44.062329,385,3996.587431,synthetic_track_0,0.2990431828330799,49.062329346505834
46.527292,399,3997.174587,synthetic_track_0,0.31406754767457123,51.527292195990896
47.967034,439,3999.281785,synthetic_track_0,0.3228430154521866,52.9670337282877
50.432026,421,3999.865737,synthetic_track_0,0.3378675622189238,55.43202642522237
37.727203,352,4000.355819,synthetic_track_0,0.26042951926273283,42.727203223864876
45.792708,391,4000.927905,synthetic_track_0,0.30959013492689935,50.79270832497472
44.814689,388,4001.524747,synthetic_track_0,0.30362894501320165,49.8146894981548
46.225807,397,4003.471948,synthetic_track_0,0.31222994160119777,51.22580652583833
45.025012,390,4004.006317,synthetic_track_0,0.3049108935050833,50.02501156106924
45.513319,395,4004.556093,synthetic_track_0,0.307887210201277,50.51331906436942
47.295799,728,4005.620163,synthetic_track_0,0.31875172397800533,52.29579859810627
45.176857,390,4006.184671,synthetic_track_0,0.30583641812025475,50.17685716763899
48.923659,654,4008.383121,synthetic_track_0,0.3286738093312958,53.92365921273531
46.131841,399,4008.923356,synthetic_track_0,0.31165720427060495,51.13184074044115
45.693075,398,4009.485512,synthetic_track_0,0.30898285373307416,50.69307512265551
46.66544,401,4010.067522,synthetic_track_0,0.3149095842573843,51.66544039170095
45.47382,684,4012.293098,synthetic_track_0,0.30764645549387054,50.47381979662289
45.325012,393,4012.854494,synthetic_track_0,0.3067394441149993,50.325011552376615
45.182114,391,4013.460322,synthetic_track_0,0.30586846107257015,50.18211427420414
45.960405,393,4013.986073,synthetic_track_0,0.31061227491959686,50.960405071929
46.460405,398,4014.550622,synthetic_track_0,0.31365985935146035,51.460405070895135
46.431302,400,4016.383497,synthetic_track_0,0.31348246919589035,51.43130166799208
45.160889,390,4016.929084,synthetic_track_0,0.30573908717025694,50.16088862731261
45.154713,392,4017.519389,synthetic_track_0,0.3057014473968428,50.15471328185822
45.492708,394,4018.091022,synthetic_track_0,0.30776158430478473,50.492708331665995
45.933366,400,4018.701857,synthetic_track_0,0.31044746485754166,50.93336561405684
45.056133,392,4020.595653,synthetic_track_0,0.30510058610370855,50.056133356457366
46.660405,403,4021.192906,synthetic_track_0,0.31487889325897594,51.660405092592576
50.017324,407,4021.780092,synthetic_track_0,0.335339879011252,55.01732368950528
44.257315,384,4022.287344,synthetic_track_0,0.3002316520649054,49.25731479415123
46.579236,400,4022.887228,synthetic_track_0,0.31438415103689027,51.5792355250016
46.116595,394,4024.794882,synthetic_track_0,0.3115642785375924,51.11659493923399
49.366586,406,4025.463686,synthetic_track_0,0.33137352062898,54.36658562748457
45.792708,391,4026.095006,synthetic_track_0,0.30959013492689935,50.79270832497472
46.428102,400,4026.784513,synthetic_track_0,0.3134629656533584,51.428101831707366
43.889618,385,4027.336577,synthetic_track_0,0.29799047826862224,48.889618042550715
44.625012,386,4029.162531,synthetic_track_0,0.302472826159484,49.6250115946914
47.699613,416,4029.725733,synthetic_track_0,0.32121303988207356,52.699612824423525
44.709285,392,4030.312164,synthetic_track_0,0.3029864849901365,49.70928470361988
45.518961,393,4030.87122,synthetic_track_0,0.30792159877342007,50.51896100355778
44.725012,390,4031.413088,synthetic_track_0,0.3030823427986669,49.72501155392959
51.201979,428,4033.287838,synthetic_track_0,0.34256055420482,56.20197916666665
44.840878,393,4033.822817,synthetic_track_0,0.3037885712688139,49.84087847812419
45.592708,394,4034.392792,synthetic_track_0,0.30837110112331384,50.592708320328505
44.579121,389,4035.007454,synthetic_track_0,0.3021931178602119,49.57912143070295
46.776487,399,4035.543118,synthetic_track_0,0.3155864314753735,51.776486899471664
45.43792,397,4036.070792,synthetic_track_0,0.3074276385892678,50.43791974052231
44.670703,385,4037.88813,synthetic_track_0,0.3027513252830614,49.67070337603957
50.334282,428,4038.48185,synthetic_track_0,0.33727179587274336,55.33428239904879
46.217955,399,4039.066557,synthetic_track_0,0.31218208618705257,51.21795515779321
45.025012,388,4039.604673,synthetic_track_0,0.30491089350508327,50.025011561069235
47.395799,401,4040.13765,synthetic_track_0,0.3193612408956708,52.39579860303353
45.887625,393,4041.944455,synthetic_track_0,0.31016866723282854,50.88762485930995
45.27071,410,4042.503013,synthetic_track_0,0.3064084664977324,50.270709920382096
50.02073,407,4043.174725,synthetic_track_0,0.3353606385984511,55.02072959795841
46.700167,401,4043.831901,synthetic_track_0,0.31512125056263574,51.7001672892728
47.228102,403,4044.499052,synthetic_track_0,0.3183391008772064,52.22810185185183
44.205191,384,4046.480095,synthetic_track_0,0.29991395094227274,49.20519136179377
46.628102,403,4047.050191,synthetic_track_0,0.3146819995412457,51.62810185018451
44.825012,389,4047.602229,synthetic_track_0,0.3036918596831359,49.825011553410484
45.192708,389,4048.220944,synthetic_track_0,0.3059330337777145,50.192708353950664
45.292708,394,4048.783028,synthetic_track_0,0.3065425504168974,50.29270831318885
45.960405,398,4050.661218,synthetic_track_0,0.31061227491959686,50.960405071929
45.914959,396,4051.191087,synthetic_track_0,0.31033527408197903,50.91495910591261
46.328102,399,4051.780114,synthetic_track_0,0.3128534490141755,51.328101872469176
48.264063,656,4052.739184,synthetic_track_0,0.3246534616991148,53.26406343881121
46.260405,395,4053.295671,synthetic_track_0,0.31244082565920983,51.26040508451502
44.561764,385,4055.147504,synthetic_track_0,0.3020873209760057,49.56176393227217
45.27213,389,4055.703206,synthetic_track_0,0.3064171230615452,50.27213015401113
45.592708,392,4056.310975,synthetic_track_0,0.30837110112331384,50.592708320328505
47.300389,712,4057.514584,synthetic_track_0,0.31877970619880813,52.300389483341874
46.188586,398,4059.503583,synthetic_track_0,0.31200307880631617,51.188586425873154
46.115578,397,4060.115517,synthetic_track_0,0.3115580794334322,51.11557788715784
45.760405,393,4060.724966,synthetic_track_0,0.30939324139594504,50.76040511320992
47.838362,686,4061.762444,synthetic_track_0,0.32205873699883647,52.83836158330486
47.302209,405,4063.593594,synthetic_track_0,0.3187907961945106,52.30220895642416
44.557315,384,4064.159956,synthetic_track_0,0.30206020280451834,49.557314806737246
49.804069,417,4064.742954,synthetic_track_0,0.3340400562652623,54.804069098473775
44.738356,392,4065.279271,synthetic_track_0,0.30316367994760607,49.738356081470904
45.760405,392,4065.920399,synthetic_track_0,0.30939324139594504,50.76040511320992
46.460405,401,4066.527391,synthetic_track_0,0.31365985935146035,51.460405070895135
45.760405,399,4068.445731,synthetic_track_0,0.30939324139594504,50.76040511320992
51.0099,421,4069.027175,synthetic_track_0,0.3413897973853445,56.009899694673344
45.339954,394,4069.587354,synthetic_track_0,0.30683051832904634,50.339953585303824
50.162418,414,4070.176416,synthetic_track_0,0.3362242520649576,55.16241779135043
46.031883,399,4070.827322,synthetic_track_0,0.3110479468227723,51.031883305266774
39.892034,361,4072.641177,synthetic_track_0,0.27362453084637006,44.89203439611976
50.057473,417,4073.26447,synthetic_track_0,0.3355845987354279,55.05747347520297
45.562926,391,4073.850177,synthetic_track_0,0.30818957365474164,50.562926131802584
45.749292,396,4074.393909,synthetic_track_0,0.3093255038847633,50.749291801576376
51.092181,429,4075.019215,synthetic_track_0,0.34189131852212634,56.09218144058681
50.234282,418,4076.869203,synthetic_track_0,0.3366622789868234,55.234282399329835
46.360405,397,4077.557569,synthetic_track_0,0.3130503425451298,51.360405084233975
46.986656,395,4078.161989,synthetic_track_0,0.31686744512845977,51.986655588654486
45.911254,392,4078.740248,synthetic_track_0,0.3103126894853814,50.91125377845477
45.125012,388,4079.294733,synthetic_track_0,0.30552041042274874,50.125011565996495
44.464526,386,4081.240238,synthetic_track_0,0.301494641790433,49.46452639913765
45.292708,392,4081.845611,synthetic_track_0,0.3065425504168974,50.29270831318885
51.476908,440,4082.456648,synthetic_track_0,0.344236291699764,56.47690797158484
46.828102,398,4083.025409,synthetic_track_0,0.3159010332774403,51.82810184377427
44.332475,381,4083.621102,synthetic_track_0,0.30068976371223444,49.33247458982286
44.016764,385,4085.584755,synthetic_track_0,0.2987654527561253,49.01676373830208
45.63919,395,4086.335792,synthetic_track_0,0.3086544140111685,50.63918986884718
44.857315,390,4086.932537,synthetic_track_0,0.30388875344762134,49.85731480348942
45.51844,648,4087.894621,synthetic_track_0,0.3079184230515765,50.518439980775966
50.451676,417,4088.649424,synthetic_track_0,0.3379873315848823,55.4516763099735
45.145602,392,4090.569129,synthetic_track_0,0.30564591417060594,50.14560225846189
46.123812,394,4091.167437,synthetic_track_0,0.3116082673468191,51.1238119352056
46.395059,398,4091.880759,synthetic_track_0,0.3132615614924498,51.395058586311706
46.973414,404,4092.471989,synthetic_track_0,0.31678673731695906,51.97341431295922
44.789778,711,4094.717536,synthetic_track_0,0.3034771047739319,49.78977792599814
45.425012,389,4095.233426,synthetic_track_0,0.30734896106585186,50.425011562748686
46.302383,399,4095.869078,synthetic_track_0,0.312696686502394,51.302382730807615
45.225012,393,4096.430174,synthetic_track_0,0.3061299273086688,50.225011565715455
46.728102,400,4096.931365,synthetic_track_0,0.3152915163597748,51.72810183884702
46.360405,399,4098.785742,synthetic_track_0,0.31305034254512987,51.36040508423398
45.774159,401,4099.416774,synthetic_track_0,0.30947707099530286,50.774158563041865
46.230586,393,4100.135056,synthetic_track_0,0.3122590763249301,51.23058649573309
46.163906,398,4100.66178,synthetic_track_0,0.31185265043084276,51.1639064902511
47.595799,407,4101.216645,synthetic_track_0,0.3205802745879213,52.59579858941365
46.260405,395,4103.374701,synthetic_track_0,0.31244082565920983,51.26040508451502
45.406367,634,4104.341883,synthetic_track_0,0.3072353188490311,50.40636692481879
51.230371,625,4105.30289,synthetic_track_0,0.3427336081036753,56.23037114437335
46.447403,395,4105.862823,synthetic_track_0,0.3135806104603342,51.44740315204201
46.781761,401,4107.876809,synthetic_track_0,0.3156185766405292,51.781760775521356
45.02695,387,4108.389168,synthetic_track_0,0.304922706518037,50.0269496555164
46.092708,396,4108.934532,synthetic_track_0,0.31141868564074543,51.09270833333332
46.198758,392,4109.512947,synthetic_track_0,0.3120650740357024,51.19875763370088
46.522059,399,4110.087193,synthetic_track_0,0.31403564758144853,51.52205852752822
46.493823,394,4111.993886,synthetic_track_0,0.3138635490796235,51.49382329642686
45.754258,389,4112.561847,synthetic_track_0,0.3093557725593741,50.75425781239986
45.856613,394,4113.053241,synthetic_track_0,0.3099796417993686,50.85661252194978
45.759787,395,4113.536395,synthetic_track_0,0.3093894723029847,50.75978673937372
44.227355,389,4114.106386,synthetic_track_0,0.3000490427993084,49.22735512128537
45.302548,389,4114.612015,synthetic_track_0,0.3066025272975843,50.3025483819226
46.918436,402,4116.346594,synthetic_track_0,0.316451632440738,51.91843554485283
46.257906,394,4116.897161,synthetic_track_0,0.31242559345661486,51.25790602289687
43.113907,377,4117.374736,synthetic_track_0,0.29326238798774806,48.11390692169314
45.876977,411,4117.952918,synthetic_track_0,0.31010376756314156,50.87697713633397
45.990536,693,4120.059982,synthetic_track_0,0.3107959290670438,50.99053617267013
47.030794,409,4120.590735,synthetic_track_0,0.3171364775355528,52.0307942191915
46.092708,396,4121.190851,synthetic_track_0,0.31141868564074543,51.09270833333332
45.534853,396,4121.771571,synthetic_track_0,0.3080184604761713,50.5348525571335
44.850688,386,4122.297977,synthetic_track_0,0.3038483648040812,49.85068846640843
45.842291,691,4124.481086,synthetic_track_0,0.30989234972520546,50.842291003393974
46.260405,394,4124.958901,synthetic_track_0,0.31244082565920983,51.26040508451502
46.903064,400,4125.582851,synthetic_track_0,0.31635793725090505,51.90306350320246
44.666356,391,4126.074478,synthetic_track_0,0.3027248298771606,49.666356424143984
44.289618,385,4126.599131,synthetic_track_0,0.3004285458293908,49.28961804423016
43.789618,383,4128.315678,synthetic_track_0,0.2973809614500932,48.78961805388821
46.560405,394,4128.823083,synthetic_track_0,0.31426937630231283,51.5604050812672
44.399703,386,4129.34555,synthetic_track_0,0.3010995312240638,49.39970283569159
45.39478,393,4129.920155,synthetic_track_0,0.30716469660708173,50.39478033166899
46.09282,399,4130.419864,synthetic_track_0,0.3114193674083078,51.09282018709425
45.192708,393,4132.382052,synthetic_track_0,0.3059330337777145,50.192708353950664
46.085674,693,4133.454454,synthetic_track_0,0.3113758111897759,51.085674163839506
46.842249,402,4134.084612,synthetic_track_0,0.3159872643466826,51.84224928923344
45.997344,397,4134.762281,synthetic_track_0,0.310837422635398,50.99734378853707
45.823411,397,4136.704823,synthetic_track_0,0.3097772716652953,50.82341079478203
46.963496,401,4137.32754,synthetic_track_0,0.3167262846859771,51.963496190556285
46.708041,403,4138.040049,synthetic_track_0,0.3151692437173119,51.70804125563041
45.192708,390,4138.639034,synthetic_track_0,0.3059330337777145,50.192708353950664
46.05929,399,4139.335798,synthetic_track_0,0.3112149954704589,51.0592900352649
45.892708,396,4141.563579,synthetic_track_0,0.3101996517332299,50.89270831163588
45.400563,389,4142.199995,synthetic_track_0,0.3071999425892575,50.40056294128832
46.160405,399,4142.874898,synthetic_track_0,0.31183130874154436,51.16040507958776
45.688765,391,4143.526758,synthetic_track_0,0.30895658350393773,50.68876511424238
1.753373,1023,4146.512068,synthetic_track_0,0.041162947306104064,6.753372735242109
47.093504,402,4147.147675,synthetic_track_0,0.31751870688620754,52.09350443418474
34.476442,343,4147.672254,synthetic_track_0,0.24061558028477908,39.47644194391102
45.221386,388,4148.343212,synthetic_track_0,0.306107829163865,50.22138604766137
46.507606,400,4148.917377,synthetic_track_0,0.31394755539723274,51.50760573942618
45.592708,394,4150.782835,synthetic_track_0,0.30837110112331384,50.592708320328505
45.498461,398,4151.356438,synthetic_track_0,0.3077966491608227,50.49846122494088
44.857315,390,4151.997161,synthetic_track_0,0.3038887534476214,49.85731480348943
44.225431,383,4152.571227,synthetic_track_0,0.300037315763166,49.22543113256901
47.685167,408,4153.172188,synthetic_track_0,0.32112499049570836,52.68516705792358
44.2245,382,4153.764316,synthetic_track_0,0.30003164302125385,49.22450043777986
49.502626,406,4155.660057,synthetic_track_0,0.3322027068674634,54.502625539635886
45.465976,395,4156.223138,synthetic_track_0,0.30759864428296213,50.465975680753665
45.048825,391,4156.74606,synthetic_track_0,0.3050560426294959,50.04882535972809
45.665135,391,4157.386117,synthetic_track_0,0.3088125521040035,50.66513469433825
46.528102,399,4157.936517,synthetic_track_0,0.3140724825378274,51.52810183118826
47.078366,642,4160.201093,synthetic_track_0,0.31742643418741207,52.07836577262052
46.413191,398,4160.757827,synthetic_track_0,0.3133720796329096,51.41319067464299
45.199836,387,4161.330655,synthetic_track_0,0.3059764802697931,50.199836375004736
45.860405,429,4161.97556,synthetic_track_0,0.3100027580351279,50.8604050724481
46.67088,397,4163.839219,synthetic_track_0,0.3149427398176955,51.67088003758836
45.581966,388,4164.467581,synthetic_track_0,0.30830562616664575,50.58196621326034
45.892708,396,4165.099865,synthetic_track_0,0.3101996517332299,50.89270831163588
46.628102,401,4165.733433,synthetic_track_0,0.3146819995412457,51.62810185018451
49.968639,420,4166.417592,synthetic_track_0,0.3350431386582795,54.968639172473296
46.54902,396,4168.302958,synthetic_track_0,0.31419998233100394,51.5490200035578
48.696835,401,4168.905577,synthetic_track_0,0.3272912802070216,53.69683545242194
45.711821,391,4169.450088,synthetic_track_0,0.3090971099918494,50.71182050298762
46.291137,399,4170.019242,synthetic_track_0,0.3126281417201637,51.29113697476358
38.861408,357,4170.495763,synthetic_track_0,0.2673426903581008,43.861408236988375
45.192708,392,4171.072872,synthetic_track_0,0.3059330337777145,50.192708353950664
45.592708,397,4172.940006,synthetic_track_0,0.3083711011233138,50.5927083203285
43.039504,761,4174.093031,synthetic_track_0,0.2928088923285983,48.03950444518247
45.839706,393,4174.637566,synthetic_track_0,0.30987659455997824,50.83970614224461
45.194715,391,4175.21093,synthetic_track_0,0.30594526276280254,50.194714694601124
47.060876,401,4177.123922,synthetic_track_0,0.3173198289223969,52.06087564770715
45.628203,391,4177.749022,synthetic_track_0,0.308587447776007,50.62820309612271
45.983239,395,4178.308343,synthetic_track_0,0.3107514502980656,50.98323879176394
45.586522,395,4178.870604,synthetic_track_0,0.308333391694121,50.58652154684315
39.854253,362,4179.408977,synthetic_track_0,0.27339424857193667,44.854253281419616
42.147974,377,4181.416927,synthetic_track_0,0.287374865388069,47.147974275832816
46.408423,395,4181.971974,synthetic_track_0,0.31334302052643176,51.408423110844936
45.310996,389,4182.575574,synthetic_track_0,0.30665401408534226,50.310995528966856
44.057315,388,4183.196995,synthetic_track_0,0.29901261854125355,49.057314835432145
47.351244,402,4183.793847,synthetic_track_0,0.31908967250185666,52.35124390745016
46.41523,398,4185.653027,synthetic_track_0,0.31338450911181975,51.4152299091847
46.706394,397,4186.267037,synthetic_track_0,0.31515920548132437,51.706394338835935
45.933141,391,4186.790817,synthetic_track_0,0.3104460982493321,50.93314140235126
45.585092,394,4187.418854,synthetic_track_0,0.3083246803666364,50.58509232844718
46.706912,403,4188.015442,synthetic_track_0,0.3151623619770854,51.706912207302764
44.986552,387,4188.528904,synthetic_track_0,0.3046764747310686,49.986551794199606
46.575422,395,4190.486667,synthetic_track_0,0.3143609078894712,51.57542215282264
46.540177,401,4191.065746,synthetic_track_0,0.3141460811211428,51.5401767358888
45.08369,388,4191.694501,synthetic_track_0,0.30526855125424973,50.083690451912666
45.860405,394,4192.287626,synthetic_track_0,0.31000275803512795,50.86040507244811
46.160405,395,4192.869983,synthetic_track_0,0.3118313087415443,51.160405079587754
46.596718,400,4194.65324,synthetic_track_0,0.31449071261584344,51.59671848258905
38.671172,354,4195.110899,synthetic_track_0,0.2661831709732936,43.67117242755739
46.828102,402,4195.587657,synthetic_track_0,0.31590103327744035,51.82810184377428
45.225012,394,4196.228093,synthetic_track_0,0.3061299273086688,50.225011565715455
46.360405,399,4196.843289,synthetic_track_0,0.3130503425451298,51.360405084233975
46.251029,397,4198.71289,synthetic_track_0,0.3123836746217452,51.2510286359499
45.892708,392,4199.212285,synthetic_track_0,0.3101996517332299,50.89270831163588
46.587221,588,4200.095726,synthetic_track_0,0.31443282159864355,51.587220629719916
49.524639,408,4200.753161,synthetic_track_0,0.3323368852423389,54.524639429258634
44.557315,387,4201.296965,synthetic_track_0,0.3020602028045183,49.55731480673724
44.748356,386,4203.208497,synthetic_track_0,0.3032246334564295,49.748356380077915
45.692708,563,4203.969997,synthetic_track_0,0.30898061804097937,50.692708325255765
45.792708,394,4204.594723,synthetic_track_0,0.30959013492689935,50.79270832497472
44.517417,620,4205.438171,synthetic_track_0,0.3018170176380286,49.517416787269056
45.773665,394,4207.246422,synthetic_track_0,0.3094740603479754,50.77366462310541
47.354258,404,4207.91534,synthetic_track_0,0.3191080443415167,52.35425807162392
45.358178,392,4208.457711,synthetic_track_0,0.3069415984659012,50.358177877215766
46.046478,396,4208.917541,synthetic_track_0,0.31113690094353913,51.04647750644014
44.403059,384,4209.510941,synthetic_track_0,0.3011199886578617,49.403059171539375
45.992708,397,4211.376352,synthetic_track_0,0.31080916868408237,50.99270832200794
46.245275,394,4211.914782,synthetic_track_0,0.31234860594234104,51.24527511539687
45.374908,390,4212.590851,synthetic_track_0,0.3070435708970678,50.3749079191942
45.197896,392,4213.179233,synthetic_track_0,0.3059646505760172,50.1978955438291
47.027224,401,4213.71187,synthetic_track_0,0.31711471764266025,52.02722419622182
30.102692,313,4214.145446,synthetic_track_0,0.21395683804159984,35.10269237534609
45.045102,391,4215.896947,synthetic_track_0,0.3050333485332654,50.04510206728271
45.662055,392,4216.412123,synthetic_track_0,0.3087937805762377,50.66205495558996
45.352919,392,4217.012433,synthetic_track_0,0.30690954591166325,50.35291919531732
46.078766,435,4217.632581,synthetic_track_0,0.3113337044671726,51.078765951211174
47.095799,403,4218.087337,synthetic_track_0,0.3175326901560579,52.09579859044752
45.492708,391,4219.643935,synthetic_track_0,0.30776158430478473,50.49270833166599
46.160405,398,4220.066947,synthetic_track_0,0.31183130874154436,51.16040507958776
47.06903,583,4220.703862,synthetic_track_0,0.31736952968112436,52.06902977103594
46.092708,398,4221.118099,synthetic_track_0,0.31141868564074543,51.09270833333332
45.192708,394,4222.604598,synthetic_track_0,0.3059330337777145,50.192708353950664
45.014046,391,4222.980167,synthetic_track_0,0.3048440543612567,50.0140456395037
47.656651,503,4223.547461,synthetic_track_0,0.3209511780558796,52.656650630675145
45.845959,397,4224.080289,synthetic_track_0,0.30991470391537923,50.845958529368616
45.93055,396,4224.581259,synthetic_track_0,0.31043030232881524,50.93054985471126
44.247152,382,4226.088289,synthetic_track_0,0.30016970550212224,49.24715157077874
45.192708,390,4226.491821,synthetic_track_0,0.3059330337777145,50.192708353950664
40.316081,367,4226.859901,synthetic_track_0,0.27620916612062824,45.31608093637155
45.415463,391,4227.333834,synthetic_track_0,0.307290758110877,50.41546253200716
44.725012,390,4227.752974,synthetic_track_0,0.30308234279866686,49.72501155392958
44.786517,391,4228.263804,synthetic_track_0,0.303457226170361,49.78651655556292
45.238174,389,4229.805871,synthetic_track_0,0.30621015260265333,50.238173677481726
46.160405,396,4230.227633,synthetic_track_0,0.31183130874154436,51.16040507958776
46.092708,398,4230.772139,synthetic_track_0,0.31141868564074543,51.09270833333332
46.730579,399,4231.193861,synthetic_track_0,0.31530661437215085,51.73057888463235
48.760344,587,4232.874844,synthetic_track_0,0.327678375918035,53.76034406372829
39.624239,363,4233.244626,synthetic_track_0,0.2719922744531963,44.62423929047266
50.701979,435,4233.713675,synthetic_track_0,0.33951296968738837,55.70197915366183
47.728791,483,4234.231492,synthetic_track_0,0.32139088830640794,52.72879141289956
39.614654,360,4234.610592,synthetic_track_0,0.27193384899570605,44.61465375499765
45.125012,391,4236.082875,synthetic_track_0,0.30552041042274874,50.125011565996495
44.470754,387,4236.479247,synthetic_track_0,0.301532598602309,49.47075375930537
45.225012,393,4236.915666,synthetic_track_0,0.3061299273086688,50.225011565715455
45.09546,392,4237.38911,synthetic_track_0,0.30534028766254023,50.09545984005367
46.119156,398,4237.87888,synthetic_track_0,0.31157988774171047,51.11915585336694
46.393862,483,4239.563915,synthetic_track_0,0.3132542651284727,51.39386151300247
47.264976,400,4240.03571,synthetic_track_0,0.3185638537082313,52.26497578194058
44.54206,389,4240.486244,synthetic_track_0,0.3019672223804248,49.542060032672715
45.778022,661,4241.166476,synthetic_track_0,0.3095006180756705,50.77802179978647
45.392708,393,4241.692139,synthetic_track_0,0.30715206730136646,50.392708312669754
44.30244,386,4243.095329,synthetic_track_0,0.30050670064950913,49.30244046502014
45.592708,394,4243.50891,synthetic_track_0,0.3083711011233138,50.5927083203285
47.332856,407,4244.03037,synthetic_track_0,0.3189775954651644,52.33285605980126
43.754129,385,4244.420878,synthetic_track_0,0.29716465087434624,48.754129197035205
45.592708,395,4244.824568,synthetic_track_0,0.30837110112331384,50.592708320328505
44.925012,386,4246.303663,synthetic_track_0,0.3043013766865542,49.92501157240673
50.093758,421,4246.755323,synthetic_track_0,0.3358057619199839,55.09375847222986
46.570051,399,4247.168204,synthetic_track_0,0.314328168049974,51.57005071190583
45.59171,690,4247.947399,synthetic_track_0,0.3083650184486824,50.591710370188835
45.377727,390,4249.557406,synthetic_track_0,0.30706075602710065,50.37772738660872
45.425012,393,4250.011064,synthetic_track_0,0.30734896106585186,50.425011562748686
46.560856,402,4250.542238,synthetic_track_0,0.31427212561137724,51.56085614490796
47.220216,404,4251.13157,synthetic_track_0,0.3182910338523199,52.220215766025206
46.384742,395,4251.572306,synthetic_track_0,0.3131986817310863,51.38474225830843
44.725012,385,4252.080272,synthetic_track_0,0.30308234279866686,49.72501155392958
45.693067,395,4253.659143,synthetic_track_0,0.3089828033568748,50.69306685771644
44.440124,388,4254.117369,synthetic_track_0,0.3013459031588504,49.440123690270916
45.892708,394,4254.583238,synthetic_track_0,0.3101996517332299,50.89270831163588
45.435705,391,4255.043423,synthetic_track_0,0.30741413705469617,50.43570461985124
45.792708,394,4255.553155,synthetic_track_0,0.30959013492689935,50.79270832497472
47.031481,414,4257.060316,synthetic_track_0,0.31714066391163503,52.03148105431735
45.592708,395,4257.538974,synthetic_track_0,0.30837110112331384,50.592708320328505
46.146488,398,4258.047285,synthetic_track_0,0.3117464795663069,51.146487634975706
46.193007,402,4258.537375,synthetic_track_0,0.31203002583791434,51.19300747345115
45.492708,391,4259.041864,synthetic_track_0,0.30776158430478473,50.492708331665995
45.617422,389,4260.632444,synthetic_track_0,0.30852173791706466,50.61742244996252
44.93802,388,4261.041129,synthetic_track_0,0.3043806634431869,49.93801970364008
46.251246,397,4261.534724,synthetic_track_0,0.3123849981085104,51.25124577296317
45.246686,389,4262.01454,synthetic_track_0,0.30626203763434784,50.24668616216381
45.692708,689,4263.740326,synthetic_track_0,0.3089806180409793,50.69270832525576
45.992708,397,4264.224663,synthetic_track_0,0.31080916868408237,50.99270832200795
46.360748,396,4264.651178,synthetic_track_0,0.31305243187366955,51.36074786859026
46.136195,399,4265.09315,synthetic_track_0,0.3116837435274215,51.13619488670929
45.992708,397,4265.512912,synthetic_track_0,0.31080916868408237,50.99270832200795
44.257315,384,4265.882981,synthetic_track_0,0.30023165206490543,49.257314794151235
47.47137,408,4267.295625,synthetic_track_0,0.3198218601879309,52.47136981387379
46.092708,398,4267.71032,synthetic_track_0,0.31141868564074543,51.09270833333332
44.865482,391,4268.131568,synthetic_track_0,0.30393853246846525,49.865481766842514
48.937493,731,4268.947426,synthetic_track_0,0.3287581314011692,53.937493459428765
47.891042,399,4270.352044,synthetic_track_0,0.32237983280321614,52.89104196196124
45.730159,396,4270.780356,synthetic_track_0,0.309208886920612,50.730159113620154
46.445978,395,4271.247094,synthetic_track_0,0.3135719268466559,51.44597848049402
46.339684,400,4271.760161,synthetic_track_0,0.31292404138344354,51.33968356457654
56.342165,818,4273.715617,synthetic_track_0,0.3738908576283175,61.342165445206874
44.857315,390,4274.105335,synthetic_track_0,0.3038887534476214,49.85731480348943
41.259399,371,4274.498862,synthetic_track_0,0.28195885000242144,46.25939916076422
38.84452,358,4274.863585,synthetic_track_0,0.2672397534438025,43.84451995769918
46.770539,401,4275.277687,synthetic_track_0,0.31555017946744,51.77053923687706
46.728102,397,4276.722935,synthetic_track_0,0.31529151635977476,51.72810183884701
44.925012,392,4277.136823,synthetic_track_0,0.30430137668655416,49.925011572406724
45.500112,394,4277.532025,synthetic_track_0,0.30780670858207115,50.50011161748169
46.310344,783,4278.509904,synthetic_track_0,0.31274520979352927,51.31034367366576
46.404302,399,4278.947379,synthetic_track_0,0.31331789992614345,51.404301715556635
46.528102,401,4280.461288,synthetic_track_0,0.3140724825378274,51.52810183118826
46.092708,398,4280.893006,synthetic_track_0,0.31141868564074543,51.09270833333332
47.622869,566,4281.510086,synthetic_track_0,0.3207452762078606,52.622869475108054
44.925012,392,4281.949205,synthetic_track_0,0.3043013766865542,49.92501157240673
44.93669,387,4283.534872,synthetic_track_0,0.30437255912440103,49.93669007373969
45.448765,397,4283.994565,synthetic_track_0,0.3074937443196051,50.4487653350708
45.425012,395,4284.519085,synthetic_track_0,0.3073489610658518,50.42501156274868
44.625012,389,4285.021364,synthetic_track_0,0.302472826159484,49.6250115946914
47.64039,785,4287.102329,synthetic_track_0,0.32085206653335957,52.64038996185186
45.647486,392,4287.517375,synthetic_track_0,0.30870498160686505,50.64748620923127
47.039786,404,4287.962066,synthetic_track_0,0.3171912859824399,52.03978633212539
45.188444,391,4288.386276,synthetic_track_0,0.305907043099082,50.18844420981293
46.635765,401,4288.882986,synthetic_track_0,0.31472870793084734,51.63576503237836
46.656931,401,4289.285981,synthetic_track_0,0.31485771752651404,51.65693090953194
45.225012,396,4290.656387,synthetic_track_0,0.3061299273086688,50.225011565715455
46.049372,706,4291.459344,synthetic_track_0,0.3111545431027747,51.04937195605975
47.702289,601,4292.120905,synthetic_track_0,0.32122934944005554,52.70228864166713
44.040057,386,4292.55801,synthetic_track_0,0.2989074268043482,49.0400566201079
46.107841,392,4294.181323,synthetic_track_0,0.3115109221255231,51.10784105346776
45.018356,389,4294.629309,synthetic_track_0,0.3048703274193329,50.018356112045026
45.74907,684,4295.332189,synthetic_track_0,0.3093241501293286,50.74906969855312
46.092708,395,4295.86901,synthetic_track_0,0.31141868564074543,51.09270833333332
45.260923,397,4297.391271,synthetic_track_0,0.3063488159912512,50.26092339802455
45.960405,393,4297.812221,synthetic_track_0,0.31061227491959686,50.960405071929
46.04794,400,4298.302105,synthetic_track_0,0.311145816732327,51.047940269649615
46.799099,493,4298.844857,synthetic_track_0,0.31572425467053256,51.79909877421303
45.192708,393,4299.267288,synthetic_track_0,0.3059330337777145,50.192708353950664
45.475798,385,4300.770342,synthetic_track_0,0.3076585140528068,50.4757981764153
45.836314,398,4301.167135,synthetic_track_0,0.3098559216283986,50.83631445089051
44.725012,388,4301.542881,synthetic_track_0,0.30308234279866686,49.72501155392958
45.463628,395,4301.996921,synthetic_track_0,0.30758433767722126,50.463628476593925
45.760405,397,4302.41423,synthetic_track_0,0.30939324139594504,50.76040511320992
50.512526,429,4303.9312,synthetic_track_0,0.33835822279077243,55.5125263394666
45.960405,398,4304.44543,synthetic_track_0,0.31061227491959686,50.960405071929
42.147975,376,4304.89119,synthetic_track_0,0.2873748688889414,47.14797485020122
46.05989,398,4305.357387,synthetic_track_0,0.31121865085127914,51.05988975299125
47.475502,553,4306.044662,synthetic_track_0,0.31984704653198937,52.47550199537187
46.148905,398,4307.586289,synthetic_track_0,0.311761216094861,51.148905374148015
46.360405,398,4307.997157,synthetic_track_0,0.3130503425451298,51.360405084233975
45.992708,399,4308.407434,synthetic_track_0,0.31080916868408237,50.99270832200794
46.026346,397,4308.813323,synthetic_track_0,0.31101419303561145,51.02634551167225
45.444679,402,4309.327746,synthetic_track_0,0.30746883712074036,50.444678951351165
44.295893,384,4310.682339,synthetic_track_0,0.3004667899250507,49.295892537428934
47.122448,405,4311.089131,synthetic_track_0,0.3176951202269526,52.12244757658562
45.568776,433,4311.596949,synthetic_track_0,0.30822523118045914,50.568776261051006
40.628748,365,4312.033568,synthetic_track_0,0.2781149229416444,45.628747715534466
46.4179,477,4312.529026,synthetic_track_0,0.31340078514172814,51.41790022566627
47.495799,685,4314.262644,synthetic_track_0,0.3199707577815908,52.49579860275249
44.969778,392,4314.713306,synthetic_track_0,0.3045742342421329,49.96977777349401
46.728102,405,4315.177422,synthetic_track_0,0.31529151635977476,51.72810183884701
46.965958,402,4315.643089,synthetic_track_0,0.316741290849613,51.96595816723657
45.906922,399,4317.073889,synthetic_track_0,0.3102862838855141,50.90692156052889
46.543187,399,4317.490973,synthetic_track_0,0.3141644273067486,51.543186691146495
44.623952,581,4318.137225,synthetic_track_0,0.30246637053567915,49.6239524568831
46.060405,398,4318.515687,synthetic_track_0,0.31122179192301525,51.06040509092525
46.142789,602,4319.171973,synthetic_track_0,0.31172393709213747,51.14278921830723
46.360405,434,4320.915319,synthetic_track_0,0.31305034254512987,51.36040508423398
44.625012,391,4321.429112,synthetic_track_0,0.302472826159484,49.6250115946914
45.634436,396,4321.943308,synthetic_track_0,0.3086254406268127,50.63443636899448
43.938339,385,4322.38698,synthetic_track_0,0.2982874397447013,48.93833883800435
44.757315,386,4322.923233,synthetic_track_0,0.3032792364967689,49.75731479311737
45.525012,396,4324.59316,synthetic_track_0,0.3079584780225149,50.52501157407406
41.418902,371,4325.149095,synthetic_track_0,0.28293104644730704,46.41890195135318
47.128102,404,4325.72093,synthetic_track_0,0.31772958392054335,52.12810184052646
44.494844,390,4326.1573,synthetic_track_0,0.3016794298976041,49.494843542258764
44.496758,392,4326.635931,synthetic_track_0,0.3016910961675485,49.496757561407556
46.928102,402,4328.249353,synthetic_track_0,0.3165105501633603,51.92810184349323
46.124998,395,4328.624572,synthetic_track_0,0.3116154984715961,51.124998305087004
45.670423,394,4329.032592,synthetic_track_0,0.3088447875706848,50.67042338565023
44.089618,696,4329.886802,synthetic_track_0,0.2992095120722078,49.089618047196936
46.487027,397,4331.367455,synthetic_track_0,0.3138221225151215,51.48702667350425
45.229853,394,4331.883085,synthetic_track_0,0.30615943558667635,50.22985282255448
44.531669,393,4332.266497,synthetic_track_0,0.3019038891347558,49.53166930405568
51.363079,432,4332.730618,synthetic_track_0,0.3435424822943145,56.36307857333079
46.428102,397,4333.145363,synthetic_track_0,0.3134629656533584,51.428101831707366
44.525662,447,4334.687461,synthetic_track_0,0.3018672753157515,49.52566228115817
18.290201,834,4335.620448,synthetic_track_0,0.14195770755943565,23.290200885280157
42.723405,378,4336.06388,synthetic_track_0,0.29088221426669103,47.723405235956406
42.775215,379,4336.533643,synthetic_track_0,0.2911980056368031,47.775215345982794
44.925012,389,4337.978974,synthetic_track_0,0.3043013766865542,49.92501157240673
44.357315,385,4338.46561,synthetic_track_0,0.30084116906832375,49.357314813147475
40.227018,366,4338.842097,synthetic_track_0,0.2756663134759913,45.22701816294372
45.379016,393,4339.234443,synthetic_track_0,0.3070686081337902,50.37901563749215
44.957315,394,4339.763851,synthetic_track_0,0.30449827040428445,49.9573148148148
46.427436,399,4340.284463,synthetic_track_0,0.31345890456597464,51.42743555199204
46.260405,396,4341.803041,synthetic_track_0,0.3124408256592098,51.260405084515014
51.269676,432,4342.269365,synthetic_track_0,0.3429731773056189,56.269675912921095
46.560405,398,4342.666361,synthetic_track_0,0.31426937630231283,51.5604050812672
46.473314,402,4343.148326,synthetic_track_0,0.31373854395440004,51.47331441016632
46.360405,399,4343.547502,synthetic_track_0,0.3130503425451298,51.360405084233975
61.151522,916,4345.60693,synthetic_track_0,0.40320469686942834,66.15152181184469
44.688071,387,4346.042936,synthetic_track_0,0.3028571820004555,49.6880706909642
44.972325,405,4346.550215,synthetic_track_0,0.304589758773736,49.9723247958847
40.798244,691,4348.523355,synthetic_track_0,0.27914803021662726,45.798243802672395
45.216779,395,4349.060351,synthetic_track_0,0.3060797506332219,50.21677936141317
45.129194,395,4349.536327,synthetic_track_0,0.30554590461684644,50.12919425471521
44.082681,388,4350.032456,synthetic_track_0,0.2991672266340909,49.08268051372168
45.225012,391,4350.473358,synthetic_track_0,0.3061299273086688,50.225011565715455
44.625012,392,4352.029143,synthetic_track_0,0.302472826159484,49.6250115946914
45.025012,393,4352.494497,synthetic_track_0,0.30491089350508327,50.025011561069235
41.766903,375,4352.904884,synthetic_track_0,0.2850521714968509,46.7669029817727
46.59016,401,4353.402935,synthetic_track_0,0.3144507397835224,51.59016036531091
40.239107,364,4353.829214,synthetic_track_0,0.27573999546717204,45.239106751902575
42.153157,375,4355.611339,synthetic_track_0,0.28740645221619787,47.15315654867378
45.436982,399,4356.101319,synthetic_track_0,0.30742192452448425,50.436982266122584
49.271825,410,4356.651982,synthetic_track_0,0.3307959374642372,54.27182481339363
45.838026,397,4357.134907,synthetic_track_0,0.30986635384280437,50.83802600550326
46.351528,399,4357.653172,synthetic_track_0,0.3129962337813179,51.351527764358224
41.199953,369,4358.074554,synthetic_track_0,0.281596516164357,46.1999530903737
46.641614,415,4359.75307,synthetic_track_0,0.31476435750579146,51.64161385718821
45.396895,395,4360.223186,synthetic_track_0,0.3071775847723893,50.39689482030237
44.64935,390,4360.67113,synthetic_track_0,0.3026211728477593,49.64934999962902
44.057315,387,4361.16771,synthetic_track_0,0.29901261854125355,49.057314835432145
46.263476,395,4361.646631,synthetic_track_0,0.31245954598443343,51.263476422750834
45.855295,398,4363.323955,synthetic_track_0,0.3099716103376259,50.85529484529378
44.044418,390,4363.817981,synthetic_track_0,0.298934007375521,49.044417544589585
49.467281,418,4364.319242,synthetic_track_0,0.3319872779823814,54.46728133680033
45.425012,392,4364.797991,synthetic_track_0,0.3073489610658518,50.42501156274868
45.355166,397,4365.325899,synthetic_track_0,0.30692323934597343,50.35516579989679
43.881191,703,4367.412384,synthetic_track_0,0.2979391166042253,48.88119142379099
44.455551,391,4367.913033,synthetic_track_0,0.30143993479403136,49.45555093061304
45.852833,405,4368.414813,synthetic_track_0,0.3099566061044863,50.85283318533914
45.286465,395,4368.900213,synthetic_track_0,0.30650449885629444,50.286465408131576
43.29117,377,4370.561246,synthetic_track_0,0.2943428387526499,48.29117038835403
46.260405,400,4371.04551,synthetic_track_0,0.3124408256592098,51.260405084515014
47.277744,519,4371.653076,synthetic_track_0,0.31864167789380954,52.277743957385304
44.657315,387,4372.127414,synthetic_track_0,0.3026697196904383,49.6573148064562
46.589055,404,4372.659252,synthetic_track_0,0.31444400120032584,51.58905480395021
45.874241,395,4374.340171,synthetic_track_0,0.3100870913810709,50.874241169142735
46.653383,719,4375.222993,synthetic_track_0,0.31483609392174117,51.65338324658582
50.106316,430,4375.696979,synthetic_track_0,0.33588230405025304,55.106316308086775
44.610318,398,4376.200567,synthetic_track_0,0.30238326682659233,49.610318099776194
45.592708,394,4376.701408,synthetic_track_0,0.30837110112331384,50.592708320328505
40.893883,369,4378.344619,synthetic_track_0,0.279730970237671,45.89388348598085
41.854543,377,4378.895986,synthetic_track_0,0.285586349724229,46.85454259245724
45.432595,396,4379.432492,synthetic_track_0,0.30739518433626717,50.43259515417218
44.946093,505,4380.062287,synthetic_track_0,0.30442987329060206,49.94609328591706
45.418716,392,4380.549121,synthetic_track_0,0.30731058648815596,50.418715662097775
42.304417,566,4382.565571,synthetic_track_0,0.2883284084199566,47.30441670609764
46.586301,550,4383.223785,synthetic_track_0,0.31442721768670034,51.58630122747579
45.723624,392,4383.70306,synthetic_track_0,0.30916905457048033,50.72362404446295
44.357315,388,4384.179218,synthetic_track_0,0.30084116906832375,49.357314813147475
44.757315,392,4385.865769,synthetic_track_0,0.30327923649676886,49.75731479311736
43.689618,384,4386.330559,synthetic_track_0,0.29677144444667486,48.689618034891964
43.516843,379,4386.767905,synthetic_track_0,0.295718348776294,48.516842564392626
42.650539,379,4387.229407,synthetic_track_0,0.29043808323203146,47.65053916059887
43.659745,385,4387.758147,synthetic_track_0,0.2965893653977646,48.659745351689146
48.933123,413,4389.403395,synthetic_track_0,0.32873149037924854,53.93312261713362
43.856012,385,4389.857726,synthetic_track_0,0.2977856410267771,48.85601155091754
47.998298,416,4390.413006,synthetic_track_0,0.3230335750232562,52.99829776295779
45.583041,395,4390.890108,synthetic_track_0,0.3083121800359867,50.58304146965994
45.45489,396,4391.352082,synthetic_track_0,0.30753107722008355,50.45489033361243
46.628102,402,4393.084894,synthetic_track_0,0.3146819995412457,51.62810185018451
46.460405,400,4393.59786,synthetic_track_0,0.31365985935146035,51.460405070895135
43.945911,379,4394.062083,synthetic_track_0,0.29833359572366713,48.94591138929904
45.960405,400,4394.592538,synthetic_track_0,0.3106122749195969,50.96040507192901
43.789618,386,4395.092159,synthetic_track_0,0.2973809614500932,48.78961805388821
45.53848,398,4395.571082,synthetic_track_0,0.30804056833803506,50.538479669410826
46.63305,402,4397.252453,synthetic_track_0,0.31471216216055503,51.63305046111249
46.160405,403,4397.74216,synthetic_track_0,0.31183130874154436,51.16040507958776
44.920611,394,4398.189983,synthetic_track_0,0.3042745562731527,49.92061129836253
45.992708,400,4398.7078,synthetic_track_0,0.31080916868408237,50.99270832200795
45.192708,395,4399.22461,synthetic_track_0,0.3059330337777146,50.19270835395067
45.760405,397,4400.871495,synthetic_track_0,0.30939324139594504,50.76040511320992
45.325012,397,4401.411113,synthetic_track_0,0.3067394441149993,50.325011552376615
45.01669,393,4401.89923,synthetic_track_0,0.30486017317962777,50.0166901631745
46.003318,399,4402.355689,synthetic_track_0,0.3108738372953247,51.003318136527355
45.615837,394,4402.919486,synthetic_track_0,0.3085120757859629,50.61583723857662
45.7482,412,4404.590234,synthetic_track_0,0.30931884759816375,50.74819974215446
46.139939,403,4405.090061,synthetic_track_0,0.31170656440411343,51.13993897931032
47.195799,687,4405.935464,synthetic_track_0,0.3181422071594762,52.19579860944376
45.413311,391,4406.410091,synthetic_track_0,0.30727764145699765,50.41331055654176
46.418089,396,4408.055764,synthetic_track_0,0.3134019368290839,51.41808917651884
46.203884,408,4408.562291,synthetic_track_0,0.31209632019743994,51.203884015327304
42.045184,376,4409.047925,synthetic_track_0,0.2867483409001875,47.04518393472931
45.28414,450,4409.587004,synthetic_track_0,0.3064903223240667,50.28413954439993
45.325012,396,4410.063525,synthetic_track_0,0.3067394441149993,50.325011552376615
47.427105,755,4412.2478,synthetic_track_0,0.31955205989287705,52.42710520028751
46.279173,397,4412.773006,synthetic_track_0,0.3125552190836818,51.27917296884981
45.512013,721,4413.639166,synthetic_track_0,0.3078792517277971,50.51201336248628
46.960943,401,4414.116876,synthetic_track_0,0.3167107232143822,51.96094310762936
44.357315,388,4415.779959,synthetic_track_0,0.3008411690683237,49.35731481314747
43.002634,397,4416.270093,synthetic_track_0,0.29258415988390113,48.0026338597636
45.557034,394,4416.765324,synthetic_track_0,0.30815365770378667,50.557033604182145
42.37849,375,4417.237258,synthetic_track_0,0.2887798979246822,47.37849004416034
31.232593,320,4417.631001,synthetic_track_0,0.22084377061008936,36.23259258126723
45.986839,395,4419.303235,synthetic_track_0,0.3107733934834729,50.98683888650331
45.692708,392,4419.766413,synthetic_track_0,0.30898061804097937,50.692708325255765
45.123181,395,4420.267378,synthetic_track_0,0.30550925066025564,50.12318064667013
47.42118,408,4420.899089,synthetic_track_0,0.3195159436539226,52.421179812544
44.945156,392,4421.493804,synthetic_track_0,0.30442415858165134,49.945155705832455
46.508983,400,4423.199217,synthetic_track_0,0.31395595086118605,51.508983135873045
45.786719,396,4423.804649,synthetic_track_0,0.30955362893811694,50.78671899317389
46.270704,409,4424.378431,synthetic_track_0,0.31250360147210576,51.270704358279154
45.62079,397,4424.882161,synthetic_track_0,0.3085422636247,50.62078998711395
46.389241,402,4425.380103,synthetic_track_0,0.31322610311362253,51.38924112997099
44.586271,389,4427.172091,synthetic_track_0,0.30223669680920595,49.586271183216496
41.057747,370,4427.74151,synthetic_track_0,0.2807297435016175,46.05774658546364
44.446009,406,4428.291309,synthetic_track_0,0.3013817732412867,49.44600869250204
48.716131,415,4428.802634,synthetic_track_0,0.3274088876592697,53.71613064417697
45.788235,397,4429.297168,synthetic_track_0,0.3095628668441064,50.788234604336914
46.660405,401,4429.792374,synthetic_track_0,0.31487889325897594,51.660405092592576
44.53336,397,4431.535349,synthetic_track_0,0.3019141928855311,49.533359782364705
50.393814,420,4432.113012,synthetic_track_0,0.3376346524807507,55.39381423735707
45.425012,394,4432.637514,synthetic_track_0,0.30734896106585186,50.425011562748686
46.980001,722,4433.554883,synthetic_track_0,0.31682688370591133,51.98000090469554
45.728072,391,4435.249252,synthetic_track_0,0.3091961656245944,50.72807200229056
48.998889,406,4435.776715,synthetic_track_0,0.3291323468326969,53.998888875884056
46.094511,398,4436.25553,synthetic_track_0,0.31142967447990794,51.09451121023229
50.025507,415,4436.786621,synthetic_track_0,0.3353897552772513,55.02550660732286
44.904607,388,4437.321132,synthetic_track_0,0.30417700506063583,49.90460662080623
49.498889,659,4439.569254,synthetic_track_0,0.33217993135012847,54.49888888888887
45.412333,396,4440.146442,synthetic_track_0,0.3072716819280536,50.41233281022087
46.264621,664,4441.013339,synthetic_track_0,0.3124665195116393,51.264620530050784
45.435608,395,4441.591452,synthetic_track_0,0.3074135493084935,50.4356081916448
45.125012,563,4443.710026,synthetic_track_0,0.3055204104227488,50.1250115659965
43.595653,383,4444.360302,synthetic_track_0,0.2961987146599224,48.595653487170146
42.754158,382,4444.875634,synthetic_track_0,0.29106965589243133,47.75415772691169
49.134811,409,4445.412052,synthetic_track_0,0.32996081543406025,54.134811049358305
44.975321,735,4447.732535,synthetic_track_0,0.30460802028354306,49.975320858861394
47.000306,406,4448.291164,synthetic_track_0,0.31695064592552985,52.00030587443954
48.355995,766,4449.211206,synthetic_track_0,0.32521380174854086,53.355995272168954
56.818567,852,4451.209369,synthetic_track_0,0.3767946052468088,61.81856694898927
46.115959,734,4452.164691,synthetic_track_0,0.31156040497923704,51.11595942634929
49.366586,411,4452.615794,synthetic_track_0,0.33137352062898,54.36658562748457
45.461912,392,4453.046391,synthetic_track_0,0.3075738752320422,50.46191196218861
46.250786,395,4454.501334,synthetic_track_0,0.3123821937865746,51.250785683670706
46.260405,439,4454.912256,synthetic_track_0,0.31244082565920983,51.26040508451502
46.228216,400,4455.371066,synthetic_track_0,0.3122446274771709,51.2282159547272
47.963495,409,4455.813244,synthetic_track_0,0.3228214485139013,52.9634953622928
44.549487,384,4456.166701,synthetic_track_0,0.3020124882655295,49.54948655128494
44.897976,391,4457.376657,synthetic_track_0,0.30413659178768954,49.8979762429174
14.441052,1027,4458.447625,synthetic_track_0,0.1184964951405897,19.44105201100452
46.427478,416,4458.812054,synthetic_track_0,0.3134591630631425,51.427477962165256
44.278912,388,4459.149316,synthetic_track_0,0.3003632911114625,49.27891207049058
46.167966,398,4460.414949,synthetic_track_0,0.3118773935540446,51.167965955001605
45.77382,396,4460.774515,synthetic_track_0,0.3094750103706054,50.77382048796318
47.228971,404,4461.153427,synthetic_track_0,0.3183443975658974,52.22897084970873
49.068926,493,4461.586862,synthetic_track_0,0.32955923423779515,54.06892588613918
30.852869,316,4461.886391,synthetic_track_0,0.2185292934303574,35.852869356744286
46.836701,436,4463.293336,synthetic_track_0,0.31595344403565856,51.83670058144367
48.335665,411,4463.717358,synthetic_track_0,0.3250898846097179,53.335664885704325
45.732442,402,4464.095389,synthetic_track_0,0.30922280216715003,50.73244210968152
49.966586,421,4464.538511,synthetic_track_0,0.3350306220116959,54.966585636822764
44.835535,392,4464.9326,synthetic_track_0,0.3037560029872399,49.83553518374879
46.906653,630,4466.542047,synthetic_track_0,0.316379815526488,51.90665294855284
45.693366,400,4467.014535,synthetic_track_0,0.308984624807416,50.6933656928395
46.741869,685,4467.674551,synthetic_track_0,0.3153754294250062,51.74186898245435
48.066382,404,4468.107767,synthetic_track_0,0.3234485578402442,53.06638165454602
