time/fps,time/iterations,rollout/ep_rew_mean,rollout/ep_len_mean,time/total_timesteps,time/time_elapsed,train/value_loss,train/loss,train/clip_fraction,train/clip_range,train/entropy_loss,train/explained_variance,train/std,train/policy_gradient_loss,train/learning_rate,train/approx_kl,train/n_updates
572,1,0.8567726666666665,164.33333333333334,2048,3,,,,,,,,,,,
531,2,1.0203985833333333,164.5,4096,7,0.43899911305634304,0.05259380489587784,0.029345703125,0.2,-2.8401376456022263,-0.3526571989059448,1.0021699666976929,-0.006259131054684985,0.0001,0.004990768,10
523,3,1.3604203142857143,170.34285714285716,6144,11,0.3284128721570596,0.11248383671045303,0.023583984375,0.2,-2.8487826474010944,0.5924255847930908,1.008518934249878,-0.00682761856878642,0.0001,0.0051080957,20
517,4,2.228338302325582,183.3953488372093,8192,15,0.2779223394347355,0.04500160366296768,0.046630859375,0.2,-2.8564518287777902,0.7062751650810242,1.010303258895874,-0.009502172122302,0.0001,0.0053308425,30
513,5,2.729272924528302,190.1320754716981,10240,19,0.4666443101596087,0.28877580165863037,0.00849609375,0.2,-2.8561801590025424,0.47496598958969116,1.007068395614624,-0.006063155081938021,0.0001,0.0029483773,40
511,6,3.114734193548387,195.46774193548387,12288,24,0.3248577963327989,0.1113562136888504,0.044287109375,0.2,-2.849822885543108,0.7820793986320496,1.0048766136169434,-0.008891745316941525,0.0001,0.0058967434,50
503,7,3.7307680563380297,201.6056338028169,14336,28,0.4480888855177909,0.06984800845384598,0.03486328125,0.2,-2.8481859348714353,0.7453020215034485,1.0054397583007812,-0.010558112766739213,0.0001,0.0069358065,60
498,8,4.844721533333333,213.29333333333332,16384,32,0.4381455874070525,0.14774678647518158,0.026708984375,0.2,-2.846136871725321,0.7329208254814148,1.0022046566009521,-0.010932008684903849,0.0001,0.004470053,70
496,9,5.825279548780488,223.59756097560975,18432,37,0.5689107382670044,0.04792148992419243,0.031689453125,0.2,-2.841070222854614,0.5819504261016846,1.0005333423614502,-0.010436201290576718,0.0001,0.004915721,80
495,10,7.026032488372095,235.41860465116278,20480,41,0.6343747932463885,0.08115874975919724,0.026513671875,0.2,-2.839062099903822,0.6457892656326294,1.0004377365112305,-0.010431237326702102,0.0001,0.0045276517,90
495,11,8.332838164835163,247.4945054945055,22528,45,0.7807559111621231,0.3459620475769043,0.017431640625,0.2,-2.8390789665281773,0.5882071256637573,1.0003607273101807,-0.007974297545297304,0.0001,0.0042528785,100
492,12,9.101864094736841,254.18947368421053,24576,49,0.5023711126064881,0.223871648311615,0.0345703125,0.2,-2.834830331802368,0.7225226163864136,0.9962805509567261,-0.010486014281923417,0.0001,0.0059503163,110
490,13,10.16682084,264.05,26624,54,0.49949958368670194,0.12040984630584717,0.04736328125,0.2,-2.8313918478786944,0.6701252460479736,0.9974919557571411,-0.012575224305328448,0.0001,0.0069211796,120
487,14,11.307908989999998,273.45,28672,58,0.7188493944471702,0.18598216772079468,0.033935546875,0.2,-2.827563625574112,0.7142677307128906,0.9929218292236328,-0.011481681173609103,0.0001,0.005557915,130
485,15,12.736707420000002,286.29,30720,63,0.7021331396419555,0.2502729594707489,0.0583984375,0.2,-2.8224835477769377,0.7438769340515137,0.9920274019241333,-0.012178803504502867,0.0001,0.0068816515,140
477,16,14.163808069999998,298.05,32768,68,0.8904621513560415,0.19239789247512817,0.045361328125,0.2,-2.8190446339547632,0.7487822771072388,0.988827109336853,-0.010148172917979537,0.0001,0.007380253,150
475,17,15.567134699999997,308.37,34816,73,1.208825014065951,0.709273099899292,0.044921875,0.2,-2.811055976897478,0.6783339977264404,0.984085202217102,-0.010820557695114984,0.0001,0.0061628907,160
473,18,16.97082876,320.9,36864,77,1.498218882922083,0.6969295144081116,0.039306640625,0.2,-2.8038259513676165,0.6542856693267822,0.9827638864517212,-0.010535636950226034,0.0001,0.005207628,170
470,19,18.652482499999998,333.09,38912,82,0.8356334482319653,0.18704453110694885,0.043896484375,0.2,-2.801696052402258,0.8349864482879639,0.9800012111663818,-0.013414139274391345,0.0001,0.0061831726,180
466,20,19.84595396,339.61,40960,87,1.4344833728857338,0.5475711226463318,0.032958984375,0.2,-2.7955892123281956,0.7156734466552734,0.9781497716903687,-0.010236703939881409,0.0001,0.005324497,190
463,21,21.397248339999997,349.92,43008,92,0.9340552830137312,0.23095253109931946,0.03359375,0.2,-2.789104713499546,0.7731075286865234,0.973688542842865,-0.010098570584523259,0.0001,0.00487578,200
460,22,22.623622799999993,356.19,45056,97,0.9900450718589127,0.3606516718864441,0.0412109375,0.2,-2.7802413888275623,0.7574609518051147,0.9698669910430908,-0.012298309960897313,0.0001,0.004992626,210
458,23,24.156113209999994,366.8,47104,102,0.916646623564884,0.2892070412635803,0.05185546875,0.2,-2.7729836776852608,0.8284777402877808,0.9665776491165161,-0.011169582304137293,0.0001,0.007499541,220
453,24,25.399476320000005,374.22,49152,108,1.2547884869389236,1.0308804512023926,0.023046875,0.2,-2.7717865854501724,0.8033503293991089,0.9681744575500488,-0.00834495132585289,0.0001,0.0041936315,230
449,25,26.70996914,380.51,51200,113,1.1489639769308269,0.2900032103061676,0.057275390625,0.2,-2.7694536469876767,0.8065682053565979,0.9640849232673645,-0.012840051887178561,0.0001,0.0065022707,240
445,26,27.849917910000002,386.41,53248,119,1.1250101839192213,0.14640328288078308,0.040576171875,0.2,-2.7609530590474605,0.8097560405731201,0.9604210257530212,-0.009600815220619553,0.0001,0.005530678,250
443,27,28.255047140000002,386.86,55296,124,1.7274561865255236,0.7380828857421875,0.053759765625,0.2,-2.748516857624054,0.7914270162582397,0.9525944590568542,-0.013765567255904897,0.0001,0.0077334773,260
441,28,29.1157387,388.69,57344,129,1.41670155627653,1.582096815109253,0.042822265625,0.2,-2.738818396627903,0.8480408191680908,0.9501537084579468,-0.013737578017753549,0.0001,0.0057509854,270
440,29,28.325323590000007,374.79,59392,134,1.6545045240782201,0.5439998507499695,0.03369140625,0.2,-2.7335737332701684,0.7130994200706482,0.9479905366897583,-0.01175937754305778,0.0001,0.004127004,280
439,30,28.32260875,369.83,61440,139,2.0625731844455,0.529968798160553,0.03740234375,0.2,-2.7289836831390857,0.7370094060897827,0.9465808272361755,-0.013053306793881347,0.0001,0.005480673,290
438,31,28.226779040000007,364.37,63488,144,1.0219848345033824,0.4336596131324768,0.0580078125,0.2,-2.7290493182837965,0.7991132736206055,0.9473687410354614,-0.011590493866970064,0.0001,0.0053732414,300
439,32,28.98611181,367.29,65536,149,1.6864809779450298,0.37060463428497314,0.04853515625,0.2,-2.7237229950726034,0.7483555674552917,0.9410140514373779,-0.01242730515950825,0.0001,0.005473151,310
438,33,28.61020148,360.11,67584,153,1.4924176899716257,0.3548473119735718,0.049560546875,0.2,-2.712764314562082,0.7835438251495361,0.9381904602050781,-0.013300199684454127,0.0001,0.0055645686,320
438,34,29.19956313,362.12,69632,158,1.0686749645043165,0.3575286269187927,0.063037109375,0.2,-2.7109882697463035,0.8209331631660461,0.9387058019638062,-0.01080359278639662,0.0001,0.007153227,330
438,35,30.484436380000005,370.81,71680,163,1.2299180192872883,0.8076916933059692,0.03623046875,0.2,-2.706811936944723,0.742588996887207,0.9332065582275391,-0.013004190637002467,0.0001,0.0048218435,340
438,36,30.52812979,368.92,73728,168,0.7023361629806459,0.1140323281288147,0.044580078125,0.2,-2.689762343466282,0.8589079976081848,0.9230602979660034,-0.012062386228353716,0.0001,0.0057864925,350
437,37,30.13539232,364.57,75776,173,1.354258020967245,0.5047209858894348,0.05849609375,0.2,-2.6789063550531864,0.807670533657074,0.9246689081192017,-0.014999458606325788,0.0001,0.007700111,360
436,38,30.43290671,365.45,77824,178,1.6777279590256513,0.2677977681159973,0.060888671875,0.2,-2.680145777016878,0.7750082612037659,0.9240650534629822,-0.016129362268839032,0.0001,0.00805464,370
436,39,30.550257319999996,363.82,79872,182,0.8630138197448105,0.7327866554260254,0.0443359375,0.2,-2.6706658765673637,0.8784736394882202,0.9157824516296387,-0.013913441074691946,0.0001,0.006804998,380
436,40,30.93871316,365.56,81920,187,1.0017448625527323,0.27824634313583374,0.046923828125,0.2,-2.6582853063941,0.7906264662742615,0.9122313261032104,-0.009503556830895831,0.0001,0.004791154,390
436,41,31.513819380000008,367.52,83968,192,0.988265572162345,0.16185761988162994,0.046826171875,0.2,-2.648205690830946,0.8399722576141357,0.9058837294578552,-0.01360255419567693,0.0001,0.006661119,400
434,42,31.918464289999996,369.13,86016,197,0.8183901734650135,0.245421901345253,0.04755859375,0.2,-2.6342123471200467,0.8482711911201477,0.8993600606918335,-0.01770732716904604,0.0001,0.006367392,410
432,43,32.28826066,370.04,88064,203,1.21674876161851,0.7256653308868408,0.037939453125,0.2,-2.6221439808607103,0.8018090724945068,0.8962395787239075,-0.01384596905700164,0.0001,0.0056214724,420
431,44,32.7279113,372.37,90112,208,0.9580154549330473,0.18170166015625,0.036572265625,0.2,-2.618055059015751,0.8655991554260254,0.8949801921844482,-0.010176052797760349,0.0001,0.0051852595,430
431,45,33.00490309,371.72,92160,213,0.9020942009054125,0.16938869655132294,0.057568359375,0.2,-2.6139029979705812,0.8578567504882812,0.8929104804992676,-0.01305967220905586,0.0001,0.0069146445,440
431,46,33.00817567000001,370.84,94208,218,0.8848296939861029,0.2968527674674988,0.0521484375,0.2,-2.6055117949843405,0.9162477254867554,0.8874083161354065,-0.01858479256698047,0.0001,0.0070587476,450
431,47,33.72650965,374.88,96256,223,0.8755046149715782,0.20493175089359283,0.064111328125,0.2,-2.5998506255447866,0.8729785680770874,0.8879008293151855,-0.01664076977322111,0.0001,0.007906256,460
431,48,34.10521453,376.34,98304,227,0.6643239997327328,0.1826755404472351,0.05703125,0.2,-2.5981551997363566,0.903615415096283,0.8857269287109375,-0.013555983192054555,0.0001,0.008333618,470
431,49,35.13938665999999,385.37,100352,232,1.022966109868139,0.4430902898311615,0.031640625,0.2,-2.582939252257347,0.8584616780281067,0.8745442628860474,-0.011604225387418409,0.0001,0.005496024,480
431,50,35.81557572,387.95,102400,237,1.269509468227625,0.0803961455821991,0.065771484375,0.2,-2.5643866658210754,0.8832520246505737,0.8692657947540283,-0.016322365371888737,0.0001,0.0077126296,490
430,51,36.478003140000006,391.13,104448,242,0.9035778665915132,0.3422090411186218,0.0412109375,0.2,-2.547865966707468,0.857659637928009,0.8604648113250732,-0.011718850092438515,0.0001,0.0060550044,500
430,52,36.759859649999996,394.3,106496,247,0.48849254136439413,0.07098977267742157,0.06943359375,0.2,-2.535435353964567,0.9134879112243652,0.8576161861419678,-0.015647662358969684,0.0001,0.0067589814,510
428,53,37.025895819999995,400.35,108544,253,0.8660701125860214,0.11691813170909882,0.106201171875,0.2,-2.5323568992316723,0.9207710027694702,0.8586400747299194,-0.021452736893843395,0.0001,0.010585691,520
426,54,37.095433719999996,400.0,110592,259,0.9622276421636343,0.12499914318323135,0.065283203125,0.2,-2.5305436491966247,0.9342868328094482,0.8566316366195679,-0.02000148362858454,0.0001,0.009131378,530
424,55,36.82990369000001,397.09,112640,265,0.7268742345739156,0.2980552911758423,0.042529296875,0.2,-2.524045070260763,0.8943951725959778,0.8523802161216736,-0.014454627336817794,0.0001,0.0043271463,540
423,56,37.285012759999994,400.32,114688,270,1.1226807988714427,0.6045577526092529,0.0841796875,0.2,-2.5147036738693713,0.8635019659996033,0.8500148057937622,-0.01626353538231342,0.0001,0.008301552,550
422,57,37.67084123,401.44,116736,276,1.642583090160042,0.2783333361148834,0.047021484375,0.2,-2.508778540045023,0.8566811084747314,0.8463813662528992,-0.012975994667067425,0.0001,0.005144917,560
422,58,36.77478997,395.35,118784,281,1.3384695537388325,0.39100736379623413,0.047021484375,0.2,-2.501226845383644,0.8068628311157227,0.8434385061264038,-0.01606766121549299,0.0001,0.0062507256,570
421,59,36.9516304,399.53,120832,286,1.372220918070525,0.16974854469299316,0.055224609375,0.2,-2.4959800995886328,0.8015506863594055,0.8420284986495972,-0.010351963828725275,0.0001,0.006320363,580
421,60,36.33867788,394.46,122880,291,1.2810060900636018,0.255648136138916,0.069775390625,0.2,-2.495149228721857,0.8745103478431702,0.84288090467453,-0.018088628257828532,0.0001,0.007822978,590
421,61,36.232065899999995,393.12,124928,296,1.353068833425641,0.7429739236831665,0.07314453125,0.2,-2.4893136084079743,0.8243113160133362,0.8366308212280273,-0.011078026845643763,0.0001,0.007923294,600
420,62,36.240220380000004,392.75,126976,301,1.3032108107581735,0.352164626121521,0.0521484375,0.2,-2.4774745531380176,0.8208308815956116,0.8345359563827515,-0.013353655757236993,0.0001,0.0056786565,610
420,63,36.220740230000004,391.71,129024,306,1.2108509566169232,0.22285982966423035,0.06201171875,0.2,-2.4709895595908167,0.8485804796218872,0.8305399417877197,-0.013930431538028643,0.0001,0.0075792903,620
419,64,36.220989329999995,394.28,131072,312,0.6463809329085052,0.11264403164386749,0.069384765625,0.2,-2.466732878983021,0.8911086320877075,0.8303854465484619,-0.01389849673869321,0.0001,0.008413972,630
419,65,36.287999909999996,392.8,133120,317,1.157427421864122,0.23327404260635376,0.05478515625,0.2,-2.4641123071312903,0.9165351986885071,0.8285260796546936,-0.014921343077730853,0.0001,0.0067907106,640
419,66,36.0113851,391.26,135168,322,1.4218164190184326,0.5980592370033264,0.044873046875,0.2,-2.460215201973915,0.8289605379104614,0.827887773513794,-0.010489927484741202,0.0001,0.0057575842,650
418,67,35.91098525999999,389.95,137216,327,0.885081299720332,0.25088250637054443,0.0462890625,0.2,-2.459813380986452,0.8442144393920898,0.8272129893302917,-0.00861964110081317,0.0001,0.0070008123,660
418,68,35.39361991,384.14,139264,332,1.3901080960407852,0.6160871386528015,0.058544921875,0.2,-2.4561719208955766,0.8254272937774658,0.8254991173744202,-0.010063658679428045,0.0001,0.006241871,670
418,69,35.51907644,387.04,141312,337,1.0386026612482966,0.26196345686912537,0.0552734375,0.2,-2.4538608223199843,0.8903022408485413,0.8254482746124268,-0.009245390511205187,0.0001,0.00678308,680
418,70,34.47280273,380.1,143360,342,1.0213534224778413,0.3620510697364807,0.074169921875,0.2,-2.4499882601201532,0.9125658273696899,0.8217964172363281,-0.019629503221949562,0.0001,0.008380335,690
418,71,34.208768490000004,376.25,145408,347,1.2498347422573715,0.5277503728866577,0.06572265625,0.2,-2.4415215253829956,0.846018373966217,0.8186270594596863,-0.012644747401645872,0.0001,0.0070721386,700
417,72,34.06793503,375.89,147456,353,0.8449281604960561,0.2312166839838028,0.08564453125,0.2,-2.435328280925751,0.9238280653953552,0.8170785903930664,-0.018539612904714887,0.0001,0.0106768515,710
416,73,33.59985112000001,372.59,149504,358,0.6505776457022876,0.3135720193386078,0.066162109375,0.2,-2.426383750885725,0.9402015209197998,0.8102575540542603,-0.018325295472459403,0.0001,0.0069634146,720
415,74,33.8330659,371.18,151552,364,1.3976920206099748,0.4362029731273651,0.06171875,0.2,-2.4145895794034002,0.8535451889038086,0.8080934286117554,-0.013548636189079843,0.0001,0.007872567,730
413,75,33.3071501,367.48,153600,371,0.8493992355186493,0.17849114537239075,0.0771484375,0.2,-2.415231587737799,0.9003282189369202,0.8108031749725342,-0.014755044579214883,0.0001,0.008848614,740
411,76,33.53352828,368.3,155648,378,1.2414876855909824,0.18068194389343262,0.076318359375,0.2,-2.412348659336567,0.8791375756263733,0.8060009479522705,-0.015337687806459143,0.0001,0.00784049,750
409,77,33.051859750000006,360.94,157696,384,0.687197431595996,0.2114572376012802,0.07392578125,0.2,-2.4024262890219688,0.9057872295379639,0.803839921951294,-0.013365383705240675,0.0001,0.008856287,760
408,78,33.39032756,366.09,159744,391,0.5079709539655596,0.06726048141717911,0.0671875,0.2,-2.393226070702076,0.9304021000862122,0.7982383370399475,-0.014933483042113949,0.0001,0.0072200005,770
406,79,33.40131836,367.02,161792,397,1.6601637527812272,0.821936309337616,0.07568359375,0.2,-2.381566869467497,0.8794636130332947,0.7940566539764404,-0.01750591680611251,0.0001,0.008115815,780
405,80,33.29240961,369.17,163840,403,1.1713519545737654,0.5578724145889282,0.064453125,0.2,-2.369503117352724,0.8786312341690063,0.7892441153526306,-0.01834215139024309,0.0001,0.009675001,790
405,81,33.36333474,372.46,165888,409,0.8374208188615739,0.3790639638900757,0.063134765625,0.2,-2.3623405791819096,0.9257688522338867,0.7886649370193481,-0.01884819352708291,0.0001,0.007687457,800
404,82,33.39571740000001,370.06,167936,415,1.2271667417138814,0.5958365797996521,0.0546875,0.2,-2.355720375478268,0.9088796973228455,0.7848418951034546,-0.018781487658270635,0.0001,0.006032331,810
403,83,33.70651812,371.58,169984,421,0.7241904121823609,0.1944611668586731,0.0751953125,0.2,-2.3522957377135754,0.9320508241653442,0.7853143215179443,-0.014698407434480032,0.0001,0.007820034,820
402,84,33.90621514,374.93,172032,427,0.6036257889587432,0.1484428346157074,0.05576171875,0.2,-2.353234473615885,0.8962657451629639,0.7857347726821899,-0.01262157361197751,0.0001,0.007258344,830
402,85,34.033183920000006,375.53,174080,432,1.0153421348892153,0.40805289149284363,0.0490234375,0.2,-2.3542150355875493,0.9221532940864563,0.786070704460144,-0.01426856913312804,0.0001,0.006199406,840
401,86,34.53228882,378.09,176128,438,0.5811497409828007,0.32212167978286743,0.05966796875,0.2,-2.350071235746145,0.9178656339645386,0.7816590070724487,-0.015114979509962722,0.0001,0.0072370064,850
401,87,35.11679775,385.17,178176,443,0.808387125423178,0.1872214674949646,0.079052734375,0.2,-2.3383447758853437,0.9282810688018799,0.7775498628616333,-0.016014546197402522,0.0001,0.009152043,860
401,88,35.345279239999996,384.05,180224,448,0.5293176427017897,0.13263536989688873,0.070751953125,0.2,-2.3307987615466117,0.9107049703598022,0.7750287055969238,-0.014459092110337224,0.0001,0.009539997,870
401,89,35.508678,385.12,182272,453,0.9640771869570017,0.2832888662815094,0.05986328125,0.2,-2.323025210946798,0.8871481418609619,0.77196204662323,-0.010884040441305842,0.0001,0.0061946516,880
401,90,34.99720153,377.07,184320,458,0.7264651332050562,0.34080928564071655,0.046435546875,0.2,-2.317648692429066,0.8957387804985046,0.7706526517868042,-0.008247698002378456,0.0001,0.0053629167,890
401,91,35.369315359999995,382.9,186368,463,1.203789284452796,0.3804979622364044,0.06142578125,0.2,-2.3192303381860255,0.900050699710846,0.7732142210006714,-0.011512483934347983,0.0001,0.0064987047,900
401,92,35.496888760000004,383.41,188416,468,0.7907535223755986,0.3668169677257538,0.089208984375,0.2,-2.3172228895127773,0.932598888874054,0.7683776617050171,-0.022369355279079173,0.0001,0.009585489,910
401,93,35.49270112000001,383.01,190464,473,0.8180240978952498,0.2777193784713745,0.056884765625,0.2,-2.306854671239853,0.8843619227409363,0.7654221057891846,-0.011735061540821334,0.0001,0.00770725,920
401,94,36.12858716,386.17,192512,479,0.8068060755264014,0.13215109705924988,0.07548828125,0.2,-2.3000033989548685,0.8552173972129822,0.7631896734237671,-0.013606536932638847,0.0001,0.009835065,930
401,95,36.52940461,388.61,194560,484,0.7991914631333202,0.22455160319805145,0.062158203125,0.2,-2.290961616486311,0.8864824771881104,0.7585796117782593,-0.009342168470902834,0.0001,0.0070516733,940
401,96,36.8035421,391.11,196608,489,0.6535030922852456,0.3421061336994171,0.065478515625,0.2,-2.2805906638503073,0.9087063074111938,0.7556253671646118,-0.011999655221006832,0.0001,0.006341041,950
401,97,37.235341840000004,390.91,198656,494,1.1058545025996864,0.37501242756843567,0.0564453125,0.2,-2.268957383930683,0.8306578993797302,0.7487071752548218,-0.014403559367201524,0.0001,0.0065917755,960
401,98,37.80964489,394.33,200704,499,0.4311215872876346,0.11992766708135605,0.087548828125,0.2,-2.251401690393686,0.8850307464599609,0.7438760995864868,-0.01332617859588936,0.0001,0.008693796,970
401,99,38.32018216,395.81,202752,505,0.6548206163104624,0.24991363286972046,0.09873046875,0.2,-2.2411249577999115,0.9229044318199158,0.740424633026123,-0.018375557314720938,0.0001,0.00839849,980
401,100,38.347025099999996,393.37,204800,510,0.5271779488306493,0.06910496205091476,0.10498046875,0.2,-2.236673329770565,0.9289625883102417,0.7402114868164062,-0.02253444615416811,0.0001,0.0109657645,990
401,101,38.68465217000001,399.35,206848,515,0.7230269087478518,1.0505518913269043,0.0990234375,0.2,-2.2389869652688503,0.9072786569595337,0.742646336555481,-0.017915356133016758,0.0001,0.010996755,1000
401,102,39.12679251,401.24,208896,520,0.9736825643107295,0.4095642566680908,0.08515625,0.2,-2.237986633181572,0.938310444355011,0.7392901182174683,-0.01714881741645513,0.0001,0.009480065,1010
401,103,39.05368251,401.05,210944,525,0.37722557443194094,0.06177675724029541,0.076953125,0.2,-2.22922665476799,0.9325311779975891,0.7359451055526733,-0.01747233341448009,0.0001,0.009179648,1020
401,104,39.18977645,400.44,212992,530,0.650972097995691,0.24620838463306427,0.090380859375,0.2,-2.220584813505411,0.9009584784507751,0.7326716184616089,-0.016470704323728567,0.0001,0.00878675,1030
401,105,39.19711251999999,400.78,215040,535,0.9354299525730312,0.17764461040496826,0.056884765625,0.2,-2.213157133758068,0.9113051891326904,0.7311888933181763,-0.01932097819080809,0.0001,0.008160195,1040
401,106,39.00350272,401.26,217088,540,0.9295607321895659,0.1392795443534851,0.05693359375,0.2,-2.214107485115528,0.8998388051986694,0.733642578125,-0.009396683372324332,0.0001,0.0071497546,1050
401,107,39.0858005,405.79,219136,545,1.2347499895840883,0.26194289326667786,0.0634765625,0.2,-2.215588105469942,0.9114477634429932,0.7320091128349304,-0.01808703623828478,0.0001,0.007817615,1060
401,108,39.619831989999994,409.49,221184,551,0.7840372051112354,0.10450353473424911,0.089990234375,0.2,-2.216488744318485,0.9409080147743225,0.7337322235107422,-0.020039499580161647,0.0001,0.010645106,1070
401,109,39.78057819000001,409.9,223232,556,0.5780046024825424,0.529175877571106,0.064892578125,0.2,-2.2078045859932898,0.9258366823196411,0.7259894609451294,-0.014167398651625262,0.0001,0.0075277467,1080
401,110,40.17040988,410.34,225280,561,0.6484235325828195,0.567767858505249,0.080322265625,0.2,-2.199769651889801,0.9230449795722961,0.7284103631973267,-0.021564573389332507,0.0001,0.008716069,1090
401,111,40.17451326,406.9,227328,566,0.7442024739459157,0.3424986004829407,0.07705078125,0.2,-2.2033905178308486,0.910067617893219,0.72846919298172,-0.016468254882784094,0.0001,0.0074986387,1100
401,112,40.70338128,412.79,229376,571,0.6415635322220623,0.17749068140983582,0.08759765625,0.2,-2.203310142457485,0.9389890432357788,0.7283415794372559,-0.018378674643463454,0.0001,0.009008862,1110
401,113,40.67614633000001,411.71,231424,576,0.6215392827522009,0.13771511614322662,0.11103515625,0.2,-2.2001790665090084,0.9587916135787964,0.7257487773895264,-0.018648155140544985,0.0001,0.010267394,1120
401,114,40.839193009999995,412.54,233472,581,0.7774713501799851,0.09309642016887665,0.057421875,0.2,-2.197609891742468,0.8632524013519287,0.7271987795829773,-0.005449460511226789,0.0001,0.006174323,1130
401,115,41.277185489999994,418.38,235520,587,0.6298653717152775,0.18337012827396393,0.081103515625,0.2,-2.195425958931446,0.9331880807876587,0.7232921123504639,-0.011844098434085026,0.0001,0.006570795,1140
401,116,41.381672310000006,418.36,237568,592,0.5214779677335173,0.09569105505943298,0.06396484375,0.2,-2.186956828087568,0.9691579341888428,0.7207169532775879,-0.020133283799805213,0.0001,0.007857774,1150
401,117,41.03963741999999,414.82,239616,597,0.16070558859501033,0.06210477650165558,0.074951171875,0.2,-2.1798367045819758,0.979476273059845,0.7200526595115662,-0.017311315186088905,0.0001,0.009984871,1160
400,118,41.01018494,414.01,241664,602,0.8705454978626221,0.13361378014087677,0.07265625,0.2,-2.1805508337914943,0.8531084060668945,0.7199925184249878,-0.011143777410325129,0.0001,0.007884688,1170
400,119,40.75628775,412.6,243712,607,0.6227032658644021,0.3788991868495941,0.075634765625,0.2,-2.1792844317853453,0.9424574375152588,0.7189953327178955,-0.014880240531783783,0.0001,0.0065916576,1180
401,120,40.847102119999995,417.5,245760,612,0.554886371595785,0.08469486236572266,0.1083984375,0.2,-2.177038013190031,0.9520177841186523,0.7189993858337402,-0.021492699929513037,0.0001,0.011954689,1190
401,121,40.752588089999996,416.07,247808,617,0.6357305615674704,0.19385063648223877,0.096630859375,0.2,-2.179445680975914,0.956924319267273,0.7202266454696655,-0.021461133209231775,0.0001,0.009763125,1200
401,122,40.39879511,415.26,249856,622,0.4222079711733386,0.06991893798112869,0.098046875,0.2,-2.1772460974752903,0.9696462154388428,0.7181629538536072,-0.02395660821275669,0.0001,0.010145301,1210
401,123,40.35472094,414.45,251904,627,0.8524936995003373,0.09191533923149109,0.080322265625,0.2,-2.1751661986112594,0.9297338724136353,0.7184468507766724,-0.019654070415708703,0.0001,0.009673644,1220
401,124,40.513958710000004,414.31,253952,632,0.6662427961826325,0.3828358054161072,0.068115234375,0.2,-2.1758583918213845,0.9075690507888794,0.7186157703399658,-0.016269934181400457,0.0001,0.0076777437,1230
401,125,40.24977151,412.31,256000,637,0.7275324536021799,0.19977813959121704,0.072509765625,0.2,-2.1765167370438574,0.9407665133476257,0.7184168100357056,-0.01535110444383463,0.0001,0.010540001,1240
401,126,39.69248228,402.68,258048,643,1.0607386008370667,0.2550763487815857,0.045458984375,0.2,-2.171929187327623,0.8761182427406311,0.7163738012313843,-0.012262827067024773,0.0001,0.006128163,1250
401,127,38.983306629999994,393.12,260096,648,1.0172420204617083,0.47354254126548767,0.098193359375,0.2,-2.1653754115104675,0.886111319065094,0.7135154604911804,-0.015121804911177605,0.0001,0.008795521,1260
401,128,38.51999324,393.28,262144,653,0.6903036208823323,0.48052138090133667,0.09921875,0.2,-2.1613203808665276,0.9260887503623962,0.7125988006591797,-0.010002990472275996,0.0001,0.010085586,1270
401,129,38.45751183,392.62,264192,658,1.1997353336773813,0.34210076928138733,0.06220703125,0.2,-2.1565136454999445,0.9129629135131836,0.7098808288574219,-0.017363174816273384,0.0001,0.008530756,1280
401,130,38.5321163,392.45,266240,663,0.7342317196074873,0.13452821969985962,0.105322265625,0.2,-2.1497844845056533,0.9096900224685669,0.7085655927658081,-0.018055597100465094,0.0001,0.009408092,1290
400,131,38.34852642,388.27,268288,669,0.6861271486617625,0.24205729365348816,0.09013671875,0.2,-2.1473500207066536,0.936488687992096,0.7076267600059509,-0.01921886828604329,0.0001,0.008783903,1300
401,132,38.84071992,394.89,270336,674,0.4131693813949823,0.0992356464266777,0.090234375,0.2,-2.137562158703804,0.9622834920883179,0.7021484375,-0.021770380016823764,0.0001,0.010718845,1310
401,133,38.58180952,393.44,272384,679,0.6461450935108587,0.25728604197502136,0.065625,0.2,-2.1281468220055104,0.9052873253822327,0.7007209658622742,-0.01160719777471968,0.0001,0.007145672,1320
401,134,37.98430069,386.68,274432,684,0.719758448842913,0.39131492376327515,0.0943359375,0.2,-2.127828099578619,0.9232925176620483,0.7020732164382935,-0.013795013961498626,0.0001,0.009399548,1330
401,135,37.54097839,386.81,276480,689,0.5394253264414146,0.49639472365379333,0.101123046875,0.2,-2.133907841145992,0.9474313259124756,0.704777717590332,-0.018769349087961018,0.0001,0.008986963,1340
401,136,37.87156713,388.65,278528,694,1.3060491972602903,0.8162944316864014,0.07783203125,0.2,-2.137128885835409,0.8932663798332214,0.7038770914077759,-0.017789225987507963,0.0001,0.009367967,1350
400,137,37.90747983,392.47,280576,699,0.6025054279714823,0.17155301570892334,0.09970703125,0.2,-2.1343825690448286,0.9310623407363892,0.703711748123169,-0.017278721503680573,0.0001,0.00895577,1360
401,138,38.03920301,392.81,282624,704,0.788707672059536,0.26493874192237854,0.09580078125,0.2,-2.130213940143585,0.9388573169708252,0.7004365921020508,-0.020561375122633764,0.0001,0.011492064,1370
401,139,37.95935485,387.53,284672,709,0.7061158307828009,0.28590908646583557,0.076318359375,0.2,-2.120409679412842,0.9450111389160156,0.696701169013977,-0.019461446041532326,0.0001,0.009692928,1380
401,140,37.85210038,383.79,286720,714,0.5434165286365896,0.4498502314090729,0.07509765625,0.2,-2.108480504155159,0.9377395510673523,0.6925183534622192,-0.0132598250391311,0.0001,0.008394158,1390
401,141,38.14831724,383.45,288768,719,0.555433222767897,0.15158295631408691,0.072412109375,0.2,-2.0999900698661804,0.9333122968673706,0.6910603046417236,-0.015341889207047644,0.0001,0.006126186,1400
401,142,38.28922734,384.68,290816,724,0.6093152912333608,0.22644095122814178,0.065771484375,0.2,-2.0923256568610666,0.931585431098938,0.6878918409347534,-0.012691908377746586,0.0001,0.0063074008,1410
401,143,37.7461148,380.32,292864,730,0.49796583133284,0.2669367492198944,0.114111328125,0.2,-2.0884302563965322,0.9531154632568359,0.6880268454551697,-0.019212575050187298,0.0001,0.010318627,1420
401,144,38.456569259999995,385.39,294912,735,0.7867393473163247,0.0600927360355854,0.062890625,0.2,-2.0892262898385523,0.900549590587616,0.6887010335922241,-0.012084521179349394,0.0001,0.008465423,1430
401,145,38.92726888,391.99,296960,740,0.8342988923192024,0.15383918583393097,0.0666015625,0.2,-2.090511880815029,0.899213433265686,0.6879181861877441,-0.015340827931504463,0.0001,0.008139255,1440
401,146,39.03131475,392.45,299008,745,0.4259708473691717,0.13063108921051025,0.108447265625,0.2,-2.0809151113033293,0.9578534960746765,0.6827590465545654,-0.023515423516801092,0.0001,0.011066429,1450
401,147,39.481489270000004,392.16,301056,750,0.7950511838076636,0.14178559184074402,0.0771484375,0.2,-2.074799484014511,0.8940534591674805,0.6840307712554932,-0.012062347438040888,0.0001,0.0077345576,1460
401,148,39.801231109999996,396.66,303104,755,0.4296653389697894,0.0778864398598671,0.070654296875,0.2,-2.07603592723608,0.9358567595481873,0.6823127269744873,-0.013404137318502762,0.0001,0.00750482,1470
401,149,39.95966044,397.01,305152,760,0.5353370148222893,0.22181423008441925,0.083740234375,0.2,-2.066678783297539,0.9599798321723938,0.6779788136482239,-0.023522915459034267,0.0001,0.010323806,1480
401,150,39.888055449999996,396.45,307200,765,0.364580840524286,0.23901259899139404,0.07666015625,0.2,-2.056590073555708,0.9500746726989746,0.6753622889518738,-0.01747113863384584,0.0001,0.008959512,1490
401,151,40.06117526,393.63,309248,770,0.6081986406352371,0.07315768301486969,0.110107421875,0.2,-2.052088951319456,0.9406480193138123,0.675234317779541,-0.013224049966811435,0.0001,0.010166032,1500
401,152,39.9197654,392.72,311296,775,0.350203091930598,0.1072385162115097,0.085986328125,0.2,-2.046684046834707,0.9608384370803833,0.6717102527618408,-0.01469239577272674,0.0001,0.009487922,1510
401,153,40.34611607,401.12,313344,780,0.4454270212445408,0.20255853235721588,0.10849609375,0.2,-2.0444335460662844,0.9709458351135254,0.674477219581604,-0.017742950163665228,0.0001,0.010917559,1520
401,154,41.03304052000001,405.84,315392,785,0.45408700676634906,0.11768926680088043,0.12724609375,0.2,-2.0505937986075877,0.9776546955108643,0.6746047735214233,-0.027248252779827453,0.0001,0.013475066,1530
401,155,41.30187373,407.81,317440,790,0.2004533482133411,0.08717372268438339,0.06923828125,0.2,-2.0505220487713816,0.9849805235862732,0.6740750074386597,-0.02116416596691124,0.0001,0.007777727,1540
401,156,41.614837120000004,409.16,319488,795,0.9428708779159933,0.3237910866737366,0.077294921875,0.2,-2.041977795213461,0.9283480048179626,0.6691462397575378,-0.015785798452270683,0.0001,0.0078900745,1550
401,157,41.76022042999999,409.24,321536,800,0.13522488365415483,0.03446144983172417,0.114111328125,0.2,-2.0358650118112562,0.9797202348709106,0.6698068976402283,-0.021323570662934797,0.0001,0.012772803,1560
401,158,41.777059200000004,405.65,323584,805,0.26803363888757303,0.07559521496295929,0.090380859375,0.2,-2.029945307970047,0.9772306084632874,0.6653887629508972,-0.02667239808070008,0.0001,0.009091025,1570
401,159,41.88752493,405.94,325632,810,0.445248737023212,0.09748595952987671,0.06591796875,0.2,-2.0217538103461266,0.9517984986305237,0.6641635894775391,-0.01451355548488209,0.0001,0.008276299,1580
401,160,41.69238655999999,407.43,327680,815,0.2614944607950747,0.10229573398828506,0.09765625,0.2,-2.0124989613890647,0.9805101752281189,0.6590145826339722,-0.024020090450358113,0.0001,0.011400704,1590
401,161,41.59690504999999,406.43,329728,820,0.9899282850790769,0.2153226137161255,0.095849609375,0.2,-2.0036976665258406,0.9206728935241699,0.6593978404998779,-0.011738103962125023,0.0001,0.0080896355,1600
401,162,41.57958175999999,405.76,331776,825,0.9393772162729874,0.27641916275024414,0.080322265625,0.2,-2.002534740045667,0.9123095870018005,0.6579160690307617,-0.01143345978052821,0.0001,0.007818405,1610
401,163,42.10314977,408.54,333824,830,0.5684765427140519,0.45134565234184265,0.09140625,0.2,-2.003375695645809,0.957027792930603,0.6597980260848999,-0.014871329909510678,0.0001,0.008566944,1620
401,164,42.2935714,412.39,335872,836,0.1718381633865647,0.025442738085985184,0.09931640625,0.2,-2.008549790084362,0.9823212623596191,0.6609522104263306,-0.02044763058293029,0.0001,0.008687372,1630
401,165,41.952012499999995,406.38,337920,841,0.33028859629994256,0.028561003506183624,0.09345703125,0.2,-2.0056335859000685,0.9760941863059998,0.658262312412262,-0.0214157432623324,0.0001,0.010164354,1640
401,166,42.60462079,413.92,339968,846,0.3531053989427164,0.06378635764122009,0.09423828125,0.2,-1.9949733778834342,0.9693406820297241,0.6539862155914307,-0.02180416293849703,0.0001,0.010300568,1650
401,167,42.16228514,417.97,342016,851,0.3443625247804448,0.1063929945230484,0.11474609375,0.2,-1.987776205688715,0.9559695720672607,0.6541275978088379,-0.01787464258595719,0.0001,0.0123914415,1660
401,168,42.216529709999996,415.1,344064,856,0.9124820263125002,0.15688595175743103,0.089208984375,0.2,-1.9849987868219614,0.9544607400894165,0.6522581577301025,-0.022372404102497967,0.0001,0.011093903,1670
401,169,42.03185482,413.33,346112,861,0.3057204586919397,0.052285097539424896,0.095703125,0.2,-1.9715131524950267,0.9582276940345764,0.6452513933181763,-0.019710392122942722,0.0001,0.0106176585,1680
401,170,42.24018753,421.24,348160,866,1.288436519773677,0.13741657137870789,0.075146484375,0.2,-1.9587006207555533,0.8859972953796387,0.6444106101989746,-0.008848108633537776,0.0001,0.007775679,1690
402,171,42.412103900000005,422.11,350208,870,0.4770769789814949,0.025744270533323288,0.10634765625,0.2,-1.9560336340218782,0.9670093059539795,0.6423332691192627,-0.026455521900061285,0.0001,0.01349193,1700
402,172,42.356524279999995,424.71,352256,875,0.3576238446868956,0.011403534561395645,0.0833984375,0.2,-1.9563205134123565,0.9397595524787903,0.6450853943824768,-0.016327069664839655,0.0001,0.008325068,1710
402,173,42.58882879,423.13,354304,880,0.6346221668180079,0.08555673062801361,0.071923828125,0.2,-1.9513505220413208,0.9579030871391296,0.6388217210769653,-0.018949214142776328,0.0001,0.009613368,1720
402,174,42.37780825000001,419.24,356352,885,0.28050126363523303,0.04155471920967102,0.1001953125,0.2,-1.9388821724802257,0.9579500555992126,0.6372038125991821,-0.019979366990446577,0.0001,0.010613,1730
402,175,42.09650373,414.22,358400,891,0.5575214428128674,0.1028258204460144,0.099560546875,0.2,-1.9397816143929958,0.9567687511444092,0.6392855048179626,-0.01805210385209648,0.0001,0.007941343,1740
402,176,41.63450081999999,415.98,360448,896,0.27645601133117453,0.07222381979227066,0.07197265625,0.2,-1.9426433645188808,0.946205198764801,0.6401301622390747,-0.01038881671265699,0.0001,0.008855639,1750
402,177,41.57229507000001,412.64,362496,901,0.9340429689269513,0.30484539270401,0.1212890625,0.2,-1.9470582604408264,0.9468737840652466,0.6415212154388428,-0.018370533542474733,0.0001,0.011150646,1760
402,178,41.68029262,413.23,364544,906,0.3321081973030232,0.029212117195129395,0.088818359375,0.2,-1.9448717705905438,0.9656293392181396,0.6384495496749878,-0.020469098795729224,0.0001,0.009830637,1770
402,179,41.48608722,415.69,366592,911,0.23459924582857639,0.022738274186849594,0.071923828125,0.2,-1.9415299843996763,0.972014307975769,0.6391047239303589,-0.0180267164898396,0.0001,0.00962909,1780
402,180,41.4642401,412.08,368640,916,0.5641161518404261,0.2942464053630829,0.110888671875,0.2,-1.9418964538723231,0.956405520439148,0.638903796672821,-0.019692210070206783,0.0001,0.0091263,1790
402,181,42.06430786,415.88,370688,921,0.2487352841650136,0.13057225942611694,0.11376953125,0.2,-1.9386529952287674,0.9581462740898132,0.6367675065994263,-0.01671131613111356,0.0001,0.012424238,1800
402,182,42.07995074999999,416.02,372736,926,0.552866610023193,0.12698891758918762,0.087109375,0.2,-1.929501188546419,0.9271305203437805,0.6336172819137573,-0.014840399914100999,0.0001,0.009613706,1810
402,183,42.18119581,423.84,374784,931,0.5357465810608119,0.07316739857196808,0.108984375,0.2,-1.922854582592845,0.9633844494819641,0.6326370239257812,-0.020943702955264598,0.0001,0.011188513,1820
402,184,42.253639060000005,424.7,376832,937,0.2968006458133459,0.059971172362565994,0.11748046875,0.2,-1.9160638637840748,0.9812896251678467,0.6277216672897339,-0.02827506781031843,0.0001,0.013943029,1830
402,185,41.989506520000006,422.94,378880,942,0.34330055974423884,0.05268068611621857,0.0833984375,0.2,-1.902258737012744,0.9666599035263062,0.6246761083602905,-0.021549097161914686,0.0001,0.009049789,1840
402,186,42.22283218999999,420.36,380928,946,0.6360919550759718,0.10667327791452408,0.114013671875,0.2,-1.8996895514428616,0.9270604252815247,0.626426637172699,-0.021916306264756713,0.0001,0.01008215,1850
402,187,42.773408989999986,417.02,382976,951,0.29080298672197386,0.04685288667678833,0.064501953125,0.2,-1.9011451937258244,0.9416408538818359,0.6259833574295044,-0.01766972050536424,0.0001,0.0074927933,1860
402,188,42.463383289999996,415.65,385024,957,0.17143282453762368,0.07201357185840607,0.113330078125,0.2,-1.8930118918418883,0.9787181615829468,0.6205662488937378,-0.01927751992843696,0.0001,0.011929771,1870
402,189,42.76432229,421.12,387072,962,0.29676724874880167,0.0627782940864563,0.072119140625,0.2,-1.881035953015089,0.9478136897087097,0.6192107200622559,-0.013039165711961686,0.0001,0.00919482,1880
402,190,42.773742250000005,422.34,389120,967,0.7941619702149183,0.23598185181617737,0.07421875,0.2,-1.8759963665157557,0.9523464441299438,0.6174376010894775,-0.013599602328031323,0.0001,0.0078048324,1890
402,191,42.643762730000006,420.19,391168,972,0.5057406786829233,0.06517515331506729,0.08994140625,0.2,-1.870488017052412,0.9632529616355896,0.6153507232666016,-0.021768634642648978,0.0001,0.009850426,1900
402,192,42.64536228,417.22,393216,977,0.35682286517694595,0.055863723158836365,0.101513671875,0.2,-1.8629810854792594,0.9775479435920715,0.6129510402679443,-0.026118617855900084,0.0001,0.01226113,1910
402,193,42.919441320000004,418.81,395264,982,0.12695612518000415,0.0022623948752880096,0.094921875,0.2,-1.8540026776492595,0.9756308794021606,0.6099487543106079,-0.020399289483611936,0.0001,0.010060641,1920
402,194,43.07801698,423.08,397312,987,0.13029652413679288,0.024671882390975952,0.10361328125,0.2,-1.8466924108564853,0.9733089804649353,0.6079117655754089,-0.020155642164172604,0.0001,0.011065157,1930
402,195,43.069687030000004,420.9,399360,992,0.15379349968861789,-0.013718139380216599,0.11015625,0.2,-1.8345049362629653,0.9902763962745667,0.6031460762023926,-0.0280986466925242,0.0001,0.012178172,1940
402,196,43.742602889999986,425.38,401408,997,0.380669910996221,0.09002133458852768,0.12060546875,0.2,-1.8208227295428514,0.9507160186767578,0.5993620157241821,-0.018481649592285977,0.0001,0.011798343,1950
402,197,43.71798273,420.42,403456,1002,0.07403828313108533,-0.010135147720575333,0.10869140625,0.2,-1.8086412034928798,0.9913114905357361,0.5954035520553589,-0.022083989762177226,0.0001,0.010751253,1960
402,198,43.7191941,420.53,405504,1007,0.13602554376702755,0.020587317645549774,0.109765625,0.2,-1.799935709312558,0.9842650294303894,0.5947380065917969,-0.01872754402793362,0.0001,0.009754828,1970
402,199,44.10479009999999,422.89,407552,1012,0.08052259514224716,-0.02080577239394188,0.08671875,0.2,-1.8003221321851015,0.9922316074371338,0.5953996181488037,-0.018298835598398,0.0001,0.010069983,1980
402,200,44.02498003000001,422.3,409600,1017,0.04980570697807707,-0.025653257966041565,0.090771484375,0.2,-1.7980308014899493,0.9950442314147949,0.5934168696403503,-0.019439777751540533,0.0001,0.008810547,1990
402,201,44.11387951,422.63,411648,1022,0.359648503200151,0.09937697649002075,0.0814453125,0.2,-1.7903417471796275,0.9737521409988403,0.5908080339431763,-0.02304396232793806,0.0001,0.009674793,2000
402,202,44.045589199999995,422.59,413696,1028,0.42076188884675503,0.07407711446285248,0.12158203125,0.2,-1.7846720229834319,0.9594368934631348,0.5902055501937866,-0.01581427480268758,0.0001,0.01066748,2010
402,203,44.085160450000004,422.63,415744,1033,0.2287853296729736,0.018849004060029984,0.0890625,0.2,-1.7845124535262584,0.9843494892120361,0.5906449556350708,-0.02438257637877541,0.0001,0.010945026,2020
402,204,44.12121488,422.07,417792,1038,0.5020401568152011,0.31463855504989624,0.10107421875,0.2,-1.784216482937336,0.9597468972206116,0.5907073616981506,-0.014130982819187921,0.0001,0.009485739,2030
402,205,44.028097069999994,425.44,419840,1043,0.39481740463525056,0.09270329028367996,0.0978515625,0.2,-1.777468890324235,0.9693881869316101,0.5859746932983398,-0.023877290194650413,0.0001,0.010965152,2040
402,206,43.672181,437.79,421888,1048,0.49351138814818113,0.15253858268260956,0.10791015625,0.2,-1.764702830836177,0.9460660815238953,0.583163321018219,-0.01774927580045187,0.0001,0.011209142,2050
402,207,44.11129793,440.66,423936,1053,1.029930768883787,0.09439654648303986,0.090966796875,0.2,-1.7575223714113235,0.9555505514144897,0.5818905830383301,-0.016964014506083914,0.0001,0.00977083,2060
402,208,43.914131799999986,438.97,425984,1058,0.26677421138156204,0.10438357293605804,0.11318359375,0.2,-1.757084921747446,0.9597939848899841,0.5825910568237305,-0.019704650962376037,0.0001,0.011214895,2070
402,209,44.136800519999994,439.81,428032,1064,0.6585675212205387,0.076149582862854,0.09833984375,0.2,-1.757415721192956,0.9332418441772461,0.5823463201522827,-0.017303382615500594,0.0001,0.009662099,2080
402,210,43.71250363,433.48,430080,1068,0.25613798609701915,0.015200423076748848,0.095556640625,0.2,-1.7554771035909653,0.9593243598937988,0.5818190574645996,-0.014623091722023673,0.0001,0.010701669,2090
402,211,43.85403155,433.99,432128,1073,0.5434480486321263,0.04271145164966583,0.136767578125,0.2,-1.753957834467292,0.9348098039627075,0.5811717510223389,-0.013024352759384784,0.0001,0.016555477,2100
402,212,43.97376976000001,434.91,434176,1078,0.34130518266465515,0.0029198825359344482,0.14951171875,0.2,-1.7467117577791214,0.9694037437438965,0.5778626799583435,-0.026175607778714038,0.0001,0.018600984,2110
402,213,43.94023598,437.53,436224,1083,0.2958089790074155,0.04206507280468941,0.1203125,0.2,-1.744192262738943,0.9787564873695374,0.5798506140708923,-0.020956923437915977,0.0001,0.012289308,2120
402,214,43.53882564,438.15,438272,1088,0.48206078726798296,0.07266883552074432,0.105419921875,0.2,-1.7487071938812733,0.9687632918357849,0.5799567699432373,-0.018448723522305956,0.0001,0.01184877,2130
402,215,43.56234794,438.2,440320,1094,0.756628349237144,0.286892294883728,0.122509765625,0.2,-1.7447901047766208,0.9476038813591003,0.5781197547912598,-0.019658715842524543,0.0001,0.01372629,2140
402,216,43.40614097,433.91,442368,1099,0.2808426698902622,0.08971448987722397,0.094970703125,0.2,-1.7349313855171205,0.9438284635543823,0.5735388994216919,-0.014972051176300738,0.0001,0.012040009,2150
402,217,43.33266403,433.06,444416,1104,0.4457524839788675,0.10813014209270477,0.076513671875,0.2,-1.7271071925759316,0.9438669085502625,0.5743918418884277,-0.012206603890808765,0.0001,0.006449788,2160
402,218,43.27052868,438.87,446464,1109,0.2839683002210222,0.08035730570554733,0.085888671875,0.2,-1.7303582787513734,0.9747582674026489,0.57466059923172,-0.01908878054964589,0.0001,0.009100497,2170
402,219,43.285373750000005,441.66,448512,1114,0.5470177874201909,0.3355831503868103,0.126171875,0.2,-1.7294150974601508,0.9783841371536255,0.5740129947662354,-0.020579603399528423,0.0001,0.013224453,2180
402,220,43.410478950000005,441.91,450560,1119,0.23543100468814374,0.042367417365312576,0.11083984375,0.2,-1.7287618447095157,0.9847592115402222,0.5740160942077637,-0.02903351207060041,0.0001,0.012244824,2190
402,221,43.35045003000001,440.61,452608,1124,0.17380741249071435,0.05336042493581772,0.112451171875,0.2,-1.7244493145495654,0.9817237257957458,0.571559488773346,-0.02455416885932209,0.0001,0.010191129,2200
402,222,43.49434637,441.36,454656,1129,0.20284084451850504,0.001873943954706192,0.121435546875,0.2,-1.7143198303878306,0.9867243766784668,0.568790853023529,-0.027042150634224528,0.0001,0.015764352,2210
402,223,43.30156926999999,439.85,456704,1134,0.9058425520081073,0.6461519002914429,0.07412109375,0.2,-1.7025775969028474,0.872840940952301,0.5650940537452698,-0.011250545892835362,0.0001,0.009211892,2220
402,224,43.51285169999999,437.75,458752,1139,0.5492323093581944,0.775376558303833,0.11875,0.2,-1.697393750399351,0.9450058341026306,0.5657107830047607,-0.018446128699724795,0.0001,0.010181248,2230
402,225,43.56011909,430.53,460800,1144,0.10717506801593117,0.007900681346654892,0.122216796875,0.2,-1.696317333728075,0.9860653281211853,0.5641319751739502,-0.02004568478951114,0.0001,0.012894822,2240
402,226,43.4572136,412.12,462848,1149,0.29505368797108533,0.05054308474063873,0.09716796875,0.2,-1.684648472815752,0.9685109257698059,0.5591393709182739,-0.024120585709897568,0.0001,0.010652193,2250
402,227,42.706061749999996,407.81,464896,1154,0.6057278843829408,0.15034206211566925,0.072412109375,0.2,-1.6783793181180955,0.9107239842414856,0.5608717203140259,-0.012920246854628203,0.0001,0.008069863,2260
402,228,42.86047303,408.76,466944,1159,0.9036802508402616,0.10328049957752228,0.06767578125,0.2,-1.683872302249074,0.8999156951904297,0.5622039437294006,-0.010715621474810177,0.0001,0.005683557,2270
402,229,42.61443853000001,415.92,468992,1164,0.18605524973245338,0.03697356581687927,0.119970703125,0.2,-1.6749521881341933,0.9747636318206787,0.5555989742279053,-0.01852982713608071,0.0001,0.015213149,2280
402,230,42.617636600000004,422.78,471040,1168,0.42051397876348345,0.01055871695280075,0.10830078125,0.2,-1.6627466183155775,0.9746789932250977,0.5555365085601807,-0.02870910041674506,0.0001,0.013227932,2290
402,231,43.075143239999996,425.24,473088,1173,0.30495786857791246,0.022769957780838013,0.11513671875,0.2,-1.6568078890442848,0.9834392666816711,0.5523176193237305,-0.03284729199804133,0.0001,0.01517817,2300
403,232,43.02361909000001,425.13,475136,1178,0.28073117539752274,0.03483560308814049,0.085009765625,0.2,-1.649092722684145,0.9711098670959473,0.5512111783027649,-0.01828828152429196,0.0001,0.009235801,2310
403,233,42.85158561000001,417.65,477184,1184,0.30753309895517306,0.1334126889705658,0.12822265625,0.2,-1.6490052074193955,0.9592033624649048,0.552735447883606,-0.02051802892819978,0.0001,0.012438459,2320
403,234,43.151587879999994,420.53,479232,1189,0.23585505185183137,0.024271052330732346,0.097412109375,0.2,-1.6467710211873055,0.982452392578125,0.5494532585144043,-0.02240741748828441,0.0001,0.011453066,2330
403,235,43.34160271000002,418.42,481280,1194,0.08859609484788962,0.009616494178771973,0.0921875,0.2,-1.642478834092617,0.9912728667259216,0.5505384206771851,-0.01677699914434925,0.0001,0.010255388,2340
403,236,43.3764562,419.11,483328,1199,0.07886308730230666,-0.00935734435915947,0.116064453125,0.2,-1.642805241048336,0.9930306673049927,0.5494215488433838,-0.022869462610105983,0.0001,0.013659352,2350
403,237,43.31285381000001,421.86,485376,1204,0.6391246333252638,-0.0005788542330265045,0.116162109375,0.2,-1.6384936686605216,0.9291408658027649,0.5481557846069336,-0.019617787394236075,0.0001,0.010198023,2360
403,238,43.133736289999995,420.51,487424,1209,0.8911032530013472,0.237995445728302,0.1107421875,0.2,-1.6352856889367104,0.9276361465454102,0.5477809309959412,-0.020138575360761024,0.0001,0.013642036,2370
403,239,43.02128793000001,419.6,489472,1214,0.7030963797587901,0.2653301954269409,0.12783203125,0.2,-1.6336668513715267,0.9597954154014587,0.5473705530166626,-0.02244936898496235,0.0001,0.013446412,2380
403,240,42.73900697,414.9,491520,1219,0.38997650931123645,0.004852525889873505,0.10234375,0.2,-1.6279369454830885,0.9787726998329163,0.5451334118843079,-0.02035493473740644,0.0001,0.012131905,2390
403,241,41.82424427,408.99,493568,1223,0.3275439407792874,0.0691271424293518,0.104296875,0.2,-1.6184831984341144,0.9449578523635864,0.5420018434524536,-0.017928629045491105,0.0001,0.010568628,2400
403,242,41.234164299999996,408.79,495616,1228,0.9155213657766581,0.27209001779556274,0.085498046875,0.2,-1.6116039879620074,0.9002270102500916,0.5414166450500488,-0.005500641415710561,0.0001,0.0102774035,2410
403,243,41.102656210000006,410.38,497664,1233,1.1615774400997907,0.394310861825943,0.11484375,0.2,-1.609258757904172,0.9323061108589172,0.5404758453369141,-0.015789409886929208,0.0001,0.0153782545,2420
403,244,39.89712406,402.86,499712,1238,0.4819131752010435,0.05780050903558731,0.145947265625,0.2,-1.601691623777151,0.9718466997146606,0.537379264831543,-0.021978465357096865,0.0001,0.014678966,2430
403,245,39.835550239999996,401.96,501760,1243,1.0718564990907908,0.28975892066955566,0.10869140625,0.2,-1.5951515160501004,0.9017728567123413,0.5373347997665405,-0.014116438771452522,0.0001,0.009816375,2440
403,246,40.03418232,408.31,503808,1248,0.5225140013732016,0.13930395245552063,0.100146484375,0.2,-1.5965922880917787,0.9144457578659058,0.5379972457885742,-0.011535601035575382,0.0001,0.011110818,2450
403,247,37.75142912,392.77,505856,1253,0.26331803363282236,0.060529280453920364,0.1046875,0.2,-1.5945205952972175,0.9813215136528015,0.5360654592514038,-0.01753669133395306,0.0001,0.014370529,2460
403,248,36.55215228,369.3,507904,1258,1.039325012685731,0.10619459301233292,0.069091796875,0.2,-1.5919541001319886,0.7990376353263855,0.5365104675292969,-0.0004066121095092967,0.0001,0.004727917,2470
403,249,36.55679696,366.42,509952,1263,1.597411173582077,0.8398895859718323,0.100390625,0.2,-1.593456545472145,0.8686866164207458,0.5368235111236572,-0.008202587311097886,0.0001,0.0082119,2480
403,250,36.469046940000005,365.58,512000,1268,0.2609588530380279,0.04546744003891945,0.1048828125,0.2,-1.5873472902923822,0.9421417117118835,0.5331771373748779,-0.015888474667008268,0.0001,0.012854697,2490
403,251,36.493304259999995,367.16,514048,1273,0.2983447111560963,0.04199087619781494,0.112744140625,0.2,-1.5812886830419302,0.9649496078491211,0.5341582894325256,-0.013389958356856368,0.0001,0.012254804,2500
403,252,36.41319709,369.8,516096,1278,0.3703680504346266,0.06390662491321564,0.15283203125,0.2,-1.579301905632019,0.974122941493988,0.5316802263259888,-0.026270376952015794,0.0001,0.015905473,2510
403,253,36.46941558,373.72,518144,1283,0.3582906041527167,0.1339360475540161,0.130859375,0.2,-1.5731611046940088,0.974795401096344,0.5309691429138184,-0.019166335322370286,0.0001,0.014289948,2520
403,254,36.597600899999996,373.54,520192,1288,0.1773011728306301,0.017317019402980804,0.130078125,0.2,-1.5617625977844,0.9899479150772095,0.5255522727966309,-0.03184957039629808,0.0001,0.016546741,2530
403,255,36.78535737,374.52,522240,1293,0.11528461184352637,-0.017823530361056328,0.112744140625,0.2,-1.5555151466280221,0.9861637949943542,0.5274500250816345,-0.02244881928927498,0.0001,0.011951785,2540
403,256,36.85011826,401.58,524288,1298,0.12644012455712073,-0.007055776193737984,0.101708984375,0.2,-1.5493264969438314,0.9865833520889282,0.5220435857772827,-0.02091017043130705,0.0001,0.011546353,2550
403,257,37.078447780000005,396.65,526336,1303,0.07400552095714374,-0.014505717903375626,0.085595703125,0.2,-1.5380452323704958,0.9960265159606934,0.5222495794296265,-0.02340323733369587,0.0001,0.010040443,2560
403,258,37.149040049999996,399.87,528384,1308,0.18931821813457644,0.006050679832696915,0.079638671875,0.2,-1.5374012105166912,0.9557997584342957,0.5214580297470093,-0.01817652651661774,0.0001,0.0092903515,2570
403,259,37.174980919999996,397.32,530432,1313,0.20813955320045352,0.02465357631444931,0.115673828125,0.2,-1.5331608019769192,0.9758337140083313,0.5195426940917969,-0.021091369666100944,0.0001,0.013734736,2580
403,260,37.29932343,395.28,532480,1318,0.054165682286839004,-0.002165006473660469,0.10283203125,0.2,-1.527782976999879,0.9938197135925293,0.5189797878265381,-0.02208611029491294,0.0001,0.012812814,2590
403,261,38.08372788,400.47,534528,1323,0.10671238988870754,0.006278937682509422,0.11318359375,0.2,-1.5263165596872568,0.9875675439834595,0.5194067358970642,-0.020470561814727263,0.0001,0.012392234,2600
403,262,38.96768782,406.1,536576,1328,0.12692118478007614,0.0018521230667829514,0.083447265625,0.2,-1.522658033668995,0.9787762761116028,0.517035961151123,-0.009947336594632362,0.0001,0.008522075,2610
403,263,39.35232550999999,408.09,538624,1334,0.2336478062788956,0.04230514541268349,0.10400390625,0.2,-1.513070724532008,0.9821276664733887,0.5134402513504028,-0.02861301471129991,0.0001,0.01315568,2620
403,264,39.898559230000004,415.31,540672,1339,0.31638791154837237,0.03729920834302902,0.107373046875,0.2,-1.4980630800127983,0.9769881367683411,0.509665846824646,-0.026259636401664465,0.0001,0.012783506,2630
403,265,40.44225523000001,418.59,542720,1344,0.20661039848346263,0.012328393757343292,0.10673828125,0.2,-1.489257363602519,0.9865139126777649,0.5091696381568909,-0.021769814372237305,0.0001,0.0105027445,2640
403,266,40.57015644,414.06,544768,1349,0.2433293428272009,0.056449294090270996,0.124462890625,0.2,-1.4867637518793344,0.9681933522224426,0.5080132484436035,-0.024410169431575923,0.0001,0.015287467,2650
403,267,41.39150642999999,422.52,546816,1354,0.32822634861804545,0.08091144263744354,0.11669921875,0.2,-1.4835521586239337,0.9684380888938904,0.5079559087753296,-0.022274271027708892,0.0001,0.011317893,2660
403,268,43.045624909999994,432.84,548864,1360,0.22220561865251512,0.0640716701745987,0.12607421875,0.2,-1.4881200347095729,0.9820801019668579,0.5101445913314819,-0.02194061654881807,0.0001,0.015507927,2670
403,269,44.044243120000004,440.83,550912,1366,0.23720830883830785,0.06714276224374771,0.081982421875,0.2,-1.4934239625930785,0.9805207848548889,0.5111773014068604,-0.010626541334204376,0.0001,0.009205325,2680
403,270,44.807603979999996,447.53,552960,1371,0.2468173280823976,0.08168215304613113,0.100244140625,0.2,-1.4904095206409693,0.9767239093780518,0.5083380937576294,-0.019960192617872963,0.0001,0.0108339805,2690
403,271,45.02825573,448.34,555008,1377,0.6490713069215417,0.07084609568119049,0.109130859375,0.2,-1.4883138071745634,0.9550812244415283,0.5103641748428345,-0.017209810751955955,0.0001,0.009586903,2700
402,272,45.04900512000001,448.23,557056,1382,0.18269173265434802,0.024364598095417023,0.108203125,0.2,-1.4815319053828717,0.9748581051826477,0.5046788454055786,-0.02597790690633701,0.0001,0.010641247,2710
402,273,45.07545634,448.05,559104,1388,0.20915522972354667,0.0212654247879982,0.09462890625,0.2,-1.4718848895281553,0.9695463180541992,0.5059003829956055,-0.014438033135229488,0.0001,0.009960804,2720
402,274,45.01071707999999,440.75,561152,1393,0.39123922714497894,0.007702436298131943,0.1490234375,0.2,-1.4719199758023023,0.9754827618598938,0.5041955709457397,-0.027023926678521094,0.0001,0.018214893,2730
402,275,44.889964920000004,443.62,563200,1399,0.587681578937918,0.3599081337451935,0.08134765625,0.2,-1.4691786479204894,0.917971134185791,0.5047124028205872,-0.010997928598953877,0.0001,0.010628846,2740
402,276,44.74127208,446.19,565248,1404,0.29287812632974236,0.07465970516204834,0.107275390625,0.2,-1.4669816512614489,0.9708670973777771,0.5025081038475037,-0.024555524736570078,0.0001,0.012393445,2750
402,277,44.691998360000014,419.2,567296,1409,0.45786980288103224,0.060983866453170776,0.1009765625,0.2,-1.4605564448982478,0.9686195850372314,0.5015969276428223,-0.02439991252613254,0.0001,0.013095402,2760
402,278,45.00010488000001,424.7,569344,1414,0.22896085103275254,0.07125100493431091,0.116796875,0.2,-1.4556836735457181,0.9666497111320496,0.4995712637901306,-0.018370499936281703,0.0001,0.014008697,2770
402,279,44.991305319999995,423.31,571392,1420,0.16722637405619026,0.022539615631103516,0.1287109375,0.2,-1.4400031443685293,0.9891248941421509,0.49410152435302734,-0.031717891004518606,0.0001,0.014429806,2780
402,280,45.00680286999998,426.47,573440,1425,0.1760451528651174,-0.0027534589171409607,0.108837890625,0.2,-1.425816572457552,0.9896600246429443,0.4931534230709076,-0.026504574705177218,0.0001,0.011372563,2790
402,281,44.95401399,430.2,575488,1431,0.1526130385347642,0.007746249437332153,0.121923828125,0.2,-1.4206717539578677,0.99238121509552,0.4910605549812317,-0.02765373502188595,0.0001,0.014328996,2800
402,282,44.807945360000005,435.03,577536,1436,0.2017136552662123,-0.008265169337391853,0.119873046875,0.2,-1.4108066126704215,0.9765791296958923,0.48848921060562134,-0.02183727076771902,0.0001,0.010190669,2810
401,283,44.807845109999995,430.87,579584,1441,0.5266291346866637,0.06590519845485687,0.110693359375,0.2,-1.4035947564989328,0.9709093570709229,0.48721811175346375,-0.02531658456355217,0.0001,0.013888955,2820
401,284,44.75514185,428.03,581632,1447,0.26255902766715733,0.06563899666070938,0.127685546875,0.2,-1.395782769843936,0.9439326524734497,0.4853663742542267,-0.018906698968203274,0.0001,0.012019696,2830
401,285,44.59812890999999,428.78,583680,1452,0.2029182101599872,0.04875794053077698,0.1181640625,0.2,-1.3915808115154504,0.9698615074157715,0.485365092754364,-0.021167983356281183,0.0001,0.012176727,2840
401,286,44.27054870000002,429.61,585728,1458,0.6245750699890777,0.07931189984083176,0.133935546875,0.2,-1.3907284550368786,0.9777173399925232,0.48456382751464844,-0.02397973493061727,0.0001,0.013947416,2850
401,287,44.28565662000001,429.35,587776,1463,0.807248154352419,0.003404509276151657,0.137646484375,0.2,-1.3902747575193644,0.95362788438797,0.48549944162368774,-0.016614564819610676,0.0001,0.012451736,2860
401,288,44.40533242000001,430.96,589824,1468,0.16657516681589185,0.07191070169210434,0.101953125,0.2,-1.3920649334788322,0.9630668759346008,0.48499739170074463,-0.017273692091112024,0.0001,0.0148757305,2870
401,289,44.45990599000001,435.37,591872,1474,0.2434436362469569,0.02992790937423706,0.151953125,0.2,-1.3850052025169135,0.9838967323303223,0.48237156867980957,-0.025061160728364486,0.0001,0.016620528,2880
401,290,44.52853969000001,433.87,593920,1480,0.14325837431242688,-0.00996159203350544,0.12294921875,0.2,-1.370770275592804,0.9927756786346436,0.47818881273269653,-0.02873460567279835,0.0001,0.013156189,2890
401,291,44.80150769,437.14,595968,1485,0.06004412415786646,-0.0237593874335289,0.109521484375,0.2,-1.3568404071033,0.9918685555458069,0.47590208053588867,-0.02248309045098722,0.0001,0.01449764,2900
401,292,44.686266800000006,442.58,598016,1490,0.1950991576188244,-0.030534056946635246,0.1470703125,0.2,-1.3460213162004948,0.9853454828262329,0.4730495512485504,-0.029444332433922683,0.0001,0.016639093,2910
401,293,44.48715881999998,441.72,600064,1496,0.21510583030758426,0.0460217259824276,0.132763671875,0.2,-1.3342913080006837,0.9898620247840881,0.4701552391052246,-0.024729192692757352,0.0001,0.014482204,2920
400,294,44.39432137,441.07,602112,1502,0.47563028063159435,0.2086675614118576,0.120849609375,0.2,-1.3273430079221726,0.9524340033531189,0.47033053636550903,-0.01957394859637134,0.0001,0.011176857,2930
400,295,44.21343072,437.37,604160,1507,0.19251270048553124,0.031158622354269028,0.0958984375,0.2,-1.3247458513826131,0.9784215688705444,0.4683065414428711,-0.018495294934837148,0.0001,0.009761394,2940
400,296,44.385827479999996,434.87,606208,1512,0.23329595066024922,-0.00045384839177131653,0.099560546875,0.2,-1.31990055590868,0.9771934151649475,0.4680788815021515,-0.016423347404634116,0.0001,0.012266808,2950
400,297,44.555744139999995,436.3,608256,1518,0.24227453873027116,0.04947515204548836,0.11259765625,0.2,-1.3144645899534226,0.9784156084060669,0.46581345796585083,-0.020358623303764034,0.0001,0.011530863,2960
400,298,44.315354559999996,434.9,610304,1523,0.33654145181644707,0.03073868900537491,0.132568359375,0.2,-1.3067679829895495,0.9815081357955933,0.46413689851760864,-0.02258299895838718,0.0001,0.013695167,2970
400,299,44.29848451,434.34,612352,1529,0.2672653927584179,0.09536540508270264,0.08994140625,0.2,-1.3039497189223765,0.9625239968299866,0.4647115468978882,-0.015948671988007847,0.0001,0.00971874,2980
400,300,44.09877503999999,431.54,614400,1534,0.1728487924556248,-0.008444143459200859,0.124560546875,0.2,-1.299175475910306,0.9868385195732117,0.4619487524032593,-0.026900485268561168,0.0001,0.017631315,2990
400,301,43.720368119999996,422.23,616448,1539,0.28338140168925746,0.07366149872541428,0.109765625,0.2,-1.2879442922770976,0.9467887282371521,0.45979881286621094,-0.023587933825911022,0.0001,0.011268089,3000
400,302,43.9241539,421.72,618496,1544,0.33452939360868184,0.07203835248947144,0.118798828125,0.2,-1.2850581806153059,0.9581294059753418,0.4603801369667053,-0.020700267529900885,0.0001,0.011027152,3010
400,303,44.04404202999999,422.93,620544,1550,0.22192909582518042,0.029506348073482513,0.11318359375,0.2,-1.281679479777813,0.9804823994636536,0.4580637216567993,-0.018928163016971665,0.0001,0.012586797,3020
400,304,44.02278634,425.2,622592,1556,0.2936184927355498,0.02651870995759964,0.14921875,0.2,-1.2724896728992463,0.9870362281799316,0.45604366064071655,-0.03044492511835415,0.0001,0.016335502,3030
400,305,44.01257145,423.37,624640,1561,0.17284383665537462,0.021669603884220123,0.146826171875,0.2,-1.2603501848876477,0.9911954402923584,0.4526185393333435,-0.027489139774115757,0.0001,0.016478729,3040
399,306,44.04626976,416.69,626688,1566,0.10756428407039494,-0.017474357038736343,0.114306640625,0.2,-1.2493079949170351,0.9859795570373535,0.4511767029762268,-0.023665550971054473,0.0001,0.012753371,3050
399,307,44.406630330000006,421.92,628736,1572,0.06679222334641963,0.005742484703660011,0.1427734375,0.2,-1.2455812010914087,0.990082859992981,0.4511665403842926,-0.018640666687861084,0.0001,0.015814204,3060
399,308,44.49834590000001,425.62,630784,1577,0.2635605423245579,0.0592455230653286,0.13232421875,0.2,-1.243695703521371,0.9829534888267517,0.45011499524116516,-0.022092071420775027,0.0001,0.012634979,3070
399,309,44.21863502000001,421.45,632832,1583,0.2297553880373016,0.04101734608411789,0.179345703125,0.2,-1.2397843170911074,0.9879631400108337,0.44891980290412903,-0.027937113019288518,0.0001,0.018607149,3080
399,310,44.33433763,425.66,634880,1588,0.5542584905866533,0.047236405313014984,0.140185546875,0.2,-1.2316268134862185,0.969582200050354,0.4466279149055481,-0.02340129754084046,0.0001,0.014298812,3090
399,311,44.13944412,421.12,636928,1593,0.312471545021981,0.07597821950912476,0.138134765625,0.2,-1.2127267763018608,0.9760744571685791,0.4403059184551239,-0.022363010316621513,0.0001,0.013540819,3100
399,312,44.276358450000004,415.74,638976,1598,0.1242435964406468,-0.01371755450963974,0.11962890625,0.2,-1.199569294601679,0.9848138689994812,0.44127804040908813,-0.022283973220328334,0.0001,0.0130076,3110
399,313,44.19204167,418.34,641024,1604,0.22813088577240706,-0.0233689546585083,0.1255859375,0.2,-1.1990471698343754,0.9804455637931824,0.44006597995758057,-0.021731335678487083,0.0001,0.013305565,3120
399,314,44.504525969999996,420.13,643072,1609,0.3055872490396723,0.07359648495912552,0.1205078125,0.2,-1.191318491473794,0.9823983311653137,0.43798527121543884,-0.02242136988497805,0.0001,0.014450547,3130
399,315,44.73199888999999,421.31,645120,1615,0.16700861060526223,-0.013795588165521622,0.099951171875,0.2,-1.1783756725490093,0.9775989055633545,0.4341682195663452,-0.019629606044327376,0.0001,0.012412596,3140
399,316,44.71277827000001,422.54,647168,1620,0.1013946868130006,0.0023798923939466476,0.136181640625,0.2,-1.1613497711718082,0.9885295629501343,0.43048009276390076,-0.02273287103162147,0.0001,0.015634838,3150
399,317,44.77764113,418.77,649216,1626,0.1326429251465015,0.05730550363659859,0.133447265625,0.2,-1.155897668004036,0.9909141063690186,0.43208813667297363,-0.025157916812167967,0.0001,0.013696933,3160
399,318,44.85302644,422.72,651264,1631,0.16456111482693814,-0.023036692291498184,0.112353515625,0.2,-1.150984463095665,0.9841294884681702,0.4282553195953369,-0.023505233933974523,0.0001,0.011899026,3170
399,319,44.90328739,419.46,653312,1636,0.12770566199324093,0.0012500174343585968,0.1396484375,0.2,-1.1386354297399521,0.9918427467346191,0.42691242694854736,-0.0320812959500472,0.0001,0.017405054,3180
399,320,45.08444349000001,420.32,655360,1642,0.08779835369350622,-0.01683202013373375,0.109619140625,0.2,-1.1355473570525647,0.9834290146827698,0.4267174005508423,-0.022337163357587998,0.0001,0.012684337,3190
398,321,45.32515127,421.64,657408,1647,0.14474845163640565,-0.021232370287179947,0.12314453125,0.2,-1.1268957301974296,0.9831101894378662,0.4237564206123352,-0.026012724460451865,0.0001,0.012656163,3200
398,322,45.54977011,425.99,659456,1653,0.11965187799651175,-0.002698935568332672,0.12607421875,0.2,-1.1185592155903579,0.9837955236434937,0.4223827123641968,-0.020753259089542554,0.0001,0.016445735,3210
398,323,45.37524038000001,421.92,661504,1658,0.19289850137429312,-0.029089495539665222,0.111083984375,0.2,-1.111212557554245,0.9821075201034546,0.4203987121582031,-0.034325552222435364,0.0001,0.015496437,3220
398,324,45.50647806999999,421.02,663552,1663,0.21424270455609076,-0.00839933194220066,0.118408203125,0.2,-1.1020866543054582,0.9675710201263428,0.41951268911361694,-0.020212399307638407,0.0001,0.011707117,3230
398,325,45.474317740000004,418.42,665600,1668,0.31828629435040057,0.021594569087028503,0.160400390625,0.2,-1.0942407496273518,0.9703224897384644,0.4167463481426239,-0.018999450310366227,0.0001,0.015925134,3240
399,326,45.53761299,418.78,667648,1673,0.1961376031511463,0.006146222352981567,0.108203125,0.2,-1.0846348110586406,0.97721266746521,0.4158961772918701,-0.020444202017824865,0.0001,0.012801932,3250
398,327,45.53761299,418.78,669696,1678,0.14139568186947143,0.03406325727701187,0.1267578125,0.2,-1.0796810325235129,0.9810657501220703,0.41404837369918823,-0.019739518281130585,0.0001,0.013208302,3260
398,328,45.66327882,445.28,671744,1683,0.11604624233441427,-0.03197035938501358,0.132275390625,0.2,-1.0771725945174695,0.9865022301673889,0.41490331292152405,-0.03331316338444594,0.0001,0.017316882,3270
398,329,45.6000092,436.6,673792,1688,0.053356237290427086,-0.02503226138651371,0.1294921875,0.2,-1.0759249106049538,0.9949233531951904,0.41366177797317505,-0.01591027998510981,0.0001,0.01390712,3280
398,330,45.916827409999996,435.7,675840,1694,0.08173283738433383,0.026177655905485153,0.12470703125,0.2,-1.0689679209142924,0.9912721514701843,0.4117130637168884,-0.023680747246544342,0.0001,0.012693906,3290
398,331,45.79405130000001,431.55,677888,1699,0.06656437259807717,0.006916867569088936,0.141357421875,0.2,-1.0631588477641345,0.9902386665344238,0.41130882501602173,-0.019229293847456575,0.0001,0.013473034,3300
398,332,45.69870819,431.11,679936,1704,0.2717911877785809,0.027507159858942032,0.145458984375,0.2,-1.055526439845562,0.9690126180648804,0.40879398584365845,-0.023800483612285463,0.0001,0.014257859,3310
399,333,45.69839907000001,431.07,681984,1709,0.16989618790103123,0.0167478509247303,0.11640625,0.2,-1.0505940593779086,0.9774232506752014,0.40960413217544556,-0.01684157501149457,0.0001,0.011617431,3320
399,334,45.81012387999999,429.01,684032,1714,0.17832937699276954,-0.005492957308888435,0.125048828125,0.2,-1.0438563879579306,0.9834716320037842,0.40576645731925964,-0.026177877133886796,0.0001,0.0129096005,3330
399,335,46.02448798999999,438.0,686080,1718,0.5056896697031334,0.12617060542106628,0.13212890625,0.2,-1.0316548254340887,0.9226792454719543,0.4048064947128296,-0.023367053232504986,0.0001,0.016179807,3340
399,336,45.933314750000015,438.54,688128,1723,0.3809006752213463,0.04288938641548157,0.15283203125,0.2,-1.021258370578289,0.9727665781974792,0.4011992812156677,-0.031410151977615895,0.0001,0.018669348,3350
399,337,46.09148518999999,446.39,690176,1728,0.2791529202600941,0.021546293050050735,0.11328125,0.2,-1.0117359410971403,0.9690166711807251,0.4011790156364441,-0.0233958234624879,0.0001,0.013045446,3360
399,338,46.131561739999995,445.42,692224,1734,0.3322941250167787,0.14122454822063446,0.180859375,0.2,-1.003762530721724,0.9788657426834106,0.39802247285842896,-0.03214157677575713,0.0001,0.02069207,3370
399,339,45.999791480000006,447.08,694272,1738,0.3555976571631618,-0.0007989890873432159,0.139892578125,0.2,-0.9904570715501905,0.9660738110542297,0.39570802450180054,-0.02452221856583492,0.0001,0.014220724,3380
399,340,45.95419845000001,445.99,696320,1743,0.2517666211235337,-0.0018603317439556122,0.17294921875,0.2,-0.98677634652704,0.9772553443908691,0.3960651755332947,-0.030932918839607738,0.0001,0.019878335,3390
399,341,45.705014170000005,444.78,698368,1747,0.2192829984065611,0.048247888684272766,0.13291015625,0.2,-0.9838168527930975,0.9789159893989563,0.39467185735702515,-0.02841269858763553,0.0001,0.017208645,3400
399,342,45.53762431999999,444.28,700416,1752,0.2981614251737483,0.002708040177822113,0.122412109375,0.2,-0.9795060954988003,0.9532154202461243,0.39482396841049194,-0.02127460927295033,0.0001,0.012973776,3410
399,343,45.41359264,444.2,702464,1756,0.2807058424456045,0.03211957961320877,0.116357421875,0.2,-0.9735675472766161,0.9726506471633911,0.3922725021839142,-0.023248138728376944,0.0001,0.015201827,3420
400,344,45.358425170000004,443.92,704512,1760,0.26899253627052533,0.11607025563716888,0.139990234375,0.2,-0.9621127577498555,0.9821322560310364,0.3905894160270691,-0.020957025091774995,0.0001,0.0136387795,3430
400,345,45.43383316000001,448.53,706560,1765,0.28667718548094856,0.029258854687213898,0.177880859375,0.2,-0.954674362950027,0.9849607944488525,0.38919681310653687,-0.03001699395317701,0.0001,0.018213876,3440
400,346,45.62446462,475.46,708608,1769,0.08987008488620632,-0.01799089089035988,0.145361328125,0.2,-0.947761694714427,0.9915884137153625,0.3877045512199402,-0.02491558038891526,0.0001,0.018824838,3450
400,347,45.60766703999999,475.84,710656,1773,0.03902612303354545,-0.0042473189532756805,0.112109375,0.2,-0.9507954113185406,0.9975796937942505,0.3903422951698303,-0.019185124250361694,0.0001,0.011403408,3460
400,348,45.42045382000001,475.08,712704,1778,0.11376548165862914,-0.0040934327989816666,0.121923828125,0.2,-0.9541616538539529,0.9860634207725525,0.3893049359321594,-0.023181739897700025,0.0001,0.012753313,3470
400,349,45.10230834000001,473.39,714752,1782,0.3297385559184477,0.08669540286064148,0.107177734375,0.2,-0.9535128435119986,0.9472565054893494,0.3902817964553833,-0.011723530302697327,0.0001,0.010901439,3480
401,350,44.83946677000001,448.47,716800,1787,1.1006182855460793,0.3202056288719177,0.13173828125,0.2,-0.955097233504057,0.9042367339134216,0.3898121118545532,-0.010927795979660005,0.0001,0.017221108,3490
401,351,44.8196544,448.45,718848,1791,0.43839150234125557,0.07583016157150269,0.147119140625,0.2,-0.9510914010927081,0.9512085318565369,0.38830485939979553,-0.021487358523881995,0.0001,0.014406875,3500
401,352,44.64167163,454.36,720896,1796,0.2444590036990121,0.09431591629981995,0.13173828125,0.2,-0.946499896235764,0.9638463854789734,0.38826984167099,-0.017738387943973068,0.0001,0.013716729,3510
401,353,44.64186347999999,459.2,722944,1800,0.5700183677487075,0.22253528237342834,0.165771484375,0.2,-0.9425586868077517,0.9663891792297363,0.3867679238319397,-0.020863279078912455,0.0001,0.018939946,3520
401,354,44.93417106000001,465.5,724992,1805,0.23882300931727513,0.03689868748188019,0.183984375,0.2,-0.9309748992323875,0.9871099591255188,0.3835933208465576,-0.03786910529197485,0.0001,0.021585885,3530
401,355,45.015974670000006,468.5,727040,1809,0.19383887470467015,0.035264741629362106,0.146875,0.2,-0.9178941650316119,0.9916212558746338,0.3812728524208069,-0.03285264655423816,0.0001,0.019577317,3540
401,356,45.015974670000006,468.5,729088,1813,0.1446347156597767,0.03605089709162712,0.147412109375,0.2,-0.9053552890196442,0.9923355579376221,0.3791329264640808,-0.028352952664135955,0.0001,0.017021876,3550
402,357,45.08996523,497.39,731136,1817,0.05727520482760155,-0.03340498358011246,0.1380859375,0.2,-0.8958125403150916,0.9821772575378418,0.37758463621139526,-0.03182382585364394,0.0001,0.018117743,3560
402,358,45.05909767,496.9,733184,1822,0.15767949144646992,-0.0008622314780950546,0.11806640625,0.2,-0.8919622519984841,0.9923455715179443,0.3782368302345276,-0.027545352145534708,0.0001,0.014970345,3570
402,359,44.65079282,485.87,735232,1826,0.1115476004750235,-0.013454627245664597,0.10751953125,0.2,-0.9001378089189529,0.9800790548324585,0.37973982095718384,-0.024590137277846223,0.0001,0.012999313,3580
402,360,44.78426725,489.3,737280,1830,0.2734187401598319,0.0689309686422348,0.12978515625,0.2,-0.8994181660935283,0.9624598026275635,0.3788435161113739,-0.02320916622556979,0.0001,0.015858676,3590
403,361,44.65700096,485.53,739328,1834,0.14762286311597564,-0.004481855779886246,0.154345703125,0.2,-0.8972012108191848,0.9910815358161926,0.37886273860931396,-0.02715896688750945,0.0001,0.01537716,3600
403,362,44.84029071,493.61,741376,1838,0.19031790909357368,0.04359695687890053,0.1458984375,0.2,-0.8894186088815331,0.9908933043479919,0.37592613697052,-0.032355110060598234,0.0001,0.016983159,3610
403,363,44.93296809,491.89,743424,1843,0.12976226950995623,0.013933587819337845,0.151513671875,0.2,-0.8726078007370234,0.9922658801078796,0.372275173664093,-0.022252475599816534,0.0001,0.017143132,3620
403,364,45.02413678,489.77,745472,1847,0.11596040267613716,0.044488485902547836,0.1478515625,0.2,-0.8553468005731701,0.9875912666320801,0.36971282958984375,-0.02565461482390674,0.0001,0.01572625,3630
403,365,45.333238060000006,491.45,747520,1852,0.22509265550761484,0.04207842797040939,0.120361328125,0.2,-0.8447344247251749,0.9820421934127808,0.3681538701057434,-0.026239347831869965,0.0001,0.014864007,3640
403,366,45.43407022,491.71,749568,1857,0.15887313128914685,-0.010056138038635254,0.14072265625,0.2,-0.8414591394364834,0.9836425185203552,0.36896947026252747,-0.022477622291626177,0.0001,0.013958293,3650
403,367,45.577567949999995,494.61,751616,1862,0.12678014449775218,0.02418968454003334,0.132080078125,0.2,-0.8388519175350666,0.9802798628807068,0.3669734597206116,-0.021815714794502127,0.0001,0.0145306075,3660
403,368,45.69051949,502.53,753664,1866,0.22621234722901135,0.007349826395511627,0.167919921875,0.2,-0.826530153118074,0.9868293404579163,0.3643355369567871,-0.028710417561524083,0.0001,0.018094338,3670
404,369,45.61352373,474.28,755712,1870,0.17771931745810435,0.028567370027303696,0.167724609375,0.2,-0.8093955239281059,0.9916955232620239,0.3604716658592224,-0.03526504322362598,0.0001,0.018676061,3680
404,370,45.71132961,477.97,757760,1874,0.15181778775295243,-0.005011208355426788,0.146875,0.2,-0.7942674355581403,0.9900270700454712,0.3590656518936157,-0.029000616770645138,0.0001,0.014973407,3690
404,371,45.723063669999995,477.58,759808,1878,0.14556177547783591,0.005973059684038162,0.1720703125,0.2,-0.7884495628997683,0.99126797914505,0.3581849932670593,-0.03281335364736151,0.0001,0.018316153,3700
404,372,45.72583162999999,477.71,761856,1882,0.46489271470345556,0.1175452396273613,0.158154296875,0.2,-0.7848042517900466,0.9632419347763062,0.35784685611724854,-0.026680184357974212,0.0001,0.019037157,3710
404,373,46.32138786999999,483.03,763904,1886,0.6265579996164888,0.10048289597034454,0.14638671875,0.2,-0.7839239291846752,0.8660174608230591,0.3583040237426758,-0.02455170662724413,0.0001,0.016731683,3720
405,374,46.15622210999999,483.56,765952,1890,0.15840391916572116,0.04615939036011696,0.14951171875,0.2,-0.7853096200153231,0.9901016354560852,0.3577612042427063,-0.028437073920213152,0.0001,0.016735356,3730
405,375,46.38525208,484.58,768000,1894,0.5364345042267814,0.3715791404247284,0.18837890625,0.2,-0.7833670230582357,0.96556556224823,0.35777997970581055,-0.025226835974899588,0.0001,0.021971624,3740
405,376,46.31206009,475.34,770048,1898,0.2798095631063916,0.002389144152402878,0.148486328125,0.2,-0.7793298134580254,0.9618623852729797,0.3565402030944824,-0.016889155737590044,0.0001,0.01619656,3750
405,377,46.248187990000005,469.89,772096,1902,0.1988656809204258,-0.009138587862253189,0.182958984375,0.2,-0.7701096897944808,0.9880975484848022,0.3547074794769287,-0.029670602198166307,0.0001,0.020812556,3760
405,378,46.153499169999996,441.12,774144,1906,0.0990765278635081,0.0007616523653268814,0.13037109375,0.2,-0.7606394954025746,0.9792956709861755,0.3529905676841736,-0.020445826219656738,0.0001,0.019245986,3770
406,379,46.08749379000001,438.11,776192,1911,0.21939557600999252,0.012186631560325623,0.1375,0.2,-0.7544224387034774,0.9727025032043457,0.35286378860473633,-0.021184596528473775,0.0001,0.015529882,3780
406,380,45.97181344999999,438.37,778240,1915,0.1307345582579728,0.01017790287733078,0.153369140625,0.2,-0.7532658599317074,0.985573947429657,0.35223546624183655,-0.023397581824247025,0.0001,0.016725868,3790
406,381,46.08421542999999,439.12,780288,1919,0.5775745516642928,0.010281264781951904,0.141455078125,0.2,-0.7491123909130692,0.9405325651168823,0.3515005111694336,-0.02223387586127501,0.0001,0.01215408,3800
406,382,45.949912000000005,436.82,782336,1923,0.2208796602906659,0.05241730064153671,0.178662109375,0.2,-0.7369169812649489,0.9832023978233337,0.3476393222808838,-0.02403218464605743,0.0001,0.020315377,3810
406,383,45.76882117,428.48,784384,1927,0.3244315543677658,0.05072183907032013,0.144189453125,0.2,-0.7220975065603852,0.9787681698799133,0.3465089201927185,-0.029272837699681985,0.0001,0.016673654,3820
407,384,45.70424212000001,432.09,786432,1931,0.13313146700384096,-0.01971600577235222,0.1611328125,0.2,-0.713844133913517,0.9915105104446411,0.3445982336997986,-0.027729416458169,0.0001,0.016729841,3830
407,385,45.660376299999996,436.97,788480,1935,0.15895697603118605,-0.024759311228990555,0.142724609375,0.2,-0.7011293021962046,0.989242672920227,0.34227514266967773,-0.029015395902388264,0.0001,0.016797874,3840
407,386,45.68957046000001,437.06,790528,1939,0.28256280402420086,0.02210274711251259,0.18056640625,0.2,-0.6927791871130466,0.9812328219413757,0.3416281044483185,-0.035654779222386426,0.0001,0.019700708,3850
407,387,45.75343471000001,463.49,792576,1943,0.12539663048810326,0.0033466853201389313,0.18134765625,0.2,-0.6832533359527588,0.9939048290252686,0.3391607403755188,-0.03446505167958094,0.0001,0.02142916,3860
407,388,45.76330446,463.27,794624,1947,0.14585710596693388,0.040937311947345734,0.112353515625,0.2,-0.6733182953670621,0.9655790328979492,0.33829864859580994,-0.017511772539000957,0.0001,0.012118894,3870
408,389,45.79364203000001,461.16,796672,1952,0.09191587490786332,-0.01666862517595291,0.15078125,0.2,-0.6641907230019569,0.985929012298584,0.3360334634780884,-0.024402691608702298,0.0001,0.01784151,3880
408,390,45.76376880000001,457.39,798720,1956,0.10044086472771596,0.031759537756443024,0.154736328125,0.2,-0.6526780143380165,0.9849624633789062,0.3343472182750702,-0.025325895543210207,0.0001,0.015961073,3890
408,391,45.69105713999999,453.67,800768,1960,0.1382633648114279,0.010764572769403458,0.17119140625,0.2,-0.6441542798653245,0.9898479580879211,0.333357036113739,-0.02920645370904822,0.0001,0.018178549,3900
408,392,45.73113295,450.22,802816,1964,0.1409648705390282,0.008970659226179123,0.14091796875,0.2,-0.6324713587760925,0.992088258266449,0.33012378215789795,-0.031069622735958546,0.0001,0.016446922,3910
408,393,45.6915164,451.25,804864,1968,0.09126807239663322,0.010655464604496956,0.16044921875,0.2,-0.6154096262529493,0.9921905994415283,0.32773464918136597,-0.03060015138980816,0.0001,0.023913082,3920
409,394,45.87318173,453.05,806912,1972,0.16095477171475067,0.00995134562253952,0.15048828125,0.2,-0.607486267760396,0.9861856698989868,0.3273986876010895,-0.030216121759440284,0.0001,0.022143655,3930
409,395,45.78810563000001,446.2,808960,1976,0.15504103418206797,-0.013714391738176346,0.133740234375,0.2,-0.599528719484806,0.9883403778076172,0.32525157928466797,-0.02906772148271557,0.0001,0.016443703,3940
409,396,46.15571583,448.14,811008,1981,0.051896618108730766,-0.020655125379562378,0.13505859375,0.2,-0.5869313975796103,0.9948606491088867,0.3236995339393616,-0.025219035730697215,0.0001,0.01644129,3950
409,397,46.15571583,448.14,813056,1985,0.13978234035894274,-0.00894177332520485,0.14814453125,0.2,-0.5760772267356515,0.9938309788703918,0.321490079164505,-0.028768225116436952,0.0001,0.0167447,3960
409,398,46.24446056,474.28,815104,1989,0.0010476263745715642,0.014970317482948303,0.156787109375,0.2,-0.567330889776349,0.10390734672546387,0.32154351472854614,0.002976302121533081,0.0001,0.00898695,3970
409,399,46.227662210000005,470.89,817152,1993,0.06388660763332155,-0.03680821508169174,0.14697265625,0.2,-0.5667898107320071,0.9929922223091125,0.31992489099502563,-0.026243516679096503,0.0001,0.01896761,3980
410,400,46.39307082000001,474.93,819200,1997,0.09165997128002346,-0.03464740887284279,0.15263671875,0.2,-0.5525912903249264,0.9909054636955261,0.31788310408592224,-0.027459350624121727,0.0001,0.017559215,3990
410,401,46.648471050000005,480.53,821248,2002,0.21140741193084978,0.04241421818733215,0.191015625,0.2,-0.5404429402202368,0.989130973815918,0.3159314692020416,-0.03583700924064033,0.0001,0.024641138,4000
410,402,46.72783059,483.92,823296,2006,0.30842142359470015,0.007061943411827087,0.20673828125,0.2,-0.5245911154896021,0.9830570816993713,0.3128853142261505,-0.031743476710107646,0.0001,0.02274507,4010
410,403,47.115881179999995,485.84,825344,2010,0.23215887657133863,0.02169843018054962,0.175048828125,0.2,-0.5102932255715131,0.9889286756515503,0.31166186928749084,-0.03645849380409345,0.0001,0.019499265,4020
410,404,47.22272384,485.21,827392,2014,0.18643570159911177,0.01913420855998993,0.135595703125,0.2,-0.5030502451583743,0.9793787598609924,0.31073272228240967,-0.02745497164869448,0.0001,0.016712733,4030
410,405,47.07940081000001,481.31,829440,2019,0.14610391639289447,-0.01047687791287899,0.127197265625,0.2,-0.49533534813672303,0.9856632351875305,0.3094128370285034,-0.02563605791219743,0.0001,0.018845614,4040
410,406,47.15612048,479.45,831488,2023,0.13950172419426962,0.03550911694765091,0.161572265625,0.2,-0.4987837623804808,0.9850027561187744,0.3115376830101013,-0.02615506452129921,0.0001,0.018602625,4050
411,407,47.24252385,478.95,833536,2027,0.11000478559872136,0.016518909484148026,0.1615234375,0.2,-0.5019949451088905,0.9901541471481323,0.3103281557559967,-0.021846190217183904,0.0001,0.016425058,4060
411,408,47.36649087000001,474.39,835584,2031,0.43887496246024965,0.038281843066215515,0.16943359375,0.2,-0.4886045377701521,0.967773973941803,0.3071530759334564,-0.03327116126019973,0.0001,0.021885408,4070
411,409,47.205435429999994,447.76,837632,2035,0.3039860198972747,0.051330678164958954,0.1611328125,0.2,-0.4736738920211792,0.9731218218803406,0.3060506582260132,-0.020376592440879904,0.0001,0.015667927,4080
411,410,47.20693223,447.93,839680,2040,0.2628241196682211,0.001823417842388153,0.1482421875,0.2,-0.47354624327272177,0.9758080840110779,0.3068050742149353,-0.02616376336736721,0.0001,0.01748196,4090
411,411,47.00893043,443.42,841728,2044,0.2486110242374707,-0.03695836290717125,0.151416015625,0.2,-0.4699370410293341,0.9739059209823608,0.3049963116645813,-0.024560051662047045,0.0001,0.014999344,4100
411,412,47.03111325999999,443.92,843776,2048,0.29770238063065335,-0.01761840656399727,0.12900390625,0.2,-0.45919477455317975,0.9749903678894043,0.3034491539001465,-0.026913501302624356,0.0001,0.0154354945,4110
412,413,47.002585339999996,441.66,845824,2052,0.26451294561848043,0.0029179565608501434,0.140185546875,0.2,-0.44721714276820423,0.9698463082313538,0.3015035390853882,-0.02255344459990738,0.0001,0.017314639,4120
412,414,46.939310930000005,444.2,847872,2056,0.22104721271898597,0.12705998122692108,0.162646484375,0.2,-0.4367634130641818,0.9832753539085388,0.30005091428756714,-0.030373515815881547,0.0001,0.018223956,4130
412,415,46.94110301,441.8,849920,2061,0.25683622766518965,0.05771901085972786,0.207568359375,0.2,-0.4264387859031558,0.9831693768501282,0.29865139722824097,-0.031125921379862122,0.0001,0.02422266,4140
412,416,47.000019730000005,445.2,851968,2065,0.16525341552332976,0.0093500055372715,0.1755859375,0.2,-0.41925182081758977,0.9791937470436096,0.29810768365859985,-0.022764617495704444,0.0001,0.021448562,4150
412,417,46.95051714,448.43,854016,2069,0.23683052390115336,0.016184113919734955,0.214404296875,0.2,-0.41521100960671903,0.985987663269043,0.2968006730079651,-0.0362501073279418,0.0001,0.02603747,4160
412,418,46.549467969999995,424.64,856064,2073,0.18404996412573382,0.006145041435956955,0.19658203125,0.2,-0.404430883564055,0.9923189878463745,0.2954312860965729,-0.03455897063831799,0.0001,0.024409119,4170
413,419,46.48586421,424.49,858112,2077,0.5113960664020851,0.005546402186155319,0.188623046875,0.2,-0.40246670730412004,0.9776721000671387,0.2958288788795471,-0.03313580821559299,0.0001,0.019262176,4180
413,420,46.44748588,428.08,860160,2081,0.1351714859949425,0.029839491471648216,0.154443359375,0.2,-0.388501332513988,0.9852293729782104,0.29185914993286133,-0.02416293860442238,0.0001,0.017289324,4190
413,421,46.366168699999996,425.62,862208,2085,0.25504817015025766,0.06706737726926804,0.226416015625,0.2,-0.3694845028221607,0.9822535514831543,0.29017511010169983,-0.0330645513269701,0.0001,0.030507427,4200
413,422,46.1199384,420.02,864256,2089,0.32826739459414966,0.1055295467376709,0.201318359375,0.2,-0.35508577562868593,0.9784470796585083,0.28734827041625977,-0.030751531320856885,0.0001,0.020921059,4210
413,423,45.868881599999995,418.75,866304,2093,0.3229807865340263,0.08397740125656128,0.21044921875,0.2,-0.33823796436190606,0.9811176061630249,0.2854820191860199,-0.03462620384816546,0.0001,0.023173194,4220
413,424,45.623340320000004,417.6,868352,2097,0.10173253918765113,0.07587961852550507,0.171337890625,0.2,-0.32519528791308405,0.9871686697006226,0.2837495803833008,-0.024483020693878643,0.0001,0.01769566,4230
414,425,45.56584879000001,421.01,870400,2102,0.2043039164331276,-0.0071390606462955475,0.14375,0.2,-0.31963259615004064,0.9804821610450745,0.2837713956832886,-0.020311159842822234,0.0001,0.014374745,4240
414,426,45.52480638,421.03,872448,2106,0.1641345874988474,-0.034519702196121216,0.199462890625,0.2,-0.316881487891078,0.9911767840385437,0.2830932140350342,-0.034113278953009286,0.0001,0.022519289,4250
414,427,45.4866672,417.74,874496,2110,0.22172749297460542,0.05542343854904175,0.17919921875,0.2,-0.30836647413671014,0.9806888103485107,0.28134429454803467,-0.026987891182579916,0.0001,0.025969405,4260
414,428,45.30922818,416.66,876544,2114,0.1600717845663894,-0.007497437298297882,0.176318359375,0.2,-0.2950954593718052,0.9831974506378174,0.27943944931030273,-0.023975612714275486,0.0001,0.018613275,4270
414,429,45.158019790000004,415.63,878592,2119,0.09847846859192941,-0.0336565226316452,0.162451171875,0.2,-0.2831165499985218,0.9885438680648804,0.277931809425354,-0.020712017761252356,0.0001,0.015607403,4280
414,430,45.185799159999995,418.71,880640,2123,0.2645526242791675,0.049354031682014465,0.1501953125,0.2,-0.2719231307506561,0.975151538848877,0.27664512395858765,-0.01946605639968766,0.0001,0.016029261,4290
414,431,45.145439939999996,418.34,882688,2127,0.17058347542770208,0.017369210720062256,0.16474609375,0.2,-0.26198444813489913,0.9898197054862976,0.27506113052368164,-0.0311039252745104,0.0001,0.024268981,4300
415,432,45.09738496,417.6,884736,2131,0.1531494520691922,0.00549142062664032,0.18291015625,0.2,-0.2522479023784399,0.9874385595321655,0.27366796135902405,-0.02213322734751273,0.0001,0.02046531,4310
415,433,44.97334252999999,418.4,886784,2136,0.2775484933168627,0.052571337670087814,0.182421875,0.2,-0.24090181067585945,0.982650637626648,0.27199625968933105,-0.028652208935818636,0.0001,0.019736372,4320
415,434,44.908158489999984,420.01,888832,2140,0.645743402838707,0.4874829649925232,0.172119140625,0.2,-0.23175868391990662,0.9529356956481934,0.27135875821113586,-0.029791959014255555,0.0001,0.024435923,4330
415,435,44.94315645,417.3,890880,2145,0.19075216907076536,0.12069663405418396,0.164013671875,0.2,-0.2261206291615963,0.98855060338974,0.2698839604854584,-0.03289638940186705,0.0001,0.020939551,4340
415,436,45.013580350000005,414.68,892928,2150,0.16820819976273924,0.04918666183948517,0.213916015625,0.2,-0.21589499711990356,0.9834377765655518,0.2689400911331177,-0.024288616589910817,0.0001,0.029217001,4350
415,437,45.12601493999998,411.6,894976,2155,0.20498732016421856,0.07117676734924316,0.163134765625,0.2,-0.20747461915016174,0.9824846386909485,0.26773062348365784,-0.02727446158969542,0.0001,0.020720072,4360
415,438,45.33532274,408.83,897024,2160,0.20204014107584953,0.04476679861545563,0.19384765625,0.2,-0.19446581192314624,0.9796839952468872,0.26537299156188965,-0.026536239827692043,0.0001,0.025664236,4370
415,439,45.56660938,409.79,899072,2165,0.12415616046928335,-0.031544893980026245,0.184033203125,0.2,-0.17774370722472668,0.9862262606620789,0.26327991485595703,-0.028463176998047856,0.0001,0.02737897,4380
415,440,45.485955919999995,404.58,901120,2170,0.22972777355462312,-0.006943954154849052,0.1931640625,0.2,-0.16066607870161534,0.9764965772628784,0.2611362636089325,-0.028568866616114973,0.0001,0.01764702,4390
415,441,45.34795676000001,403.3,903168,2175,0.09218272817670367,0.03589591011404991,0.15703125,0.2,-0.14984754100441933,0.9867082238197327,0.26028698682785034,-0.01689292235241737,0.0001,0.018841488,4400
415,442,45.483183749999995,403.72,905216,2180,0.21918952785781584,0.0011608675122261047,0.193212890625,0.2,-0.14572250992059707,0.9839037656784058,0.2603999376296997,-0.036389942886307834,0.0001,0.02563135,4410
415,443,45.53284388000001,403.92,907264,2185,0.22849172832211478,0.03171049803495407,0.201806640625,0.2,-0.14123165532946585,0.9677358269691467,0.25878334045410156,-0.025654536874208135,0.0001,0.018820684,4420
415,444,45.616622070000005,404.23,909312,2190,0.06462737399269827,-0.0032132118940353394,0.17646484375,0.2,-0.13555074520409108,0.9925521016120911,0.25878942012786865,-0.022973736167477908,0.0001,0.01904626,4430
415,445,45.37179537,399.14,911360,2194,0.06800735361321131,-0.035391613841056824,0.163427734375,0.2,-0.12751302123069763,0.9930105209350586,0.25683534145355225,-0.020247586665209382,0.0001,0.018980682,4440
415,446,45.43410163000001,403.6,913408,2199,0.3237817948567681,-0.01522492989897728,0.193798828125,0.2,-0.12112966887652873,0.9650428295135498,0.2572580873966217,-0.01976300636451924,0.0001,0.020480707,4450
415,447,45.45319876000001,403.71,915456,2204,0.22300422281259671,0.00048642605543136597,0.2,0.2,-0.11372795552015305,0.986834704875946,0.2546556293964386,-0.03463779850426363,0.0001,0.026247011,4460
415,448,45.63923664,404.63,917504,2209,0.10558726146409754,0.017968347296118736,0.188671875,0.2,-0.09852521605789662,0.9905087351799011,0.2533113658428192,-0.026670611095323694,0.0001,0.024671141,4470
415,449,45.72372447000001,407.86,919552,2214,0.20966654476942495,0.008444562554359436,0.193017578125,0.2,-0.08754458390176297,0.9755094647407532,0.25217536091804504,-0.026333944666112073,0.0001,0.025170479,4480
415,450,45.61310434999999,408.12,921600,2219,0.1676570426498074,-0.020636405795812607,0.213818359375,0.2,-0.07613325603306294,0.9904676079750061,0.25041842460632324,-0.03927081222645938,0.0001,0.027532138,4490
415,451,45.56260260999999,411.58,923648,2223,0.13619007876841352,0.04908578097820282,0.19775390625,0.2,-0.06234286464750767,0.9907699823379517,0.2486177235841751,-0.03230402637127554,0.0001,0.026253765,4500
415,452,45.48756055,413.23,925696,2228,0.20769523560302333,0.023995209485292435,0.20341796875,0.2,-0.053049187362194064,0.9879164099693298,0.24823445081710815,-0.031806923317344624,0.0001,0.027638786,4510
415,453,45.71929322999999,412.89,927744,2234,0.2376569299492985,0.012402385473251343,0.18701171875,0.2,-0.048315981030464174,0.9887595176696777,0.24734175205230713,-0.03477608211978804,0.0001,0.021802826,4520
415,454,45.76880418,410.71,929792,2238,0.18375563125009647,-0.022355325520038605,0.18291015625,0.2,-0.027924134954810144,0.9790112376213074,0.24311882257461548,-0.030546868227247614,0.0001,0.028261367,4530
415,455,45.82819849999999,412.38,931840,2243,0.15816080402582883,0.05392167717218399,0.17705078125,0.2,-0.007540700584650039,0.977135956287384,0.2424219250679016,-0.025892686686711387,0.0001,0.020940064,4540
415,456,45.784600359999985,412.16,933888,2248,0.3153499895939603,0.03221653401851654,0.18291015625,0.2,0.0011846762150526046,0.9743695259094238,0.24083593487739563,-0.033935022926016245,0.0001,0.024486812,4550
415,457,45.78183149,412.17,935936,2253,0.1861262817401439,0.021432701498270035,0.2025390625,0.2,0.006259126216173172,0.9787410497665405,0.2412070631980896,-0.02840164264271152,0.0001,0.023716204,4560
415,458,45.88346358,412.77,937984,2258,0.17791469646035693,0.13016384840011597,0.18369140625,0.2,0.007862154021859169,0.9807369112968445,0.24073520302772522,-0.029901989251811756,0.0001,0.019709058,4570
415,459,45.4197546,417.84,940032,2262,0.3517884581495309,0.4155331254005432,0.16884765625,0.2,0.01737834922969341,0.9695240259170532,0.23840075731277466,-0.028195318598955056,0.0001,0.022337176,4580
415,460,45.282809390000004,417.18,942080,2267,0.5002169605577365,0.02767617255449295,0.206298828125,0.2,0.03480022475123405,0.9637854099273682,0.2370954304933548,-0.03734931134677026,0.0001,0.030166566,4590
415,461,45.328367,417.91,944128,2271,0.0953997135424288,-0.016977328807115555,0.18759765625,0.2,0.03869739212095737,0.9890418648719788,0.23739099502563477,-0.023639720062783455,0.0001,0.02625534,4600
415,462,45.26414099999999,415.08,946176,2275,0.2582191443478223,0.061935603618621826,0.190966796875,0.2,0.03484278544783592,0.9779484868049622,0.23788800835609436,-0.024162008929124568,0.0001,0.021668326,4610
415,463,45.40271025,415.76,948224,2279,0.1467053562460933,-0.0004774704575538635,0.194873046875,0.2,0.0326197549700737,0.980505108833313,0.23799359798431396,-0.023990561279060785,0.0001,0.023994021,4620
416,464,45.402852380000006,418.79,950272,2283,0.2425892018713057,0.016865801066160202,0.18447265625,0.2,0.035671578347682954,0.9755348563194275,0.23704642057418823,-0.02864884738228284,0.0001,0.023219725,4630
416,465,45.47713299000001,421.07,952320,2287,0.24502137524541467,-0.01412089541554451,0.187451171875,0.2,0.04070017039775849,0.9846542477607727,0.2367197871208191,-0.03684845743700862,0.0001,0.034408167,4640
416,466,45.77230203999999,419.92,954368,2291,0.16775764911435545,0.06094527617096901,0.2265625,0.2,0.05140172690153122,0.990351140499115,0.23452968895435333,-0.03400504004966933,0.0001,0.034230664,4650
416,467,45.824048499999996,421.33,956416,2295,0.2313081688422244,0.0003295391798019409,0.194189453125,0.2,0.07395173273980618,0.9814154505729675,0.23183469474315643,-0.031455541367904516,0.0001,0.023596572,4660
416,468,45.827298170000006,421.24,958464,2299,0.23554740666877477,-0.03811793774366379,0.176318359375,0.2,0.09226444959640503,0.9767197370529175,0.22983017563819885,-0.03488140202098293,0.0001,0.029132072,4670
416,469,45.56817849,416.96,960512,2303,0.06973620464705163,-0.018409129232168198,0.2052734375,0.2,0.1053435243666172,0.9905765056610107,0.22870412468910217,-0.027292317389219535,0.0001,0.028534124,4680
417,470,45.55258437,413.01,962560,2308,0.15883402226318138,0.042737316340208054,0.209423828125,0.2,0.10885571092367172,0.9667470455169678,0.2295168936252594,-0.019603454892057927,0.0001,0.023491269,4690
417,471,45.57083693999999,411.72,964608,2312,0.1351961400185246,0.016085483133792877,0.18193359375,0.2,0.10810531489551067,0.9892643094062805,0.22865107655525208,-0.023162753698852612,0.0001,0.023922618,4700
417,472,45.59475736000001,409.74,966656,2316,0.13062151726917365,0.039756204932928085,0.201123046875,0.2,0.12135493084788322,0.9928685426712036,0.22635221481323242,-0.03630820837424835,0.0001,0.024276081,4710
417,473,45.610075450000004,409.76,968704,2320,0.11376980544882827,0.0711577981710434,0.206591796875,0.2,0.13225595690310002,0.9909312725067139,0.2266674041748047,-0.02308721319423057,0.0001,0.024010638,4720
417,474,45.688178459999996,410.37,970752,2324,0.07159079662815201,0.0037415549159049988,0.182421875,0.2,0.13023228272795678,0.9924305081367493,0.22620879113674164,-0.02299259514402365,0.0001,0.022796713,4730
417,475,45.668544360000006,408.98,972800,2328,0.22894362580846064,-0.011654303409159184,0.167236328125,0.2,0.13735104948282242,0.9835359454154968,0.22524750232696533,-0.02504026887982036,0.0001,0.020410255,4740
417,476,45.65867749,409.01,974848,2332,0.18177777221426367,0.10104436427354813,0.202001953125,0.2,0.14988161772489547,0.9847325086593628,0.2233787477016449,-0.027570676683535567,0.0001,0.028687412,4750
417,477,45.39501596,407.67,976896,2337,0.10305600774590858,0.0028780922293663025,0.20234375,0.2,0.16584977880120277,0.9879443645477295,0.22200259566307068,-0.023698404085007497,0.0001,0.028172072,4760
418,478,45.64828728,401.4,978944,2341,0.2520634877961129,0.13722020387649536,0.21220703125,0.2,0.16741908639669417,0.9740714430809021,0.22290050983428955,-0.024962114704248962,0.0001,0.029700167,4770
418,479,45.745364050000006,402.06,980992,2345,0.12882532248622738,0.06091604381799698,0.179541015625,0.2,0.1725410807877779,0.9872395992279053,0.22075748443603516,-0.022305694063106785,0.0001,0.02377493,4780
418,480,45.546345589999994,401.26,983040,2349,0.13883808670798317,-0.021433576941490173,0.22060546875,0.2,0.19008662290871142,0.9862501621246338,0.21916043758392334,-0.02320154060871573,0.0001,0.026511002,4790
418,481,45.52775407,403.54,985088,2353,0.5745248771039769,0.06811138242483139,0.17666015625,0.2,0.19918125234544276,0.9435635805130005,0.21875610947608948,-0.02011896302938112,0.0001,0.020421218,4800
418,482,45.34835548000001,402.7,987136,2357,0.195133302512113,0.008053407073020935,0.2208984375,0.2,0.20094364807009696,0.9868991374969482,0.21850642561912537,-0.030777433421462774,0.0001,0.03102294,4810
418,483,45.0947161,398.44,989184,2361,0.4292230911552906,0.0325140655040741,0.21201171875,0.2,0.206141347438097,0.920870304107666,0.21777023375034332,-0.01911080052377656,0.0001,0.025167681,4820
418,484,44.99678361999999,400.84,991232,2365,0.16056900173425676,-4.835985600948334e-05,0.228369140625,0.2,0.20827077254652976,0.9745210409164429,0.2177199423313141,-0.02335713547290652,0.0001,0.026239248,4830
419,485,44.781984980000004,397.89,993280,2369,0.31299983349163085,0.0371512845158577,0.218212890625,0.2,0.21622213013470173,0.97893887758255,0.21642085909843445,-0.031157141450967173,0.0001,0.029359143,4840
419,486,44.71869224000001,397.48,995328,2374,0.4560277533368208,0.05623659864068031,0.20283203125,0.2,0.2273948907852173,0.9594143629074097,0.21527248620986938,-0.026987084151187446,0.0001,0.028834423,4850
419,487,44.67588734,394.52,997376,2378,0.12137962886481546,-0.033690113574266434,0.223779296875,0.2,0.22979276031255721,0.983945906162262,0.2158467173576355,-0.020728416580095655,0.0001,0.024673762,4860
419,488,44.61624526,394.34,999424,2382,0.18986905966885387,0.039208631962537766,0.191455078125,0.2,0.2309854868799448,0.9759769439697266,0.21525385975837708,-0.018289546098094432,0.0001,0.02129963,4870
419,489,44.484043359999994,393.77,1001472,2386,0.08915594168647659,-0.012541726231575012,0.189794921875,0.2,0.23502948321402073,0.9904188513755798,0.21475158631801605,-0.02140737575828098,0.0001,0.023358796,4880
419,490,44.56302972,391.86,1003520,2390,0.30204592663794755,0.022717129439115524,0.228759765625,0.2,0.23702960051596164,0.9342958927154541,0.21494406461715698,-0.016481226335599786,0.0001,0.024655495,4890
419,491,44.71023978999999,392.74,1005568,2395,0.1260878769797273,0.07260646671056747,0.197265625,0.2,0.24409997686743737,0.9844051599502563,0.21311476826667786,-0.023419023932365234,0.0001,0.022142366,4900
419,492,44.581264520000005,392.02,1007616,2399,0.118986622733064,0.00341735128313303,0.220263671875,0.2,0.2596701495349407,0.9870474934577942,0.2116396725177765,-0.02949645954213338,0.0001,0.02803592,4910
420,493,44.48210631999999,391.54,1009664,2403,0.09049012726754882,-0.005669761449098587,0.210107421875,0.2,0.2759162288159132,0.9911625385284424,0.20979450643062592,-0.02186060958338203,0.0001,0.025076337,4920
420,494,44.39544300000001,390.95,1011712,2408,0.020559215820685494,0.004158478695899248,0.1970703125,0.2,0.2888810899108648,0.9979262351989746,0.20891058444976807,-0.01907654949609423,0.0001,0.02732424,4930
420,495,44.3987151,390.89,1013760,2411,0.07902577911445405,-0.033748432993888855,0.205517578125,0.2,0.3031514469534159,0.9892185926437378,0.20689138770103455,-0.020417348874616437,0.0001,0.024752751,4940
420,496,44.49052706,391.33,1015808,2415,0.059237554215360436,-0.004805207252502441,0.218359375,0.2,0.31944320872426035,0.9950916171073914,0.20546260476112366,-0.02889573202774045,0.0001,0.027331166,4950
420,497,44.537501100000014,391.58,1017856,2419,0.3065831014071591,0.04645352438092232,0.20615234375,0.2,0.3310541234910488,0.9659172892570496,0.20437760651111603,-0.02234173766191816,0.0001,0.023567129,4960
420,498,44.29320274,390.4,1019904,2423,0.13282700879499315,0.01488371193408966,0.199560546875,0.2,0.3452126055955887,0.9833840727806091,0.20247596502304077,-0.023489254263040493,0.0001,0.022997703,4970
420,499,44.58694839999999,391.65,1021952,2427,0.21363506491761655,0.030165109783411026,0.20771484375,0.2,0.3610071562230587,0.9607576727867126,0.20122689008712769,-0.025332950653682927,0.0001,0.031514205,4980
421,500,44.62803394,389.17,1024000,2431,0.11682226740813348,-0.016039155423641205,0.20419921875,0.2,0.37324498519301413,0.9846373200416565,0.20022794604301453,-0.018565290681726763,0.0001,0.02630273,4990
421,501,44.77383510999999,390.01,1026048,2436,0.07608103687525727,-0.0182078517973423,0.21669921875,0.2,0.38901686407625674,0.9881843328475952,0.19813348352909088,-0.02038532878505066,0.0001,0.023311589,5000
421,502,44.86894606,390.53,1028096,2440,0.07913153565314132,-0.008912786841392517,0.2140625,0.2,0.40289829261600973,0.9864274859428406,0.197269469499588,-0.021675893248902865,0.0001,0.024541173,5010
421,503,45.01071838000001,388.61,1030144,2444,0.1466877412836766,0.02189962938427925,0.210888671875,0.2,0.4103681411594152,0.983087420463562,0.19674669206142426,-0.02096312682842836,0.0001,0.03011828,5020
421,504,44.96150781,388.4,1032192,2448,0.08108421209035441,-0.012595940381288528,0.2193359375,0.2,0.4149407837539911,0.9910755753517151,0.19618043303489685,-0.024706320630502886,0.0001,0.027022643,5030
421,505,45.008595000000014,388.82,1034240,2452,0.14683484827401116,-0.011063957586884499,0.2013671875,0.2,0.41891137380152943,0.9779106974601746,0.1961286962032318,-0.02447222168193548,0.0001,0.03429167,5040
421,506,45.005119400000005,388.99,1036288,2456,0.2529041310888715,0.04538017883896828,0.199267578125,0.2,0.4253557901829481,0.9509203433990479,0.19500717520713806,-0.025801641069119797,0.0001,0.025341514,5050
422,507,45.047646109999995,389.17,1038336,2460,0.42563167146872727,0.12401047348976135,0.232080078125,0.2,0.4338464314118028,0.9660073518753052,0.1943121701478958,-0.024673693619843107,0.0001,0.029820858,5060
422,508,45.265751789999996,390.08,1040384,2464,0.09383713270945009,-0.016936831176280975,0.219873046875,0.2,0.44270355999469757,0.9859282970428467,0.1932489275932312,-0.023986728767340537,0.0001,0.031731486,5070
422,509,44.98572775000002,388.65,1042432,2468,0.10148490804131143,-0.009738527238368988,0.2462890625,0.2,0.45254626758396627,0.9887505173683167,0.19253666698932648,-0.02444911395868985,0.0001,0.032637,5080
422,510,44.62044445000001,386.84,1044480,2472,0.29829042600467803,0.04104551672935486,0.2115234375,0.2,0.453932548686862,0.9718329310417175,0.19291089475154877,-0.023221479867061134,0.0001,0.022175498,5090
422,511,44.62232762000001,387.14,1046528,2476,0.5056271667708643,0.08602994680404663,0.21943359375,0.2,0.4501655923202634,0.9605224132537842,0.19313913583755493,-0.021398543768009405,0.0001,0.035904907,5100
422,512,44.65412082000001,389.69,1048576,2480,0.6366082871099934,0.23897886276245117,0.215380859375,0.2,0.45353014692664145,0.9286888837814331,0.1926417350769043,-0.02263481155532645,0.0001,0.026798751,5110
422,513,44.43279479000002,388.46,1050624,2484,0.19419740726007148,-0.0013229325413703918,0.2591796875,0.2,0.4614839032292366,0.9871324896812439,0.1912001371383667,-0.033701507966907226,0.0001,0.040095,5120
423,514,44.35358187,388.13,1052672,2488,0.4051897330209613,0.12911823391914368,0.210888671875,0.2,0.47537792678922414,0.9476756453514099,0.19029012322425842,-0.01936987900699023,0.0001,0.024589423,5130
423,515,44.35152578,388.33,1054720,2492,0.40421186928870156,0.05964013189077377,0.2185546875,0.2,0.4828666105866432,0.9689761996269226,0.18952685594558716,-0.025675037851033266,0.0001,0.028760485,5140
423,516,44.274609089999984,391.18,1056768,2495,0.33078472709748896,0.14569218456745148,0.2201171875,0.2,0.4920125387609005,0.9568551778793335,0.1887018382549286,-0.02068523840716807,0.0001,0.028612182,5150
423,517,44.05976374000001,398.48,1058816,2500,0.2643740075174719,0.07056380808353424,0.251953125,0.2,0.4986729403957725,0.9799548983573914,0.1880861520767212,-0.03564642233104678,0.0001,0.03704961,5160
423,518,43.821270150000004,397.21,1060864,2504,0.4811336144339293,0.052357662469148636,0.224755859375,0.2,0.5069019494578242,0.9769648313522339,0.18727144598960876,-0.03225117808469804,0.0001,0.030972766,5170
423,519,43.816624860000005,397.0,1062912,2508,0.28507067187456414,0.015725065022706985,0.222265625,0.2,0.5243011966347695,0.968626081943512,0.18455782532691956,-0.02591318478807807,0.0001,0.028824504,5180
423,520,43.79966494999999,397.91,1064960,2512,0.14539421814843081,-0.012747252359986305,0.221435546875,0.2,0.5495365869253874,0.9873737096786499,0.18305282294750214,-0.018431520026933868,0.0001,0.03138149,5190
424,521,43.84050399999998,398.08,1067008,2516,0.26918036658898925,0.18831847608089447,0.224853515625,0.2,0.5651717744767666,0.9713807106018066,0.18139147758483887,-0.028833564044907688,0.0001,0.03209176,5200
424,522,43.80792783999999,397.79,1069056,2520,0.2792977849137969,0.09793595969676971,0.2396484375,0.2,0.5803903562948107,0.9729486703872681,0.18052832782268524,-0.026037045476550703,0.0001,0.033457343,5210
424,523,43.84860934,398.14,1071104,2524,0.17061405243584887,0.052136123180389404,0.23388671875,0.2,0.5866860035806895,0.9771969318389893,0.18033471703529358,-0.019713977545325178,0.0001,0.027628228,5220
424,524,43.847691049999995,400.69,1073152,2528,0.17184640438645146,0.013914614915847778,0.204833984375,0.2,0.5916998049244284,0.9767335653305054,0.17914827167987823,-0.02463126212678617,0.0001,0.03596688,5230
424,525,43.90237506,403.26,1075200,2532,0.15722811169107445,0.002567984163761139,0.248291015625,0.2,0.6060560947284103,0.9918984770774841,0.17815354466438293,-0.03433907589642331,0.0001,0.043884903,5240
424,526,44.044813239999996,403.82,1077248,2536,0.2823114398284815,0.06842316687107086,0.21640625,0.2,0.6214126788079739,0.9804434180259705,0.17610055208206177,-0.03414681463909801,0.0001,0.031812467,5250
424,527,44.06698051,404.24,1079296,2540,0.11695632853079588,-0.00882893055677414,0.2,0.2,0.6447663556784391,0.9858164191246033,0.17418748140335083,-0.025371772148355377,0.0001,0.029745113,5260
424,528,43.85930018,403.33,1081344,2545,0.09755336337257177,-0.029118556529283524,0.211474609375,0.2,0.6634447304531932,0.9917113184928894,0.17299138009548187,-0.021081614687136607,0.0001,0.024407167,5270
424,529,44.1069991,404.62,1083392,2549,0.2814524804241955,0.003540176898241043,0.232275390625,0.2,0.6744700968265533,0.9711573123931885,0.17214509844779968,-0.027371732649044134,0.0001,0.041816544,5280
424,530,44.33524753999999,405.64,1085440,2554,0.16024700021662283,0.007819533348083496,0.241650390625,0.2,0.6885997977107763,0.9857357740402222,0.1707887053489685,-0.026591510116122662,0.0001,0.030458529,5290
425,531,44.318648749999994,405.21,1087488,2558,0.1475231344345957,0.008147377520799637,0.234716796875,0.2,0.6986445700749755,0.9771001935005188,0.17031137645244598,-0.01925637859094422,0.0001,0.029581524,5300
425,532,44.33890323000001,402.64,1089536,2562,0.06341347588750068,-0.04717313498258591,0.23671875,0.2,0.7034063316881657,0.9943351149559021,0.16969799995422363,-0.021789150653785328,0.0001,0.030919097,5310
425,533,44.51969871,403.54,1091584,2566,0.09818463486881228,0.028403742238879204,0.238720703125,0.2,0.7132785581052303,0.9919516444206238,0.16894632577896118,-0.02222943313390715,0.0001,0.037260085,5320
425,534,44.513074810000006,403.36,1093632,2570,0.03716812604689039,-0.008468899875879288,0.25380859375,0.2,0.7163894824683666,0.9969128966331482,0.16913259029388428,-0.0167221060837619,0.0001,0.028970093,5330
425,535,44.62277091000001,400.57,1095680,2574,0.11888949129497632,0.013354673981666565,0.24609375,0.2,0.7180586650967598,0.9899471998214722,0.16863328218460083,-0.0235729663305392,0.0001,0.03510901,5340
425,536,45.00925373,393.9,1097728,2578,0.04203074182150886,0.007038671523332596,0.204345703125,0.2,0.7273215243592859,0.9968042969703674,0.16764453053474426,-0.01859595841669943,0.0001,0.027855631,5350
425,537,45.08141422,397.48,1099776,2582,0.03515047149558086,-0.04056796431541443,0.232177734375,0.2,0.7410211965441704,0.9958663582801819,0.16633418202400208,-0.023083010848495178,0.0001,0.027278947,5360
425,538,45.157459509999995,397.93,1101824,2586,0.17885339308995754,-0.026907000690698624,0.234326171875,0.2,0.7582252359017729,0.9877431988716125,0.16461437940597534,-0.032846295172930695,0.0001,0.0503339,5370
425,539,45.25937650000001,398.33,1103872,2591,0.05298498901538551,-0.006780830677598715,0.21630859375,0.2,0.7705558134242892,0.9900782108306885,0.16435089707374573,-0.02409272626246093,0.0001,0.03867621,5380
426,540,45.17145104,398.2,1105920,2595,0.199055652692914,0.0326337032020092,0.2337890625,0.2,0.782288696616888,0.9852781295776367,0.1627369523048401,-0.028892191691556945,0.0001,0.03346484,5390
426,541,45.17937894,398.22,1107968,2600,0.2869501276873052,0.0063376277685165405,0.237841796875,0.2,0.7952721431851387,0.9609495997428894,0.1621522605419159,-0.027421427820809186,0.0001,0.039827153,5400
426,542,45.202133200000006,398.09,1110016,2604,0.1170425500778947,-0.006776981055736542,0.2201171875,0.2,0.8009756894782185,0.9876656532287598,0.16186168789863586,-0.02135659111372661,0.0001,0.02776207,5410
426,543,45.11612939,394.76,1112064,2609,0.030386670991720165,-0.02971705235540867,0.2078125,0.2,0.8036227526143194,0.9961221814155579,0.1618075668811798,-0.021776090955245308,0.0001,0.037031062,5420
426,544,44.96688421000001,393.87,1114112,2614,0.17669632100732996,-0.015671271830797195,0.23232421875,0.2,0.8059108223766088,0.9802872538566589,0.16136451065540314,-0.024583902323502115,0.0001,0.03315993,5430
426,545,44.837639580000015,393.48,1116160,2618,0.14345473439898343,-0.005821697413921356,0.246728515625,0.2,0.8175205450505019,0.9879940748214722,0.16006004810333252,-0.02853959159110673,0.0001,0.039089974,5440
426,546,44.955460439999996,393.91,1118208,2622,0.13743277378380298,0.026372618973255157,0.233544921875,0.2,0.8324030892923474,0.9833866953849792,0.15899020433425903,-0.018710812374774833,0.0001,0.037071504,5450
426,547,45.09297163,394.13,1120256,2627,0.09736596176808235,-0.03340709209442139,0.2560546875,0.2,0.8474357582628727,0.9848085045814514,0.15758369863033295,-0.017799687468505,0.0001,0.03552315,5460
426,548,45.235495680000014,396.88,1122304,2631,0.07737665997410659,-0.004136867821216583,0.248779296875,0.2,0.8589473346248269,0.9923242330551147,0.1571616232395172,-0.021413565064722206,0.0001,0.041267075,5470
426,549,45.115874680000005,396.24,1124352,2635,0.1818377986026462,0.0815352126955986,0.247412109375,0.2,0.8692218039184809,0.9856855869293213,0.15562933683395386,-0.033682353284893905,0.0001,0.04963709,5480
426,550,45.12998783999999,396.56,1126400,2639,0.2276686382596381,0.005516257137060165,0.2392578125,0.2,0.8854555562138557,0.9699279069900513,0.15510165691375732,-0.02635719073441578,0.0001,0.036481395,5490
426,551,45.07462081,396.45,1128448,2644,0.11424345239065588,-0.0004974603652954102,0.255859375,0.2,0.893263073079288,0.9916493892669678,0.15428189933300018,-0.02998617214616388,0.0001,0.04352499,5500
426,552,45.116743199999995,396.81,1130496,2648,0.240733218746027,0.1473337709903717,0.260888671875,0.2,0.9079236481338739,0.9594576954841614,0.15303663909435272,-0.02013498535816325,0.0001,0.035897102,5510
426,553,45.15154281,396.97,1132544,2652,0.08076565046794712,-0.020370185375213623,0.248046875,0.2,0.9228428618982434,0.9918347597122192,0.15175196528434753,-0.023434033981175162,0.0001,0.043798417,5520
427,554,45.03014264,396.44,1134592,2656,0.06650653177639469,-0.01944320648908615,0.259130859375,0.2,0.9358578901737928,0.9937399625778198,0.15115682780742645,-0.02165370693692239,0.0001,0.0333234,5530
427,555,45.0569554,396.61,1136640,2661,0.17828520606271922,0.09219735860824585,0.246728515625,0.2,0.942762327939272,0.9837438464164734,0.15081682801246643,-0.02478536822163733,0.0001,0.035374567,5540
427,556,44.69399179,391.63,1138688,2665,0.1545094814908225,0.0027029290795326233,0.256884765625,0.2,0.9522406946867704,0.983401894569397,0.1498250663280487,-0.024399143176560757,0.0001,0.037620116,5550
427,557,44.7816787,391.93,1140736,2669,0.3118082678527571,0.1227792501449585,0.226123046875,0.2,0.9566821845248341,0.973808765411377,0.1499602198600769,-0.021696097467793152,0.0001,0.034444954,5560
427,558,44.61962345,391.06,1142784,2673,0.1024625963123981,-0.03151044249534607,0.282421875,0.2,0.9597923696041107,0.9789307117462158,0.14932148158550262,-0.023144998601128463,0.0001,0.040954694,5570
427,559,44.68937469,389.81,1144832,2678,0.08780915063689462,0.04797375202178955,0.27314453125,0.2,0.9690836481750011,0.991456151008606,0.14866289496421814,-0.02132225149689475,0.0001,0.040402576,5580
427,560,44.35335937,388.26,1146880,2682,0.19570071061025374,-0.017769724130630493,0.239794921875,0.2,0.9759442375972867,0.9805461764335632,0.1483089029788971,-0.01939069948020915,0.0001,0.033220902,5590
427,561,44.366395919999995,388.32,1148928,2686,0.30526764382375404,0.12934890389442444,0.25810546875,0.2,0.978342922963202,0.9497203826904297,0.1482582837343216,-0.022367540298364474,0.0001,0.040865846,5600
427,562,44.47591329999998,389.37,1150976,2690,0.17646205233759246,0.05827004462480545,0.268359375,0.2,0.984972495213151,0.9843548536300659,0.14740243554115295,-0.02283796627598349,0.0001,0.043078393,5610
427,563,44.360104029999995,385.9,1153024,2695,0.328192920028232,0.05510878562927246,0.268310546875,0.2,0.9955878036096693,0.9638826251029968,0.14658430218696594,-0.02737910875148373,0.0001,0.037553884,5620
427,564,44.576955339999984,387.57,1155072,2699,0.15937449068878778,0.060595978051424026,0.266064453125,0.2,1.002957133576274,0.9845939874649048,0.14624017477035522,-0.019786041308543646,0.0001,0.04046204,5630
427,565,44.34918574,389.08,1157120,2704,0.20549068280961363,0.006731688976287842,0.27822265625,0.2,1.0117384430021048,0.9802848100662231,0.14545120298862457,-0.027239077162812465,0.0001,0.046022445,5640
427,566,44.26535438,391.58,1159168,2709,0.24429319013142958,0.07074852287769318,0.27451171875,0.2,1.024193662777543,0.9849304556846619,0.14429759979248047,-0.02897710553370416,0.0001,0.043958895,5650
427,567,44.210586400000004,389.53,1161216,2713,0.199614869907964,-0.0025668665766716003,0.2927734375,0.2,1.0410243645310402,0.9887572526931763,0.1428941786289215,-0.03318546532827895,0.0001,0.05174575,5660
428,568,44.36045901000001,390.63,1163264,2717,0.44333723480813203,0.20938074588775635,0.278515625,0.2,1.0590745393186807,0.9511905312538147,0.14193695783615112,-0.027344112255377695,0.0001,0.04072475,5670
428,569,44.299355070000004,390.22,1165312,2721,0.40107136106817054,0.11368201673030853,0.24990234375,0.2,1.070761637017131,0.9624794721603394,0.14134670794010162,-0.023443498012784402,0.0001,0.04015307,5680
428,570,44.280367770000005,390.05,1167360,2725,0.21447302593733183,0.06840268522500992,0.260986328125,0.2,1.0710491467267276,0.9815860390663147,0.14166441559791565,-0.018377132036039256,0.0001,0.03435168,5690
428,571,44.197759129999994,389.62,1169408,2729,0.33123129871673884,0.09483366459608078,0.250830078125,0.2,1.0724453613162042,0.9748216867446899,0.14125992357730865,-0.021122747714980506,0.0001,0.03890258,5700
428,572,43.98821984,388.68,1171456,2734,0.15540253526414743,0.024976031854748726,0.259521484375,0.2,1.0792675111442804,0.9829183220863342,0.14067834615707397,-0.01921428137102339,0.0001,0.035754263,5710
428,573,43.93006090000001,391.09,1173504,2738,0.8040428298991174,0.3496229946613312,0.243603515625,0.2,1.0880932856351138,0.9043871760368347,0.14018766582012177,-0.013168716629297705,0.0001,0.029388208,5720
428,574,43.65210817,389.47,1175552,2742,0.5089640493504703,0.11263281106948853,0.2794921875,0.2,1.0912944041192532,0.9629376530647278,0.14002567529678345,-0.02617273579526227,0.0001,0.04633191,5730
428,575,43.744095609999995,389.81,1177600,2746,0.4380377760739066,0.11664112657308578,0.25,0.2,1.0996362682431937,0.9586317539215088,0.1391529142856598,-0.014160702014851267,0.0001,0.03317658,5740
428,576,43.712474189999995,389.73,1179648,2750,0.19924126964760944,-0.0041280146688222885,0.262841796875,0.2,1.108493321016431,0.9773934483528137,0.13852067291736603,-0.022085117142705713,0.0001,0.04194949,5750
428,577,43.739974939999996,389.98,1181696,2755,0.29420559555874204,0.02609928697347641,0.27919921875,0.2,1.1156548555940389,0.9743877649307251,0.13842475414276123,-0.025304125432739966,0.0001,0.05382634,5760
428,578,43.799793300000005,390.61,1183744,2759,0.21909572391305118,0.04526030272245407,0.2806640625,0.2,1.1203711055219174,0.9767870903015137,0.13791507482528687,-0.018477407420141388,0.0001,0.04509478,5770
429,579,43.56182782,389.57,1185792,2763,0.2294380896608345,0.021980158984661102,0.260400390625,0.2,1.1290504556149243,0.9651687145233154,0.13714592158794403,-0.019727922734455207,0.0001,0.037635706,5780
429,580,43.55549528,390.06,1187840,2767,0.8458717833738774,0.8002882599830627,0.25634765625,0.2,1.132040338218212,0.9133119583129883,0.13758650422096252,-0.022537918121088296,0.0001,0.034974303,5790
429,581,43.527584450000006,389.6,1189888,2771,0.31574379208032044,0.039915405213832855,0.29892578125,0.2,1.1238709785044194,0.9577590227127075,0.1381678432226181,-0.015904280135873704,0.0001,0.04219591,5800
429,582,43.39823469,389.16,1191936,2776,0.14541494371951558,0.0212724469602108,0.28623046875,0.2,1.1233409319072962,0.9777950048446655,0.13765056431293488,-0.023328151187888578,0.0001,0.053987563,5810
429,583,43.2556012,388.49,1193984,2780,0.39798049653181805,0.03498809039592743,0.247119140625,0.2,1.132704596966505,0.9380297660827637,0.13668803870677948,-0.022361607226775958,0.0001,0.034413416,5820
429,584,43.08953416,385.09,1196032,2785,0.29470770395128054,0.025536172091960907,0.298193359375,0.2,1.1401186231523752,0.9693946838378906,0.13690945506095886,-0.01767484448646428,0.0001,0.04413365,5830
429,585,43.094600609999986,382.7,1198080,2791,0.3465943892020732,0.05492743104696274,0.269091796875,0.2,1.1409049060195684,0.9661572575569153,0.13633084297180176,-0.023215586952574085,0.0001,0.039796922,5840
429,586,43.20406668,382.93,1200128,2796,0.4084043820621446,0.15715676546096802,0.285205078125,0.2,1.1487635035067796,0.9434835314750671,0.13609260320663452,-0.01772815503863967,0.0001,0.043310974,5850
429,587,43.24260029,382.99,1202176,2801,0.0743285070406273,-0.04356307536363602,0.289794921875,0.2,1.1561284076422453,0.9896501898765564,0.135209321975708,-0.025936909805750474,0.0001,0.05151114,5860
429,588,43.233844310000016,383.45,1204224,2806,0.193748507858254,-0.006873138248920441,0.2984375,0.2,1.1693832889199256,0.9826660752296448,0.1343076378107071,-0.022433315392117948,0.0001,0.04141663,5870
429,589,43.04496345,382.6,1206272,2811,0.33278493243269625,0.02310776337981224,0.2759765625,0.2,1.1820453315973283,0.9527071118354797,0.13330715894699097,-0.027408497240685392,0.0001,0.046276923,5880
428,590,42.94024984000001,381.99,1208320,2816,1.086322989081964,0.49168267846107483,0.28271484375,0.2,1.1996996380388736,0.8768146634101868,0.13230900466442108,-0.017619709479913582,0.0001,0.042460103,5890
429,591,42.738249259999996,378.07,1210368,2821,0.7070058987475931,0.24434137344360352,0.293603515625,0.2,1.2101691357791424,0.933247447013855,0.1318173110485077,-0.024728587028221227,0.0001,0.042701434,5900
429,592,42.67921238000001,377.89,1212416,2825,0.5777603865833953,0.46840018033981323,0.285693359375,0.2,1.2157727811485528,0.9541314840316772,0.13147690892219543,-0.018521054415032268,0.0001,0.04791312,5910
429,593,42.50894285,377.12,1214464,2830,0.5406389759620651,0.08651935309171677,0.280078125,0.2,1.2201398994773627,0.9580702781677246,0.13137397170066833,-0.013920075884379912,0.0001,0.03941133,5920
429,594,42.12907387,375.45,1216512,2834,1.0068954088259487,1.0149396657943726,0.266943359375,0.2,1.2255984626710414,0.8921751976013184,0.13080748915672302,-0.015160633747291286,0.0001,0.032846812,5930
429,595,41.99003823,374.92,1218560,2839,1.103585394192487,0.25824442505836487,0.300927734375,0.2,1.2366196021437645,0.8932688236236572,0.12998910248279572,-0.023035611049999717,0.0001,0.058452733,5940
429,596,41.6849421,373.07,1220608,2843,0.4779729664325714,0.024172648787498474,0.286572265625,0.2,1.2440096139907837,0.9498142600059509,0.12975820899009705,-0.018900191810098478,0.0001,0.037910663,5950
429,597,41.87448056,373.79,1222656,2848,0.19970438587479294,0.048730023205280304,0.277978515625,0.2,1.2435050901025533,0.9699139595031738,0.13001815974712372,-0.02197775883396389,0.0001,0.04599677,5960
429,598,42.164856269999994,375.21,1224704,2852,0.32913428286556157,0.0790051519870758,0.31552734375,0.2,1.2444562897086144,0.9676234126091003,0.12968233227729797,-0.02780005489330506,0.0001,0.05855719,5970
429,599,42.113131730000006,374.72,1226752,2857,0.2022982455266174,-0.002372138202190399,0.29970703125,0.2,1.2585793681442738,0.9717507362365723,0.12819594144821167,-0.025933015611371957,0.0001,0.05137457,5980
429,600,42.11738286,374.78,1228800,2861,0.227170136757195,0.07450316846370697,0.2517578125,0.2,1.2749422799795866,0.9754045605659485,0.12748704850673676,-0.020741766624269076,0.0001,0.04097389,5990
429,601,42.08175434,374.33,1230848,2866,0.2881094344542362,0.12368128448724747,0.299951171875,0.2,1.288776298612356,0.9738643765449524,0.12657161056995392,-0.027565341650915797,0.0001,0.044723462,6000
429,602,42.15101428,374.47,1232896,2870,0.3511479079723358,0.22412075102329254,0.24970703125,0.2,1.2973991572856902,0.9644739031791687,0.1262722611427307,-0.019329132614075206,0.0001,0.032644965,6010
429,603,42.10949742999999,379.08,1234944,2875,0.30549588496796787,0.10557115077972412,0.28037109375,0.2,1.308969333767891,0.9757382273674011,0.12527036666870117,-0.01555141051649116,0.0001,0.05421455,6020
429,604,42.0096116,381.51,1236992,2879,0.4669888729928061,0.029188208281993866,0.324609375,0.2,1.319612718746066,0.9679532647132874,0.12469428777694702,-0.031694139892351814,0.0001,0.102225505,6030
429,605,42.05572226,382.06,1239040,2884,0.2790405745152384,0.04084467142820358,0.291015625,0.2,1.331021811813116,0.9853001832962036,0.12367120385169983,-0.030801452115701976,0.0001,0.05846256,6040
429,606,41.56871674,379.03,1241088,2888,0.1874489226087462,-0.019338203594088554,0.29189453125,0.2,1.3519215036183596,0.9751032590866089,0.12234003096818924,-0.03173315030580852,0.0001,0.06776437,6050
429,607,41.86437946,380.56,1243136,2892,0.40718529220903293,0.036557361483573914,0.252978515625,0.2,1.3650062255561353,0.9467824101448059,0.12198904156684875,-0.025075736209691966,0.0001,0.06565162,6060
429,608,41.61824489,379.08,1245184,2897,0.21800183355808259,0.03376568481326103,0.296875,0.2,1.3695797968655825,0.9777967929840088,0.1217975914478302,-0.02081134002582985,0.0001,0.04916645,6070
429,609,42.13781684,381.86,1247232,2901,0.6046481285477057,0.4684305191040039,0.29033203125,0.2,1.374116763100028,0.9527181386947632,0.12143829464912415,-0.020751588968050783,0.0001,0.041425124,6080
429,610,41.94910545,381.05,1249280,2905,0.13803324018372223,0.09045568108558655,0.28427734375,0.2,1.3868014495819807,0.9810904860496521,0.12052108347415924,-0.016710433591651964,0.0001,0.050796375,6090
429,611,41.943735159999996,380.81,1251328,2910,0.43761326755629854,0.7739586234092712,0.28837890625,0.2,1.4002256263047457,0.9689838886260986,0.11964811384677887,-0.01979547585870023,0.0001,0.049910065,6100
430,612,42.276785260000004,382.29,1253376,2914,0.5461065255338327,0.3506311774253845,0.283154296875,0.2,1.4100866317749023,0.9629786014556885,0.11946405470371246,-0.010410345411946765,0.0001,0.035989404,6110
430,613,42.267135710000005,382.09,1255424,2919,0.18382775608915836,0.04354964941740036,0.308544921875,0.2,1.4123039532452821,0.9804089069366455,0.119376540184021,-0.018648046653834172,0.0001,0.042413052,6120
430,614,42.583013369999996,383.78,1257472,2923,0.4979690809152089,0.041438449174165726,0.294140625,0.2,1.416593274474144,0.9641740918159485,0.11867977678775787,-0.01691986221994739,0.0001,0.03725314,6130
430,615,42.79967896000001,384.89,1259520,2928,0.18242205728311092,0.029109690338373184,0.294775390625,0.2,1.433552822098136,0.9781802892684937,0.11747996509075165,-0.016631784492346924,0.0001,0.053798378,6140
430,616,42.714645899999994,384.32,1261568,2932,0.137184849625919,0.10283347964286804,0.311376953125,0.2,1.449831933900714,0.9837774038314819,0.11694695055484772,-0.017526862797240028,0.0001,0.058065113,6150
430,617,42.4676838,383.05,1263616,2937,0.5351617775624617,0.10321953892707825,0.329248046875,0.2,1.4586673215031625,0.9599729180335999,0.11639729142189026,-0.02470265069277957,0.0001,0.05805277,6160
430,618,42.536994220000004,383.37,1265664,2941,0.18335470887832345,-0.0246332548558712,0.296630859375,0.2,1.4636899668723344,0.9781744480133057,0.1161312460899353,-0.02174026509746909,0.0001,0.05032155,6170
430,619,42.30633578,382.04,1267712,2945,0.17810869709355756,0.09636622667312622,0.308447265625,0.2,1.4697491895407437,0.9838652610778809,0.11592511087656021,-0.016422113396401983,0.0001,0.052071612,6180
430,620,42.60246852,386.28,1269760,2950,0.493899907451123,0.07218791544437408,0.283251953125,0.2,1.4733950689435005,0.952843427658081,0.11575333774089813,-0.02218106536020059,0.0001,0.04230777,6190
430,621,42.590941920000006,386.15,1271808,2954,0.3623835074249655,0.034725069999694824,0.318701171875,0.2,1.477499196305871,0.9703145027160645,0.11526210606098175,-0.029831743046088377,0.0001,0.07995775,6200
430,622,42.3969754,377.12,1273856,2959,0.20801359111792408,0.04100066050887108,0.300341796875,0.2,1.4861467055976392,0.9788353443145752,0.11484485864639282,-0.01843925967987161,0.0001,0.059926044,6210
430,623,42.270916559999996,376.38,1275904,2963,0.5566093824221753,0.3525931239128113,0.32421875,0.2,1.4888455908745528,0.9567075967788696,0.11489985883235931,-0.01998144021927146,0.0001,0.05381141,6220
430,624,42.1587178,375.84,1277952,2967,0.2963781208381988,0.08274664729833603,0.278125,0.2,1.4906312961131334,0.9683396816253662,0.11468525230884552,-0.015282061921607238,0.0001,0.05725629,6230
430,625,42.28260074,376.31,1280000,2972,0.5344041881617159,0.20627379417419434,0.311376953125,0.2,1.4953368686139583,0.9355636239051819,0.11429962515830994,-0.017625845830480102,0.0001,0.041758027,6240
430,626,42.42422202999999,377.28,1282048,2976,0.458305909158662,0.18428443372249603,0.310205078125,0.2,1.5012156199663877,0.9620534777641296,0.11396031081676483,-0.024090804145816946,0.0001,0.051715605,6250
430,627,41.97586123,374.81,1284096,2980,0.3228661214932799,0.14884255826473236,0.307177734375,0.2,1.5100528560578823,0.963024914264679,0.11340359598398209,-0.016165190775427617,0.0001,0.047615185,6260
430,628,42.00315815000001,375.2,1286144,2985,0.4382902701967396,0.15036150813102722,0.281396484375,0.2,1.5193923436105252,0.952640950679779,0.11282778531312943,-0.018735360458958895,0.0001,0.045590684,6270
430,629,42.391083949999995,377.17,1288192,2989,0.252738684322685,0.13985368609428406,0.31142578125,0.2,1.5306685585528612,0.9726948142051697,0.11214001476764679,-0.02632333660585573,0.0001,0.07087033,6280
430,630,42.40389536000001,377.51,1290240,2994,0.47115101625677197,0.26996544003486633,0.338623046875,0.2,1.5410906799137591,0.9379810094833374,0.11183515191078186,-0.012529059165535728,0.0001,0.04863449,6290
430,631,42.39980385999999,377.36,1292288,2999,0.2396703478647396,-0.018583357334136963,0.315673828125,0.2,1.5473470341414213,0.9822483658790588,0.11123731732368469,-0.02337690915010171,0.0001,0.05542603,6300
430,632,42.585646510000004,380.92,1294336,3004,0.17925803488178643,0.06950807571411133,0.288671875,0.2,1.5526564542204142,0.9813506603240967,0.11142276972532272,-0.013447225146228448,0.0001,0.055129096,6310
430,633,42.57925471000001,380.76,1296384,3009,0.2398747764993459,0.03408605605363846,0.3306640625,0.2,1.5553747851401567,0.9862602949142456,0.11077465862035751,-0.026110122082172893,0.0001,0.06373206,6320
430,634,42.5313726,380.66,1298432,3014,0.1619955450121779,0.01390865072607994,0.294921875,0.2,1.5731221944093705,0.9850851893424988,0.10962285101413727,-0.018443022582505363,0.0001,0.043443702,6330
430,635,42.74728055000001,381.8,1300480,3019,0.23343886751681567,0.028487928211688995,0.291259765625,0.2,1.5879209343343974,0.9785645008087158,0.10897916555404663,-0.012449142671539449,0.0001,0.04780435,6340
430,636,42.94288194000001,385.26,1302528,3025,0.12601023070747033,0.05891241133213043,0.303271484375,0.2,1.5965614438056945,0.9902408719062805,0.10875062644481659,-0.010747989821538795,0.0001,0.054356337,6350
430,637,42.801905899999994,384.5,1304576,3030,0.2396110403817147,0.00354723259806633,0.32509765625,0.2,1.601933926716447,0.9784956574440002,0.10838785767555237,-0.020343403240985936,0.0001,0.06541163,6360
430,638,43.16699745,388.29,1306624,3034,0.676851314585656,0.04625571891665459,0.3203125,0.2,1.6099554046988487,0.9643335938453674,0.10766804218292236,-0.028021146096580195,0.0001,0.06817964,6370
430,639,43.07101346,385.11,1308672,3039,0.11193988416926004,-0.024679915979504585,0.29921875,0.2,1.6230101343244314,0.9837766289710999,0.10702842473983765,-0.027769725579128136,0.0001,0.06531468,6380
430,640,43.13122569,385.42,1310720,3043,0.18855292348889635,0.016002897173166275,0.302685546875,0.2,1.6343171875923872,0.9752672910690308,0.10653176158666611,-0.02173557631467702,0.0001,0.050395478,6390
430,641,43.22465318,385.77,1312768,3047,0.10392760377144442,0.06852526217699051,0.30908203125,0.2,1.639126007258892,0.9875590801239014,0.10649880766868591,-0.01524044515026617,0.0001,0.04763673,6400
430,642,43.29071384000001,385.94,1314816,3051,0.22743773146066815,0.1384068727493286,0.310302734375,0.2,1.6470082983374597,0.9764742851257324,0.10572545975446701,-0.022559605430433293,0.0001,0.05906799,6410
429,643,43.431073959999985,386.52,1316864,3069,0.10453088649665006,-0.007273601368069649,0.29365234375,0.2,1.6533620283007622,0.9894879460334778,0.10596287250518799,-0.01554972435696982,0.0001,0.041582294,6420
429,644,43.46372039,389.15,1318912,3074,0.44425173962954434,0.014020897448062897,0.33310546875,0.2,1.6507348995655775,0.966084897518158,0.1058845967054367,-0.022839821454545016,0.0001,0.06331256,6430
429,645,43.55146989,389.34,1320960,3078,0.1453796988062095,-0.009216375648975372,0.329150390625,0.2,1.6563870519399644,0.9854918122291565,0.10535070300102234,-0.02329027195373783,0.0001,0.06747642,6440
429,646,43.79492986,390.65,1323008,3083,0.3049975343164988,0.14215388894081116,0.330322265625,0.2,1.6654140178114176,0.9718323945999146,0.10494791716337204,-0.01953413806622848,0.0001,0.050008312,6450
429,647,43.99656705,391.4,1325056,3088,0.2873138377559371,0.013145636767148972,0.344384765625,0.2,1.6670985899865627,0.9699407815933228,0.10522693395614624,-0.015214718667266425,0.0001,0.060458194,6460
429,648,43.97319425999999,391.31,1327104,3092,0.12506980157922953,0.006682883948087692,0.32158203125,0.2,1.665789309516549,0.9851705431938171,0.10516507923603058,-0.014254569189506582,0.0001,0.055146504,6470
429,649,44.04593575,391.37,1329152,3097,0.11133975157281384,0.012658800929784775,0.291357421875,0.2,1.6674802917987108,0.9895537495613098,0.1049012541770935,-0.020759353600806208,0.0001,0.043683127,6480
429,650,43.99274862,391.05,1331200,3101,0.05541860858502332,-0.011256717145442963,0.337890625,0.2,1.6769915424287318,0.9947407841682434,0.10422869026660919,-0.014631088274836657,0.0001,0.04739132,6490
429,651,43.99678443999999,388.44,1333248,3105,0.13522270405082965,0.043849531561136246,0.293701171875,0.2,1.6858514621853828,0.9891913533210754,0.10403215140104294,-0.014825614801520715,0.0001,0.037202615,6500
429,652,43.87249788,387.92,1335296,3110,0.1435783209395595,0.01462254486978054,0.311474609375,0.2,1.6889310840517282,0.9808238744735718,0.10390836000442505,-0.017833406585850753,0.0001,0.050761804,6510
429,653,43.90826191999999,387.96,1337344,3115,0.2039729821612127,0.010690294206142426,0.3220703125,0.2,1.6890100914984942,0.9822458624839783,0.10384945571422577,-0.0195422961274744,0.0001,0.07383507,6520
429,654,43.89970025,387.97,1339392,3119,0.1469732242927421,0.024348126724362373,0.359326171875,0.2,1.691172931343317,0.9882898926734924,0.10390278697013855,-0.01140171421429841,0.0001,0.056127444,6530
429,655,43.77032811,384.67,1341440,3124,0.1272039494884666,0.02089656889438629,0.34638671875,0.2,1.6924608517438173,0.9846049547195435,0.10362304747104645,-0.018408270267536865,0.0001,0.063552976,6540
429,656,43.95076294,383.96,1343488,3128,0.09283556606387719,0.045983146876096725,0.344140625,0.2,1.6976585052907467,0.9935296773910522,0.10335312783718109,-0.021856758171634284,0.0001,0.05779193,6550
429,657,43.988920850000014,384.1,1345536,3132,0.0997226349398261,-0.00939314067363739,0.319189453125,0.2,1.7073065508157015,0.9905086159706116,0.10264551639556885,-0.02328095725097228,0.0001,0.0605342,6560
429,658,43.860094600000004,383.33,1347584,3137,0.03768885211029556,-0.0003802059218287468,0.321044921875,0.2,1.7196995083242654,0.995658814907074,0.10204973071813583,-0.019465359665628058,0.0001,0.04603695,6570
429,659,43.738508569999986,382.62,1349632,3141,0.1204341237200424,0.012406738474965096,0.31669921875,0.2,1.726735707744956,0.9854426980018616,0.10196569561958313,-0.015284483748109779,0.0001,0.05901298,6580
429,660,43.93272989,383.56,1351680,3145,0.12852769314777107,0.04907439276576042,0.33662109375,0.2,1.72585827447474,0.9882152080535889,0.10214242339134216,-0.028686023849877527,0.0001,0.062059462,6590
429,661,43.94878243,383.72,1353728,3149,0.18444341521826574,-0.01924542710185051,0.336669921875,0.2,1.728630532324314,0.9824455976486206,0.10174626111984253,-0.02137435092663509,0.0001,0.07646066,6600
429,662,44.159153180000004,382.27,1355776,3154,0.10974632202996873,-0.008029680699110031,0.3224609375,0.2,1.7377816684544087,0.986120879650116,0.10115501284599304,-0.017198548242595278,0.0001,0.058957037,6610
429,663,44.18041324,382.47,1357824,3158,0.04970776893896982,-0.01763405278325081,0.328662109375,0.2,1.7485788840800525,0.9932181239128113,0.10054861009120941,-0.02147511095390655,0.0001,0.10395466,6620
429,664,44.407970660000004,383.43,1359872,3163,0.06821503882238175,-0.02179713360965252,0.347412109375,0.2,1.759530108422041,0.9930441379547119,0.10002413392066956,-0.01837479890018585,0.0001,0.06179875,6630
429,665,44.35928981,383.08,1361920,3167,0.06668841231730767,-0.0065475935116410255,0.321484375,0.2,1.7712831888347864,0.9944090843200684,0.0994570255279541,-0.01775167209270876,0.0001,0.044562638,6640
429,666,44.30423207999999,385.07,1363968,3172,0.09633244718716014,-0.002196814864873886,0.344189453125,0.2,1.7816907234489918,0.9890973567962646,0.09906031936407089,-0.02011981354880845,0.0001,0.06051043,6650
430,667,44.32216052999999,385.17,1366016,3176,0.145864361373242,0.004911523312330246,0.34638671875,0.2,1.7897775121033193,0.9912391901016235,0.0985930785536766,-0.029421783709403827,0.0001,0.072528586,6660
430,668,44.05236042000001,383.93,1368064,3181,0.06965302090975456,0.026313189417123795,0.348583984375,0.2,1.7969781633466482,0.9933991432189941,0.09834301471710205,-0.017889151806593874,0.0001,0.062642656,6670
430,669,44.13246733,384.42,1370112,3185,0.20134796429192647,0.0007211565971374512,0.3630859375,0.2,1.7984095457941294,0.9817429184913635,0.09838992357254028,-0.024268976778694197,0.0001,0.09618981,6680
430,670,44.099143729999994,384.12,1372160,3189,0.12355302251526154,0.010309692472219467,0.325341796875,0.2,1.7963123954832554,0.9915751218795776,0.09852296113967896,-0.015970627406204585,0.0001,0.054411065,6690
430,671,44.24890741,384.75,1374208,3194,0.12034808012540452,0.0461268350481987,0.328369140625,0.2,1.798130002990365,0.9904882907867432,0.09826427698135376,-0.014124795020325109,0.0001,0.06505813,6700
430,672,44.17859864000001,384.27,1376256,3198,0.08177263396210037,-0.012264097109436989,0.347412109375,0.2,1.8115050669759512,0.9883682131767273,0.0972319096326828,-0.017001368419732897,0.0001,0.07376698,6710
430,673,44.27891878999999,384.83,1378304,3203,0.12497316825320012,-0.01493041217327118,0.312353515625,0.2,1.8329946838319302,0.9864435195922852,0.09622760117053986,-0.022609492340416183,0.0001,0.059339263,6720
430,674,44.31539989,389.34,1380352,3207,0.043742196867242455,-0.030642639845609665,0.361669921875,0.2,1.8497945226728916,0.9901459813117981,0.0955706238746643,-0.013758492220949848,0.0001,0.057667352,6730
430,675,44.406393660000006,389.81,1382400,3212,0.23183632157742978,0.08155796676874161,0.341357421875,0.2,1.859979474544525,0.9864668250083923,0.09507453441619873,-0.031019926343287808,0.0001,0.09213766,6740
430,676,44.37438038000001,389.59,1384448,3216,0.1507431791163981,0.02566387876868248,0.312109375,0.2,1.8713890627026557,0.9866532683372498,0.09467139840126038,-0.015314579294499708,0.0001,0.06775226,6750
430,677,44.56116924,390.88,1386496,3221,0.23263825693284162,0.0014960020780563354,0.329150390625,0.2,1.8762707345187664,0.9811713695526123,0.09457548707723618,-0.022858753825130407,0.0001,0.07385847,6760
430,678,44.545048560000005,390.98,1388544,3225,0.1524722161149839,0.018551044166088104,0.326708984375,0.2,1.8851263199001551,0.9879396557807922,0.09382310509681702,-0.025150157150346786,0.0001,0.07052821,6770
430,679,44.659262899999995,391.39,1390592,3230,0.14307029661140405,0.048311781138181686,0.3408203125,0.2,1.8935291726142167,0.9842789173126221,0.09372864663600922,-0.023772184724657565,0.0001,0.062031485,6780
430,680,44.6701253,391.44,1392640,3234,0.11929497512755916,-0.014054309576749802,0.31494140625,0.2,1.9012594144791364,0.9811744689941406,0.0931953489780426,-0.016323127454234053,0.0001,0.061278865,6790
430,681,44.62086937,392.9,1394688,3239,0.09828462082659825,0.011805888265371323,0.337158203125,0.2,1.909490492939949,0.9907199144363403,0.09290111064910889,-0.015169937266182387,0.0001,0.088393226,6800
430,682,44.48488158,392.06,1396736,3244,0.3088586368598044,0.015560511499643326,0.339990234375,0.2,1.9172363582998515,0.9792186617851257,0.0925503522157669,-0.020031839606235734,0.0001,0.07788695,6810
430,683,44.50172189,392.21,1398784,3248,0.2701638426748104,0.02247340977191925,0.333935546875,0.2,1.9208632178604603,0.9754267334938049,0.09260202199220657,-0.012108753534266724,0.0001,0.048707683,6820
430,684,44.73523757,393.48,1400832,3253,0.08150008843513205,0.0017707925289869308,0.368310546875,0.2,1.9231586918234824,0.9877598881721497,0.0922832041978836,-0.018515934797324007,0.0001,0.06668367,6830
430,685,44.75614957,393.47,1402880,3258,0.294914207898546,-0.007586020976305008,0.36220703125,0.2,1.9371454253792764,0.977475643157959,0.09133658558130264,-0.018534972476481927,0.0001,0.06406,6840
430,686,44.7326257,393.49,1404928,3262,0.12758555067121052,-0.010976750403642654,0.354638671875,0.2,1.9545708153396846,0.9923033118247986,0.09064534306526184,-0.02562804737826809,0.0001,0.081482664,6850
430,687,44.89056017,394.28,1406976,3267,0.10477124603348784,-0.010448917746543884,0.32666015625,0.2,1.9592477951198817,0.9913972020149231,0.09080030024051666,-0.019074752666347193,0.0001,0.064530104,6860
430,688,44.95437991,394.36,1409024,3271,0.11015619167883414,-0.009285103529691696,0.3560546875,0.2,1.9600559521466494,0.9912758469581604,0.09077702462673187,-0.015372413826116826,0.0001,0.07297822,6870
430,689,44.952544929999995,394.4,1411072,3276,0.07773695742362179,0.007164806127548218,0.343994140625,0.2,1.9671484693884849,0.9916390180587769,0.09014471620321274,-0.014054991300508846,0.0001,0.05648773,6880
430,690,44.96537139000001,394.42,1413120,3280,0.11437045613129157,0.06742998957633972,0.337646484375,0.2,1.973020089045167,0.9891788363456726,0.09033502638339996,-0.022087154944892974,0.0001,0.08880937,6890
430,691,44.980109249999984,394.42,1415168,3285,0.14474680525017902,0.07137501239776611,0.3345703125,0.2,1.9677768107503653,0.9868288636207581,0.0905289500951767,-0.018661812657956033,0.0001,0.065639906,6900
430,692,44.95154225,394.27,1417216,3289,0.04753553265472874,0.006903199478983879,0.370458984375,0.2,1.9671480856835841,0.9952618479728699,0.09031922370195389,-0.014284505172690842,0.0001,0.0831071,6910
430,693,44.92998487,389.86,1419264,3294,0.0674925801489735,-0.0197598896920681,0.326513671875,0.2,1.9663135573267936,0.99299156665802,0.09053422510623932,-0.018876269777683773,0.0001,0.074472025,6920
430,694,44.892378689999994,389.38,1421312,3298,0.032836498288088475,0.010073216632008553,0.335693359375,0.2,1.96617022305727,0.9972378015518188,0.09033967554569244,-0.019388163151961634,0.0001,0.056728996,6930
430,695,44.957697259999996,389.8,1423360,3302,0.06527092021424323,0.0182914137840271,0.346923828125,0.2,1.975468774139881,0.9919387698173523,0.08978961408138275,-0.013301913122995756,0.0001,0.06658907,6940
430,696,44.865289129999994,389.14,1425408,3307,0.10568298423895613,-0.04323156177997589,0.36513671875,0.2,1.9873976904898882,0.9885433316230774,0.08943010866641998,-0.020281840513052884,0.0001,0.06464138,6950
431,697,44.89617582999999,389.27,1427456,3311,0.08543996127555147,0.07797400653362274,0.3494140625,0.2,1.9923704974353313,0.9902968406677246,0.08922360837459564,-0.013802523937192746,0.0001,0.07102478,6960
431,698,44.85286546,389.52,1429504,3316,0.06856664957595057,-0.001533959060907364,0.325732421875,0.2,1.9998835939913988,0.9919821619987488,0.08882197737693787,-0.013087704341160133,0.0001,0.07169276,6970
431,699,44.867273559999994,389.61,1431552,3320,0.12285647599492222,-0.003915483132004738,0.329150390625,0.2,2.0095388434827326,0.9848299026489258,0.08833753317594528,-0.018712274466088273,0.0001,0.0774955,6980
431,700,44.86665825,387.86,1433600,3325,0.05656171112350421,0.0028395876288414,0.372021484375,0.2,2.016846679151058,0.9940231442451477,0.08804813027381897,-0.0208181626861915,0.0001,0.08301966,6990
431,701,44.955929559999994,388.48,1435648,3329,0.04457048104377463,-0.03053426928818226,0.350048828125,0.2,2.0330958791077136,0.9953330159187317,0.0868804082274437,-0.021096945201134077,0.0001,0.05613958,7000
431,702,44.88848343999999,388.0,1437696,3334,0.08644348014204298,0.03002752922475338,0.366357421875,0.2,2.0478753469884396,0.9926419258117676,0.08682718873023987,-0.010072469637088943,0.0001,0.08506651,7010
431,703,44.83569232,387.66,1439744,3338,0.032579579720913895,-0.020557669922709465,0.35888671875,0.2,2.04933183118701,0.995635449886322,0.08678260445594788,-0.015007678900656175,0.0001,0.06636757,7020
431,704,44.79977830000001,385.35,1441792,3342,0.03661194134183461,-0.03799871355295181,0.380322265625,0.2,2.0587270386517047,0.9946683645248413,0.08606239408254623,-0.010661163643817417,0.0001,0.061513446,7030
431,705,44.85368272000001,385.55,1443840,3347,0.03937887784268242,-0.02616492100059986,0.339013671875,0.2,2.0739281117916106,0.9949800372123718,0.08530068397521973,-0.02204508180875564,0.0001,0.08178128,7040
431,706,44.79350516999999,386.32,1445888,3351,0.029912765121844133,-0.032464928925037384,0.327978515625,0.2,2.089498247206211,0.9973307251930237,0.08484011888504028,-0.024544688288733595,0.0001,0.07511797,7050
431,707,44.797704569999986,386.67,1447936,3356,0.0742549435221008,0.01465730182826519,0.361669921875,0.2,2.098545140028,0.9950186014175415,0.08455301821231842,-0.024085893117444357,0.0001,0.097625434,7060
431,708,44.90653718000001,387.2,1449984,3361,0.037260315443563743,-0.03637010604143143,0.34697265625,0.2,2.102170744538307,0.9963847398757935,0.0844261422753334,-0.019504112788490603,0.0001,0.07625343,7070
431,709,44.89542625,387.11,1452032,3365,0.044688627184950744,-0.03395787999033928,0.354296875,0.2,2.104005470126867,0.9945057034492493,0.08446770906448364,-0.015440091797790956,0.0001,0.06743385,7080
431,710,44.91506922000001,387.4,1454080,3369,0.045648533800704175,-0.03746709227561951,0.37822265625,0.2,2.101271685957909,0.9942665696144104,0.08469583094120026,-0.013647316882270388,0.0001,0.066744804,7090
431,711,45.01566053,387.89,1456128,3374,0.0262365303671686,-0.04656698927283287,0.34521484375,0.2,2.1067238062620164,0.9967371821403503,0.0840843990445137,-0.01307622342283139,0.0001,0.066553,7100
431,712,45.04875276,388.14,1458176,3378,0.046699207173514876,-0.018919765949249268,0.3419921875,0.2,2.1212507858872414,0.9943063259124756,0.08334468305110931,-0.015719534366508015,0.0001,0.06982569,7110
431,713,45.019372909999994,388.02,1460224,3383,0.058717490323761015,-0.03093150444328785,0.349365234375,0.2,2.136346996575594,0.9934310913085938,0.08287020027637482,-0.02240666295256233,0.0001,0.0701731,7120
431,714,45.03479470000001,388.24,1462272,3387,0.04048046278476249,-0.05566142126917839,0.37255859375,0.2,2.1419008135795594,0.9955289363861084,0.08285577595233917,-0.020687124076721373,0.0001,0.061904028,7130
431,715,45.032184820000005,388.28,1464320,3392,0.04640272958495188,-0.018075130879878998,0.3783203125,0.2,2.145931397378445,0.9936293959617615,0.08256402611732483,-0.02193001851264853,0.0001,0.08785424,7140
431,716,45.11278509000001,388.68,1466368,3396,0.05823912614432629,-0.01570570282638073,0.359130859375,0.2,2.1514753967523577,0.9934113621711731,0.08240949362516403,-0.020040322837303393,0.0001,0.07813097,7150
431,717,45.168539870000004,391.0,1468416,3401,0.03572773541818606,-0.018297851085662842,0.33603515625,0.2,2.1562993481755255,0.9957417249679565,0.0822458416223526,-0.012287130595359486,0.0001,0.06718658,7160
431,718,45.24415757999999,391.47,1470464,3405,0.10702040976320859,-0.0250701867043972,0.38076171875,0.2,2.1614193826913835,0.9929561614990234,0.08184744417667389,-0.02164197563397465,0.0001,0.08766124,7170
431,719,45.23259818,391.57,1472512,3410,0.0906582623894792,-0.0037649087607860565,0.393701171875,0.2,2.17142618149519,0.9909930229187012,0.0814366340637207,-0.02172656366310548,0.0001,0.07585245,7180
431,720,45.35491525,392.26,1474560,3414,0.04541306344908662,-0.0459195077419281,0.359033203125,0.2,2.174714668095112,0.9937395453453064,0.08166971802711487,-0.021003869650303385,0.0001,0.07104406,7190
431,721,45.33680939,392.33,1476608,3419,0.032831099940085554,-0.02740844525396824,0.3470703125,0.2,2.173345082253218,0.9959610104560852,0.08161096274852753,-0.01837413338798797,0.0001,0.07352091,7200
431,722,45.279290620000005,392.02,1478656,3424,0.12206047372601461,0.032793521881103516,0.356787109375,0.2,2.1773422844707966,0.9873723387718201,0.08121092617511749,-0.018167881025146927,0.0001,0.06658217,7210
431,723,45.24925881000001,392.02,1480704,3428,0.20056265605380758,0.05424023047089577,0.378857421875,0.2,2.1833834029734134,0.9848315119743347,0.08119862526655197,-0.014944577372807544,0.0001,0.06540974,7220
431,724,45.311813949999994,392.46,1482752,3432,0.10499059338471853,0.07993195950984955,0.392578125,0.2,2.189876205474138,0.9869377017021179,0.08065059036016464,-0.014600563955900725,0.0001,0.1102995,7230
431,725,45.34229708000001,391.61,1484800,3437,0.1416164803202264,-0.011027030646800995,0.3599609375,0.2,2.198115798085928,0.9884153604507446,0.08057329803705215,-0.012225670885527506,0.0001,0.07516888,7240
431,726,45.3483687,391.56,1486848,3441,0.08848146100062877,-0.022865010425448418,0.40615234375,0.2,2.2008815102279184,0.9916483163833618,0.08045673370361328,-0.01423841865034774,0.0001,0.10260531,7250
432,727,45.36783716,391.71,1488896,3446,0.044960245347465386,-0.028227394446730614,0.36318359375,0.2,2.2043560914695264,0.992372989654541,0.080183245241642,-0.013446778649813496,0.0001,0.0909463,7260
432,728,45.35849851,395.38,1490944,3450,0.04868039695720654,-0.025096744298934937,0.340771484375,0.2,2.2120024524629116,0.9963709115982056,0.07992377877235413,-0.020339788279670756,0.0001,0.067894384,7270
432,729,45.262925120000006,396.98,1492992,3454,0.34501304605510086,0.0003199167549610138,0.45263671875,0.2,2.2230454474687575,0.9699913859367371,0.07927022874355316,-0.028112624061759562,0.0001,0.14870764,7280
432,730,45.363162749999994,399.95,1495040,3459,0.16209187512868084,0.00206560455262661,0.37685546875,0.2,2.2347872592508793,0.9881145358085632,0.07909908145666122,-0.018758515489753335,0.0001,0.080425635,7290
432,731,45.379165199999996,400.09,1497088,3463,0.12012296756147407,-0.018357183784246445,0.374658203125,0.2,2.237367759644985,0.993705153465271,0.07904300838708878,-0.02764522284924169,0.0001,0.08412347,7300
432,732,45.246248210000005,399.47,1499136,3467,0.11908805630519055,0.0025206543505191803,0.407177734375,0.2,2.2458941265940666,0.9853701591491699,0.07843518257141113,-0.018136069837782997,0.0001,0.09248318,7310
432,733,45.25240105000001,400.88,1501184,3472,0.09207878065062687,0.0004816204309463501,0.355029296875,0.2,2.254721864312887,0.9901294112205505,0.07817989587783813,-0.021808914639404976,0.0001,0.078707,7320
432,734,45.105419220000016,400.13,1503232,3476,0.20735958999721332,0.18412268161773682,0.3873046875,0.2,2.262528878450394,0.9848480820655823,0.07796083390712738,-0.023071657998661975,0.0001,0.06885043,7330
432,735,45.09344545999999,400.1,1505280,3481,0.13141156845958904,-0.02581178955733776,0.373828125,0.2,2.2668668858706953,0.9882454872131348,0.07786451280117035,-0.014313972391391871,0.0001,0.07369712,7340
432,736,44.979677339999995,399.6,1507328,3486,0.05785407164366916,-0.015426266938447952,0.355810546875,0.2,2.2735149383544924,0.9929177165031433,0.07749544084072113,-0.016054560453630982,0.0001,0.06954834,7350
432,737,44.88447588,397.01,1509376,3490,0.08910059898043983,-0.012999355792999268,0.37890625,0.2,2.278682182729244,0.9909260272979736,0.07748562097549438,-0.015123704662255478,0.0001,0.08537895,7360
432,738,44.91792174000001,400.85,1511424,3494,0.10268382221111097,-0.03049907274544239,0.342041015625,0.2,2.2859269000589846,0.9905815720558167,0.07685606181621552,-0.020713665793300605,0.0001,0.0742304,7370
432,739,44.7351153,399.97,1513472,3498,0.11948183609638363,-0.02327691577374935,0.39033203125,0.2,2.2979465194046496,0.9932915568351746,0.07652473449707031,-0.03053483602416236,0.0001,0.09617968,7380
432,740,44.636782139999994,399.43,1515520,3502,0.3236665224772878,0.5079616904258728,0.42529296875,0.2,2.3018766805529594,0.9745609760284424,0.07648181915283203,-0.008395019591262098,0.0001,0.08243747,7390
432,741,44.64838824999999,399.53,1517568,3507,0.060247095598606394,-0.03134271129965782,0.37177734375,0.2,2.308051500469446,0.9856083989143372,0.07605548202991486,-0.010443839669460431,0.0001,0.08433833,7400
432,742,44.75777959000001,402.07,1519616,3511,0.06745609199278987,0.02154352143406868,0.35888671875,0.2,2.3181801334023477,0.9926989674568176,0.0758017748594284,-0.014108624059008434,0.0001,0.06944981,7410
432,743,44.85275612,402.67,1521664,3515,0.12124112665187567,0.03773058205842972,0.406396484375,0.2,2.328808427602053,0.9901575446128845,0.07521163672208786,-0.026030648674350232,0.0001,0.12091347,7420
432,744,44.865729840000014,405.06,1523712,3519,0.08294220988173037,-0.02871399000287056,0.341162109375,0.2,2.340086781978607,0.9923816919326782,0.07501313090324402,-0.017533638446911935,0.0001,0.07500167,7430
433,745,44.9215698,407.79,1525760,3523,0.12858197284513154,0.025838298723101616,0.394091796875,0.2,2.351934441924095,0.9928697943687439,0.07426033914089203,-0.025137297638866584,0.0001,0.10755643,7440
433,746,44.92992410000001,409.08,1527808,3527,0.15835734516149386,0.023569177836179733,0.3759765625,0.2,2.374310566484928,0.9921772480010986,0.07343772053718567,-0.02611694509687368,0.0001,0.080708094,7450
433,747,44.98854714,414.07,1529856,3531,0.1302124470996205,0.008733166381716728,0.385107421875,0.2,2.395045433193445,0.9912044405937195,0.07267939299345016,-0.031686455363524144,0.0001,0.09422412,7460
433,748,45.058537850000015,411.18,1531904,3535,0.18070815927349032,0.029634572565555573,0.392626953125,0.2,2.4067198775708674,0.9920425415039062,0.072501540184021,-0.03362581629480701,0.0001,0.11127444,7470
433,749,45.141671360000004,411.42,1533952,3539,0.11431866912171244,0.019023161381483078,0.376220703125,0.2,2.4099231816828253,0.9903122186660767,0.07265067845582962,-0.01645581934863003,0.0001,0.09330361,7480
433,750,45.06082652,408.59,1536000,3543,0.08173919957771432,-0.02163071557879448,0.369970703125,0.2,2.4138353519141673,0.9947211742401123,0.07209894061088562,-0.017437646892358317,0.0001,0.07679194,7490
433,751,45.003709259999994,410.96,1538048,3547,0.11297186705633067,0.02778008207678795,0.39970703125,0.2,2.421617126464844,0.9893959760665894,0.07219354808330536,-0.01808154727332294,0.0001,0.1185419,7500
433,752,45.07659112000001,411.78,1540096,3551,0.08275840821734164,0.011569532565772533,0.37783203125,0.2,2.418875489383936,0.9933092594146729,0.07225549221038818,-0.021363187177485088,0.0001,0.09991261,7510
433,753,45.07619642,410.56,1542144,3555,0.13865735894651152,0.032061830163002014,0.388671875,0.2,2.422731661051512,0.9880082607269287,0.07197269797325134,-0.019909496507898437,0.0001,0.08453645,7520
433,754,45.16365398000001,410.85,1544192,3559,0.1028753938007867,-0.023796692490577698,0.37109375,0.2,2.4307148799300196,0.9877806901931763,0.07151743769645691,-0.021074132987268967,0.0001,0.09803483,7530
433,755,45.437210830000005,415.03,1546240,3563,0.05824285637936555,-0.036660730838775635,0.389794921875,0.2,2.442552091181278,0.993649423122406,0.07125969231128693,-0.012929388084739913,0.0001,0.09139769,7540
434,756,45.51928574000001,415.44,1548288,3567,0.20626783529296516,0.05065067484974861,0.39541015625,0.2,2.4523020073771478,0.9812811017036438,0.07087527215480804,-0.014930959117191379,0.0001,0.09282108,7550
434,757,45.55394313,417.1,1550336,3571,0.060805389689630826,-0.022892683744430542,0.38916015625,0.2,2.4620730116963387,0.9885143041610718,0.07046160101890564,-0.020759387689759025,0.0001,0.091340095,7560
434,758,45.53487875999999,413.11,1552384,3575,0.13448628936312162,0.024164514616131783,0.392333984375,0.2,2.4753017581999304,0.9918148517608643,0.07002115249633789,-0.02491897296731622,0.0001,0.10543142,7570
434,759,45.58212421,413.35,1554432,3579,0.07224539401358925,0.01430036872625351,0.389501953125,0.2,2.4887203492224215,0.9929670691490173,0.06943121552467346,-0.023651562102895696,0.0001,0.09842239,7580
434,760,45.93155065,415.19,1556480,3583,0.03074979440716561,-0.014326171949505806,0.394970703125,0.2,2.5024864047765734,0.9937703013420105,0.06905627995729446,-0.018398289875767658,0.0001,0.0951864,7590
434,761,45.940875909999995,415.25,1558528,3588,0.04814262571599102,-0.025296462699770927,0.431201171875,0.2,2.511942906677723,0.994428813457489,0.06886298954486847,-0.015663892070006114,0.0001,0.13765992,7600
434,762,45.95223698000001,415.85,1560576,3592,0.11099035624356475,0.049416135996580124,0.386083984375,0.2,2.516416995227337,0.9908047318458557,0.06867942959070206,-0.01435665539756883,0.0001,0.091892414,7610
434,763,45.937325009999995,413.95,1562624,3596,0.06084580117167206,-0.007661113515496254,0.403857421875,0.2,2.520421452820301,0.9957194924354553,0.06863974034786224,-0.020234818570315838,0.0001,0.10338244,7620
434,764,45.92400635999999,411.58,1564672,3600,0.02982909150014166,-0.008069203235208988,0.371826171875,0.2,2.5283808790147306,0.9951770305633545,0.06811146438121796,-0.012430002000473905,0.0001,0.11214872,7630
434,765,45.86448791000001,412.0,1566720,3604,0.053184952928859275,0.04368061199784279,0.415869140625,0.2,2.5433688022196295,0.9948692321777344,0.06766945868730545,-0.012148332491051406,0.0001,0.087536216,7640
434,766,45.85794801,410.72,1568768,3607,0.1074199522321578,-0.009817235171794891,0.41923828125,0.2,2.554982562363148,0.9940785765647888,0.06727944314479828,-0.01888763913884759,0.0001,0.111399025,7650
434,767,45.71169864,405.3,1570816,3611,0.033398094712174496,-0.025905707851052284,0.3787109375,0.2,2.563937821239233,0.9973993897438049,0.0670807957649231,-0.013217840991273988,0.0001,0.085662104,7660
434,768,45.745039930000004,403.55,1572864,3615,0.13632706930511632,-0.02287326194345951,0.374267578125,0.2,2.5741840936243534,0.9794692397117615,0.06654536724090576,-0.02074319265120721,0.0001,0.13281651,7670
435,769,45.72845472,405.98,1574912,3619,0.02812384457065491,0.03976213186979294,0.382958984375,0.2,2.5892557866871355,0.9970553517341614,0.06624903529882431,-0.009343661169987172,0.0001,0.0849334,7680
435,770,45.82218561,403.9,1576960,3623,0.10538677108706906,-0.026695972308516502,0.396728515625,0.2,2.5917214207351207,0.9900723695755005,0.06635531783103943,-0.01418551342212595,0.0001,0.101495296,7690
435,771,45.80030949,403.89,1579008,3627,0.07391875917674043,-0.003862949088215828,0.384326171875,0.2,2.5962707176804543,0.9902947545051575,0.06585428863763809,-0.012751241857768037,0.0001,0.09892463,7700
435,772,45.795684699999995,403.43,1581056,3631,0.07457138404715806,-0.002536224201321602,0.377783203125,0.2,2.6064207173883913,0.9839114546775818,0.0656832829117775,-0.01067062498186715,0.0001,0.11009238,7710
435,773,45.93354251999999,407.49,1583104,3635,0.02280166495474987,-0.039496682584285736,0.410888671875,0.2,2.6150620214641096,0.9971964359283447,0.06539638340473175,-0.013440243614604696,0.0001,0.08665467,7720
435,774,45.81619337000002,407.22,1585152,3639,0.11353477956145071,0.023468177765607834,0.41865234375,0.2,2.6256263136863707,0.9929973483085632,0.06499248743057251,-0.01890458430862054,0.0001,0.11662453,7730
435,775,45.54195711000001,405.51,1587200,3643,0.22434670652146452,-0.02043948695063591,0.377294921875,0.2,2.6317316621541975,0.9766678214073181,0.06490320712327957,-0.01168568446591962,0.0001,0.099113986,7740
435,776,45.53360489000001,405.55,1589248,3647,0.1693790147837717,0.023038547486066818,0.40771484375,0.2,2.6417263887822626,0.986162006855011,0.06438326090574265,-0.024711537492112256,0.0001,0.16745558,7750
435,777,45.636326340000004,404.5,1591296,3652,0.049379387235967444,-0.03157028928399086,0.41796875,0.2,2.6469173572957514,0.9927874803543091,0.06462116539478302,-0.005437971054925583,0.0001,0.07131687,7760
435,778,45.670468279999994,404.69,1593344,3656,0.06467819598328788,-0.04540521278977394,0.413818359375,0.2,2.6511395260691644,0.9937442541122437,0.06411971151828766,-0.013185449069715105,0.0001,0.11619216,7770
435,779,45.63626070999999,404.39,1595392,3660,0.03312538504396798,-0.028990397229790688,0.411669921875,0.2,2.6581643745303154,0.9964640140533447,0.064139723777771,-0.009151854275842197,0.0001,0.09676005,7780
435,780,45.59024599,404.12,1597440,3664,0.02148743924990413,-0.0191140566021204,0.409423828125,0.2,2.656911365687847,0.9978041648864746,0.06412188708782196,-0.013698725852009375,0.0001,0.08252438,7790
435,781,45.660836010000004,406.55,1599488,3668,0.03189966734644258,-0.015205761417746544,0.413232421875,0.2,2.6637093000113965,0.9973657727241516,0.06382356584072113,-0.0069305736818932925,0.0001,0.13170105,7800
436,782,45.599510390000006,405.53,1601536,3672,0.0836253212968586,0.02445916458964348,0.4166015625,0.2,2.6753440007567404,0.9952124357223511,0.06337175518274307,-0.01815031224177801,0.0001,0.13367504,7810
436,783,45.676506980000006,405.9,1603584,3676,0.02457853291707579,-0.0469403974711895,0.39423828125,0.2,2.681921672821045,0.9971528649330139,0.06339279562234879,-0.009532964279787847,0.0001,0.08136,7820
436,784,45.63892017999999,408.41,1605632,3680,0.01778876404860057,-0.01138624083250761,0.386328125,0.2,2.681382770836353,0.9983684420585632,0.06345240026712418,-0.007997541286749765,0.0001,0.0913423,7830
436,785,45.5846644,404.86,1607680,3684,0.10045525824825745,-0.02169989049434662,0.43427734375,0.2,2.683311900496483,0.9951765537261963,0.0632641464471817,-0.0221496224803559,0.0001,0.14129871,7840
436,786,45.75904415000001,405.63,1609728,3688,0.0633392984935199,-0.02162596955895424,0.362353515625,0.2,2.692495945841074,0.9910380840301514,0.06289534270763397,-0.014261096763948444,0.0001,0.09513335,7850
436,787,45.81255814000001,405.88,1611776,3693,0.02162553066300461,0.01482611708343029,0.385888671875,0.2,2.7008711442351343,0.9975461959838867,0.06272220611572266,-0.011847243849479128,0.0001,0.0916753,7860
436,788,45.7979397,405.77,1613824,3697,0.02677984456095146,-0.014326086267828941,0.40732421875,0.2,2.7129496827721598,0.997829020023346,0.062056638300418854,-0.01431013477849774,0.0001,0.3035589,7870
436,789,45.743798989999995,402.9,1615872,3700,0.04404432833107421,0.07170243561267853,0.4130859375,0.2,2.723858670890331,0.9906657934188843,0.06218043342232704,-0.004082223087607417,0.0001,0.11814415,7880
436,790,45.605099,402.16,1617920,3705,0.01630959247413557,0.010920858941972256,0.413330078125,0.2,2.723747440427542,0.998196005821228,0.0620337575674057,-0.008104907495726366,0.0001,0.09900386,7890
436,791,45.60928636,402.05,1619968,3709,0.07598569122783375,-0.01136910542845726,0.386181640625,0.2,2.7297121681272984,0.9874310493469238,0.06172609329223633,-0.016302226956759112,0.0001,0.09969322,7900
436,792,45.62651084,398.93,1622016,3712,0.07599942442320753,0.020197294652462006,0.395361328125,0.2,2.7364895686507227,0.9918628334999084,0.06165962666273117,-0.00838922603870742,0.0001,0.09756647,7910
436,793,45.793470909999996,399.45,1624064,3717,0.07289238716475666,0.020691782236099243,0.435595703125,0.2,2.7426273353397845,0.9897376894950867,0.061358243227005005,-0.007950249745044857,0.0001,0.105746776,7920
437,794,45.74342631,399.22,1626112,3721,0.02600549315829994,-0.014051657170057297,0.4025390625,0.2,2.749610438197851,0.9976367950439453,0.061259686946868896,-0.01282100254393299,0.0001,0.14681819,7930
437,795,45.77563148,396.88,1628160,3725,0.020878666946373414,-0.037904802709817886,0.439306640625,0.2,2.750129608809948,0.9975956678390503,0.06120913848280907,-0.006967804648593301,0.0001,0.12791915,7940
437,796,45.70642401999999,396.62,1630208,3730,0.019103555829497056,-0.012008678168058395,0.42177734375,0.2,2.7500441491603853,0.9982743859291077,0.061314426362514496,-0.00695402156416094,0.0001,0.092784256,7950
437,797,45.76546682,396.93,1632256,3734,0.016194025315780892,-0.030264941975474358,0.422509765625,0.2,2.7514405637979507,0.9983404278755188,0.06115565448999405,-0.011514289429032942,0.0001,0.087270275,7960
437,798,45.791244400000004,397.1,1634304,3739,0.04451657753961626,-0.054771311581134796,0.39990234375,0.2,2.7645036697387697,0.993369460105896,0.06050650030374527,-0.01549918180826353,0.0001,0.10503489,7970
437,799,45.84478241,397.31,1636352,3744,0.03101735906675458,-0.016544464975595474,0.414208984375,0.2,2.7761925920844077,0.9972615242004395,0.060401879251003265,-0.011053614311822457,0.0001,0.1006737,7980
437,800,45.817433460000004,395.21,1638400,3748,0.014456212781806244,0.07387395203113556,0.422705078125,0.2,2.78061528429389,0.9988566040992737,0.06031530350446701,-0.013769747606420423,0.0001,0.1190066,7990
437,801,45.85264584999998,395.48,1640448,3753,0.01996214848186355,0.027860693633556366,0.4232421875,0.2,2.780847029387951,0.9979966878890991,0.06031285598874092,-0.013386736991378712,0.0001,0.09094556,8000
437,802,45.84232142,395.53,1642496,3758,0.03988588857464492,-0.019716620445251465,0.433154296875,0.2,2.7844758935272695,0.9971079230308533,0.060192547738552094,-0.008287245897372486,0.0001,0.15247227,8010
437,803,45.868532640000005,394.03,1644544,3762,0.02938527556252666,0.027729680761694908,0.4533203125,0.2,2.785819247364998,0.9973883032798767,0.060174353420734406,-0.006900016799045261,0.0001,0.13265893,8020
437,804,45.88976769999999,396.54,1646592,3766,0.04758636633923743,0.05976194515824318,0.4330078125,0.2,2.78691229224205,0.9960794448852539,0.06015582010149956,-0.01133550025842851,0.0001,0.12214842,8030
437,805,45.90882066000001,396.82,1648640,3770,0.0793218082835665,-0.015044854953885078,0.420068359375,0.2,2.7932803951203824,0.9951239228248596,0.05975835770368576,-0.021285323820484335,0.0001,0.11595508,8040
437,806,45.89517993,396.83,1650688,3775,0.05817125429020962,0.052485141903162,0.397021484375,0.2,2.80596112459898,0.992688775062561,0.05948276072740555,-0.01116236802408821,0.0001,0.09865745,8050
437,807,45.965736459999995,397.36,1652736,3779,0.051095436415926086,0.007276160642504692,0.403466796875,0.2,2.8150826171040535,0.9950458407402039,0.059146612882614136,-0.014497074412793154,0.0001,0.13617226,8060
437,808,46.00609108,399.46,1654784,3783,0.06451707054075087,0.018253326416015625,0.43154296875,0.2,2.82599658370018,0.9935340881347656,0.058889832347631454,-0.018764015747001393,0.0001,0.14443108,8070
437,809,46.07233769999998,399.82,1656832,3788,0.114274300049874,-0.013954159803688526,0.41005859375,0.2,2.835763417184353,0.9922375679016113,0.058471955358982086,-0.022308740273001604,0.0001,0.13800971,8080
437,810,46.29348773000002,401.3,1658880,3792,0.05722201166063314,-0.012570582330226898,0.43017578125,0.2,2.848356318473816,0.9946293234825134,0.05827955901622772,-0.01582015339517966,0.0001,0.18499096,8090
437,811,46.370451970000005,403.72,1660928,3797,0.09668087129248307,-0.0026009567081928253,0.41572265625,0.2,2.853979466855526,0.9911074042320251,0.058127645403146744,-0.016082218559313334,0.0001,0.21311414,8100
437,812,46.38138781000001,406.44,1662976,3801,0.057194455240096434,-0.046687714755535126,0.435791015625,0.2,2.861709386110306,0.995272159576416,0.05775251239538193,-0.021834015635977266,0.0001,0.14382595,8110
437,813,46.29995851999999,406.17,1665024,3805,0.1032125859434018,0.033228591084480286,0.436474609375,0.2,2.8738598346710207,0.9952520132064819,0.05757148563861847,-0.018699535061023197,0.0001,0.111498356,8120
437,814,46.310143499999995,406.4,1667072,3810,0.056566162458329926,-0.014403359964489937,0.4244140625,0.2,2.8762093454599382,0.9887655377388,0.057595767080783844,0.003761843872780446,0.0001,0.09066874,8130
437,815,46.26068341,406.18,1669120,3815,0.04448252912989119,-0.02747468091547489,0.42607421875,0.2,2.88126458004117,0.994771420955658,0.05729490518569946,-0.014310095478140283,0.0001,0.13834104,8140
437,816,46.40837152,409.24,1671168,3819,0.08161180250463076,-0.01786085031926632,0.3962890625,0.2,2.888160008192062,0.9909960031509399,0.05716492235660553,-0.010748681328550447,0.0001,0.13722733,8150
437,817,46.374581230000004,409.35,1673216,3824,0.18577118929824793,0.0760219544172287,0.463916015625,0.2,2.895131804049015,0.9813305139541626,0.05686553567647934,-0.014139047619391932,0.0001,0.15810388,8160
437,818,46.357842190000014,409.33,1675264,3828,0.08054237344185822,-0.027974877506494522,0.427783203125,0.2,2.9058822982013224,0.9920191168785095,0.05649631842970848,-0.011443325298751006,0.0001,0.12839437,8170
437,819,46.31596675,409.22,1677312,3832,0.0273539097091998,-0.004953647498041391,0.419580078125,0.2,2.9213971711695192,0.99686598777771,0.05602262169122696,-0.016291951423045247,0.0001,0.12239791,8180
437,820,46.40259586,409.9,1679360,3837,0.02988725175964646,-0.019072052091360092,0.426171875,0.2,2.930622029304504,0.9973442554473877,0.055992186069488525,-0.005591000003914814,0.0001,0.09853734,8190
437,821,46.353391249999994,410.07,1681408,3841,0.04323816965479636,-0.017288506031036377,0.41396484375,0.2,2.9343797244131564,0.9953720569610596,0.05575462430715561,-0.012437185960880014,0.0001,0.11654384,8200
437,822,46.35521576000001,409.87,1683456,3846,0.054763151209044736,-0.017359860241413116,0.437646484375,0.2,2.9487667962908746,0.9953662753105164,0.05511873960494995,-0.016448331229912582,0.0001,0.13005438,8210
437,823,46.329106030000005,408.7,1685504,3850,0.041044734098250046,0.0010601449757814407,0.408837890625,0.2,2.962433582544327,0.9951233267784119,0.055153608322143555,-0.010205400989798363,0.0001,0.09422914,8220
437,824,46.31485068,406.29,1687552,3854,0.02304750714029069,-0.031196316704154015,0.43642578125,0.2,2.9647261202335358,0.9974014759063721,0.05490048974752426,-0.0025795372726861387,0.0001,0.14092848,8230
437,825,46.31564199,409.36,1689600,3858,0.031161714608606415,-0.017589017748832703,0.4169921875,0.2,2.9708050422370436,0.9974821209907532,0.05487779900431633,-0.006338495356612839,0.0001,0.112645626,8240
437,826,46.24100905999999,408.81,1691648,3863,0.11330403647734784,-0.025653280317783356,0.446240234375,0.2,2.9756707832217217,0.9932459592819214,0.05456925183534622,-0.01682581751520047,0.0001,0.21483807,8250
437,827,46.13664199,408.25,1693696,3867,0.06275500590563751,0.019023843109607697,0.39775390625,0.2,2.984778198599815,0.9901579022407532,0.054380279034376144,-0.022384611537563614,0.0001,0.11453974,8260
437,828,46.08152197,406.15,1695744,3871,0.02307076248980593,-0.018079455941915512,0.418798828125,0.2,2.9885272763669493,0.9971650838851929,0.054402634501457214,-0.009685430578247178,0.0001,0.10409035,8270
437,829,46.092896409999994,406.17,1697792,3876,0.036161633682786486,-0.0521632581949234,0.437451171875,0.2,2.9882043309509756,0.9962366223335266,0.054433781653642654,-0.0002766439982224256,0.0001,0.12043571,8280
438,830,46.011510239999986,403.65,1699840,3880,0.048670788478921166,0.01456307340413332,0.44619140625,0.2,2.9912387005984784,0.9940096139907837,0.05429887771606445,-0.0047766835719812665,0.0001,0.101993755,8290
438,831,46.015486470000006,406.93,1701888,3885,0.02490128560748417,-0.008365891873836517,0.42890625,0.2,2.998373108357191,0.9968599081039429,0.05392437428236008,0.005313566667609848,0.0001,0.41552654,8300
438,832,46.024001670000004,404.16,1703936,3890,0.1545549014059361,0.04658576473593712,0.428857421875,0.2,3.00867021381855,0.98952317237854,0.053749892860651016,-0.015147772508498747,0.0001,0.1433306,8310
437,833,46.03772627,403.99,1705984,3895,0.03799330918118358,-0.02033064141869545,0.4193359375,0.2,3.0188905343413355,0.9952201843261719,0.05345654860138893,-0.007456416345667094,0.0001,0.12311442,8320
438,834,46.08070229999999,404.19,1708032,3899,0.04028194498459925,-0.0001896405592560768,0.400341796875,0.2,3.028494819253683,0.9933225512504578,0.05321632698178291,-0.010431191706447861,0.0001,0.12528384,8330
438,835,45.99635057000001,401.57,1710080,3903,0.026127760882081928,-0.046997714787721634,0.439501953125,0.2,3.0325407333672048,0.9965502619743347,0.053299680352211,0.003651045244623674,0.0001,0.10448636,8340
438,836,45.96598575,401.15,1712128,3908,0.03362444478407269,-0.02768825739622116,0.456201171875,0.2,3.0334136240184306,0.997316837310791,0.05304136872291565,-0.00248600081395125,0.0001,0.13706732,8350
437,837,45.91696975,400.73,1714176,3914,0.021580919159168842,-0.022163569927215576,0.43271484375,0.2,3.0443715766072272,0.9972606897354126,0.05277927964925766,-0.005511490919161588,0.0001,0.0882718,8360
437,838,45.88724979999999,400.62,1716224,3919,0.013507335018221055,0.04969051852822304,0.4421875,0.2,3.046652342379093,0.9986162781715393,0.052945028990507126,0.005509570472349878,0.0001,0.10967782,8370
437,839,45.84036499999999,400.2,1718272,3924,0.016092873892193892,-0.00862322561442852,0.443701171875,0.2,3.0481983691453935,0.9981217980384827,0.05270136147737503,-0.0006706837251840625,0.0001,0.09114273,8380
437,840,45.88188555,400.47,1720320,3929,0.019416728289797902,-0.04134947806596756,0.450048828125,0.2,3.0590097568929195,0.9972277283668518,0.052312254905700684,-0.0075432004930917175,0.0001,0.14019419,8390
437,841,45.912402809999996,400.22,1722368,3934,0.030733700546988985,-0.011623273603618145,0.4498046875,0.2,3.0798036031425,0.9963254332542419,0.05167892947793007,-0.01597306633775588,0.0001,0.19712546,8400
437,842,45.867937960000006,400.11,1724416,3938,0.035451359899889213,-0.020946547389030457,0.442529296875,0.2,3.0975651644170283,0.9945143461227417,0.05143062770366669,-0.004760484037251445,0.0001,0.10040611,8410
437,843,45.84274467,400.03,1726464,3942,0.023912684273091143,0.033575139939785004,0.44453125,0.2,3.1040686473250387,0.9966523051261902,0.05131453275680542,-0.00154863554489566,0.0001,0.15014215,8420
437,844,45.78447337000001,396.6,1728512,3946,0.020557229743280912,0.049109578132629395,0.475244140625,0.2,3.1069201536476614,0.9979289174079895,0.05125517398118973,-0.006378369103185832,0.0001,0.16132964,8430
438,845,45.68581196000002,396.34,1730560,3950,0.030388476872758474,0.00477462075650692,0.458935546875,0.2,3.109682746976614,0.9963406920433044,0.05111980438232422,-0.005124074502964504,0.0001,0.14622682,8440
438,846,45.7819026,396.87,1732608,3955,0.030311722658370854,-0.027960840612649918,0.436572265625,0.2,3.119048070907593,0.9918849468231201,0.05084595829248428,-0.014143936541222502,0.0001,0.1616658,8450
438,847,45.787702900000006,396.99,1734656,3959,0.018768284675752513,-0.03130258992314339,0.440869140625,0.2,3.1320395179092886,0.997969925403595,0.050471045076847076,-0.005237488992861472,0.0001,0.12875776,8460
438,848,45.75310431999999,397.06,1736704,3963,0.02542818108049687,0.00518557894974947,0.49189453125,0.2,3.1411966405808927,0.9981323480606079,0.05034935474395752,0.0033136256257421336,0.0001,0.08866433,8470
438,849,45.793258800000004,397.49,1738752,3967,0.06301145639736205,-0.006331920623779297,0.430615234375,0.2,3.1464769333600997,0.993649959564209,0.05024997144937515,-0.010324886724265524,0.0001,0.13565116,8480
438,850,45.79920078999999,400.19,1740800,3971,0.02331684316523024,0.0028379643335938454,0.425048828125,0.2,3.1476743265986444,0.9973501563072205,0.050259336829185486,-0.006451952007773798,0.0001,0.10278773,8490
438,851,45.74106425,396.93,1742848,3976,0.09521917969395872,-0.02759111113846302,0.448486328125,0.2,3.158795037120581,0.9941994547843933,0.04967520013451576,-0.024871370641631075,0.0001,0.18684873,8500
438,852,45.720991989999995,399.29,1744896,3980,0.055738641359494065,0.015570173040032387,0.42822265625,0.2,3.1734439834952353,0.9956711530685425,0.049531884491443634,-0.007907450417405926,0.0001,0.1262986,8510
438,853,45.722895879999996,399.43,1746944,3984,0.08724587674078066,-0.006005225703120232,0.474951171875,0.2,3.179709514975548,0.993669867515564,0.04932213947176933,-0.022972130624111742,0.0001,0.1473861,8520
438,854,45.680504660000004,399.14,1748992,3988,0.049522742093540725,-0.04360364377498627,0.427392578125,0.2,3.1870311595499516,0.9932218790054321,0.04926750063896179,-0.008013962299446575,0.0001,0.13169281,8530
438,855,45.680029350000005,399.2,1751040,3993,0.01792804913347936,-0.04835183173418045,0.46103515625,0.2,3.185895800590515,0.9976699948310852,0.04926202818751335,-0.013901864569925237,0.0001,0.16228572,8540
438,856,45.68194126,399.59,1753088,3998,0.023067048950179015,-0.02506408467888832,0.467822265625,0.2,3.182747230678797,0.9982940554618835,0.049523189663887024,-0.005737716658768477,0.0001,0.114664555,8550
438,857,45.69049144,403.01,1755136,4002,0.07703341793530853,-0.01760566048324108,0.4326171875,0.2,3.179297289997339,0.9885513782501221,0.04940037801861763,-0.012042054532503243,0.0001,0.22316861,8560
438,858,45.73117306,405.72,1757184,4006,0.0968981365149375,0.007289662957191467,0.439208984375,0.2,3.1873555541038514,0.9941728711128235,0.04911832883954048,-0.012783313072577584,0.0001,0.15165769,8570
438,859,45.708613750000005,408.55,1759232,4010,0.11734548650565557,-0.018113574013113976,0.45283203125,0.2,3.198585245758295,0.9917828440666199,0.0489281602203846,-0.009656628326047212,0.0001,0.13736421,8580
438,860,45.658441859999996,408.24,1761280,4015,0.09744023101811763,0.001401340588927269,0.456982421875,0.2,3.2052249535918236,0.9946126937866211,0.04875726252794266,-0.01273816141183488,0.0001,0.17343746,8590
438,861,45.675288609999996,408.37,1763328,4019,0.027597677028097678,-0.03742917627096176,0.48955078125,0.2,3.2056630991399286,0.9957797527313232,0.04890231043100357,0.007271168135048356,0.0001,0.1721999,8600
438,862,45.73213201000001,408.63,1765376,4023,0.03830718694953248,-0.02155078575015068,0.469287109375,0.2,3.2041364684700966,0.9967713356018066,0.048928629606962204,-0.009353627773816698,0.0001,0.1411959,8610
438,863,45.72641968999999,408.73,1767424,4028,0.04041402032744372,0.011430207639932632,0.485693359375,0.2,3.2026446253061294,0.9970220327377319,0.04892891272902489,0.0033800359422457406,0.0001,0.10326379,8620
438,864,45.82866980000001,409.46,1769472,4032,0.053578462883888275,0.03489135578274727,0.452734375,0.2,3.2034160882234572,0.9948381185531616,0.048913415521383286,-0.008534056970165693,0.0001,0.13975447,8630
438,865,45.96387365,410.14,1771520,4036,0.04047089325613342,0.017482850700616837,0.470458984375,0.2,3.2031802609562874,0.9962475895881653,0.04892917349934578,-0.0007786155358189717,0.0001,0.17256469,8640
438,866,46.012824329999994,410.51,1773568,4040,0.07825304971192963,0.025772500783205032,0.441552734375,0.2,3.2104870177805425,0.9924726486206055,0.04846556484699249,-0.007191897140728543,0.0001,0.13658828,8650
438,867,45.98646290999999,410.42,1775616,4045,0.058732093931757844,-0.037867411971092224,0.45244140625,0.2,3.224184539169073,0.9935121536254883,0.04832290858030319,-0.00800496987067163,0.0001,0.1445301,8660
438,868,45.96843744999999,412.46,1777664,4049,0.025328939518658444,0.01911710575222969,0.431982421875,0.2,3.218834053725004,0.9950706362724304,0.048679642379283905,-0.006544868204218801,0.0001,0.15872264,8670
439,869,45.94871825,415.33,1779712,4053,0.09262517931929323,-0.005554623901844025,0.485546875,0.2,3.2120546996593475,0.994755208492279,0.04867958277463913,-0.010954892300651409,0.0001,0.16793434,8680
439,870,45.97782588,415.65,1781760,4058,0.07749795281561092,0.04145246744155884,0.473779296875,0.2,3.2158195547759534,0.9949538707733154,0.04853013902902603,-0.015617836562159936,0.0001,0.17421338,8690
439,871,46.03360403999999,415.95,1783808,4062,0.07638402172888163,-0.017765771597623825,0.469384765625,0.2,3.2217469066381454,0.995245635509491,0.0483427494764328,-0.019452237438235896,0.0001,0.12870216,8700
439,872,46.122157179999995,413.96,1785856,4067,0.06058488147100434,-0.000369340181350708,0.47548828125,0.2,3.2295573964715003,0.9948862791061401,0.04821423441171646,-0.00843357509074849,0.0001,0.17763162,8710
439,873,46.14731895999999,414.13,1787904,4071,0.0648082118917955,-0.041220322251319885,0.488720703125,0.2,3.234207185357809,0.9940237998962402,0.048141419887542725,-0.007339228305500001,0.0001,0.23906127,8720
439,874,46.23324391000001,414.46,1789952,4075,0.14680759792099707,-0.02731884829699993,0.491455078125,0.2,3.2405861526727677,0.9863290190696716,0.04786187410354614,0.003227452059218194,0.0001,0.24733943,8730
439,875,46.28903708000001,414.85,1792000,4080,0.053128127232776025,-0.013233351521193981,0.431591796875,0.2,3.2475319005548955,0.9953141808509827,0.047830842435359955,-0.0021270304234349167,0.0001,0.10979846,8740
439,876,46.309408299999994,417.18,1794048,4084,0.06719247642322443,-0.02512972243130207,0.46767578125,0.2,3.248619694262743,0.9910040497779846,0.047691985964775085,-0.00947248227748787,0.0001,0.17981043,8750
439,877,46.3399989,417.36,1796096,4089,0.1588455604214687,0.012198375537991524,0.45673828125,0.2,3.2549236707389353,0.9907901287078857,0.04761746525764465,-0.015959811884386,0.0001,0.18640321,8760
439,878,46.29248946,414.59,1798144,4093,0.05852444520860445,-0.03169834986329079,0.447998046875,0.2,3.261653834581375,0.9947447180747986,0.04737631976604462,-0.009603588600293733,0.0001,0.1588178,8770
439,879,46.327670099999985,411.95,1800192,4097,0.04850254221237264,0.01204150915145874,0.47900390625,0.2,3.2711170233786104,0.997450053691864,0.047143563628196716,-0.012250594529905356,0.0001,0.1817998,8780
439,880,46.38904246999999,416.64,1802240,4102,0.03687113577470882,0.005776857025921345,0.480908203125,0.2,3.2812998250126837,0.9933198690414429,0.046952009201049805,0.0012174195086117833,0.0001,0.37059766,8790
439,881,46.36366547000001,416.43,1804288,4106,0.150951975985663,0.05408056825399399,0.480810546875,0.2,3.2909897170960902,0.9927130341529846,0.046714622527360916,-0.01695928157059825,0.0001,0.17843436,8800
439,882,46.31220389,416.18,1806336,4110,0.01779549857819802,-0.004031333141028881,0.43837890625,0.2,3.305395504832268,0.9973553419113159,0.046281829476356506,-0.012149704463081435,0.0001,0.14009824,8810
439,883,46.324640869999996,416.23,1808384,4114,0.02858638984471327,0.017887858673930168,0.433642578125,0.2,3.3195284210145473,0.9963850975036621,0.04602980986237526,-0.001911738791386597,0.0001,0.12461917,8820
439,884,46.300841280000014,419.05,1810432,4118,0.10353209856839385,-0.010044134221971035,0.487353515625,0.2,3.3269242718815804,0.9936897158622742,0.04595322161912918,-0.011900050008262043,0.0001,0.14955576,8830
439,885,46.26247348999999,421.68,1812480,4122,0.043336205100058575,-0.006235995329916477,0.483154296875,0.2,3.331676673144102,0.9968922734260559,0.04580233246088028,-0.011462322677834891,0.0001,0.17320144,8840
439,886,46.22687574,421.32,1814528,4126,0.09229748976358679,-0.02653830498456955,0.503076171875,0.2,3.3429502405226232,0.9953672289848328,0.04550614953041077,-0.018037864423240534,0.0001,0.21499076,8850
439,887,46.18651359,424.22,1816576,4131,0.029912217769015113,-0.0300571471452713,0.448583984375,0.2,3.357105538249016,0.9959582686424255,0.045114338397979736,-0.009359199074970093,0.0001,0.12850362,8860
439,888,46.214993699999994,424.39,1818624,4136,0.07689488289761356,0.07164201140403748,0.508935546875,0.2,3.3678228303790094,0.993864893913269,0.0450613759458065,-0.011006521811941639,0.0001,0.18721999,8870
439,889,46.178742820000004,421.68,1820672,4141,0.016078016224491877,-0.04253722354769707,0.48876953125,0.2,3.3695464983582495,0.9977502822875977,0.04494136571884155,-0.008310323249315844,0.0001,0.23903467,8880
439,890,45.64011016000001,424.48,1822720,4145,0.09079650386120193,-0.035475343465805054,0.5134765625,0.2,3.3778982408344747,0.9937761425971985,0.044588446617126465,-0.02573595083813416,0.0001,0.2244677,8890
439,891,45.5471666,421.21,1824768,4150,0.2839092768495902,-0.02799087017774582,0.441455078125,0.2,3.389538688212633,0.9760458469390869,0.04443945363163948,-0.022638715313223656,0.0001,0.23387384,8900
439,892,45.53197853,420.98,1826816,4154,0.13947928503039292,0.005208354443311691,0.520703125,0.2,3.400250596553087,0.9768562316894531,0.044349681586027145,0.002915569550532382,0.0001,0.20292437,8910
439,893,45.56323362,423.86,1828864,4158,0.0538724442361854,0.00990588590502739,0.474951171875,0.2,3.4022589601576327,0.9946069717407227,0.04434400796890259,0.002461181777471211,0.0001,0.19912359,8920
439,894,45.48369503,423.37,1830912,4163,0.13578876032843254,0.040798287838697433,0.493994140625,0.2,3.4080100424587725,0.9925088882446289,0.044056907296180725,-0.010858528618700802,0.0001,0.2505592,8930
439,895,45.45531871,423.23,1832960,4167,0.0494112478045281,0.017217451706528664,0.454296875,0.2,3.414279268682003,0.9952739477157593,0.04408901557326317,-0.003551909486122895,0.0001,0.20912972,8940
439,896,45.38544255,426.61,1835008,4171,0.059948697162326425,-0.013688281178474426,0.45380859375,0.2,3.4170983411371707,0.9890475273132324,0.04387713223695755,0.014135133539821255,0.0001,0.23208928,8950
439,897,45.31045125000001,423.63,1837056,4176,0.11220455100992695,-0.014721602201461792,0.506005859375,0.2,3.4278336532413958,0.9926161766052246,0.043614309281110764,-0.016277406706649344,0.0001,0.33565333,8960
439,898,45.26614002,420.18,1839104,4180,0.07117936316353735,-0.03535931184887886,0.453955078125,0.2,3.437301090359688,0.9915649890899658,0.04350527375936508,-0.009149392158724368,0.0001,0.16728757,8970
439,899,45.26326676000001,420.03,1841152,4184,0.05586084855895024,-0.03997344523668289,0.4779296875,0.2,3.441864739358425,0.9942565560340881,0.0434919148683548,-0.007310472779499833,0.0001,0.17113057,8980
439,900,45.19889927,415.17,1843200,4189,0.03939968610939104,-0.031219519674777985,0.50126953125,0.2,3.4407815501093864,0.9929988980293274,0.043491020798683167,0.007417102077306481,0.0001,0.15975733,8990
440,901,45.130237560000005,414.95,1845248,4193,0.033549209585180505,-0.04005979374051094,0.500634765625,0.2,3.446063943207264,0.9955641031265259,0.04324334114789963,0.005059753119712696,0.0001,0.25160116,9000
440,902,45.154501280000005,416.96,1847296,4197,0.029588300331670325,-0.027133159339427948,0.465087890625,0.2,3.4562852546572684,0.9918407797813416,0.04301145672798157,-0.01143178187412559,0.0001,0.23783371,9010
440,903,45.13495072,420.85,1849344,4201,0.08080190217588097,0.016986394301056862,0.4908203125,0.2,3.465356331318617,0.9945802688598633,0.04290519282221794,-0.003510328847914934,0.0001,0.41863605,9020
440,904,45.14325788000001,417.69,1851392,4206,0.13991295383311808,-0.011560823768377304,0.489794921875,0.2,3.4795964151620864,0.9915786385536194,0.04235660284757614,-0.008756358250684571,0.0001,0.2734245,9030
440,905,45.00208834,413.98,1853440,4210,0.030034031380637316,0.013648513704538345,0.476123046875,0.2,3.498614498227835,0.9969356656074524,0.04216868430376053,-0.0023046064423397185,0.0001,0.21342963,9040
440,906,45.05009350999999,414.7,1855488,4214,0.09567991634539794,-0.00533145759254694,0.477294921875,0.2,3.50413181334734,0.9735828042030334,0.042058780789375305,-0.012327793952135836,0.0001,0.14192146,9050
440,907,45.05610750999999,413.53,1857536,4217,0.06516016164096072,0.011541252955794334,0.47900390625,0.2,3.5110237576067447,0.9938260912895203,0.041935406625270844,0.0006701784324832261,0.0001,0.24892114,9060
440,908,45.04565665000001,414.46,1859584,4221,0.07857456062629353,-0.00643989909440279,0.498974609375,0.2,3.5163201756775377,0.9954977631568909,0.0417998805642128,-0.01599026667099679,0.0001,0.2960319,9070
440,909,45.38293494,407.6,1861632,4224,0.06471943940268829,0.0034744450822472572,0.464990234375,0.2,3.5251417338848112,0.9953698515892029,0.04154081642627716,-0.007904623301146784,0.0001,0.1487611,9080
440,910,45.49216422000001,408.09,1863680,4227,0.04423464660503669,-0.045133866369724274,0.4724609375,0.2,3.535006606578827,0.9929723143577576,0.04136218875646591,-0.011467751528471126,0.0001,0.18097466,9090
440,911,45.477873470000006,410.64,1865728,4231,0.06796767365594861,-0.02676396816968918,0.50146484375,0.2,3.540126521140337,0.9921193718910217,0.04139931499958038,0.0026680975119234064,0.0001,0.17414068,9100
441,912,45.43915678999999,410.6,1867776,4234,0.11014096270082518,-0.0010462068021297455,0.491748046875,0.2,3.5413217946887015,0.9856258630752563,0.04121462255716324,-0.012717446864553495,0.0001,0.2605455,9110
441,913,45.42207407000001,411.31,1869824,4238,0.08024477500439389,0.047890570014715195,0.49501953125,0.2,3.5464896999299524,0.9882738590240479,0.041199225932359695,0.005628096310829278,0.0001,0.26290813,9120
441,914,45.340399530000006,410.96,1871872,4241,0.14737609713338315,-0.0186795424669981,0.498779296875,0.2,3.549623669683933,0.9919643402099609,0.041173748672008514,-0.011134476374718361,0.0001,0.40227818,9130
441,915,45.33971670999999,414.05,1873920,4244,0.04331400271330495,-0.005949146114289761,0.467822265625,0.2,3.5560651652514936,0.9946456551551819,0.04093357175588608,-0.0016782668222731444,0.0001,0.3075139,9140
441,916,45.45944487,410.83,1875968,4248,0.12083558822050691,-0.026904135942459106,0.50732421875,0.2,3.5656089201569556,0.9927073121070862,0.040761739015579224,-0.01832427722692955,0.0001,0.22721875,9150
441,917,45.490857059999996,411.01,1878016,4251,0.04756367285590386,-0.015838854014873505,0.472021484375,0.2,3.575677590072155,0.9953998923301697,0.04050987958908081,-0.009566068305139197,0.0001,0.24580455,9160
441,918,45.54266146,411.5,1880064,4255,0.015909693491994403,-0.038562506437301636,0.47587890625,0.2,3.588314441591501,0.9982516169548035,0.040252551436424255,-0.0019143177007208579,0.0001,0.17244269,9170
441,919,45.51679663,411.33,1882112,4258,0.04122094644699246,0.0019063511863350868,0.51650390625,0.2,3.5914737708866595,0.996383786201477,0.04039030894637108,0.0037754153017885983,0.0001,0.17339334,9180
442,920,45.503588869999994,414.27,1884160,4262,0.06365010239824187,-0.041115738451480865,0.509814453125,0.2,3.5896495364606382,0.9957201480865479,0.0403466634452343,-0.005923156320932321,0.0001,0.21024562,9190
442,921,45.59469543,418.04,1886208,4265,0.027783348470256895,-0.0480220802128315,0.4861328125,0.2,3.588350881636143,0.9971890449523926,0.04044564813375473,-0.02149727059586439,0.0001,0.25485292,9200
442,922,45.62147251999999,418.12,1888256,4268,0.06547787301824429,0.010509011335670948,0.498681640625,0.2,3.5864579401910306,0.996222734451294,0.04050721228122711,-0.001870565336139407,0.0001,0.17193264,9210
442,923,45.591109509999995,418.18,1890304,4271,0.05446489804744488,-0.003588549792766571,0.515869140625,0.2,3.586427829414606,0.9969251751899719,0.04046102985739708,-0.004339372887625359,0.0001,0.19267975,9220
442,924,45.60182597,419.79,1892352,4275,0.08444838027935475,-0.05145183578133583,0.495751953125,0.2,3.590263792872429,0.9838694334030151,0.040314044803380966,-0.00812412288505584,0.0001,0.2719573,9230
442,925,45.626637679999995,421.65,1894400,4278,0.1255261427082587,0.017120007425546646,0.520654296875,0.2,3.596634142100811,0.9918934106826782,0.04019087180495262,-0.010393006954836892,0.0001,0.23031287,9240
442,926,45.75396527,422.37,1896448,4282,0.07995209695218364,0.05163972079753876,0.486083984375,0.2,3.606835475564003,0.9948061108589172,0.03996584564447403,-0.016025977935350967,0.0001,0.21828976,9250
443,927,45.794779800000015,426.07,1898496,4285,0.08898051785654389,-0.02507852017879486,0.502392578125,0.2,3.6198552303016185,0.9953734874725342,0.039671361446380615,-0.010902114331838676,0.0001,0.21165141,9260
443,928,45.77979859,429.23,1900544,4288,0.043079325658618474,-0.025424471125006676,0.48857421875,0.2,3.6356205426156523,0.9938193559646606,0.03935704380273819,-0.011950710727978731,0.0001,0.15634853,9270
443,929,45.765006279999994,430.96,1902592,4292,0.1278798171435483,-0.018461894243955612,0.518408203125,0.2,3.6456539861857893,0.993699848651886,0.03921972215175629,-0.0168871391841094,0.0001,0.19925612,9280
443,930,45.85865286999999,432.52,1904640,4295,0.09488549563102425,0.010774798691272736,0.48720703125,0.2,3.655540059506893,0.9958057999610901,0.039033226668834686,-0.00891498865094036,0.0001,0.17511517,9290
443,931,45.84118061,432.42,1906688,4298,0.11765347772161476,0.0022070370614528656,0.4953125,0.2,3.6621923319995404,0.9912936091423035,0.03890680521726608,-0.0033415235728170957,0.0001,0.18695867,9300
443,932,45.89844352000001,431.68,1908736,4302,0.026917857058288065,-0.006587511859834194,0.497509765625,0.2,3.668521501123905,0.9966774582862854,0.038880787789821625,-0.00709521562239388,0.0001,0.17854363,9310
443,933,45.937820009999996,432.01,1910784,4305,0.13269833608355838,0.1085885763168335,0.535546875,0.2,3.669924722611904,0.9926509261131287,0.03885921835899353,-0.004457171764806844,0.0001,0.22804385,9320
443,934,45.88444138,429.39,1912832,4308,0.021170227279071696,-0.03279902786016464,0.4705078125,0.2,3.6684155493974684,0.9974913001060486,0.038881607353687286,-0.005951750126405387,0.0001,0.20840612,9330
444,935,45.936216419999994,432.51,1914880,4312,0.12899278999539093,0.012579746544361115,0.483642578125,0.2,3.6715955466032026,0.9886746406555176,0.038730837404727936,-0.009753304962214316,0.0001,0.22556575,9340
444,936,45.90125658000001,433.39,1916928,4315,0.07562912568100728,0.01933661289513111,0.54599609375,0.2,3.682045444101095,0.9953869581222534,0.03854994848370552,-0.0009069411549717188,0.0001,0.26474994,9350
444,937,45.844726120000004,433.47,1918976,4319,0.15980528301442973,-0.020135730504989624,0.537744140625,0.2,3.691511809825897,0.9929317831993103,0.03829135745763779,-0.011942451475624694,0.0001,0.22821292,9360
444,938,45.813496140000005,433.47,1921024,4323,0.07903962149866857,0.04464703053236008,0.479638671875,0.2,3.7006360217928886,0.9928749799728394,0.0382247269153595,-0.006056105688912794,0.0001,0.16727743,9370
444,939,45.7959937,436.33,1923072,4326,0.052991536879562776,-0.010325994342565536,0.51962890625,0.2,3.7042298547923567,0.9939845204353333,0.038113124668598175,-0.0004070663562742993,0.0001,0.23235731,9380
444,940,45.85146696999999,436.79,1925120,4329,0.09642185654374771,0.04012996703386307,0.51142578125,0.2,3.714926474541426,0.9932698607444763,0.037896670401096344,-0.005681330253719352,0.0001,0.21903265,9390
444,941,45.501683299999996,438.46,1927168,4333,0.06416945701494114,0.012515567243099213,0.523681640625,0.2,3.7203452475368977,0.9938912391662598,0.03792950510978699,-0.001841246742696967,0.0001,0.22638021,9400
444,942,45.41625663999999,437.95,1929216,4336,0.6947206457844004,0.26075053215026855,0.5705078125,0.2,3.71877283975482,0.9746713042259216,0.03782624006271362,-0.008351978153223171,0.0001,0.3198079,9410
445,943,45.43205513000001,435.01,1931264,4339,0.07829400625778363,-0.015384623780846596,0.50322265625,0.2,3.732243939489126,0.9922235608100891,0.037492141127586365,-0.012577693311322946,0.0001,0.23935527,9420
445,944,45.515585519999995,436.3,1933312,4343,0.08543722417380195,0.09855810552835464,0.530859375,0.2,3.7473697163164617,0.9910389184951782,0.0373484343290329,0.0028494283396867104,0.0001,0.24181587,9430
445,945,45.49242177,439.48,1935360,4347,0.412599679781124,0.010052569210529327,0.562841796875,0.2,3.7549271367490293,0.9757530689239502,0.03714850917458534,-0.006358328455826267,0.0001,0.25052112,9440
445,946,45.345300460000004,433.26,1937408,4350,0.13368612726335413,-0.005898428149521351,0.501220703125,0.2,3.7658783972263334,0.9914523959159851,0.036930762231349945,-0.014916937427187804,0.0001,0.25192344,9450
445,947,45.317806360000006,429.3,1939456,4354,0.05675251263892278,-0.022141125053167343,0.477294921875,0.2,3.7775161124765875,0.9876896142959595,0.03671915829181671,-0.011133774092013483,0.0001,0.27398568,9460
445,948,45.27620874,429.23,1941504,4358,0.11083824870584066,0.03922172263264656,0.5275390625,0.2,3.78217898607254,0.9916403889656067,0.03680594637989998,0.009048424731736305,0.0001,0.22821686,9470
445,949,45.286434750000005,424.37,1943552,4361,0.08718064102140488,-0.0005589136853814125,0.49736328125,0.2,3.77746924161911,0.9925763607025146,0.03688660264015198,-0.0035878049209713938,0.0001,0.14599964,9480
445,950,45.25998458000001,424.66,1945600,4365,0.06317600998736453,0.145488440990448,0.52314453125,0.2,3.777507434040308,0.9947031736373901,0.03683914989233017,0.010002824713592418,0.0001,0.42383683,9490
445,951,45.24598197000001,424.89,1947648,4369,0.10098795874509961,0.008096765726804733,0.523095703125,0.2,3.782325327396393,0.9954953193664551,0.036737095564603806,0.0008343582259840332,0.0001,0.380027,9500
445,952,45.25137278000001,428.18,1949696,4372,0.10457178667420522,0.03624166548252106,0.545703125,0.2,3.78857092410326,0.9942994117736816,0.03662242740392685,-0.0030864740634569897,0.0001,0.26290643,9510
445,953,45.15890431,427.34,1951744,4376,0.1265198916196823,0.03380980342626572,0.5419921875,0.2,3.7969636991620064,0.9938303232192993,0.03641209006309509,-0.0073050376086030155,0.0001,0.20999333,9520
446,954,45.11037950000001,430.34,1953792,4380,0.12325890709180384,-0.012954864650964737,0.535546875,0.2,3.8030405551195146,0.9901115894317627,0.036385428160429,0.0033666959279798903,0.0001,0.25601012,9530
446,955,45.05278245000002,428.89,1955840,4384,0.1516640113783069,0.03679201379418373,0.563623046875,0.2,3.8068186081945896,0.9921306371688843,0.03627912700176239,-0.006689271942013875,0.0001,0.29846185,9540
446,956,45.0503705,426.11,1957888,4387,0.052870774635812266,-0.012215510942041874,0.4744140625,0.2,3.8105032101273535,0.9913261532783508,0.036250315606594086,-0.009305648758891038,0.0001,0.24755743,9550
446,957,45.030042210000005,421.71,1959936,4391,0.08314893023634795,0.011431904509663582,0.530517578125,0.2,3.8094062760472296,0.9911702275276184,0.03636478632688522,0.003258748292864766,0.0001,0.18249708,9560
446,958,45.10629698999998,422.31,1961984,4395,0.054558266323874706,-0.0019257646054029465,0.528125,0.2,3.803593949973583,0.9941783547401428,0.036381736397743225,-0.0005462948465719819,0.0001,0.27592075,9570
446,959,45.09178157000001,422.28,1964032,4399,0.017130399636516812,0.009367403574287891,0.557666015625,0.2,3.8060479193925856,0.9978874921798706,0.03633181378245354,0.010375647019827738,0.0001,0.36577487,9580
446,960,45.12198485000001,422.4,1966080,4402,0.014615821744519053,-0.01631835289299488,0.52880859375,0.2,3.807327026128769,0.9984230995178223,0.036337584257125854,0.011025912637705915,0.0001,0.2661452,9590
446,961,45.32336080999998,417.63,1968128,4406,0.09038372504001017,-0.01548183336853981,0.53583984375,0.2,3.803916575014591,0.9952648282051086,0.03640628606081009,-0.0039004636513709557,0.0001,0.23502024,9600
446,962,45.43734368,425.06,1970176,4410,0.11900192544271704,0.1326780468225479,0.527001953125,0.2,3.8021963335573674,0.9912697672843933,0.036408789455890656,0.00045540744467871265,0.0001,0.20274213,9610
446,963,45.270112440000005,424.32,1972224,4414,0.11306162938708439,-0.03266406059265137,0.521533203125,0.2,3.802861598879099,0.9945910573005676,0.036387644708156586,-0.007083294895710424,0.0001,0.23503208,9620
446,964,45.043649859999995,418.67,1974272,4418,0.1803710088657681,0.05135371908545494,0.501708984375,0.2,3.8032341256737707,0.9624525308609009,0.036295175552368164,0.008528482331894339,0.0001,0.25420344,9630
446,965,45.141368099999994,415.98,1976320,4422,0.048920583864673975,-0.01706629805266857,0.49384765625,0.2,3.8091324977576733,0.9941079020500183,0.036302629858255386,0.0016458336875075474,0.0001,0.23001656,9640
446,966,45.18076828,416.36,1978368,4426,0.0749431043455843,0.012792177498340607,0.549072265625,0.2,3.8115738824009897,0.991718053817749,0.036165639758110046,-0.00046937154620536604,0.0001,0.25645328,9650
447,967,45.28307944,420.21,1980416,4429,0.08949619012128096,0.058322347700595856,0.468408203125,0.2,3.815678709745407,0.9903009533882141,0.0361696258187294,-0.006972588401549728,0.0001,0.24819258,9660
447,968,45.386315140000015,420.44,1982464,4433,0.13392923603532836,0.013440702110528946,0.535205078125,0.2,3.8213755637407303,0.992875874042511,0.0359652042388916,-0.00222327476949431,0.0001,0.22179973,9670
447,969,45.444175290000004,425.88,1984512,4438,0.050600772388861515,-0.019706662744283676,0.507373046875,0.2,3.8267654687166215,0.9955551624298096,0.03600521758198738,0.0044065054287784735,0.0001,0.21913758,9680
447,970,45.40735286000001,427.28,1986560,4442,0.21152289145393297,-0.01636306568980217,0.554833984375,0.2,3.8266179390251636,0.989875316619873,0.035814687609672546,-0.027335733550717122,0.0001,0.33125615,9690
447,971,45.468773330000005,431.36,1988608,4446,0.18256955976248718,0.05493759363889694,0.551806640625,0.2,3.8357914574444294,0.9903414249420166,0.035774774849414825,0.009397160763910506,0.0001,0.2734766,9700
447,972,45.62524573,438.34,1990656,4449,0.21566378850257023,0.12994489073753357,0.55361328125,0.2,3.838450051099062,0.9917829632759094,0.03567605838179588,-0.010636160630383529,0.0001,0.26277208,9710
447,973,45.598966520000005,435.26,1992704,4452,0.17641848367638885,0.030809670686721802,0.54521484375,0.2,3.84991013109684,0.9906742572784424,0.03541453555226326,-0.0026706719829235224,0.0001,0.22247651,9720
447,974,45.36990618,442.1,1994752,4455,0.10021091486560181,-0.007663313299417496,0.513427734375,0.2,3.8626764893531798,0.9876790046691895,0.03518426790833473,0.05041123030387098,0.0001,0.24327573,9730
447,975,45.31395048,438.08,1996800,4458,0.716526551428251,0.1882513463497162,0.55263671875,0.2,3.8679244719445705,0.9645740389823914,0.03517244756221771,-0.02546375046367757,0.0001,0.31720567,9740
448,976,45.45057262,439.35,1998848,4461,0.22354750852682628,0.1268923133611679,0.52001953125,0.2,3.8708250135183335,0.9754853844642639,0.03514967858791351,-0.002872123797715176,0.0001,0.18205646,9750
448,977,45.53366113000001,444.92,2000896,4464,0.17820767435478047,-0.030301176011562347,0.537646484375,0.2,3.8769965693354607,0.9804689884185791,0.03501426428556442,0.00632964809628902,0.0001,0.26986155,9760
