#{"t_start": 1791264889.4698052, "env_id": "f1tenth-v0"}
r,l,t,track_name,laps,progress_m
-37.655355,99,4.964437,synthetic_track_0,0.014291004555822065,2.3446445612556426
-36.27446,130,5.200716,synthetic_track_0,0.02270779570727583,3.725540041303686
-31.323846,224,5.578981,synthetic_track_0,0.052882620910095615,8.676153521432227
-31.698739,202,5.940634,synthetic_track_0,0.05059758932390432,8.301261269461168
-35.046738,155,6.240262,synthetic_track_0,0.030190967035867863,4.953261779687682
-31.881029,203,6.57728,synthetic_track_0,0.049486501740475905,8.118971392679708
-32.252048,185,6.898419,synthetic_track_0,0.047225073522010726,7.747951612202882
-32.810722,173,7.195368,synthetic_track_0,0.04381986247446961,7.18927783028933
-36.988716,128,7.428223,synthetic_track_0,0.01835428668604011,3.0112843562574403
-34.055578,167,7.797323,synthetic_track_0,0.03623225548795021,5.944421922197104
-36.043858,121,8.234476,synthetic_track_0,0.024113353081347797,3.9561419167546332
-33.687639,185,8.533312,synthetic_track_0,0.03847490690133445,6.312361098106292
-37.462249,98,8.689122,synthetic_track_0,0.015468018522836103,2.5377506081750045
-35.038457,141,8.880885,synthetic_track_0,0.030241439522023277,4.961542515985476
-31.854655,186,9.147438,synthetic_track_0,0.04964725140555951,8.145344684108574
-30.849155,216,9.453465,synthetic_track_0,0.0557759449924869,9.150844894402576
-37.596464,108,9.631625,synthetic_track_0,0.014649956262741817,2.4035357444538143
-33.987639,157,9.873522,synthetic_track_0,0.03664635619491803,6.012361090966641
-36.673465,125,10.047338,synthetic_track_0,0.020275794729426568,3.326535349687403
-35.297265,142,10.236472,synthetic_track_0,0.0286639627715096,4.702734797525102
-36.041819,130,10.409062,synthetic_track_0,0.02412577944417806,3.9581806400586776
-37.786787,101,10.550663,synthetic_track_0,0.013489904719868544,2.2132126268486236
-31.362849,226,10.871408,synthetic_track_0,0.05264489305838352,8.637150852837548
-32.161871,201,11.172331,synthetic_track_0,0.04777472254116956,7.838129428488388
-33.487639,182,11.456254,synthetic_track_0,0.039693940704919946,6.512361102752509
-32.509656,191,11.77442,synthetic_track_0,0.04565491105990509,7.4903439078120835
-35.140195,138,12.013247,synthetic_track_0,0.029621329640856356,4.859804583247461
-34.476037,155,12.240367,synthetic_track_0,0.03366948528973287,5.523962661721226
-31.708083,202,12.617862,synthetic_track_0,0.050540634728345815,8.291917050012273
-37.012194,106,12.79261,synthetic_track_0,0.018211184575440707,2.9878063996162187
-32.452245,193,13.129062,synthetic_track_0,0.04600483905546093,7.547754621552068
-33.019942,192,13.484815,synthetic_track_0,0.042544631437230425,6.980057862292808
-36.743247,120,13.668137,synthetic_track_0,0.01985045681106181,3.2567525549864214
-30.018171,220,14.017659,synthetic_track_0,0.060840933792800166,9.981829056298823
-34.880724,141,14.227361,synthetic_track_0,0.03120285187442945,5.11927602130962
-34.769291,148,14.455191,synthetic_track_0,0.03188205339580003,5.230708786365267
-32.184549,211,14.761159,synthetic_track_0,0.04763649593407853,7.815451368225314
-32.052245,215,15.116963,synthetic_track_0,0.048442906655227054,7.947754629629625
-35.075601,151,15.368242,synthetic_track_0,0.03001504458253818,4.924399174417981
-36.480489,118,15.556158,synthetic_track_0,0.021452015633908864,3.519511283307555
-35.306529,141,15.755296,synthetic_track_0,0.02860750062917053,4.693471372100036
-31.180238,205,16.048425,synthetic_track_0,0.05375793749661603,8.819761779756226
-35.714975,134,16.233053,synthetic_track_0,0.026117950839551173,4.285024971330529
-32.350131,223,16.539087,synthetic_track_0,0.04662724208351393,7.649868777973563
-31.184989,208,16.829422,synthetic_track_0,0.053728979689027664,8.815010835495958
-31.014784,226,17.150324,synthetic_track_0,0.05476640641534569,8.98521559066636
-36.270735,124,17.313967,synthetic_track_0,0.022730502212640915,3.72926536964582
-31.119011,207,17.600939,synthetic_track_0,0.054131126656002754,8.8809888215263
-31.481712,195,17.870588,synthetic_track_0,0.051920403119467703,8.518287872399174
-36.248788,120,23.1861,synthetic_track_0,0.022864268232706642,3.751211606539303
-34.868473,155,23.383776,synthetic_track_0,0.03127752558955929,5.131527316826603
-33.427438,176,23.607518,synthetic_track_0,0.040060873840863306,6.572561754020484
-32.052245,221,23.932356,synthetic_track_0,0.04844290665522706,7.947754629629626
-33.287639,174,24.197291,synthetic_track_0,0.04091297446210298,6.712361099785735
-31.942535,205,24.47388,synthetic_track_0,0.04911161157051705,8.057465275693401
-32.819942,170,24.686272,synthetic_track_0,0.043763665129480975,7.180057848672927
-35.286769,148,24.86639,synthetic_track_0,0.028727938683708203,4.713230964817045
-32.652245,195,25.129886,synthetic_track_0,0.044785805319266354,7.347754627962299
-36.013178,132,25.315904,synthetic_track_0,0.024300355953090547,3.9868224238147336
-32.002349,206,25.591398,synthetic_track_0,0.048747036228141354,7.99765145432555
-29.33583,211,25.862229,synthetic_track_0,0.06499991472577442,10.664169614429243
-33.576468,186,26.118759,synthetic_track_0,0.03915251119864463,6.423531815613658
-33.487639,170,26.447631,synthetic_track_0,0.039693940704919946,6.512361102752509
-32.052245,200,26.769705,synthetic_track_0,0.04844290665522706,7.947754629629626
-36.920987,121,26.950656,synthetic_track_0,0.018767101303556903,3.079012523580238
-31.845201,199,27.24848,synthetic_track_0,0.049704879671325704,8.154799428831067
-36.018455,130,27.468508,synthetic_track_0,0.024268190182063692,3.9815451670759145
-33.287639,181,27.793804,synthetic_track_0,0.04091297446210298,6.712361099785735
-31.942674,222,28.13536,synthetic_track_0,0.04911076241666991,8.057325959808251
-36.052554,129,28.31462,synthetic_track_0,0.02406035157500982,3.947446258371188
-32.849327,198,28.608341,synthetic_track_0,0.0435845587082908,7.150672867743898
-36.715433,134,28.801374,synthetic_track_0,0.020019988096393947,3.2845665973488067
-33.696038,179,29.105038,synthetic_track_0,0.03842371539312925,6.303962395913808
-31.452531,211,29.466243,synthetic_track_0,0.0520982675720263,8.547469090535609
-32.249906,205,29.787433,synthetic_track_0,0.04723812973681509,7.750093671769938
-31.611257,208,30.091292,synthetic_track_0,0.05113080553946932,8.388743048290248
-32.324341,189,30.35615,synthetic_track_0,0.04678443921222134,7.675659224784292
-32.100092,202,30.66524,synthetic_track_0,0.04815127391350592,7.899908089584827
-33.520253,162,30.905365,synthetic_track_0,0.03949515379855913,6.479747255557432
-31.10183,207,31.253688,synthetic_track_0,0.05423584920263441,8.898170059447096
-36.671491,112,31.429333,synthetic_track_0,0.020287824643949973,3.3285090299524605
-22.03675,297,31.937168,synthetic_track_0,0.10948903991983754,17.963249606590168
-35.240151,147,32.131479,synthetic_track_0,0.029012081586212875,4.759848689160682
-32.184549,203,32.407497,synthetic_track_0,0.047636495934078524,7.815451368225313
-35.279237,143,32.618358,synthetic_track_0,0.028773847725175192,4.720763002468253
-35.2469,145,32.827532,synthetic_track_0,0.028970947080609828,4.753099982695339
-26.814094,275,33.372339,synthetic_track_0,0.08037032662870443,13.185906454669917
-35.054568,132,33.625179,synthetic_track_0,0.030143244174400882,4.945432158813302
-31.784549,194,34.02617,synthetic_track_0,0.050074563559611436,8.215451380530283
-31.893786,211,34.432237,synthetic_track_0,0.049408741013018787,8.106213628451206
-28.193535,237,34.900671,synthetic_track_0,0.07196240067503636,11.806465437650802
-28.982331,230,35.49152,synthetic_track_0,0.06715455506839232,11.017669310062812
-33.51108,185,35.794233,synthetic_track_0,0.03955106274430898,6.488919921136391
-36.972961,111,35.948786,synthetic_track_0,0.01845031676176568,3.02703946947481
-30.098143,223,41.599135,synthetic_track_0,0.060353490169423714,9.901856928656981
-32.893761,195,41.995177,synthetic_track_0,0.04331372865671216,7.10623930780918
-25.036684,278,42.48298,synthetic_track_0,0.09120393915220323,14.963316193975075
-30.235153,206,42.856207,synthetic_track_0,0.05951839269189689,9.764847192836562
1.611897,625,44.139887,synthetic_track_0,0.25363153688377277,41.61189657414115
-29.581229,227,44.549753,synthetic_track_0,0.06350416875756962,10.418771004718302
-31.435838,209,44.892277,synthetic_track_0,0.05220001429276435,8.564162101476319
-32.457475,180,45.151868,synthetic_track_0,0.04597296296952783,7.542524891813669
-19.469126,333,45.636349,synthetic_track_0,0.1251391458484817,20.530874269037103
-33.340291,179,45.888327,synthetic_track_0,0.04059204871096099,6.659708620805494
-26.837579,274,46.307486,synthetic_track_0,0.08022718037560855,13.162421255818124
-32.125579,226,46.667155,synthetic_track_0,0.04799592559265401,7.8744209662575
-29.068158,232,47.028472,synthetic_track_0,0.06663142266531631,10.931841925507884
-20.760932,347,47.547811,synthetic_track_0,0.1172653662846334,19.239067639293793
-18.653101,355,48.069949,synthetic_track_0,0.13011295695320352,21.346899420372456
-29.979209,270,48.455201,synthetic_track_0,0.06107841141836662,10.02079067170027
-32.652245,189,48.74727,synthetic_track_0,0.044785805319266354,7.347754627962299
-31.420543,193,49.075635,synthetic_track_0,0.05229323980623169,8.579457085972871
-32.731762,184,49.377353,synthetic_track_0,0.044301138203067254,7.268238026202297
-31.837293,204,49.731252,synthetic_track_0,0.049753078257028314,8.162707099099201
-30.015565,201,50.057458,synthetic_track_0,0.060856818454265944,9.984435163166093
-35.727554,121,50.239745,synthetic_track_0,0.02604128130614764,4.272446233159505
-29.848887,210,50.574426,synthetic_track_0,0.061872748947405555,10.15111315252991
-32.681813,188,50.896396,synthetic_track_0,0.044605587007955354,7.318187225488701
-35.230686,145,51.161489,synthetic_track_0,0.02906977185399117,4.769313606203806
-34.997505,151,51.406282,synthetic_track_0,0.03049105376635937,5.002495318016186
-32.353943,209,51.782981,synthetic_track_0,0.04660400913631984,7.646057079288016
-31.58984,199,52.132421,synthetic_track_0,0.051261344037184534,8.410159763784735
-35.465675,139,52.341372,synthetic_track_0,0.027637479631252,4.534325494832305
-31.409653,221,52.665146,synthetic_track_0,0.05235961314243906,8.590346585108017
-34.288889,170,52.90708,synthetic_track_0,0.034810184360462355,5.711110728308727
-35.460931,128,53.084219,synthetic_track_0,0.027666392176510925,4.539069013157318
-35.077417,169,53.323459,synthetic_track_0,0.030003972304103566,4.922582608107962
-32.619942,222,53.777486,synthetic_track_0,0.04498269903699655,7.380057870370367
-35.416398,127,53.993391,synthetic_track_0,0.027937826005045508,4.583601631373798
-35.116069,144,54.197296,synthetic_track_0,0.029768382738638754,4.883930756084682
-30.241945,227,54.529116,synthetic_track_0,0.059476993012480404,9.758054980798393
-35.128539,157,54.753467,synthetic_track_0,0.029692376502548794,4.87146084136499
-30.285038,233,61.218197,synthetic_track_0,0.05921433470968723,9.714962113624003
-23.426041,315,61.682132,synthetic_track_0,0.10102107786393574,16.573958804691937
-5.798503,501,62.403236,synthetic_track_0,0.2084639027816596,34.20149745008792
-15.854867,388,63.103214,synthetic_track_0,0.14716866074284723,24.145132600732325
-19.995441,335,63.70911,synthetic_track_0,0.12193116392457028,20.004558757686915
-29.703981,227,64.060113,synthetic_track_0,0.06275597470923533,10.296019024664096
-28.300665,246,64.481775,synthetic_track_0,0.07130942398037557,11.699335232088075
-20.712356,329,65.058131,synthetic_track_0,0.11756144483110444,19.287643577463584
-32.099615,207,65.569309,synthetic_track_0,0.0481541811759513,7.900385067746445
-24.000032,300,66.09554,synthetic_track_0,0.09752250851142436,15.999968251928474
-32.155813,194,66.417548,synthetic_track_0,0.047811642597571355,7.844186694029491
-32.420997,205,66.814454,synthetic_track_0,0.04619530079647903,7.579002605797054
-32.619942,177,67.057317,synthetic_track_0,0.04498269903699655,7.380057870370367
-29.941969,232,67.406398,synthetic_track_0,0.06130539915276144,10.05803126978711
-11.849813,450,68.43735,synthetic_track_0,0.17158014480899184,28.150187187643574
-13.770041,426,69.232141,synthetic_track_0,0.15987603238764891,26.2299594369746
-31.408015,197,69.49119,synthetic_track_0,0.052369600464130354,8.591985148680896
-31.085197,198,69.798356,synthetic_track_0,0.054337232575038086,8.914803457874724
-17.13462,357,70.482212,synthetic_track_0,0.1393683505775311,22.865379681070372
9.335872,754,71.690045,synthetic_track_0,0.3007104705003881,49.33587183583422
-19.279409,379,72.264347,synthetic_track_0,0.12629549915775945,20.720590638302657
-32.552245,209,72.807527,synthetic_track_0,0.045395322137795444,7.447754616624809
-27.07344,280,73.240791,synthetic_track_0,0.07878956530237428,12.92655985436999
-33.219942,170,73.588225,synthetic_track_0,0.041325597701035846,6.7800578687030395
-30.375398,225,73.950193,synthetic_track_0,0.05866357336226207,9.624601803909865
-22.439977,311,74.430831,synthetic_track_0,0.10703130290450764,17.560022548374565
-30.793978,206,74.74249,synthetic_track_0,0.05611225940672056,9.206022104592714
-32.215495,193,81.358565,synthetic_track_0,0.047447872863477514,7.784505044271352
8.931207,712,82.552682,synthetic_track_0,0.298243968065708,48.93120668467516
-14.386849,411,83.252971,synthetic_track_0,0.1561164835655293,25.61315145373407
-31.539589,201,83.577221,synthetic_track_0,0.051567630928643984,8.460410527573886
-11.978891,441,84.302616,synthetic_track_0,0.17079339317177328,28.02110928132439
-1.523819,630,85.235536,synthetic_track_0,0.23451881962188809,38.476180788462635
-15.190494,409,85.872622,synthetic_track_0,0.15121813002839998,24.80950620017079
-32.921631,218,86.217105,synthetic_track_0,0.04314385580342347,7.0783692263175295
-32.284549,214,86.514552,synthetic_track_0,0.04702697904960952,7.715451368744414
-32.18696,185,86.795558,synthetic_track_0,0.047621796183165435,7.813039662953261
-24.280027,297,87.264415,synthetic_track_0,0.0958158904862857,15.719973052490095
6.912819,671,88.320442,synthetic_track_0,0.285941555855481,46.91281926016884
-15.487814,396,89.046412,synthetic_track_0,0.14940591385967067,24.51218610855416
-32.184549,192,89.478929,synthetic_track_0,0.04763649593407853,7.815451368225314
-13.267219,414,90.171471,synthetic_track_0,0.16294081181542808,26.732780521995046
-11.745259,443,90.803861,synthetic_track_0,0.1722174193580544,28.25474123068861
-32.552245,192,91.078171,synthetic_track_0,0.04539532213779545,7.44775461662481
-8.161262,469,91.806482,synthetic_track_0,0.1940624869524571,31.838738333580295
-32.334233,183,92.050387,synthetic_track_0,0.04672414153909701,7.665766525443591
-32.384549,169,92.27365,synthetic_track_0,0.04641746241042665,7.615451409506228
22.246643,868,93.538717,synthetic_track_0,0.37940380409783997,62.246643496821065
-31.816852,186,93.797566,synthetic_track_0,0.04987767002865717,8.18314816876549
-10.421527,442,100.278808,synthetic_track_0,0.18028578993139555,29.578473310479495
10.466123,729,101.391402,synthetic_track_0,0.30759954483991575,50.46612343005675
-13.419391,427,101.988335,synthetic_track_0,0.16201329956147145,26.58060881473382
-31.936957,182,102.357222,synthetic_track_0,0.04914560701064426,8.06304271592795
-32.718414,201,102.760111,synthetic_track_0,0.04438249611201907,7.281585959721868
13.168078,728,103.78001,synthetic_track_0,0.32406841624517607,53.16807832899568
14.539175,732,105.161446,synthetic_track_0,0.3324254837743128,54.539175290983145
14.653753,742,106.47004,synthetic_track_0,0.33312385152181934,54.653752550723816
-32.900737,189,106.74341,synthetic_track_0,0.04327120491963885,7.099262677967397
-14.51436,445,107.372306,synthetic_track_0,0.15533927864124183,25.485639822792123
-34.996853,157,107.581647,synthetic_track_0,0.030495027913704908,5.003147333969505
-17.415078,375,108.139967,synthetic_track_0,0.13765891551391157,22.584922306007655
-22.794934,324,108.643344,synthetic_track_0,0.10486778091850192,17.205065691574827
10.900706,735,109.776258,synthetic_track_0,0.3102484008082912,50.90070629759008
-1.020943,582,111.038756,synthetic_track_0,0.23758393707458936,38.97905733132666
-32.052245,205,111.424359,synthetic_track_0,0.04844290665522706,7.947754629629626
-10.07083,442,112.106157,synthetic_track_0,0.18242334657319287,29.929170179617657
-8.608981,459,112.831938,synthetic_track_0,0.19133355902114227,31.39101851044097
-34.412112,159,113.110887,synthetic_track_0,0.034059119430524434,5.587887738892536
-33.007211,235,119.190569,synthetic_track_0,0.042622229235123196,6.992788895586096
11.528102,735,120.491227,synthetic_track_0,0.3140724825378274,51.52810183118826
19.602121,818,121.792145,synthetic_track_0,0.3632849933921235,59.602121083617384
-32.550496,180,122.083971,synthetic_track_0,0.045405983138359675,7.449503706892944
-7.494214,502,122.922783,synthetic_track_0,0.1981282547371704,32.50578593590387
22.155913,862,124.415151,synthetic_track_0,0.3788507887089826,62.15591337923483
9.156884,694,125.768191,synthetic_track_0,0.29961950919306346,49.15688396372435
3.497776,642,126.764211,synthetic_track_0,0.26512629212675415,43.497776272670905
-26.374957,248,127.127341,synthetic_track_0,0.08304694016377055,13.625043349705008
13.264211,731,128.254372,synthetic_track_0,0.3246543593557666,53.26421071227812
0.525089,565,129.169403,synthetic_track_0,0.24700726193297537,40.52508912299373
22.635369,773,130.496555,synthetic_track_0,0.38177315185538263,62.63536902774831
-16.887465,397,131.164462,synthetic_track_0,0.14087480615064848,23.112535355290905
-28.633954,244,131.694473,synthetic_track_0,0.06927797086644762,11.366046170678002
-22.29726,321,132.177179,synthetic_track_0,0.10790118887875685,17.702739836754763
-10.562847,511,138.286487,synthetic_track_0,0.1794244166219243,29.43715264702482
11.112645,666,139.308475,synthetic_track_0,0.31154020590453513,51.11264547802206
-29.727008,218,139.700588,synthetic_track_0,0.06261562353633893,10.272992398865188
-2.467638,533,140.557236,synthetic_track_0,0.22876608649883146,37.53236229224398
-9.431003,446,141.407357,synthetic_track_0,0.18632319845352738,30.568996894752512
0.314391,591,142.432695,synthetic_track_0,0.24572301920403766,40.314390657537764
-8.267194,502,143.450155,synthetic_track_0,0.19341681223548612,31.732806122337
-27.623487,244,143.848676,synthetic_track_0,0.07543693519628283,12.376512731129319
13.779817,741,144.857383,synthetic_track_0,0.3277970637806271,53.779816512318355
0.261911,567,145.818418,synthetic_track_0,0.2454031440570344,40.26191054525647
-30.221166,216,146.156332,synthetic_track_0,0.05960364246973057,9.77883364334571
-32.937246,199,146.49138,synthetic_track_0,0.043048676237690396,7.062753651480434
-5.3953,484,147.23675,synthetic_track_0,0.21092149177794414,34.60470022365311
14.406025,757,148.435753,synthetic_track_0,0.33161390777283933,54.40602459115182
-0.281271,589,149.597239,synthetic_track_0,0.24209236126366682,39.71872907472747
-18.905471,365,150.145457,synthetic_track_0,0.128574714997652,21.094528733560953
-22.402484,336,150.634125,synthetic_track_0,0.10725982892637971,17.597515524616703
6.621459,676,158.0078,synthetic_track_0,0.2841656645397657,46.621458782428554
-29.236966,210,158.383394,synthetic_track_0,0.06560251164704954,10.7630342945557
12.633037,698,159.300867,synthetic_track_0,0.32080724692279083,52.63303666098717
10.8365,715,160.301477,synthetic_track_0,0.3098570530184243,50.83650007167456
22.11434,826,161.488561,synthetic_track_0,0.3785973937605551,62.1143402983951
22.71434,825,162.922046,synthetic_track_0,0.3822544949097399,62.714340269419154
22.033825,806,164.434722,synthetic_track_0,0.37810663840531844,62.03382483357468
12.861887,699,165.698369,synthetic_track_0,0.3222021306877073,52.861887377549486
-11.365818,409,166.432463,synthetic_track_0,0.17453017310821778,28.634181701836948
22.91434,800,167.763884,synthetic_track_0,0.3834735286669229,62.91434026645238
-13.99914,422,168.481831,synthetic_track_0,0.15847963006175106,26.000859578671964
9.046662,660,169.487458,synthetic_track_0,0.2989476866774635,49.04666183055115
19.288539,771,170.668333,synthetic_track_0,0.3613736593132611,59.28853927519779
6.162898,592,178.064144,synthetic_track_0,0.28137066068562766,46.16289825509155
24.845919,909,179.240917,synthetic_track_0,0.3952468248470096,64.84591860644012
11.035963,670,180.142152,synthetic_track_0,0.31107281603573306,51.03596345685327
-34.23591,163,180.352692,synthetic_track_0,0.035133104620416127,5.764090435106974
36.125322,998,181.933446,synthetic_track_0,0.4639966961390548,76.12532245676286
31.337896,962,183.279907,synthetic_track_0,0.43481652225863954,71.33789581240308
27.467497,853,184.604283,synthetic_track_0,0.41122578756283207,67.46749694824373
13.665133,741,185.71438,synthetic_track_0,0.32709804559904276,53.66513253952493
11.880951,734,186.986461,synthetic_track_0,0.3162231584048836,51.88095109766357
22.046644,775,188.238419,synthetic_track_0,0.37818477040558945,62.046643510440944
22.95877,833,189.452065,synthetic_track_0,0.3837443348521765,62.958769910773675
25.10133,857,195.868382,synthetic_track_0,0.3968036020257821,65.10133026284525
21.598094,766,196.927285,synthetic_track_0,0.37545078828985595,61.598094475753726
13.517379,682,197.958398,synthetic_track_0,0.3261974629011879,53.51737901273551
22.31434,840,199.132077,synthetic_track_0,0.37981642728420695,62.31434025711418
15.045427,785,200.296528,synthetic_track_0,0.3355111753667849,55.045427316986064
34.671938,952,201.739898,synthetic_track_0,0.45513807480759827,74.67193838961126
13.325854,733,202.925464,synthetic_track_0,0.32503008299956704,53.32585357261945
11.172039,626,203.908197,synthetic_track_0,0.31190222179640376,51.17203938477245
13.098565,720,205.072264,synthetic_track_0,0.32364472260565963,53.098565301856794
23.374587,874,206.563323,synthetic_track_0,0.38627881123208013,63.37458716396677
16.475467,722,212.901503,synthetic_track_0,0.3442275106516388,56.47546731451638
35.599762,1005,214.374301,synthetic_track_0,0.46079331496865134,75.59976176510698
19.938061,793,215.564453,synthetic_track_0,0.36533260629235903,59.93806139007668
35.839062,956,216.900135,synthetic_track_0,0.4622518932372702,75.83906247985551
24.121587,780,218.260666,synthetic_track_0,0.3908319016325354,64.1215870408917
37.356438,962,219.795183,synthetic_track_0,0.4715005517845668,77.35643775442956
13.578012,650,221.010502,synthetic_track_0,0.3265670331895494,53.578012326735504
22.092433,790,222.315491,synthetic_track_0,0.3784638629037668,62.092432643414966
7.781293,595,223.097367,synthetic_track_0,0.29123504726453275,47.78129255704638
15.626311,664,224.113289,synthetic_track_0,0.339051758911294,55.626310901402995
22.959622,800,225.52215,synthetic_track_0,0.3837495307966423,62.959622380093435
-2.181932,519,231.755276,synthetic_track_0,0.23050750976617437,37.81806779157896
35.762745,918,233.035548,synthetic_track_0,0.46178672636088,75.76274517252108
-17.971448,338,233.694636,synthetic_track_0,0.1342677453177742,22.02855212743777
35.203669,973,235.420089,synthetic_track_0,0.45837906251081095,75.20366897312284
34.861403,951,236.965334,synthetic_track_0,0.4562928928259965,74.86140287235641
34.9697,954,238.377498,synthetic_track_0,0.4569529819942972,74.9696999813773
35.32233,936,239.861223,synthetic_track_0,0.45910232048415134,75.32232983191366
13.471916,673,240.949939,synthetic_track_0,0.3259203607426411,53.47191642356544
22.094698,830,242.135564,synthetic_track_0,0.3784776728480447,62.09469836312808
-10.940144,406,242.707219,synthetic_track_0,0.17712473114478447,29.059856213767592
-9.563453,451,243.354892,synthetic_track_0,0.18551589670312127,30.436547447200507
12.196154,674,249.839936,synthetic_track_0,0.31814437289511505,52.19615392948211
35.757565,947,251.345485,synthetic_track_0,0.46175515361242747,75.75756520965325
35.739691,945,252.91636,synthetic_track_0,0.46164621003375755,75.73969145079926
35.371366,919,254.196464,synthetic_track_0,0.45940120250350863,75.37136572007715
35.503669,881,255.431441,synthetic_track_0,0.46020761322465714,75.50366898148145
14.710417,682,256.400615,synthetic_track_0,0.33346923240274734,54.710417244998204
22.61434,787,257.535556,synthetic_track_0,0.38164497802381986,62.61434026970019
-25.827364,255,257.930007,synthetic_track_0,0.08638461279004808,14.172636483545647
34.747845,948,259.209844,synthetic_track_0,0.45560074128264216,74.7478454701912
35.271366,904,260.463423,synthetic_track_0,0.45879168561903966,75.27136572059625
22.056914,757,266.502511,synthetic_track_0,0.37824737292589966,62.05691435306736
14.112521,668,267.500863,synthetic_track_0,0.32982495110545856,54.11252055481117
34.466694,879,268.687588,synthetic_track_0,0.45388707415017193,74.46669376344767
36.702843,992,270.039946,synthetic_track_0,0.4675167789524995,76.70284260179355
35.763995,920,271.217927,synthetic_track_0,0.461794341952283,75.76399461967465
33.83033,855,272.391244,synthetic_track_0,0.45000833156580905,73.83033033151298
35.441117,916,273.59851,synthetic_track_0,0.4598263498496121,75.44111724866146
35.171366,903,274.759735,synthetic_track_0,0.45818216897985675,75.17136576135806
35.320425,919,276.227265,synthetic_track_0,0.4590907102570805,75.32042500740323
34.661315,852,277.552254,synthetic_track_0,0.4550733211862,74.66131462795475
-5.856952,426,283.855254,synthetic_track_0,0.2081076411336265,34.14304760968783
35.671366,933,285.296373,synthetic_track_0,0.46122975324312154,75.67136573266316
-33.279828,155,285.525298,synthetic_track_0,0.04096058194941374,6.72017179187265
13.263495,679,286.611207,synthetic_track_0,0.3246499991570044,53.26349535904498
11.936576,665,287.529732,synthetic_track_0,0.31656220329244805,51.936576281221825
-2.087185,514,288.267956,synthetic_track_0,0.23108501281118038,37.91281546087631
35.203669,904,289.538409,synthetic_track_0,0.45837906251081106,75.20366897312286
35.596146,1027,290.861256,synthetic_track_0,0.4607712778625712,75.59614626133222
19.865082,708,291.855186,synthetic_track_0,0.3648877826677631,59.86508168539232
35.678371,922,293.0121,synthetic_track_0,0.46127245343829854,75.67837131299135
23.246624,805,294.122221,synthetic_track_0,0.3854988512240527,63.24662352196559
36.639062,942,300.939784,synthetic_track_0,0.46712802846111817,76.63906249999998
-13.803367,377,301.566062,synthetic_track_0,0.15967290106581772,26.196632826022107
35.671366,951,303.013542,synthetic_track_0,0.46122975324312154,75.67136573266316
35.871366,1003,304.53125,synthetic_track_0,0.4624487869353721,75.87136571904328
36.174348,914,305.733409,synthetic_track_0,0.4642955155544823,76.17434807385247
35.171366,954,307.079914,synthetic_track_0,0.45818216897985675,75.17136576135806
0.253157,487,307.798425,synthetic_track_0,0.24534979179578562,40.25315734049196
36.251632,987,309.13535,synthetic_track_0,0.4647665757256187,76.25163226083632
35.271366,913,310.340769,synthetic_track_0,0.45879168561903955,75.27136572059624
35.446176,952,311.647573,synthetic_track_0,0.45985718680026705,75.4461764933322
35.159878,950,318.42228,synthetic_track_0,0.45811214917466603,75.15987800661141
22.782037,753,319.70824,synthetic_track_0,0.38266711801796843,62.78203701689254
36.339062,926,321.214284,synthetic_track_0,0.46529947774727204,76.33906249164137
34.750587,923,322.537032,synthetic_track_0,0.455617450046418,74.75058678287914
35.471366,924,323.768446,synthetic_track_0,0.46001071950692696,75.47136573907339
35.668276,937,325.094714,synthetic_track_0,0.4612109190522568,75.66827571313345
18.970361,766,326.124251,synthetic_track_0,0.35943430703275137,58.970360678368266
19.417558,696,327.038503,synthetic_track_0,0.3621600523172548,59.41755834258534
35.816702,915,328.525649,synthetic_track_0,0.4621156053304442,75.81670249121677
35.303689,942,335.383968,synthetic_track_0,0.458988702100132,75.30368910409715
35.939062,931,336.642313,synthetic_track_0,0.46286141012173915,75.93906247933641
36.154186,932,337.882119,synthetic_track_0,0.46417262323534314,76.15418582377661
0.440176,494,338.539776,synthetic_track_0,0.24648969961521291,40.44017559093847
35.50603,889,339.761457,synthetic_track_0,0.46022200171073424,75.50602961928642
35.618146,931,340.998384,synthetic_track_0,0.4609053703688141,75.61814606297244
36.76935,923,342.334563,synthetic_track_0,0.467922154830134,76.7693503369949
35.034096,892,343.558689,synthetic_track_0,0.45734548516423834,75.0340957639889
-9.972391,399,344.096383,synthetic_track_0,0.1830233492218134,30.027609232053194
35.695998,936,345.516501,synthetic_track_0,0.4613798891040428,75.69599767707152
35.795598,927,352.522626,synthetic_track_0,0.46198696899698555,75.79559785308965
35.271366,892,354.004655,synthetic_track_0,0.45879168561903966,75.27136572059625
36.825777,935,355.410669,synthetic_track_0,0.46826608685060195,76.82577732490061
34.726295,941,356.733603,synthetic_track_0,0.45546938873967674,74.72629519888115
8.941884,561,357.491255,synthetic_track_0,0.29830904865973107,48.94188409088712
35.671366,910,359.25075,synthetic_track_0,0.46122975324312143,75.67136573266315
36.071366,972,360.662237,synthetic_track_0,0.46366782084288766,76.07136574074072
36.042976,909,362.040029,synthetic_track_0,0.463494780833464,76.04297604179479
35.469734,933,363.290618,synthetic_track_0,0.4600007739389702,75.46973402580038
35.510617,911,369.965369,synthetic_track_0,0.46024996407729885,75.51061724714907
37.374456,898,371.186264,synthetic_track_0,0.47161037609781303,77.37445601044094
37.774456,909,372.377604,synthetic_track_0,0.47404844369757915,77.77445601851849
35.839062,922,373.737739,synthetic_track_0,0.46225189323727006,75.8390624798555
19.830612,682,374.821016,synthetic_track_0,0.3646776833354409,59.83061187223618
36.203921,960,376.343467,synthetic_track_0,0.4644757686746946,76.2039211872263
21.701361,678,377.354722,synthetic_track_0,0.376080216289949,61.70136117973912
35.739063,932,378.789748,synthetic_track_0,0.46164237659808727,75.73906252061732
21.075039,699,379.76452,synthetic_track_0,0.37226267621390824,61.07503889835563
37.388175,874,381.153697,synthetic_track_0,0.47169399561980335,77.38817499406336
36.639062,976,388.295261,synthetic_track_0,0.46712802846111817,76.63906249999998
35.748199,920,389.683826,synthetic_track_0,0.46169806802480495,75.7481994990748
5.624764,552,390.483964,synthetic_track_0,0.2780906392009244,45.62476361907829
34.486854,847,391.650919,synthetic_track_0,0.45400995519253307,74.48685416340612
35.939062,935,393.137383,synthetic_track_0,0.46286141012173915,75.93906247933641
36.52733,939,394.519898,synthetic_track_0,0.466446998883041,76.52732981598496
23.249734,730,395.579117,synthetic_track_0,0.38551780899701615,63.24973381691362
34.435972,828,396.79338,synthetic_track_0,0.45369982108899504,74.43597220921738
38.389634,941,398.161704,synthetic_track_0,0.4777980597803398,78.38963439320173
37.087953,920,399.476329,synthetic_track_0,0.46986409101438686,77.08795286034649
-28.685079,200,405.435275,synthetic_track_0,0.068966354055316,11.314920957012182
37.624267,933,406.780848,synthetic_track_0,0.473133015595099,77.6242668898735
35.415736,898,407.968638,synthetic_track_0,0.4596716496858577,75.41573646481555
-33.5423,144,408.214647,synthetic_track_0,0.03936077478593473,6.457700448430193
36.195489,913,409.559043,synthetic_track_0,0.4644243739272194,76.19548914071241
9.564823,556,410.262486,synthetic_track_0,0.3021059692126342,49.56482344333854
-33.80411,127,410.457498,synthetic_track_0,0.03776499357655676,6.195889620583404
22.44157,688,411.459787,synthetic_track_0,0.38059191325913194,62.44156986972368
-3.813631,436,412.158586,synthetic_track_0,0.22056203062717133,36.18636909039528
58.889925,1127,413.687623,synthetic_track_0,0.6027507910979003,98.88992468094095
36.269143,895,414.888357,synthetic_track_0,0.46487330652517955,76.269142981495
33.355996,889,416.063163,synthetic_track_0,0.4471171834903321,73.35599596373125
36.906759,897,422.377546,synthetic_track_0,0.4687596853655026,76.90675925090065
37.11454,900,423.620739,synthetic_track_0,0.47002614205305077,77.11453966080303
37.703789,905,424.891479,synthetic_track_0,0.47361771671559066,77.7037890705261
-34.14777,139,425.082281,synthetic_track_0,0.03567033146545647,5.852230215306765
35.471366,856,426.31846,synthetic_track_0,0.46001071950692696,75.47136573907339
36.706759,912,427.621656,synthetic_track_0,0.46754065156191704,76.70675924625442
-33.822235,135,427.808327,synthetic_track_0,0.03765451862735463,6.17776461839829
21.625444,669,428.753847,synthetic_track_0,0.37561749011744394,61.62544430493325
36.064355,879,429.974607,synthetic_track_0,0.4636250868611729,76.06435461724573
8.82676,535,430.683909,synthetic_track_0,0.297607350036507,48.826760353143115
31.18584,814,432.014133,synthetic_track_0,0.43388971535398224,71.18583982782545
36.798266,872,433.370913,synthetic_track_0,0.4680983999922412,76.79826588727467
35.252782,908,440.400855,synthetic_track_0,0.45867841728680997,75.25278242380368
35.771366,880,441.627625,synthetic_track_0,0.4618392701290416,75.77136573238212
35.624763,901,443.002929,synthetic_track_0,0.46094570466829177,75.62476348412943
36.80242,887,444.262304,synthetic_track_0,0.46812372073755565,76.80242011922923
35.839062,922,445.624737,synthetic_track_0,0.46225189323727006,75.8390624798555
3.411373,497,446.327413,synthetic_track_0,0.2645996495546251,43.41137299446573
36.706759,954,447.700716,synthetic_track_0,0.46754065156191704,76.70675924625442
36.606759,918,449.064679,synthetic_track_0,0.466931134743388,76.60675925759192
36.371448,903,450.362564,synthetic_track_0,0.4654968712626812,76.37144773303734
35.429041,923,456.950444,synthetic_track_0,0.45975274461235904,75.42904125228686
-33.855668,135,457.121103,synthetic_track_0,0.03745074121412313,6.144332006871668
35.458504,913,458.298552,synthetic_track_0,0.45993232330366984,75.45850371591247
35.771366,897,459.588526,synthetic_track_0,0.4618392701290416,75.77136573238212
35.971366,931,461.072336,synthetic_track_0,0.46305830388622454,75.97136572941534
36.639062,922,462.396348,synthetic_track_0,0.46712802846111817,76.63906249999998
34.803669,893,463.607504,synthetic_track_0,0.455940994885278,74.80366896081787
20.319817,675,464.557854,synthetic_track_0,0.36765947408916677,60.319817473299224
38.346193,922,465.944724,synthetic_track_0,0.477533276600517,78.3461929094307
36.105266,874,467.237359,synthetic_track_0,0.46387444761783947,76.10526583098337
43.584251,996,474.237339,synthetic_track_0,0.5094601223979939,83.58425053265114
-33.484253,145,474.427768,synthetic_track_0,0.03971458056692357,6.515747368567682
41.431795,973,475.860048,synthetic_track_0,0.4963405450173443,81.4317954248693
37.075311,968,477.247651,synthetic_track_0,0.4697870382581437,77.07531124896434
38.476888,1000,478.598562,synthetic_track_0,0.47832988666809945,78.47688823284922
-8.851434,372,479.081307,synthetic_track_0,0.18985576829861145,31.148565716676774
39.326088,969,480.342221,synthetic_track_0,0.4835059053480473,79.32608844123858
41.451798,1001,481.732639,synthetic_track_0,0.4964624620216107,81.4517976605317
-32.278688,143,481.924514,synthetic_track_0,0.04706269949878864,7.721311821490495
36.187599,947,483.275614,synthetic_track_0,0.464376282820845,76.1875991039718
32.366133,863,484.490642,synthetic_track_0,0.44108380427593463,72.36613344526562
91.660921,1609,492.558694,synthetic_track_0,0.8024955504927249,131.66092142403537
35.839062,1013,494.082127,synthetic_track_0,0.46225189323727006,75.8390624798555
39.028215,972,495.588503,synthetic_track_0,0.48169031822523395,79.02821529618693
11.571696,610,496.661483,synthetic_track_0,0.31433819352034637,51.571695534317776
40.274725,965,498.167734,synthetic_track_0,0.4892880068726242,80.27472524554945
36.737847,947,499.620628,synthetic_track_0,0.46773013564187227,76.73784683115974
86.464074,1536,501.915331,synthetic_track_0,0.7708198881442546,126.46407405341056
36.964016,1006,503.407716,synthetic_track_0,0.4691086756823762,76.96401612498478
38.661149,909,510.105334,synthetic_track_0,0.47945298929904967,78.66114935075059
37.395044,911,511.244801,synthetic_track_0,0.4717358648280069,77.39504423904296
37.006759,997,512.490896,synthetic_track_0,0.46936920217183314,77.00675923756181
38.190603,941,513.658694,synthetic_track_0,0.47658492807416514,78.19060271240849
88.213955,1611,515.676568,synthetic_track_0,0.7814857050309649,128.2139545084263
174.009031,2415,518.852653,synthetic_track_0,1.3044211825983414,214.00903060519144
91.484119,1581,525.556687,synthetic_track_0,0.8014179070879526,131.48411854512625
37.364877,931,526.681626,synthetic_track_0,0.4715519930828661,77.36487743827476
201.338819,2715,530.162485,synthetic_track_0,1.4710008591801462,241.33881915767893
21.249494,680,530.984235,synthetic_track_0,0.3733260112233185,61.24949427949193
152.144046,2247,533.873003,synthetic_track_0,1.1711504059325666,192.1440455047266
-13.292872,347,534.303704,synthetic_track_0,0.16278445725569082,26.707128310725817
91.409402,1591,541.042853,synthetic_track_0,0.8009624962511734,131.4094018562175
87.631771,1470,542.913359,synthetic_track_0,0.7779371971452012,127.63177082200802
37.773325,892,544.08468,synthetic_track_0,0.4740415512877978,77.77332521969713
117.631728,1896,546.600675,synthetic_track_0,0.9607920009037603,157.63172774997022
37.739921,862,547.775676,synthetic_track_0,0.47383794686037134,77.73992098897645
10.646275,574,548.43654,synthetic_track_0,0.3086976018693264,50.64627545729176
35.426348,858,549.588437,synthetic_track_0,0.45973632946027126,75.42634811081354
-7.643043,375,554.974653,synthetic_track_0,0.19722111851208526,32.35695720884302
115.290696,1776,557.422778,synthetic_track_0,0.9465230177742442,155.29069611999716
123.726306,1779,559.731959,synthetic_track_0,0.997939486025101,163.72630623910752
20.052805,675,560.647802,synthetic_track_0,0.36603198985760027,60.05280530930708
35.271366,859,561.720145,synthetic_track_0,0.45879168561903966,75.27136572059625
35.673432,879,562.79871,synthetic_track_0,0.4612423496823673,75.67343235944601
36.893427,890,563.94971,synthetic_track_0,0.468678420931026,76.89342665321132
13.883621,560,564.623963,synthetic_track_0,0.328429771579584,53.88362131441562
92.11296,1487,571.310711,synthetic_track_0,0.8052508010081045,132.1129598451658
37.804207,924,572.500926,synthetic_track_0,0.4742297790700015,77.80420669091193
36.579428,874,573.544226,synthetic_track_0,0.46676454874464285,76.57942843179772
36.4515,926,574.778135,synthetic_track_0,0.4659848050533404,76.45150027966227
264.225465,3000,578.542478,synthetic_track_0,1.6104988305913202,264.2254649982722
37.535556,857,579.659938,synthetic_track_0,0.4725923082985917,77.5355560916203
35.986811,919,585.635778,synthetic_track_0,0.4631524452434568,75.98681097123593
-9.73317,352,586.062174,synthetic_track_0,0.18448144209142528,30.26683031012278
23.69812,735,586.941708,synthetic_track_0,0.388250799788609,63.698120210637036
87.10734,1456,588.789753,synthetic_track_0,0.7747407029103838,127.10734003105314
92.33965,1507,590.680635,synthetic_track_0,0.8066325133928485,132.33964960762827
35.797404,889,591.797728,synthetic_track_0,0.46199797783070606,75.79740401038305
36.639062,858,592.955601,synthetic_track_0,0.46712802846111817,76.63906249999998
37.124324,848,594.020613,synthetic_track_0,0.4700857762238003,77.12432350304917
36.523032,881,595.395605,synthetic_track_0,0.4664208059458552,76.5230324884265
38.163516,895,601.272604,synthetic_track_0,0.47641982848671277,78.16351575373643
37.425018,830,602.314584,synthetic_track_0,0.47191856201191845,77.4250183361711
14.287842,567,603.064812,synthetic_track_0,0.3308935645039912,54.287841931497304
90.023049,1443,604.94985,synthetic_track_0,0.7925124413410107,130.02304897878082
36.386071,867,606.193652,synthetic_track_0,0.46558600146727214,76.38607082329118
14.040698,537,606.872428,synthetic_track_0,0.3293871821951612,54.04069827733542
-4.568884,377,607.323987,synthetic_track_0,0.21595863556532907,35.431116011236305
90.193481,1404,609.048077,synthetic_track_0,0.7935512535252626,130.1934810382248
37.942923,849,610.036698,synthetic_track_0,0.47507528008578603,77.94292327661113
12.4628,567,610.793051,synthetic_track_0,0.3197696263930538,52.462800109582254
178.748585,2269,618.406505,synthetic_track_0,1.3333095651862594,218.7485846969743
38.017514,827,619.471581,synthetic_track_0,0.4755299203259803,78.01751353808194
-5.426024,460,620.16576,synthetic_track_0,0.21073422000063055,34.57397559877178
7.701622,492,620.888592,synthetic_track_0,0.290749443317555,47.70162225474129
37.094009,795,621.980752,synthetic_track_0,0.46990100180398114,77.09400860553473
13.599595,545,622.668707,synthetic_track_0,0.32669858167914134,53.59959474590404
37.438353,849,623.682312,synthetic_track_0,0.47199983632226333,77.43835255413848
12.425566,520,624.414301,synthetic_track_0,0.31954268063551955,52.42556639840231
88.534861,1381,626.244508,synthetic_track_0,0.7834416850935249,128.53486113172852
86.831771,1479,632.75238,synthetic_track_0,0.7730610622388333,126.83177085395074
115.616609,1779,635.217746,synthetic_track_0,0.9485095104959592,155.61660878329175
20.61125,627,636.179224,synthetic_track_0,0.3694358044295155,60.611249979336414
32.403245,794,637.20068,synthetic_track_0,0.44131000468265885,72.40324487093959
93.25428,1451,639.073211,synthetic_track_0,0.8122073375260516,133.25427957872756
9.980498,523,639.753074,synthetic_track_0,0.30463957669065944,49.980498140698316
12.795713,534,640.525847,synthetic_track_0,0.321798786026136,52.79571289251797
116.852002,1676,647.780782,synthetic_track_0,0.9560394426500858,156.85200230673755
37.181893,815,648.793912,synthetic_track_0,0.4704366710556008,77.1818928401619
90.522835,1482,650.823911,synthetic_track_0,0.795558721140202,130.52283493401845
88.39727,1368,652.542095,synthetic_track_0,0.7826030426195102,128.39726978831695
23.282037,666,653.378913,synthetic_track_0,0.3857147025279704,63.28203702867841
89.210156,1395,655.086581,synthetic_track_0,0.7875577187820825,129.2101555775546
14.231319,551,655.8292,synthetic_track_0,0.33054904930127516,54.23131926416745
9.743819,533,656.465699,synthetic_track_0,0.3031969778068272,49.743819073538354
90.002558,1416,663.212502,synthetic_track_0,0.7923875445747863,130.00255787037045
229.088264,2876,667.502978,synthetic_track_0,1.6401384093726474,269.08826361512905
91.084726,1455,669.913506,synthetic_track_0,0.7989835417284389,131.08472594273795
88.793871,1383,671.730997,synthetic_track_0,0.7850203927611179,128.7938707998156
21.699745,613,672.473699,synthetic_track_0,0.376070368234625,61.69974546481411
-1.916364,415,673.023706,synthetic_track_0,0.23212619285338212,38.08363600142688
2.492191,450,673.590607,synthetic_track_0,0.25899708143842687,42.49219122446504
10.937288,536,674.295814,synthetic_track_0,0.3104713731183227,50.93728810763596
9.573678,484,679.858669,synthetic_track_0,0.3021599399936756,49.573678125158914
13.438256,574,680.637547,synthetic_track_0,0.3257151961520062,53.438256225661554
85.18155,1324,682.278876,synthetic_track_0,0.7630026882803755,125.18155013611003
91.74539,1378,684.00394,synthetic_track_0,0.8030104033055399,131.74539042288694
2.823585,454,684.617771,synthetic_track_0,0.261016980098705,42.82358461179548
36.139062,834,685.624709,synthetic_track_0,0.46408044394368664,76.13906248699517
36.239062,778,686.706679,synthetic_track_0,0.464689960861352,76.23906249192241
-22.579007,243,687.035696,synthetic_track_0,0.10618389461358138,17.420993046793882
63.334027,1051,688.35183,synthetic_track_0,0.6298383450299444,103.3340269661517
38.183919,824,689.391712,synthetic_track_0,0.4765441883284173,78.18391877196738
14.914152,549,694.892045,synthetic_track_0,0.3347110290701552,54.91415182440095
65.172637,1210,696.428454,synthetic_track_0,0.6410449809145429,105.17263654563654
37.862443,843,697.520888,synthetic_track_0,0.47458473832035125,77.86244285426552
12.559823,540,698.229985,synthetic_track_0,0.32036099938517854,52.55982334292059
173.031465,2100,701.034315,synthetic_track_0,1.2984627558460367,213.03146511468572
12.744197,514,701.680151,synthetic_track_0,0.3214847877925668,52.74419697229653
24.272663,640,702.543459,synthetic_track_0,0.39175273335422234,64.27266271088058
-27.937682,189,702.775837,synthetic_track_0,0.07352186639748431,12.062318188261857
14.205643,534,703.530756,synthetic_track_0,0.3303925496766803,54.20564325292475
88.819321,1400,705.279105,synthetic_track_0,0.7851755177854621,128.8193212881436
37.192112,830,712.042016,synthetic_track_0,0.4704989609889864,77.1921123984136
22.71434,635,713.144565,synthetic_track_0,0.3822544949097399,62.714340269419154
13.063495,492,714.005496,synthetic_track_0,0.3234309653998213,53.06349536201175
15.900531,541,715.060745,synthetic_track_0,0.340723174250659,55.90053059461867
33.904824,772,716.390701,synthetic_track_0,0.4504623812091245,73.904823697083
37.11284,754,717.572705,synthetic_track_0,0.47001577930143557,77.11283950255878
115.691773,1645,719.936717,synthetic_track_0,0.9489676462297016,155.69177253068545
13.931192,538,720.713831,synthetic_track_0,0.32871972373189795,53.931192129629615
22.046644,614,721.602688,synthetic_track_0,0.3781847704055894,62.04664351044094
23.118785,634,722.534714,synthetic_track_0,0.38471965198773794,63.11878469549095
37.638157,805,723.787512,synthetic_track_0,0.473217679009596,77.63815713905522
8.649294,512,730.09471,synthetic_track_0,0.2965256622207192,48.64929393051642
38.483982,774,731.247678,synthetic_track_0,0.478373121564993,78.48398153867402
22.376809,638,732.207698,synthetic_track_0,0.3801971835481801,62.376808791079135
35.825659,756,733.377848,synthetic_track_0,0.46217019429939665,75.82565859564309
36.339062,824,734.651035,synthetic_track_0,0.4652994777472721,76.33906249164139
38.367023,772,735.857391,synthetic_track_0,0.4776602384281543,78.36702282082665
2.443123,415,736.522067,synthetic_track_0,0.25869800121348224,42.44312281782809
9.708942,479,737.322922,synthetic_track_0,0.3029843940003385,49.70894164671032
20.536438,650,738.245703,synthetic_track_0,0.36897981278299763,60.53643800024775
14.122138,530,739.050946,synthetic_track_0,0.32988357033219423,54.12213788091403
-23.916765,219,739.390735,synthetic_track_0,0.09803003209689724,16.083234785763786
14.401348,521,740.140837,synthetic_track_0,0.33158540041671686,54.40134754992443
42.277745,920,741.586558,synthetic_track_0,0.5014967477082988,82.27774453564423
22.481519,614,747.902208,synthetic_track_0,0.3808354115189652,62.48151925665189
33.857036,748,749.012084,synthetic_track_0,0.4501711054072328,73.857035718144
38.262553,812,750.197744,synthetic_track_0,0.4770234784059818,78.26255319330816
35.578875,759,751.298598,synthetic_track_0,0.4606660095444206,75.57887548175475
92.162819,1383,753.30091,synthetic_track_0,0.805554698071908,132.16281852340254
8.882808,458,753.922938,synthetic_track_0,0.2979489702287884,48.88280805242968
37.094028,802,755.16773,synthetic_track_0,0.46990112030302045,77.09402804700414
8.336955,473,755.976893,synthetic_track_0,0.2946219025831093,48.33695481797716
25.603106,644,756.860832,synthetic_track_0,0.39986201277348277,65.60310647442451
13.568493,533,757.627596,synthetic_track_0,0.32650901113147146,53.56849297472817
9.059651,479,758.272508,synthetic_track_0,0.29902685529297585,49.05965057903682
89.341903,1450,765.48672,synthetic_track_0,0.7883607401274176,129.3419027631746
13.615168,519,766.221403,synthetic_track_0,0.3267935053622852,53.615168339527095
202.05341,2515,769.644778,synthetic_track_0,1.4753564090531246,242.05340967376662
39.963261,860,770.907646,synthetic_track_0,0.4873895767698553,79.96326051974977
115.903101,1600,773.229682,synthetic_track_0,0.9502557289151281,155.9031009961573
12.95082,543,773.948385,synthetic_track_0,0.32274418812931904,52.950819686499415
42.331021,923,775.251869,synthetic_track_0,0.5018214779404042,82.33102119437086
117.252002,1630,782.703115,synthetic_track_0,0.9584775102498518,157.2520023148151
91.266426,1544,784.792038,synthetic_track_0,0.8000910331449619,131.26642581668628
89.025235,1312,786.581584,synthetic_track_0,0.7864305946390234,129.02523467283018
38.081891,804,787.749443,synthetic_track_0,0.4759223129470354,78.08189118356096
91.429016,1458,789.779831,synthetic_track_0,0.8010820501695107,131.42901639369185
38.706352,759,790.946252,synthetic_track_0,0.4797285050237366,78.70635166265976
63.063711,1189,792.950514,synthetic_track_0,0.6281907214453503,103.06371065203076
87.226401,1367,800.090089,synthetic_track_0,0.7754663972777215,127.22640061527352
63.499502,1074,801.428572,synthetic_track_0,0.6308469438676767,103.49950209214025
91.541083,1445,803.249137,synthetic_track_0,0.8017651150155602,131.5410829926506
116.284306,1825,805.564622,synthetic_track_0,0.9525792350318553,156.28430554747828
92.467976,1555,807.552797,synthetic_track_0,0.8074146855323463,132.46797618157035
33.177901,792,808.532856,synthetic_track_0,0.4460316674171339,73.17790146049055
115.984306,1545,815.228917,synthetic_track_0,0.9507506842922423,155.98430553489226
37.307145,780,816.249015,synthetic_track_0,0.4712001038856373,77.3071449612313
10.553947,485,816.826685,synthetic_track_0,0.3081348435782228,50.55394687665324
87.128608,1346,818.495555,synthetic_track_0,0.7748703339716444,127.1286078685636
22.882037,626,819.30581,synthetic_track_0,0.38327663490243746,62.88203701637344
92.341042,1340,821.025697,synthetic_track_0,0.8066409981485074,132.34104165366196
13.307701,528,821.742391,synthetic_track_0,0.3249194405262219,53.3077010856925
88.612319,1357,823.400968,synthetic_track_0,0.7839138027359186,128.61231881206075
88.894626,1382,829.886966,synthetic_track_0,0.7856345109248953,128.89462570525595
252.925412,2933,833.846651,synthetic_track_0,1.7854298533628543,292.9254118448409
301.661206,3000,837.771914,synthetic_track_0,1.8386759937958597,301.66120596529265
117.466261,1707,845.097762,synthetic_track_0,0.9597834536018504,157.46626107917353
86.931771,1291,846.8433,synthetic_track_0,0.7736705788780163,126.93177081318893
13.210205,532,847.664937,synthetic_track_0,0.3243251860195319,53.2102050985021
297.368362,3000,852.468584,synthetic_track_0,1.8125103857097922,297.36836213816287
5.342284,459,853.184079,synthetic_track_0,0.2763688777354298,45.34228392074197
296.578867,3000,864.131622,synthetic_track_0,1.807698278336412,296.5788668065294
90.124338,1403,866.599875,synthetic_track_0,0.7931298161850054,130.12433818938698
42.064538,947,868.106782,synthetic_track_0,0.5001972178922932,82.06453800398403
277.644973,3000,872.659939,synthetic_track_0,1.6922930000220542,277.64497331548586
21.820932,635,873.672802,synthetic_track_0,0.3768090222203283,61.82093226056833
13.405309,512,874.447176,synthetic_track_0,0.3255143742706561,53.40530851159083
12.625944,534,875.243024,synthetic_track_0,0.3207640153726641,52.62594390424755
197.455706,2447,884.552355,synthetic_track_0,1.4473326306548637,237.45570631773853
65.306667,1187,886.397921,synthetic_track_0,0.6418619198317999,105.30666710883052
75.897521,1170,888.218541,synthetic_track_0,0.7064149658356584,115.89752149098604
32.793563,756,889.272018,synthetic_track_0,0.44368906009486814,72.79356308204741
139.070274,2638,892.948521,synthetic_track_0,1.0914635590897626,179.07027372585782
88.329473,1336,900.21242,synthetic_track_0,0.7821898093758674,128.3294729393654
89.564228,1448,902.297593,synthetic_track_0,0.7897158527515442,129.56422845285138
90.478314,1419,904.320484,synthetic_track_0,0.7952873557869207,130.47831355015077
249.117402,2995,908.738631,synthetic_track_0,1.7622193889153925,289.11740177680207
37.084892,761,909.849971,synthetic_track_0,0.46984543506020654,77.0848920831049
65.467161,1103,916.768825,synthetic_track_0,0.642840155034676,105.46716064440344
62.554629,1051,918.277766,synthetic_track_0,0.6250877832512471,102.5546290733147
302.601302,3000,922.591944,synthetic_track_0,1.8444060362964902,302.60130173899347
13.932431,515,923.299053,synthetic_track_0,0.32872727426500625,53.93243090303549
36.361058,876,924.534217,synthetic_track_0,0.4654335417297577,76.36105761354953
88.850291,1376,926.426872,synthetic_track_0,0.7853642809286306,128.85029059301417
14.116868,502,927.130734,synthetic_track_0,0.3298514510390565,54.116868249540495
91.151957,1322,934.243694,synthetic_track_0,0.7993933238842436,131.15195659116117
255.626535,2918,938.326861,synthetic_track_0,1.801893658135036,295.6265354898504
24.141016,590,939.118564,synthetic_track_0,0.39095032244521516,64.14101567610797
87.199715,1435,941.37299,synthetic_track_0,0.7753037455243118,127.19971525893477
115.216609,1711,943.818661,synthetic_track_0,0.94607144315036,155.21660881691392
37.665219,789,950.534139,synthetic_track_0,0.4733826279534608,77.66521938248303
116.352002,1628,952.920712,synthetic_track_0,0.952991858386821,156.35200233543245
7.055676,458,953.601215,synthetic_track_0,0.2868122901710646,47.055675731129796
34.703669,763,954.488986,synthetic_track_0,0.4553314780008091,74.70366896133699
34.25781,746,955.47565,synthetic_track_0,0.4526138951175537,74.25781045628246
36.306759,755,956.414337,synthetic_track_0,0.4651025842163178,76.30675927987659
38.852279,802,957.455729,synthetic_track_0,0.48061795379901995,78.8522785095331
118.744104,1685,959.610146,synthetic_track_0,0.9675721245426637,158.74410441687985
178.70537,2078,967.040658,synthetic_track_0,1.3330461634466884,218.70536985831842
198.133052,2263,969.942625,synthetic_track_0,1.4514611649564513,238.13305166868037
-7.999567,356,970.39974,synthetic_track_0,0.19504804083922775,32.000432604365464
87.915427,1303,972.189893,synthetic_track_0,0.779666126627403,127.91542653644046
62.242505,1026,973.481219,synthetic_track_0,0.6231853366871805,102.24250538935009
13.053408,513,974.108778,synthetic_track_0,0.32336948348732314,53.053408371192354
42.928077,882,975.188002,synthetic_track_0,0.505460631879374,82.92807666778063
88.673901,1379,981.947814,synthetic_track_0,0.7842891535631291,128.6739005064857
87.5512,1237,983.567635,synthetic_track_0,0.77744610560222,127.55120020075941
62.859903,1058,984.963271,synthetic_track_0,0.6269484809351127,102.85990325383682
37.793461,773,985.936983,synthetic_track_0,0.47416428292628254,77.79346110780375
12.527914,484,986.542396,synthetic_track_0,0.32016650526550194,52.527913789039005
23.671589,614,987.366626,synthetic_track_0,0.38808908939111425,63.67158929725697
91.861432,1347,989.177749,synthetic_track_0,0.8037176969735303,131.86143210808737
36.506759,755,990.258962,synthetic_track_0,0.4663216177399697,76.50675923859568
12.375487,511,991.010587,synthetic_track_0,0.3192374365712718,52.375486725395525
15.770516,523,991.698087,synthetic_track_0,0.33993071218014875,55.77051580969816
16.873431,524,992.561031,synthetic_track_0,0.3466531652865944,56.87343079742746
120.05024,1543,999.484574,synthetic_track_0,0.9755332441485892,160.05024043500424
62.792875,1067,1000.926054,synthetic_track_0,0.6265399309495547,102.79287476064043
38.223634,787,1001.988758,synthetic_track_0,0.4767862584732315,78.22363385611447
89.544319,1299,1003.709724,synthetic_track_0,0.7895944983806127,129.54431852526878
172.297626,2022,1006.238051,synthetic_track_0,1.293989881745207,212.29762587387327
8.821921,465,1006.841658,synthetic_track_0,0.2975778551678234,48.82192129629628
91.469481,1308,1013.232231,synthetic_track_0,0.8013286874960505,131.46948078960014
137.536514,1874,1015.668972,synthetic_track_0,1.0821150365441834,177.5365143280037
34.545973,787,1016.807834,synthetic_track_0,0.45437029444378396,74.54597299318132
225.989451,2744,1020.3706,synthetic_track_0,1.621250625368917,265.98945136120136
91.473345,1357,1022.181664,synthetic_track_0,0.8013522398238605,131.47334488726304
9.165227,481,1022.856747,synthetic_track_0,0.299670362891135,49.16522724331239
5.484251,444,1023.423074,synthetic_track_0,0.2772341920848981,45.48425116841391
62.384672,1126,1030.024305,synthetic_track_0,0.6240518658563808,102.38467194564772
288.707794,3000,1033.927091,synthetic_track_0,1.7597227580898656,288.70779363038594
9.521835,490,1034.541969,synthetic_track_0,0.3018439457487959,49.52183473061299
107.905956,1431,1036.505938,synthetic_track_0,0.9015117767029196,147.9059555189417
63.448256,1033,1037.891931,synthetic_track_0,0.6305345900064276,103.4482559548163
62.415547,1038,1039.31061,synthetic_track_0,0.624240055544396,102.41554716696373
120.609128,1724,1047.737109,synthetic_track_0,0.9789397574328421,160.60912786755458
115.806068,1682,1050.456799,synthetic_track_0,0.9496642971019517,155.80606811238056
119.626792,1711,1052.850161,synthetic_track_0,0.9729522527089915,159.62679171816546
91.814769,1397,1054.7622,synthetic_track_0,0.803433278219232,131.8147691262949
271.938402,3000,1063.714562,synthetic_track_0,1.6575104820455198,271.938401654837
86.196377,1514,1065.70905,synthetic_track_0,0.7691882312656373,126.19637730673735
116.584306,1575,1067.807946,synthetic_track_0,0.9544077856749582,156.58430554423046
296.035351,3000,1072.099883,synthetic_track_0,1.8043854560245571,296.0353507236986
103.350091,1476,1079.082469,synthetic_track_0,0.8737430108823759,143.3500906390726
37.474456,750,1080.046071,synthetic_track_0,0.472219892983733,77.47445601015988
8.89349,478,1080.668642,synthetic_track_0,0.2980140793648537,48.89349014137362
8.132427,464,1081.248451,synthetic_track_0,0.2933752698685382,48.132426815576395
37.590702,775,1082.394657,synthetic_track_0,0.4729284344428466,77.59070241341627
114.197791,1585,1084.61782,synthetic_track_0,0.9398615744060927,154.19779065612718
120.267249,1719,1086.836121,synthetic_track_0,0.9768559453931565,160.26724857233475
291.016788,3000,1096.340626,synthetic_track_0,1.7737964676608224,291.0167878283335
113.638663,1566,1098.597031,synthetic_track_0,0.9364535949214136,153.63866267233766
8.384169,466,1099.254004,synthetic_track_0,0.29490968168234244,48.38416911262135
63.156885,1087,1100.813185,synthetic_track_0,0.6287586362234117,103.1568852284181
130.354495,1769,1103.350653,synthetic_track_0,1.0383394161350803,170.35449504399327
7.763076,493,1104.061049,synthetic_track_0,0.2911240139472741,47.76307594656166
171.724664,2130,1112.409131,synthetic_track_0,1.2904975829003407,211.72466408795327
9.272848,482,1113.066147,synthetic_track_0,0.3003263267012321,49.27284752806683
293.877775,3000,1117.401739,synthetic_track_0,1.7912346670384451,293.87777490374367
172.193864,2151,1120.878702,synthetic_track_0,1.2933574347905996,212.1938638670381
117.096474,1747,1123.624926,synthetic_track_0,0.9575295409458636,157.09647433466847
13.163495,526,1124.41872,synthetic_track_0,0.3240404822061519,53.16349534867292
64.991597,1186,1131.092042,synthetic_track_0,0.6399415156549135,104.99159722055492
108.022273,1593,1133.107125,synthetic_track_0,0.9022207493424063,148.0222726635314
36.132647,920,1134.364829,synthetic_track_0,0.4640413401158906,76.132646942391
118.531241,1709,1136.512311,synthetic_track_0,0.9662746847105717,158.5312407770994
95.290321,1341,1138.238678,synthetic_track_0,0.8246173511495892,135.29032056058296
66.613705,1186,1139.767157,synthetic_track_0,0.6498285387485793,106.61370536788793
22.544634,626,1145.540317,synthetic_track_0,0.3812201070926919,62.54463409096281
319.892416,3000,1149.250019,synthetic_track_0,1.9497982951996666,319.89241557711125
63.593793,1127,1150.696977,synthetic_track_0,0.6314216634133847,103.59379308839793
36.450752,774,1151.7519,synthetic_track_0,0.46598024112852127,76.45075150224335
119.180337,1595,1153.7271,synthetic_track_0,0.9702310349714073,159.18033686305031
181.087595,2003,1161.053782,synthetic_track_0,1.3475662251524696,221.08759453500755
130.469794,1723,1163.208159,synthetic_track_0,1.0390421836263357,170.46979414489013
300.743851,3000,1167.132013,synthetic_track_0,1.8330845587275482,300.74385073170345
8.942026,467,1167.770621,synthetic_track_0,0.29830991619202624,48.94202642202064
119.366981,1673,1169.90404,synthetic_track_0,0.9713686629548901,159.3669810736645
21.192883,571,1170.587181,synthetic_track_0,0.3729809584227269,61.192883411508994
1.827948,387,1176.052831,synthetic_track_0,0.25494840578443345,41.827947831682934
8.819641,462,1176.748417,synthetic_track_0,0.2975639593517356,48.81964148807935
115.448912,1596,1179.132114,synthetic_track_0,0.9474873704384972,155.44891202571193
115.609509,1619,1181.230117,synthetic_track_0,0.9484662362302665,155.60950901845
9.257122,450,1181.957852,synthetic_track_0,0.3002304781973831,49.25712220432376
8.955859,464,1182.616091,synthetic_track_0,0.2983942276460865,48.95585892703747
130.504271,1715,1184.951721,synthetic_track_0,1.0392523231791337,170.50427055679302
9.189324,466,1185.518064,synthetic_track_0,0.2998172369357024,49.18932403989791
20.869797,596,1186.354562,synthetic_track_0,0.37101169507346615,60.869797474233636
63.843007,1059,1192.63465,synthetic_track_0,0.6329406614878113,103.8430065401081
184.822283,2168,1195.42998,synthetic_track_0,1.3703297798365144,224.82228263732486
9.087522,463,1196.020793,synthetic_track_0,0.29919673829664867,49.08752232584478
64.991597,1199,1197.657602,synthetic_track_0,0.6399415156549135,104.99159722055492
44.584911,927,1199.004443,synthetic_track_0,0.5155593194045174,84.58491140526601
8.995092,462,1199.634581,synthetic_track_0,0.2986333621511763,48.995092377322734
297.099991,3000,1208.445388,synthetic_track_0,1.8108746193186258,297.0999911669304
181.016169,2094,1211.270567,synthetic_track_0,1.3471308759621874,221.0161692473551
138.186719,1789,1213.575194,synthetic_track_0,1.0860781422923356,178.18671874867897
88.800057,1337,1215.274637,synthetic_track_0,0.7850580974174974,128.8000567902524
320.260788,3000,1224.057227,synthetic_track_0,1.952043589925151,320.2607884263367
10.847283,465,1224.777095,synthetic_track_0,0.3099227738039813,50.84728251050282
36.987188,738,1225.76585,synthetic_track_0,0.4692499140763132,76.9871883121387
76.148208,3000,1229.564169,synthetic_track_0,0.4641361845472032,76.14820753361283
306.326393,3000,1234.040557,synthetic_track_0,1.8671110937944688,306.3263925377326
25.397978,582,1239.566111,synthetic_track_0,0.39861172127186073,65.39797819545632
118.461936,1601,1241.656148,synthetic_track_0,0.9658522629678602,158.46193642289984
90.960677,1337,1243.4637,synthetic_track_0,0.7982274439858899,130.96067724812585
296.300425,3000,1247.587183,synthetic_track_0,1.8060011278876957,296.30042489898733
15.459853,509,1248.252974,synthetic_track_0,0.3380371672516845,55.45985256690966
121.057296,1619,1250.515201,synthetic_track_0,0.9816714193371718,161.05729623823547
7.615687,441,1256.186851,synthetic_track_0,0.2902256519927538,47.61568676461316
114.793363,1631,1258.32364,synthetic_track_0,0.943491691146794,154.79336344735836
289.858534,3000,1262.435186,synthetic_track_0,1.7667367172320771,289.8585343702282
13.339389,511,1263.213517,synthetic_track_0,0.3251125827903749,53.33938884825853
13.544786,506,1263.978817,synthetic_track_0,0.32636451116487064,53.5447856797323
177.555445,2069,1266.77261,synthetic_track_0,1.3260371780595641,217.55544513443704
20.246487,566,1272.422097,synthetic_track_0,0.36721251493935403,60.246487405030166
36.693154,769,1273.339674,synthetic_track_0,0.4674577279317543,76.6931544336815
91.592548,1417,1275.236123,synthetic_track_0,0.8020788031517715,131.59254803694648
154.184216,1924,1277.961703,synthetic_track_0,1.183585589421379,194.18421596449895
115.474604,1554,1279.940688,synthetic_track_0,0.9476439669926433,155.47460393963974
114.681215,1635,1282.410628,synthetic_track_0,0.9428081290630835,154.68121526941943
109.276766,1437,1289.210614,synthetic_track_0,0.9098670972313556,149.27676586037177
14.04921,491,1289.840717,synthetic_track_0,0.3294390621325982,54.0492099262314
282.596019,3000,1293.686082,synthetic_track_0,1.7224704621874727,282.5960194272038
172.321886,2123,1296.438109,synthetic_track_0,1.2941377529987919,212.3218862769212
19.241899,552,1297.105152,synthetic_track_0,0.36108937840942507,59.241898909753615
116.732777,1641,1304.088096,synthetic_track_0,0.9553127444919921,156.73277703622605
278.23671,3000,1307.933142,synthetic_track_0,1.6958997327095235,278.2367096169156
35.171366,820,1308.940953,synthetic_track_0,0.45818216897985675,75.17136576135806
8.758248,460,1309.493806,synthetic_track_0,0.29718975399455233,48.75824772446495
86.504868,1377,1311.249774,synthetic_track_0,0.771068537118503,126.50486848901906
18.181636,544,1311.95891,synthetic_track_0,0.354626898596746,58.1816362749027
119.390486,1667,1318.901608,synthetic_track_0,0.9715119300016255,159.39048609044784
12.43424,493,1319.523195,synthetic_track_0,0.3195955471066164,52.43423990231492
12.228102,491,1320.379163,synthetic_track_0,0.3183391008772064,52.22810185185183
116.284306,1536,1322.296211,synthetic_track_0,0.9525792350318553,156.28430554747828
115.348912,1539,1324.397072,synthetic_track_0,0.9468778534876445,155.34891201533983
17.999498,532,1325.167871,synthetic_track_0,0.35351673717911486,57.99949834892294
115.316609,1704,1327.684774,synthetic_track_0,0.9466809597895427,155.3166087761521
20.131835,570,1328.467265,synthetic_track_0,0.36651368880185986,60.1318349398281
177.348179,2026,1336.015166,synthetic_track_0,1.3247738556816149,217.34817895304292
119.134917,1625,1338.087194,synthetic_track_0,0.9699541953107893,159.13491734043578
14.462577,504,1338.806799,synthetic_track_0,0.3319586067083743,54.46257740248959
298.40879,3000,1342.874298,synthetic_track_0,1.8188519704904027,298.40879020656917
299.816419,3000,1351.688293,synthetic_track_0,1.8274317081447535,299.8164194008429
41.773224,860,1352.789037,synthetic_track_0,0.49842161181941746,81.77322432442855
88.278461,1324,1354.491585,synthetic_track_0,0.7818788838561643,128.27846114198755
114.557482,1603,1356.501373,synthetic_track_0,0.9420539542807463,154.55748206404985
87.444565,1436,1358.271083,synthetic_track_0,0.7767961435175259,127.44456458526102
1.002827,409,1358.877212,synthetic_track_0,0.24991915592879346,41.00282715698424
183.880678,2151,1366.43074,synthetic_track_0,1.364590538928851,223.88067773283223
177.182665,2214,1369.283683,synthetic_track_0,1.3237650172745,217.18266452225615
276.126735,3000,1373.09974,synthetic_track_0,1.6830390808168707,276.12673495442584
271.00244,3000,1381.824997,synthetic_track_0,1.6518056364854197,271.0024398011377
13.322523,520,1382.498142,synthetic_track_0,0.3250097802483728,53.322522614674526
116.694011,1629,1384.809947,synthetic_track_0,0.9550764603257573,156.6940112249698
-3.860943,389,1385.349942,synthetic_track_0,0.22027365758220074,36.13905735042193
275.772316,3000,1389.334557,synthetic_track_0,1.6808788401963162,275.7723164527591
64.456204,1208,1390.988065,synthetic_track_0,0.6366782017544133,104.45620370370374
22.662749,614,1391.83192,synthetic_track_0,0.38194003655788494,62.662748860184195
13.46227,487,1397.657207,synthetic_track_0,0.32586156329616595,53.462269857954524
290.120895,3000,1401.345685,synthetic_track_0,1.768335846849986,290.12089455258814
114.848912,1581,1403.490839,synthetic_track_0,0.9438302690557812,154.84891201637373
292.604012,3000,1407.410661,synthetic_track_0,1.7834708642811319,292.604011548726
21.587491,612,1413.141307,synthetic_track_0,0.37538615722447183,61.58749082117163
201.880407,2377,1416.342314,synthetic_track_0,1.474301931395538,241.88040746841648
187.078703,2259,1419.967157,synthetic_track_0,1.384083045623587,227.0787034299434
92.492576,1407,1422.234555,synthetic_track_0,0.8075646257110954,132.49257602150774
185.911007,2313,1431.476314,synthetic_track_0,1.376965736669393,225.91100666901633
300.519216,3000,1436.320928,synthetic_track_0,1.831715373836383,300.51921628449685
310.888949,3000,1441.298157,synthetic_track_0,1.8949206433398378,310.8889485734422
201.635406,2258,1450.457233,synthetic_track_0,1.4728086059263563,241.63540597633627
323.983037,3000,1454.94391,synthetic_track_0,1.9747313224233483,323.98303681002017
12.228102,495,1455.6719,synthetic_track_0,0.3183391008772064,52.22810185185183
310.231678,3000,1460.449182,synthetic_track_0,1.8909144654253651,310.23167754522996
131.849342,1679,1469.006343,synthetic_track_0,1.0474507583899726,171.84934160850358
20.457817,562,1469.834328,synthetic_track_0,0.3685006021349109,60.45781661045367
114.836796,1561,1472.047154,synthetic_track_0,0.9437564228761692,154.83679648994448
114.396512,1522,1474.310625,synthetic_track_0,0.9410728160562277,154.39651224607996
23.381829,613,1475.346267,synthetic_track_0,0.38632295069025696,63.38182887606243
306.01706,3000,1480.281004,synthetic_track_0,1.865225657364054,306.0170596105127
293.32552,3000,1490.340672,synthetic_track_0,1.787868578998466,293.3255198131504
87.064074,1320,1492.377228,synthetic_track_0,0.7744769895269706,127.06407406274877
312.690796,3000,1497.112248,synthetic_track_0,1.9059032055665117,312.69079565094046
138.494048,1722,1507.400818,synthetic_track_0,1.0879513635942974,178.49404760862842
88.596163,1330,1509.656331,synthetic_track_0,0.7838153282891033,128.59616266465724
86.380448,1448,1511.748882,synthetic_track_0,0.7703101721199113,126.38044781848821
23.665655,605,1512.625239,synthetic_track_0,0.38805291658290275,63.66565462851433
203.191649,2318,1515.92458,synthetic_track_0,1.4822941677692463,243.19164863923052
120.026421,1633,1518.051008,synthetic_track_0,0.9753880609089978,160.0264210392603
299.417656,3000,1527.011028,synthetic_track_0,1.8250011774345656,299.41765592775414
300.247948,3000,1530.889108,synthetic_track_0,1.830061950730736,300.24794847564783
35.924536,776,1531.869798,synthetic_track_0,0.46277286768013765,75.92453582004312
316.917924,3000,1540.600856,synthetic_track_0,1.9316682673900922,316.91792411060237
310.019083,3000,1544.392438,synthetic_track_0,1.889618666819489,310.0190831721834
306.246637,3000,1548.276194,synthetic_track_0,1.8666249704823328,306.2466370261136
314.272511,3000,1556.942611,synthetic_track_0,1.915544027815119,314.2725110134214
305.555432,3000,1560.7812,synthetic_track_0,1.8624119568635498,305.55543162979654
293.04968,3000,1564.657992,synthetic_track_0,1.7861872907306813,293.0496803242211
89.367825,1306,1571.260562,synthetic_track_0,0.7885187418559092,129.3678252161365
200.355635,2379,1574.449718,synthetic_track_0,1.4650081848862908,240.35563486607919
296.843778,3000,1578.43863,synthetic_track_0,1.8093129561256032,296.843777889709
313.55691,3000,1587.295376,synthetic_track_0,1.91118232089578,313.5569103454437
313.889824,3000,1591.188259,synthetic_track_0,1.913211486024839,313.8898240300733
256.24162,2930,1594.907092,synthetic_track_0,1.8056427035974814,296.24162024607506
37.774456,785,1595.961476,synthetic_track_0,0.47404844369757915,77.77445601851849
297.051529,3000,1604.767292,synthetic_track_0,1.8105792354189085,297.0515291955379
36.806759,835,1605.893643,synthetic_track_0,0.46815016847958263,76.80675925118169
301.313799,3000,1609.788106,synthetic_track_0,1.836558492155872,301.3137994072544
311.937484,3000,1618.740679,synthetic_track_0,1.9013116437502258,311.9374839856777
309.147465,3000,1622.536249,synthetic_track_0,1.88430600680545,309.1474649903361
253.591778,2902,1626.062752,synthetic_track_0,1.7894914664416521,293.59177780798433
99.045431,1319,1632.49307,synthetic_track_0,0.8475053817226121,139.04543072035327
313.83893,3000,1636.275225,synthetic_track_0,1.9129012754303416,313.8389295264441
8.113745,441,1636.808172,synthetic_track_0,0.29326139918235505,48.11374469396606
313.791273,3000,1640.873266,synthetic_track_0,1.91261080105759,313.79127303346655
203.109779,2281,1649.040604,synthetic_track_0,1.4817951578631656,243.10977889678276
320.748669,3000,1652.90074,synthetic_track_0,1.955017302631619,320.7486687077209
186.111007,2049,1655.603386,synthetic_track_0,1.3781847704055883,226.11100666260623
114.631097,1603,1657.627421,synthetic_track_0,0.9425026494143572,154.6310969453952
179.72798,2009,1664.912611,synthetic_track_0,1.3392791461412128,219.72798019463403
19.673724,537,1665.684682,synthetic_track_0,0.3637214252997611,59.67372400660323
87.853134,1292,1667.251626,synthetic_track_0,0.7792864460348283,127.85313448181847
323.244392,3000,1671.247134,synthetic_track_0,1.970229156999853,323.2443919070087
323.397709,3000,1680.109079,synthetic_track_0,1.971163653054634,323.39770940710457
37.380191,766,1681.084584,synthetic_track_0,0.4716453297654034,77.38019066165398
37.331364,775,1682.177139,synthetic_track_0,0.4713477205442192,77.33136359431218
88.820149,1261,1683.998246,synthetic_track_0,0.7851805610804481,128.82014871312367
201.838819,2188,1686.764854,synthetic_track_0,1.4740484436975811,241.8388191706843
327.076889,3000,1695.482734,synthetic_track_0,1.9935888748305421,327.076889136315
36.648234,723,1696.540153,synthetic_track_0,0.4671839277436049,76.64823358018182
37.25078,756,1697.658285,synthetic_track_0,0.47085655169649127,77.25078029010952
36.831611,710,1698.640857,synthetic_track_0,0.46830164121997986,76.83161052986988
34.735972,679,1699.564185,synthetic_track_0,0.455528371698911,74.73597220052476
40.024209,783,1700.543763,synthetic_track_0,0.48776106768213473,80.02420893968971
36.35649,720,1701.527125,synthetic_track_0,0.465405698784955,76.3564895785422
42.143048,790,1702.5491,synthetic_track_0,0.5006757495596965,82.1430479972447
63.526324,1004,1703.881809,synthetic_track_0,0.6310104249712615,103.5263235152873
200.613606,2098,1711.581134,synthetic_track_0,1.4665805615018765,240.6136058341506
72.535445,1037,1712.901021,synthetic_track_0,0.6859225442606305,112.53544539583336
37.34018,705,1713.827166,synthetic_track_0,0.4714014554786642,77.34017958211092
113.483328,1389,1715.653693,synthetic_track_0,0.9355068040468075,153.48332803045713
36.406759,739,1716.592987,synthetic_track_0,0.46571210085550063,76.40675923911476
319.250875,3000,1720.584296,synthetic_track_0,1.9458879951107577,319.25087468329053
37.734575,702,1726.424679,synthetic_track_0,0.47380536102978354,77.73457481543328
226.917172,2444,1729.626147,synthetic_track_0,1.6269052370044046,266.9171716180505
19.690949,514,1730.273634,synthetic_track_0,0.3638264140517292,59.69094891933302
15.68879,506,1730.981942,synthetic_track_0,0.3394325818100807,55.68879036776619
36.816822,720,1731.977087,synthetic_track_0,0.46821150397568173,76.81682222028782
121.147496,1431,1733.767257,synthetic_track_0,0.9822212027016998,161.1474960958084
183.901555,1954,1736.271931,synthetic_track_0,1.3647177903106353,223.90155514974487
34.535972,661,1742.038373,synthetic_track_0,0.45430933800666046,74.53597221414464
36.039062,684,1743.043163,synthetic_track_0,0.4634709271251575,76.03906249833265
36.506759,700,1743.997455,synthetic_track_0,0.4663216177399697,76.50675923859568
37.674456,759,1744.975464,synthetic_track_0,0.47343892674091603,77.67445600719311
22.077766,575,1745.749959,synthetic_track_0,0.37837446705556066,62.077765970510576
36.806759,723,1746.740663,synthetic_track_0,0.46815016847958263,76.80675925118169
35.823201,704,1747.634596,synthetic_track_0,0.46215521291116424,75.8232006837236
34.803669,788,1748.574617,synthetic_track_0,0.455940994885278,74.80366896081787
37.065781,708,1749.464589,synthetic_track_0,0.46972895113046814,77.06578122135491
36.260453,707,1750.448503,synthetic_track_0,0.46482034062827104,76.26045316534992
36.769476,700,1751.477393,synthetic_track_0,0.4679229204595094,76.76947594949078
16.072994,524,1752.245692,synthetic_track_0,0.34177436572430114,56.07299365429276
63.619089,988,1758.496225,synthetic_track_0,0.6315758468424331,103.61908909449338
36.406759,721,1759.468474,synthetic_track_0,0.4657121008555007,76.40675923911478
37.109764,691,1760.374053,synthetic_track_0,0.4699970318180919,77.1097637086433
13.704023,468,1760.996508,synthetic_track_0,0.3273350909567078,53.70402323516843
33.521295,637,1761.969771,synthetic_track_0,0.4481247098570368,73.52129513544367
36.243122,708,1763.112245,synthetic_track_0,0.4647147061666171,76.24312231467174
36.606759,712,1764.11816,synthetic_track_0,0.466931134743388,76.60675925759192
35.486257,707,1765.039974,synthetic_track_0,0.4601014856805191,75.48625723353955
36.706247,712,1766.050659,synthetic_track_0,0.46753753202481446,76.70624744138635
35.103669,680,1766.909905,synthetic_track_0,0.4577695456248909,75.10366897340388
16.904562,525,1767.532571,synthetic_track_0,0.34684291413968815,56.90456182216914
37.106759,701,1768.438426,synthetic_track_0,0.46997871912268563,77.10675924793387
38.340516,708,1775.127133,synthetic_track_0,0.4774986776335148,78.34051645194376
18.984628,517,1775.92829,synthetic_track_0,0.3595212680008371,58.98462787421635
36.959539,675,1776.924758,synthetic_track_0,0.4690813881166693,76.9595392078951
13.13991,456,1777.598115,synthetic_track_0,0.32389672319755736,53.139909618480466
62.814942,927,1778.990169,synthetic_track_0,0.6266744314783069,102.81494150423379
19.47069,521,1779.7731,synthetic_track_0,0.36248390053906004,59.470690294853775
21.178947,536,1780.569899,synthetic_track_0,0.37289601204774603,61.17894673859568
27.252611,560,1781.415895,synthetic_track_0,0.4099160216318041,67.25261103489122
34.435972,651,1782.374612,synthetic_track_0,0.45369982108899504,74.43597220921738
36.92852,702,1783.442423,synthetic_track_0,0.4688923194431744,76.92851977638614
21.063191,525,1784.299934,synthetic_track_0,0.3721904610179615,61.06319095822272
36.978241,685,1785.358459,synthetic_track_0,0.4691953783777648,76.9782409474873
63.342575,1030,1792.420597,synthetic_track_0,0.6298904464387165,103.34257495060122
19.488441,514,1793.246054,synthetic_track_0,0.3625920913039805,59.4884405437994
13.25612,461,1793.922112,synthetic_track_0,0.3246050455646332,53.2561200765412
88.01038,1151,1795.671204,synthetic_track_0,0.7802448867556602,128.01038044830085
12.795799,459,1796.388249,synthetic_track_0,0.3217993084954369,52.79579861111109
19.013076,523,1797.172707,synthetic_track_0,0.35969466628550417,59.013076353361924
12.763495,467,1797.838148,synthetic_track_0,0.32160241477770674,52.763495368703026
35.243299,644,1798.862626,synthetic_track_0,0.4586206123892965,75.24329870010607
19.975891,523,1799.664338,synthetic_track_0,0.3655631864494797,59.975891376710216
7.54827,420,1800.33635,synthetic_track_0,0.289814737494848,47.548270339204244
19.155077,517,1801.189783,synthetic_track_0,0.3605601844530468,59.155077040316435
13.376411,462,1801.877276,synthetic_track_0,0.32533823636015224,53.376410557477065
13.678658,467,1802.538129,synthetic_track_0,0.32718048713470627,53.67865825757085
12.185105,470,1803.311279,synthetic_track_0,0.3180770273991022,52.185104933567594
20.209216,519,1804.077888,synthetic_track_0,0.3669853378388269,60.20921573870943
8.621627,452,1804.756296,synthetic_track_0,0.29635702788903157,48.621627046282505
36.32016,701,1811.422045,synthetic_track_0,0.46518426583253314,76.3201603222222
6.486881,412,1812.100812,synthetic_track_0,0.2833453875138362,46.486880554561075
13.363495,468,1813.015541,synthetic_track_0,0.32525951611366744,53.36349537037035
6.35292,409,1813.774302,synthetic_track_0,0.2825288758041943,46.35292008091239
38.317283,713,1814.91008,synthetic_track_0,0.47735706809701894,78.3172833735223
36.306759,730,1816.04676,synthetic_track_0,0.4651025842163178,76.30675927987659
12.317883,482,1816.822246,synthetic_track_0,0.3188863299536565,52.31788264177796
88.73945,1416,1819.263631,synthetic_track_0,0.7846886904888095,128.7394502777532
91.352712,1201,1821.342395,synthetic_track_0,0.8006169646436126,131.3527124330741
36.706759,681,1822.435063,synthetic_track_0,0.46754065156191704,76.70675924625442
92.488823,1306,1830.315686,synthetic_track_0,0.8075417518762905,132.48882324036762
31.12118,628,1831.281178,synthetic_track_0,0.43349560191336406,71.12117985718072
12.415718,450,1831.998448,synthetic_track_0,0.3194826557807274,52.415718458827534
14.439538,481,1832.704004,synthetic_track_0,0.3318181781193356,54.439538075460604
14.559928,459,1833.51817,synthetic_track_0,0.33255197662724584,54.5599282603429
20.281233,526,1834.374644,synthetic_track_0,0.36742429822499906,60.28123349491579
35.49752,649,1835.450144,synthetic_track_0,0.4601701354678403,75.49752021717693
35.721871,642,1836.526485,synthetic_track_0,0.4615375888071514,75.72187057843131
12.563495,463,1837.238418,synthetic_track_0,0.32038338088981944,52.563495350225885
37.330797,679,1838.336329,synthetic_track_0,0.4713442684538019,77.33079722929632
35.433548,730,1839.480723,synthetic_track_0,0.45978021625304205,75.43354836952027
13.786796,484,1840.186565,synthetic_track_0,0.3278396049908417,53.78679600887993
36.039533,649,1841.181742,synthetic_track_0,0.46347379732551175,76.0395333959259
13.077684,462,1841.855027,synthetic_track_0,0.3235174502087291,53.077684437107536
17.553868,492,1842.718364,synthetic_track_0,0.35080054796353977,57.553868495068826
25.452824,564,1849.364589,synthetic_track_0,0.39894601611497243,65.4528240659965
178.557144,1929,1852.30644,synthetic_track_0,1.3321427001285933,218.5571437244038
122.466615,1561,1854.892614,synthetic_track_0,0.9902614554114963,162.46661503622366
35.371366,670,1855.874175,synthetic_track_0,0.4594012025035086,75.37136572007714
36.681809,681,1856.982823,synthetic_track_0,0.46738857631943453,76.68180911844532
178.716346,1797,1859.764681,synthetic_track_0,1.3331130660815842,218.71634619650578
19.130944,503,1860.607813,synthetic_track_0,0.36041309130095506,59.13094429599446
12.928222,465,1861.398277,synthetic_track_0,0.3226064494486777,52.92822167757857
35.671366,688,1868.008448,synthetic_track_0,0.46122975324312154,75.67136573266316
89.917433,1263,1869.959856,synthetic_track_0,0.7918686914821406,129.917432568156
94.11035,1252,1871.996548,synthetic_track_0,0.8174252299528534,134.1103497767273
93.209077,1389,1874.024721,synthetic_track_0,0.8119318194021632,133.20907687319493
13.37718,467,1874.765266,synthetic_track_0,0.3253429241782234,53.37717966136348
19.381247,516,1877.129866,synthetic_track_0,0.3619387272482958,59.381246786096966
120.105587,1422,1879.426505,synthetic_track_0,0.9758705910418801,160.10558703821337
92.345445,1208,1881.264894,synthetic_track_0,0.8066678349714803,132.34544461993204
34.135972,704,1887.918382,synthetic_track_0,0.45187127038257846,74.13597220207771
89.650908,1284,1889.794177,synthetic_track_0,0.7902441763702698,129.65090753089584
115.006183,1322,1891.857483,synthetic_track_0,0.944788860950486,155.0061827851013
89.835258,1269,1893.852663,synthetic_track_0,0.7913678235244758,129.8352579856584
116.475219,1509,1896.368327,synthetic_track_0,0.9537428836899341,156.47521882349886
36.904903,732,1897.473035,synthetic_track_0,0.46874836976061657,76.90490276339133
110.979672,1301,1899.389863,synthetic_track_0,0.9202465990910227,150.97967222281477
255.407843,2604,1909.294108,synthetic_track_0,1.8005606912438465,295.40784312574453
84.69422,1143,1911.013215,synthetic_track_0,0.7600323295875866,124.69422012884412
14.360126,470,1911.748358,synthetic_track_0,0.3313341489600281,54.360126139691744
88.667164,1318,1913.768921,synthetic_track_0,0.7842480954308098,128.6671643301545
87.767294,1159,1915.517784,synthetic_track_0,0.7787632341004082,127.76729404900422
187.037916,1951,1924.100903,synthetic_track_0,1.3838344379585703,227.03791577170767
13.961067,469,1924.8355,synthetic_track_0,0.32890181328396856,53.961066536026735
37.945518,703,1925.904336,synthetic_track_0,0.4750910949146829,77.94551792644245
89.440174,1286,1927.829976,synthetic_track_0,0.788959717695451,129.44017363641643
-0.513306,365,1928.399699,synthetic_track_0,0.24067806869605068,39.48669406531069
21.646643,571,1929.417467,synthetic_track_0,0.37574670278150746,61.646643498374026
14.968976,487,1930.297304,synthetic_track_0,0.3350451906587966,54.96897583263132
88.067164,1240,1932.269197,synthetic_track_0,0.7805909941144771,128.06716433170743
12.495799,455,1932.975385,synthetic_track_0,0.3199707577815908,52.49579860275249
41.295008,743,1934.077506,synthetic_track_0,0.4955068025264504,81.2950079940679
91.205648,1192,1935.979209,synthetic_track_0,0.7997205829120462,131.2056481351434
84.67172,1111,1943.567248,synthetic_track_0,0.7598951886699395,124.67172019152825
89.983407,1451,1945.969082,synthetic_track_0,0.7922708168161995,129.9834070049957
115.048912,1504,1948.383125,synthetic_track_0,0.9450493028777287,155.0489120240325
16.641534,519,1949.239118,synthetic_track_0,0.34523971288462235,56.641533629252024
27.237268,601,1950.311368,synthetic_track_0,0.4098225014787334,67.23726771053579
129.256498,1519,1952.92156,synthetic_track_0,1.0316469407953555,169.25649833946974
254.681405,2863,1964.000058,synthetic_track_0,1.796132927801121,294.68140493632535
37.78039,703,1965.088952,synthetic_track_0,0.47408461060798446,77.78038971964132
38.217283,760,1966.327937,synthetic_track_0,0.4767475505181656,78.21728326011767
132.012118,1540,1968.952758,synthetic_track_0,1.0484429066552272,172.01211778179513
85.475391,1122,1970.846867,synthetic_track_0,0.7647937001847037,125.4753913635916
35.503669,658,1971.901814,synthetic_track_0,0.46020761322465714,75.50366898148145
37.567,713,1973.023714,synthetic_track_0,0.472783966220037,77.56700032644528
37.062259,695,1974.054052,synthetic_track_0,0.469707482351085,77.06225895973776
35.685241,702,1975.194171,synthetic_track_0,0.4613143233088189,75.68524066663353
91.043622,1397,1983.327564,synthetic_track_0,0.7987330049113847,131.04362177940178
91.357082,1477,1985.622694,synthetic_track_0,0.8006435972467287,131.35708189414342
94.667754,1312,1987.691288,synthetic_track_0,0.820822703268788,134.6677540726326
116.995824,1500,1989.981629,synthetic_track_0,0.9569160591914202,156.99582384132023
84.988787,1134,1991.68557,synthetic_track_0,0.7618277656174719,124.9887871976677
64.991597,957,1993.169028,synthetic_track_0,0.6399415156549135,104.99159722055492
91.049988,1388,2001.277646,synthetic_track_0,0.7987718093312819,131.0499882018397
18.864296,526,2002.087857,synthetic_track_0,0.35878782793888114,58.864296497541254
30.364973,622,2003.030716,synthetic_track_0,0.4288863941509475,70.36497312100383
91.817886,1308,2005.145559,synthetic_track_0,0.8034522787799288,131.81788644118512
20.258681,538,2005.966072,synthetic_track_0,0.36728683671535334,60.258680959877836
37.727803,688,2007.094833,synthetic_track_0,0.47376408272235676,77.7278025162133
26.226102,572,2008.008968,synthetic_track_0,0.4036592781158764,66.2261023945441
87.462181,1201,2009.939104,synthetic_track_0,0.7769035209981942,127.46218140324373
21.556618,535,2010.880598,synthetic_track_0,0.37519798471715127,61.556618418595335
26.189993,600,2011.973411,synthetic_track_0,0.4034391835875625,66.189992725923
-4.445984,342,2012.474278,synthetic_track_0,0.21670773119903555,35.55401590932043
-0.62839,368,2013.040431,synthetic_track_0,0.23997661072857895,39.37160981059942
92.341042,1262,2020.749093,synthetic_track_0,0.8066409981485074,132.34104165366196
22.456832,534,2021.518893,synthetic_track_0,0.3806849394926978,62.45683215949012
118.228976,1425,2023.736722,synthetic_track_0,0.9644323294583751,158.22897593594774
84.395572,1143,2025.629794,synthetic_track_0,0.758212021749113,124.39557248258404
10.334614,441,2026.496467,synthetic_track_0,0.3067979753169463,50.33461443674857
36.205734,655,2027.595879,synthetic_track_0,0.46448681628229876,76.20573370593223
7.918548,420,2028.226506,synthetic_track_0,0.29207164426661053,47.91854831140728
36.971567,682,2029.26084,synthetic_track_0,0.4691546974871321,76.97156666307318
92.005492,1301,2031.445423,synthetic_track_0,0.8045957649083966,132.00549176462553
21.878947,570,2032.380067,synthetic_track_0,0.37716263038712505,61.87894675925924
36.239062,788,2038.974833,synthetic_track_0,0.46468996086135206,76.23906249192243
92.557639,1298,2040.869228,synthetic_track_0,0.8079611980377666,132.5576394077268
27.16193,579,2041.753548,synthetic_track_0,0.4093633047916488,67.16192989850767
40.50835,746,2042.851957,synthetic_track_0,0.4907119915172189,80.50835037940334
93.568819,1308,2044.911137,synthetic_track_0,0.8141245099719951,133.56881925512417
40.180347,777,2046.101127,synthetic_track_0,0.48871275740607584,80.18034730816657
32.337138,620,2046.957582,synthetic_track_0,0.4409070739335129,72.33713829418653
114.797297,1332,2048.977909,synthetic_track_0,0.9435156663248564,154.79729691967862
83.868332,1239,2056.133337,synthetic_track_0,0.7549984023551024,123.86833206329226
8.134429,418,2056.856723,synthetic_track_0,0.29338747300518236,48.13442891541838
91.972086,1287,2058.824165,synthetic_track_0,0.804392150102596,131.9720858311835
28.292841,591,2059.724904,synthetic_track_0,0.4162563995637496,68.29284110243991
172.50504,1812,2062.355504,synthetic_track_0,1.29525410528061,212.50503990309116
92.742926,1418,2064.526899,synthetic_track_0,0.8090905509687408,132.74292597712113
85.385738,1274,2066.389221,synthetic_track_0,0.7642472504126834,125.38573842975043
34.703669,753,2067.50585,synthetic_track_0,0.4553314780008091,74.70366896133699
95.150031,1224,2074.938287,synthetic_track_0,0.8237622655001359,135.15003147806485
5.517399,400,2075.55227,synthetic_track_0,0.27743623376876914,45.517399008608415
23.426863,559,2076.374116,synthetic_track_0,0.38659743840172134,63.42686252763693
35.569534,650,2077.436558,synthetic_track_0,0.46060906936217805,75.56953362701735
40.033673,772,2078.591287,synthetic_track_0,0.4878187536318996,80.03367314830071
252.762481,2789,2082.905848,synthetic_track_0,1.7844367628478075,292.76248108193727
273.141251,3000,2093.149054,synthetic_track_0,1.664842053552665,273.1412512650613
9.393085,439,2093.964781,synthetic_track_0,0.30105919565418715,49.39308520610739
14.286435,470,2094.816746,synthetic_track_0,0.3308849877048561,54.286434784409316
40.956393,847,2096.261086,synthetic_track_0,0.49344288845331424,80.95639324605803
40.627377,741,2097.319875,synthetic_track_0,0.49143747705232466,80.62737670169658
120.542259,1431,2099.447932,synthetic_track_0,0.9785321798636647,160.5422589132324
160.501811,1757,2102.072099,synthetic_track_0,1.2220924001148668,200.501811337947
327.868912,2979,2113.10217,synthetic_track_0,1.9984163852410204,327.8689115574206
92.16983,1185,2114.896986,synthetic_track_0,0.8055974350905168,132.1698301451436
84.816592,1188,2116.642509,synthetic_track_0,0.7607782055487945,124.81659179341021
94.830186,1192,2118.487243,synthetic_track_0,0.8218127518493646,134.8301857624946
173.137684,1932,2121.429819,synthetic_track_0,1.2991101756458974,213.13768363184198
116.584306,1579,2129.48267,synthetic_track_0,0.9544077856749582,156.58430554423046
17.742715,505,2130.246591,synthetic_track_0,0.35195160159434874,57.742715375961495
21.518458,528,2131.073987,synthetic_track_0,0.37496539070469775,61.51845803006914
10.06343,455,2131.807758,synthetic_track_0,0.3051450585632008,50.06342970220177
116.034718,1399,2133.973112,synthetic_track_0,0.9510579547108237,156.0347176604323
40.696794,748,2135.437066,synthetic_track_0,0.4918605893513768,80.69679435158241
18.553712,513,2136.312911,synthetic_track_0,0.35689476125096986,58.55371171698451
-0.372488,370,2136.933409,synthetic_track_0,0.24153637516548243,39.62751156960739
36.577276,667,2138.112502,synthetic_track_0,0.4667514270976996,76.57727563714847
16.912294,474,2138.844882,synthetic_track_0,0.346890041772809,56.91229378728399
327.819898,2949,2149.180288,synthetic_track_0,1.9981176423476341,327.8198984948709
19.263657,530,2149.973075,synthetic_track_0,0.36122200050290343,59.26365746906004
22.71434,546,2150.706772,synthetic_track_0,0.3822544949097399,62.714340269419154
201.674092,2156,2153.927625,synthetic_track_0,1.4730444064855184,241.67409244490614
15.796999,486,2154.651216,synthetic_track_0,0.34009212951089374,55.796998641268566
327.83957,2986,2159.077839,synthetic_track_0,1.998237544106015,327.8395701005005
92.163659,1215,2166.165483,synthetic_track_0,0.8055598227372576,132.16365929835948
198.826065,2032,2169.282882,synthetic_track_0,1.4556851983309014,238.82606501419303
21.291573,532,2170.196328,synthetic_track_0,0.3735824883919375,61.291573042824474
-11.816422,300,2170.762845,synthetic_track_0,0.17178367047553578,28.183578496510226
21.846644,543,2171.596515,synthetic_track_0,0.3769657366693948,61.846643516851174
8.36459,439,2172.226828,synthetic_track_0,0.29479034569440554,48.364590329759345
9.768209,452,2172.995992,synthetic_track_0,0.30334564103489964,49.7682094113762
8.301959,432,2173.637806,synthetic_track_0,0.2944085946114367,48.30195858144942
10.960405,443,2174.336697,synthetic_track_0,0.3106122749195969,50.96040507192901
92.709476,1192,2176.603822,synthetic_track_0,0.8088866655069544,132.70947563867716
36.039062,737,2177.873801,synthetic_track_0,0.4634709271251575,76.03906249833265
22.446644,545,2178.916537,synthetic_track_0,0.3806228380053555,62.4466435185185
93.069302,1356,2186.929503,synthetic_track_0,0.8110798699381251,133.0693023269397
28.784673,602,2187.944636,synthetic_track_0,0.4192541957975492,68.7846726323982
20.261215,524,2188.818341,synthetic_track_0,0.3673022808071399,60.261214784961254
13.115927,461,2189.511895,synthetic_track_0,0.3237505436464837,53.115926763527696
19.382193,524,2190.345642,synthetic_track_0,0.3619444964748416,59.382193310576085
15.724788,471,2191.107545,synthetic_track_0,0.3396519926897338,55.72478787400513
19.177057,496,2191.834472,synthetic_track_0,0.36069415869237936,59.17705743857133
37.074456,695,2192.880927,synthetic_track_0,0.4697818253582001,77.07445599785493
-1.532849,367,2193.501546,synthetic_track_0,0.2344637804553738,38.467150822660045
7.322041,415,2194.103024,synthetic_track_0,0.28843583431474323,47.322041467111866
90.864152,1297,2196.081154,synthetic_track_0,0.7976391046442582,130.8641517287237
20.91125,539,2196.861707,synthetic_track_0,0.37126435516912837,60.91124999192242
4.665701,395,2197.461525,synthetic_track_0,0.2722449891659504,44.665700768879844
-0.429519,353,2203.456632,synthetic_track_0,0.24118876202793574,39.570480641572466
-8.885704,299,2203.926596,synthetic_track_0,0.1896468888606492,31.114296044711917
38.947746,783,2205.242255,synthetic_track_0,0.48119984215183825,78.94774565156389
10.604247,432,2205.873074,synthetic_track_0,0.30844142831145405,50.604246505663006
10.595178,430,2206.511897,synthetic_track_0,0.30838615492731586,50.59517811309511
26.341231,555,2207.339116,synthetic_track_0,0.40436100822870696,66.34123129861035
13.408038,466,2208.049898,synthetic_track_0,0.32553101000663914,53.40803784302045
6.762446,405,2208.640131,synthetic_track_0,0.28502500332101416,46.762445652306035
111.695262,1416,2210.860162,synthetic_track_0,0.9246082372185571,151.69526160450891
10.087073,429,2211.567512,synthetic_track_0,0.30528916987262017,50.08707323240469
21.109389,517,2212.342203,synthetic_track_0,0.37247204310200127,61.10938854351577
19.882361,537,2213.193528,synthetic_track_0,0.36499310238618526,59.88236089792261
21.914665,518,2214.11596,synthetic_track_0,0.37738033956632194,61.914665077096565
89.224852,1189,2221.305906,synthetic_track_0,0.7876472946180411,129.22485178003495
109.787236,1284,2223.251436,synthetic_track_0,0.9129785016164856,149.787236439327
-2.321163,354,2223.759045,synthetic_track_0,0.22965887556198517,37.678837161319514
173.985696,1820,2226.501454,synthetic_track_0,1.304278952026146,213.9856956369434
22.278407,530,2227.314419,synthetic_track_0,0.37959740649604146,62.27840675098672
13.482642,457,2227.985858,synthetic_track_0,0.3259857338884655,53.482641827102384
165.773909,1701,2230.480855,synthetic_track_0,1.254226728393412,205.77390944228915
7.979367,436,2231.104933,synthetic_track_0,0.29244234287334747,47.97936674224297
39.727173,737,2232.501884,synthetic_track_0,0.4859505807642287,79.72717255650814
93.581806,1230,2240.254689,synthetic_track_0,0.8142036642560786,133.5818056523331
36.403774,835,2241.561281,synthetic_track_0,0.46569390816558437,76.40377446702963
86.105831,1147,2243.489106,synthetic_track_0,0.7686363335373969,126.10583055742848
92.341042,1357,2245.832491,synthetic_track_0,0.8066409981485073,132.34104165366193
7.610163,414,2246.514428,synthetic_track_0,0.2901919854629777,47.610163286845896
13.87943,486,2247.237575,synthetic_track_0,0.3284042221731054,53.8794295673128
22.046644,522,2248.027522,synthetic_track_0,0.37818477040558945,62.046643510440944
20.150855,515,2248.869967,synthetic_track_0,0.36662962184688797,60.15085542102892
8.913007,429,2249.517665,synthetic_track_0,0.2981330382676492,48.913007058002044
12.521447,445,2250.300324,synthetic_track_0,0.320127086716208,52.52144660985272
14.801446,476,2251.084073,synthetic_track_0,0.3340240674145849,54.80144589786986
118.864343,1505,2258.950266,synthetic_track_0,0.9683050004694059,158.86434323907037
21.078947,522,2259.75781,synthetic_track_0,0.372286495163277,61.07894673911477
35.655144,659,2260.741154,synthetic_track_0,0.461130877188352,75.6551436957064
116.116609,1308,2262.657563,synthetic_track_0,0.9515570950133907,156.11660879629656
90.379588,1314,2264.713828,synthetic_track_0,0.7946856084429087,130.37958825537694
14.012127,476,2265.437771,synthetic_track_0,0.3292130346355567,54.0121268688744
164.057284,1702,2267.954142,synthetic_track_0,1.2437636076590557,204.05728420242278
1.590437,374,2268.513746,synthetic_track_0,0.2535007401705904,41.590437494690484
88.668121,1218,2270.29691,synthetic_track_0,0.7842539273509023,128.66812114041042
37.074456,719,2276.830068,synthetic_track_0,0.4697818253582001,77.07445599785493
-7.666894,314,2277.282461,synthetic_track_0,0.19707574165689326,32.33310604767888
15.313414,473,2278.007693,synthetic_track_0,0.33714459926828994,55.31341396914402
36.423693,725,2279.09604,synthetic_track_0,0.46581531760407585,76.4236934292364
90.020786,1153,2280.749427,synthetic_track_0,0.7924986450664111,130.02078550177475
13.180434,470,2281.432321,synthetic_track_0,0.32414372314012413,53.18043350675631
35.271366,662,2282.406868,synthetic_track_0,0.45879168561903966,75.27136572059625
21.278947,523,2283.166614,synthetic_track_0,0.37350552905116435,61.27894675759192
4.103743,1099,2284.823818,synthetic_track_0,0.2688197627061178,44.10374317109546
37.656552,726,2285.837916,synthetic_track_0,0.47332980058228635,77.65655229347429
10.3762,443,2286.507048,synthetic_track_0,0.3070514439829189,50.376199612010396
14.524987,458,2287.305907,synthetic_track_0,0.33233900593579196,54.52498735947945
8.6416,429,2288.01436,synthetic_track_0,0.29647876866806355,48.64160036966404
14.245874,459,2294.044835,synthetic_track_0,0.3306377614667499,54.245873769099916
26.037956,550,2294.871638,synthetic_track_0,0.40251249675543294,66.03795644096817
90.955751,1120,2296.60403,synthetic_track_0,0.7981974203844212,130.95575144507137
252.208765,2567,2300.653366,synthetic_track_0,1.781061769657838,292.208764973582
12.717154,439,2301.310908,synthetic_track_0,0.32131995335425395,52.717153515149185
-3.110512,344,2301.812367,synthetic_track_0,0.2248476613243457,36.88948836143256
20.843204,533,2302.644925,synthetic_track_0,0.3708496044107482,60.843204172881904
88.199468,1197,2304.367875,synthetic_track_0,0.7813974047634316,128.19946758126727
12.983741,441,2305.04197,synthetic_track_0,0.3229448519838243,52.983741473996474
35.46607,727,2306.253066,synthetic_track_0,0.459978438891956,75.46606964053602
36.039062,678,2313.779727,synthetic_track_0,0.4634709271251575,76.03906249833265
21.812479,523,2314.573233,synthetic_track_0,0.3767574969722889,61.812478803562485
13.845012,447,2315.361039,synthetic_track_0,0.32819444122685476,53.845011989964725
34.735972,729,2316.744817,synthetic_track_0,0.455528371698911,74.73597220052476
-26.64835,195,2317.113965,synthetic_track_0,0.08138055922366148,13.351649621997106
14.562625,455,2317.86607,synthetic_track_0,0.33256841675239684,54.56262549900595
13.015007,451,2318.554003,synthetic_track_0,0.3231354193966641,53.015006795221595
15.108282,456,2319.388891,synthetic_track_0,0.33589428343742805,55.1082816986146
14.824441,459,2320.234699,synthetic_track_0,0.3341642285715305,54.82444134882281
1.255607,383,2320.9729,synthetic_track_0,0.2514598887475224,41.255606505676646
34.135972,711,2322.091478,synthetic_track_0,0.45187127038257857,74.13597220207772
88.601739,1195,2323.814729,synthetic_track_0,0.7838493167437826,128.60173895882872
36.706759,712,2324.868376,synthetic_track_0,0.46754065156191704,76.70675924625442
34.410791,652,2325.855009,synthetic_track_0,0.4535463357849562,74.41079074055703
114.710727,1348,2333.196003,synthetic_track_0,0.942988010259176,154.71072736329938
39.353996,711,2334.319989,synthetic_track_0,0.48367600697712976,79.35399605668513
13.905023,453,2335.126184,synthetic_track_0,0.3285602156024063,53.90502252994697
13.389773,457,2335.868291,synthetic_track_0,0.3254196833862489,53.389773111944244
14.163146,474,2336.754772,synthetic_track_0,0.3301335203580595,54.16314577272748
0.113269,364,2337.365625,synthetic_track_0,0.24449714799529962,40.11326887836958
14.845325,474,2338.139141,synthetic_track_0,0.3342915182774517,54.84532505336059
14.75677,474,2338.929342,synthetic_track_0,0.3337517587267024,54.75676974641161
98.896292,1322,2341.102977,synthetic_track_0,0.8465963581244677,138.8962923426334
8.158764,415,2341.786613,synthetic_track_0,0.29353580013911135,48.15876411218463
33.960729,714,2342.936996,synthetic_track_0,0.45080313551030676,73.96072933449783
36.750656,691,2344.013816,synthetic_track_0,0.46780821195852806,76.75065637232915
178.161539,1806,2352.877971,synthetic_track_0,1.3297314231260609,218.16153909859986
15.050722,459,2353.674474,synthetic_track_0,0.33554345029519483,55.050722482561426
34.943049,639,2354.674334,synthetic_track_0,0.4567905392965386,74.94304892362082
93.810935,1245,2356.482036,synthetic_track_0,0.8156002460999712,133.8109349631412
13.504179,457,2357.200483,synthetic_track_0,0.32611700389676523,53.50417855741505
39.71294,794,2358.413963,synthetic_track_0,0.4858638299257008,79.71293983543214
22.33594,554,2359.173474,synthetic_track_0,0.3799480837818875,62.33594039656098
37.246062,716,2360.192082,synthetic_track_0,0.4708277915459099,77.24606177432022
38.310958,729,2361.223844,synthetic_track_0,0.4773185157877659,78.31095831345665
185.476786,1906,2369.384934,synthetic_track_0,1.3743190878723535,225.4767859196426
13.950925,439,2370.033363,synthetic_track_0,0.32883999692910604,53.95092467513383
12.782997,450,2370.724509,synthetic_track_0,0.3217212788547704,52.78299672780815
14.368979,444,2371.369931,synthetic_track_0,0.33138810645582667,54.36897864187721
21.282671,524,2372.132458,synthetic_track_0,0.3735282264228536,61.28267058742335
21.411239,536,2372.996004,synthetic_track_0,0.3743118723975637,61.41123896520091
92.341042,1221,2374.684051,synthetic_track_0,0.8066409981485074,132.34104165366196
98.76137,1210,2376.624971,synthetic_track_0,0.8457739806873115,138.76136951213564
119.887295,1389,2378.75458,synthetic_track_0,0.9745400662956721,159.88729534306856
20.927972,550,2379.575606,synthetic_track_0,0.37136627776949327,60.9279718584421
104.017651,1232,2387.357748,synthetic_track_0,0.8778119016056862,144.01765060432825
90.724338,1106,2389.50284,synthetic_track_0,0.7967869185766823,130.7243383642597
91.004854,1177,2391.468157,synthetic_track_0,0.7984967081185996,131.0048538965786
91.365145,1118,2393.273104,synthetic_track_0,0.8006927415453402,131.36514472219767
120.549303,1442,2395.594993,synthetic_track_0,0.9785751166103891,160.54930330323955
34.283982,739,2396.802817,synthetic_track_0,0.4527734174638931,74.28398238844318
121.293576,1331,2398.767585,synthetic_track_0,0.9831115866782643,161.29357637588436
36.143575,674,2399.708036,synthetic_track_0,0.4641079481548433,76.1435749478826
40.131695,727,2406.706947,synthetic_track_0,0.4884162144461227,80.1316951762946
21.217792,572,2407.696879,synthetic_track_0,0.3731327818536283,61.21779222601141
21.578947,542,2408.554968,synthetic_track_0,0.3753340796732789,61.57894675090064
13.555836,463,2409.203556,synthetic_track_0,0.3264318638324187,53.555835852240165
89.432091,1113,2410.88812,synthetic_track_0,0.7889104553701082,129.43209144438165
90.02274,1176,2412.75438,synthetic_track_0,0.7925105581801684,130.0227400191965
184.717455,1876,2416.167809,synthetic_track_0,1.369690838371858,224.7174551128345
36.329688,716,2417.409339,synthetic_track_0,0.46524233965378736,76.32968816672208
101.248999,1178,2419.267651,synthetic_track_0,0.860936504734789,141.24899936376445
102.94843,1322,2427.099096,synthetic_track_0,0.8712948188079351,142.94842956550528
124.530775,1446,2429.270223,synthetic_track_0,1.002842857937363,164.530774829191
21.973441,532,2430.223139,synthetic_track_0,0.37773858839079205,61.97344094233326
19.38676,510,2431.287665,synthetic_track_0,0.36197232820772246,59.38675950610661
10.891489,452,2432.117065,synthetic_track_0,0.3101922219827382,50.89148935435309
20.626211,530,2433.181926,synthetic_track_0,0.3695269960859172,60.62621128036875
20.62907,530,2434.271152,synthetic_track_0,0.36954442048469566,60.629070003257645
134.550171,1688,2437.486135,synthetic_track_0,1.063912767992225,174.55017073010197
327.868171,2894,2449.427054,synthetic_track_0,1.9984118715028492,327.8681710138421
199.433236,2237,2453.350231,synthetic_track_0,1.4593860085149473,239.43323608018557
114.526775,1341,2455.659234,synthetic_track_0,0.9418667910218135,154.52677524316755
40.01294,764,2456.923915,synthetic_track_0,0.487692380452771,80.01293981314747
21.546644,542,2457.813703,synthetic_track_0,0.3751371861423246,61.54664353913584
62.010173,1481,2460.247822,synthetic_track_0,0.6217692304971673,102.01017282912973
95.858153,1308,2468.084485,synthetic_track_0,0.8280783828465567,135.85815252179538
40.175339,742,2469.200219,synthetic_track_0,0.4886822310306204,80.17533901781813
101.56743,1340,2471.315997,synthetic_track_0,0.8628773943890378,141.5674301888374
38.216502,666,2472.414963,synthetic_track_0,0.4767427863648211,78.21650163233325
2.212317,382,2473.12587,synthetic_track_0,0.25729120085202045,42.212317012442625
38.473289,742,2474.459167,synthetic_track_0,0.47830794785879865,78.47328885607297
13.877762,446,2475.273469,synthetic_track_0,0.3283940598171486,53.87776228685462
21.746643,549,2476.143919,synthetic_track_0,0.37635621966597654,61.74664349785493
104.530408,1303,2478.239272,synthetic_track_0,0.8809372433264488,144.53040780337807
13.967896,453,2478.979232,synthetic_track_0,0.3289434398385507,53.96789597019447
12.228102,470,2485.537772,synthetic_track_0,0.3183391008772064,52.22810185185183
37.842153,734,2486.818144,synthetic_track_0,0.47446106679837813,77.84215276477295
36.392324,713,2487.946799,synthetic_track_0,0.46562411708049695,76.39232423710106
37.711543,647,2488.965562,synthetic_track_0,0.47366497784135614,77.71154293702666
205.039059,2135,2492.669795,synthetic_track_0,1.4935544442090865,245.03905872225022
14.293822,448,2493.433603,synthetic_track_0,0.3309300128043641,54.29382179868597
34.703669,653,2494.476874,synthetic_track_0,0.4553314780008091,74.70366896133699
75.55907,1032,2496.306912,synthetic_track_0,0.7043520488378611,115.55907032750662
40.39461,730,2497.498597,synthetic_track_0,0.49001872737114466,80.39461043878144
13.789397,459,2498.260971,synthetic_track_0,0.3278554555886898,53.78939652712146
38.60985,730,2505.496134,synthetic_track_0,0.47914030822019393,78.6098495286784
98.932408,1245,2507.483819,synthetic_track_0,0.8468164915024106,138.93240838509413
35.571366,695,2508.586127,synthetic_track_0,0.460620236325456,75.5713657277359
14.217454,461,2509.387769,synthetic_track_0,0.3304645375281572,54.217453893931996
37.729563,705,2510.575948,synthetic_track_0,0.4737748103493925,77.72956253751106
38.025667,716,2511.894186,synthetic_track_0,0.4755796183934772,78.02566721987571
39.428027,753,2513.02814,synthetic_track_0,0.484127240096008,79.42802733096705
38.582666,721,2514.174247,synthetic_track_0,0.4789746183040043,78.582665718098
35.271366,661,2515.20258,synthetic_track_0,0.45879168561903966,75.27136572059625
92.852392,1156,2517.250349,synthetic_track_0,0.8097577621700119,132.85239155794568
38.847408,712,2518.420214,synthetic_track_0,0.480588265914054,78.84740778559282
38.285501,667,2526.137912,synthetic_track_0,0.4771633498909891,78.28550111941902
12.195799,455,2527.111214,synthetic_track_0,0.3181422071594762,52.19579860944376
1.455138,365,2528.123895,synthetic_track_0,0.25267606769814477,41.45513813068957
35.265801,625,2529.922959,synthetic_track_0,0.4587577668685935,75.26580086240538
37.962406,704,2531.380988,synthetic_track_0,0.47519403095268453,77.9624060619626
35.971366,682,2532.620909,synthetic_track_0,0.46305830388622454,75.97136572941534
37.838792,722,2534.666188,synthetic_track_0,0.4744405802132097,77.83879164622412
35.103669,662,2535.826116,synthetic_track_0,0.4577695456248909,75.10366897340388
-0.82387,356,2536.463794,synthetic_track_0,0.23878513085428385,39.17613042381458
35.171366,833,2537.775858,synthetic_track_0,0.45818216897985675,75.17136576135806
15.967323,485,2538.534635,synthetic_track_0,0.34113028808662776,55.967323466847326
38.547654,733,2539.66177,synthetic_track_0,0.4787612147490634,78.54765379976222
93.684284,1218,2547.244934,synthetic_track_0,0.8148282881545135,133.68428417443943
327.818127,2730,2552.67514,synthetic_track_0,1.998106846280068,327.81812724492113
35.66401,692,2554.14392,synthetic_track_0,0.4611849166895629,75.66400965205763
38.061097,646,2555.417177,synthetic_track_0,0.47579556842988113,78.06109692507101
30.332119,727,2557.123811,synthetic_track_0,0.4286861403844379,70.33211861433261
92.360156,1250,2560.010162,synthetic_track_0,0.8067575056620865,132.36015638467975
35.171366,670,2561.384205,synthetic_track_0,0.45818216897985675,75.17136576135806
88.85015,1129,2564.010178,synthetic_track_0,0.7853634226594705,128.850149781631
35.871366,723,2573.505199,synthetic_track_0,0.4624487869353721,75.87136571904328
22.00308,531,2574.627353,synthetic_track_0,0.3779192433526152,62.00307998359505
38.938096,700,2576.181938,synthetic_track_0,0.48114102737298114,78.93809624232676
145.800174,1641,2579.699113,synthetic_track_0,1.1324834394466636,185.8001742731908
92.997969,1204,2582.187556,synthetic_track_0,0.8106450824845549,132.99796920026316
122.384709,1362,2584.688092,synthetic_track_0,0.9897622249085969,162.38470910169931
21.946644,554,2585.584575,synthetic_track_0,0.37757525348792387,61.94664350551368
114.481215,1408,2588.13649,synthetic_track_0,0.941589095259498,154.4812152647732
36.968161,677,2595.664611,synthetic_track_0,0.46913393751134563,76.96816069086671
37.79714,662,2596.854304,synthetic_track_0,0.4741867056022103,77.79713986985001
22.161851,565,2597.936795,synthetic_track_0,0.37888698222110984,62.16185144475223
-0.43856,370,2598.602029,synthetic_track_0,0.24113365498449363,39.56143953958494
39.3718,712,2599.830271,synthetic_track_0,0.4837845245259695,79.37179991922636
39.823769,737,2601.20415,synthetic_track_0,0.4865393493971868,79.82376850731838
36.906759,663,2602.326866,synthetic_track_0,0.4687596853655026,76.90675925090065
-50.611766,1585,2604.939869,synthetic_track_0,-0.06468050377597058,-10.611765660365847
84.508665,1290,2607.200378,synthetic_track_0,0.7589013417092512,124.5086653228522
90.243905,1163,2609.117064,synthetic_track_0,0.7938585949569305,130.24390481448168
19.843553,509,2616.144129,synthetic_track_0,0.3647565632876331,59.84355326135807
37.006759,858,2617.622771,synthetic_track_0,0.46936920217183314,77.00675923756181
36.854145,677,2618.933033,synthetic_track_0,0.46843899377806747,76.85414518983984
34.703669,652,2620.01929,synthetic_track_0,0.45533147800080903,74.70366896133697
90.121509,1288,2622.35685,synthetic_track_0,0.7931125714329803,130.12150894012825
37.238204,665,2623.546903,synthetic_track_0,0.4707798952156626,77.23820369340088
186.833877,1963,2626.84399,synthetic_track_0,1.3825907861420785,226.83387682845193
93.085409,1286,2629.086656,synthetic_track_0,0.8111780430701083,133.08540903931717
36.130223,798,2636.734251,synthetic_track_0,0.46402656416010263,76.13022273461469
65.0239,1520,2639.664621,synthetic_track_0,0.6401384093726438,105.02390046296298
11.328719,445,2640.410256,synthetic_track_0,0.3128572094769947,51.32871883040676
2.139548,382,2641.106936,synthetic_track_0,0.25684766424197714,42.1395484609812
13.797712,461,2641.945934,synthetic_track_0,0.32790613803194774,53.79771170989757
1.584036,370,2642.669132,synthetic_track_0,0.2534617203288982,41.58403572921296
93.215522,1205,2644.854628,synthetic_track_0,0.8119711040551052,133.21552208476152
122.94358,1455,2647.497253,synthetic_track_0,0.9931686344662433,162.94357951641
93.202239,1190,2649.676792,synthetic_track_0,0.8118901413500227,133.20223899011307
34.595702,647,2650.839834,synthetic_track_0,0.45467340401648576,74.59570247219197
19.536426,506,2658.016948,synthetic_track_0,0.36288457078475217,59.53642600354728
90.601628,1086,2659.915591,synthetic_track_0,0.7960389756776945,130.6016275888631
89.276811,1112,2661.917214,synthetic_track_0,0.7879639955936827,129.27681112391326
39.784184,749,2663.265446,synthetic_track_0,0.4862980723323558,79.78418353933365
37.072855,636,2664.368165,synthetic_track_0,0.4697720651476141,77.0728546951209
93.522894,1190,2666.53727,synthetic_track_0,0.8138445884395294,133.52289410716762
37.716374,738,2667.889273,synthetic_track_0,0.47369442264989753,77.71637378078815
91.443787,1229,2670.167972,synthetic_track_0,0.8011720811840845,131.44378727476183
34.435972,675,2671.378994,synthetic_track_0,0.4536998210889949,74.43597220921737
36.864028,738,2679.096957,synthetic_track_0,0.46849922929171794,76.86402769102605
35.976035,707,2680.296182,synthetic_track_0,0.4630867649718978,75.97603517931094
1.490841,379,2681.107943,synthetic_track_0,0.2528936836022784,41.49084114541303
11.14609,434,2681.868296,synthetic_track_0,0.311744054552354,51.14608977660588
11.387344,446,2682.794335,synthetic_track_0,0.3132145409793786,51.38734419577958
26.244291,609,2683.911042,synthetic_track_0,0.40377014035988057,66.24429093800427
34.713849,633,2685.021874,synthetic_track_0,0.4553935241098203,74.71384851669798
38.110061,704,2686.342654,synthetic_track_0,0.4760940097115532,78.11006050388686
10.039804,436,2687.067885,synthetic_track_0,0.3050010578925708,50.039804323881384
114.948912,1323,2689.41101,synthetic_track_0,0.9444397860591993,154.94891203536994
20.20131,524,2690.309882,synthetic_track_0,0.3669371500594489,60.201309841374055
37.427954,668,2691.43299,synthetic_track_0,0.4719364550059726,77.42795393884549
36.475491,675,2692.573625,synthetic_track_0,0.46613103379936505,76.47549120575334
63.344629,901,2700.40587,synthetic_track_0,0.6299029649086569,103.34462878539964
131.212118,1439,2703.016237,synthetic_track_0,1.0435667714313788,171.21211776165057
93.359422,1145,2705.154318,synthetic_track_0,0.8128481990050768,133.35942210915258
38.40985,727,2706.548331,synthetic_track_0,0.4779212744166085,78.40984952403218
91.311642,1163,2708.701193,synthetic_track_0,0.8003666322429365,131.3116418071808
84.645553,1050,2710.771142,synthetic_track_0,0.7597356968983456,124.64555327559368
36.752873,703,2712.164241,synthetic_track_0,0.4678217223812771,76.75287295123339
38.13406,679,2713.686349,synthetic_track_0,0.47624028824730624,78.13405959869802
38.53692,673,2715.151085,synthetic_track_0,0.4786957878371481,78.53691957512582
36.042677,684,2723.573865,synthetic_track_0,0.4634929602089335,76.04267734219064
38.059469,707,2725.094861,synthetic_track_0,0.4757856472554543,78.05946921390695
19.996889,498,2726.113125,synthetic_track_0,0.36569116760883125,59.9968885241147
94.012526,1148,2728.467986,synthetic_track_0,0.8168289785491367,134.01252616989794
37.763453,699,2729.921377,synthetic_track_0,0.47398137721445727,77.76345279867624
38.82392,716,2731.247854,synthetic_track_0,0.4804451039930572,78.82392001619684
38.189824,654,2732.613223,synthetic_track_0,0.4765801838906485,78.18982436096115
202.748866,2093,2736.845203,synthetic_track_0,1.479595334100386,242.74886621209532
38.222183,746,2738.227609,synthetic_track_0,0.4767774144904132,78.22218287370568
133.215665,1471,2747.136919,synthetic_track_0,1.0557787290810041,173.21566481627758
37.026825,743,2748.506418,synthetic_track_0,0.46949150936759637,77.02682548974363
34.935972,680,2749.635842,synthetic_track_0,0.45674740560642657,74.93597222222219
62.05849,1467,2752.222176,synthetic_track_0,0.6220637289691799,102.05848953338977
35.103669,644,2753.38007,synthetic_track_0,0.457769545624891,75.1036689734039
89.801431,1100,2755.334666,synthetic_track_0,0.7911616401642774,129.80143064397487
89.923072,1114,2757.294621,synthetic_track_0,0.7919030624169425,129.9230716136852
69.88204,973,2758.944227,synthetic_track_0,0.6697495892042602,109.8820398242214
22.3876,561,2766.293662,synthetic_track_0,0.3802629551170327,62.38759956163645
89.846854,1143,2768.387631,synthetic_track_0,0.7914385041200678,129.8468541525614
35.999302,665,2769.70201,synthetic_track_0,0.4632285807234662,75.99930209027696
13.899621,462,2770.591676,synthetic_track_0,0.3285272899341347,53.89962060115063
36.397314,654,2771.896144,synthetic_track_0,0.4656545280458956,76.39731359277204
38.13018,713,2773.148326,synthetic_track_0,0.476216642718507,78.13018021007417
19.288272,504,2774.019361,synthetic_track_0,0.3613720330150546,59.28827245761825
21.894654,536,2774.967012,synthetic_track_0,0.37725836946723584,61.8946541304664
35.984778,659,2776.212894,synthetic_track_0,0.4631400539973334,75.98477800933203
34.968793,634,2777.425161,synthetic_track_0,0.4569474530207542,74.96879287385408
36.139062,660,2778.950178,synthetic_track_0,0.4640804439436865,76.13906248699516
35.963784,679,2780.211108,synthetic_track_0,0.46301208913978037,75.96378353647174
38.439836,688,2787.270273,synthetic_track_0,0.47810404893145053,78.4398363084102
197.730752,2010,2791.013945,synthetic_track_0,1.449009079556011,237.73075183906244
166.970507,1733,2794.301236,synthetic_track_0,1.2615201939213216,206.97050721929793
22.446644,536,2795.224662,synthetic_track_0,0.3806228380053555,62.4466435185185
37.442153,747,2796.511231,synthetic_track_0,0.47202299945277876,77.4421527983951
38.48262,712,2797.733273,synthetic_track_0,0.4783648232940708,78.4826200881399
2.484884,554,2798.764326,synthetic_track_0,0.2589525408828286,42.48488370657637
10.025012,453,2799.57919,synthetic_track_0,0.3049108935050833,50.02501156106924
3.385364,406,2800.419904,synthetic_track_0,0.264441123126789,43.38536445704002
-2.727149,346,2801.094595,synthetic_track_0,0.22718431942017356,37.27285068382891
-26.550343,195,2801.480426,synthetic_track_0,0.0819779317971778,13.44965717283563
-1.973321,356,2802.136227,synthetic_track_0,0.2317790328087241,38.02667940978819
13.546846,482,2809.531322,synthetic_track_0,0.32637706995599924,53.54684612980077
2.266627,400,2810.261176,synthetic_track_0,0.2576222267888887,42.266626571961766
11.328102,452,2811.090888,synthetic_track_0,0.3128534490141755,51.328101872469176
12.238328,642,2812.303854,synthetic_track_0,0.3184014313393329,52.23832805942559
-1.333917,372,2813.010664,synthetic_track_0,0.23567630545654722,38.66608296478364
8.393547,438,2813.817479,synthetic_track_0,0.29496683924336636,48.39354663147007
-11.361271,298,2814.359993,synthetic_track_0,0.17455789016131307,28.638729082501477
0.018897,373,2815.044167,synthetic_track_0,0.2439219366240375,40.01889719106558
-10.812676,291,2815.58788,synthetic_track_0,0.17790167159706097,29.18732445427749
0.922605,373,2816.238,synthetic_track_0,0.24943018903908545,40.9226051156218
8.303133,441,2816.991414,synthetic_track_0,0.2944157526311955,48.30313295740258
5.025091,414,2817.72945,synthetic_track_0,0.274435533639917,45.02509105295767
8.599869,452,2818.504056,synthetic_track_0,0.2962244104219897,48.599869246009426
-1.699425,367,2819.120207,synthetic_track_0,0.2334484756467205,38.30057548582301
10.153396,449,2819.914419,synthetic_track_0,0.30569342003232874,50.15339627741144
10.619963,436,2820.706908,synthetic_track_0,0.30853722064421524,50.61996261373233
15.444253,558,2821.721645,synthetic_track_0,0.33794208566184397,55.44425306642498
-0.806711,371,2822.487607,synthetic_track_0,0.23888971678521959,39.193289247968224
7.071772,421,2823.256334,synthetic_track_0,0.2869104002703253,47.071772102083806
20.743553,546,2831.204062,synthetic_track_0,0.370242215150664,60.743553240740724
-24.524768,209,2831.564884,synthetic_track_0,0.09432415422292223,15.475232292450375
13.688059,485,2832.422264,synthetic_track_0,0.32723778397817643,53.68805862770541
16.216288,489,2833.29729,synthetic_track_0,0.34264776826477655,56.21628788587134
8.422523,431,2834.160135,synthetic_track_0,0.29514345499377365,48.42252298208329
-0.536576,378,2834.834167,synthetic_track_0,0.24053623336573032,39.4634239421692
-24.699537,211,2835.225225,synthetic_track_0,0.09325890414649046,15.300462717062802
-0.397052,370,2835.94693,synthetic_track_0,0.2413866544846567,39.60294774145701
5.955166,429,2836.738061,synthetic_track_0,0.2801044990158631,45.955166247093935
-3.523505,362,2837.428055,synthetic_track_0,0.22233039696484114,36.476494987404806
1.321806,382,2838.12221,synthetic_track_0,0.2518633832751171,41.32180557838185
-9.928385,313,2838.672304,synthetic_track_0,0.18329157462818416,30.071615462530644
-0.16814,371,2839.357317,synthetic_track_0,0.2427819109137164,39.83185959892465
0.242426,372,2840.024766,synthetic_track_0,0.24528438127481278,40.2424258050251
13.704492,459,2840.83737,synthetic_track_0,0.3273379467349115,53.70449176660072
6.548993,425,2841.589848,synthetic_track_0,0.2837239721608456,46.54899280357186
9.088905,425,2842.279482,synthetic_track_0,0.299205165086137,49.088904861695596
-24.664666,204,2842.669175,synthetic_track_0,0.09347145100409948,15.33533408189642
9.822926,449,2843.491715,synthetic_track_0,0.303679148218479,49.822926055056826
7.017474,680,2844.699584,synthetic_track_0,0.2865794460277022,47.017474305035336
-26.875173,191,2845.10384,synthetic_track_0,0.07999803939884625,13.124827387393553
-14.333112,282,2851.857049,synthetic_track_0,0.1564440176048611,25.6668881173077
6.800673,416,2852.586451,synthetic_track_0,0.28525800353924047,46.80067268472365
-1.388726,362,2853.227997,synthetic_track_0,0.23534223572373297,38.61127402682106
-1.373525,367,2853.82722,synthetic_track_0,0.2354348889247436,38.626475115238875
14.313489,458,2854.700211,synthetic_track_0,0.33104988607863167,54.31348873108764
-1.627945,366,2855.365104,synthetic_track_0,0.2338841558801377,38.37205508585659
-0.995667,368,2856.067958,synthetic_track_0,0.2377379942539755,39.00433262435166
14.273208,464,2856.8948,synthetic_track_0,0.33080436794574875,54.273207954973884
-24.682103,213,2857.322774,synthetic_track_0,0.09336516927469844,15.317897037647526
0.430492,376,2857.967374,synthetic_track_0,0.24643067783685418,40.43049222045994
-2.128755,362,2858.638384,synthetic_track_0,0.2308316356431954,37.87124529717355
9.031847,441,2859.421366,synthetic_track_0,0.29885738567434866,49.031846653983116
20.298948,512,2860.369778,synthetic_track_0,0.36753227173062925,60.29894809935432
8.972545,431,2861.267373,synthetic_track_0,0.2984959334086976,48.97254521820917
20.51125,517,2862.181872,synthetic_track_0,0.3688262875450465,60.51124997985551
3.649065,396,2862.920926,synthetic_track_0,0.2660484242014584,43.64906528424944
3.663675,399,2863.702327,synthetic_track_0,0.26613747292013434,43.66367500556853
-26.134195,199,2864.084111,synthetic_track_0,0.08451442201275569,13.865804824696117
2.973031,391,2864.746155,synthetic_track_0,0.2619278792715698,42.97303070448738
-25.182263,205,2865.106909,synthetic_track_0,0.09031660985000013,14.817737077102867
9.290403,441,2865.868189,synthetic_track_0,0.3004333328977496,49.29040343155181
9.225571,435,2873.091302,synthetic_track_0,0.3000381655535255,49.225570552883156
20.249015,508,2873.998942,synthetic_track_0,0.36722792266625126,60.249015263931184
9.318217,431,2874.756788,synthetic_track_0,0.3006028619472454,49.31821710709313
21.646643,534,2875.705901,synthetic_track_0,0.3757467027815075,61.64664349837403
8.844137,424,2876.496289,synthetic_track_0,0.29771326473516085,48.84413718072621
10.861496,453,2877.329918,synthetic_track_0,0.3100094093286673,50.86149631268678
13.72024,472,2878.283179,synthetic_track_0,0.32743393314634034,53.72023971606305
12.945241,470,2879.169915,synthetic_track_0,0.32271018286471276,52.94524063441796
8.61694,420,2880.043835,synthetic_track_0,0.2963284611422032,48.61694026115678
0.964954,390,2880.746336,synthetic_track_0,0.2496883132069276,40.964954092833004
-2.130552,359,2881.33326,synthetic_track_0,0.2308206791827002,37.86944773246
15.465381,476,2882.233675,synthetic_track_0,0.3380708668696203,55.46538147326477
35.839062,731,2883.424857,synthetic_track_0,0.4622518932372702,75.83906247985551
24.34545,541,2884.393036,synthetic_track_0,0.39219638439099397,64.34545003569032
9.920326,465,2885.256957,synthetic_track_0,0.30427281594351935,49.92032577228956
6.946258,413,2886.029285,synthetic_track_0,0.2861453691767803,46.94625776292974
12.7886,462,2886.903432,synthetic_track_0,0.3217554290429571,52.788599556684524
-6.909078,321,2887.479088,synthetic_track_0,0.20169475676966844,33.09092182054657
-24.700924,206,2887.852648,synthetic_track_0,0.0932504537139119,15.299076302223439
0.080607,375,2896.16513,synthetic_track_0,0.2442980654438677,40.080606526354195
9.65877,445,2897.0819,synthetic_track_0,0.30267859120239443,49.65877030541548
11.702163,460,2897.931585,synthetic_track_0,0.31513341693975,51.70216335818592
-2.202222,547,2898.967026,synthetic_track_0,0.23038383916223037,37.79777785270225
6.082402,421,2899.770829,synthetic_track_0,0.280880024274727,46.08240230479787
38.833978,726,2901.175982,synthetic_track_0,0.4805064076408703,78.8339777601342
-0.39806,375,2901.934417,synthetic_track_0,0.2413805117922842,39.601939944544874
10.145218,449,2902.725689,synthetic_track_0,0.30564357399210584,50.145218318566606
10.211453,434,2903.516008,synthetic_track_0,0.30604728496047534,50.2114529014897
9.289618,439,2904.313428,synthetic_track_0,0.3004285458293908,49.28961804423016
1.507424,384,2905.006398,synthetic_track_0,0.25299476128828163,41.507424391596054
0.95904,376,2905.808971,synthetic_track_0,0.24965226322152106,40.95903957493564
-1.327713,376,2906.476534,synthetic_track_0,0.235714118427701,38.67228672581488
9.093089,430,2907.236932,synthetic_track_0,0.2992306664295112,49.09308872335581
-12.072926,298,2907.763822,synthetic_track_0,0.17022023353536161,27.927074210591982
8.272728,433,2908.527014,synthetic_track_0,0.29423042666256555,48.27272757038374
-2.0015,364,2909.158317,synthetic_track_0,0.23160727339042497,37.99849981020955
1.157022,377,2909.881839,synthetic_track_0,0.25085900130710276,41.15702229043806
-0.306018,383,2910.537365,synthetic_track_0,0.24194152442188624,39.693982124340856
9.661979,448,2918.203858,synthetic_track_0,0.30269814774560333,49.6619788372225
-25.261467,204,2918.569748,synthetic_track_0,0.08983384994143559,14.738533380148828
-2.106411,372,2919.31539,synthetic_track_0,0.23096782681043515,37.89358941429369
6.411274,404,2920.027426,synthetic_track_0,0.28288454988353545,46.41127352222923
19.748199,504,2920.959323,synthetic_track_0,0.36417536331046874,59.74819905724054
-1.658764,367,2921.699709,synthetic_track_0,0.23369631091546084,38.34123642135554
4.384726,424,2922.471174,synthetic_track_0,0.27053239793816897,44.3847255797539
-1.283669,365,2923.161225,synthetic_track_0,0.23598257443406523,38.716330789533394
-25.130386,208,2923.602182,synthetic_track_0,0.09063281036377914,14.869614313024407
5.364983,420,2924.471997,synthetic_track_0,0.27650722956766655,45.36498252598883
5.118855,420,2925.22888,synthetic_track_0,0.27500704234464,45.118855264633964
-1.473348,377,2925.936314,synthetic_track_0,0.23482645093424806,38.52665212381064
-4.240982,337,2926.528965,synthetic_track_0,0.2179572563839015,35.75901846301805
2.56935,388,2927.289914,synthetic_track_0,0.259467374718781,42.56934959200109
8.307206,441,2928.09445,synthetic_track_0,0.2944405787737371,48.307206042668184
-11.463,298,2928.612834,synthetic_track_0,0.17393783305874647,28.53699980885091
-24.955616,212,2928.992927,synthetic_track_0,0.09169805915369615,15.044383677340756
8.963074,446,2929.782336,synthetic_track_0,0.298438206896638,48.963074354771116
4.524305,401,2930.549215,synthetic_track_0,0.2713831560941333,44.5243046748087
-2.005225,361,2931.241617,synthetic_track_0,0.23158457178532374,37.99477528582609
8.175632,461,2932.094547,synthetic_track_0,0.2936386120232504,48.17563187848038
-6.396219,327,2932.713896,synthetic_track_0,0.2048207170800776,33.60378050811279
15.012012,468,2939.971286,synthetic_track_0,0.3353075030143125,55.012011942185985
0.69379,370,2940.626417,synthetic_track_0,0.24803552505797402,40.693790457749486
-1.602095,369,2941.272407,synthetic_track_0,0.23404171817380423,38.397905443223785
-0.904171,364,2942.002172,synthetic_track_0,0.2382956779571466,39.09582864595277
5.854705,410,2942.73945,synthetic_track_0,0.27949216879792327,45.854704679848815
-11.691984,295,2943.24832,synthetic_track_0,0.17254213966572404,28.308016261169005
-0.989766,562,2944.372203,synthetic_track_0,0.23777396270295334,39.01023376502678
7.817959,423,2945.17427,synthetic_track_0,0.2914585341555404,47.81795879149241
6.545742,408,2945.963468,synthetic_track_0,0.28370415591813913,46.545741664332155
-1.301663,365,2946.706022,synthetic_track_0,0.23587290151658546,38.69833737217204
-1.231849,369,2947.422965,synthetic_track_0,0.23629842513593122,38.768150633786206
-14.021395,281,2947.980867,synthetic_track_0,0.1583439826825773,25.97860467779456
0.448002,376,2948.708129,synthetic_track_0,0.24653740569069266,40.44800245783055
-10.801246,298,2949.308136,synthetic_track_0,0.17797133896692816,29.19875438694724
-13.653772,281,2949.871121,synthetic_track_0,0.16058471035366126,26.346228236148388
0.076453,366,2950.573837,synthetic_track_0,0.24427274940707486,40.07645306690024
-25.803815,205,2950.985512,synthetic_track_0,0.08652814530566956,14.196185054312712
-26.366745,193,2951.385802,synthetic_track_0,0.08309699245760335,13.633255147416993
-2.100512,365,2952.123989,synthetic_track_0,0.2310037790032477,37.899487887911405
7.007873,409,2952.981842,synthetic_track_0,0.2865209237924273,47.00787289177472
12.229795,480,2953.934451,synthetic_track_0,0.3183494223575232,52.2297952389468
-0.413044,364,2954.604343,synthetic_track_0,0.2412891801692655,39.58695567997866
7.304005,452,2962.069802,synthetic_track_0,0.2883258996580179,47.30400510766787
16.883792,500,2962.994656,synthetic_track_0,0.34671631786358637,56.883791884753066
-2.100893,367,2963.702448,synthetic_track_0,0.23100145710750764,37.89910694756551
12.406929,483,2964.536344,synthetic_track_0,0.31942907991465264,52.40692856847966
5.049931,417,2965.346223,synthetic_track_0,0.2745869377989945,45.04993107989531
12.826493,445,2966.221926,synthetic_track_0,0.32198639644011795,52.82649307560863
3.723807,391,2966.932442,synthetic_track_0,0.26650398675160886,43.72380686391585
-25.034993,208,2967.321304,synthetic_track_0,0.09121424193498326,14.965006513470573
9.557315,442,2968.180435,synthetic_track_0,0.3020602028045183,49.55731480673724
4.031292,407,2968.985347,synthetic_track_0,0.2683781592422738,44.0312917800341
7.058185,419,2969.732159,synthetic_track_0,0.2868275871833849,47.058185425714264
7.546576,417,2970.487605,synthetic_track_0,0.28980440960322995,47.546575900243226
-5.461641,337,2971.062255,synthetic_track_0,0.21051712906896658,34.538358713322225
14.126422,464,2971.889898,synthetic_track_0,0.3299096857107415,54.12642248386386
24.7317,561,2972.900066,synthetic_track_0,0.39455064245044397,64.73169988490983
-2.122905,359,2973.489844,synthetic_track_0,0.2308672906380344,37.87709501119501
-0.036535,382,2974.189913,synthetic_track_0,0.24358406584107298,39.96346463623078
2.855181,404,2974.944133,synthetic_track_0,0.26120956612582263,42.85518111568655
-26.423955,197,2975.275965,synthetic_track_0,0.08274828462803019,13.576044619431897
18.314981,505,2976.160885,synthetic_track_0,0.35543965549963485,58.31498071857268
-1.304484,366,2976.796368,synthetic_track_0,0.23585570508615422,38.695516050764844
2.514606,413,2984.070695,synthetic_track_0,0.2591337014927056,42.51460570666409
-4.027148,343,2984.731818,synthetic_track_0,0.2192606050961746,35.97285153946233
2.591468,405,2985.485819,synthetic_track_0,0.25960218939381474,42.59146787580406
25.346009,554,2986.602003,synthetic_track_0,0.3982949625196729,65.34600937250575
-10.748418,306,2987.200227,synthetic_track_0,0.1782933340191246,29.251582300123996
2.344308,391,2987.969811,synthetic_track_0,0.2580957082750246,42.34430801044899
-9.744375,312,2988.556244,synthetic_track_0,0.18441314378468124,30.25562499192245
19.657507,534,2989.508179,synthetic_track_0,0.3636225797215858,59.65750696976949
8.899878,434,2990.335248,synthetic_track_0,0.2980530132115751,48.899877798141034
8.49681,446,2991.138099,synthetic_track_0,0.2955962450376323,48.496809692270595
-4.573256,345,2991.765136,synthetic_track_0,0.21593198737342856,35.426743992602994
-0.282289,374,2992.405972,synthetic_track_0,0.24208615409641301,39.717710699784995
14.550692,490,2993.252206,synthetic_track_0,0.3324956784738395,54.550691739657644
7.371828,425,2994.129922,synthetic_track_0,0.28873929343619564,47.37182829461567
7.060531,419,2994.998336,synthetic_track_0,0.28684188245599596,47.060530770511285
4.851292,413,2995.822701,synthetic_track_0,0.2733761983215862,44.85129187859113
-0.190008,370,2996.508348,synthetic_track_0,0.24264862331396045,39.80999185375461
3.998719,402,2997.189259,synthetic_track_0,0.2681796226657634,43.99871900304651
-10.366104,300,2997.695973,synthetic_track_0,0.18062360066292585,29.63389601301398
-5.857255,334,2998.303984,synthetic_track_0,0.20810579839960705,34.14274528270447
13.750735,476,3005.714328,synthetic_track_0,0.3276198094680198,53.75073539640446
11.415485,457,3006.551197,synthetic_track_0,0.31338606361006727,51.415484946949704
9.825012,442,3007.435016,synthetic_track_0,0.3036918596831359,49.825011553410484
-26.754593,191,3007.801407,synthetic_track_0,0.08073299040220386,13.245406655707463
14.06547,471,3008.774853,synthetic_track_0,0.3295381696322512,54.06546993504556
5.580974,417,3009.617332,synthetic_track_0,0.2778237321797509,45.58097368862862
4.016525,397,3010.424501,synthetic_track_0,0.26828815146322177,44.01652471108519
18.476975,496,3011.37895,synthetic_track_0,0.3564270358237281,58.47697464263402
17.047692,475,3012.437608,synthetic_track_0,0.34771531560963287,57.047691813748635
30.931977,620,3013.613513,synthetic_track_0,0.43234238042119044,70.93197730749387
-3.553988,344,3014.195282,synthetic_track_0,0.22214459645734091,36.44601174546843
1.566857,383,3014.859513,synthetic_track_0,0.25335701605339317,41.56685748893291
36.406759,672,3016.007374,synthetic_track_0,0.4657121008555007,76.40675923911478
10.38419,440,3016.78343,synthetic_track_0,0.3071001460915453,50.38418989244636
12.783159,464,3017.664369,synthetic_track_0,0.32172226494122264,52.78315850945394
11.679939,452,3018.46828,synthetic_track_0,0.31499795688920823,51.67993919126122
8.54807,453,3019.264515,synthetic_track_0,0.2959086831273124,48.54806964847844
5.442614,405,3019.997304,synthetic_track_0,0.2769804084799314,45.44261432288659
12.44831,452,3027.345586,synthetic_track_0,0.31968130756087165,52.44831013662595
-1.612857,360,3028.021048,synthetic_track_0,0.23397611836219906,38.38714285190988
-12.886841,290,3028.600448,synthetic_track_0,0.16525928489490815,27.113159331265383
1.759199,374,3029.317019,synthetic_track_0,0.25452937188485997,41.75919930181024
13.163495,473,3030.167391,synthetic_track_0,0.3240404822061519,53.16349534867292
-11.221346,300,3030.709555,synthetic_track_0,0.17541075860170202,28.778654400026472
9.40275,434,3031.513481,synthetic_track_0,0.30111810709620773,49.402750474324876
8.99179,436,3032.341856,synthetic_track_0,0.29861323267935097,48.991789848347125
6.36139,421,3033.097308,synthetic_track_0,0.28258050198686396,46.36139009769407
-1.618031,363,3033.748344,synthetic_track_0,0.23394458156093934,38.381968786695346
13.385462,472,3034.685794,synthetic_track_0,0.32539340381594006,53.38546157097762
-0.863495,363,3035.351339,synthetic_track_0,0.23854360456120122,39.13650456635547
3.342342,392,3036.211066,synthetic_track_0,0.2641788911926861,43.34234154177326
10.030498,449,3037.110384,synthetic_track_0,0.304944335423272,50.03049818807945
7.703485,421,3037.898418,synthetic_track_0,0.29076079784993925,47.70348512886581
8.286139,419,3038.737372,synthetic_track_0,0.2943121740760759,48.28613940772066
-11.998417,291,3039.297825,synthetic_track_0,0.17067437477267802,28.001582603473437
4.629394,410,3040.15422,synthetic_track_0,0.2720236933051447,44.62939400440854
14.73183,467,3041.047445,synthetic_track_0,0.33359974926356073,54.73183041064817
-1.210327,366,3041.779911,synthetic_track_0,0.23642960881046368,38.789673199804334
15.006425,491,3042.770074,synthetic_track_0,0.33527345245414947,55.006425458717864
8.462896,441,3050.27979,synthetic_track_0,0.2953895374580744,48.4628963448717
8.29944,434,3051.120605,synthetic_track_0,0.2943932447640512,48.29944021851363
7.077356,427,3051.977503,synthetic_track_0,0.2869444336127331,47.077355760731876
-25.612008,198,3052.336138,synthetic_track_0,0.08769724326785582,14.387992366941294
14.475932,463,3053.211335,synthetic_track_0,0.33204000459216043,54.475931894454895
4.743809,400,3054.09987,synthetic_track_0,0.27272106944765984,44.74380857710781
9.870668,445,3054.881366,synthetic_track_0,0.30397014087040697,49.87066757917734
9.47198,430,3055.635051,synthetic_track_0,0.30154007562773466,49.4719804727201
-10.893497,304,3056.246971,synthetic_track_0,0.17740905409713068,29.106503477873815
-1.064427,376,3057.000422,synthetic_track_0,0.2373188918404685,38.9355728537841
15.534282,494,3057.941058,synthetic_track_0,0.3384908296299264,55.53428239608201
9.962151,442,3058.798969,synthetic_track_0,0.30452774976533437,49.96215132741159
-0.810722,372,3059.467509,synthetic_track_0,0.23886526845552322,39.18927814832646
-10.204529,313,3059.991853,synthetic_track_0,0.1816084283979514,29.79547114817554
1.360268,377,3060.707071,synthetic_track_0,0.25209781673935217,41.36026775539313
-7.905495,598,3061.719211,synthetic_track_0,0.19562142864675314,32.09450510984633
20.172145,499,3062.644155,synthetic_track_0,0.36675938417833026,60.172144795298145
2.202847,373,3063.336416,synthetic_track_0,0.2572334771778425,42.20284661459982
-9.660911,301,3063.910424,synthetic_track_0,0.18492187046786845,30.339088911218074
17.212436,496,3064.856268,synthetic_track_0,0.3487194590959577,57.21243597534591
11.620476,435,3072.611454,synthetic_track_0,0.31463551626280994,51.62047560071071
5.780323,410,3073.307039,synthetic_track_0,0.2790388004461121,45.78032308993557
-11.308228,308,3073.906496,synthetic_track_0,0.1748811943380686,28.69177177636531
-13.599845,282,3074.46324,synthetic_track_0,0.1609134014543633,26.40015473225885
7.211493,431,3075.302144,synthetic_track_0,0.2877620245955425,47.21149330464546
7.814021,406,3076.001315,synthetic_track_0,0.2914345348650494,47.814021363181894
3.964566,389,3076.777451,synthetic_track_0,0.2679714540768177,43.96456595607285
-14.465385,267,3077.318909,synthetic_track_0,0.15563779321932636,25.534615426937197
6.627058,414,3078.068897,synthetic_track_0,0.28419979185217015,46.62705785820428
1.905176,399,3078.925141,synthetic_track_0,0.2554191271613297,41.90517643460553
8.174672,435,3079.807315,synthetic_track_0,0.2936327640907602,48.17467244116062
1.026361,377,3080.457324,synthetic_track_0,0.2500625990253163,41.026361057263834
9.70036,455,3081.281449,synthetic_track_0,0.30293208860298354,49.70036019500386
5.816663,414,3082.067092,synthetic_track_0,0.27926029828968213,45.81666299258046
9.638219,447,3082.8922,synthetic_track_0,0.30255332629465714,49.638218798102244
6.76811,405,3083.769789,synthetic_track_0,0.28505952978958354,46.768110215383764
7.682224,430,3084.557418,synthetic_track_0,0.2906312064861351,47.68222380429326
8.763582,425,3085.347201,synthetic_track_0,0.29722226665653306,48.763581893647206
-5.730467,346,3086.114823,synthetic_track_0,0.20887859302876374,34.269533341384474
6.331093,413,3086.883422,synthetic_track_0,0.28239583566723964,46.331092935569245
0.705527,373,3087.611097,synthetic_track_0,0.24810706123980375,40.70552699586372
6.812775,425,3095.128083,synthetic_track_0,0.2853317712498354,46.8127753371836
8.689618,428,3095.967055,synthetic_track_0,0.2967714444466749,48.68961803489197
0.16043,384,3096.668952,synthetic_track_0,0.24478459999688265,40.16042950794612
-1.065814,367,3097.339859,synthetic_track_0,0.23731043923425776,38.93418608232916
5.683279,419,3098.134447,synthetic_track_0,0.2784473000339988,45.683278951517956
8.688823,430,3098.897489,synthetic_track_0,0.2967665970202027,48.688822744954884
5.808243,410,3099.628849,synthetic_track_0,0.2792089791466572,45.80824335006257
-1.257318,363,3100.367504,synthetic_track_0,0.23614318990569083,38.742682064598036
7.230855,424,3101.085757,synthetic_track_0,0.287880035688138,47.23085471939703
3.995738,393,3101.841569,synthetic_track_0,0.26816145179455175,43.99573781063325
7.063176,420,3102.669186,synthetic_track_0,0.28685800536038303,47.06317596455171
0.826134,383,3103.51607,synthetic_track_0,0.24884217969613262,40.82613373724272
9.308529,433,3104.283478,synthetic_track_0,0.30054381285375276,49.30852925517455
-0.689606,375,3105.017388,synthetic_track_0,0.23960349201535588,39.31039432653433
1.416985,377,3105.666302,synthetic_track_0,0.2524435202947451,41.416985389048115
-11.580969,294,3106.172497,synthetic_track_0,0.17321879303114393,28.419030964641387
-8.604544,316,3106.760113,synthetic_track_0,0.19136060672292254,31.39545607440828
9.737493,429,3107.541255,synthetic_track_0,0.30315842171586543,49.73749339302907
-14.091332,285,3108.037434,synthetic_track_0,0.15791770744783096,25.908668102878366
5.73296,402,3108.749033,synthetic_track_0,0.2787501142690818,45.73295997615026
-0.345226,364,3109.533935,synthetic_track_0,0.24170254482533762,39.654774089026745
-1.186472,366,3116.744885,synthetic_track_0,0.23657500624797115,38.81352773779295
7.519548,414,3117.501217,synthetic_track_0,0.28963967148393427,47.5195482456141
-7.242312,307,3118.035468,synthetic_track_0,0.1996636425219785,32.757688355010025
9.680872,427,3118.864284,synthetic_track_0,0.3028133066848308,49.68087231524814
12.645448,463,3119.681388,synthetic_track_0,0.3208828940303163,52.64544765550764
6.171794,400,3120.530517,synthetic_track_0,0.2814248815383303,46.17179396475977
-11.111422,302,3121.254304,synthetic_track_0,0.17608076421007793,28.888578443473044
1.910588,371,3122.02553,synthetic_track_0,0.25545211062582607,41.91058784570267
-0.056979,368,3122.735476,synthetic_track_0,0.24345946037103253,39.94302131914332
8.779995,426,3123.557302,synthetic_track_0,0.2973223062699365,48.77999482911022
3.099273,381,3124.396472,synthetic_track_0,0.26269734808040485,43.09927311457436
7.514215,413,3125.253923,synthetic_track_0,0.28960716258702424,47.51421469414577
6.751312,408,3126.11155,synthetic_track_0,0.2849571438635465,46.751312333632754
9.913974,430,3126.968333,synthetic_track_0,0.30423409959483644,49.913973799199326
8.580535,427,3127.85644,synthetic_track_0,0.29610656413353287,48.580534869743914
8.229541,425,3128.624574,synthetic_track_0,0.29396719818583567,48.22954115798554
-0.913562,372,3129.359373,synthetic_track_0,0.2382384385589378,39.08643770053843
-1.803449,355,3130.110131,synthetic_track_0,0.23281443048561337,38.19655127025626
9.560029,419,3130.981087,synthetic_track_0,0.30207674826288566,49.56002932682735
-10.086458,310,3131.617355,synthetic_track_0,0.18232809239793366,29.913542364016166
0.817688,372,3132.334887,synthetic_track_0,0.2487906989022709,40.81768757358323
-2.161242,362,3139.691082,synthetic_track_0,0.230633617461099,37.83875757023536
13.711777,445,3140.44288,synthetic_track_0,0.32738235095061247,53.71177691597097
-0.672212,352,3141.119005,synthetic_track_0,0.23970951028803414,39.32778814692378
7.162205,406,3141.87634,synthetic_track_0,0.2874616043226285,47.162205043891824
9.933367,416,3142.678076,synthetic_track_0,0.3043523053745418,49.93336715516758
9.106963,415,3143.526757,synthetic_track_0,0.29931523205047406,49.10696292810365
10.635573,427,3144.326602,synthetic_track_0,0.30863236882147366,50.635573038839325
-9.719344,316,3144.933432,synthetic_track_0,0.18456571168857736,30.280655947912628
-16.20102,251,3145.365173,synthetic_track_0,0.14505880368231036,23.798980245753246
0.24197,373,3146.140839,synthetic_track_0,0.245281603690556,40.24197010243291
7.554554,410,3146.826306,synthetic_track_0,0.28985303871348833,47.554554204248426
-4.2966,326,3147.464889,synthetic_track_0,0.2176182539731772,35.70340024839552
-1.26872,571,3148.576542,synthetic_track_0,0.23607369073802872,38.73127972791595
12.821367,469,3149.398966,synthetic_track_0,0.3219551551705841,52.82136749661849
-12.549483,287,3149.931164,synthetic_track_0,0.16731553527175616,27.450516739824355
7.646045,406,3150.806341,synthetic_track_0,0.2904106887913338,47.6460447091319
-13.452113,274,3151.34046,synthetic_track_0,0.16181385593084363,26.547887222490115
13.833594,446,3152.235,synthetic_track_0,0.32812484607204556,53.83359390521248
4.755889,391,3153.003863,synthetic_track_0,0.2727947041769218,44.755889412070054
8.681569,422,3153.950456,synthetic_track_0,0.2967223822672367,48.681568679667585
0.643403,364,3154.598123,synthetic_track_0,0.2477284043327989,40.6434028915628
11.645102,447,3162.131968,synthetic_track_0,0.3147856205050656,51.645102357622825
7.616016,413,3163.002858,synthetic_track_0,0.2902276575682868,47.61601580808573
0.230686,368,3163.668388,synthetic_track_0,0.2452128255669369,40.23068606338254
9.618426,428,3164.434191,synthetic_track_0,0.3024326862537872,49.61842606662627
12.577294,443,3165.241465,synthetic_track_0,0.32046748493632704,52.577293827054675
13.227924,438,3166.007378,synthetic_track_0,0.3244331849750171,53.22792387835488
8.548743,416,3166.766264,synthetic_track_0,0.29591279032086226,48.54874349257254
-0.564901,364,3167.466154,synthetic_track_0,0.24036358968659866,39.43509926690022
12.463495,456,3168.259815,synthetic_track_0,0.31977386425063653,52.463495390987696
8.145917,417,3168.962109,synthetic_track_0,0.2934574974506156,48.145917431463474
5.758676,401,3169.837427,synthetic_track_0,0.2789068561445853,45.75867573213402
23.268597,536,3170.737334,synthetic_track_0,0.38563278392063766,63.26859710453605
9.342083,435,3171.531447,synthetic_track_0,0.3007483263947315,49.34208263903122
20.71125,520,3172.462153,synthetic_track_0,0.3700453214329338,60.71124999833265
4.152434,396,3173.162573,synthetic_track_0,0.2691165386821985,44.15243353261
14.180728,450,3173.969038,synthetic_track_0,0.33024068573566284,54.18072779215594
7.217081,409,3174.734789,synthetic_track_0,0.2877960843273737,47.21708129285747
9.557315,428,3175.479052,synthetic_track_0,0.3020602028045183,49.55731480673724
9.47003,429,3176.249283,synthetic_track_0,0.301528187496468,49.470030054034765
3.245036,376,3183.462636,synthetic_track_0,0.26358579738153814,43.24503598335778
3.321443,378,3184.185363,synthetic_track_0,0.2640515125654526,43.321443248417005
9.029973,419,3185.036301,synthetic_track_0,0.298845965173394,49.02997295676711
-11.283065,297,3185.668134,synthetic_track_0,0.1750345705389801,28.716935345090555
11.74422,447,3186.519961,synthetic_track_0,0.31538975842445494,51.74421986062352
9.257315,422,3187.250037,synthetic_track_0,0.3002316520649054,49.25731479415123
4.756561,415,3188.067531,synthetic_track_0,0.272798796409021,44.75656080152328
3.46542,382,3188.793019,synthetic_track_0,0.2649290756430344,43.46542007586631
7.160887,404,3189.571919,synthetic_track_0,0.2874535679184553,47.16088655635911
6.555566,401,3190.432548,synthetic_track_0,0.2837640341664915,46.555565551014745
9.457315,434,3191.304563,synthetic_track_0,0.3014506858868528,49.45731480180998
9.057315,422,3192.09733,synthetic_track_0,0.29901261854125355,49.057314835432145
9.765801,427,3192.858402,synthetic_track_0,0.30333096121680575,49.76580097636944
8.689618,420,3193.560201,synthetic_track_0,0.29677144444667486,48.689618034891964
-25.20543,206,3193.904482,synthetic_track_0,0.0901754004069045,14.79456963975031
7.444864,406,3194.596389,synthetic_track_0,0.28918445598220216,47.444863604225425
0.498525,365,3195.207356,synthetic_track_0,0.24684535097631433,40.49852530500178
8.338812,407,3195.923403,synthetic_track_0,0.2946332219193569,48.338811917669936
13.377573,441,3196.708929,synthetic_track_0,0.32534532227131824,53.37757310297986
7.327874,411,3197.487369,synthetic_track_0,0.28847138437911346,47.327873965782786
7.47088,405,3198.164166,synthetic_track_0,0.2893430309899867,47.47088011188945
19.608483,497,3205.418782,synthetic_track_0,0.36332377001373556,59.608482945347355
8.650985,415,3206.241511,synthetic_track_0,0.29653596869484533,48.65098485563028
9.164924,416,3206.976121,synthetic_track_0,0.29966851314742793,49.164923766289085
11.114868,425,3207.739015,synthetic_track_0,0.3115537550998898,51.11486841812915
10.760405,418,3208.506104,synthetic_track_0,0.30939324139594504,50.76040511320992
2.03704,379,3209.180101,synthetic_track_0,0.2562228571803269,42.03703988831858
9.189618,582,3210.22291,synthetic_track_0,0.29981902887853834,49.189618033858096
3.673299,391,3210.944273,synthetic_track_0,0.26619613327656205,43.67329907958811
38.196377,647,3212.063509,synthetic_track_0,0.4766201257896561,78.19637740318493
10.592708,594,3213.18351,synthetic_track_0,0.3083711011233138,50.5927083203285
24.816037,531,3214.126489,synthetic_track_0,0.3950646895566569,64.81603669602087
10.125012,424,3214.8962,synthetic_track_0,0.3055204104227488,50.1250115659965
12.801692,449,3215.770241,synthetic_track_0,0.3218352309807117,52.80169221078054
5.916412,419,3216.476333,synthetic_track_0,0.2798682839767816,45.91641177714007
8.511909,417,3217.208114,synthetic_track_0,0.29568827661772257,48.51190879484799
9.157315,427,3218.042465,synthetic_track_0,0.2996221351804364,49.15731479467033
5.513217,392,3218.705029,synthetic_track_0,0.27741074402451366,45.51321704995023
-10.14264,304,3219.250014,synthetic_track_0,0.18198565135519146,29.857359992421504
7.780394,412,3226.906383,synthetic_track_0,0.2912295703986607,47.78039399853501
15.94908,466,3227.773609,synthetic_track_0,0.3410190899251118,55.94907981129452
5.894239,404,3228.468321,synthetic_track_0,0.27973313709621295,45.89423899024757
15.520106,480,3229.388937,synthetic_track_0,0.33840441936396914,55.52010555082793
0.151737,367,3230.06201,synthetic_track_0,0.24473161743497618,40.15173695766876
4.412767,396,3230.73928,synthetic_track_0,0.2707033180708051,44.41276748246473
8.01583,420,3231.552333,synthetic_track_0,0.2926645903326905,48.01582963012227
9.610247,427,3232.297446,synthetic_track_0,0.3023828357266407,49.61024737163718
9.625012,442,3233.073888,synthetic_track_0,0.30247282615948407,49.62501159469141
0.930733,377,3233.78393,synthetic_track_0,0.2494797326324699,40.93073345371869
9.089618,416,3234.513625,synthetic_track_0,0.2992095120722078,49.089618047196936
8.93822,436,3235.261379,synthetic_track_0,0.2982867172540302,48.938220303032516
-1.014567,357,3235.904477,synthetic_track_0,0.23762279508124337,38.98543254544171
11.092708,435,3236.752325,synthetic_track_0,0.31141868564074543,51.09270833333332
7.836171,410,3237.531404,synthetic_track_0,0.2915695376852853,47.83617051490764
6.839563,410,3238.317418,synthetic_track_0,0.2854950449072694,46.83956272581003
-0.353729,364,3238.985647,synthetic_track_0,0.24165071764101112,39.64627109503625
7.003784,420,3239.735403,synthetic_track_0,0.2864960013112432,47.00378400077108
3.502177,392,3240.57717,synthetic_track_0,0.26515311636419187,43.50217717410317
12.399671,448,3241.365362,synthetic_track_0,0.3193848409623166,52.399670532938124
10.192708,436,3248.887786,synthetic_track_0,0.3059330337777145,50.192708353950664
4.279304,405,3249.724089,synthetic_track_0,0.2698898373006682,44.279304277975676
8.358498,417,3250.577591,synthetic_track_0,0.2947532134427497,48.35849825053903
20.587064,487,3251.513482,synthetic_track_0,0.36928838444520057,60.58706361349388
10.803979,427,3252.397646,synthetic_track_0,0.30965882881308704,50.80397854366455
10.417525,442,3253.167434,synthetic_track_0,0.30730332926791076,50.41752501087999
13.975295,465,3254.007573,synthetic_track_0,0.3289885370134666,53.97529480947701
9.154107,426,3254.833924,synthetic_track_0,0.29960258470017065,49.15410725757621
39.103389,694,3256.072547,synthetic_track_0,0.4821485164419611,79.10338929481173
12.229852,456,3256.876336,synthetic_track_0,0.3183497673369993,52.22985183778484
14.653496,462,3257.742513,synthetic_track_0,0.3331222865061193,54.653495787419665
6.944198,421,3258.540517,synthetic_track_0,0.28613281450445566,46.94419798861021
12.212095,436,3259.381695,synthetic_track_0,0.31824153397247495,52.21209459976234
12.228102,449,3260.258277,synthetic_track_0,0.3183391008772064,52.22810185185183
6.366253,410,3260.942191,synthetic_track_0,0.28261014386350286,46.36625327330746
-25.108948,202,3261.344628,synthetic_track_0,0.09076347900081204,14.891052379743172
11.451616,448,3262.166169,synthetic_track_0,0.31360629082978525,51.45161638550151
8.794775,427,3262.946388,synthetic_track_0,0.2974123929066393,48.79477483578939
19.332874,485,3270.009883,synthetic_track_0,0.36164388842733636,59.332874242703724
12.816008,467,3270.975544,synthetic_track_0,0.32192248715247895,52.81600783903263
12.248128,438,3271.76065,synthetic_track_0,0.31846116402004815,52.24812806364651
10.387489,435,3272.589329,synthetic_track_0,0.30712025326798054,50.387488763543
38.687183,660,3273.720041,synthetic_track_0,0.4796116675902327,78.68718280353961
8.262244,418,3274.45838,synthetic_track_0,0.2941665275061836,48.262243995985976
12.195799,581,3275.560477,synthetic_track_0,0.3181422071594762,52.19579860944376
-0.24728,370,3276.199015,synthetic_track_0,0.24229954084667896,39.752719861072485
13.163495,446,3277.034715,synthetic_track_0,0.3240404822061519,53.16349534867292
20.076898,526,3278.001501,synthetic_track_0,0.3661788378860458,60.07689783757415
5.46838,392,3278.748085,synthetic_track_0,0.2771374544548389,45.46837997074541
16.386558,468,3279.844841,synthetic_track_0,0.34368559581490427,56.38655840194482
2.619836,384,3280.524255,synthetic_track_0,0.2597750969035116,42.6198358362667
10.692708,446,3281.306178,synthetic_track_0,0.3089806180409793,50.69270832525576
1.165766,371,3282.080161,synthetic_track_0,0.2509122927568021,41.16576551819443
14.077804,455,3282.875618,synthetic_track_0,0.32961334955854804,54.077804281775286
-13.653136,285,3283.49189,synthetic_track_0,0.1605885851425954,26.34686395092722
13.050122,461,3284.370533,synthetic_track_0,0.32334945230155415,53.050121967455986
19.983276,504,3285.298243,synthetic_track_0,0.36560819987471826,59.98327647565527
6.070962,401,3293.46023,synthetic_track_0,0.28081029080805187,46.07096152799742
38.70997,674,3294.875646,synthetic_track_0,0.4797505575007065,78.70996968824976
10.41188,447,3295.717425,synthetic_track_0,0.30726892135585254,50.41187989870077
39.010392,853,3297.280082,synthetic_track_0,0.48158167969727267,79.01039158528317
12.728726,454,3298.074994,synthetic_track_0,0.3213904881380243,52.728725759528544
8.943991,415,3298.810226,synthetic_track_0,0.2983218912813122,48.94399110741803
13.831367,466,3299.658969,synthetic_track_0,0.3281112707799669,53.83136668356298
34.664942,670,3300.932739,synthetic_track_0,0.4550954312336572,74.66494209881009
3.333946,400,3301.640579,synthetic_track_0,0.2641277194189041,43.33394607729635
8.311739,416,3302.381446,synthetic_track_0,0.2944682086686109,48.31173912377462
9.378175,435,3303.184422,synthetic_track_0,0.30096831369091437,49.37817471468103
12.287945,607,3304.300211,synthetic_track_0,0.31870385235196785,52.28794457026738
12.886022,454,3305.211967,synthetic_track_0,0.32234923813595906,52.886022467361855
12.514999,440,3305.986634,synthetic_track_0,0.32008778631854945,52.514998815139236
9.696626,431,3306.785047,synthetic_track_0,0.3029093299311672,49.696626308006124
12.03934,450,3307.572454,synthetic_track_0,0.3171885676290158,52.03934034720205
6.140019,399,3314.841834,synthetic_track_0,0.2812312074475841,46.14001894840242
4.700042,397,3315.660525,synthetic_track_0,0.2724543074207424,44.70004243504841
9.729807,416,3316.493464,synthetic_track_0,0.3031115692385659,49.72980657117883
12.612615,441,3317.327555,synthetic_track_0,0.32068277599014794,52.612615416692165
9.030691,418,3318.056556,synthetic_track_0,0.298850343244392,49.030691242197236
13.607667,464,3318.866548,synthetic_track_0,0.326747780507381,53.607666520327015
-2.08728,353,3319.529046,synthetic_track_0,0.23108442922507216,37.91271971519312
13.063495,456,3320.327463,synthetic_track_0,0.3234309653998213,53.06349536201175
12.443822,445,3321.107236,synthetic_track_0,0.31965394997165486,52.44382173117372
14.648289,477,3322.052861,synthetic_track_0,0.33309054992574877,54.648288945572546
9.070607,432,3322.842939,synthetic_track_0,0.2990936382258819,49.07060727839349
10.492717,438,3323.649436,synthetic_track_0,0.3077616355998717,50.49271674736176
2.932828,393,3324.450596,synthetic_track_0,0.26168283705223233,42.93282800882639
10.772219,434,3325.242133,synthetic_track_0,0.3094652511683467,50.77221935065973
20.594668,502,3326.251459,synthetic_track_0,0.3693347367589997,60.594668376337964
12.563495,610,3327.508376,synthetic_track_0,0.3203833808898194,52.56349535022588
9.627847,428,3328.267547,synthetic_track_0,0.30249010958874867,49.62784718950679
14.498889,631,3329.490156,synthetic_track_0,0.33217993135012847,54.49888888888887
12.408489,451,3336.634429,synthetic_track_0,0.3194385901367022,52.40848885700366
10.32731,433,3337.442138,synthetic_track_0,0.3067534510312662,50.32730958817367
8.454958,424,3338.380625,synthetic_track_0,0.2953411502075177,48.454957721424435
10.724819,447,3339.255321,synthetic_track_0,0.30917634083291584,50.72481946046919
2.918965,375,3340.030175,synthetic_track_0,0.26159834212395605,42.91896540222915
8.137034,416,3340.836588,synthetic_track_0,0.2934033536359193,48.137034360986696
16.051246,466,3341.68425,synthetic_track_0,0.34164180728120375,56.051245537745544
13.951379,456,3342.582614,synthetic_track_0,0.32884276445215116,53.95137872703974
16.417761,465,3343.503915,synthetic_track_0,0.3438757831395763,56.41776136424674
12.380656,449,3344.289102,synthetic_track_0,0.3192689454592588,52.38065621103675
13.851496,457,3345.241518,synthetic_track_0,0.32823395963344765,53.85149555217518
4.458249,385,3345.929108,synthetic_track_0,0.2709805384636438,44.458249469668594
12.879386,478,3346.791539,synthetic_track_0,0.32230878490349407,52.87938553354004
12.864867,467,3347.668961,synthetic_track_0,0.3222202898951761,52.8648666563582
12.08714,459,3348.447337,synthetic_track_0,0.317479915055556,52.08714007719339
9.057315,422,3349.197202,synthetic_track_0,0.29901261854125355,49.057314835432145
12.478709,525,3350.234879,synthetic_track_0,0.3198665940579309,52.478709047766664
10.533064,427,3350.944898,synthetic_track_0,0.30800755666806534,50.533063630800655
9.499585,425,3351.689003,synthetic_track_0,0.30170832913365886,49.49958487701767
0.19742,358,3358.759067,synthetic_track_0,0.24501006388155808,40.1974200965992
9.157315,430,3359.674649,synthetic_track_0,0.2996221351804364,49.157314794670334
37.102395,676,3360.972562,synthetic_track_0,0.46995211639836704,77.10239468891042
10.487206,440,3361.813874,synthetic_track_0,0.3077280485378965,50.48720630742865
9.948747,433,3362.577429,synthetic_track_0,0.3044460455912449,49.94874658412272
-2.509283,352,3363.184579,synthetic_track_0,0.22851225307420195,37.49071727308541
9.117728,426,3363.980639,synthetic_track_0,0.29938084630168826,49.117727888442815
12.028102,469,3364.870927,synthetic_track_0,0.31712006696969086,52.02810183015439
9.916381,436,3365.68682,synthetic_track_0,0.30424877289416213,49.91638116470853
10.010031,441,3366.52153,synthetic_track_0,0.3048195830237645,50.01003076510255
10.713759,436,3367.281541,synthetic_track_0,0.30910892543840857,50.7137589967027
21.374718,530,3368.252392,synthetic_track_0,0.37408927163378436,61.37471811265427
13.827922,467,3369.188368,synthetic_track_0,0.32809027737622964,53.82792241414844
27.089583,554,3370.244548,synthetic_track_0,0.4089223368715718,67.0895827775297
13.542099,455,3371.130581,synthetic_track_0,0.32634813592388145,53.542099086247944
10.885558,434,3371.996247,synthetic_track_0,0.3101560704742971,50.885558180143704
23.349734,530,3373.052935,synthetic_track_0,0.386127325636199,63.3497337761518
10.564335,435,3380.340217,synthetic_track_0,0.3081981608563663,50.564334985568394
11.738336,446,3381.114457,synthetic_track_0,0.3153538972102462,51.7383363133525
12.863495,455,3381.991435,synthetic_track_0,0.32221193159623585,52.86349535736554
20.518722,514,3382.891899,synthetic_track_0,0.36887183085121983,60.518722013378685
-0.012555,361,3383.522173,synthetic_track_0,0.24373023305942024,39.987445467822646
12.355376,449,3384.339713,synthetic_track_0,0.31911485876599727,52.355376075836574
4.760036,403,3384.976703,synthetic_track_0,0.27281997641248706,44.7600356853035
38.50985,687,3386.265675,synthetic_track_0,0.47853079133427395,78.50984952895944
6.210515,415,3387.081643,synthetic_track_0,0.28166089265972194,46.21051497908772
10.752978,442,3387.772591,synthetic_track_0,0.3093479696168699,50.75297762760719
14.552795,460,3388.560826,synthetic_track_0,0.33250849818456657,54.55279499733388
5.160803,406,3389.25641,synthetic_track_0,0.27526271880972486,45.16080266105111
11.130147,438,3390.024824,synthetic_track_0,0.3116468825253968,51.13014730988695
13.606059,451,3390.801844,synthetic_track_0,0.3267379809422367,53.60605876091245
8.115534,421,3391.606652,synthetic_track_0,0.2932723046964437,48.11553390018987
6.746713,410,3392.350146,synthetic_track_0,0.2849291097195843,46.74671292965708
13.589292,437,3393.135011,synthetic_track_0,0.32663578171339247,53.58929150951747
13.776475,465,3394.137602,synthetic_track_0,0.3277766946445277,53.77647466297624
10.441094,436,3401.440076,synthetic_track_0,0.30744698402894066,50.44109363776214
12.671901,451,3402.271643,synthetic_track_0,0.3210441327897028,52.67190118988183
10.053637,431,3403.197291,synthetic_track_0,0.30508536853247403,50.05363669532405
12.526269,473,3404.015,synthetic_track_0,0.3201564805064502,52.52626908332943
12.405799,630,3405.261837,synthetic_track_0,0.31942219481980894,52.405798969778886
10.425012,446,3406.0577,synthetic_track_0,0.3073489610658518,50.42501156274868
24.181095,562,3407.034804,synthetic_track_0,0.391194614430748,64.18109528513759
8.812703,423,3407.916553,synthetic_track_0,0.29752166600481683,48.81270265705155
7.451114,410,3408.591881,synthetic_track_0,0.2892225519364909,47.451113792704476
11.842439,449,3409.398256,synthetic_track_0,0.31598841816502043,51.84243858970423
13.641114,451,3410.221525,synthetic_track_0,0.3269516477560625,53.64111387064953
10.192708,438,3410.999095,synthetic_track_0,0.3059330337777145,50.192708353950664
10.371024,442,3411.793574,synthetic_track_0,0.3070198982732776,50.37102408524791
10.742941,436,3412.579277,synthetic_track_0,0.30928679559544875,50.742941150741274
11.04999,446,3413.360656,synthetic_track_0,0.3111583099727557,51.04998996518426
13.547168,465,3414.156645,synthetic_track_0,0.32637902917009576,53.547167567013794
12.772917,434,3415.057644,synthetic_track_0,0.32165983844678603,52.77291654640038
9.318393,424,3415.887367,synthetic_track_0,0.3006039319257901,49.31839265244165
13.294101,442,3423.447506,synthetic_track_0,0.324836544551436,53.29410081038137
14.398889,464,3424.388961,synthetic_track_0,0.33157041439346535,54.39888887756349
1.316773,381,3425.240588,synthetic_track_0,0.2518327100002982,41.3167731870829
10.486261,427,3426.071993,synthetic_track_0,0.30772228452542344,50.486260638393055
3.885947,394,3426.886994,synthetic_track_0,0.2674922588786626,43.885947101061966
10.091689,429,3427.824931,synthetic_track_0,0.30531730141163327,50.09168861543736
12.188088,453,3428.807534,synthetic_track_0,0.3180952121972088,52.188088410888
10.843091,443,3429.594155,synthetic_track_0,0.3098972282737784,50.843091399358705
0.024806,360,3430.373519,synthetic_track_0,0.2439579540526932,40.02480636756035
19.208711,482,3431.330466,synthetic_track_0,0.3608870947991275,59.20871137805402
14.333247,461,3432.201143,synthetic_track_0,0.33117031909402067,54.33324749705992
14.192158,466,3433.058116,synthetic_track_0,0.33031035303225503,54.19215771280387
11.487564,442,3433.827382,synthetic_track_0,0.3138254005237172,51.487564477896925
11.115632,446,3434.642084,synthetic_track_0,0.31155840782125416,51.115631763896715
3.746733,398,3435.384022,synthetic_track_0,0.2666437255916423,43.74673302771356
10.011323,441,3436.202581,synthetic_track_0,0.30482745775542264,50.011322727937035
38.80985,712,3437.499949,synthetic_track_0,0.480359341977377,78.80984952571163
14.070005,471,3438.383512,synthetic_track_0,0.3295658137083568,54.070005342786764
10.105939,432,3439.224083,synthetic_track_0,0.3054041575817576,50.105938617674646
38.538275,661,3447.209377,synthetic_track_0,0.47870405010317785,78.53827511854018
18.363952,477,3448.029086,synthetic_track_0,0.35573814547403454,58.36395228612987
13.186185,455,3449.033501,synthetic_track_0,0.32417878124207267,53.18618529192582
33.630649,634,3450.235345,synthetic_track_0,0.44879124216675315,73.63064933435763
19.830689,745,3451.636938,synthetic_track_0,0.36467815564301215,59.83068936107707
36.151324,807,3453.052923,synthetic_track_0,0.46415518280437296,76.1513244705764
10.77854,456,3453.924922,synthetic_track_0,0.3095037769178354,50.77854005321456
10.192708,452,3454.654212,synthetic_track_0,0.3059330337777145,50.192708353950664
15.443935,480,3455.563929,synthetic_track_0,0.3379401460899235,55.44393485179307
25.463359,569,3456.603924,synthetic_track_0,0.3990102283329327,65.46335900264273
14.547584,478,3457.4591,synthetic_track_0,0.3324767388017551,54.547584414418814
14.436307,468,3458.291785,synthetic_track_0,0.3317984849853115,54.43630713396847
10.372547,418,3459.039065,synthetic_track_0,0.30702918107149446,50.37254706162563
12.596461,458,3459.805479,synthetic_track_0,0.32058430955094186,52.59646058305195
26.971469,555,3460.796324,synthetic_track_0,0.40820241603543445,66.97146942402885
21.47099,518,3468.229334,synthetic_track_0,0.3746760652745765,61.47099003763257
2.874118,390,3469.007657,synthetic_track_0,0.26132499015601085,42.874118085691826
14.016205,498,3469.942003,synthetic_track_0,0.32923789116398144,54.01620493938058
11.928102,438,3470.603247,synthetic_track_0,0.3165105501633603,51.92810184349323
14.38812,462,3471.444085,synthetic_track_0,0.3315047743310738,54.38811968252995
12.695367,443,3472.364855,synthetic_track_0,0.32118716345061815,52.69536742417614
11.655249,440,3473.294831,synthetic_track_0,0.3148474679853709,51.65524932509168
4.373251,384,3474.093075,synthetic_track_0,0.27046245835335286,44.37325098631191
9.957315,438,3475.017544,synthetic_track_0,0.30449827040428445,49.9573148148148
10.025012,425,3475.79511,synthetic_track_0,0.3049108935050833,50.02501156106924
38.318463,664,3477.032071,synthetic_track_0,0.47736425620308226,78.31846268556585
15.869795,464,3477.872622,synthetic_track_0,0.34053583804163,55.86979539878899
38.417583,725,3479.197592,synthetic_track_0,0.47796841306746807,78.41758329676532
38.90985,655,3480.394749,synthetic_track_0,0.4809688589340401,78.909849537037
12.618605,450,3481.155342,synthetic_track_0,0.32071928408340983,52.61860509376307
15.237359,488,3481.941356,synthetic_track_0,0.3366810293991303,55.23735867378382
11.803449,436,3489.251085,synthetic_track_0,0.3157507724094144,51.80344939015492
9.065366,425,3490.031184,synthetic_track_0,0.29906168995923127,49.06536570637164
38.199428,668,3491.629315,synthetic_track_0,0.47663872166120513,78.19942832300788
9.825012,431,3492.444482,synthetic_track_0,0.3036918596831359,49.825011553410484
12.005799,455,3493.240561,synthetic_track_0,0.31698412946618654,52.00579933021346
11.360405,450,3494.006581,synthetic_track_0,0.3130503425451298,51.360405084233975
27.368314,568,3494.993943,synthetic_track_0,0.4106212500394383,67.36831388446655
5.457494,401,3495.721313,synthetic_track_0,0.2770711052218537,45.45749442609006
9.700307,435,3496.612807,synthetic_track_0,0.3029317620728206,49.70030662304062
38.0617,696,3497.830456,synthetic_track_0,0.4757992430971798,78.06169980702117
38.382819,699,3499.091231,synthetic_track_0,0.47775651945560066,78.38281910627828
10.325012,427,3499.844684,synthetic_track_0,0.3067394441149993,50.325011552376615
11.559179,454,3500.726364,synthetic_track_0,0.3142619019781951,51.55917881104083
10.974801,445,3501.612646,synthetic_track_0,0.3107000233006237,50.9748014541798
13.432475,457,3502.491556,synthetic_track_0,0.3256799572861651,53.43247478357913
-0.254162,366,3503.214848,synthetic_track_0,0.24225759704032268,39.74583837719447
12.571076,460,3504.029938,synthetic_track_0,0.32042958851176145,52.57107637429258
5.666845,398,3511.132623,synthetic_track_0,0.27834713424054347,45.66684531440507
12.028102,457,3511.918923,synthetic_track_0,0.31712006696969086,52.02810183015439
8.998306,607,3513.141514,synthetic_track_0,0.29865295083470117,48.998306182210236
12.85602,455,3513.972843,synthetic_track_0,0.32216636566291373,52.85601961153361
21.715036,519,3514.907444,synthetic_track_0,0.37616356537016366,61.715035793503866
11.707786,446,3515.661511,synthetic_track_0,0.31516768559103314,51.70778562263477
24.24709,561,3516.590648,synthetic_track_0,0.3915968643251367,64.2470901578885
13.674352,448,3517.370471,synthetic_track_0,0.32715423791943793,53.67435169678461
11.954936,461,3518.347757,synthetic_track_0,0.31667410799127355,51.95493585436837
3.265302,379,3519.046597,synthetic_track_0,0.2637093230663671,43.265302146172175
10.819208,439,3519.824555,synthetic_track_0,0.3097516542986319,50.81920789783476
10.229657,426,3520.636297,synthetic_track_0,0.3061582391526768,50.229656530372296
10.666882,446,3521.437612,synthetic_track_0,0.30882320342338404,50.66688219626915
10.892708,450,3522.237572,synthetic_track_0,0.3101996517332299,50.89270831163588
15.525329,455,3522.989574,synthetic_track_0,0.33843625415568396,55.5253285056567
10.192708,441,3523.764519,synthetic_track_0,0.3059330337777145,50.192708353950664
13.135525,469,3524.534457,synthetic_track_0,0.3238699969569575,53.135524794837
10.844636,431,3525.302827,synthetic_track_0,0.3099066410056045,50.84463569321127
21.546644,542,3532.55281,synthetic_track_0,0.3751371861423246,61.54664353913584
5.012333,399,3533.284099,synthetic_track_0,0.27435777138491624,45.01233303811369
12.084157,565,3534.315456,synthetic_track_0,0.3174617333319069,52.08415710428189
4.37284,389,3535.02833,synthetic_track_0,0.2704599549601193,44.372840268695334
15.503046,477,3535.883211,synthetic_track_0,0.33830043671731314,55.503045704125434
6.95679,414,3536.601333,synthetic_track_0,0.28620956359148,46.95678977869537
11.632577,445,3537.422868,synthetic_track_0,0.31470927585133274,51.632576920628075
7.42098,398,3538.077571,synthetic_track_0,0.2890388827080887,47.42098021771602
12.767265,440,3538.830149,synthetic_track_0,0.3216253921092196,52.76726512996461
16.074229,474,3539.645546,synthetic_track_0,0.3417818926922466,56.0742285614952
37.79987,810,3541.083163,synthetic_track_0,0.47420334923131735,77.79987049626
14.15149,531,3542.001414,synthetic_track_0,0.33006247703806013,54.15149009567557
21.625639,572,3543.016665,synthetic_track_0,0.3756186748288133,61.62563867384958
12.032862,453,3543.799898,synthetic_track_0,0.3171490786682405,52.0328616160009
21.11125,522,3544.713646,synthetic_track_0,0.37248338886137894,61.11124997830254
14.200422,446,3545.554319,synthetic_track_0,0.33036072601342953,54.20042212388034
0.322781,369,3546.258332,synthetic_track_0,0.24577415898670796,40.32278087341331
12.563495,448,3553.400165,synthetic_track_0,0.32038338088981944,52.563495350225885
14.031098,464,3554.159965,synthetic_track_0,0.32932866553965345,54.03109777951575
14.654179,457,3554.96758,synthetic_track_0,0.33312645307404776,54.65417937273338
8.361295,544,3555.933033,synthetic_track_0,0.29477025750875213,48.36129457437324
11.331958,435,3556.640721,synthetic_track_0,0.31287695563626133,51.33195847145154
16.175898,462,3557.43929,synthetic_track_0,0.34240158780747326,56.175898445923366
12.196334,452,3558.217599,synthetic_track_0,0.31814546830868895,52.196333647812494
12.595799,455,3558.958339,synthetic_track_0,0.3205802745879214,52.595798589413654
10.584751,447,3559.692821,synthetic_track_0,0.30832260283962937,50.58475148030184
13.713944,634,3560.736498,synthetic_track_0,0.3273955624237509,53.713944447897724
12.585626,662,3561.862708,synthetic_track_0,0.3205182719580656,52.58562616743261
11.049707,441,3562.650266,synthetic_track_0,0.3111565832100747,51.04970666496469
8.735925,420,3563.388144,synthetic_track_0,0.2970536918521247,48.735924775718445
12.931009,455,3564.23017,synthetic_track_0,0.3226234405167673,52.93100930634396
10.337382,447,3564.999183,synthetic_track_0,0.30681484356814187,50.33738191563847
39.077296,677,3566.144618,synthetic_track_0,0.4819894711808637,79.07729563533742
4.326762,395,3566.799663,synthetic_track_0,0.27017909844604626,44.3267617235768
11.968856,439,3573.899185,synthetic_track_0,0.316758952920939,51.968855883720614
8.789618,422,3574.606364,synthetic_track_0,0.2973809614500932,48.78961805388821
11.917125,442,3575.392225,synthetic_track_0,0.31644364731489616,51.917125470266896
-0.737044,370,3576.04245,synthetic_track_0,0.2393143501579478,39.262956451838036
9.835566,436,3576.746456,synthetic_track_0,0.3037561918249316,49.83556616528441
2.801494,382,3577.364936,synthetic_track_0,0.2608823311744132,42.801493521782426
20.194691,526,3578.2577,synthetic_track_0,0.36689680861748164,60.19469124838906
22.55783,543,3579.198377,synthetic_track_0,0.3813005395523641,62.557830191235695
9.991311,426,3579.939862,synthetic_track_0,0.3047054805445492,49.99131061451601
15.906454,473,3580.766766,synthetic_track_0,0.34075927711248155,55.90645378765156
14.610189,474,3581.592416,synthetic_track_0,0.33285832180530417,54.61018858688578
16.700522,487,3582.430044,synthetic_track_0,0.3455992598234709,56.70052246879752
10.130307,425,3583.136776,synthetic_track_0,0.30555268801605423,50.13030716878624
9.966857,443,3583.888168,synthetic_track_0,0.3045564291754165,49.966856596562295
25.202217,523,3584.837536,synthetic_track_0,0.39741852566354213,65.20221731786157
12.871205,449,3585.656743,synthetic_track_0,0.3222589229876661,52.87120497007418
10.325012,440,3586.386941,synthetic_track_0,0.3067394441149993,50.325011552376615
11.81363,559,3587.393859,synthetic_track_0,0.31581282369612534,51.81362979499192
13.666106,472,3594.159362,synthetic_track_0,0.3271039798668268,53.6661061413897
41.633208,771,3595.484797,synthetic_track_0,0.4975681858453964,81.63320753550327
10.503973,442,3596.223443,synthetic_track_0,0.30783024385162466,50.5039729164926
23.082037,548,3597.188113,synthetic_track_0,0.3844956687243849,63.082037024032196
12.210524,480,3598.075494,synthetic_track_0,0.3182319598418147,52.210523826112826
16.14505,482,3598.942736,synthetic_track_0,0.34221356312473306,56.145050296092705
23.63219,532,3599.895296,synthetic_track_0,0.3878489459821606,63.6321903218018
14.266586,631,3601.050575,synthetic_track_0,0.3307640037445109,54.26658562800366
10.192708,453,3601.854226,synthetic_track_0,0.3059330337777145,50.192708353950664
15.762537,457,3602.654653,synthetic_track_0,0.33988208000258446,55.76253700245738
37.681859,661,3603.764859,synthetic_track_0,0.4734840494562807,77.68185903675311
13.640098,468,3604.605021,synthetic_track_0,0.32694545785728313,53.64009832884831
-12.689073,281,3605.190045,synthetic_track_0,0.16646471277957367,27.310927089488896
15.116589,459,3606.012583,synthetic_track_0,0.3359449167780589,55.116588825399454
14.182789,439,3606.843133,synthetic_track_0,0.3302532518767217,54.18278944808604
12.638439,446,3607.661515,synthetic_track_0,0.320840174133269,52.638438842804646
-1.143053,363,3614.469884,synthetic_track_0,0.23683965299305085,38.85694683748475
10.060812,447,3615.216686,synthetic_track_0,0.3051291018144391,50.06081176837821
16.579193,506,3616.120803,synthetic_track_0,0.3448597392438797,56.57919349586897
38.244839,670,3617.404501,synthetic_track_0,0.4769155045858975,78.24483853727892
13.029585,469,3618.204692,synthetic_track_0,0.32322427690652633,53.02958514598843
14.466586,465,3619.07188,synthetic_track_0,0.3319830376323982,54.4665856464808
12.68798,466,3619.894864,synthetic_track_0,0.3211421361241755,52.68798004453889
14.107882,491,3620.765158,synthetic_track_0,0.3297966779686883,54.107881940632645
-0.109932,376,3621.426742,synthetic_track_0,0.24313670290661166,39.8900683212905
13.497078,444,3622.204724,synthetic_track_0,0.3260737270278653,53.497078365479766
10.749667,460,3622.987997,synthetic_track_0,0.30932779349923406,50.74966744571639
10.292802,450,3623.85672,synthetic_track_0,0.3065431225049387,50.292802172449015
9.085547,427,3624.557715,synthetic_track_0,0.29918470081459203,49.085547404017206
9.659893,449,3625.355188,synthetic_track_0,0.30268543594517183,49.65989328378019
11.306649,469,3626.201779,synthetic_track_0,0.31272269054718477,51.30664906785559
23.563039,561,3627.115702,synthetic_track_0,0.3874274542254626,63.56303854516526
10.992708,462,3628.025677,synthetic_track_0,0.31080916868408237,50.99270832200794
22.61434,581,3635.211849,synthetic_track_0,0.3816449780238199,62.6143402697002
11.264368,450,3636.031686,synthetic_track_0,0.3124649775708001,51.264367552508986
12.072575,439,3636.805031,synthetic_track_0,0.31739113585572254,52.07257457431155
89.974434,1338,3639.223711,synthetic_track_0,0.7922161245971638,129.97443396091026
11.160469,449,3640.014763,synthetic_track_0,0.31183170117050746,51.160469463195675
21.358293,537,3640.897427,synthetic_track_0,0.3739891566578341,61.358292812883
-26.73185,197,3641.249901,synthetic_track_0,0.08087161210395544,13.268149536924405
10.03919,444,3642.034651,synthetic_track_0,0.30499731232232813,50.03918980928487
15.047378,491,3642.864444,synthetic_track_0,0.33552306584409236,55.04737812057309
-1.262369,364,3643.554182,synthetic_track_0,0.23611240491092228,38.73763134403669
8.674063,425,3644.30343,synthetic_track_0,0.2966766320939772,48.674062706627666
38.605391,680,3645.419328,synthetic_track_0,0.4791131339909657,78.60539120606592
18.010927,510,3646.329992,synthetic_track_0,0.35358639680730397,58.0109270114592
9.688155,440,3647.083931,synthetic_track_0,0.3028576940606142,49.68815470178803
21.645122,531,3647.989091,synthetic_track_0,0.3757374277664279,61.64512179893176
37.923854,659,3649.19325,synthetic_track_0,0.4749590501345197,77.92385408367741
34.735972,703,3657.108184,synthetic_track_0,0.455528371698911,74.73597220052476
-0.383002,376,3657.769115,synthetic_track_0,0.24147229613344232,39.61699848402432
27.864083,598,3658.789126,synthetic_track_0,0.41364304659489454,67.86408301191288
38.659357,671,3659.95266,synthetic_track_0,0.4794420666023358,78.65935732547032
62.399534,919,3661.555261,synthetic_track_0,0.6241424519244083,102.3995338912091
21.084052,558,3662.527797,synthetic_track_0,0.3723176099801417,61.084051571728274
20.132604,525,3663.3691,synthetic_track_0,0.3665183752681503,60.132603821935476
-1.006138,371,3664.004884,synthetic_track_0,0.2376741755881826,38.99386225559113
9.697917,450,3664.834692,synthetic_track_0,0.30291719722300636,49.697917050231446
10.492708,470,3665.641918,synthetic_track_0,0.30776158430478473,50.492708331665995
27.653919,569,3666.682537,synthetic_track_0,0.41236206257134755,67.65391918388154
36.093996,664,3667.820883,synthetic_track_0,0.4638057589456722,76.09399646772849
10.856637,448,3668.659012,synthetic_track_0,0.3099797890292785,50.856636677131185
26.856817,552,3669.653325,synthetic_track_0,0.40750359075553977,66.8568170995283
37.841091,671,3677.063541,synthetic_track_0,0.474454593355916,77.841090703558
10.425012,436,3677.829242,synthetic_track_0,0.3073489610658518,50.42501156274868
11.660405,453,3678.729979,synthetic_track_0,0.31487889325897594,51.660405092592576
35.71472,657,3679.862512,synthetic_track_0,0.46149400680402736,75.71472032484387
22.4627,538,3680.759928,synthetic_track_0,0.380720705537114,62.46270009278973
8.962789,435,3681.489042,synthetic_track_0,0.298436468664974,48.962789172900145
13.163495,470,3682.30765,synthetic_track_0,0.3240404822061519,53.16349534867292
14.307495,472,3683.102802,synthetic_track_0,0.3310133537965049,54.30749508548602
16.211131,492,3683.995148,synthetic_track_0,0.34261633835192407,56.21113135723527
14.298889,478,3684.910434,synthetic_track_0,0.3309608974426129,54.29888886719144
9.525377,452,3685.649038,synthetic_track_0,0.3018655372916817,49.52537713334601
14.141095,473,3686.440474,synthetic_track_0,0.3299991188711832,54.141095278376426
42.951424,792,3687.794701,synthetic_track_0,0.5056029353624526,82.95142359810627
10.345335,465,3688.587983,synthetic_track_0,0.30686331679976553,50.34533464551473
11.810755,602,3689.665236,synthetic_track_0,0.31579530011479473,51.81075479978077
26.106832,544,3690.57783,synthetic_track_0,0.40293230568917326,66.10683212632787
2.333867,378,3697.427454,synthetic_track_0,0.2580320703286129,42.33386729129865
13.431192,475,3698.287457,synthetic_track_0,0.3256721392144663,53.43119211662479
40.780637,842,3699.767874,synthetic_track_0,0.49237162180719607,80.78063656599649
14.170464,481,3700.632582,synthetic_track_0,0.3301781290639901,54.17046447165703
10.992708,438,3701.37904,synthetic_track_0,0.31080916868408237,50.99270832200794
7.718804,413,3702.152009,synthetic_track_0,0.2908541683912103,47.718803907256614
92.978019,1286,3704.305373,synthetic_track_0,0.810523482820126,132.9780190287591
63.413619,1004,3706.111496,synthetic_track_0,0.6303234703109176,103.41361873642359
10.760405,457,3706.854403,synthetic_track_0,0.30939324139594504,50.76040511320992
-26.098651,199,3707.23318,synthetic_track_0,0.08473107252612175,13.90134945319811
9.935407,438,3708.027781,synthetic_track_0,0.3043647384914789,49.93540698657987
37.385248,695,3709.215239,synthetic_track_0,0.4716761571870799,77.38524834295896
11.249973,451,3710.147443,synthetic_track_0,0.31237723988842964,51.24997292552643
9.273938,445,3710.940056,synthetic_track_0,0.3003329706984566,49.27393757124025
14.940436,653,3718.417586,synthetic_track_0,0.3348712372590127,54.94043627887762
9.389618,426,3719.197533,synthetic_track_0,0.3010380627860539,49.38961805555554
11.660405,460,3720.019209,synthetic_track_0,0.31487889325897594,51.660405092592576
15.21909,470,3720.783938,synthetic_track_0,0.33656967849753133,55.21908995902656
18.272766,619,3721.920469,synthetic_track_0,0.35518235077022636,58.27276618200624
9.814697,429,3722.666833,synthetic_track_0,0.3036289907794277,49.81469700676152
6.635546,402,3723.366533,synthetic_track_0,0.28425152815674404,46.635545942066045
38.50985,657,3724.490203,synthetic_track_0,0.478530791334274,78.50984952895945
21.527093,546,3725.566392,synthetic_track_0,0.37501802414878294,61.52709330255348
38.342153,698,3726.844748,synthetic_track_0,0.47750865131580966,78.34215277777776
11.430152,438,3727.607743,synthetic_track_0,0.31347546468333093,51.430152477099824
12.583681,458,3728.520743,synthetic_track_0,0.3205064167731091,52.58368115406267
25.552824,562,3729.54285,synthetic_track_0,0.39955553300089247,65.55282406571546
24.823229,522,3730.494463,synthetic_track_0,0.39510852731551815,64.82322891001046
38.182115,683,3731.727772,synthetic_track_0,0.4765331960279917,78.18211532719849
12.195799,530,3738.977612,synthetic_track_0,0.3181422071594762,52.19579860944376
42.478064,744,3740.366729,synthetic_track_0,0.5027177308500187,82.47806435721004
23.952584,609,3741.43296,synthetic_track_0,0.38980179962067496,63.95258401033405
20.743553,501,3742.324031,synthetic_track_0,0.370242215150664,60.743553240740724
23.917431,529,3743.222584,synthetic_track_0,0.38958753325442946,63.91743053541106
12.758911,456,3744.021522,synthetic_track_0,0.32157447373040393,52.758911238571486
13.874148,458,3744.849031,synthetic_track_0,0.32837203225302297,53.87414834857455
38.196908,660,3745.999813,synthetic_track_0,0.47662336140308936,78.19690825204226
20.324048,506,3746.896423,synthetic_track_0,0.3676852585412702,60.32404778301281
10.892708,432,3747.637439,synthetic_track_0,0.3101996517332299,50.892708311635886
9.696044,437,3748.491279,synthetic_track_0,0.3029057800659748,49.696043901634056
15.455452,483,3749.361781,synthetic_track_0,0.3380103447149767,55.45545194450657
22.354102,535,3750.317521,synthetic_track_0,0.3800587834936873,62.35410227427855
11.260405,449,3751.066659,synthetic_track_0,0.31244082565920983,51.26040508451502
37.824608,677,3752.210009,synthetic_track_0,0.47435412656354736,77.8246076832501
34.933567,687,3759.887443,synthetic_track_0,0.4567327426627372,74.93356655570386
10.180261,444,3760.775522,synthetic_track_0,0.3058571658721651,50.180261134343006
8.927901,414,3761.496804,synthetic_track_0,0.2982238213784235,48.9279013312562
10.525012,444,3762.263754,synthetic_track_0,0.3079584780225149,50.52501157407406
12.833427,589,3763.350009,synthetic_track_0,0.3220286599336924,52.833427008766506
12.437136,421,3764.061726,synthetic_track_0,0.3196131965509177,52.4371355471542
4.830954,399,3764.774244,synthetic_track_0,0.2732522359014099,44.8309540630701
71.397582,1004,3766.454958,synthetic_track_0,0.6789870720524416,111.39758156483731
37.843658,701,3767.706539,synthetic_track_0,0.4744702421924806,77.84365811996304
38.444123,675,3768.850659,synthetic_track_0,0.47813017544676667,78.44412273850692
14.266586,641,3770.045499,synthetic_track_0,0.3307640037445109,54.26658562800366
38.734886,661,3771.184297,synthetic_track_0,0.4799024294718051,78.73488646646871
17.838118,489,3772.083865,synthetic_track_0,0.3525330976045923,57.83811814855762
13.362938,430,3772.874529,synthetic_track_0,0.32525612012430244,53.36293820953791
65.307102,926,3780.787039,synthetic_track_0,0.641864569017482,105.30710174579235
65.378701,959,3782.413152,synthetic_track_0,0.6423009759623485,105.37870057327704
10.992708,458,3783.300735,synthetic_track_0,0.31080916868408237,50.99270832200794
37.035089,720,3784.693828,synthetic_track_0,0.46954187687646853,77.0350890030103
31.09915,611,3785.893804,synthetic_track_0,0.43336132526904875,71.09914984504492
34.935972,613,3787.071865,synthetic_track_0,0.45674740560642657,74.93597222222219
42.947385,739,3788.510911,synthetic_track_0,0.5055783191660961,82.9473849575278
13.108049,445,3789.357772,synthetic_track_0,0.3237025251130658,53.10804863342299
9.057527,450,3790.19648,synthetic_track_0,0.2990139089421539,49.05752654423407
30.266456,681,3791.460482,synthetic_track_0,0.4282859140949739,70.26645574303494
24.771641,521,3792.38888,synthetic_track_0,0.3947940913570297,64.77164117472891
37.727819,654,3793.537728,synthetic_track_0,0.47376418264633857,77.72781891017775
18.606083,494,3794.447863,synthetic_track_0,0.3572139751302024,58.606083338790135
26.590314,572,3795.481877,synthetic_track_0,0.4058792087722501,66.59031390392403
12.447605,552,3802.450537,synthetic_track_0,0.319677009550111,52.44760498622768
11.230124,432,3803.175099,synthetic_track_0,0.31225625824970693,51.23012415001628
33.827974,629,3804.319901,synthetic_track_0,0.44999397183851725,73.82797441199982
10.55813,427,3805.037828,synthetic_track_0,0.3081603387912842,50.55812973254759
22.091803,542,3806.116529,synthetic_track_0,0.37846002361310005,62.09180275263677
11.124539,439,3806.992592,synthetic_track_0,0.31161270038216093,51.12453923832578
13.798889,455,3807.755834,synthetic_track_0,0.3279133130107494,53.7988888682253
12.318458,499,3808.670877,synthetic_track_0,0.31888983800627635,52.31845818819694
27.15629,548,3809.622171,synthetic_track_0,0.40932892807863375,67.15628990497959
12.483831,430,3810.344519,synthetic_track_0,0.31989781145949436,52.48383071087345
9.289618,399,3811.031684,synthetic_track_0,0.3004285458293908,49.28961804423017
14.829062,458,3811.775752,synthetic_track_0,0.33419239442404736,54.82906236147862
63.269775,972,3813.474558,synthetic_track_0,0.6294467166336305,103.26977470271815
10.892708,436,3814.195638,synthetic_track_0,0.3101996517332299,50.892708311635886
21.707606,516,3815.124886,synthetic_track_0,0.3761182777926086,61.70760571593359
10.125012,417,3815.841288,synthetic_track_0,0.30552041042274874,50.125011565996495
11.704601,428,3822.76373,synthetic_track_0,0.31514827340054047,51.7046007739642
12.733146,460,3823.5626,synthetic_track_0,0.32141743008882756,52.73314597352916
25.78103,574,3824.573941,synthetic_track_0,0.40094648709642267,65.78103006357252
23.995333,569,3825.512552,synthetic_track_0,0.3900623609347258,63.9953328363859
10.288463,417,3826.275865,synthetic_track_0,0.30651667453588605,50.28846300324972
38.5481,742,3827.60672,synthetic_track_0,0.4787639347210839,78.54810005023955
24.28279,564,3828.607188,synthetic_track_0,0.3918144620392439,64.28279018827686
13.631192,456,3829.393982,synthetic_track_0,0.3268911730180519,53.63119212127101
37.306618,710,3830.663568,synthetic_track_0,0.471196894524224,77.3066184193949
34.37014,657,3831.834556,synthetic_track_0,0.4532985656209225,74.37014048638675
25.969958,577,3832.777625,synthetic_track_0,0.40209803223782525,65.9699575838377
37.313449,638,3833.840676,synthetic_track_0,0.47123852650951353,77.31344874454818
38.277263,654,3834.950114,synthetic_track_0,0.4771131346055933,78.27726258060007
23.71801,516,3835.905679,synthetic_track_0,0.3883720284935802,63.7180095209139
12.076681,428,3836.655913,synthetic_track_0,0.31741616438211046,52.07668086355402
14.039404,448,3843.937771,synthetic_track_0,0.32937929247688397,54.03940385573082
23.627539,531,3844.903993,synthetic_track_0,0.3878205925072859,63.62753852700334
12.776062,442,3845.676887,synthetic_track_0,0.3216790135295699,52.776062494145705
37.539581,696,3846.984686,synthetic_track_0,0.4726168424441389,77.53958127058497
34.852476,654,3848.088013,synthetic_track_0,0.45623847983027144,74.85247563886557
7.276888,594,3849.223176,synthetic_track_0,0.2881606153211769,47.27688783820503
17.14542,586,3850.357663,synthetic_track_0,0.3483109836099816,57.14541970487598
14.198889,446,3851.177549,synthetic_track_0,0.33035138063628233,54.19888888053027
13.531192,466,3851.998961,synthetic_track_0,0.3262816561321319,53.53119212155206
12.343391,437,3852.79782,synthetic_track_0,0.31904181010734045,52.343391394174915
9.057315,409,3853.564724,synthetic_track_0,0.29901261854125355,49.057314835432145
38.210662,644,3854.767838,synthetic_track_0,0.4767071909508363,78.21066169340669
-1.976392,347,3855.4368,synthetic_track_0,0.2317603095353294,38.02360758786256
50.175823,860,3857.00409,synthetic_track_0,0.5496368694528864,90.17582295173771
11.746929,433,3857.769852,synthetic_track_0,0.3154062703994955,51.746928887292924
2.104424,379,3864.685693,synthetic_track_0,0.25663357678140775,42.104424338104025
24.682431,534,3865.67644,synthetic_track_0,0.3942503380945651,64.68243064201074
9.625012,413,3866.389985,synthetic_track_0,0.302472826159484,49.6250115946914
47.660694,828,3867.869172,synthetic_track_0,0.5343067365809281,87.6606944650618
10.692708,436,3868.636568,synthetic_track_0,0.3089806180409793,50.69270832525576
11.047779,559,3869.587496,synthetic_track_0,0.31114483365002205,51.04777898087733
38.563506,638,3870.70016,synthetic_track_0,0.47885783761775874,78.56350616918066
26.70065,540,3871.611692,synthetic_track_0,0.4065517263797592,66.70065007690863
13.325607,463,3872.496929,synthetic_track_0,0.3250285784344595,53.325606727103256
13.881524,456,3873.273862,synthetic_track_0,0.32841698690283594,53.88152380456685
25.074797,531,3874.160623,synthetic_track_0,0.3966418780600076,65.07479712339402
27.214247,568,3875.176946,synthetic_track_0,0.40968218494199626,67.21424676729629
38.50985,646,3876.395622,synthetic_track_0,0.478530791334274,78.50984952895945
10.34209,432,3877.176965,synthetic_track_0,0.3068435410166052,50.3420901442447
35.303669,614,3878.35522,synthetic_track_0,0.4589885793171415,75.303668959784
67.983517,1082,3887.016575,synthetic_track_0,0.658177772630358,107.98351710751045
37.723204,631,3888.110558,synthetic_track_0,0.47373605212534975,77.72320369416657
12.964724,479,3888.956483,synthetic_track_0,0.3228289400219234,52.964724451785486
68.378792,989,3890.750202,synthetic_track_0,0.660587038875524,108.37879183968761
35.508322,628,3891.803919,synthetic_track_0,0.4602359749619927,75.50832213185531
11.040644,443,3892.507553,synthetic_track_0,0.311101345566401,51.04064413613334
22.346644,546,3893.473945,synthetic_track_0,0.38001332104869245,62.34664350719313
11.439706,435,3894.23499,synthetic_track_0,0.3135336950634416,51.43970600732879
23.349734,538,3895.176859,synthetic_track_0,0.386127325636199,63.34973377615181
35.717226,612,3896.237748,synthetic_track_0,0.461509281471428,75.71722635342331
84.707013,1090,3898.147756,synthetic_track_0,0.7601103050733041,124.70701312724985
12.93904,459,3898.949968,synthetic_track_0,0.32267238757990396,52.939039775085654
23.59138,621,3900.056696,synthetic_track_0,0.38760019839561755,63.59137970742998
10.874355,442,3907.272554,synthetic_track_0,0.31008778733840436,50.87435535093943
33.172932,588,3908.439806,synthetic_track_0,0.44600137698776604,73.1729318804867
37.305862,654,3909.764982,synthetic_track_0,0.4711922851069574,77.30586217828655
26.639437,562,3910.827813,synthetic_track_0,0.40617862069565763,66.63943673045804
11.523851,422,3911.643516,synthetic_track_0,0.3140465743850837,51.52385122660792
63.914636,994,3913.295384,synthetic_track_0,0.6333772566437892,103.91463624632894
12.66495,448,3914.113627,synthetic_track_0,0.32100176463233704,52.66495008512569
25.256192,529,3915.001336,synthetic_track_0,0.39774751034756417,65.25619198053246
64.028579,964,3916.636659,synthetic_track_0,0.634071754845794,104.02857865155119
12.714037,434,3917.490211,synthetic_track_0,0.3213009576881607,52.714037003288944
11.679522,443,3918.322579,synthetic_track_0,0.3149954133384396,51.679521885224226
12.285237,444,3919.208778,synthetic_track_0,0.31868734920823044,52.285236992500096
22.794158,536,3920.531499,synthetic_track_0,0.3827409963558867,62.79415781935384
13.381747,459,3921.493959,synthetic_track_0,0.3253707645610888,53.38174727604821
10.292708,452,3928.545877,synthetic_track_0,0.30654255041689743,50.292708313188854
37.755683,669,3929.641754,synthetic_track_0,0.4739340166129912,77.75568261175822
24.796076,520,3930.625161,synthetic_track_0,0.39494302656261254,64.7960761343838
15.395679,479,3931.44678,synthetic_track_0,0.3376460159497123,55.395678577655445
21.778947,752,3932.752257,synthetic_track_0,0.376553113430462,61.77894674793387
93.86106,1273,3934.906813,synthetic_track_0,0.8159057676846191,133.8610601673557
24.388583,522,3935.806715,synthetic_track_0,0.3924592886262182,64.38858325161239
12.990232,435,3936.567981,synthetic_track_0,0.32298441355362023,52.990232117750345
89.8726,1209,3938.647869,synthetic_track_0,0.7915954323739367,129.872600486593
10.116742,446,3939.544153,synthetic_track_0,0.3054700061376942,50.11674201906887
63.891919,949,3941.205831,synthetic_track_0,0.6332387919496724,103.8919191244696
34.535972,627,3942.335246,synthetic_track_0,0.45430933800666046,74.53597221414464
13.100096,433,3949.209218,synthetic_track_0,0.32365404944732273,53.10009550419448
9.157315,438,3949.966739,synthetic_track_0,0.2996221351804364,49.157314794670334
15.312799,454,3950.826588,synthetic_track_0,0.33714085118297393,55.31279904191361
42.562395,758,3952.067649,synthetic_track_0,0.5032317407496055,82.56239506403966
38.632659,703,3953.269095,synthetic_track_0,0.4792793339098345,78.63265868991107
14.227249,442,3954.1178,synthetic_track_0,0.33052424276405085,54.22724939543574
33.77393,667,3955.225891,synthetic_track_0,0.4496645630828212,73.7739301742798
13.510049,439,3955.95768,synthetic_track_0,0.326152786531037,53.51004921251876
26.269055,522,3956.778384,synthetic_track_0,0.403921080759368,66.26905487852011
9.529071,447,3957.558986,synthetic_track_0,0.3018880508346473,49.52907080343497
9.515911,433,3958.297631,synthetic_track_0,0.30180783946255046,49.51591097575434
42.883727,760,3959.635578,synthetic_track_0,0.5051903122616537,82.88372685185182
21.478947,525,3960.592993,synthetic_track_0,0.3747245627873589,61.47894675118168
10.157784,429,3961.335954,synthetic_track_0,0.3057201647149691,50.15778412673653
23.806675,548,3962.445413,synthetic_track_0,0.38891245902872085,63.80667491248973
15.835834,455,3969.714038,synthetic_track_0,0.3403288373055009,55.83583395484394
11.114619,472,3970.56518,synthetic_track_0,0.3115522343615964,51.114618919169516
62.676115,956,3972.250198,synthetic_track_0,0.6258282602135434,102.6761149545627
12.059536,476,3973.036587,synthetic_track_0,0.31731166461657784,52.059536176072356
10.025012,461,3973.873986,synthetic_track_0,0.3049108935050833,50.02501156106924
10.892708,441,3974.673928,synthetic_track_0,0.3101996517332299,50.89270831163588
26.954553,603,3975.649883,synthetic_track_0,0.4080993068125559,66.95455287504217
13.203931,457,3976.462288,synthetic_track_0,0.3242869424835895,53.20393069713303
37.895059,687,3977.635717,synthetic_track_0,0.4747835370828959,77.89505864663785
13.14866,442,3978.533694,synthetic_track_0,0.3239500565996023,53.14865972912171
15.860625,485,3979.385321,synthetic_track_0,0.34047994237111195,55.86062491120248
13.158225,433,3980.373915,synthetic_track_0,0.32400836112286013,53.15822542359889
63.488507,959,3982.095325,synthetic_track_0,0.6307799265364167,103.48850693636692
13.949296,464,3982.872912,synthetic_track_0,0.3288300720552778,53.94929635702984
35.430483,643,3984.139098,synthetic_track_0,0.4597615293494719,75.43048251458674
18.28334,485,3991.340087,synthetic_track_0,0.3552468002765057,58.28334004920942
20.833083,587,3992.403837,synthetic_track_0,0.3707879131017174,60.83308282755373
6.164941,386,3993.097855,synthetic_track_0,0.2813831108869068,46.16494088943553
18.918895,598,3994.060567,synthetic_track_0,0.359120614163584,58.91889485756294
11.294799,442,3994.93181,synthetic_track_0,0.312650464511867,51.29479934936817
23.732341,512,3995.797705,synthetic_track_0,0.38845938320475915,63.732341315971816
64.337026,1004,3997.485597,synthetic_track_0,0.6359517907290385,104.33702554143892
10.124189,432,3998.20342,synthetic_track_0,0.3055153989617812,50.12418936384439
15.816549,451,3998.914671,synthetic_track_0,0.3402112931968233,55.81654915551146
23.087274,513,3999.877841,synthetic_track_0,0.3845275909794557,63.08727432848077
37.864326,737,4001.098999,synthetic_track_0,0.47459621418109077,77.86432563404938
9.904293,434,4001.882327,synthetic_track_0,0.30417509464405024,49.90429318952576
47.267376,833,4003.370113,synthetic_track_0,0.5319093966688384,87.26737641912554
9.973673,424,4004.105612,synthetic_track_0,0.30459797478788525,49.973672751013744
13.582765,440,4005.01505,synthetic_track_0,0.32659600195354194,53.58276506855125
15.084906,447,4011.940887,synthetic_track_0,0.33575180342606104,55.08490580628775
27.16615,586,4012.927778,synthetic_track_0,0.4093890248998717,67.16614965168347
65.854223,1027,4014.823707,synthetic_track_0,0.6451993672172462,105.85422328867766
13.539047,465,4015.686917,synthetic_track_0,0.32632953357736555,53.53904710411368
31.712832,592,4016.736927,synthetic_track_0,0.43710181861879843,71.71283150434651
98.482618,1256,4018.889945,synthetic_track_0,0.8440749455186456,138.48261838921536
69.198962,1086,4020.744887,synthetic_track_0,0.6655861134084047,109.1989618192749
10.15918,436,4021.442707,synthetic_track_0,0.30572867441708085,50.15918026559411
9.477068,418,4022.185721,synthetic_track_0,0.3015710854007008,49.47706807137328
17.435269,502,4023.142019,synthetic_track_0,0.3500776641232215,57.43526901817402
12.164279,431,4023.892135,synthetic_track_0,0.3179500868400728,52.16427851159225
31.033875,631,4025.221411,synthetic_track_0,0.4329634616986278,71.03387461174236
36.239062,696,4033.070262,synthetic_track_0,0.46468996086135206,76.23906249192243
68.363428,1086,4035.027045,synthetic_track_0,0.6604933938624618,108.36342803025718
22.740588,574,4036.084661,synthetic_track_0,0.3824144806967143,62.740588235672504
9.497723,459,4037.039932,synthetic_track_0,0.3016969785453257,49.49772264997139
37.59687,641,4038.271299,synthetic_track_0,0.4729660266465294,77.59686995437298
36.323014,711,4039.571967,synthetic_track_0,0.46520165776955275,76.3230137192933
69.517271,1078,4041.367752,synthetic_track_0,0.6675262631990545,109.51727125909767
11.202985,451,4042.207724,synthetic_track_0,0.3120908409222025,51.202985061524934
36.24774,677,4043.357857,synthetic_track_0,0.4647428491416186,76.24773957394257
90.476742,1166,4045.431786,synthetic_track_0,0.7952777791834924,130.47674237080815
63.429891,957,4047.16344,synthetic_track_0,0.6304226537661421,103.42989120684022
10.172022,472,4054.341851,synthetic_track_0,0.3058069450381854,50.172021685199155
38.639598,715,4055.575305,synthetic_track_0,0.47932163141239786,78.63959820273205
21.805369,532,4056.447909,synthetic_track_0,0.37671416050569245,61.80536883376908
22.328322,496,4057.261858,synthetic_track_0,0.37990164744581023,62.32832184865534
63.290995,923,4058.89377,synthetic_track_0,0.6295760567026675,103.29099479877476
12.416252,454,4059.654222,synthetic_track_0,0.31948590660869863,52.416251803848354
14.516678,453,4060.492307,synthetic_track_0,0.33228836036665543,54.51667822643258
71.337429,1079,4062.361982,synthetic_track_0,0.6786204320426897,111.33742900513127
25.24065,566,4063.369839,synthetic_track_0,0.39765277863591225,65.24064988258998
37.088177,673,4064.649987,synthetic_track_0,0.469865456557802,77.08817689735726
64.541332,923,4066.239007,synthetic_track_0,0.6371970749101648,104.54133229755885
59.964373,888,4067.811902,synthetic_track_0,0.6092997357679072,99.9643731175444
14.89724,480,4074.844043,synthetic_track_0,0.33460794953780976,54.89724014657268
26.210716,617,4075.937847,synthetic_track_0,0.40356549260734714,66.21071553481436
38.049286,714,4077.130785,synthetic_track_0,0.4757235798455269,78.0492861638247
22.246643,577,4078.154689,synthetic_track_0,0.37940380409783997,62.24664349682106
34.921852,635,4079.277788,synthetic_track_0,0.4566613417047841,74.92185220300883
34.069119,647,4080.459634,synthetic_track_0,0.45146378998513126,74.06911919017354
34.535972,617,4081.559078,synthetic_track_0,0.45430933800666046,74.53597221414464
37.769716,702,4082.965848,synthetic_track_0,0.47401955326086037,77.76971612741704
37.132055,687,4084.373777,synthetic_track_0,0.4701329012326368,77.13205503761246
70.105837,1054,4086.427715,synthetic_track_0,0.671113669122355,110.10583672727228
69.519291,1042,4088.422653,synthetic_track_0,0.6675385736022096,109.51929095755145
13.183415,468,4089.325955,synthetic_track_0,0.3241618971163763,53.18341520859606
10.61015,491,4096.487971,synthetic_track_0,0.30847741224526243,50.61015018684699
63.803936,997,4098.230669,synthetic_track_0,0.6327025176980384,103.80393563090037
9.969157,429,4098.997641,synthetic_track_0,0.304570449897546,49.969156897409405
12.581206,476,4099.844736,synthetic_track_0,0.32049133160004856,52.581206214751454
21.519544,555,4100.985126,synthetic_track_0,0.3749720103173025,61.51954407259545
93.338684,1341,4103.331906,synthetic_track_0,0.8127217948189179,133.33868368685066
34.437155,691,4104.492129,synthetic_track_0,0.45370703056985284,74.43715502810298
11.531614,448,4105.363652,synthetic_track_0,0.31409389121863296,51.53161423277056
9.925012,452,4106.237061,synthetic_track_0,0.3043013766865542,49.92501157240673
9.176458,415,4107.044695,synthetic_track_0,0.29973881477733494,49.17645775842834
37.28988,676,4108.311898,synthetic_track_0,0.47109487290754337,77.28988030782644
37.905025,705,4109.59777,synthetic_track_0,0.47484428362576436,77.90502498950727
34.19978,777,4117.166641,synthetic_track_0,0.45226019234319675,74.19978043586244
23.244028,554,4118.137882,synthetic_track_0,0.3854830312900129,63.24402803456224
11.191074,461,4118.904929,synthetic_track_0,0.3120182439834864,51.191074491007676
25.897157,591,4119.968668,synthetic_track_0,0.4016542987898047,65.8971567382789
22.765117,526,4121.045826,synthetic_track_0,0.3825639867010396,62.76511684305956
38.226042,694,4122.261906,synthetic_track_0,0.47680093753377983,78.22604216683501
24.820326,557,4123.209491,synthetic_track_0,0.3950908351795003,64.82032626098189
21.914433,519,4124.089807,synthetic_track_0,0.3773789246213991,61.9144329350589
64.740772,966,4125.827893,synthetic_track_0,0.6384126916478685,104.74077168346733
37.760314,716,4127.073252,synthetic_track_0,0.4739622448018316,77.76031385158325
34.543089,696,4128.293187,synthetic_track_0,0.454352715193436,74.54308886466829
31.725762,662,4129.506985,synthetic_track_0,0.4371806338016081,71.7257622671209
38.438464,690,4130.702602,synthetic_track_0,0.47809568685371534,78.43846438945194
36.339062,702,4137.961763,synthetic_track_0,0.46529947774727204,76.33906249164137
10.380418,442,4138.724746,synthetic_track_0,0.3070771562932553,50.38041808583092
21.013209,569,4139.786245,synthetic_track_0,0.37188581534922976,61.013209460595185
70.597296,1086,4141.665215,synthetic_track_0,0.6741091984106757,110.59729633226428
36.302809,669,4142.784122,synthetic_track_0,0.46507850904988857,76.30280940302859
35.378167,778,4144.195783,synthetic_track_0,0.4594426560671442,75.3781667725954
36.130523,671,4145.661061,synthetic_track_0,0.46402839250791345,76.13052270133389
29.068376,610,4146.842833,synthetic_track_0,0.4209834143978067,69.06837578080032
70.274998,995,4148.66412,synthetic_track_0,0.6721447351140447,110.2749979125667
11.926527,497,4149.676949,synthetic_track_0,0.3165009495598482,51.926526726592144
35.02692,644,4150.988974,synthetic_track_0,0.4573017464165585,75.02691979420574
10.392708,460,4151.825761,synthetic_track_0,0.3071520673013664,50.39270831266975
13.511488,479,4158.861516,synthetic_track_0,0.3261615591197559,53.51148848170012
10.225012,474,4159.709046,synthetic_track_0,0.3061299273086688,50.225011565715455
19.954881,507,4160.603099,synthetic_track_0,0.3654351266369303,59.95488132511891
11.133835,473,4161.412243,synthetic_track_0,0.31166935833339965,51.13383478901327
21.803004,552,4162.423,synthetic_track_0,0.37669974676809914,61.803004053090184
37.164997,692,4163.61911,synthetic_track_0,0.4703336881110798,77.16499700895352
56.933278,854,4165.141655,synthetic_track_0,0.5908247005346653,96.93327822778875
38.00985,757,4166.509957,synthetic_track_0,0.4754832070710092,78.00984955765435
38.03815,698,4167.743952,synthetic_track_0,0.47565570022910025,78.03814953778466
34.609054,642,4168.879826,synthetic_track_0,0.4547547808783244,74.60905351520485
12.996303,490,4169.7969,synthetic_track_0,0.3230214165943295,52.996302998059
64.379822,1096,4171.829135,synthetic_track_0,0.6362126394671683,104.37982152353923
20.685424,535,4172.866646,synthetic_track_0,0.36988790723594567,60.685423938352685
34.335972,724,4180.326954,synthetic_track_0,0.45309030427046587,74.33597222055486
11.576121,464,4181.188332,synthetic_track_0,0.3143651679203604,51.57612107207749
38.685203,706,4182.396598,synthetic_track_0,0.47959960115589784,78.68520313167494
37.605539,701,4183.659434,synthetic_track_0,0.47301886806102456,77.60553934739018
91.231713,1328,4185.99598,synthetic_track_0,0.7998794519564328,131.2317128837353
69.096369,997,4187.713866,synthetic_track_0,0.6649607956671838,109.09636946229375
13.832822,462,4188.592308,synthetic_track_0,0.32812014109719173,53.83282198650944
38.083525,757,4189.915459,synthetic_track_0,0.47593227209993444,78.08352512563887
38.058711,709,4191.104993,synthetic_track_0,0.47578102573242914,78.05871098667504
35.759086,819,4192.545936,synthetic_track_0,0.4617644241002435,75.75908616633289
63.801415,1016,4200.59465,synthetic_track_0,0.6326871558121383,103.80141529287336
39.153852,722,4201.85086,synthetic_track_0,0.48245609568585074,79.15385208757931
70.27465,1012,4203.623383,synthetic_track_0,0.6721426125392436,110.27464967368371
33.982066,612,4204.800262,synthetic_track_0,0.4509331844407656,73.98206572945217
23.749734,583,4205.965386,synthetic_track_0,0.38856539326028094,63.74973378821872
13.717247,446,4206.821112,synthetic_track_0,0.3274156929134221,53.71724714386557
34.200457,716,4208.150058,synthetic_track_0,0.4522643171454031,74.20045716890955
10.195705,466,4209.057755,synthetic_track_0,0.30595129638235236,50.195704596550065
70.060109,1106,4211.182911,synthetic_track_0,0.6708349485153076,110.06010860837965
36.061486,734,4212.516889,synthetic_track_0,0.4636076036250994,76.06148624125349
34.135972,658,4213.675905,synthetic_track_0,0.45187127038257846,74.13597220207771
21.512831,590,4214.664207,synthetic_track_0,0.3749310932440416,61.51283103902886
37.112414,660,4222.466748,synthetic_track_0,0.47001318507460316,77.11241388238565
13.415695,629,4223.627098,synthetic_track_0,0.3255776821742382,53.41569508247453
37.607691,688,4224.844256,synthetic_track_0,0.47303198347386194,77.60769111924482
26.706101,613,4225.921243,synthetic_track_0,0.40658495123026056,66.70610109084696
37.129981,834,4227.404019,synthetic_track_0,0.47012026138788987,77.12998128953372
70.339204,1037,4229.290864,synthetic_track_0,0.6725360817896378,110.33920395566959
35.771366,684,4230.415745,synthetic_track_0,0.46183927012904147,75.77136573238211
38.06215,728,4231.727831,synthetic_track_0,0.47580198921947175,78.06215034782613
9.263877,454,4232.518077,synthetic_track_0,0.3002716487064481,49.263876817674166
66.230943,1003,4234.200109,synthetic_track_0,0.6474955352580527,106.23094263598291
-3.16723,351,4234.812994,synthetic_track_0,0.22450195627812516,36.832770483185904
65.654327,1025,4243.253538,synthetic_track_0,0.6439809679654918,105.65432739137347
69.085532,1018,4245.015262,synthetic_track_0,0.6648947385020757,109.08553183556864
65.642139,1005,4246.822968,synthetic_track_0,0.6439066805097053,105.64213946724969
37.642153,710,4248.060107,synthetic_track_0,0.4732420329764307,77.64215275711419
37.642153,691,4249.325982,synthetic_track_0,0.4732420329764306,77.64215275711418
9.974039,464,4250.174375,synthetic_track_0,0.3046002093669959,49.974039365812445
9.764652,449,4251.027903,synthetic_track_0,0.303323956043189,49.76465167702124
10.333073,462,4251.888969,synthetic_track_0,0.30678857741558624,50.33307257604697
34.957191,632,4253.024364,synthetic_track_0,0.4568767367438447,74.95719085291844
34.910894,678,4254.309534,synthetic_track_0,0.4565945491914709,74.91089393184876
19.423054,509,4255.211846,synthetic_track_0,0.3621935489671881,59.42305394912437
34.732814,678,4256.400732,synthetic_track_0,0.45550912417436623,74.73281436766806
10.228317,439,4257.184508,synthetic_track_0,0.30615007454510473,50.228317009230594
38.473718,720,4264.800096,synthetic_track_0,0.47831056404410327,78.47371807884886
11.107144,531,4265.743235,synthetic_track_0,0.31150667616665106,51.107144442929446
119.370629,1421,4268.396149,synthetic_track_0,0.9713908976005415,159.37062898664323
34.157629,658,4269.60558,synthetic_track_0,0.45200326931918683,74.15762852354912
38.005094,708,4270.883152,synthetic_track_0,0.47545421814665095,78.00509350824105
19.569436,727,4272.169723,synthetic_track_0,0.3630857710963516,59.56943580453585
37.792166,746,4273.469121,synthetic_track_0,0.4741563873494589,77.79216572502047
19.676958,580,4274.544934,synthetic_track_0,0.3637411358849351,59.67695781120716
11.260405,477,4275.349833,synthetic_track_0,0.3124408256592098,51.260405084515014
37.368524,726,4276.672711,synthetic_track_0,0.4715742183344416,77.36852381002039
19.616439,512,4277.578106,synthetic_track_0,0.36337226430144204,59.61643912977644
37.11766,710,4278.979826,synthetic_track_0,0.4700451619195913,77.11766014309424
19.770284,504,4286.16129,synthetic_track_0,0.36430997698388284,59.7702843638408
31.408926,714,4287.373065,synthetic_track_0,0.43524946123568786,71.40892566995626
38.013288,704,4288.605048,synthetic_track_0,0.47550416530855827,78.01328805755062
70.398679,1099,4290.562846,synthetic_track_0,0.6728985921597017,110.39867898867018
9.96095,457,4291.409218,synthetic_track_0,0.30452043041791926,49.960950483339246
36.130072,660,4292.602178,synthetic_track_0,0.46402564608832386,76.13007211175298
19.475856,518,4293.523138,synthetic_track_0,0.3625153891930544,59.47585646081789
25.317883,555,4294.522754,synthetic_track_0,0.3981235294852224,65.31788332088539
10.694152,501,4295.421421,synthetic_track_0,0.30898941469875413,50.694151543311456
27.056266,631,4296.417928,synthetic_track_0,0.40871926795933583,67.0562664057677
33.188939,652,4297.375711,synthetic_track_0,0.4460989428130312,73.18893895547424
34.290136,798,4298.456191,synthetic_track_0,0.4528109240200392,74.29013587769131
38.390433,651,4305.303825,synthetic_track_0,0.477802925937208,78.39043275612931
22.184759,707,4306.76599,synthetic_track_0,0.3790266077960506,62.18475902578463
37.555036,749,4308.069899,synthetic_track_0,0.4727110433436656,77.55503628117418
-2.92844,354,4308.665364,synthetic_track_0,0.225957417582435,37.07155981517012
11.669525,472,4309.401376,synthetic_track_0,0.3149344807646498,51.66952502131018
23.30386,614,4310.350263,synthetic_track_0,0.3858477174030617,63.30386002945003
-31.071856,170,4310.657047,synthetic_track_0,0.05441854713606457,8.928144279544531
38.473026,785,4311.949178,synthetic_track_0,0.47830634572783587,78.47302600347687
65.369604,1008,4313.542191,synthetic_track_0,0.6422455328808477,105.36960433941944
64.642334,1120,4315.479904,synthetic_track_0,0.637812694518383,104.64233353652516
70.033143,1006,4317.287814,synthetic_track_0,0.6706705856741786,110.03314252352395
43.351424,865,4318.736836,synthetic_track_0,0.5080410029232211,83.3514235997857
21.306188,514,4325.47083,synthetic_track_0,0.3736715702222709,61.306188196586554
38.798562,742,4326.689353,synthetic_track_0,0.4802905420458992,78.7985619087688
24.067174,560,4327.613329,synthetic_track_0,0.3905002463059019,64.06717422094155
25.691793,601,4328.669625,synthetic_track_0,0.40040257039201477,65.69179271585601
37.639879,692,4330.011535,synthetic_track_0,0.4732281756612685,77.63987926552711
19.956306,531,4330.925619,synthetic_track_0,0.3654438081035352,59.95630564440867
19.331128,695,4332.405601,synthetic_track_0,0.36163324765406796,59.331128471014
13.42209,486,4333.402986,synthetic_track_0,0.32561666075987117,53.422090079302976
34.632045,680,4334.748189,synthetic_track_0,0.4548949162545104,74.63204473645389
14.255187,667,4335.895542,synthetic_track_0,0.33069452801888194,54.25518713732381
14.858441,469,4336.670859,synthetic_track_0,0.3343714628761528,54.85844111303395
21.478947,611,4337.587889,synthetic_track_0,0.37472456278735894,61.47894675118169
33.948067,685,4338.613623,synthetic_track_0,0.4507259557805115,73.94806689128072
23.413897,557,4344.107154,synthetic_track_0,0.3865184106212101,63.41389688515603
38.305551,743,4345.004129,synthetic_track_0,0.47728555435999825,78.30555051780136
35.96284,638,4345.815793,synthetic_track_0,0.46300633835753774,75.96284003804547
35.921074,661,4346.608086,synthetic_track_0,0.46275176485153535,75.92107359790778
11.560405,470,4347.191658,synthetic_track_0,0.31426937630231283,51.5604050812672
20.978947,604,4347.924921,synthetic_track_0,0.37167697852409415,60.97894677987659
9.928819,473,4348.465553,synthetic_track_0,0.3043245822867573,49.928818784425616
10.338575,470,4349.076818,synthetic_track_0,0.30682211505906043,50.338574908165185
37.237615,714,4350.017883,synthetic_track_0,0.470776307953494,77.23761515151773
31.839884,734,4351.031077,synthetic_track_0,0.4378762225130927,71.83988358608646
27.269654,606,4351.807548,synthetic_track_0,0.4100198992946164,67.26965365748626
13.831192,489,4352.434661,synthetic_track_0,0.3281102067752349,53.83119211830424
22.058675,578,4353.202232,synthetic_track_0,0.37825810548569405,62.05867518365502
-32.97784,1084,4359.322171,synthetic_track_0,0.04280125205076681,7.022160159824374
36.32073,698,4360.18521,synthetic_track_0,0.46518774031897453,76.32073036162748
35.603662,675,4361.051522,synthetic_track_0,0.4608170849455114,75.60366157122266
26.240304,596,4361.793911,synthetic_track_0,0.40374583669317304,66.24030357240363
10.95936,490,4362.362066,synthetic_track_0,0.31060590370811225,50.959359783174264
7.046195,778,4363.290888,synthetic_track_0,0.2867545063342164,47.04619546273681
-8.262859,337,4363.675598,synthetic_track_0,0.1934432348468957,31.737141131250727
17.182357,649,4364.465631,synthetic_track_0,0.3485361201216177,57.182356583279855
35.725438,708,4365.387776,synthetic_track_0,0.4615593357760423,75.72543848103288
64.050379,1026,4366.679637,synthetic_track_0,0.6342046321560937,104.05037908284288
23.867118,533,4367.285141,synthetic_track_0,0.3892808701881551,63.867118054740466
11.902846,489,4367.845059,synthetic_track_0,0.31635661031098183,51.90284579964902
38.577546,703,4368.65381,synthetic_track_0,0.47894341468923973,78.57754631691361
38.80985,745,4374.246916,synthetic_track_0,0.480359341977377,78.80984952571163
22.878426,566,4374.873966,synthetic_track_0,0.38325462391600745,62.878425797902445
24.079696,609,4375.635371,synthetic_track_0,0.3905765666313498,64.07969566653173
-31.573836,161,4375.817148,synthetic_track_0,0.05135889149562678,8.426163825431175
38.184609,702,4376.686895,synthetic_track_0,0.4765483926398277,78.18460854964142
38.342153,658,4377.469282,synthetic_track_0,0.47750865131580966,78.34215277777776
37.904061,743,4378.328174,synthetic_track_0,0.4748384108251908,77.90406147222124
-31.116852,166,4378.528062,synthetic_track_0,0.05414428798417251,8.883148126450708
34.776523,642,4379.227148,synthetic_track_0,0.45577553553753464,74.77652297830278
23.482037,590,4379.930252,synthetic_track_0,0.38693373628515343,63.48203702571164
24.574279,588,4380.677817,synthetic_track_0,0.3935911351540589,64.57427893138856
35.971366,806,4381.655573,synthetic_track_0,0.46305830388622454,75.97136572941534
11.563259,462,4382.249172,synthetic_track_0,0.3142867692670387,51.56325864694827
37.215465,747,4383.168028,synthetic_track_0,0.47064129607989713,77.21546451445808
12.319829,648,4388.935505,synthetic_track_0,0.3188981922381603,52.319828819930606
37.182997,693,4389.797946,synthetic_track_0,0.4704434031405256,77.18299733538777
36.648508,672,4390.57522,synthetic_track_0,0.4671856015613506,76.6485081940243
26.827286,563,4391.239879,synthetic_track_0,0.40732359244952493,66.8272857920835
11.512556,472,4391.843974,synthetic_track_0,0.3139777304599957,51.51255639188146
64.156204,996,4393.134527,synthetic_track_0,0.6348496510405672,104.15620369534514
13.26051,474,4393.686109,synthetic_track_0,0.32463180455088164,53.26051027257865
13.295788,483,4394.29562,synthetic_track_0,0.3248468266856057,53.29578774217577
37.942153,667,4395.061176,synthetic_track_0,0.47507058371604355,77.9421527697002
10.137477,450,4395.64407,synthetic_track_0,0.30559638819192503,50.13747681031012
25.03583,564,4396.293,synthetic_track_0,0.3964043680070658,65.03583018781589
35.895137,674,4397.121644,synthetic_track_0,0.46259367582469063,75.89513682239715
34.368275,660,4397.986116,synthetic_track_0,0.45328719798819617,74.36827546296294
38.342153,692,4403.68523,synthetic_track_0,0.47750865131580966,78.34215277777776
38.269253,755,4404.622071,synthetic_track_0,0.47706431521974063,78.26925305915067
93.408738,1211,4406.252167,synthetic_track_0,0.8131487902841695,133.40873842592603
27.202294,589,4407.082593,synthetic_track_0,0.4096093309127253,67.20229401738088
33.601139,634,4407.969206,synthetic_track_0,0.4486113712611566,73.60113892878132
11.323127,449,4408.555587,synthetic_track_0,0.3128231278497629,51.32312724993979
70.390425,994,4409.820911,synthetic_track_0,0.672848280257654,110.39042459850175
11.060405,498,4410.42023,synthetic_track_0,0.3112217919230152,51.060405090925244
36.351167,676,4411.25905,synthetic_track_0,0.4653732581152137,76.35116722072085
89.648348,1228,4412.996004,synthetic_track_0,0.7902285765329595,129.64834815352225
38.010276,711,4414.007168,synthetic_track_0,0.4754858058557073,78.01027592561081
31.991204,656,4420.000218,synthetic_track_0,0.4387985453277157,71.9912038912883
35.184654,681,4420.863446,synthetic_track_0,0.458263163734208,75.18465411414937
34.235972,688,4421.895698,synthetic_track_0,0.4524807872670476,74.23597220155862
37.641211,706,4422.770949,synthetic_track_0,0.4732362909101023,77.64121068865884
9.944522,452,4423.333772,synthetic_track_0,0.304420297770276,49.944522284272914
-31.492789,162,4423.527182,synthetic_track_0,0.05185288960993447,8.507211311453437
36.83368,671,4424.332478,synthetic_track_0,0.4683142546771258,76.83367994868367
91.87584,1203,4425.910076,synthetic_track_0,0.8038055184936111,131.87584048985048
32.829371,732,4426.978405,synthetic_track_0,0.4439073137451664,72.82937072818923
34.326291,695,4427.93679,synthetic_track_0,0.4530312959972415,74.3262910657876
24.379873,596,4428.719007,synthetic_track_0,0.39240619690782885,64.37987279264618
38.142153,706,4429.637953,synthetic_track_0,0.47628961740829406,78.1421527560803
23.00789,575,4435.104661,synthetic_track_0,0.3840437292667457,63.00788986473128
18.534174,601,4435.974058,synthetic_track_0,0.3567756762691306,58.53417411527807
30.683096,683,4436.860137,synthetic_track_0,0.43082540715142087,70.68309605407026
38.346132,738,4437.769636,synthetic_track_0,0.4775329035185475,78.34613169997498
65.684851,943,4439.006172,synthetic_track_0,0.6441670123457811,105.6848506441437
37.840907,779,4440.059997,synthetic_track_0,0.4744534712156926,77.84090660033688
13.771089,480,4440.658119,synthetic_track_0,0.32774386728362986,53.77108886291658
10.247251,470,4441.248168,synthetic_track_0,0.306265478995502,50.24725076688994
6.000165,425,4441.779696,synthetic_track_0,0.2803787720375342,46.00016467572423
10.477687,484,4442.548145,synthetic_track_0,0.30767002437155205,50.47768660952992
22.303554,566,4443.43962,synthetic_track_0,0.379750685349073,62.30355434839404
26.458196,603,4444.411048,synthetic_track_0,0.40507393042557815,66.45819642481706
91.256381,1106,4446.289271,synthetic_track_0,0.8000298105555805,131.2563813715489
10.197883,451,4452.160097,synthetic_track_0,0.3059645726055524,50.19788275165445
-1.954063,359,4452.651845,synthetic_track_0,0.2318964119024585,38.0459371360491
66.351513,1005,4454.0017,synthetic_track_0,0.6482304321198173,106.35151302159086
13.031192,463,4454.668989,synthetic_track_0,0.32323407186886705,53.03119215024696
66.118572,975,4456.027805,synthetic_track_0,0.6468106184678761,106.11857219899038
37.896117,656,4457.122212,synthetic_track_0,0.47478998587217697,77.89611666314435
38.493591,717,4458.386927,synthetic_track_0,0.478431692221436,78.49359089612274
39.024444,786,4459.656833,synthetic_track_0,0.4816673294016916,79.02444364949284
37.579195,766,4461.065532,synthetic_track_0,0.4728582918165636,77.57919450810532
38.40985,712,4462.209134,synthetic_track_0,0.4779212744166085,78.40984952403218
27.443791,600,4463.365988,synthetic_track_0,0.41108129417392447,67.44379073241291
13.531192,440,4464.100831,synthetic_track_0,0.3262816561321319,53.53119212155206
23.497706,566,4471.084028,synthetic_track_0,0.3870292442170631,63.49770647373637
38.80985,691,4472.403881,synthetic_track_0,0.480359341977377,78.80984952571163
11.160405,472,4473.288388,synthetic_track_0,0.31183130874154436,51.16040507958776
13.289192,488,4474.087867,synthetic_track_0,0.3248066248168181,53.28919204817561
33.500579,630,4475.229387,synthetic_track_0,0.44799843965611946,73.50057869534507
35.581062,655,4476.284832,synthetic_track_0,0.4606793378293128,75.5810621783275
35.655654,650,4477.542444,synthetic_track_0,0.461133988635529,75.65565417330598
37.50485,710,4478.695923,synthetic_track_0,0.47240514690656654,77.50484957703101
23.929128,586,4479.701378,synthetic_track_0,0.38965883146222824,63.92912803046745
33.571149,605,4480.820823,synthetic_track_0,0.4484285794761709,73.57114931098819
16.48717,501,4481.664329,synthetic_track_0,0.3442988408121749,56.48717005187827
37.776333,647,4482.756698,synthetic_track_0,0.4740598814484804,77.776332545836
-4.417147,348,4483.34711,synthetic_track_0,0.21688350101028575,35.58285347146457
38.696468,689,4484.538514,synthetic_track_0,0.4796682649569735,78.69646841447003
16.237603,489,4491.429352,synthetic_track_0,0.34277768686858306,56.23760289886647
8.667613,436,4492.22151,synthetic_track_0,0.29663731889693457,48.66761281199139
15.134282,468,4492.977063,synthetic_track_0,0.33605276206915785,55.134282394402575
70.61921,1008,4494.63532,synthetic_track_0,0.67424276841564,110.61921041006497
38.035984,679,4495.718353,synthetic_track_0,0.4756425006930827,78.03598396431404
10.257862,460,4496.514788,synthetic_track_0,0.3063301540293778,50.257861635134624
37.442153,691,4497.68283,synthetic_track_0,0.47202299945277876,77.4421527983951
35.971366,662,4498.784259,synthetic_track_0,0.46305830388622454,75.97136572941534
37.642153,679,4499.8998,synthetic_track_0,0.4732420329764307,77.64215275711419
21.778768,552,4500.767291,synthetic_track_0,0.3765520235206786,61.77876793257937
66.02017,1027,4502.439188,synthetic_track_0,0.6462108399358473,106.02016991610073
26.088218,565,4503.394579,synthetic_track_0,0.4028188470881686,66.0882176132099
33.099794,664,4504.46722,synthetic_track_0,0.4455555888335184,73.09979393085929
38.370116,708,4511.781177,synthetic_track_0,0.4776790893285066,78.3701155817878
63.956204,959,4513.504665,synthetic_track_0,0.6336306172369817,103.95620369069891
38.042153,693,4514.699275,synthetic_track_0,0.4756801006019636,78.04215276941916
28.599363,606,4515.712672,synthetic_track_0,0.4181247020965943,68.59936296766665
38.211231,671,4516.79584,synthetic_track_0,0.4767106636084038,78.21123143275895
20.982117,543,4517.72053,synthetic_track_0,0.37169630250590613,60.98211715664613
29.514648,585,4518.627689,synthetic_track_0,0.4237035192663436,69.51464805376393
39.403424,722,4519.856173,synthetic_track_0,0.483977279318966,79.40342411158386
39.055939,794,4521.149966,synthetic_track_0,0.48185929594319765,79.05593851787155
34.381826,644,4522.224226,synthetic_track_0,0.4533697911288046,74.3818260539776
36.160373,697,4523.383119,synthetic_track_0,0.4642103336956772,76.1603727664355
38.60985,695,4524.530225,synthetic_track_0,0.47914030822019393,78.6098495286784
22.41434,541,4531.461676,synthetic_track_0,0.38042594428762533,62.41434027611043
24.546441,572,4532.364351,synthetic_track_0,0.3934214563770725,64.54644069090185
72.272724,1015,4534.10466,synthetic_track_0,0.6843212116865186,112.27272378686689
38.030444,657,4535.172713,synthetic_track_0,0.4756087329669447,78.03044388383012
37.420393,687,4536.330911,synthetic_track_0,0.4718903697763533,77.42039299499727
37.586517,695,4537.531677,synthetic_track_0,0.4729029212346695,77.58651660516472
37.782835,688,4538.655827,synthetic_track_0,0.4740995136727713,77.78283478147459
90.158262,1134,4540.542698,synthetic_track_0,0.7933365884996383,130.1582621575047
38.042153,652,4541.645843,synthetic_track_0,0.4756801006019636,78.04215276941916
-1.628908,393,4542.377899,synthetic_track_0,0.2338782839384091,38.37109170947642
37.658311,690,4543.560792,synthetic_track_0,0.4733405202481187,77.65831100862228
38.737795,694,4550.840836,synthetic_track_0,0.47992015702521695,78.73779492622947
39.077546,688,4552.017291,synthetic_track_0,0.4819909989525045,79.07754628821871
39.19632,690,4553.203901,synthetic_track_0,0.4827149463426444,79.19632025573767
7.410716,432,4553.984218,synthetic_track_0,0.2889763200366966,47.41071591287698
21.878947,521,4554.897875,synthetic_track_0,0.37716263038712505,61.87894675925924
38.508475,725,4556.282261,synthetic_track_0,0.4785224107463481,78.50847457313854
63.453497,981,4558.217876,synthetic_track_0,0.6305665328621581,103.453496639099
11.832329,477,4559.272221,synthetic_track_0,0.3159268009935137,51.83232940770174
38.211033,678,4560.604043,synthetic_track_0,0.4767094531481335,78.21103283936559
24.385127,553,4561.566293,synthetic_track_0,0.39243822423347713,64.38512733543213
15.750842,498,4562.429306,synthetic_track_0,0.33981079481979265,55.75084164434045
35.488557,652,4563.510276,synthetic_track_0,0.46011550162747306,75.48855675095052
38.070241,733,4565.191041,synthetic_track_0,0.4758513053237929,78.07024136307473
35.571366,743,4573.098925,synthetic_track_0,0.460620236325456,75.5713657277359
22.544795,568,4574.062486,synthetic_track_0,0.3812210862807962,62.544794740835556
89.598511,1204,4576.26821,synthetic_track_0,0.7899248105516876,129.5985109812576
20.018777,567,4577.459149,synthetic_track_0,0.3658245816176673,60.018777008509964
37.516044,739,4578.898897,synthetic_track_0,0.47247337993479877,77.51604418535388
34.735972,665,4580.123525,synthetic_track_0,0.455528371698911,74.73597220052476
12.463495,463,4581.092322,synthetic_track_0,0.31977386425063653,52.463495390987696
35.756805,667,4582.394838,synthetic_track_0,0.461750518749993,75.75680479389965
39.277546,663,4583.602657,synthetic_track_0,0.4832100326447551,79.27754627459883
37.613233,691,4584.843056,synthetic_track_0,0.47306576397026395,77.61323329487398
38.853951,702,4586.184123,synthetic_track_0,0.4806281449458918,78.85395051355441
24.168103,567,4587.212882,synthetic_track_0,0.391115425088505,64.16810313613405
