#{"t_start": 1791269352.9328852, "env_id": "f1tenth-v0"}
r,l,t,track_name,laps,progress_m
-2.655355,99,4.572629,synthetic_track_0,0.014291004555822065,2.3446445612556426
-1.27446,130,4.778158,synthetic_track_0,0.02270779570727583,3.725540041303686
3.676154,224,5.187274,synthetic_track_0,0.052882620910095615,8.676153521432227
3.301261,202,5.523188,synthetic_track_0,0.05059758932390432,8.301261269461168
-0.046738,155,5.786636,synthetic_track_0,0.030190967035867863,4.953261779687682
3.118971,203,6.111624,synthetic_track_0,0.049486501740475905,8.118971392679708
2.747952,185,6.398759,synthetic_track_0,0.047225073522010726,7.747951612202882
2.189278,173,6.694066,synthetic_track_0,0.04381986247446961,7.18927783028933
-1.988716,128,6.920611,synthetic_track_0,0.01835428668604011,3.0112843562574403
0.944422,167,7.191751,synthetic_track_0,0.03623225548795021,5.944421922197104
-1.043858,121,7.396898,synthetic_track_0,0.024113353081347797,3.9561419167546332
1.312361,185,7.789136,synthetic_track_0,0.03847490690133445,6.312361098106292
-2.444754,98,9.596597,synthetic_track_0,0.01557465343956817,2.5552455978784354
3.275438,190,9.91605,synthetic_track_0,0.05044018976737112,8.275437611458116
1.985458,161,10.158547,synthetic_track_0,0.042577547005301926,6.98545813400625
2.347755,208,10.507083,synthetic_track_0,0.04478580531926636,7.3477546279623
-1.170877,129,10.693775,synthetic_track_0,0.023339152910795042,3.8291232588205975
1.494064,170,10.957764,synthetic_track_0,0.03958241886251945,6.494064342701516
-0.554456,130,11.158988,synthetic_track_0,0.027096341217588284,4.445543965617394
2.491977,170,11.43467,synthetic_track_0,0.045664867987055685,7.491977484723999
-1.448958,132,11.652204,synthetic_track_0,0.021644202669150656,3.5510423268506024
2.180058,203,11.966655,synthetic_track_0,0.04376366512948098,7.180057848672928
2.903319,193,12.385959,synthetic_track_0,0.04817206393698121,7.903318991546219
1.59428,189,12.707129,synthetic_track_0,0.040193252795714514,6.594280422942896
4.4194,197,14.651915,synthetic_track_0,0.05741283562092597,9.41940031290718
-0.442637,139,14.873746,synthetic_track_0,0.02777789712074145,4.557363000820817
0.039695,144,15.109866,synthetic_track_0,0.030717789578240683,5.039694584596283
0.89203,149,15.33467,synthetic_track_0,0.035912916855231146,5.8920298327901675
2.615451,192,15.714195,synthetic_track_0,0.04641746241042665,7.615451409506228
2.947755,213,16.080205,synthetic_track_0,0.048442906655227075,7.947754629629628
3.109007,213,16.424235,synthetic_track_0,0.04942576926940746,8.109007358491207
-0.295914,139,16.64517,synthetic_track_0,0.028672195815733315,4.70408554668247
7.748992,251,17.105006,synthetic_track_0,0.07770726072112528,12.748992242510703
3.515451,207,17.50125,synthetic_track_0,0.05190311427345756,8.515451388888884
2.147755,205,17.837158,synthetic_track_0,0.043566771431379034,7.147754609485157
2.739372,218,19.821415,synthetic_track_0,0.04717277649562523,7.739371533874193
4.629084,219,20.165664,synthetic_track_0,0.05869089557727603,9.629084405716037
5.265427,233,20.562042,synthetic_track_0,0.0625695125481209,10.265427228948882
3.168321,195,20.887175,synthetic_track_0,0.049787298345939784,8.168321396193472
4.612063,220,21.244409,synthetic_track_0,0.05858714615142844,9.612062822236949
3.47081,211,21.584282,synthetic_track_0,0.0516310160875453,8.47080977330233
3.680705,186,21.873769,synthetic_track_0,0.05291036009146721,8.68070453255832
3.078922,220,22.21525,synthetic_track_0,0.04924239460188128,8.078922110445284
4.059161,214,22.553029,synthetic_track_0,0.05521711794588535,9.059161290889687
4.039505,200,22.911028,synthetic_track_0,0.05509731001778959,9.039505079466077
2.824012,172,24.731542,synthetic_track_0,0.04768867599218702,7.8240122562281265
4.290053,232,25.071589,synthetic_track_0,0.05662444192385404,9.290053003083893
4.053756,193,25.361899,synthetic_track_0,0.05518417013543177,9.053755729350362
3.089211,204,25.698869,synthetic_track_0,0.04930510490916172,8.089210637072325
5.030626,222,26.04254,synthetic_track_0,0.06113836133082252,10.030626315908377
3.681019,192,26.348141,synthetic_track_0,0.05291227674054099,8.681018986367995
7.571827,253,26.742908,synthetic_track_0,0.07662740944662921,12.57182713086145
3.131949,189,27.041961,synthetic_track_0,0.04956560043853692,8.131948670203254
-2.532893,95,27.201153,synthetic_track_0,0.015037436539383312,2.467107449275026
1.314133,184,27.473897,synthetic_track_0,0.03848570852293872,6.314133259275808
8.974237,261,29.412123,synthetic_track_0,0.08517533430737292,13.97423697941193
4.009122,193,29.725208,synthetic_track_0,0.05491212053073572,9.009122084210107
5.445944,236,30.12724,synthetic_track_0,0.06366979095432533,10.445943704952892
4.327536,195,30.448601,synthetic_track_0,0.056852906130006424,9.327535837569348
5.436032,211,30.812213,synthetic_track_0,0.06360937770059912,10.43603204295435
4.261964,195,31.146038,synthetic_track_0,0.05645323195738254,9.261963548969442
14.489181,340,31.698519,synthetic_track_0,0.11878984972934656,19.48918104478668
-2.159468,108,31.86236,synthetic_track_0,0.01731352340745634,2.840532191764434
7.093815,241,32.250755,synthetic_track_0,0.07371384531912918,12.093815087780163
-2.270577,115,32.452555,synthetic_track_0,0.016636291822819258,2.7294226231244196
4.869604,215,34.288236,synthetic_track_0,0.06015690072010672,9.869603605852353
-0.397047,136,34.486208,synthetic_track_0,0.028055778223162235,4.602953386921505
-0.903386,132,34.699762,synthetic_track_0,0.024969552631441683,4.096613750671957
16.016921,338,35.32875,synthetic_track_0,0.12810168365823138,21.016921148107894
8.494074,258,35.764774,synthetic_track_0,0.08224865880947983,13.494073827697052
1.451635,154,36.006798,synthetic_track_0,0.03932380208939367,6.451634546518166
6.913949,236,36.387729,synthetic_track_0,0.07261752952411693,11.913948735057819
4.768768,202,36.698427,synthetic_track_0,0.05954228766696898,9.768767506704302
0.012589,137,36.911118,synthetic_track_0,0.030552576460511204,5.012588999651612
-0.159323,139,37.136938,synthetic_track_0,0.02950474603872712,4.840677368810142
-1.27901,124,37.316752,synthetic_track_0,0.022680062700109728,3.720990043144685
5.175395,206,39.126711,synthetic_track_0,0.06202075173047676,10.175395134879235
0.451301,146,39.381841,synthetic_track_0,0.0332266005795981,5.451301063803134
-0.529019,136,39.595086,synthetic_track_0,0.027251384659350755,4.470981069151073
0.450714,154,39.841745,synthetic_track_0,0.03322302458598447,5.450714370688278
-1.454543,124,40.089636,synthetic_track_0,0.02161016178331569,3.545457430594953
9.706505,253,40.491955,synthetic_track_0,0.08963863287622645,14.706505216668855
11.509068,283,40.95064,synthetic_track_0,0.10062555619056524,16.509067793237527
5.543996,211,41.305149,synthetic_track_0,0.06426743546839879,10.54399587154574
6.879088,237,41.759851,synthetic_track_0,0.0724050453594162,11.879087655896273
4.41872,205,42.099918,synthetic_track_0,0.057408691341414415,9.418720384328392
0.084813,150,42.359545,synthetic_track_0,0.030992792222626617,5.084812718312623
26.489744,467,44.730103,synthetic_track_0,0.19193530556711874,31.489743674285616
1.106463,143,44.956174,synthetic_track_0,0.037219924210223715,6.106463162122219
1.052412,157,45.216157,synthetic_track_0,0.03689047272392419,6.0524119138329535
-0.266052,136,45.461211,synthetic_track_0,0.028854213322184834,4.733948132960983
17.55607,352,45.999708,synthetic_track_0,0.13748305441378117,22.556069766611518
19.937401,414,46.693146,synthetic_track_0,0.15199766955068236,24.937400855445993
39.923579,597,49.21508,synthetic_track_0,0.27381680054999286,44.92357900259809
33.893891,550,50.120351,synthetic_track_0,0.2370648342107495,38.893891050560306
11.909439,297,50.681782,synthetic_track_0,0.10306588515679421,16.909438810963668
5.220129,199,51.01617,synthetic_track_0,0.06229341498878926,10.220129458709268
40.464588,560,51.949708,synthetic_track_0,0.2771143405053484,45.46458779534231
6.7023,229,52.302278,synthetic_track_0,0.07132749387964336,11.702299858603668
5.531296,230,54.181899,synthetic_track_0,0.06419002806241525,10.531296074779789
46.854526,604,55.083122,synthetic_track_0,0.31606209179361966,51.85452580666148
19.155676,352,55.669339,synthetic_track_0,0.14723292724652498,24.155676443730233
10.558857,261,56.09985,synthetic_track_0,0.0948338599497165,15.55885683791189
27.389485,415,56.755195,synthetic_track_0,0.1974193815459509,32.389485107230804
8.430155,227,57.112092,synthetic_track_0,0.08185906026441633,13.4301545905162
39.950252,546,59.594103,synthetic_track_0,0.2739793780256205,44.950252172599825
22.73296,407,60.295212,synthetic_track_0,0.1690370739302885,27.732959883478294
37.879082,553,61.348738,synthetic_track_0,0.26135524520965864,42.879081861800685
16.832832,337,61.957182,synthetic_track_0,0.13307480071325278,21.832832430621153
40.825697,567,64.455157,synthetic_track_0,0.27931536363194637,45.8256972528908
25.155625,421,65.12781,synthetic_track_0,0.18380362686701576,30.155624986995193
53.799251,706,66.312575,synthetic_track_0,0.35839136573922475,58.79925117924073
32.628654,480,67.122051,synthetic_track_0,0.22935300251738133,37.62865429505117
27.531887,446,69.325028,synthetic_track_0,0.19828734423143526,32.53188685246464
40.531998,542,70.220063,synthetic_track_0,0.27752521690394716,45.531997970012675
47.887147,650,71.381335,synthetic_track_0,0.3223560928112988,52.88714707530608
28.024804,442,72.089654,synthetic_track_0,0.20129175942616953,33.024804318033404
4.495881,180,73.925827,synthetic_track_0,0.057878997396787285,9.49588084778975
49.092377,632,74.990045,synthetic_track_0,0.3297021715457503,54.09237680453953
26.647371,403,75.599836,synthetic_track_0,0.19289606886324998,31.647370692605364
25.26244,411,76.251523,synthetic_track_0,0.1844546800355346,30.262439610466437
39.614073,575,78.775831,synthetic_track_0,0.27193031021344205,44.61407316693917
13.32161,292,79.331847,synthetic_track_0,0.11167330640000622,18.321609895613665
8.405116,212,79.666866,synthetic_track_0,0.08170644845185122,13.405116430678207
48.131192,624,80.792733,synthetic_track_0,0.3238435885080499,53.13119210948514
41.368842,555,81.732658,synthetic_track_0,0.28262591979417456,46.36884154132625
27.134646,401,83.863165,synthetic_track_0,0.1958660917252522,32.13464560200713
51.489162,642,84.988086,synthetic_track_0,0.34431097960352425,56.48916159495044
48.116388,588,86.132726,synthetic_track_0,0.3237533528549203,53.116387654520814
42.169259,565,87.064031,synthetic_track_0,0.28750459962312797,47.1692590404868
38.713848,509,89.430048,synthetic_track_0,0.2664432878906521,43.71384834394892
41.062075,522,90.581354,synthetic_track_0,0.2807561233583058,46.06207457985125
33.075154,448,91.434795,synthetic_track_0,0.23207449557562937,38.075154320475676
26.026196,394,92.203802,synthetic_track_0,0.18910990665143856,31.026196400533728
30.98266,463,95.01778,synthetic_track_0,0.21932039038517961,35.98266017482881
25.705776,389,96.041498,synthetic_track_0,0.18715688954016638,30.705775891947575
54.508406,658,97.200169,synthetic_track_0,0.36271378332191917,59.5084058672232
69.814065,857,100.506491,synthetic_track_0,0.4560043592949862,74.81406480234315
21.849937,392,101.211188,synthetic_track_0,0.16365489792388202,26.84993660461435
27.433648,395,101.87385,synthetic_track_0,0.1976885647576384,32.43364847942757
40.451849,509,102.781419,synthetic_track_0,0.27703669811304094,45.45184944569478
51.206507,634,103.975239,synthetic_track_0,0.3425881549460111,56.20650746469269
50.048941,624,106.645098,synthetic_track_0,0.33553259387368345,55.04894133068005
15.544481,284,107.153138,synthetic_track_0,0.12522208253253958,20.54448122328901
23.308637,377,107.857942,synthetic_track_0,0.17254592135682315,28.308636701910817
26.411944,388,108.528113,synthetic_track_0,0.19146110194257338,31.411943758620133
22.327475,367,109.125971,synthetic_track_0,0.16656557362910318,27.32747476053394
61.537547,698,111.802947,synthetic_track_0,0.40555758469298847,66.53754685418556
34.636618,467,112.624292,synthetic_track_0,0.24159188265229115,39.63661837008084
53.746482,594,113.797781,synthetic_track_0,0.35806973102568623,58.746482384796394
69.535972,795,117.088184,synthetic_track_0,0.4543093380066604,74.53597221414462
40.468315,497,118.042755,synthetic_track_0,0.2771370559494185,45.4683145902074
42.784781,558,119.038803,synthetic_track_0,0.2912563097654381,47.78478097571643
48.75477,607,121.693015,synthetic_track_0,0.32764439983588056,53.75476979944721
58.369807,668,122.887017,synthetic_track_0,0.386249677454564,63.36980734931237
25.033743,364,123.5282,synthetic_track_0,0.18306073558669972,30.033743002198843
53.240463,630,124.655174,synthetic_track_0,0.3549854570721245,58.240462942818475
53.772264,646,127.619102,synthetic_track_0,0.35822687630082295,58.77226432428407
54.183022,637,128.820669,synthetic_track_0,0.3607305127639136,59.18302184616558
27.767889,388,129.512575,synthetic_track_0,0.19972581668370873,32.767888919258816
31.711979,399,130.153954,synthetic_track_0,0.22376571127496964,36.71197891561923
53.921995,609,132.726277,synthetic_track_0,0.3591395123307249,58.92199537331965
25.050689,357,133.448742,synthetic_track_0,0.1831640230594986,30.05068879564519
69.474498,807,134.912688,synthetic_track_0,0.4539346408607779,74.47449776553047
28.452853,402,135.698123,synthetic_track_0,0.20390078821601376,33.45285296488486
47.695799,572,138.178641,synthetic_track_0,0.32118979153877386,52.69579859978572
40.35303,492,139.021937,synthetic_track_0,0.2764343796715214,45.35303045417207
66.109153,757,140.31972,synthetic_track_0,0.4334222946581188,71.10915274903448
48.008456,561,142.886986,synthetic_track_0,0.32309549106257596,53.008455978517695
48.879259,559,143.778772,synthetic_track_0,0.32840318026247933,53.87925862690947
49.951463,576,144.838597,synthetic_track_0,0.33493844697413944,54.95146299798753
70.103669,805,146.142589,synthetic_track_0,0.4577695456248909,75.10366897340388
54.009751,620,148.539612,synthetic_track_0,0.3596743954050817,59.009750624274886
27.077242,391,149.202387,synthetic_track_0,0.19551620914948425,32.077242340035724
29.118183,414,149.897732,synthetic_track_0,0.20795608520288864,34.118182682429385
54.900215,616,150.886107,synthetic_track_0,0.3651019278708897,59.90021528176537
42.467545,543,153.299777,synthetic_track_0,0.2893227055506327,47.46754543162605
55.280657,656,154.486726,synthetic_track_0,0.36742078308636983,60.2806567859352
68.700579,770,155.810059,synthetic_track_0,0.44921747341330254,73.7005786923783
58.76142,681,158.369305,synthetic_track_0,0.38863662338256494,63.76142011286849
14.7307,285,158.888747,synthetic_track_0,0.12026195001807102,19.730700241152377
68.837737,765,160.129721,synthetic_track_0,0.4500534790719402,73.8377374283543
51.402629,622,162.864142,synthetic_track_0,0.3437835480102347,56.40262886649106
69.455151,772,164.320982,synthetic_track_0,0.45381671812781177,74.45515084744522
54.346095,623,165.515045,synthetic_track_0,0.3617244741825473,59.34609549331154
45.462194,698,168.474179,synthetic_track_0,0.3075755931330281,50.462193808519814
48.825935,581,169.530032,synthetic_track_0,0.3280781663231315,53.825935421934794
69.603669,863,170.996564,synthetic_track_0,0.45472196136162624,74.6036690020988
52.610426,639,173.606565,synthetic_track_0,0.35114527777210186,57.610426371570135
68.768275,807,175.040248,synthetic_track_0,0.44963009665223547,73.76827546129562
53.234356,663,176.303389,synthetic_track_0,0.35494823298212924,58.23435579619949
58.826284,709,178.993158,synthetic_track_0,0.3890319781663954,63.8262837436968
69.53484,833,180.486122,synthetic_track_0,0.4543024352335181,74.53483971506505
58.675532,742,181.799208,synthetic_track_0,0.3881131186576593,63.675531643569705
48.592556,669,184.435851,synthetic_track_0,0.32665567720966043,53.592555651442275
49.226594,658,185.542283,synthetic_track_0,0.33052024805484714,54.22659400601425
68.89026,864,188.426552,synthetic_track_0,0.4503736130515622,73.89026000584435
66.562907,826,189.843885,synthetic_track_0,0.43618800507883315,71.56290726787228
53.453321,684,190.959948,synthetic_track_0,0.3562828618929475,58.453320838497355
70.606956,868,194.003266,synthetic_track_0,0.4608371657242975,75.60695611140581
55.393089,695,195.150042,synthetic_track_0,0.3681060740522295,60.3930886118229
69.720993,829,196.592863,synthetic_track_0,0.4554370700744532,74.72099285765333
52.392011,645,199.323164,synthetic_track_0,0.3498140001113805,57.39201114998518
67.520841,813,200.701297,synthetic_track_0,0.44202677404991697,72.52084118070577
70.666727,856,203.702629,synthetic_track_0,0.4612014789304609,75.66672692556293
59.622526,736,204.945403,synthetic_track_0,0.3938852073285124,64.62252569541104
69.01112,850,206.369239,synthetic_track_0,0.45111027802791287,74.01112047604583
55.075856,733,209.005268,synthetic_track_0,0.36617249057577045,60.07585647015609
48.937731,646,210.040167,synthetic_track_0,0.32875957793139743,53.937730783489435
57.982048,731,211.214937,synthetic_track_0,0.38388621729015976,62.98204776260388
67.916877,838,214.048718,synthetic_track_0,0.4444406768264019,72.91687660244102
61.220521,745,215.252986,synthetic_track_0,0.4036252574254534,66.22052081163586
70.203669,872,218.293032,synthetic_track_0,0.45837906251081106,75.20366897312286
70.103669,924,219.882604,synthetic_track_0,0.457769545624891,75.1036689734039
53.555892,648,220.95806,synthetic_track_0,0.35690805053962305,58.55589201566414
70.839062,933,224.06162,synthetic_track_0,0.4622518932372702,75.83906247985551
71.071366,1012,226.00982,synthetic_track_0,0.46366782084288766,76.07136574074072
71.336283,941,229.404351,synthetic_track_0,0.46528253606916237,76.33628296601158
69.635972,930,231.081826,synthetic_track_0,0.45491885489258044,74.63597221386358
54.247475,749,233.919353,synthetic_track_0,0.36112336688532,59.24747520740583
69.788009,1019,235.640175,synthetic_track_0,0.45584554623756285,74.78800923921675
70.337821,1005,238.773989,synthetic_track_0,0.4591967435677545,75.33782129499187
53.569315,850,240.239608,synthetic_track_0,0.3569898648801973,58.56931483334717
70.003669,1014,242.058197,synthetic_track_0,0.4571600287072255,75.00366896847663
70.055489,1071,245.46392,synthetic_track_0,0.4574758789201863,75.05548873251753
70.161857,1098,248.676896,synthetic_track_0,0.45812421159984174,75.16185702071593
70.203669,1197,250.671049,synthetic_track_0,0.45837906251081095,75.20366897312284
69.635972,966,254.208598,synthetic_track_0,0.4549188548925805,74.6359722138636
70.303669,1204,256.272301,synthetic_track_0,0.4589885793171415,75.303668959784
69.250915,1066,259.579827,synthetic_track_0,0.45257186512704983,74.25091483265716
54.5151,982,261.098071,synthetic_track_0,0.3627545857956555,59.51510009909179
69.899287,1136,264.306831,synthetic_track_0,0.45652380507745866,74.89928734383658
70.203669,1133,266.101356,synthetic_track_0,0.45837906251081095,75.20366897312284
70.350504,1135,269.164305,synthetic_track_0,0.4592740476388341,75.35050413818263
70.521741,1038,270.831337,synthetic_track_0,0.46031776440803585,75.52174086523294
69.758365,1178,273.965135,synthetic_track_0,0.455664857793392,74.7583647046949
70.317578,1043,275.634797,synthetic_track_0,0.45907335962118656,75.317578386375
56.880256,1011,278.508747,synthetic_track_0,0.37717061046385025,61.88025600546507
57.270611,951,279.998163,synthetic_track_0,0.3795498909656066,62.27061114574609
70.338049,1181,283.361868,synthetic_track_0,0.45919813335264725,75.33804930916523
70.312999,1090,286.76685,synthetic_track_0,0.45904544994625185,75.31299940333106
70.271366,1324,288.821736,synthetic_track_0,0.45879168561903966,75.27136572059625
70.371366,1096,291.866035,synthetic_track_0,0.45940120250350863,75.37136572007715
70.471366,1129,293.679153,synthetic_track_0,0.46001071950692696,75.47136573907339
57.910204,1063,296.718961,synthetic_track_0,0.3834483181062751,62.91020411187498
70.161728,1223,298.672748,synthetic_track_0,0.4581234282060635,75.1617284937146
58.01434,901,301.405805,synthetic_track_0,0.38408304562358603,63.014340277777755
70.271366,1173,303.271392,synthetic_track_0,0.45879168561903966,75.27136572059625
56.711724,903,305.997035,synthetic_track_0,0.3761433765253697,61.711723523539966
70.814614,1114,307.726477,synthetic_track_0,0.4621028737886658,75.81461369892295
71.345392,1143,310.885836,synthetic_track_0,0.4653380576372156,76.34539207671544
70.571366,1044,312.474944,synthetic_track_0,0.46062023632545607,75.57136572773591
70.871366,1113,315.515308,synthetic_track_0,0.4624487869353721,75.87136571904328
64.156968,921,316.925869,synthetic_track_0,0.4215234010567273,69.1569683481068
70.119439,965,319.713161,synthetic_track_0,0.4578656664511501,75.11943897554976
70.848166,1131,321.409721,synthetic_track_0,0.46230737867324506,75.84816566257295
57.461765,1014,324.306019,synthetic_track_0,0.3807150086808096,62.46176544168818
70.471366,1142,325.969288,synthetic_track_0,0.46001071950692696,75.47136573907339
70.680897,1270,329.224262,synthetic_track_0,0.46128784755109903,75.68089693830426
71.071366,1175,332.461519,synthetic_track_0,0.46366782084288766,76.07136574074072
70.356091,945,333.897779,synthetic_track_0,0.4593081030960876,75.35609142508878
58.672629,759,336.410742,synthetic_track_0,0.3880954285589172,63.67262932878548
70.596022,853,337.771434,synthetic_track_0,0.460770520145028,75.59602194688605
71.017458,1077,339.408171,synthetic_track_0,0.46333924457729325,76.01745808497905
71.007189,1046,342.545249,synthetic_track_0,0.4632766520179597,76.00718887659393
69.948239,985,344.111159,synthetic_track_0,0.4568221732841066,74.94823893364513
57.641312,855,346.915239,synthetic_track_0,0.38180937748720045,62.64131236296229
70.109766,1045,348.468291,synthetic_track_0,0.45780670708560295,75.10976584478941
70.739063,1059,351.51607,synthetic_track_0,0.46164237659808727,75.73906252061732
70.939062,1074,353.219205,synthetic_track_0,0.46286141012173915,75.93906247933641
53.796363,720,355.753885,synthetic_track_0,0.3583737633954757,58.79636326192355
71.071366,946,357.203389,synthetic_track_0,0.46366782084288766,76.07136574074072
70.99358,1089,360.288057,synthetic_track_0,0.4631937065715246,75.99358048474818
58.78299,866,361.580726,synthetic_track_0,0.3887680937434888,63.78298971390686
70.524132,1024,364.70878,synthetic_track_0,0.4603323398486929,75.524132175622
70.642859,1004,366.221376,synthetic_track_0,0.46105600236905026,75.64285940616152
70.660528,1030,369.451832,synthetic_track_0,0.46116369777564115,75.66052838445827
71.022707,1022,371.082659,synthetic_track_0,0.46337123578894,76.02270670274434
70.010395,1023,374.138073,synthetic_track_0,0.4572010265247182,75.0103952492942
71.113226,1082,375.774365,synthetic_track_0,0.4639229665005555,76.11322605057703
59.485127,773,378.391226,synthetic_track_0,0.3930477408726599,64.4851272946703
71.239062,1021,379.938748,synthetic_track_0,0.46468996086135206,76.23906249192243
70.920339,1073,382.95506,synthetic_track_0,0.46274729038324147,75.9203394971167
70.802493,912,384.392697,synthetic_track_0,0.4620289981861311,75.8024933452406
70.585037,890,385.756084,synthetic_track_0,0.46070356685394076,75.58503729782288
27.585792,429,387.749881,synthetic_track_0,0.19861590673937263,32.58579225108506
71.146981,885,389.102114,synthetic_track_0,0.46412870593903777,76.14698056052691
71.064817,981,391.9377,synthetic_track_0,0.46362790809715926,76.06481748153114
49.526451,624,392.84282,synthetic_track_0,0.33234792622315745,54.5264508607452
71.781186,985,394.40705,synthetic_track_0,0.4679942921805603,76.78118550545209
70.327358,963,397.289819,synthetic_track_0,0.4591329663505387,75.32735772646575
73.6387,1025,398.86783,synthetic_track_0,0.4793161597063694,78.63870049076714
70.471366,956,401.806664,synthetic_track_0,0.46001071950692696,75.47136573907339
71.139062,895,403.340168,synthetic_track_0,0.4640804439436865,76.13906248699516
71.221716,1014,406.59435,synthetic_track_0,0.46458423088170897,76.22171597014619
70.571366,934,408.110677,synthetic_track_0,0.460620236325456,75.5713657277359
37.705803,501,408.866848,synthetic_track_0,0.2602990829335512,42.70580327058578
73.70634,1026,411.750865,synthetic_track_0,0.47972843203218757,78.70633968734775
70.936175,999,413.280456,synthetic_track_0,0.4628438090784443,75.93617477537742
71.039062,911,416.202957,synthetic_track_0,0.4634709271251575,76.03906249833265
70.220868,943,417.690832,synthetic_track_0,0.4584838947317251,75.22086820468495
70.723373,933,420.447886,synthetic_track_0,0.4615467445475643,75.72337270915133
71.404634,896,421.814368,synthetic_track_0,0.4656991467133031,76.40463392602494
70.568128,922,424.640846,synthetic_track_0,0.4606005027905841,75.5681281579044
70.926421,859,426.047041,synthetic_track_0,0.46278435740541235,75.92642087450311
70.503669,875,428.853471,synthetic_track_0,0.46020761322465714,75.50366898148145
72.404098,872,430.298862,synthetic_track_0,0.47179104975915737,77.40409811962776
70.741747,847,431.720779,synthetic_track_0,0.46165874019660486,75.74174720398699
71.439062,953,434.515819,synthetic_track_0,0.46590899455360263,76.43906247830255
33.502069,431,435.204372,synthetic_track_0,0.23467661344256527,38.502069131161385
71.039062,877,436.572799,synthetic_track_0,0.4634709271251575,76.03906249833265
70.939062,944,439.508121,synthetic_track_0,0.46286141012173915,75.93906247933641
71.712098,951,440.97816,synthetic_track_0,0.4675731915679781,76.7120979016258
56.01125,733,443.59741,synthetic_track_0,0.3718738720550484,61.01124999164138
23.627864,351,444.19029,synthetic_track_0,0.17449166286008513,28.627863542502233
70.84083,903,445.640734,synthetic_track_0,0.46226266795348586,75.84083022680959
70.670273,886,448.556523,synthetic_track_0,0.46122309316123994,75.67027305057071
71.906759,998,450.162719,synthetic_track_0,0.46875968536550255,76.90675925090063
70.633033,909,453.150816,synthetic_track_0,0.46099610805751523,75.6330328840831
71.857736,1012,454.786863,synthetic_track_0,0.46846088214202425,76.85773629033285
73.619936,989,457.872158,synthetic_track_0,0.47920178821106024,78.61993620422648
71.057652,903,459.28073,synthetic_track_0,0.46358423156275574,76.05765171872953
66.496173,985,462.464427,synthetic_track_0,0.43578124973488025,71.4961732114079
46.092708,579,463.385955,synthetic_track_0,0.31141868564074543,51.09270833333332
56.339208,716,464.561934,synthetic_track_0,0.3738728341466143,61.33920843415946
71.039062,1096,467.875914,synthetic_track_0,0.4634709271251574,76.03906249833264
99.8239,1307,469.942736,synthetic_track_0,0.6389193754651282,104.82390044126555
71.039062,920,472.913425,synthetic_track_0,0.4634709271251575,76.03906249833265
71.859579,970,474.458302,synthetic_track_0,0.4684721135827524,76.8595789695032
71.219744,944,477.459244,synthetic_track_0,0.464572209682631,76.21974371977514
97.870599,1192,479.517113,synthetic_track_0,0.627013673904201,102.8705990967923
70.859677,978,482.694509,synthetic_track_0,0.4623775407441422,75.85967675805213
71.00088,1090,484.659372,synthetic_track_0,0.46323820084861833,76.00088040998348
67.694274,983,487.660153,synthetic_track_0,0.44308387453341763,72.69427369831915
66.877818,945,489.181546,synthetic_track_0,0.4381074374952854,71.87781772489114
71.198386,946,492.549873,synthetic_track_0,0.464442028958355,76.19838570215211
99.864732,1327,494.91637,synthetic_track_0,0.6391682478090643,104.86473152387963
71.244781,1008,498.356789,synthetic_track_0,0.464724815457611,76.24478088906058
56.421885,684,499.521787,synthetic_track_0,0.3743767597524283,61.4218846677534
71.020739,1002,502.880461,synthetic_track_0,0.46335924474629125,76.02073939996865
69.472533,1169,504.95939,synthetic_track_0,0.45392266805713294,74.47253345512532
71.695086,1000,508.419741,synthetic_track_0,0.46746949885669437,76.6950856229855
72.091738,1054,510.223007,synthetic_track_0,0.4698871643584359,77.0917383738437
56.135091,882,513.410721,synthetic_track_0,0.3726287037107754,61.135090966525325
55.71125,791,514.750767,synthetic_track_0,0.37004532143293384,60.711249998332654
49.86288,706,517.451144,synthetic_track_0,0.3343985159902917,54.86287956497643
68.855643,956,519.052284,synthetic_track_0,0.45016261725596207,73.85564311501143
44.770054,620,520.207475,synthetic_track_0,0.30335688421038526,49.77005401580206
77.083727,1123,523.757174,synthetic_track_0,0.5003141770378057,82.08372683170735
68.00275,924,525.416705,synthetic_track_0,0.44496409191816455,73.00275036613529
66.866666,975,528.859995,synthetic_track_0,0.4380394678189874,71.86666632323565
57.61434,1452,531.696039,synthetic_track_0,0.38164497802381986,62.61434026970019
71.974456,983,535.21751,synthetic_track_0,0.46917230847373115,76.97445599837403
67.472543,1052,537.250903,synthetic_track_0,0.4417323901750297,72.47254327775012
67.910847,940,540.506029,synthetic_track_0,0.44440392382615423,72.91084674486144
72.820685,968,542.134336,synthetic_track_0,0.47433021812729304,77.82068516088206
55.978947,747,544.722832,synthetic_track_0,0.37167697852409415,60.97894677987659
73.007027,877,546.15181,synthetic_track_0,0.4754660028973399,78.00702696585773
72.802359,1042,549.259024,synthetic_track_0,0.4742185194841794,77.80235939413467
24.40389,363,549.810172,synthetic_track_0,0.179221677160897,29.403890326465568
67.733482,978,551.416785,synthetic_track_0,0.4433228536800232,72.73348165981365
60.334343,835,554.12202,synthetic_track_0,0.3982238528671882,65.33434281265687
59.768187,840,555.502429,synthetic_track_0,0.394773035614228,64.76818667769545
55.71125,698,557.951098,synthetic_track_0,0.37004532143293384,60.711249998332654
72.705309,932,559.340903,synthetic_track_0,0.4736269831576836,77.70530936344676
71.255186,953,560.82609,synthetic_track_0,0.4647882361942725,76.25518597183158
71.807967,1102,563.950922,synthetic_track_0,0.46815753140556665,76.8079672449442
46.528102,644,564.976125,synthetic_track_0,0.3140724825378274,51.52810183118826
71.46876,1110,568.013206,synthetic_track_0,0.46609000700132813,76.46876017026125
71.63154,983,569.531924,synthetic_track_0,0.4670821752088664,76.63153961537084
49.888116,724,572.026007,synthetic_track_0,0.3345523342089352,54.88811565305938
72.674456,911,573.540482,synthetic_track_0,0.47343892674091603,77.67445600719311
71.506759,859,576.211091,synthetic_track_0,0.4663216177399697,76.50675923859568
100.386277,1131,577.902773,synthetic_track_0,0.6423471567727499,105.3862771985254
71.806759,932,580.689182,synthetic_track_0,0.46815016847958263,76.80675925118169
56.846644,752,581.931445,synthetic_track_0,0.3769657366693948,61.846643516851174
71.63177,984,583.536802,synthetic_track_0,0.4670835771267572,76.63176962013678
58.175411,777,586.316732,synthetic_track_0,0.38506480057476916,63.1754112786151
22.303194,346,586.86106,synthetic_track_0,0.16641757916401342,27.303194142868943
71.19636,923,588.289739,synthetic_track_0,0.4644296849791236,76.19636049506074
71.301228,933,591.043105,synthetic_track_0,0.4650688692542809,76.3012278561013
72.268098,833,592.339811,synthetic_track_0,0.47096210611926353,77.26809800925955
99.195022,1337,595.807092,synthetic_track_0,0.6350862535772785,104.19502173985087
72.234067,946,597.206161,synthetic_track_0,0.470754684018852,77.23406743445184
71.689402,872,599.905109,synthetic_track_0,0.467434854538942,76.68940172505663
72.149169,860,601.269684,synthetic_track_0,0.4702372125858232,77.14916881334253
67.566201,859,604.012148,synthetic_track_0,0.4423032472286813,72.5662005767084
70.739063,890,605.543499,synthetic_track_0,0.46164237659808727,75.73906252061732
72.183115,992,608.605895,synthetic_track_0,0.47044412008168385,77.18311495988232
42.680305,507,609.442954,synthetic_track_0,0.2906195102809698,47.680304873841514
57.15054,687,610.689358,synthetic_track_0,0.3788180382931586,62.15054020311969
30.784318,414,611.49916,synthetic_track_0,0.21811145862727935,35.78431755587447
99.250938,1300,615.28583,synthetic_track_0,0.635427072697655,104.25093801178551
57.349252,733,616.404335,synthetic_track_0,0.380029221600401,62.349252221082956
57.662056,665,619.139992,synthetic_track_0,0.3819358153716958,62.66205631396032
58.366931,715,620.306068,synthetic_track_0,0.3862321470974599,63.366931242438255
71.039062,1075,623.3033,synthetic_track_0,0.4634709271251575,76.03906249833265
56.578947,799,624.564401,synthetic_track_0,0.3753340796732789,61.57894675090064
71.639062,1156,626.364591,synthetic_track_0,0.46712802846111817,76.63906249999998
56.089423,695,629.024331,synthetic_track_0,0.3723503522072326,61.089423404364126
46.124022,565,629.852533,synthetic_track_0,0.3116095503364335,51.12402242807961
74.14014,1094,633.004223,synthetic_track_0,0.4823725206029538,79.14014039482844
234.435729,2617,638.546765,synthetic_track_0,1.4594012025035066,239.43572887224227
57.699861,661,639.649786,synthetic_track_0,0.3821662390464304,62.699860627410835
28.192261,390,640.35594,synthetic_track_0,0.20231243568236748,33.19226091799106
71.933565,990,643.45244,synthetic_track_0,0.46892307282268386,76.93356531001014
71.906759,918,645.018845,synthetic_track_0,0.4687596853655026,76.90675925090065
59.644905,747,647.62434,synthetic_track_0,0.39402161233974226,64.64490489670924
56.790605,684,648.757528,synthetic_track_0,0.37662417218443683,61.790604957151146
57.092715,678,649.908767,synthetic_track_0,0.3784655824297354,62.09271475634792
53.642435,690,652.474411,synthetic_track_0,0.3574355459918959,58.64243522110696
52.843247,708,653.67501,synthetic_track_0,0.35256435982221923,57.843247164383314
69.060427,887,656.478694,synthetic_track_0,0.4514108113160838,74.06042727857562
71.350654,1064,658.182775,synthetic_track_0,0.46537012903167413,76.35065384962269
71.039062,845,659.466789,synthetic_track_0,0.4634709271251575,76.03906249833265
122.813698,1577,663.410553,synthetic_track_0,0.77904607240512,127.8136977353418
76.225023,987,666.254552,synthetic_track_0,0.4950802347654928,81.22502342602515
72.691564,861,667.685966,synthetic_track_0,0.4735432023218633,77.69156391397355
70.867888,903,670.431818,synthetic_track_0,0.46242759129465966,75.86788826974819
72.738903,988,671.949695,synthetic_track_0,0.473831739722187,77.73890261880324
99.4239,1196,675.227883,synthetic_track_0,0.636481308036683,104.42390046129566
57.886886,642,676.200444,synthetic_track_0,0.3833061898779847,62.886885934614575
151.703645,1823,680.485336,synthetic_track_0,0.9551351788344036,156.7036448396961
69.803669,833,681.845966,synthetic_track_0,0.4559409948852781,74.80366896081789
56.546644,671,684.304549,synthetic_track_0,0.3751371861423246,61.54664353913584
71.639062,938,685.784477,synthetic_track_0,0.46712802846111817,76.63906249999998
101.126991,1319,689.131233,synthetic_track_0,0.6468619308913746,106.12699073907343
56.327646,697,690.227774,synthetic_track_0,0.37380235744274676,61.327645718622364
56.431687,689,691.238142,synthetic_track_0,0.37443650859727384,61.43168732393206
70.881385,917,694.058057,synthetic_track_0,0.46250985664063415,75.88138508134499
271.024496,2919,700.250909,synthetic_track_0,1.6824159171007158,276.02449599619536
71.230514,941,703.169967,synthetic_track_0,0.4646378557802585,76.23051390497582
69.020919,952,704.739229,synthetic_track_0,0.45117000412017105,74.02091939933574
57.595892,683,705.773071,synthetic_track_0,0.3815325305645641,62.595891648909316
46.344862,558,708.066125,synthetic_track_0,0.3129556074617957,51.34486243311859
57.714373,696,709.194341,synthetic_track_0,0.38225469230802633,62.714372655443306
67.432882,897,712.139932,synthetic_track_0,0.4414906475278871,72.43288192429995
71.406759,897,713.644346,synthetic_track_0,0.4657121008555007,76.40675923911478
70.271366,945,715.190958,synthetic_track_0,0.45879168561903966,75.27136572059625
71.366876,1058,718.487431,synthetic_track_0,0.4654690050694656,76.36687588379395
47.795705,579,719.415154,synthetic_track_0,0.3217987382531784,52.7957050546781
73.358302,1215,722.770639,synthetic_track_0,0.4776070859243148,78.35830238913428
118.5937,1473,726.326311,synthetic_track_0,0.7533244761073857,123.59370041949693
68.706664,930,727.785243,synthetic_track_0,0.449254563875506,73.70666391543874
71.897609,1022,729.388557,synthetic_track_0,0.46870391369258785,76.89760910690195
49.37879,907,732.231736,synthetic_track_0,0.3314479093277202,54.37879016196911
71.306759,1051,734.156472,synthetic_track_0,0.4651025842163178,76.30675927987659
69.876351,912,737.410974,synthetic_track_0,0.4563840059015488,74.87635128107173
46.403107,3000,743.547563,synthetic_track_0,0.2828347728988168,46.40310689293173
27.012645,390,745.539926,synthetic_track_0,0.1951224777275784,32.01264504504774
45.85953,3000,751.850636,synthetic_track_0,0.27952158123554915,45.859530212696654
67.141062,2332,757.303516,synthetic_track_0,0.43971195483547015,72.14106184047516
72.749642,920,760.186211,synthetic_track_0,0.47389719534027736,77.74964155309996
52.859206,3000,766.109982,synthetic_track_0,0.32218578658998503,52.85920589356539
45.447055,3000,773.336308,synthetic_track_0,0.27700747813893034,45.44705548925101
51.566667,1191,775.260928,synthetic_track_0,0.3447833904803619,56.56666738460496
56.11125,2065,779.783024,synthetic_track_0,0.37248338886137894,61.11124997830254
154.253769,2690,785.194317,synthetic_track_0,0.9706786187865124,159.25376941663276
54.403397,667,787.556731,synthetic_track_0,0.3620737389397692,59.40339739327665
24.139429,345,788.11067,synthetic_track_0,0.17760974127923188,29.139429092598053
66.442145,2983,794.103183,synthetic_track_0,0.43545194138140186,71.44214544611378
25.051296,351,796.223675,synthetic_track_0,0.18316772261116723,30.05129576023365
23.604744,327,796.771009,synthetic_track_0,0.1743507474781666,28.60474435010942
24.617277,435,797.595878,synthetic_track_0,0.18052230569631766,29.61727711882689
35.089947,413,798.296985,synthetic_track_0,0.24435499873644953,40.08994725074379
55.683755,680,799.478669,synthetic_track_0,0.3698777362197707,60.68375523706133
35.069449,409,801.624321,synthetic_track_0,0.24423005985974752,40.06944923350473
71.41177,821,803.039005,synthetic_track_0,0.4657426433163496,76.41177016850305
46.129589,3000,810.914586,synthetic_track_0,0.2811676353702599,46.12958903602196
44.316241,536,811.838586,synthetic_track_0,0.30059081757335904,49.3162410545619
44.757315,563,812.745912,synthetic_track_0,0.30327923649676886,49.75731479311736
38.291617,431,813.478662,synthetic_track_0,0.26386971396848785,43.29161657738402
57.392026,647,815.94575,synthetic_track_0,0.38028993427685426,62.39202588031096
32.63374,396,816.539991,synthetic_track_0,0.22938400370723794,37.633740485521955
66.805293,837,817.796183,synthetic_track_0,0.4376653850964803,71.8052926796013
45.590372,3000,825.791458,synthetic_track_0,0.2778810143329565,45.59037164861427
57.528202,675,827.03751,synthetic_track_0,0.3811199519843147,62.52820220689047
67.639478,710,828.449553,synthetic_track_0,0.44274988834582696,72.63947846715047
46.11799,3000,835.989001,synthetic_track_0,0.2810969363572453,46.11798984747624
40.358672,443,836.766005,synthetic_track_0,0.27646876875071175,45.358672476548826
47.238421,3000,843.182625,synthetic_track_0,0.28792615150213613,47.23842068105188
36.009848,429,845.175932,synthetic_track_0,0.24996194713394354,41.0098476688057
57.61434,595,846.101961,synthetic_track_0,0.3816449780238199,62.6143402697002
74.23239,816,847.350444,synthetic_track_0,0.48293479459565897,79.23238951935863
52.136298,549,849.545969,synthetic_track_0,0.34825538543021717,57.13629802492051
46.041267,3000,855.968511,synthetic_track_0,0.28062929842112677,46.041267127301154
56.383733,639,857.073547,synthetic_track_0,0.37414422022362104,61.38373321805193
56.806026,759,859.750261,synthetic_track_0,0.37671816359261223,61.806025597675216
57.404373,616,860.725291,synthetic_track_0,0.38036519239530076,62.40437305558591
45.39405,3000,868.218727,synthetic_track_0,0.27668440313621995,45.39405039468094
43.101506,3000,874.465071,synthetic_track_0,0.2627109604923354,43.101506426268706
44.357315,528,875.34458,synthetic_track_0,0.30084116906832375,49.357314813147475
67.615647,883,878.416879,synthetic_track_0,0.442604632338344,72.61564713278875
45.750614,3000,884.778429,synthetic_track_0,0.27885771903228546,45.7506140830974
42.579753,3000,892.763057,synthetic_track_0,0.2595307872925495,42.57975333553226
57.80123,1049,894.41615,synthetic_track_0,0.3827841047532348,62.80123037111127
71.279527,826,897.23879,synthetic_track_0,0.46493659677946597,76.27952665675824
56.188743,826,898.550788,synthetic_track_0,0.37295572423264817,61.188743380184064
67.032604,936,900.018196,synthetic_track_0,0.43905088444054796,72.03260374713349
42.735957,538,902.269334,synthetic_track_0,0.29095871653985306,47.73595653268242
45.592708,519,903.14943,synthetic_track_0,0.3083711011233138,50.5927083203285
44.357315,565,904.124382,synthetic_track_0,0.30084116906832375,49.357314813147475
56.378947,859,906.945998,synthetic_track_0,0.37411504586969346,61.37894674625443
37.022274,488,907.812918,synthetic_track_0,0.25613285600136676,42.02227390220954
55.978947,750,909.077745,synthetic_track_0,0.37167697852409415,60.97894677987659
42.046508,3000,916.659796,synthetic_track_0,0.25628056874115884,42.046508298792986
43.079479,3000,922.698414,synthetic_track_0,0.26257670252938453,43.07947947907907
39.677434,3000,930.63954,synthetic_track_0,0.24184066168831658,39.67743414419196
72.027109,886,932.347097,synthetic_track_0,0.4694932395052958,77.02710934368345
45.558971,502,933.344508,synthetic_track_0,0.3081654686589588,50.55897136102068
44.195162,569,936.196135,synthetic_track_0,0.2998528223684299,49.19516234125585
71.506759,908,937.903167,synthetic_track_0,0.4663216177399697,76.50675923859568
44.133229,573,939.089686,synthetic_track_0,0.29947532653463677,49.13322872769198
40.042936,456,941.847532,synthetic_track_0,0.27454430456524986,45.04293648555187
57.381136,696,943.16347,synthetic_track_0,0.3802235594350546,62.38113613416177
39.036379,499,944.216198,synthetic_track_0,0.26840916841816514,44.03637928072859
57.71434,695,945.64474,synthetic_track_0,0.38225449490973995,62.71434026941916
71.539062,1011,949.121606,synthetic_track_0,0.46651851150445506,76.5390624886746
57.346644,763,950.627921,synthetic_track_0,0.38001332104869245,62.34664350719312
56.646643,732,953.580665,synthetic_track_0,0.3757467027815075,61.64664349837403
67.724726,916,955.111711,synthetic_track_0,0.44326948347774897,72.72472551156622
57.03622,666,956.267137,synthetic_track_0,0.3781212395168353,62.036220355637006
45.964015,3000,964.988199,synthetic_track_0,0.2801584324984213,45.96401480956243
58.029251,708,966.281636,synthetic_track_0,0.3841739291806558,63.02925103068941
45.649605,586,969.012423,synthetic_track_0,0.3087178937935901,50.649604638923215
49.298777,626,970.072212,synthetic_track_0,0.330960212601899,54.29877650923585
50.160066,652,971.13136,synthetic_track_0,0.33620991797467675,55.16006607795713
44.878983,589,971.954394,synthetic_track_0,0.30402082459877455,49.87898297279415
55.443943,727,974.365826,synthetic_track_0,0.3684160420085144,60.44394330716836
47.868241,639,975.351757,synthetic_track_0,0.32224085498465904,52.868240654667396
71.456576,967,978.079729,synthetic_track_0,0.46601574525228273,76.45657646369754
45.087319,3000,983.768422,synthetic_track_0,0.2748148216839909,45.08731870435988
45.192708,604,984.622838,synthetic_track_0,0.3059330337777145,50.192708353950664
23.42654,403,986.309102,synthetic_track_0,0.17326456320070585,28.426540218361932
43.792932,3000,991.998919,synthetic_track_0,0.26692531850266654,43.79293238932892
42.388816,3000,998.508982,synthetic_track_0,0.2583669894543834,42.38881558437566
44.354851,3000,1007.394634,synthetic_track_0,0.2703503066624464,44.35485089056691
46.68622,611,1008.491057,synthetic_track_0,0.3150362382445745,51.68621979744999
71.339062,2678,1015.866038,synthetic_track_0,0.4652994777472721,76.33906249164139
56.18328,707,1017.069712,synthetic_track_0,0.3729224255744907,61.18328025703964
33.805349,415,1017.730338,synthetic_track_0,0.23652515543453564,38.80534899583404
44.764186,520,1018.577722,synthetic_track_0,0.30332111742187845,49.76418596042369
47.393534,521,1020.945912,synthetic_track_0,0.3193474353559538,52.39353360595189
59.014948,625,1022.076162,synthetic_track_0,0.3901819168887281,64.01494770784034
149.867571,1724,1026.31695,synthetic_track_0,0.9439440010280693,154.86757137997722
46.853732,515,1027.218663,synthetic_track_0,0.3160572514371354,51.85373167665746
47.299416,519,1028.170958,synthetic_track_0,0.3187737743053442,52.29941627101843
46.560405,480,1028.961509,synthetic_track_0,0.31426937630231283,51.5604050812672
46.428102,501,1031.214569,synthetic_track_0,0.3134629656533584,51.428101831707366
45.918697,467,1031.919924,synthetic_track_0,0.31035805828192276,50.91869718116631
54.928926,712,1033.048764,synthetic_track_0,0.3652769240484297,59.92892591818754
52.969676,587,1035.33485,synthetic_track_0,0.35333496195091746,57.96967551187189
59.820816,675,1036.38883,synthetic_track_0,0.39509381885031225,64.82081577503351
44.825012,481,1037.159792,synthetic_track_0,0.3036918596831359,49.825011553410484
46.889242,518,1037.981375,synthetic_track_0,0.3162736958654014,51.889242493938745
45.760172,550,1040.39046,synthetic_track_0,0.3093918185175569,50.76017166957333
71.339062,813,1041.809848,synthetic_track_0,0.46529947774727204,76.33906249164137
47.563495,605,1042.709147,synthetic_track_0,0.3203833808898194,52.56349535022588
47.639558,463,1044.579814,synthetic_track_0,0.3208469927037401,52.63955752722661
48.063495,556,1045.408029,synthetic_track_0,0.3234309653998213,53.06349536201175
47.393056,512,1046.188493,synthetic_track_0,0.3193445245683536,52.393056049437995
45.760405,495,1046.896764,synthetic_track_0,0.30939324139594504,50.76040511320992
58.164039,631,1049.05176,synthetic_track_0,0.38499548346932916,63.164038811855534
52.790867,592,1049.803733,synthetic_track_0,0.35224509598360587,57.790867346023695
43.451443,516,1050.475991,synthetic_track_0,0.2953197259078154,48.451442757337794
45.192708,474,1051.133373,synthetic_track_0,0.3059330337777145,50.192708353950664
47.863495,560,1053.183014,synthetic_track_0,0.32221193159623585,52.86349535736554
47.028102,523,1053.84234,synthetic_track_0,0.31712006696969086,52.02810183015439
27.649786,380,1054.33202,synthetic_track_0,0.19900595937059487,32.649785987622366
42.657825,3000,1060.656142,synthetic_track_0,0.2600066468755027,42.65782493495932
46.679731,3000,1066.281193,synthetic_track_0,0.28452084131574656,46.67973063398629
44.657315,474,1066.957838,synthetic_track_0,0.3026697196904383,49.6573148064562
53.423774,576,1069.150798,synthetic_track_0,0.356102771436772,58.423774412495135
45.692948,493,1069.854662,synthetic_track_0,0.3089820768457966,50.69294766313907
47.778974,3000,1074.971365,synthetic_track_0,0.29122091544378403,47.778974028875055
45.937431,470,1076.838361,synthetic_track_0,0.31047224417693137,50.93743101731186
53.720983,593,1077.582727,synthetic_track_0,0.3579143060726653,58.72098268886106
48.363495,562,1078.354589,synthetic_track_0,0.32525951611366744,53.36349537037035
47.541384,558,1079.06342,synthetic_track_0,0.3202486056236098,52.541383532006535
42.77759,3000,1085.488914,synthetic_track_0,0.2607366333789893,42.777589705763525
48.880574,569,1086.191081,synthetic_track_0,0.32841120034368554,53.88057443642499
48.300331,464,1086.781423,synthetic_track_0,0.32487452026643376,53.30033127187773
42.132323,3000,1092.746783,synthetic_track_0,0.2568036245716706,42.132323120518926
45.992942,489,1093.348122,synthetic_track_0,0.31081059049077553,50.99294158981758
35.04448,428,1093.969329,synthetic_track_0,0.24407786904437415,40.04448014430289
36.269472,446,1094.500022,synthetic_track_0,0.2515444035096302,41.269472366298814
47.475893,461,1096.304795,synthetic_track_0,0.31984943229865515,52.475893414660526
47.228102,489,1096.89979,synthetic_track_0,0.3183391008772064,52.22810185185183
46.428102,466,1097.487666,synthetic_track_0,0.3134629656533584,51.428101831707366
46.782712,562,1098.258039,synthetic_track_0,0.31562437151874556,51.782711508525466
47.841792,511,1100.106907,synthetic_track_0,0.3220796470044687,52.84179217006242
53.861611,672,1100.974734,synthetic_track_0,0.35877145827462653,58.861610819000305
46.693562,452,1101.543144,synthetic_track_0,0.31508099115551436,51.69356215528254
46.86356,476,1102.116247,synthetic_track_0,0.31611715512292626,51.8635597367172
41.922412,405,1103.81584,synthetic_track_0,0.28600002655540374,46.922412218314726
35.073403,365,1104.229254,synthetic_track_0,0.24425416071907602,40.07340332564188
42.410293,3000,1109.120864,synthetic_track_0,0.2584978989676468,42.41029317029978
47.107242,527,1111.071501,synthetic_track_0,0.31760244033281787,52.1072421087774
58.290536,2641,1115.84116,synthetic_track_0,0.3857665061811336,63.290536162043594
59.189531,660,1116.745073,synthetic_track_0,0.39124602997558433,64.18953074375729
34.921945,431,1117.326254,synthetic_track_0,0.24333099654636667,39.921944983561424
29.992848,478,1119.234539,synthetic_track_0,0.2132873195465228,34.992848249832676
46.781468,3000,1124.41471,synthetic_track_0,0.2851409490380497,46.78146821253169
23.141757,353,1124.923197,synthetic_track_0,0.17152876336700437,28.14175732408606
39.540273,3000,1131.439536,synthetic_track_0,0.24100464313640646,39.54027329288943
40.949995,528,1132.12808,synthetic_track_0,0.2800729807971596,45.94999523061466
47.737077,508,1132.828232,synthetic_track_0,0.3214413929040766,52.73707741755233
49.069484,524,1133.491129,synthetic_track_0,0.3295626372062311,54.06948419198845
27.505064,400,1135.21693,synthetic_track_0,0.1981238535495082,32.50506385785296
38.50695,419,1135.716816,synthetic_track_0,0.26518221035023837,43.50695046039544
26.302601,371,1136.171073,synthetic_track_0,0.1907946421024452,31.302601449383012
59.106575,751,1137.187184,synthetic_track_0,0.3907403986871602,64.10657466843217
53.274206,625,1139.243324,synthetic_track_0,0.35519112707200934,58.274206060369096
29.268345,432,1139.783092,synthetic_track_0,0.20887134823176223,34.26834472837825
47.353022,510,1140.423121,synthetic_track_0,0.3191005093758869,52.35302185228649
46.623488,466,1140.992301,synthetic_track_0,0.31465387596428623,51.623487773441084
47.374864,522,1142.871248,synthetic_track_0,0.31923364259200776,52.37486426860376
41.226166,448,1143.436128,synthetic_track_0,0.28175629102118466,46.22616645050686
58.449982,683,1144.300191,synthetic_track_0,0.3867383566456488,63.449982189583416
47.863495,632,1146.183232,synthetic_track_0,0.32221193159623585,52.86349535736554
24.67332,377,1146.623049,synthetic_track_0,0.18086389936027153,29.6733204657603
47.682257,525,1147.2571,synthetic_track_0,0.32110725560286346,52.68225739402341
54.220605,589,1148.10483,synthetic_track_0,0.3609595904826128,59.220605336196314
41.899243,512,1149.928736,synthetic_track_0,0.285858807284452,46.89924316856122
45.328156,3000,1155.227783,synthetic_track_0,0.27628276870289226,45.32815649715705
47.195799,512,1155.85365,synthetic_track_0,0.3181422071594762,52.19579860944376
47.802483,568,1157.837049,synthetic_track_0,0.3218400523355939,52.802483223298815
47.182474,552,1158.641104,synthetic_track_0,0.3180609883948747,52.18247350455341
42.641426,3000,1164.113094,synthetic_track_0,0.2599066910257573,42.64142574212751
71.586449,1128,1166.704839,synthetic_track_0,0.46680733870142666,76.58644873880677
45.492708,547,1167.450691,synthetic_track_0,0.30776158430478473,50.492708331665995
48.123061,649,1168.444824,synthetic_track_0,0.3237940295778416,53.123061255162014
58.380085,729,1170.876984,synthetic_track_0,0.3863123184553734,63.380084505217376
72.172528,1024,1172.470187,synthetic_track_0,0.47037958889744924,77.17252769223741
45.715824,3000,1179.184863,synthetic_track_0,0.27864566829391907,45.71582411375138
71.334358,1019,1180.496003,synthetic_track_0,0.4652708017119757,76.33435777617275
53.557906,743,1182.797072,synthetic_track_0,0.3569203246417143,58.55790575840701
54.981505,741,1183.770247,synthetic_track_0,0.3655973994332344,59.98150450810146
57.782037,734,1184.769764,synthetic_track_0,0.38266711801796843,62.78203701689254
47.345277,618,1186.712617,synthetic_track_0,0.3190533006913097,52.34527658951608
49.912169,758,1187.625672,synthetic_track_0,0.3346989433511404,54.91216898860756
45.392708,612,1188.475999,synthetic_track_0,0.30715206730136646,50.392708312669754
69.135972,920,1190.902322,synthetic_track_0,0.45187127038257846,74.13597220207771
45.158578,3000,1195.84585,synthetic_track_0,0.27524916208779576,45.15857848610138
58.582037,1815,1199.191785,synthetic_track_0,0.3875432532418165,63.58203703703701
54.79508,1020,1201.767172,synthetic_track_0,0.36446111024447375,59.79507994599076
47.652524,615,1202.599237,synthetic_track_0,0.3209260228132127,52.652523551807064
58.182037,810,1203.634783,synthetic_track_0,0.3851051856420504,63.18203702895945
43.969983,3000,1209.601316,synthetic_track_0,0.2680044688409105,43.96998250231835
46.792634,1869,1213.033095,synthetic_track_0,0.31568484822892645,51.79263358146683
70.536759,909,1214.190008,synthetic_track_0,0.460409300089329,75.53675860849
43.789618,561,1214.923021,synthetic_track_0,0.2973809614500932,48.78961805388821
54.319184,718,1217.016828,synthetic_track_0,0.3615604468869761,59.31918445952408
57.997236,766,1217.996825,synthetic_track_0,0.38397879339653435,62.99723620253933
45.348083,532,1218.702178,synthetic_track_0,0.30688006731756856,50.34808280855055
46.98256,619,1220.870963,synthetic_track_0,0.316842479272836,51.98255958145103
44.725012,604,1221.740862,synthetic_track_0,0.30308234279866686,49.72501155392958
48.70015,1149,1223.506869,synthetic_track_0,0.3273114834947803,53.700150091961646
53.996167,628,1226.050172,synthetic_track_0,0.3595915994488861,58.99616675845007
44.073182,3000,1232.075911,synthetic_track_0,0.2686334878800802,44.07318211039032
40.306811,3000,1240.219673,synthetic_track_0,0.24567682026762414,40.30681105845677
53.628131,809,1241.679312,synthetic_track_0,0.3573483604044525,58.628131173227004
31.226189,930,1244.551047,synthetic_track_0,0.2208047381607362,36.226188747321835
2.376242,3000,1251.266809,synthetic_track_0,0.014483599127080374,2.376242466935701
2.846765,3000,1257.060163,synthetic_track_0,0.01735151492671871,2.8467652461773985
42.898592,3000,1264.474805,synthetic_track_0,0.2614741654011835,42.89859242728915
49.94293,639,1265.492098,synthetic_track_0,0.3348864385867284,54.94293027502837
72.106759,1519,1269.493104,synthetic_track_0,0.46997871912268563,77.10675924793387
44.457315,470,1270.262998,synthetic_track_0,0.3014506858868528,49.457314801809986
2.756309,3000,1277.420494,synthetic_track_0,0.016800168255438067,2.7563089056776735
45.751357,617,1278.436802,synthetic_track_0,0.30933809291953884,50.751357213549525
23.597383,419,1279.090881,synthetic_track_0,0.1743058792567345,28.597383073934395
37.581238,503,1279.861297,synthetic_track_0,0.25953983586219054,42.581237883347846
46.684104,3000,1287.408813,synthetic_track_0,0.2845475005424024,46.68410446302971
44.670566,670,1288.533925,synthetic_track_0,0.30275048722039355,49.67056587982168
56.878947,767,1291.361694,synthetic_track_0,0.37716263038712505,61.87894675925924
45.863267,561,1292.305858,synthetic_track_0,0.31002020018337817,50.863266707392796
39.591367,3000,1297.881832,synthetic_track_0,0.24131606521661964,39.59136655815113
42.789504,3000,1304.088016,synthetic_track_0,0.26080925317592846,42.789504026500595
39.552112,3000,1308.931853,synthetic_track_0,0.24107680135765192,39.55211188550426
39.531593,3000,1315.044555,synthetic_track_0,0.24095173512471943,39.531592973646354
42.068089,3000,1319.738315,synthetic_track_0,0.25641210859080527,42.06808930045436
41.787536,3000,1325.778301,synthetic_track_0,0.2547020880701592,41.78753587275743
44.337354,3000,1330.34708,synthetic_track_0,0.27024365925678306,44.337353851874916
43.608882,3000,1336.137554,synthetic_track_0,0.2658035032035181,43.60888247669977
43.343015,3000,1340.722854,synthetic_track_0,0.2641829934003453,43.34301456786038
43.972384,3000,1346.758939,synthetic_track_0,0.2680191091569383,43.9723844564438
39.887312,3000,1351.76243,synthetic_track_0,0.24311990480758186,39.88731235187101
44.498417,3000,1356.646172,synthetic_track_0,0.2712253670853952,44.49841712157767
43.987374,3000,1363.565899,synthetic_track_0,0.2681104747132343,43.98737428825155
44.67401,3000,1368.779876,synthetic_track_0,0.2722956350033842,44.67400994594473
45.989888,3000,1374.968135,synthetic_track_0,0.28031613638430664,45.98988839716683
46.462218,3000,1380.097932,synthetic_track_0,0.2831950635573595,46.46221775037522
45.895532,3000,1385.885955,synthetic_track_0,0.27974101644614474,45.89553171077618
45.68368,3000,1390.552202,synthetic_track_0,0.2784497452846403,45.6836801300072
45.497914,3000,1396.402208,synthetic_track_0,0.2773174717121571,45.49791438742371
45.617425,3000,1401.206933,synthetic_track_0,0.27804590951575897,45.61742507176762
44.479713,3000,1407.352002,synthetic_track_0,0.2711113624233604,44.479713019304555
1.194279,3000,1412.048916,synthetic_track_0,0.007279334803402537,1.194279428691631
46.540777,3000,1417.585823,synthetic_track_0,0.2836738927350367,46.54077655446949
1.001919,3000,1422.544831,synthetic_track_0,0.006106866349180362,1.0019191384336659
28.324086,1801,1426.589059,synthetic_track_0,0.20311592893073577,33.32408552608167
26.406021,594,1427.359611,synthetic_track_0,0.19142500128063025,31.40602092650906
47.091909,3000,1433.069373,synthetic_track_0,0.2870331390757353,47.091909166027456
46.080254,3000,1437.733124,synthetic_track_0,0.2808669283690237,46.08025373336875
29.14265,594,1438.434538,synthetic_track_0,0.208105220146612,34.14265041199509
25.057587,570,1440.174863,synthetic_track_0,0.18320606769128484,30.057586821383165
27.970287,502,1440.753862,synthetic_track_0,0.2009594669200873,32.970286959642785
28.639159,634,1441.541613,synthetic_track_0,0.20503635285134375,33.6391586535984
28.047788,643,1443.315092,synthetic_track_0,0.20143184674040915,33.047787654029825
16.061686,315,1443.748444,synthetic_track_0,0.1283745316273494,21.061685776398605
32.610285,417,1444.232222,synthetic_track_0,0.22924103637930393,37.6102846419129
26.053503,585,1444.901332,synthetic_track_0,0.18927634746380648,31.0535034064174
9.064012,237,1445.163875,synthetic_track_0,0.08572252947914985,14.064012206789451
46.518063,3000,1450.680413,synthetic_track_0,0.28353545065959596,46.51806314352885
22.175374,337,1451.056114,synthetic_track_0,0.16563849389794064,27.175374014849478
46.249634,3000,1455.499878,synthetic_track_0,0.28189932792848216,46.24963370960988
46.319462,3000,1460.740437,synthetic_track_0,0.28232494466428,46.31946224831545
25.953558,701,1461.513547,synthetic_track_0,0.1886671616355929,30.95355772147022
27.690262,614,1463.341196,synthetic_track_0,0.1992526649283711,32.69026157784502
18.929082,357,1463.769065,synthetic_track_0,0.1458517944543681,23.929081771756444
27.546109,697,1464.602331,synthetic_track_0,0.1983740307515647,32.546109021183554
21.159835,308,1464.928361,synthetic_track_0,0.15944861295144716,26.1598351393753
27.255276,626,1466.698264,synthetic_track_0,0.19660135592394962,32.25527625451501
25.524852,684,1467.386823,synthetic_track_0,0.18605412729888435,30.524851907123384
26.517912,827,1468.200019,synthetic_track_0,0.19210699364770412,31.517911569887673
25.738003,563,1469.73008,synthetic_track_0,0.1873533162446863,30.738002514130713
25.885351,565,1470.321929,synthetic_track_0,0.18825142853253413,30.8853507346756
37.309555,383,1470.803457,synthetic_track_0,0.2578838816031315,42.30955480242621
17.262518,282,1471.088447,synthetic_track_0,0.13569380807863451,22.262518206113338
27.573622,343,1471.437186,synthetic_track_0,0.19854172944085965,32.57362239984418
26.014398,725,1473.160794,synthetic_track_0,0.18903799091357193,31.01439759080002
19.978518,411,1473.560842,synthetic_track_0,0.15224828534891957,24.978517976779653
26.886345,642,1474.288852,synthetic_track_0,0.19435265620538428,31.88634476726813
25.962578,639,1474.874642,synthetic_track_0,0.18872214144441166,30.96257794879029
26.294185,554,1476.46628,synthetic_track_0,0.1907433437943347,31.294185225132075
46.408355,3000,1480.514616,synthetic_track_0,0.28286675942728745,46.40835474235471
21.60212,304,1480.860453,synthetic_track_0,0.16214441682885808,26.602120485705864
47.183816,3000,1486.379973,synthetic_track_0,0.28759332765651957,47.18381614877894
18.063563,350,1486.73983,synthetic_track_0,0.14057630978073246,23.0635627384574
15.565015,261,1487.001325,synthetic_track_0,0.12534724217339924,20.565015460059005
46.573027,3000,1492.199745,synthetic_track_0,0.2838704618769316,46.57302654554985
37.307239,445,1492.632787,synthetic_track_0,0.2578697647735957,42.30723873377869
46.883912,3000,1496.821778,synthetic_track_0,0.2857653605490177,46.88391188942354
46.262297,3000,1502.119087,synthetic_track_0,0.2819765141298776,46.26229721458596
25.957286,345,1502.517876,synthetic_track_0,0.1886898868684658,30.95728612232899
46.087525,3000,1506.812752,synthetic_track_0,0.2809112494196847,46.087525238319685
46.397019,3000,1511.895028,synthetic_track_0,0.2827976632268549,46.39701851823451
26.629988,765,1512.681914,synthetic_track_0,0.19279011872412166,31.629988050503393
28.127607,532,1513.265888,synthetic_track_0,0.20191835748443,33.12760672941429
26.485276,639,1514.957853,synthetic_track_0,0.19190807167355325,31.48527556288164
50.520938,2154,1518.381262,synthetic_track_0,0.3384094944364473,55.52093818936201
46.586502,3000,1522.934882,synthetic_track_0,0.28395259423790464,46.58650153904708
27.051558,1674,1526.814779,synthetic_track_0,0.19535965981463432,32.05155817311167
46.63441,3000,1536.46719,synthetic_track_0,0.2842446021302707,46.63440962794352
46.335848,3000,1543.307143,synthetic_track_0,0.2824248192249322,46.33584810450395
45.827197,3000,1552.355999,synthetic_track_0,0.27932450519465485,45.827197057554784
46.019823,3000,1559.46901,synthetic_track_0,0.28049859175417335,46.019822821227706
47.866451,540,1560.462154,synthetic_track_0,0.32222994955906614,52.86645146296259
28.767386,355,1561.048805,synthetic_track_0,0.2058179179933951,33.767385640890986
9.202417,198,1562.926758,synthetic_track_0,0.08656613064508022,14.20241709483224
46.402814,3000,1568.990522,synthetic_track_0,0.2828329854807367,46.40281364132273
45.984336,3000,1575.39982,synthetic_track_0,0.28028229092952434,45.98433556418237
27.801983,376,1577.449787,synthetic_track_0,0.1999336235976561,32.80198262825421
47.315852,469,1578.257491,synthetic_track_0,0.3188739546914499,52.3158523022652
34.377028,401,1578.992794,synthetic_track_0,0.24000963575207804,39.37702804004789
47.306149,524,1579.879877,synthetic_track_0,0.31881481317691807,52.30614928734767
47.095799,470,1582.189289,synthetic_track_0,0.31753269015605784,52.095798590447515
6.826186,170,1582.470347,synthetic_track_0,0.07208260281605378,11.826186325366352
10.562569,207,1582.794918,synthetic_track_0,0.09485648590120299,15.562568950233231
45.705364,3000,1589.354725,synthetic_track_0,0.27858191430207885,45.7053643556817
30.744976,389,1590.113921,synthetic_track_0,0.21787166657924198,35.74497622622427
47.64232,519,1592.481427,synthetic_track_0,0.3208638275877238,52.642319531746125
45.947168,3000,1598.087799,synthetic_track_0,0.2800557470673709,45.94716778971214
45.687075,3000,1605.791663,synthetic_track_0,0.27847043524383963,45.687074614986884
46.949982,540,1606.822412,synthetic_track_0,0.3166439111293446,51.949981625446796
71.715569,2507,1613.067065,synthetic_track_0,0.46759434920859605,76.71556911645958
46.748567,3000,1621.066744,synthetic_track_0,0.28494040925743097,46.748566781137804
11.790424,226,1621.501334,synthetic_track_0,0.1023404709236789,16.790424186786087
40.300458,464,1622.444961,synthetic_track_0,0.27611394448070264,45.30045845865885
46.75163,449,1623.108726,synthetic_track_0,0.31543492617405944,51.75163027869739
46.468333,3000,1630.961076,synthetic_track_0,0.2832323395189038,46.46833340726686
9.767999,201,1631.251606,synthetic_track_0,0.09001345078714419,14.767999478521599
26.950695,355,1631.79403,synthetic_track_0,0.19474488389570707,31.950695353491586
49.852056,658,1632.834887,synthetic_track_0,0.33433254230644793,54.852055634551796
47.587661,564,1633.749761,synthetic_track_0,0.3205306775510319,52.58766148314215
12.069556,230,1635.332876,synthetic_track_0,0.10404182699092655,17.069556086454146
38.764255,435,1635.952472,synthetic_track_0,0.2667505279555543,43.764255489531934
52.44843,2994,1641.188709,synthetic_track_0,0.35015788293735,57.44843006682684
11.3695,220,1641.519367,synthetic_track_0,0.09977486880923342,16.369500309777738
47.056887,481,1643.40715,synthetic_track_0,0.31729551656367116,52.05688685605608
31.809892,376,1643.927996,synthetic_track_0,0.22436250555800077,36.809891589597584
47.123021,491,1644.621037,synthetic_track_0,0.3176986148273866,52.12302091598029
28.401157,352,1645.149498,synthetic_track_0,0.20358569025355594,33.40115661834368
54.231092,961,1647.966941,synthetic_track_0,0.36102351133423355,59.23109247000962
32.866082,348,1648.463133,synthetic_track_0,0.23080016607972081,37.86608226328342
46.160405,442,1649.146988,synthetic_track_0,0.3118313087415443,51.160405079587754
30.446684,386,1649.649516,synthetic_track_0,0.2160535229196055,35.44668364458686
47.996452,500,1650.342461,synthetic_track_0,0.32302232375746626,52.99645183120131
46.103372,3000,1657.221148,synthetic_track_0,0.2810078366354129,46.10337175835677
53.466319,1346,1660.287124,synthetic_track_0,0.3563620879620801,58.46631901307464
39.071791,532,1660.988856,synthetic_track_0,0.26862500860822636,44.071790964053626
52.580592,1491,1664.521279,synthetic_track_0,0.3509634292082615,57.580591502753535
33.475179,398,1665.040115,synthetic_track_0,0.23451271390533104,38.47517905796412
46.403865,510,1665.739838,synthetic_track_0,0.31331523943792233,51.403865224250964
53.202864,1636,1669.278774,synthetic_track_0,0.35475628676798465,58.202864262816384
46.953004,3000,1674.823537,synthetic_track_0,0.28618648843574995,46.953003967965884
26.649834,349,1675.326755,synthetic_track_0,0.19291108204987104,31.64983382150723
46.507923,446,1677.328187,synthetic_track_0,0.3139494905513265,51.507923229250174
52.881823,829,1678.621091,synthetic_track_0,0.3527994863314206,57.88182304537563
47.12523,461,1679.328049,synthetic_track_0,0.317712081336925,52.125230290291604
45.822927,3000,1685.832826,synthetic_track_0,0.27929847944738756,45.82292715990382
54.170483,2585,1691.040514,synthetic_track_0,0.3606540842036679,59.17048264310223
49.023843,607,1692.030237,synthetic_track_0,0.329284449040227,54.02384342769653
46.979015,507,1693.930309,synthetic_track_0,0.3168208759474477,51.97901524562922
46.428102,481,1694.628806,synthetic_track_0,0.31346296565335835,51.42810183170736
9.194017,190,1694.883862,synthetic_track_0,0.08651493025023897,14.194016934659473
47.182655,514,1695.593642,synthetic_track_0,0.3180620921320236,52.18265458848583
47.595799,506,1696.355016,synthetic_track_0,0.3205802745879213,52.59579858941365
46.827746,498,1698.246378,synthetic_track_0,0.3158988668350713,51.8277464077867
46.928674,468,1698.861994,synthetic_track_0,0.3165140359486113,51.92867373663052
26.971324,517,1699.516076,synthetic_track_0,0.19487062126632804,31.971324375126944
26.996972,494,1700.18408,synthetic_track_0,0.19502694514896657,31.996971553377506
46.818912,493,1702.243022,synthetic_track_0,0.3158450179332184,51.81891172199776
12.282479,241,1702.5933,synthetic_track_0,0.10533962765345421,17.282478925650203
27.108251,480,1703.280869,synthetic_track_0,0.19570521387879106,32.10825128058219
46.476046,502,1704.039474,synthetic_track_0,0.313755192975466,51.47604592120461
47.738396,514,1704.867243,synthetic_track_0,0.3214494290333878,52.73839585998998
25.462867,460,1706.74473,synthetic_track_0,0.1856763163525853,30.462866594826917
47.228542,474,1707.451628,synthetic_track_0,0.3183417828128071,52.22854186190818
49.150282,596,1708.305201,synthetic_track_0,0.3300551140104084,54.150282085233016
27.249502,484,1708.985136,synthetic_track_0,0.196566162526455,32.249502272167895
47.371905,512,1710.899909,synthetic_track_0,0.3192156023046354,52.37190450034493
47.251654,444,1711.506448,synthetic_track_0,0.31848265378486545,52.25165376822555
46.928102,509,1712.311955,synthetic_track_0,0.3165105501633603,51.92810184349323
62.058755,2868,1717.504506,synthetic_track_0,0.40873443679222393,67.05875507067525
55.543553,2077,1722.718907,synthetic_track_0,0.3690231812431484,60.54355321904328
33.396441,393,1723.29604,synthetic_track_0,0.2340327923615923,38.396441035527616
47.017882,497,1724.022953,synthetic_track_0,0.3170577777754472,52.01788239316955
28.813827,377,1724.514816,synthetic_track_0,0.20610098784045278,33.81382731507608
33.242095,380,1725.026256,synthetic_track_0,0.23309202464577422,38.242094579357804
46.479218,484,1726.791102,synthetic_track_0,0.31377452504247105,51.47921762446621
48.766303,585,1727.536763,synthetic_track_0,0.3277146982946698,53.766303271319046
46.9941,489,1728.189878,synthetic_track_0,0.31691281945546024,51.99409989871728
70.204043,1139,1730.701311,synthetic_track_0,0.45838134386302737,75.20404326172135
46.765862,432,1731.220146,synthetic_track_0,0.31552167315127,51.76586236626882
52.280221,971,1732.41841,synthetic_track_0,0.3491326228571427,57.28022142470228
32.300461,414,1734.062658,synthetic_track_0,0.22735260953062164,37.300461093624385
47.128102,457,1734.811442,synthetic_track_0,0.31772958392054335,52.128101840526455
55.71125,1913,1738.471095,synthetic_track_0,0.37004532143293384,60.711249998332654
46.679356,491,1739.20352,synthetic_track_0,0.3149944001088038,51.679355650349294
52.21619,1206,1741.901369,synthetic_track_0,0.34874233989008274,57.216189898262456
46.891254,478,1742.496987,synthetic_track_0,0.31628595448300534,51.891253696229064
47.395799,509,1743.100286,synthetic_track_0,0.3193612408956708,52.39579860303353
46.499137,3000,1747.910558,synthetic_track_0,0.28342009167456833,46.49913684511641
27.654798,346,1749.684797,synthetic_track_0,0.19903650724926186,32.654797805881515
47.128782,496,1750.40308,synthetic_track_0,0.31773373021813955,52.128782100201015
30.578852,388,1750.914831,synthetic_track_0,0.21685911371706537,35.57885238573336
39.289417,382,1751.413623,synthetic_track_0,0.2699514759486077,44.289416983495435
37.934977,494,1752.053427,synthetic_track_0,0.26169593604686664,42.934977087039
52.490291,863,1754.198887,synthetic_track_0,0.3504130308587828,57.49029074806631
12.982552,240,1754.478009,synthetic_track_0,0.10960669084412016,17.98255193055686
46.998678,443,1755.094975,synthetic_track_0,0.31694072528791606,51.99867825134738
37.13146,396,1755.584099,synthetic_track_0,0.2567983615697854,42.131459649466365
38.28537,495,1757.434649,synthetic_track_0,0.263831641124434,43.285370180470935
25.626526,391,1757.880314,synthetic_track_0,0.18667384696201836,30.62652581898834
55.243553,992,1759.170024,synthetic_track_0,0.3671946306332324,60.2435532277359
26.023644,369,1760.757396,synthetic_track_0,0.18909435072559885,31.023644227467592
63.055398,1022,1762.334535,synthetic_track_0,0.414809142804199,68.05539784386657
54.943553,952,1763.631133,synthetic_track_0,0.365366079926816,59.94355322059626
71.007315,1147,1766.510569,synthetic_track_0,0.46327742161422963,76.00731513991585
101.726991,1305,1769.373228,synthetic_track_0,0.6505190322273352,106.72699074074076
47.312096,452,1769.991991,synthetic_track_0,0.3188510574620241,52.3120956829015
47.704251,526,1770.697742,synthetic_track_0,0.3212413113025348,52.704251157016905
31.808785,355,1771.118817,synthetic_track_0,0.22435575924677234,36.80878476034226
53.557846,897,1773.531566,synthetic_track_0,0.3569199589763522,58.55784576575225
52.614597,892,1774.622185,synthetic_track_0,0.3511706966620164,57.614596705555996
37.414741,419,1775.247737,synthetic_track_0,0.2585250082672211,42.41474084026994
47.111985,437,1777.018298,synthetic_track_0,0.31763134738812093,52.1119847263963
47.457475,463,1777.733577,synthetic_track_0,0.3197371686371329,52.45747494852775
52.471812,896,1778.917016,synthetic_track_0,0.3503004021319282,57.47181238772227
30.655006,367,1779.356924,synthetic_track_0,0.21732328499132425,35.655006350238175
29.246053,354,1781.163783,synthetic_track_0,0.20873547930552688,34.24605347952328
46.987275,441,1781.91623,synthetic_track_0,0.3168712222780903,51.98727528430315
46.816733,436,1782.476972,synthetic_track_0,0.3158317391626815,51.81673314896617
46.887036,494,1783.142298,synthetic_track_0,0.3162602487432156,51.887036300401114
30.172581,350,1783.574953,synthetic_track_0,0.21438281969347128,35.17258078377488
46.893068,459,1785.344874,synthetic_track_0,0.31629701165947605,51.893067784844995
52.378143,910,1786.652204,synthetic_track_0,0.3497294692724113,57.378142651722975
37.493985,434,1787.275143,synthetic_track_0,0.25900801623937625,42.49398523561899
32.656538,384,1789.186866,synthetic_track_0,0.22952296137317288,37.656538486488685
36.354063,395,1789.716052,synthetic_track_0,0.25205999705206755,41.35406289248417
52.900523,909,1790.922606,synthetic_track_0,0.352913468490568,57.900523455726855
56.883609,921,1793.262103,synthetic_track_0,0.3771910453380052,61.883608640079395
46.888873,465,1793.945025,synthetic_track_0,0.3162714448880316,51.888873188770106
52.676426,850,1795.254892,synthetic_track_0,0.3515475563040746,57.67642594272803
34.819513,419,1795.894999,synthetic_track_0,0.2427066561509699,39.81951297420048
47.095799,455,1797.92483,synthetic_track_0,0.3175326901560579,52.09579859044752
52.471697,1150,1799.575155,synthetic_track_0,0.35029969784723214,57.471696839702126
52.071772,565,1801.622773,synthetic_track_0,0.3478620871307333,57.07177178988685
38.409924,464,1802.32273,synthetic_track_0,0.26459081583274857,43.40992369551179
47.653903,482,1802.989663,synthetic_track_0,0.3209344334808823,52.65390344264196
45.977434,3000,1808.077825,synthetic_track_0,0.2802402237596193,45.97743384074229
47.097854,464,1810.063948,synthetic_track_0,0.31754521637981437,52.09785369737083
41.216968,446,1810.708073,synthetic_track_0,0.2817002234348822,46.216967757666666
56.01125,773,1811.824815,synthetic_track_0,0.3718738720550484,61.01124999164138
46.895799,447,1813.702089,synthetic_track_0,0.316313656632406,51.89579863172843
47.395799,480,1814.383714,synthetic_track_0,0.3193612408956708,52.39579860303353
59.061737,650,1815.268004,synthetic_track_0,0.390467103622066,64.06173668762486
31.99187,429,1815.902152,synthetic_track_0,0.22547169525294933,36.99187009051426
29.330769,389,1816.451727,synthetic_track_0,0.2092518360530724,34.33076922046866
59.917007,974,1819.065236,synthetic_track_0,0.3956801208344768,64.91700703668032
47.540235,541,1819.788139,synthetic_track_0,0.32024160292770243,52.54023463916214
27.435446,3000,1826.390511,synthetic_track_0,0.1672236786065842,27.43544633455163
29.06953,378,1826.922163,synthetic_track_0,0.2076595406035725,34.06953028159637
60.421312,900,1828.078619,synthetic_track_0,0.3987539422861588,65.42131159559399
36.962506,438,1829.906481,synthetic_track_0,0.25576856155751687,41.96250616627944
55.465647,922,1831.191859,synthetic_track_0,0.36854833245760016,60.465647455448725
55.603763,715,1832.158564,synthetic_track_0,0.3693901728120458,60.60376345707664
55.973582,804,1834.451677,synthetic_track_0,0.37164428100648744,60.973582282473785
33.406594,367,1834.948807,synthetic_track_0,0.23409467652794352,38.40659402186923
35.054313,474,1835.539116,synthetic_track_0,0.2441378041392839,40.05431335747972
35.82379,429,1836.136537,synthetic_track_0,0.24882789360117397,40.8237898981714
47.781864,501,1838.064144,synthetic_track_0,0.3217143777196321,52.78186449746666
55.354251,790,1839.112628,synthetic_track_0,0.3678693550124069,60.35425145330841
53.044229,890,1840.291915,synthetic_track_0,0.353789380905308,58.044229468228245
63.27836,917,1842.849845,synthetic_track_0,0.4161681367876109,68.27836032628267
48.999956,473,1843.494859,synthetic_track_0,0.32913885049052893,53.99995589436443
40.854977,456,1844.119411,synthetic_track_0,0.27949383025598584,45.854977265907756
47.449855,513,1846.066311,synthetic_track_0,0.3196907226060706,52.44985481002056
33.604044,404,1846.608019,synthetic_track_0,0.23529816954834537,38.60404433781954
47.629389,489,1847.323618,synthetic_track_0,0.32078501332440723,52.62938891982778
27.594109,341,1847.794928,synthetic_track_0,0.19866659761256897,32.594108816913646
47.547329,470,1848.452205,synthetic_track_0,0.32028484229917537,52.54732867910596
59.534987,830,1850.928448,synthetic_track_0,0.39335164305448345,64.53498681259174
47.800303,505,1851.659383,synthetic_track_0,0.32182676133519444,52.80030264378262
47.32208,466,1852.332924,synthetic_track_0,0.31891191240829303,52.32207981090577
30.584215,373,1852.873406,synthetic_track_0,0.21689179681396198,35.58421451721154
33.044997,391,1854.666112,synthetic_track_0,0.23189067997975674,38.0449967318014
62.944306,828,1855.752929,synthetic_track_0,0.4141320181048027,67.94430581128552
37.191316,425,1856.358789,synthetic_track_0,0.25716319519171715,42.1913158453051
28.647209,343,1856.821593,synthetic_track_0,0.20508542104493743,33.64720899553137
42.764677,3000,1863.259618,synthetic_track_0,0.26065792524786197,42.76467650635522
46.895799,489,1863.965038,synthetic_track_0,0.316313656632406,51.89579863172843
47.360606,456,1864.59104,synthetic_track_0,0.3191467334844724,52.36060558122385
47.910993,500,1866.553939,synthetic_track_0,0.3225014354185045,52.910992617596165
59.007142,804,1867.655128,synthetic_track_0,0.390134342294378,64.00714241231606
47.353878,470,1868.237,synthetic_track_0,0.3191057267669004,52.353877840220434
48.942027,620,1869.043466,synthetic_track_0,0.3287857663980828,53.9420273775981
54.988009,818,1871.376491,synthetic_track_0,0.3656370480690909,59.98800943629311
59.033562,882,1872.565118,synthetic_track_0,0.3902953770314664,64.03356247390184
47.713863,3000,1879.005307,synthetic_track_0,0.2908240555173505,47.71386345778413
59.242559,932,1880.295193,synthetic_track_0,0.3915692434517748,64.24255855689067
59.178464,974,1882.952028,synthetic_track_0,0.3911785756753945,64.17846389695477
38.873253,404,1883.517174,synthetic_track_0,0.26741488527495066,43.873252850044175
59.462278,841,1884.646867,synthetic_track_0,0.3929084735882801,64.4622784963506
47.688726,499,1886.594902,synthetic_track_0,0.3211466798633599,52.688725510214496
47.77328,462,1887.223756,synthetic_track_0,0.3216620531841526,52.773279905875974
39.634067,428,1887.871233,synthetic_track_0,0.2720521744633077,44.6340667474844
40.353296,435,1888.425239,synthetic_track_0,0.27643599837738847,45.35329602611929
47.979075,463,1889.020824,synthetic_track_0,0.32291640894796914,52.97907498543278
54.509841,749,1891.257052,synthetic_track_0,0.3627225288326644,59.50984069387407
47.495799,488,1891.90748,synthetic_track_0,0.3199707577815908,52.49579860275249
47.7732,513,1892.612927,synthetic_track_0,0.3216615668177647,52.77320011048429
55.690929,804,1894.925236,synthetic_track_0,0.36992146453963937,60.690929496012295
47.572788,496,1895.604201,synthetic_track_0,0.3204400238764063,52.5727884457473
37.046861,401,1896.129078,synthetic_track_0,0.2562827165346853,42.046860675170095
45.949902,431,1896.77636,synthetic_track_0,0.310548256435607,50.94990192012324
58.50726,917,1899.280939,synthetic_track_0,0.3870874717874827,63.50725954299517
31.649242,395,1899.786834,synthetic_track_0,0.22338331980792148,36.64924210310315
42.387249,449,1900.359458,synthetic_track_0,0.2888332878908075,47.38724943495139
28.591082,366,1900.850197,synthetic_track_0,0.20474332022570196,33.59108244248967
57.021149,953,1903.351593,synthetic_track_0,0.37802937808753867,62.02114916874121
35.553976,426,1903.93882,synthetic_track_0,0.24718333412404128,40.553976294889765
32.322843,387,1904.447577,synthetic_track_0,0.2274890309991497,37.32284299497872
27.627212,3000,1911.143596,synthetic_track_0,0.16839252552175143,27.62721245931092
48.263495,522,1911.821565,synthetic_track_0,0.3246499991570044,53.26349535904498
43.469248,436,1912.405871,synthetic_track_0,0.2954282492974821,48.46924757815058
58.997105,889,1915.000272,synthetic_track_0,0.39007316143003845,63.99710481277109
58.879547,792,1916.066211,synthetic_track_0,0.38935662498113793,63.87954671660692
25.257485,498,1916.77609,synthetic_track_0,0.1844244838212011,30.257485487792202
44.342843,441,1917.389216,synthetic_track_0,0.30075296192178846,49.3428431638257
33.220182,365,1918.765992,synthetic_track_0,0.23295846090418534,38.220181529153805
27.935424,530,1919.427466,synthetic_track_0,0.20074697141440273,32.93542401982995
49.16992,495,1919.938878,synthetic_track_0,0.33017481000007776,54.16991993154999
27.316195,536,1920.47421,synthetic_track_0,0.19697266338427755,32.31619457652736
54.670818,831,1922.348702,synthetic_track_0,0.3637037116026651,59.67081782017011
48.554935,499,1922.823632,synthetic_track_0,0.32642637264305124,53.55493494375365
46.249391,3000,1928.064245,synthetic_track_0,0.281897848056969,46.24939091543252
26.174402,319,1928.477099,synthetic_track_0,0.19001324390521396,31.174401851786016
49.101351,518,1929.003507,synthetic_track_0,0.3297568713327587,54.10135109025963
42.843932,440,1929.487937,synthetic_track_0,0.2916168437720944,47.843931757913204
48.433035,577,1930.074851,synthetic_track_0,0.32568336996215186,53.433034682091545
29.295258,348,1931.449422,synthetic_track_0,0.20903538866365895,34.295257917368595
48.108862,547,1932.067991,synthetic_track_0,0.32370748242284547,53.10886195129494
58.866183,563,1932.648763,synthetic_track_0,0.38927516940680534,63.86618275967885
48.363495,486,1933.256189,synthetic_track_0,0.32525951611366744,53.36349537037035
42.439671,456,1934.846779,synthetic_track_0,0.28915280865365184,47.43967140542135
33.043584,390,1935.316289,synthetic_track_0,0.231882069413257,38.04358404469224
47.910714,504,1935.866899,synthetic_track_0,0.3224997396461063,52.9107144017776
37.752477,411,1936.295166,synthetic_track_0,0.2605835642521994,42.75247651695849
48.809628,585,1938.127824,synthetic_track_0,0.3279787674076347,53.8096276021658
59.149734,838,1939.063677,synthetic_track_0,0.39100346086004706,64.14973379629627
39.394964,429,1939.567521,synthetic_track_0,0.2705948029107592,44.39496401183944
42.704974,453,1940.106767,synthetic_track_0,0.29076987060404036,47.70497364448944
41.675851,530,1941.753349,synthetic_track_0,0.2844971966136784,46.67585138099955
31.105968,469,1942.367644,synthetic_track_0,0.22007197324581637,36.10596813821526
48.613689,558,1942.93678,synthetic_track_0,0.3267844902993505,53.61368928896794
49.591167,629,1943.557192,synthetic_track_0,0.3327423799723815,54.59116666390463
41.186962,437,1944.976997,synthetic_track_0,0.28151733522344036,46.18696231972842
58.367136,920,1945.967073,synthetic_track_0,0.38623339460547423,63.36713591404615
59.679201,883,1948.009189,synthetic_track_0,0.3942306521744205,64.67920088405916
39.568046,413,1948.425196,synthetic_track_0,0.2716497651393185,44.56804571801761
35.552665,399,1948.902688,synthetic_track_0,0.24717534341655634,40.55266530455511
34.747356,393,1949.314979,synthetic_track_0,0.24226684869643064,39.74735624426192
47.730575,541,1949.822727,synthetic_track_0,0.32140176208777715,52.73057541291496
58.84477,890,1952.00881,synthetic_track_0,0.38914465323358766,63.844769706838825
46.456058,3000,1956.141779,synthetic_track_0,0.28315751679038215,46.456057663962646
29.918512,386,1956.526749,synthetic_track_0,0.21283422737138996,34.91851197067028
42.438387,3000,1961.628896,synthetic_track_0,0.2586691355571983,42.4383869923129
43.582995,463,1962.15221,synthetic_track_0,0.29612155983989974,48.58299513075901
48.10095,552,1962.739656,synthetic_track_0,0.32365925798816,53.10095004012989
58.86767,767,1964.633499,synthetic_track_0,0.3892842324022069,63.86766967424765
33.030045,404,1965.050557,synthetic_track_0,0.23179954691675414,38.03004504385777
48.375871,564,1965.691293,synthetic_track_0,0.32533494987579115,53.37587136251335
48.301543,517,1967.315066,synthetic_track_0,0.32488190558004754,53.30154293865245
30.734339,365,1967.726922,synthetic_track_0,0.2178068281624607,35.73433855266725
38.147752,437,1968.189121,synthetic_track_0,0.26299283471616586,43.147751941290466
47.962408,507,1968.734556,synthetic_track_0,0.3228148190592417,52.962407705036014
26.34978,399,1969.225973,synthetic_track_0,0.19108220078558158,31.349779581600654
31.207862,366,1970.597136,synthetic_track_0,0.2206930329301035,36.207861899797315
54.240166,975,1971.650108,synthetic_track_0,0.36107881450731444,59.24016574988143
39.297234,454,1972.115341,synthetic_track_0,0.2699991192244203,44.29723354720012
58.162592,829,1974.049783,synthetic_track_0,0.38498666742079823,63.16259241246779
57.492033,892,1975.051319,synthetic_track_0,0.3808994943599833,62.492032967152504
24.150233,306,1975.378705,synthetic_track_0,0.1776755917609417,29.150232809943038
47.195799,504,1975.997804,synthetic_track_0,0.3181422071594762,52.19579860944376
27.1187,3000,1981.284864,synthetic_track_0,0.16529305365695193,27.118699581704533
31.967986,391,1981.701272,synthetic_track_0,0.22532611828578183,36.9679860981063
42.57525,474,1982.167838,synthetic_track_0,0.2899791803606975,47.57524955326476
39.395568,403,1983.666769,synthetic_track_0,0.2705984850852935,44.39556812545942
38.673969,425,1984.102811,synthetic_track_0,0.266200218252109,43.67396927849972
26.917221,329,1984.528747,synthetic_track_0,0.19454085188789066,31.91722097206653
58.003573,807,1985.367249,synthetic_track_0,0.3840174168055004,63.00357292753411
58.494637,853,1987.243205,synthetic_track_0,0.38701053550130243,63.494637040199706
58.657771,844,1988.124331,synthetic_track_0,0.3880048671659561,63.657771431523145
36.456888,389,1988.496722,synthetic_track_0,0.252686732296227,41.456887811182206
58.647991,1345,1991.059232,synthetic_track_0,0.38794525406264163,63.647991045692336
30.056686,362,1991.478242,synthetic_track_0,0.21367642421544827,35.05668645953947
43.97849,463,1991.98403,synthetic_track_0,0.29853216924951853,48.97849022835673
59.166951,842,1993.830144,synthetic_track_0,0.3911084048591242,64.16695136667151
37.394452,434,1994.326169,synthetic_track_0,0.2584013416042123,42.39445154796025
27.035519,397,1994.776172,synthetic_track_0,0.19526189740106575,32.035518844989326
59.24836,882,1996.814948,synthetic_track_0,0.39160460713730966,64.24836047743666
58.849589,837,1997.659316,synthetic_track_0,0.3891740269083247,63.849588880078
58.449734,891,1998.620677,synthetic_track_0,0.38673684252066803,63.44973377563271
24.637595,401,1999.981845,synthetic_track_0,0.18064614954867,29.63759548159339
49.102076,479,2000.552716,synthetic_track_0,0.32976128949279715,54.10207595287264
54.817486,775,2001.312748,synthetic_track_0,0.36459768145426674,59.817486414550366
38.692068,426,2001.743974,synthetic_track_0,0.26631053558900203,43.692068422121714
12.353002,236,2002.997008,synthetic_track_0,0.10576947482256464,17.353001527703068
48.047257,583,2003.592586,synthetic_track_0,0.32333199079079844,53.04725715581418
25.760975,420,2004.06163,synthetic_track_0,0.1874933370541975,30.760974939071218
26.104513,466,2004.551509,synthetic_track_0,0.18958725728376358,31.104512628026416
37.091501,452,2006.12535,synthetic_track_0,0.2565548078136325,42.091501157569816
45.676842,653,2006.823418,synthetic_track_0,0.3088839123149436,50.67684236190054
48.163495,514,2007.417825,synthetic_track_0,0.32404048220615184,53.16349534867291
15.057562,261,2007.707318,synthetic_track_0,0.12225422462189779,20.05756150525345
15.442548,277,2008.019764,synthetic_track_0,0.124600780580151,20.44254771414518
24.719124,398,2009.4349,synthetic_track_0,0.1811430769223185,29.71912355468391
52.207264,694,2010.2282,synthetic_track_0,0.3486879352489392,57.207264035460724
40.990553,442,2010.728804,synthetic_track_0,0.28032018598884734,45.99055279295681
28.087766,479,2011.276812,synthetic_track_0,0.2016755195743786,33.087765682352504
37.567925,438,2012.757307,synthetic_track_0,0.259458692564686,42.5679251599187
27.50615,431,2013.182996,synthetic_track_0,0.19813047396418404,32.506150031970556
28.209192,338,2013.525489,synthetic_track_0,0.2024156345369728,33.209192172349915
10.517583,200,2013.745252,synthetic_track_0,0.09458228662333712,15.517582620333384
13.804184,245,2014.068188,synthetic_track_0,0.11461467715462084,18.804184015263917
25.668654,429,2014.49989,synthetic_track_0,0.18693062370899863,30.668653732453944
13.405099,240,2014.771688,synthetic_track_0,0.11218218644320208,18.40509897582144
19.511184,317,2016.169152,synthetic_track_0,0.14939980468413266,24.511183810560134
12.546628,228,2016.421784,synthetic_track_0,0.10694966146429682,17.54662809747955
15.061387,260,2016.671588,synthetic_track_0,0.12227753886972921,20.06138654247628
12.834241,237,2016.92357,synthetic_track_0,0.10870270889278863,17.8342407074106
30.378835,480,2017.41266,synthetic_track_0,0.21563997222271147,35.37883471286981
12.879047,236,2017.654339,synthetic_track_0,0.10897580940306435,17.879046768705518
27.176003,469,2019.13368,synthetic_track_0,0.1961181717588422,32.17600295218145
10.879739,205,2019.352149,synthetic_track_0,0.09678968926632851,15.879738729176173
20.716229,338,2019.706923,synthetic_track_0,0.15674475763329723,25.716228838547437
22.232344,355,2020.091717,synthetic_track_0,0.1659857342856367,27.232343787917543
25.603601,446,2020.522729,synthetic_track_0,0.18653411397233383,30.6036006150244
23.068968,372,2021.030303,synthetic_track_0,0.17108510096071397,28.06896813394347
41.368005,453,2022.559637,synthetic_track_0,0.28262082048652587,46.36800492666435
37.176452,440,2023.073634,synthetic_track_0,0.2570725958379285,42.17645172002376
37.021541,419,2023.516747,synthetic_track_0,0.2561283859839127,42.021540531642664
28.326562,516,2024.003869,synthetic_track_0,0.20313102145369724,33.3265616712497
28.073268,481,2025.546981,synthetic_track_0,0.20158715137885605,33.07326761063119
31.607809,388,2025.965981,synthetic_track_0,0.2231307794742472,36.60780923408864
14.43611,257,2026.258028,synthetic_track_0,0.11846637397539894,19.436110201220096
37.001919,412,2026.679864,synthetic_track_0,0.25600879169088797,42.00191937012092
24.173894,389,2027.11593,synthetic_track_0,0.17781980845656248,29.17389363026597
10.870533,209,2027.396998,synthetic_track_0,0.09673357771097987,15.87053282258242
25.587567,414,2028.801187,synthetic_track_0,0.18643638503515175,30.587566779184083
31.401798,508,2029.323748,synthetic_track_0,0.22187510466739446,36.40179774657613
13.524167,239,2029.65077,synthetic_track_0,0.1129079269075935,18.524167122925576
32.107651,504,2030.166748,synthetic_track_0,0.22617740092789215,37.107651242646625
41.653478,462,2030.628912,synthetic_track_0,0.28436082588445005,46.653477804156104
37.044601,444,2032.105824,synthetic_track_0,0.25626894298544944,42.04460092658637
44.646933,619,2032.755036,synthetic_track_0,0.3026064437428755,49.64693347841645
11.046441,210,2032.961579,synthetic_track_0,0.09780576940605852,16.04644127021254
43.589618,667,2033.702259,synthetic_track_0,0.2961619275622059,48.58961803541107
25.762876,444,2035.367094,synthetic_track_0,0.18750492612293876,30.762876292253782
30.086839,383,2035.803578,synthetic_track_0,0.21386020615912144,35.086838527087075
59.028209,575,2036.521242,synthetic_track_0,0.39026274835774993,64.02820927132805
53.694607,683,2037.310499,synthetic_track_0,0.3577535418834101,58.69460701453323
35.590953,400,2038.777152,synthetic_track_0,0.2474087142245413,40.59095313754547
11.233428,208,2038.980794,synthetic_track_0,0.09894548321816987,16.233427690972317
38.845611,435,2039.417739,synthetic_track_0,0.2672464023312842,43.84561080318953
25.513699,410,2039.873265,synthetic_track_0,0.18598614734244406,30.513698818862895
28.034083,405,2040.35522,synthetic_track_0,0.20134831299957953,33.0340827440389
49.110267,547,2042.194188,synthetic_track_0,0.3298112183371549,54.11026749692511
35.671815,407,2042.720286,synthetic_track_0,0.2479015789749506,40.67181467894152
25.025426,384,2043.289566,synthetic_track_0,0.18301004208425797,30.025426005004785
37.456549,417,2043.943833,synthetic_track_0,0.2587798344785288,42.456548740342626
25.467191,420,2044.460985,synthetic_track_0,0.18570267230311746,30.467190667066244
25.53577,395,2046.183879,synthetic_track_0,0.18612067292805634,30.535769673394046
25.153706,400,2046.651311,synthetic_track_0,0.183791930455225,30.153706022643572
27.295644,462,2047.169309,synthetic_track_0,0.1968474013423694,32.295643539394554
42.983789,601,2047.958711,synthetic_track_0,0.292469295508663,47.98378870919129
25.49251,405,2048.486151,synthetic_track_0,0.18585699525665142,30.492509564157555
21.745736,286,2050.086239,synthetic_track_0,0.1630197747949363,26.745735532940657
49.714511,535,2050.770237,synthetic_track_0,0.33349418214697013,54.714510608894926
33.277607,473,2051.409,synthetic_track_0,0.23330847597560245,38.277606528939515
30.597583,394,2051.930709,synthetic_track_0,0.2169732813527845,35.597583226180205
27.336174,472,2052.588286,synthetic_track_0,0.19709443949414135,32.33617369643931
39.412776,419,2054.432379,synthetic_track_0,0.27070336867706624,44.41277578514873
47.870499,613,2055.227793,synthetic_track_0,0.32225461904047636,52.87049884571945
48.163495,528,2055.947379,synthetic_track_0,0.32404048220615184,53.16349534867291
37.211636,451,2056.560766,synthetic_track_0,0.2572870503024701,42.21163605517392
38.888969,453,2058.373225,synthetic_track_0,0.26751067786360416,43.8889690000963
37.670241,412,2058.95838,synthetic_track_0,0.2600823255647707,42.67024111091826
27.474305,366,2059.415989,synthetic_track_0,0.1979363737257445,32.47430509996329
44.609407,674,2060.286815,synthetic_track_0,0.3023777114630229,49.6094066625901
29.274521,360,2062.02156,synthetic_track_0,0.20890899343635258,34.2745209648951
9.93852,191,2062.261743,synthetic_track_0,0.09105280398942199,14.93852029974347
28.197499,362,2062.71658,synthetic_track_0,0.2023443608455304,33.19749869955391
59.405777,716,2063.723751,synthetic_track_0,0.39256408557111283,64.40577669563682
19.867939,291,2064.112827,synthetic_track_0,0.15157428638287987,24.867938765651132
47.863495,517,2065.979636,synthetic_track_0,0.32221193159623585,52.86349535736554
25.831382,325,2066.399761,synthetic_track_0,0.18792248190245944,30.83138231530135
59.210412,557,2067.193732,synthetic_track_0,0.3913733074052138,64.21041243419309
48.113249,503,2067.901141,synthetic_track_0,0.3237342222680447,53.11324900696834
44.095545,467,2068.499731,synthetic_track_0,0.2992456383442933,49.09554508101971
28.943841,466,2070.376011,synthetic_track_0,0.20689344071386734,33.94384059108095
36.976708,503,2071.030867,synthetic_track_0,0.255855126173274,41.97670833483514
34.104037,380,2071.517132,synthetic_track_0,0.2383457081105383,39.104036811207386
36.658965,396,2072.048487,synthetic_track_0,0.25391842679768606,41.65896498516211
38.886182,437,2073.853493,synthetic_track_0,0.2674936908313083,43.88618203346084
47.663495,542,2074.621275,synthetic_track_0,0.32099289777428847,52.663495349706785
40.019187,403,2075.162356,synthetic_track_0,0.27439954826501267,45.0191871353412
40.737033,440,2075.701123,synthetic_track_0,0.27877494287034055,45.73703346480374
39.224875,412,2076.240925,synthetic_track_0,0.26955807863801234,44.224874504266836
38.742274,424,2078.003569,synthetic_track_0,0.2666165441294131,43.74227351842338
30.471812,371,2078.479175,synthetic_track_0,0.216206685762724,35.471812208901675
37.485226,389,2078.984388,synthetic_track_0,0.25895462750633963,42.48522604713384
48.446021,563,2079.722794,synthetic_track_0,0.32576252469069034,53.44602115221969
38.958806,451,2081.561269,synthetic_track_0,0.2679363471596295,43.95880616206213
40.543447,429,2082.101244,synthetic_track_0,0.2775950031249461,45.54344740191767
54.745387,541,2082.816797,synthetic_track_0,0.3641582228031902,59.74538691082978
40.933777,452,2083.403316,synthetic_track_0,0.2799741249947769,45.93377651635285
16.428551,244,2083.75115,synthetic_track_0,0.13061063704537704,21.428550987748416
37.644954,405,2085.491548,synthetic_track_0,0.25992819446808685,42.644953690698884
35.573423,360,2085.990929,synthetic_track_0,0.24730186761096853,40.57342341593469
41.715202,535,2086.652744,synthetic_track_0,0.28473704763248997,46.715202385652276
38.732781,393,2087.209569,synthetic_track_0,0.26655868673285116,43.73278118150281
41.440541,462,2087.802051,synthetic_track_0,0.2830629421403379,46.4405413342328
24.940179,339,2089.478125,synthetic_track_0,0.18249044682444532,29.94017893960674
25.948971,404,2089.992649,synthetic_track_0,0.1886392031608081,30.94897073210994
36.375901,419,2090.565113,synthetic_track_0,0.2521931021719605,41.3759006992117
37.376862,425,2091.130193,synthetic_track_0,0.25829412953518727,42.37686186813343
36.09957,397,2091.646047,synthetic_track_0,0.25050882288583576,41.099570490763256
36.029705,403,2093.368051,synthetic_track_0,0.2500829830750139,41.02970535339593
27.5347,327,2093.809736,synthetic_track_0,0.19830449296407168,32.5347003483635
47.229195,538,2094.508321,synthetic_track_0,0.31834576203552273,52.22919471054885
54.375045,690,2095.459208,synthetic_track_0,0.3619009277467423,59.37504523494713
47.574565,547,2097.379736,synthetic_track_0,0.32045085517640753,52.57456547608411
42.06155,537,2098.049799,synthetic_track_0,0.2868480957567248,47.06155015173844
32.30763,349,2098.482777,synthetic_track_0,0.22739630291829774,37.307629621447425
43.032519,466,2099.051896,synthetic_track_0,0.2927663135453621,48.03251878422702
40.28864,401,2099.557931,synthetic_track_0,0.2760419068448521,45.288639649810044
47.763495,523,2101.53697,synthetic_track_0,0.32160241477770674,52.763495368703026
34.869309,371,2102.06532,synthetic_track_0,0.24301017343632086,39.86930934432726
35.77954,407,2102.606294,synthetic_track_0,0.24855818019098927,40.77953953929585
38.669966,395,2103.108027,synthetic_track_0,0.26617581575870397,43.6699656989599
18.441814,256,2103.415279,synthetic_track_0,0.14288181317962287,23.441813685341508
34.266801,373,2105.142036,synthetic_track_0,0.23933778590364402,39.26680142253068
38.232814,420,2105.665971,synthetic_track_0,0.26351130169508663,43.232813896002526
36.512047,405,2106.258825,synthetic_track_0,0.2530229366316357,41.512046961360035
36.175844,389,2106.786035,synthetic_track_0,0.250973723657731,41.1758441398332
35.050806,387,2107.299737,synthetic_track_0,0.24411642715330056,40.05080615588825
33.501918,357,2109.046769,synthetic_track_0,0.2346756949791321,38.50191844404314
34.063365,400,2109.547998,synthetic_track_0,0.23809780856127785,39.06336532953226
31.500355,386,2110.061758,synthetic_track_0,0.22247583017457062,36.50035539434025
35.692616,372,2110.581479,synthetic_track_0,0.24802836723410282,40.692616113934506
34.657584,393,2111.108811,synthetic_track_0,0.24171967068329403,39.6575838320058
37.835949,507,2113.066052,synthetic_track_0,0.2610923439108558,42.835949127640724
40.782817,451,2113.630022,synthetic_track_0,0.279054001326315,45.78281701266541
34.188525,386,2114.131735,synthetic_track_0,0.23886067748644133,39.188524933907786
48.363495,569,2114.860772,synthetic_track_0,0.32525951611366744,53.36349537037035
34.185895,380,2115.386948,synthetic_track_0,0.23884464840250277,39.18589513245949
31.641755,360,2117.085416,synthetic_track_0,0.22333768169134363,36.64175451457134
37.761049,395,2117.661766,synthetic_track_0,0.2606358135889502,42.761048771117636
32.377202,371,2118.195157,synthetic_track_0,0.22782035979710405,37.37720224320908
36.31611,425,2118.794011,synthetic_track_0,0.25182866573131363,41.31610966666753
25.60661,396,2119.300439,synthetic_track_0,0.1865524592044826,30.60661041385377
44.015661,832,2121.600061,synthetic_track_0,0.2987587296091176,49.01566070946988
24.706114,367,2122.107834,synthetic_track_0,0.18106378285218247,29.706114223565297
35.201874,413,2122.652445,synthetic_track_0,0.2450372139108337,40.20187444886187
27.158715,356,2123.103253,synthetic_track_0,0.19601280033162333,32.15871525608035
24.556496,377,2123.583848,synthetic_track_0,0.18015183208534402,29.556495601777815
1.320295,114,2125.006703,synthetic_track_0,0.03852326738932299,6.32029533076986
39.490615,437,2125.548985,synthetic_track_0,0.27117781223132675,44.49061506473013
2.063682,121,2125.696092,synthetic_track_0,0.04305433629471912,7.063682265132257
1.534101,116,2125.847393,synthetic_track_0,0.03982645180268718,6.534101451618285
35.812667,458,2126.505997,synthetic_track_0,0.24876009522848286,40.81266660133308
37.661535,443,2127.070785,synthetic_track_0,0.2600292615469313,42.66153519662515
0.812342,113,2127.204215,synthetic_track_0,0.03542720569057445,5.8123419398848695
0.702023,112,2127.336233,synthetic_track_0,0.03475479112099343,5.702022671752323
32.120008,343,2129.003543,synthetic_track_0,0.2262527154210874,37.120007667008835
0.601389,111,2129.129116,synthetic_track_0,0.03414141477010807,5.601389471371716
0.412129,109,2129.25872,synthetic_track_0,0.032987842521025885,5.412129374976036
1.234547,117,2129.403555,synthetic_track_0,0.03800061772373341,6.234547146233213
1.337545,118,2129.546808,synthetic_track_0,0.038628405494169224,6.3375447469844834
1.85267,119,2129.722821,synthetic_track_0,0.04176817835216269,6.852669581373636
0.521212,110,2129.855248,synthetic_track_0,0.03365272158516136,5.521212335206632
1.030297,115,2129.996023,synthetic_track_0,0.036755679529367286,6.030297154210729
0.932724,114,2130.132487,synthetic_track_0,0.036160956577813465,5.932724311912075
1.341811,118,2130.265907,synthetic_track_0,0.03865440698976156,6.341810665799843
0.933014,114,2130.399698,synthetic_track_0,0.03616272426151324,5.933014325812533
1.018219,115,2130.536814,synthetic_track_0,0.03668206214681428,6.01821916522524
0.820908,113,2130.70903,synthetic_track_0,0.03547941767382226,5.820908065665334
0.516184,110,2130.842788,synthetic_track_0,0.033622074327592164,5.51618421241118
1.443439,119,2130.987749,synthetic_track_0,0.039273846799879164,6.443438663757886
1.33792,118,2131.136968,synthetic_track_0,0.038630695769929994,6.337920499618617
1.424077,115,2131.286887,synthetic_track_0,0.03915583644508951,6.424077370053962
0.910433,114,2132.628974,synthetic_track_0,0.036025089218847395,5.91043332019014
0.919864,114,2132.770178,synthetic_track_0,0.03608257068288505,5.919863979980532
28.018779,342,2133.242757,synthetic_track_0,0.20125503591361205,33.01877929833295
0.821353,113,2133.378792,synthetic_track_0,0.035482131497926464,5.821353307488696
24.439319,364,2133.888621,synthetic_track_0,0.1794376221454691,29.43931920283529
1.242536,117,2134.041877,synthetic_track_0,0.03804931331333949,6.242536357130254
0.707575,112,2134.17392,synthetic_track_0,0.03478863422398177,5.707575118891198
1.335917,118,2134.320306,synthetic_track_0,0.03861848708994667,6.335917490312224
0.698323,112,2134.461082,synthetic_track_0,0.03473223924392729,5.698322712403581
0.608262,111,2134.595918,synthetic_track_0,0.034183306717066396,5.608262446970638
1.96341,120,2134.751835,synthetic_track_0,0.04244316175489631,6.963410303481409
1.53381,116,2134.90612,synthetic_track_0,0.03982467309982423,6.5338096298658375
1.221381,117,2135.059169,synthetic_track_0,0.037920365197844676,6.221380566681926
0.312509,108,2135.227549,synthetic_track_0,0.032380638361819924,5.312508811292564
0.706429,112,2136.583379,synthetic_track_0,0.03478165147661599,5.706429498891579
37.882728,412,2137.130854,synthetic_track_0,0.2613774712635772,42.882728365182224
1.532747,116,2137.278286,synthetic_track_0,0.039818196109922925,6.532746986642537
25.841736,375,2137.793782,synthetic_track_0,0.18798558685978925,30.84173558993741
1.426965,115,2137.936787,synthetic_track_0,0.03917343670822442,6.4269649460165015
1.530646,116,2138.103217,synthetic_track_0,0.03980538915764757,6.530645822173561
1.118686,112,2138.253042,synthetic_track_0,0.03729442706657218,6.118686425802048
0.61096,111,2138.402542,synthetic_track_0,0.034199750177899724,5.610960232900276
1.748634,118,2138.551687,synthetic_track_0,0.04113406183093867,6.74863365815475
34.990179,387,2139.052087,synthetic_track_0,0.2437468972682672,39.99017947063456
1.325902,118,2140.485904,synthetic_track_0,0.038557442146882386,6.325902190604722
34.796113,380,2141.003282,synthetic_track_0,0.24256402836170318,39.796112836786634
32.297195,371,2141.491815,synthetic_track_0,0.22733270331253114,37.297195192630596
0.603379,111,2141.620738,synthetic_track_0,0.03415353999378621,5.603378788472548
1.339367,118,2141.762787,synthetic_track_0,0.03863951071297307,6.339366717635202
26.34653,387,2142.282478,synthetic_track_0,0.19106239648377044,31.346530401436336
0.810049,113,2142.413829,synthetic_track_0,0.035413227990758966,5.810048697466311
0.909073,114,2142.567219,synthetic_track_0,0.03601679956480723,5.909073283379288
1.427169,115,2142.708489,synthetic_track_0,0.039174683315907,6.427169469912044
1.744453,118,2142.849143,synthetic_track_0,0.041108582947397436,6.744453481352729
1.118468,112,2142.985875,synthetic_track_0,0.03729309522891768,6.1184679187054405
35.031254,405,2144.72299,synthetic_track_0,0.2439972559429772,40.031254407160475
32.006987,369,2145.195326,synthetic_track_0,0.22556383252607318,37.0069865335519
21.983554,332,2145.599963,synthetic_track_0,0.16446931648298083,26.983553666852202
40.266326,427,2146.130021,synthetic_track_0,0.2759059042028929,45.26632646297
34.144595,381,2146.646327,synthetic_track_0,0.23859291628253712,39.144594862512385
34.913592,511,2148.525058,synthetic_track_0,0.24328008240973864,39.913591788160105
32.278166,366,2149.071307,synthetic_track_0,0.22721671454081488,37.27816556866617
33.692977,378,2149.5669,synthetic_track_0,0.2358402298881454,38.692977122258874
35.146361,397,2150.106328,synthetic_track_0,0.24469885302650357,40.14636148585865
34.167392,380,2150.588698,synthetic_track_0,0.2387318692243838,39.16739208842458
30.883949,385,2152.365029,synthetic_track_0,0.2187187289564671,35.88394897569387
0.607336,111,2152.511326,synthetic_track_0,0.03417766074019229,5.607336143370416
1.008078,115,2152.655024,synthetic_track_0,0.036620252300775126,6.008078372198293
30.925554,361,2153.162975,synthetic_track_0,0.21897231598747066,35.925553570439114
31.102242,357,2153.639098,synthetic_track_0,0.22004926152658208,36.102241954463
0.60001,111,2153.773104,synthetic_track_0,0.03413300510789063,5.600009745495687
30.757909,359,2154.231394,synthetic_track_0,0.2179504946241914,35.75790909921742
1.638101,117,2154.372366,synthetic_track_0,0.040460348900721185,6.63810137531124
0.59231,111,2154.512291,synthetic_track_0,0.03408607496844088,5.592310182054221
22.894303,341,2156.227726,synthetic_track_0,0.170020485661814,27.894302702927394
32.373043,401,2156.734419,synthetic_track_0,0.22779500958244556,37.37304317638536
1.219216,113,2156.861715,synthetic_track_0,0.037907170775514754,6.219215832185206
0.703711,112,2157.002548,synthetic_track_0,0.0347650814911673,5.7037109547814975
1.016219,115,2157.149724,synthetic_track_0,0.03666987156652125,6.01621912543301
0.806768,113,2157.285915,synthetic_track_0,0.03539323064133891,5.806767845068977
1.741152,118,2157.417145,synthetic_track_0,0.04108846212032964,6.741152370673757
1.231272,117,2157.59978,synthetic_track_0,0.037980656223777616,6.231272175455405
0.60429,111,2157.747771,synthetic_track_0,0.034159094355159444,5.604290061233964
1.743287,118,2157.893775,synthetic_track_0,0.04110147406922831,6.743287167783185
2.066501,121,2158.055348,synthetic_track_0,0.043071514110820164,7.066500532591219
24.359882,367,2158.50622,synthetic_track_0,0.17895343848814443,29.359881919447634
1.954537,120,2158.65281,synthetic_track_0,0.042389077855358046,6.954537062946878
30.876372,361,2160.362299,synthetic_track_0,0.2186725469703341,35.87637215754985
44.727868,630,2161.14678,synthetic_track_0,0.30309975125173433,49.727867660695566
34.648821,369,2161.613881,synthetic_track_0,0.24166625787898222,39.64882069428221
1.331536,118,2161.763743,synthetic_track_0,0.03859178077934037,6.331535936470458
37.006924,446,2162.373751,synthetic_track_0,0.25603929801400416,42.0069243705951
35.493619,393,2164.081254,synthetic_track_0,0.2468154489245463,40.49361944392151
23.235743,330,2164.527085,synthetic_track_0,0.17210162286646197,28.23574315304024
22.668649,337,2164.977264,synthetic_track_0,0.16864509054868998,27.668649379610102
34.484563,391,2165.501256,synthetic_track_0,0.24066508035882248,39.484563142034936
23.03502,304,2165.909756,synthetic_track_0,0.17087818207732453,28.035020119116023
28.877446,347,2166.362537,synthetic_track_0,0.20648875223472746,33.877445633475844
32.287998,370,2168.05088,synthetic_track_0,0.2272766428678684,37.287997671478976
33.722887,395,2168.546919,synthetic_track_0,0.2360225385542402,38.72288747745884
24.546743,372,2169.063753,synthetic_track_0,0.18009238620865672,29.546742651877093
1.321856,114,2169.208811,synthetic_track_0,0.03853277853426729,6.3218557707079945
29.624545,460,2169.787782,synthetic_track_0,0.2110424481070265,34.62454484675323
40.096789,389,2170.331501,synthetic_track_0,0.2748725432414875,45.096788754930714
31.977809,385,2172.048565,synthetic_track_0,0.2253859900783844,36.97780892563042
10.134555,189,2172.287733,synthetic_track_0,0.09224766903141059,15.134555071910116
22.292714,326,2172.699023,synthetic_track_0,0.16635369813460088,27.29271354246087
34.94399,378,2173.179728,synthetic_track_0,0.2434653646122851,39.94398999472432
35.707775,367,2173.702259,synthetic_track_0,0.2481207626255129,40.70777490498439
33.018111,369,2174.166157,synthetic_track_0,0.2317268063525057,38.01811090950902
27.523041,454,2176.011403,synthetic_track_0,0.19823342931414994,32.52304133589582
36.334576,398,2176.512819,synthetic_track_0,0.25194121815451315,41.33457550830099
25.144536,379,2176.985996,synthetic_track_0,0.18373603694709023,30.144535889827104
14.710373,245,2177.28044,synthetic_track_0,0.1201380507239413,19.710372782365983
42.920239,467,2177.937054,synthetic_track_0,0.2920819515279636,47.92023936567701
35.981512,390,2179.594301,synthetic_track_0,0.24978923442625056,40.981511668409766
35.029882,374,2180.133211,synthetic_track_0,0.24398889134111978,40.029882074083716
23.103321,325,2180.603885,synthetic_track_0,0.17129448830187524,28.10332113472322
32.969187,451,2181.205101,synthetic_track_0,0.2314286043160207,37.96918658230243
34.434745,391,2181.703225,synthetic_track_0,0.24036142761525597,39.43474454804229
43.807206,520,2183.632919,synthetic_track_0,0.29748816426369634,48.80720621523013
34.939402,382,2184.12197,synthetic_track_0,0.2434373999039524,39.93940198266098
35.801921,393,2184.657866,synthetic_track_0,0.24869459692045814,40.801920663139455
30.088988,367,2185.105322,synthetic_track_0,0.2138733102586279,35.08898844282729
33.074148,361,2185.575097,synthetic_track_0,0.23206836368416925,38.07414829560835
48.59268,518,2187.548779,synthetic_track_0,0.3266564336474396,53.59267975592478
39.368565,401,2188.095437,synthetic_track_0,0.27043389552606395,44.36856484424293
41.593489,409,2188.599936,synthetic_track_0,0.2839951847089757,46.593489117559706
34.029016,366,2189.116034,synthetic_track_0,0.23788844062172929,39.029015511865744
26.504113,1085,2191.838324,synthetic_track_0,0.19202288988179164,31.504113139094542
35.635255,391,2192.317659,synthetic_track_0,0.24767873909737648,40.63525459634242
37.127059,421,2192.851173,synthetic_track_0,0.2567715361826413,42.12705855940826
19.695714,281,2193.21297,synthetic_track_0,0.15052454858341266,24.69571420210479
34.350671,399,2193.7552,synthetic_track_0,0.23984898331882865,39.35067070089798
22.55101,329,2195.405894,synthetic_track_0,0.16792805737663305,27.551009788877604
19.042224,283,2195.84412,synthetic_track_0,0.1465414166031632,24.04222419041414
1.643826,117,2195.983088,synthetic_track_0,0.040495243649201346,6.643826359997992
1.960546,120,2196.126834,synthetic_track_0,0.042425701948399654,6.960545771447775
37.937653,504,2196.782811,synthetic_track_0,0.2617122481943406,42.93765332912596
10.788434,195,2197.032887,synthetic_track_0,0.09623317419962285,15.788434439172525
30.001789,369,2197.536704,synthetic_track_0,0.21334181316493908,35.001788710634
1.21931,113,2197.680874,synthetic_track_0,0.037907744120052024,6.219309897591581
39.525797,389,2199.493901,synthetic_track_0,0.27139225364773045,44.525797259145854
31.654525,367,2199.955479,synthetic_track_0,0.22341551920381825,36.654524876484835
22.925075,310,2200.390342,synthetic_track_0,0.17020804907437984,27.925075174760654
35.342065,392,2200.932123,synthetic_track_0,0.24589169724141344,40.34206471231758
37.279227,432,2201.496264,synthetic_track_0,0.25769902829134445,42.2792269615513
36.188409,401,2203.262044,synthetic_track_0,0.2510503095080046,41.18840914858481
2.065301,121,2203.39977,synthetic_track_0,0.04306420177926534,7.0653008395715196
36.92864,375,2203.863511,synthetic_track_0,0.2555621409016164,41.928639892827675
33.316288,371,2204.34682,synthetic_track_0,0.23354424517476252,38.31628785245061
24.668991,368,2204.85133,synthetic_track_0,0.18083751127911848,29.668991122031116
35.876509,396,2205.333713,synthetic_track_0,0.249149225586714,40.876509025739445
1.960015,120,2205.485875,synthetic_track_0,0.04242246473029142,6.960014659320462
34.733388,383,2207.246843,synthetic_track_0,0.2421817077969147,39.73338765680464
26.593987,358,2207.706711,synthetic_track_0,0.19257068387047926,31.593986610987166
26.990356,427,2208.292881,synthetic_track_0,0.194986620839177,31.990355771172332
22.560565,331,2208.722738,synthetic_track_0,0.16798629556037542,27.560564599404433
18.648897,279,2209.084059,synthetic_track_0,0.144144022396318,23.648897236643386
29.297438,434,2209.69515,synthetic_track_0,0.209048678668135,34.29743833348925
43.08498,485,2211.541038,synthetic_track_0,0.2930860742088895,48.08498011384977
31.846603,371,2212.046875,synthetic_track_0,0.22458626722716613,36.84660290534706
33.948604,360,2212.519135,synthetic_track_0,0.2373983190245476,38.948604024157014
20.77959,320,2212.9348,synthetic_track_0,0.15713095730401808,25.77959044157383
31.123631,435,2213.523415,synthetic_track_0,0.22017962840397232,36.12363051317816
33.674134,376,2215.289166,synthetic_track_0,0.23572537771435328,38.67413397350903
21.373327,316,2215.710727,synthetic_track_0,0.16074987892151235,26.37332651204563
22.882161,329,2216.170314,synthetic_track_0,0.16994647739225285,27.88216058331385
32.741506,350,2216.593321,synthetic_track_0,0.2300408546710458,37.741506320584975
25.562443,436,2217.145387,synthetic_track_0,0.1862832492663463,30.5624426567992
22.909542,349,2217.578375,synthetic_track_0,0.17011336913715333,27.909541571156304
20.993389,308,2219.226919,synthetic_track_0,0.15843409642024295,25.993389130775938
34.598814,366,2219.696166,synthetic_track_0,0.24136145822914679,39.598813933842955
35.928389,393,2220.185236,synthetic_track_0,0.24946544302342655,40.9283890381113
40.36462,552,2220.925322,synthetic_track_0,0.27650501815433487,45.364619711868905
33.400167,353,2221.38218,synthetic_track_0,0.23405550101966385,38.400166717052166
33.601126,373,2223.129815,synthetic_track_0,0.23528038089671732,38.601125854018846
32.760423,368,2223.610596,synthetic_track_0,0.2301561539410094,37.760422821883466
1.340246,118,2223.750496,synthetic_track_0,0.03864487123772905,6.3402461887154535
32.167235,346,2224.18705,synthetic_track_0,0.22654057148601983,37.16723458898146
34.617398,359,2224.628672,synthetic_track_0,0.24147472915742801,39.61739765655507
28.46257,340,2225.046891,synthetic_track_0,0.20396001485744494,33.46256994609291
24.614434,425,2226.842806,synthetic_track_0,0.18050497456162587,29.614433697250977
24.050711,359,2227.35379,synthetic_track_0,0.1770689920446154,29.050711413795682
28.953718,420,2227.897428,synthetic_track_0,0.20695364421281107,33.953717839794685
34.464293,407,2228.442182,synthetic_track_0,0.24054153154565563,39.464293184684514
17.466466,268,2228.786881,synthetic_track_0,0.13693690695734356,22.46646643198391
46.752172,683,2230.974314,synthetic_track_0,0.315438227180112,51.75217185615317
23.95487,363,2231.421428,synthetic_track_0,0.17648482004830715,28.95486960725004
21.614593,316,2231.91553,synthetic_track_0,0.16222044145178754,26.614593417050667
23.690173,338,2232.341278,synthetic_track_0,0.17487144917652758,28.69017294264327
34.791725,407,2232.834882,synthetic_track_0,0.24253728163286956,39.791724651754144
33.764074,374,2234.593812,synthetic_track_0,0.23627357885279454,38.764074244166686
24.524956,397,2235.074755,synthetic_track_0,0.1799595934156429,29.524956086860083
24.782636,461,2235.653865,synthetic_track_0,0.18153019855598124,29.78263641897321
23.582226,355,2236.121592,synthetic_track_0,0.17421349452345872,28.582226031504522
22.71096,335,2236.571002,synthetic_track_0,0.16890297790906916,27.710959505155706
28.071902,351,2237.019626,synthetic_track_0,0.201578829131544,33.07190222642595
35.326672,457,2238.870885,synthetic_track_0,0.24579787391837685,40.32667164857476
35.572901,402,2239.390798,synthetic_track_0,0.24729868119750123,40.57290063903844
24.761313,401,2239.897928,synthetic_track_0,0.18140023017564616,29.761313239423615
1.851678,119,2240.050938,synthetic_track_0,0.041762133725694726,6.851677873581677
23.935002,365,2240.494355,synthetic_track_0,0.17636372606742784,28.93500240039551
35.953199,471,2242.446113,synthetic_track_0,0.24961666174690902,40.95319864167613
35.616553,396,2242.973599,synthetic_track_0,0.24756474911079002,40.61655290178739
23.230147,355,2243.471994,synthetic_track_0,0.1720675127982163,28.23014690641644
22.06613,324,2243.884036,synthetic_track_0,0.1649726353564512,27.066130357290586
1.449387,119,2244.038319,synthetic_track_0,0.039310100361411346,6.449386581242662
25.018452,428,2244.621017,synthetic_track_0,0.18296753236488925,30.01845167496878
25.322629,357,2245.080783,synthetic_track_0,0.18482154242319854,30.322628654463
0.709135,112,2246.468051,synthetic_track_0,0.03479814349012566,5.709135250585139
35.01706,391,2246.934621,synthetic_track_0,0.2439107356058479,40.017059503149646
39.673475,437,2247.488597,synthetic_track_0,0.27229237342375845,44.67347483696056
29.728753,388,2248.02379,synthetic_track_0,0.2116776157174997,34.7287532162604
25.466763,403,2248.540813,synthetic_track_0,0.18570006312045295,30.466762593174042
1.322352,114,2248.673804,synthetic_track_0,0.0385358018887568,6.3223517954369
35.986304,423,2250.481921,synthetic_track_0,0.24981844412765197,40.98630393946805
36.836274,399,2251.023165,synthetic_track_0,0.25499915422259,41.83627384187005
33.016308,441,2251.588217,synthetic_track_0,0.23171581575519257,38.01630774416018
24.551278,405,2252.152063,synthetic_track_0,0.18012003284709496,29.551278480005763
20.385324,305,2252.560782,synthetic_track_0,0.15472783639438195,25.385323939956727
36.677044,425,2254.308655,synthetic_track_0,0.2540286197498919,41.677043721689614
1.531328,116,2254.49739,synthetic_track_0,0.039809545322685665,6.531327700743692
32.057648,349,2254.978758,synthetic_track_0,0.2258726242421848,37.05764824980242
33.695198,387,2255.461255,synthetic_track_0,0.23585376850834075,38.695198327359186
22.852567,332,2255.903724,synthetic_track_0,0.16976610033302628,27.85256713596458
1.126691,116,2256.061557,synthetic_track_0,0.03734321657884581,6.126691046061725
38.494963,463,2256.692252,synthetic_track_0,0.2651091459864058,43.494963202074125
25.054654,531,2258.627741,synthetic_track_0,0.18318819316790141,30.054654249087616
14.7032,243,2258.988016,synthetic_track_0,0.12009433124943712,19.703199974624106
0.723026,112,2259.127877,synthetic_track_0,0.03488280977105718,5.72302597004663
0.904926,114,2259.286308,synthetic_track_0,0.03599151882136282,5.904925614306068
0.813244,113,2259.436117,synthetic_track_0,0.03543270393836442,5.8132440064069835
0.924125,114,2259.597693,synthetic_track_0,0.03610854356443396,5.92412520425108
1.127694,116,2259.761781,synthetic_track_0,0.03734933136632217,6.127694264774845
0.911498,114,2259.918827,synthetic_track_0,0.03603157983795239,5.911498199480064
1.248021,117,2260.081837,synthetic_track_0,0.038082741878717775,6.2480207934201335
0.410478,109,2260.218093,synthetic_track_0,0.032977776428061455,5.410477887844396
1.338393,118,2260.357515,synthetic_track_0,0.038633577229781293,6.3383932444940685
0.614503,111,2260.497386,synthetic_track_0,0.03422134182214062,5.614502652262067
1.132552,116,2260.633487,synthetic_track_0,0.037378942467660325,6.132552391258123
15.296235,252,2262.217104,synthetic_track_0,0.12370898162964095,20.29623528726998
1.23512,117,2262.367928,synthetic_track_0,0.038004106873513306,6.235119591369795
24.760273,663,2263.205853,synthetic_track_0,0.18139388936159115,29.760272937803816
0.822146,113,2263.367438,synthetic_track_0,0.03548696257275372,5.822145914703571
1.00968,115,2263.55979,synthetic_track_0,0.03663001269936089,6.009679705776379
25.452308,475,2264.174266,synthetic_track_0,0.18561196187217735,30.452308317982794
1.340981,118,2264.321941,synthetic_track_0,0.038649347621832864,6.34098060382267
1.014983,115,2264.46166,synthetic_track_0,0.03666233421902222,6.014982515315724
21.87164,322,2266.152774,synthetic_track_0,0.16378718115752908,26.871639569098363
23.89787,357,2266.589852,synthetic_track_0,0.17613740002226722,28.89787036193149
34.084474,436,2267.137789,synthetic_track_0,0.2382264698446781,39.084474061055666
23.670235,362,2267.585264,synthetic_track_0,0.1747499230335734,28.67023483339315
24.561672,715,2268.524505,synthetic_track_0,0.18018338140133677,29.561671720214054
1.428384,115,2268.664476,synthetic_track_0,0.0391820861648093,6.428384013602712
23.505261,356,2270.336811,synthetic_track_0,0.17374437957940037,28.505260986962426
35.44336,393,2270.84116,synthetic_track_0,0.24650910755905356,40.44335974288478
30.102923,450,2271.417607,synthetic_track_0,0.213958246307688,35.10292342162499
32.995359,389,2271.922579,synthetic_track_0,0.231588130376013,37.99535912374124
40.604485,434,2272.525475,synthetic_track_0,0.2779670374823642,45.60448498183819
33.432037,412,2274.275531,synthetic_track_0,0.2342497584277928,38.43203743500443
26.657197,307,2274.718784,synthetic_track_0,0.19295596130837178,31.657196908471896
42.018481,600,2275.504384,synthetic_track_0,0.28658558286586094,47.01848114147962
32.22363,345,2275.975916,synthetic_track_0,0.22688431198264009,37.22363015464907
35.391211,364,2276.466067,synthetic_track_0,0.24619124967945524,40.391210592295586
47.952467,522,2278.332701,synthetic_track_0,0.3227542311487557,52.952467388087406
22.638933,335,2278.760594,synthetic_track_0,0.16846396452582446,27.638933054018384
36.617313,518,2279.428613,synthetic_track_0,0.2536645508871292,41.617312995576924
32.701806,366,2279.891795,synthetic_track_0,0.2297988726216851,37.70180568976236
24.468266,403,2281.648843,synthetic_track_0,0.17961405518301823,29.468265576779793
23.269019,357,2282.101284,synthetic_track_0,0.1723044451199244,28.269019056887643
37.259616,400,2282.605067,synthetic_track_0,0.25757949799350655,42.25961629935914
25.325292,416,2283.131816,synthetic_track_0,0.1848377769517533,30.325292162051415
35.186796,362,2283.61356,synthetic_track_0,0.24494530852441584,40.18679605016897
31.886833,368,2284.132862,synthetic_track_0,0.22483147727727518,36.886833136056715
39.090926,381,2285.823032,synthetic_track_0,0.26874163846112575,44.0909257665941
31.742059,431,2286.461881,synthetic_track_0,0.22394905403726564,36.74205892915388
25.482623,476,2287.07222,synthetic_track_0,0.18579673702229832,30.48262333531374
34.753948,355,2287.534835,synthetic_track_0,0.24230702411199684,39.753947598231164
34.030107,373,2288.002173,synthetic_track_0,0.2378950904592672,39.03010651322647
41.177308,421,2289.772009,synthetic_track_0,0.28145849008934315,46.17730793027816
34.599758,357,2290.236902,synthetic_track_0,0.24136721443669554,39.599758322368615
35.246606,357,2290.743861,synthetic_track_0,0.24530985850998013,40.24660571138771
33.881931,350,2291.205308,synthetic_track_0,0.2369919342826004,38.881930770274685
33.715223,357,2291.659889,synthetic_track_0,0.23597582272522663,38.7152230747226
36.170328,382,2293.412972,synthetic_track_0,0.2509401031578353,41.17032821392896
28.331382,312,2293.811327,synthetic_track_0,0.20316040466463237,33.331382409039136
35.977369,408,2294.329031,synthetic_track_0,0.2497639824041523,40.97736871148591
34.229133,388,2294.827184,synthetic_track_0,0.2391081896942249,39.22913286665018
33.565613,356,2295.357123,synthetic_track_0,0.23506392305548582,38.565612836147906
35.163754,365,2295.8253,synthetic_track_0,0.24480486230134077,40.16375383002303
25.967714,1602,2299.170837,synthetic_track_0,0.18875344358357285,30.967713514317072
34.7525,396,2299.712408,synthetic_track_0,0.2422982028209468,39.75250033873286
31.184812,333,2301.328738,synthetic_track_0,0.22055254014330133,36.18481204020314
24.040365,361,2301.822564,synthetic_track_0,0.17700592636316725,29.04036458293213
33.203275,341,2302.281874,synthetic_track_0,0.23285541557776746,38.20327546329925
38.127883,440,2302.87718,synthetic_track_0,0.2628717280340124,43.12788265060948
39.794707,392,2303.392715,synthetic_track_0,0.27303130271501563,44.79470680054515
35.731798,428,2305.236318,synthetic_track_0,0.24826718490620772,40.731797583217876
24.64043,373,2305.709964,synthetic_track_0,0.1806634245870084,29.640429699756808
32.138885,383,2306.212758,synthetic_track_0,0.22636777839743735,37.13888540094608
37.585253,410,2306.815531,synthetic_track_0,0.2595643080719716,42.58525290086051
40.319945,563,2307.549633,synthetic_track_0,0.2762327211127371,45.31994547115095
40.219089,546,2309.488761,synthetic_track_0,0.27561798370234264,45.219088969408766
37.544253,387,2310.006803,synthetic_track_0,0.2593144077406964,42.54425316215833
27.421992,333,2310.436841,synthetic_track_0,0.1976175136786038,32.42199152939448
32.478029,391,2310.982438,synthetic_track_0,0.22843491717948997,37.478029208770685
33.132,368,2311.483822,synthetic_track_0,0.23242097907067832,38.13199991443362
35.413942,370,2313.253093,synthetic_track_0,0.24632979845678601,40.41394150921387
16.624638,287,2313.637067,synthetic_track_0,0.13180582322110534,21.62463844651755
32.261871,376,2314.132282,synthetic_track_0,0.2271173943314145,37.26187066176276
35.868379,371,2314.607114,synthetic_track_0,0.24909967014304815,40.86837874343368
23.63027,361,2315.080597,synthetic_track_0,0.17450633130632648,28.630270111793248
24.24807,379,2315.630385,synthetic_track_0,0.17827192730183464,29.24807022068464
34.310077,524,2317.555958,synthetic_track_0,0.23960156060633603,39.3100774511435
37.847778,381,2318.109787,synthetic_track_0,0.2611644431485614,42.847778043158655
33.848048,366,2318.601315,synthetic_track_0,0.23678541281672622,38.848047957498785
39.386352,401,2319.14103,synthetic_track_0,0.2705423130862513,44.38635230220958
33.838965,376,2319.618813,synthetic_track_0,0.2367300492138787,38.838964763255795
26.031537,377,2321.336939,synthetic_track_0,0.1891424605885884,31.031537341500314
33.581484,394,2321.85048,synthetic_track_0,0.23516065988634094,38.58148390269551
37.051018,428,2322.459111,synthetic_track_0,0.25630805450491606,42.051017733119565
37.309256,422,2323.007616,synthetic_track_0,0.25788206244665235,42.309256343676985
34.435375,376,2323.478134,synthetic_track_0,0.24036527208509195,39.435375288537585
35.947723,478,2325.331028,synthetic_track_0,0.24958328398598748,40.947722540587094
29.73673,442,2325.903236,synthetic_track_0,0.2117262345844155,34.73672983969812
39.455915,407,2326.436025,synthetic_track_0,0.2709663097131668,44.45591503878314
32.405221,376,2326.978198,synthetic_track_0,0.22799113615691294,37.40522055792257
22.830356,351,2327.440114,synthetic_track_0,0.16963071717656986,27.830355584619028
24.307171,403,2329.309411,synthetic_track_0,0.1786321591118672,29.307171423184784
34.90647,373,2329.795934,synthetic_track_0,0.2432366732945998,39.90646989932985
40.044735,431,2330.331773,synthetic_track_0,0.27455526857108414,45.04473528818667
31.493212,422,2330.859712,synthetic_track_0,0.22243228966151815,36.493211947794975
39.499848,396,2331.40232,synthetic_track_0,0.2712340892294967,44.499848114595004
36.999427,490,2333.241844,synthetic_track_0,0.25599360155327067,41.999427209866546
34.472095,377,2333.805166,synthetic_track_0,0.24058908232485293,39.472094572990905
35.561865,368,2334.276258,synthetic_track_0,0.24723141493034673,40.56186464175611
42.352202,573,2335.006181,synthetic_track_0,0.28861967017246143,47.352202380032935
30.24401,380,2335.514116,synthetic_track_0,0.21481819458353257,35.244010287845235
34.501651,363,2337.237646,synthetic_track_0,0.24076923425010197,39.501651083877526
26.555089,363,2337.734728,synthetic_track_0,0.19233359354539983,31.555088537793466
22.907114,335,2338.225951,synthetic_track_0,0.17009857511400805,27.907114399170514
35.225506,392,2338.715517,synthetic_track_0,0.24518125304240562,40.22550613725221
48.45216,576,2339.468361,synthetic_track_0,0.32579993991140593,53.452159656578594
35.005566,464,2341.330841,synthetic_track_0,0.24384067802531767,40.00556555081597
23.228635,351,2341.773897,synthetic_track_0,0.1720582952431648,28.228634634117093
37.876859,446,2342.396175,synthetic_track_0,0.26134169825476367,42.87685928927319
35.301076,372,2342.9069,synthetic_track_0,0.24564186450221404,40.30107606306627
25.535638,422,2343.434458,synthetic_track_0,0.18611986939851918,30.53563784283226
40.787483,474,2345.263245,synthetic_track_0,0.27908244186022496,45.787483090749056
33.372768,395,2345.757778,synthetic_track_0,0.2338885014480892,38.372768038695085
23.974615,363,2346.226971,synthetic_track_0,0.17660517271652207,28.97461519111438
21.10745,322,2346.676045,synthetic_track_0,0.15912931724746618,26.10745009304444
24.340801,375,2347.24985,synthetic_track_0,0.1788371370538093,29.340800998689755
41.378252,499,2349.24723,synthetic_track_0,0.28268327853528263,46.37825206665735
30.451185,378,2349.743171,synthetic_track_0,0.21608096204053892,35.45118542648826
24.369997,378,2350.224427,synthetic_track_0,0.17901509201615845,29.369997066257337
23.29022,347,2350.659818,synthetic_track_0,0.17243367097726403,28.290220414874863
21.719905,335,2351.101406,synthetic_track_0,0.16286233195717334,26.71990477403021
36.276855,397,2351.680078,synthetic_track_0,0.25158940462769014,41.27685544607446
34.956233,356,2353.376045,synthetic_track_0,0.24353998653324532,39.95623279266385
40.639648,423,2354.004577,synthetic_track_0,0.27818136008072714,45.63964768244772
36.3514,391,2354.560023,synthetic_track_0,0.25204376453182437,41.351399714388116
39.553356,426,2355.113727,synthetic_track_0,0.27156022890300163,44.55335601242724
24.392637,407,2355.647787,synthetic_track_0,0.1791530833896044,29.392636533062237
42.780872,475,2357.537995,synthetic_track_0,0.2912324858736104,47.780872324075915
35.215104,356,2358.09428,synthetic_track_0,0.2451178500836367,40.215103971199824
34.37673,379,2358.725831,synthetic_track_0,0.24000782208538263,39.37673048197654
33.208047,381,2359.226107,synthetic_track_0,0.2328844985547599,38.20804694339808
23.076458,352,2359.625239,synthetic_track_0,0.17113075378821532,28.076458136013574
27.002124,373,2361.332974,synthetic_track_0,0.1950583477686748,32.00212360418125
34.84881,428,2361.902547,synthetic_track_0,0.24288522442972305,39.848809665133295
23.554572,358,2362.320581,synthetic_track_0,0.1740449393774977,28.55457213882641
19.640632,309,2362.662891,synthetic_track_0,0.15018881506592116,24.64063229636871
28.475587,412,2363.270825,synthetic_track_0,0.20403935459286654,33.47558676925752
35.692415,400,2364.937741,synthetic_track_0,0.24802714034443177,40.69241482506197
14.269998,240,2365.283634,synthetic_track_0,0.1174538893556936,19.26999755688678
35.564082,376,2365.799782,synthetic_track_0,0.24724492784774293,40.56408162994305
40.670972,549,2366.556924,synthetic_track_0,0.2783722857695378,45.67097178399184
12.443747,217,2366.883389,synthetic_track_0,0.1063225849034674,17.44374718087942
35.867818,386,2367.433008,synthetic_track_0,0.24909625380258885,40.867818243711916
39.165968,434,2369.198224,synthetic_track_0,0.2691990328848452,44.165967891430974
27.222164,368,2369.730989,synthetic_track_0,0.19639952976287567,32.222163773930966
39.088806,384,2370.260831,synthetic_track_0,0.2687287185674696,44.0888060724694
38.238842,415,2370.876927,synthetic_track_0,0.26354804701646584,43.23884249375343
36.164035,405,2371.508856,synthetic_track_0,0.2509017469837656,41.16403533265726
35.127582,427,2373.441223,synthetic_track_0,0.2445843893637718,40.127582077928494
38.602625,385,2373.947476,synthetic_track_0,0.26576536208940166,43.60262487910234
23.92364,375,2374.503287,synthetic_track_0,0.17629447275203208,28.92364039930893
39.303925,417,2375.030129,synthetic_track_0,0.27003990448591575,44.30392495515336
33.197871,350,2375.455561,synthetic_track_0,0.23282247644260337,38.19787132506577
12.918225,224,2375.742207,synthetic_track_0,0.10921460565778571,17.9182247241595
33.683822,397,2377.442542,synthetic_track_0,0.2357844284933659,38.683822101961375
28.500059,350,2377.86371,synthetic_track_0,0.20418851998893423,33.5000594949677
25.293574,371,2378.336751,synthetic_track_0,0.1846444475348304,30.29357369438538
23.128755,356,2378.808233,synthetic_track_0,0.17144951058419983,28.1287547667472
34.512967,371,2379.282401,synthetic_track_0,0.24083820650363044,39.512966972727845
36.009511,393,2381.027797,synthetic_track_0,0.24995989316680203,41.00951068599469
36.835015,372,2381.521193,synthetic_track_0,0.2549914813700379,41.83501500020253
42.632757,598,2382.317096,synthetic_track_0,0.2903296985306867,47.6327570935973
41.640117,541,2382.998162,synthetic_track_0,0.2842793905756036,46.64011717207212
32.839391,343,2383.472946,synthetic_track_0,0.2306374765669433,37.83939071197804
24.594315,516,2385.339124,synthetic_track_0,0.18038234879981993,29.594315179734235
34.346659,353,2385.83372,synthetic_track_0,0.23982452999284667,39.346658781543795
35.504028,373,2386.292438,synthetic_track_0,0.24687889293682289,40.50402834539149
35.52513,376,2386.750845,synthetic_track_0,0.24700750915011546,40.52512968251638
35.121782,372,2387.230897,synthetic_track_0,0.244549039456006,40.12178241782341
34.043741,352,2388.89994,synthetic_track_0,0.23797819525294206,39.04374104827563
39.788981,442,2389.450552,synthetic_track_0,0.27299640185443325,44.78898081308024
37.676301,419,2390.062103,synthetic_track_0,0.26011926145335346,42.67630097395606
26.39501,442,2390.628795,synthetic_track_0,0.19135788927581301,31.395010238178855
24.225363,455,2391.184492,synthetic_track_0,0.17813352396413626,29.225363165227023
33.752758,389,2392.938214,synthetic_track_0,0.23620460379764383,38.75275789567
40.174845,435,2393.499842,synthetic_track_0,0.27534830861871806,45.17484489855589
30.566598,469,2394.111362,synthetic_track_0,0.2167844220502489,35.56659814498434
28.095089,351,2394.610515,synthetic_track_0,0.20172015419356645,33.0950886327241
33.551631,369,2395.069263,synthetic_track_0,0.23497870387633632,38.55163140579239
26.779061,379,2396.779082,synthetic_track_0,0.1936987461339361,31.7790614278372
31.359754,440,2397.32389,synthetic_track_0,0.22161883884267536,36.359753657245925
38.032058,540,2398.039945,synthetic_track_0,0.2622876590122605,43.03205773851885
40.834823,421,2398.616744,synthetic_track_0,0.27937098367134006,45.834822519232425
47.916698,530,2400.525382,synthetic_track_0,0.3225362084532493,52.91669763339644
33.852806,351,2400.992979,synthetic_track_0,0.2368144146894208,38.852806131272644
34.942335,392,2401.499694,synthetic_track_0,0.24345527699438468,39.94233497611776
50.654514,601,2402.319243,synthetic_track_0,0.3392236641450468,55.654514424101166
36.992404,476,2402.955321,synthetic_track_0,0.25595079166335355,41.992403632540686
31.442526,355,2404.691154,synthetic_track_0,0.222123349150498,36.44252581960255
35.369391,364,2405.148407,synthetic_track_0,0.24605825696660735,40.36939122755832
49.202547,598,2405.922172,synthetic_track_0,0.33037368025362934,54.202547453048844
36.546038,404,2406.418186,synthetic_track_0,0.25323011696581765,41.54603787094524
39.461853,443,2406.964283,synthetic_track_0,0.2710025040146107,44.46185323379927
33.730924,364,2408.658195,synthetic_track_0,0.2360715233775472,38.73092414129882
40.552177,405,2409.170247,synthetic_track_0,0.2776482143627497,45.55217746976045
37.229816,388,2409.671093,synthetic_track_0,0.2573978591697461,42.22981584141517
36.709626,390,2410.202641,synthetic_track_0,0.25422721278863786,41.70962576211793
33.014235,347,2410.622399,synthetic_track_0,0.23170318065347345,38.01423477424327
24.097871,387,2412.401525,synthetic_track_0,0.17735643477235358,29.097870521864763
40.811087,417,2412.937046,synthetic_track_0,0.2792263106575842,45.811086833365266
39.74569,406,2413.47452,synthetic_track_0,0.2727325370553851,44.74569000286612
38.774205,408,2414.046968,synthetic_track_0,0.26681117408185157,43.77420535762054
41.660112,500,2414.718382,synthetic_track_0,0.2844012600580626,46.66011161109943
24.427544,427,2416.483793,synthetic_track_0,0.17936585130150112,29.42754416502679
37.146531,528,2417.179618,synthetic_track_0,0.2568902210882205,42.14653052285789
22.894701,359,2417.635007,synthetic_track_0,0.17002291365545436,27.89470105015774
26.515171,454,2418.198288,synthetic_track_0,0.1920902882104518,31.51517080296369
29.911008,388,2419.952949,synthetic_track_0,0.2127884890780472,34.91100794670133
40.531199,555,2420.639909,synthetic_track_0,0.2775203467852246,45.531198957085984
26.662368,340,2421.078556,synthetic_track_0,0.1929874772283955,31.66236754781974
31.078733,343,2421.534815,synthetic_track_0,0.21990597330130823,36.07873346303624
35.785229,400,2422.070851,synthetic_track_0,0.2485928600964433,40.78522927589834
37.563836,395,2422.633295,synthetic_track_0,0.2594337700481747,42.56383626311912
47.775788,506,2424.862915,synthetic_track_0,0.32167733981506685,52.77578789724166
35.640508,389,2425.411676,synthetic_track_0,0.24771075816914817,40.640507784961365
33.752216,391,2426.164409,synthetic_track_0,0.23620129853069455,38.75221561915292
24.283841,424,2426.848975,synthetic_track_0,0.1784899535373113,29.283840556158584
31.583137,360,2428.783872,synthetic_track_0,0.22298039686388474,36.583136806890366
32.667621,370,2429.257822,synthetic_track_0,0.22959051290469024,37.66762128548703
30.689673,353,2429.714144,synthetic_track_0,0.21753458116720215,35.68967252277007
31.275275,340,2430.23125,synthetic_track_0,0.2211039302076322,36.27527549995602
33.086269,364,2430.801274,synthetic_track_0,0.2321422409794022,38.08626892700215
31.617808,337,2431.238657,synthetic_track_0,0.22319172202199444,36.61780773437366
36.031073,414,2433.012936,synthetic_track_0,0.2500913199162284,41.03107313194049
30.215014,331,2433.468912,synthetic_track_0,0.21464145934749673,35.215014333898466
35.868001,377,2433.988451,synthetic_track_0,0.24909737050784841,40.86800145524916
34.705374,507,2434.688759,synthetic_track_0,0.24201095889678192,39.70537384724542
36.041863,388,2435.323956,synthetic_track_0,0.25015708853106083,41.04186341784837
48.378228,551,2437.339751,synthetic_track_0,0.3253493142816093,53.37822804960596
26.264531,3000,2442.63347,synthetic_track_0,0.16008674993785665,26.264530677654417
27.746527,312,2443.080918,synthetic_track_0,0.1995956110578286,32.74652681616997
25.260581,468,2443.677787,synthetic_track_0,0.1844433486271475,30.26058053016579
31.722535,359,2445.365265,synthetic_track_0,0.22383005339673348,36.72253516485027
32.899871,380,2445.859748,synthetic_track_0,0.23100611180110742,37.899870616906625
53.803766,597,2446.734473,synthetic_track_0,0.3584188815780477,58.8037655478138
30.502426,353,2447.170647,synthetic_track_0,0.21639328365561417,35.502426273364236
42.393215,645,2449.274502,synthetic_track_0,0.28886965141762794,47.39321539382116
30.933469,339,2449.722241,synthetic_track_0,0.21902056378314366,35.933469314309704
48.151635,494,2450.40945,synthetic_track_0,0.3239681888050134,53.15163457785502
32.401202,352,2450.905873,synthetic_track_0,0.22796664204064557,37.40120194633619
29.70387,339,2451.353837,synthetic_track_0,0.21152594790462012,34.70386993312963
25.255625,302,2453.040874,synthetic_track_0,0.18441314378468124,30.25562499192245
29.935627,360,2453.521196,synthetic_track_0,0.21293854745283397,34.93562717839637
24.601514,296,2453.905875,synthetic_track_0,0.18042622753358595,29.601514116245482
31.304575,375,2454.376906,synthetic_track_0,0.2212825170818231,36.30457524173748
27.51146,318,2454.770888,synthetic_track_0,0.1981628378805716,32.51145979730179
35.311504,397,2455.385646,synthetic_track_0,0.24570542608006873,40.311504252857944
26.300078,316,2457.011699,synthetic_track_0,0.19077925856204375,31.30007755862402
24.996581,309,2457.436311,synthetic_track_0,0.18283422609083694,29.9965808660122
35.674167,414,2457.948069,synthetic_track_0,0.24791591460508083,40.674166644969226
28.719082,324,2458.371655,synthetic_track_0,0.2055234993584862,33.71908203505453
34.760699,374,2458.858757,synthetic_track_0,0.2423481766987142,39.76069927116301
32.467986,347,2459.310715,synthetic_track_0,0.22837370280321342,37.46798611111112
32.787174,363,2461.056253,synthetic_track_0,0.2303192084911054,37.78717426280403
33.376947,401,2461.63778,synthetic_track_0,0.23391397189974555,38.376946832125284
20.280265,325,2462.146908,synthetic_track_0,0.15408748383697823,25.280264905433423
28.950475,331,2462.615269,synthetic_track_0,0.20693387809988112,33.95047492506484
38.040186,403,2463.198016,synthetic_track_0,0.26233719949408996,43.040185566120456
28.784839,447,2463.78595,synthetic_track_0,0.20592429793935654,33.78483879897731
32.818024,406,2465.567758,synthetic_track_0,0.230507245714111,37.818024470045344
27.214505,323,2466.037901,synthetic_track_0,0.19635285059591784,32.214505386131556
28.937282,346,2466.539558,synthetic_track_0,0.2068534657653533,33.93728212661095
37.53799,410,2467.186253,synthetic_track_0,0.25927623050857423,42.53798963888329
34.854864,468,2467.847184,synthetic_track_0,0.242922128979589,39.85486438660447
36.805421,420,2469.955532,synthetic_track_0,0.25481110378322835,41.8054214662957
32.211693,361,2470.426707,synthetic_track_0,0.22681155593123392,37.211693479409654
31.577039,367,2470.879982,synthetic_track_0,0.22294322750886472,36.57703864033023
31.282745,432,2471.448145,synthetic_track_0,0.22114946035632138,36.28274537480493
1.638972,117,2471.622413,synthetic_track_0,0.04046565555586368,6.638972008307661
1.021065,115,2471.775211,synthetic_track_0,0.03669941086852054,6.021065472203483
1.325707,114,2471.918212,synthetic_track_0,0.0385562551880917,6.325707452966641
1.421636,115,2472.079057,synthetic_track_0,0.039140955124890325,6.421635875732618
27.653566,329,2473.606766,synthetic_track_0,0.1990290004450585,32.65356620683058
1.846544,119,2473.754253,synthetic_track_0,0.041730841280291406,6.846543898455107
29.221141,356,2474.222734,synthetic_track_0,0.20858363553973655,34.22114132879027
32.005448,380,2474.681522,synthetic_track_0,0.22555445783236439,37.005448480398826
35.79426,406,2475.157739,synthetic_track_0,0.24864790588722394,40.79426032850697
0.598225,111,2475.313506,synthetic_track_0,0.03412212943952929,5.59822543589213
0.695912,112,2475.495951,synthetic_track_0,0.03471754832662174,5.695912456411723
34.610532,389,2477.288596,synthetic_track_0,0.2414328847415206,39.610532479107746
1.632401,117,2477.41606,synthetic_track_0,0.04042560323816342,6.632400850311399
32.787727,370,2477.967938,synthetic_track_0,0.23032258010873244,37.7877274251028
43.126726,489,2478.590794,synthetic_track_0,0.29334052325192933,48.12672613405077
39.541255,608,2479.401789,synthetic_track_0,0.2714864698034676,44.54125477273551
34.077819,382,2479.90139,synthetic_track_0,0.2381859060916322,39.07781899474513
0.79731,113,2481.288372,synthetic_track_0,0.03533558100306286,5.797309593879264
0.61724,111,2481.423077,synthetic_track_0,0.03423802685466187,5.6172400714968385
1.234274,117,2481.570217,synthetic_track_0,0.037998951547842885,6.234273786146836
0.600156,111,2481.704656,synthetic_track_0,0.03413389452446185,5.600155667059021
0.508392,110,2481.847143,synthetic_track_0,0.03357458219471099,5.508392445875292
34.147785,381,2482.390826,synthetic_track_0,0.23861236265529465,39.14778531927447
0.799559,113,2482.529182,synthetic_track_0,0.03534929166882008,5.799559025525115
0.710475,112,2482.700254,synthetic_track_0,0.034806307533753744,5.710474679203727
1.002577,115,2482.860826,synthetic_track_0,0.03658672313567027,6.002577431078341
33.904651,407,2483.445595,synthetic_track_0,0.2371304204604444,38.90465141684804
1.527823,116,2483.59609,synthetic_track_0,0.0397881840822967,6.527823082443136
1.019429,115,2483.730517,synthetic_track_0,0.036689434944642225,6.019428778605532
0.923094,114,2483.856763,synthetic_track_0,0.036102257395152736,5.92309386789129
25.517227,3000,2490.269999,synthetic_track_0,0.15553180537600922,25.5172265989215
0.513736,110,2490.391429,synthetic_track_0,0.033607155059860956,5.513736492252163
1.006993,115,2490.525367,synthetic_track_0,0.036613637044700276,6.006993044423284
0.494576,110,2490.664421,synthetic_track_0,0.033490366207285946,5.494575603531172
0.504948,110,2490.782868,synthetic_track_0,0.03355358660501759,5.504947817823241
0.813312,113,2490.911604,synthetic_track_0,0.035433117110161304,5.813311793174712
0.583843,111,2491.023865,synthetic_track_0,0.03403446848871756,5.58384339782389
0.612249,111,2491.145188,synthetic_track_0,0.034207607124851845,5.612249277898296
0.712114,112,2491.292766,synthetic_track_0,0.03481629709440399,5.712113610109979
0.309565,108,2491.440865,synthetic_track_0,0.03236269282151392,5.309564587650838
0.607475,111,2491.567072,synthetic_track_0,0.0341785094497708,5.607475386366916
0.723184,112,2492.86824,synthetic_track_0,0.0348837704329228,5.72318358042382
0.318084,108,2493.027143,synthetic_track_0,0.03241462026309889,5.318084030284598
0.799457,113,2493.203958,synthetic_track_0,0.035348668652892844,5.79945681081378
1.032907,115,2493.381809,synthetic_track_0,0.03677158909219007,6.032907346503278
1.33518,118,2493.559182,synthetic_track_0,0.03861398934737155,6.335179571041015
0.906136,114,2493.727172,synthetic_track_0,0.03599889795026462,5.906136266389959
0.502291,110,2493.845435,synthetic_track_0,0.03353738988662162,5.50229051353445
1.216632,113,2493.983817,synthetic_track_0,0.03789142423217767,6.216632385580761
1.106666,116,2494.138249,synthetic_track_0,0.037221160616789054,6.106666012377959
0.918585,114,2494.283377,synthetic_track_0,0.03607477806368057,5.918585488873462
0.602282,111,2494.444058,synthetic_track_0,0.034146856349288074,5.602282240594426
0.507625,110,2494.607461,synthetic_track_0,0.03356990308024711,5.50762476994066
0.412142,109,2494.805908,synthetic_track_0,0.03298791947033131,5.412141999614827
1.137199,116,2495.0216,synthetic_track_0,0.03740726608202566,6.13719928701114
1.337458,118,2495.210284,synthetic_track_0,0.03862787706287612,6.337458050240911
1.113432,116,2495.439692,synthetic_track_0,0.03726240245418771,6.1134323281659935
0.816076,113,2495.645916,synthetic_track_0,0.0354499647767535,5.816075894864761
0.715787,112,2495.848746,synthetic_track_0,0.0348386898481608,5.715787462994314
0.514595,110,2497.234499,synthetic_track_0,0.033612387091996314,5.514594882272442
0.608408,111,2497.366855,synthetic_track_0,0.03418419668371316,5.608408458781767
1.013705,115,2497.499739,synthetic_track_0,0.0366545466455769,6.013704852037917
0.495814,110,2497.644164,synthetic_track_0,0.03349791641887074,5.495814324186495
0.514575,110,2497.79899,synthetic_track_0,0.03361226867904622,5.514575454927196
0.716894,112,2497.945556,synthetic_track_0,0.03484543387496134,5.716893917456426
0.803008,113,2498.124044,synthetic_track_0,0.035370312753460156,5.803007836389357
0.515504,110,2498.269451,synthetic_track_0,0.033617929650267386,5.515504218565419
1.03324,115,2498.422891,synthetic_track_0,0.03677361822296913,6.033240254552298
0.706399,112,2498.546088,synthetic_track_0,0.03478146499155376,5.706398903338606
1.030509,115,2498.683969,synthetic_track_0,0.036756972279395284,6.030509248420787
1.029073,115,2498.821339,synthetic_track_0,0.03674821793700074,6.029072972811011
1.73765,118,2498.981015,synthetic_track_0,0.041067117112188974,6.73765041550668
0.720326,112,2499.140908,synthetic_track_0,0.03486635518063791,5.720326358148564
0.618997,111,2499.315137,synthetic_track_0,0.03424873304617594,5.61899657598938
0.518897,110,2499.471332,synthetic_track_0,0.033638606679063564,5.518896582126744
0.594565,111,2499.6191,synthetic_track_0,0.03409981887813397,5.59456506784524
0.514857,110,2499.758867,synthetic_track_0,0.03361398684086788,5.51485734405226
0.314039,108,2501.153366,synthetic_track_0,0.03238996301169779,5.314038654036393
0.906455,114,2501.28709,synthetic_track_0,0.03600084102955846,5.906455056456858
34.897291,395,2501.788171,synthetic_track_0,0.2431807277736179,39.89729123305874
0.70396,112,2501.926624,synthetic_track_0,0.034766597393858574,5.703959660391143
1.439702,119,2502.062496,synthetic_track_0,0.03925107147780523,6.439702045046242
1.548153,120,2502.202908,synthetic_track_0,0.03991210135730761,6.548153491251353
29.928325,396,2502.702041,synthetic_track_0,0.21289404015813362,34.92832511743573
0.62121,111,2502.837192,synthetic_track_0,0.03426222120887126,5.62120950281208
1.431942,119,2502.982677,synthetic_track_0,0.039203769943227024,6.431941548899548
1.33863,118,2503.128521,synthetic_track_0,0.03863502068740459,6.338630064449772
0.697985,112,2503.262883,synthetic_track_0,0.03473017927809599,5.697984745421352
1.128444,116,2503.406818,synthetic_track_0,0.03735389841312985,6.1284435544008335
1.220268,113,2503.536857,synthetic_track_0,0.03791358619383318,6.220268373705974
23.752117,513,2505.399372,synthetic_track_0,0.17524901050592728,28.752117301702114
1.447817,119,2505.552394,synthetic_track_0,0.039300531729742495,6.447816709781675
29.210262,399,2506.070976,synthetic_track_0,0.2085173225607629,34.210261732126234
0.415417,109,2506.212002,synthetic_track_0,0.03300788387732263,5.415417447333568
1.126169,116,2506.351799,synthetic_track_0,0.037340034205481126,6.1261689320023365
0.519965,110,2506.490462,synthetic_track_0,0.03364511756065501,5.519964785768603
0.703851,112,2506.627056,synthetic_track_0,0.034765935371402414,5.70385104609848
0.706737,112,2506.767927,synthetic_track_0,0.034783526270625455,5.7067370857767825
1.025241,115,2506.932514,synthetic_track_0,0.036724860332194915,6.0252408222537825
0.808826,113,2507.102296,synthetic_track_0,0.03540577513827273,5.8088259499694885
0.69428,112,2507.242885,synthetic_track_0,0.03470759787262423,5.694279941513547
0.602722,111,2507.367816,synthetic_track_0,0.03414953468803786,5.602721660535715
0.509763,110,2508.738894,synthetic_track_0,0.03358293634656082,5.509763064478212
0.908945,114,2508.884444,synthetic_track_0,0.036016020444298,5.908945457469122
0.313851,108,2509.012972,synthetic_track_0,0.03238881670279879,5.313850585596904
0.911946,114,2509.143981,synthetic_track_0,0.036034310999255845,5.911946285719981
0.933075,114,2509.3103,synthetic_track_0,0.03616309470103536,5.933075101736816
0.311965,108,2509.456799,synthetic_track_0,0.03237732288400831,5.311964859536857
0.933393,114,2509.595852,synthetic_track_0,0.036165029904357306,5.933392599637401
0.587641,111,2509.743187,synthetic_track_0,0.034057617269307616,5.587641287769147
0.611267,111,2509.88818,synthetic_track_0,0.03420162228840944,5.611267379518804
0.608192,111,2510.026786,synthetic_track_0,0.03418287978776777,5.6081924030871475
1.95856,120,2510.168946,synthetic_track_0,0.04241359590288463,6.958559600800061
1.034041,115,2510.305805,synthetic_track_0,0.03677850065199904,6.034041287161725
0.516096,110,2510.449017,synthetic_track_0,0.03362153481702867,5.516095697954166
1.017473,115,2510.58717,synthetic_track_0,0.036677515801944886,6.017473272049574
0.40935,109,2510.731045,synthetic_track_0,0.03297090221949066,5.409350075193054
1.443419,119,2510.887076,synthetic_track_0,0.03927372811298128,6.443419191467571
1.554414,120,2511.02987,synthetic_track_0,0.039950257354196106,6.554413530581299
0.90817,114,2511.159154,synthetic_track_0,0.03601129527249629,5.908170225166691
1.323499,114,2511.301106,synthetic_track_0,0.03854279570094583,6.323499230779698
1.445216,119,2512.69325,synthetic_track_0,0.039284682983214636,6.445216495275821
0.721612,112,2512.833088,synthetic_track_0,0.034874191441302264,5.721612009263956
0.408709,109,2512.96522,synthetic_track_0,0.032966996157339966,5.4087092295938675
0.415809,109,2513.095918,synthetic_track_0,0.03301026989293744,5.415808907465883
0.410565,109,2513.237782,synthetic_track_0,0.03297830580378015,5.4105647395345535
0.817174,113,2513.380537,synthetic_track_0,0.03545665549586679,5.817173603435113
0.407634,109,2513.530085,synthetic_track_0,0.032960443745109216,5.40763421225412
27.457736,402,2514.062968,synthetic_track_0,0.1978353844780921,32.45773636336198
0.712417,112,2514.196739,synthetic_track_0,0.034818146120347206,5.712416969373805
0.816414,113,2514.328748,synthetic_track_0,0.03545202849881989,5.816414478111306
0.308156,108,2514.474382,synthetic_track_0,0.032354109958724724,5.308156445733307
0.719824,112,2514.625306,synthetic_track_0,0.034863294923174803,5.719824278956797
0.906685,114,2514.789812,synthetic_track_0,0.036002243711016395,5.906685186496959
1.130161,116,2514.947063,synthetic_track_0,0.037364363979429556,6.130160580870821
0.816499,113,2515.078897,synthetic_track_0,0.03545254618356087,5.816499411728648
1.017188,115,2516.463129,synthetic_track_0,0.03667577497625311,6.017187664591092
25.934233,301,2516.828557,synthetic_track_0,0.18854937639888594,30.93423336162116
41.210332,452,2517.393717,synthetic_track_0,0.28165977967767575,46.21033237839711
14.184529,241,2517.68683,synthetic_track_0,0.1169329428256716,19.184528796202386
35.38666,415,2518.228226,synthetic_track_0,0.24616351239688922,40.38665989269582
33.521344,370,2518.676046,synthetic_track_0,0.23479409709893767,38.52134401242491
0.701208,112,2518.808818,synthetic_track_0,0.03474982316746478,5.701207607620474
32.059064,344,2520.558395,synthetic_track_0,0.22588125422769145,37.05906412287858
33.44192,439,2521.12673,synthetic_track_0,0.2343099965097005,38.441920357550124
31.709142,377,2521.601917,synthetic_track_0,0.22374842189045435,36.70914234375943
0.91052,114,2521.74683,synthetic_track_0,0.03602561980269387,5.910520370091011
29.91584,395,2522.264221,synthetic_track_0,0.21281794119900027,34.915839990168976
32.134785,369,2522.77098,synthetic_track_0,0.22634278320412868,37.134784580474026
1.424677,115,2522.947741,synthetic_track_0,0.039159490641745016,6.424676893501079
21.11446,323,2524.592739,synthetic_track_0,0.1591720447525431,26.114460153953964
0.608299,111,2524.727897,synthetic_track_0,0.03418353063520093,5.608299183956779
1.63867,117,2524.900618,synthetic_track_0,0.040463814305212197,6.638669924692122
0.915647,114,2525.058525,synthetic_track_0,0.03605686810344712,5.915647102653679
1.954847,120,2525.20338,synthetic_track_0,0.04239096787691747,6.954847148130368
0.926826,114,2525.339844,synthetic_track_0,0.03612500472742326,5.926825894473664
1.022852,115,2525.479735,synthetic_track_0,0.036710300068917824,6.0228520019318985
0.515155,110,2525.613823,synthetic_track_0,0.033615801118763375,5.515155002399765
1.95353,120,2525.801574,synthetic_track_0,0.04238294034575028,6.95353011634174
1.02838,115,2525.967773,synthetic_track_0,0.03674399531135388,6.028380190423428
31.19762,341,2526.399765,synthetic_track_0,0.22063060865982465,36.197620301648776
1.003625,115,2526.550828,synthetic_track_0,0.03659310545177582,6.0036245417056335
33.705187,416,2528.353815,synthetic_track_0,0.23591465090769015,38.70518695943562
0.50287,110,2528.483769,synthetic_track_0,0.03354092007245823,5.502869691225543
0.604231,111,2528.619739,synthetic_track_0,0.03415873496485502,5.604231098092546
32.467986,369,2529.061358,synthetic_track_0,0.22837370280321342,37.46798611111112
36.525396,398,2529.611896,synthetic_track_0,0.2531043042660059,41.52539649047417
1.738903,118,2529.752229,synthetic_track_0,0.04107474901638462,6.738902539008177
33.907381,471,2530.316178,synthetic_track_0,0.23714705562397698,38.907380654358946
24.134801,394,2532.063724,synthetic_track_0,0.1775815315285796,29.13480087782261
35.423624,395,2532.543856,synthetic_track_0,0.24638881454298278,40.42362394581148
21.945189,365,2532.974041,synthetic_track_0,0.16423547775896002,26.945189065515414
20.002404,322,2533.37416,synthetic_track_0,0.15239387225939205,25.002403600529615
22.786536,373,2533.859722,synthetic_track_0,0.16936362774570762,27.786535727239944
24.094608,408,2534.344111,synthetic_track_0,0.17733654971348184,29.09460809234473
0.897559,114,2535.666031,synthetic_track_0,0.035946615440266984,5.897558569683201
20.457171,316,2536.129531,synthetic_track_0,0.15516575748760214,25.457171185226795
16.939398,274,2536.460493,synthetic_track_0,0.13372433534905612,21.9393979169895
0.515153,110,2536.596063,synthetic_track_0,0.03361579111210856,5.515153360664315
1.325217,118,2536.739476,synthetic_track_0,0.038553267691588976,6.325217311255502
15.732493,265,2537.081754,synthetic_track_0,0.12636804395558876,20.732492654358524
0.60593,111,2537.218718,synthetic_track_0,0.0341690899018168,5.605929974230662
1.542016,120,2537.351868,synthetic_track_0,0.03987469298429503,6.542016110356485
13.806536,234,2537.635899,synthetic_track_0,0.1146290110913407,18.806535703463325
0.607327,111,2537.758638,synthetic_track_0,0.03417760348206372,5.607326749352017
0.815352,113,2537.895362,synthetic_track_0,0.03544555131999737,5.815351803892766
0.701361,112,2538.031887,synthetic_track_0,0.03475075632927814,5.701360706219101
1.530489,116,2538.177907,synthetic_track_0,0.03980443103917499,6.530488629076533
32.053772,348,2539.86864,synthetic_track_0,0.22584899644831744,37.05377177084888
32.559427,364,2540.329386,synthetic_track_0,0.22893104997565303,37.55942692001208
19.575237,311,2540.761576,synthetic_track_0,0.14979022092720465,24.575237202844
19.874403,320,2541.158083,synthetic_track_0,0.15161368790799362,24.874403151776143
31.76961,353,2541.602459,synthetic_track_0,0.2241169838440623,36.76961022596024
20.644541,323,2542.020792,synthetic_track_0,0.15630780967260305,25.64454124964551
32.150487,350,2543.713826,synthetic_track_0,0.2264384896324326,37.15048659468328
33.037867,369,2544.169366,synthetic_track_0,0.23184722486315454,38.037867295770354
1.008066,115,2544.311835,synthetic_track_0,0.036620176966260874,6.008066012489189
26.440999,363,2544.776019,synthetic_track_0,0.19163819940192964,31.440999140505284
31.039898,340,2545.2561,synthetic_track_0,0.2196692655352559,36.03989815414569
27.166705,354,2545.706847,synthetic_track_0,0.1960615015554829,32.1667053913576
11.588326,207,2545.985501,synthetic_track_0,0.10110864998798924,16.588326269454658
1.125858,116,2547.390055,synthetic_track_0,0.03733814033161447,6.125858214792513
22.671657,364,2547.819032,synthetic_track_0,0.16866342037932958,27.671656651600674
19.220524,311,2548.202226,synthetic_track_0,0.14762818103518438,24.220523504850117
49.376344,526,2548.858082,synthetic_track_0,0.33143299849446445,54.376343825606924
31.865864,360,2549.323595,synthetic_track_0,0.22470366914552775,36.865864376315905
48.826203,517,2551.251364,synthetic_track_0,0.3280797946760301,53.82620257661609
20.967723,330,2551.696956,synthetic_track_0,0.15827765414916664,25.967722529201726
1.008357,115,2551.879782,synthetic_track_0,0.03662194866519481,6.008356685146483
1.529428,116,2552.02527,synthetic_track_0,0.039797967575616745,6.529428205044092
1.637677,117,2552.17674,synthetic_track_0,0.04045776303616557,6.6376771270897255
1.139725,116,2552.319918,synthetic_track_0,0.03742265869777899,6.139724666711956
0.413498,109,2552.457156,synthetic_track_0,0.032996184465305986,5.413497990751802
1.847195,119,2552.600105,synthetic_track_0,0.041734811792169854,6.847195317957833
1.636889,117,2552.742906,synthetic_track_0,0.04045296098503067,6.636889281628454
0.714215,112,2552.872196,synthetic_track_0,0.034829102774100236,5.714214565794075
21.475835,339,2553.289673,synthetic_track_0,0.1613746862770955,26.475835132932172
25.342257,371,2554.985853,synthetic_track_0,0.1849411814970238,30.34225716291826
28.892678,314,2555.379997,synthetic_track_0,0.2065815969629358,33.89267814468138
31.696457,355,2555.828695,synthetic_track_0,0.22367110268992163,36.6964570183646
32.151389,366,2556.386054,synthetic_track_0,0.22644398754311043,37.1513886058973
26.969509,324,2556.797845,synthetic_track_0,0.19485955331441304,31.96950851864461
0.914832,114,2556.944701,synthetic_track_0,0.03605190276489826,5.914832467546827
23.032559,544,2558.838251,synthetic_track_0,0.1708631837899692,28.0325594346527
0.918593,114,2558.979188,synthetic_track_0,0.03607482661119599,5.9185934537906615
32.937922,439,2559.579758,synthetic_track_0,0.23123803985144029,37.93792174478161
18.430124,302,2559.982982,synthetic_track_0,0.1428105626212168,23.43012400785238
22.131498,367,2560.424281,synthetic_track_0,0.1653710622333538,27.131498009112313
21.180491,350,2560.915842,synthetic_track_0,0.15957451619653745,26.18049137509983
19.39546,320,2561.343819,synthetic_track_0,0.14869445064609452,24.395460349512597
1.119679,112,2561.479297,synthetic_track_0,0.037300475017541454,6.1196786790261966
17.935271,296,2563.097688,synthetic_track_0,0.13979434806723776,22.935270687923516
33.22339,363,2563.579776,synthetic_track_0,0.23297802003087673,38.22339048481824
10.89373,206,2563.825322,synthetic_track_0,0.0968749713555677,15.893730480835487
49.941883,574,2564.544028,synthetic_track_0,0.33488005689136646,54.94188326624298
35.700585,480,2565.158087,synthetic_track_0,0.24807693627108948,40.70058456205663
19.903165,317,2566.792836,synthetic_track_0,0.15178899901683335,24.903165457201432
23.091436,388,2567.270098,synthetic_track_0,0.17122204396031473,28.091435599961116
28.506502,313,2567.719459,synthetic_track_0,0.20422779117974899,33.506502497878955
31.65401,342,2568.156338,synthetic_track_0,0.22341237924032759,36.65400972037442
17.666218,291,2568.525536,synthetic_track_0,0.13815442891171714,22.666218396051992
31.347103,335,2568.937368,synthetic_track_0,0.22154172965252864,36.34710278707132
22.106272,376,2570.614363,synthetic_track_0,0.16521730755026443,27.10627234494959
24.922099,427,2571.162594,synthetic_track_0,0.18238024869565456,29.922099353786123
22.392956,382,2571.653987,synthetic_track_0,0.16696469461929844,27.392956291610986
29.512014,364,2572.157085,synthetic_track_0,0.21035655630007094,34.51201444425378
26.986426,339,2572.636957,synthetic_track_0,0.19496266708207716,31.986425813268642
24.810865,440,2574.448765,synthetic_track_0,0.18170225798314424,29.810865239315035
31.376076,336,2574.878712,synthetic_track_0,0.22171832722823037,36.376076155863046
21.474244,365,2575.400372,synthetic_track_0,0.16136498690967627,26.474243812393553
29.796487,390,2575.894006,synthetic_track_0,0.21209046634808915,34.79648729204503
23.449278,418,2576.413915,synthetic_track_0,0.1734031512830318,28.449277583829215
35.02487,386,2576.935964,synthetic_track_0,0.2439583414242495,40.02486992142804
26.274209,352,2578.644343,synthetic_track_0,0.19062158407665677,31.27420879459366
20.92608,332,2579.155272,synthetic_track_0,0.15802383800698486,25.92608034547693
24.807722,709,2580.106255,synthetic_track_0,0.18168309651959857,29.80772152600135
26.985861,422,2580.617051,synthetic_track_0,0.1949592231224609,31.98586078222748
18.873628,311,2581.014042,synthetic_track_0,0.14551379131849196,23.873627502525487
32.101976,367,2582.769136,synthetic_track_0,0.22614281201970515,37.1019764354528
31.385373,347,2583.218563,synthetic_track_0,0.22177499090062971,36.38537264518911
21.756823,348,2583.7349,synthetic_track_0,0.16308735397580246,26.75682286821181
26.790099,407,2584.231294,synthetic_track_0,0.19376602066288587,31.790098780585705
30.530715,332,2584.639122,synthetic_track_0,0.21656570909080344,35.5307151425798
21.83781,346,2586.321174,synthetic_track_0,0.16358098466197318,26.83781007237078
31.111013,341,2586.730323,synthetic_track_0,0.22010272488384777,36.11101338612477
19.724042,252,2587.040865,synthetic_track_0,0.15069721118785745,24.724041982343216
23.967036,367,2587.510723,synthetic_track_0,0.17655897908237564,28.967036461946464
30.532503,330,2587.992814,synthetic_track_0,0.21657660439855628,35.532502674307615
31.550857,352,2588.489677,synthetic_track_0,0.22278364574183615,36.55085695935199
30.754264,331,2590.238013,synthetic_track_0,0.21792827665959455,35.754263923005304
31.307784,338,2590.654565,synthetic_track_0,0.22130207444047345,36.307783907329394
23.745801,431,2591.1991,synthetic_track_0,0.17521051131375517,28.745800956256527
31.857334,338,2591.691103,synthetic_track_0,0.22465167565081465,36.85733409671774
35.856702,484,2592.43304,synthetic_track_0,0.2490284974686199,40.85670184392978
32.177286,340,2592.949724,synthetic_track_0,0.22660183796698166,37.17728623516304
30.403259,358,2594.762221,synthetic_track_0,0.2157888412487523,35.40325881482028
32.682181,350,2595.220037,synthetic_track_0,0.22967925964037778,37.68218146215944
32.78929,336,2595.669269,synthetic_track_0,0.2303321056281729,37.789290223383496
39.658003,400,2596.168954,synthetic_track_0,0.2721980728675855,44.65800347626715
19.838728,254,2596.496959,synthetic_track_0,0.151396244834683,24.83872849243159
33.171227,348,2596.966029,synthetic_track_0,0.2326600743325144,38.171226926299454
21.219318,264,2598.473896,synthetic_track_0,0.15981117113813534,26.2193180173799
30.741271,320,2598.878835,synthetic_track_0,0.21784908376197,35.74127119069036
30.703101,332,2599.339883,synthetic_track_0,0.21761642802496517,35.703100675364965
31.455776,334,2599.727614,synthetic_track_0,0.22220410897805917,36.45577562927965
23.311056,434,2600.310931,synthetic_track_0,0.17256066960607275,28.31105636403156
29.828098,320,2600.703391,synthetic_track_0,0.21228313629888293,34.82809756482057
31.662972,332,2602.43587,synthetic_track_0,0.22346700886948154,36.6629724956908
31.96794,338,2602.909578,synthetic_track_0,0.2253258399013316,36.967940425138764
31.781808,347,2603.378424,synthetic_track_0,0.22419133015817636,36.78180780663807
37.09218,415,2604.113781,synthetic_track_0,0.25655894810325597,42.09218043155016
28.431069,311,2604.616075,synthetic_track_0,0.20376800854751723,33.43106855313342
30.93282,322,2605.097032,synthetic_track_0,0.21901660571754936,35.93281993679866
33.614092,360,2607.016016,synthetic_track_0,0.23535940919006032,38.614091580637165
28.225701,312,2607.508184,synthetic_track_0,0.20251625769818474,33.22570084721251
13.320431,227,2607.862761,synthetic_track_0,0.11166612246425754,18.320431267770132
31.982736,335,2608.417022,synthetic_track_0,0.2254160233005261,36.982736307094505
34.307578,374,2608.932152,synthetic_track_0,0.23958632812908634,39.3075783444643
31.660492,340,2609.424144,synthetic_track_0,0.22345189167027746,36.66049230203074
26.820726,311,2611.12811,synthetic_track_0,0.1939526968970244,31.820725698055288
31.163482,332,2611.66905,synthetic_track_0,0.22042253245506516,36.16348241162779
30.059151,341,2612.231717,synthetic_track_0,0.21369144632025372,35.05915105159758
33.211534,355,2612.934758,synthetic_track_0,0.23290575438396358,38.21153426747966
32.674862,343,2613.38605,synthetic_track_0,0.22963464479705378,37.674861756302356
28.777904,313,2613.853185,synthetic_track_0,0.20588203083563011,33.77790427352215
30.457213,325,2615.815467,synthetic_track_0,0.216117701298367,35.457213029426505
32.898638,357,2616.334483,synthetic_track_0,0.23099859588671204,37.89863752319784
29.063671,319,2616.832619,synthetic_track_0,0.20762382809910515,34.06367113229437
35.786422,399,2617.571488,synthetic_track_0,0.2486001285677146,40.786421773008556
25.134487,296,2618.175901,synthetic_track_0,0.1836747851745369,30.134486656771198
33.000176,353,2618.717821,synthetic_track_0,0.23161749135321058,38.000176213766686
32.441755,341,2620.851635,synthetic_track_0,0.22821381903733412,37.44175488288376
29.585948,330,2621.452851,synthetic_track_0,0.21080719588374097,34.58594834055976
30.735955,333,2622.104134,synthetic_track_0,0.21781668065092447,35.735954994912525
31.778274,335,2622.724464,synthetic_track_0,0.2241697940358249,36.778274496439714
33.190053,345,2623.347794,synthetic_track_0,0.23277482426801185,38.190053301388595
32.70662,344,2623.96776,synthetic_track_0,0.22982821675575976,37.70662001643157
31.467443,334,2626.025673,synthetic_track_0,0.22227522223121715,36.467442779870694
19.539765,250,2626.421831,synthetic_track_0,0.14957401393190498,24.539765339851115
23.197669,362,2626.987884,synthetic_track_0,0.17186955375607318,28.197668882237018
31.127841,329,2627.421631,synthetic_track_0,0.2202052950486418,36.12784149489011
43.379419,583,2628.264358,synthetic_track_0,0.294880728046496,48.37941885279527
25.555625,301,2628.656721,synthetic_track_0,0.1862416944277843,30.555624988674634
23.616034,284,2630.332836,synthetic_track_0,0.17441955820572874,28.616033738304942
26.113303,302,2630.774725,synthetic_track_0,0.1896408386026524,31.113303412986763
27.018996,305,2631.32856,synthetic_track_0,0.19516118669327687,32.01899580685334
25.523322,303,2631.827733,synthetic_track_0,0.18604480066329884,30.523321738595698
25.991018,295,2632.261757,synthetic_track_0,0.18889549139706036,30.99101849837406
31.793587,343,2632.752689,synthetic_track_0,0.22426312539340534,36.793586846183274
18.992883,250,2633.085239,synthetic_track_0,0.14624067417983608,23.992883076258135
28.678316,325,2634.937747,synthetic_track_0,0.20527502287272326,33.67831589865954
26.756249,309,2635.350546,synthetic_track_0,0.19355970272712397,31.75624935984806
29.767755,317,2635.809941,synthetic_track_0,0.21191533543507493,34.767754550333095
29.240335,318,2636.24716,synthetic_track_0,0.2087006215970725,34.24033457178477
22.414676,367,2636.708849,synthetic_track_0,0.16709707716391847,27.414675549486535
31.141206,327,2637.188152,synthetic_track_0,0.22028675361743288,36.14120594310211
29.283572,318,2638.968272,synthetic_track_0,0.2089641580469774,34.2835715116058
23.643759,279,2639.356859,synthetic_track_0,0.17458854998243914,28.643759266528885
29.750453,416,2639.930578,synthetic_track_0,0.21180987772350315,34.75045269804458
21.85821,340,2640.451885,synthetic_track_0,0.16370532822233674,26.858210419413897
12.632965,227,2640.751206,synthetic_track_0,0.10747589987652606,17.632965067448147
30.196762,327,2641.208474,synthetic_track_0,0.214530208163184,35.19676197919427
32.392759,343,2641.710766,synthetic_track_0,0.22791517845876577,37.39275860654955
30.755165,324,2643.588157,synthetic_track_0,0.21793376681554374,35.75516466194472
33.84483,389,2644.218282,synthetic_track_0,0.23676579618197516,38.844829566811164
25.24212,309,2644.727795,synthetic_track_0,0.18433083020980368,30.242120267681383
27.089028,327,2645.250227,synthetic_track_0,0.19558804756815837,32.08902846444535
20.337375,317,2645.744178,synthetic_track_0,0.15443558152254094,25.337375330530012
26.123322,306,2646.290118,synthetic_track_0,0.1897019020460148,31.123321747933893
30.678277,343,2648.311522,synthetic_track_0,0.21746512274797908,35.67827687145468
31.967986,334,2649.256822,synthetic_track_0,0.22532611828578183,36.9679860981063
30.241622,322,2650.644693,synthetic_track_0,0.21480363817531528,35.24162210000128
27.521004,299,2651.61597,synthetic_track_0,0.1982210143508912,32.52100448285522
35.322414,379,2652.969657,synthetic_track_0,0.24577192028467004,40.32241358218917
29.685042,325,2653.898675,synthetic_track_0,0.21141119001904152,34.68504225371549
30.738629,323,2657.372895,synthetic_track_0,0.21783298189452857,35.73862944806302
27.669386,307,2658.136943,synthetic_track_0,0.19912542542671915,32.669386110038694
30.877197,322,2658.862403,synthetic_track_0,0.21867757656665238,35.877197335066725
30.131914,341,2659.684651,synthetic_track_0,0.21413495169203842,35.131914477974
30.779003,464,2660.699855,synthetic_track_0,0.21807906696994833,35.77900323924302
28.279131,311,2661.359463,synthetic_track_0,0.2028419244567076,33.27913115654939
17.295506,275,2663.67391,synthetic_track_0,0.1358948728318196,22.295505766796996
34.766485,367,2664.343899,synthetic_track_0,0.24238343883963248,39.76648453185615
29.095887,311,2664.899641,synthetic_track_0,0.20782018834381513,34.09588685079111
31.017069,329,2665.460662,synthetic_track_0,0.21953011804747705,36.01706901017903
25.950011,340,2666.102439,synthetic_track_0,0.18864554622711,30.95001140324319
26.961127,401,2666.876889,synthetic_track_0,0.1948084649922101,31.961126745597873
19.299927,251,2668.808897,synthetic_track_0,0.14811215959491913,24.299927139032302
31.449512,337,2669.398487,synthetic_track_0,0.22216593020809908,36.449511853700216
28.563315,311,2669.89803,synthetic_track_0,0.20457407323463148,33.56331504268427
15.19,248,2670.388199,synthetic_track_0,0.1230614617730641,20.190000354372316
32.461015,343,2671.027576,synthetic_track_0,0.2283312137999039,37.46101517984217
30.387589,331,2671.598835,synthetic_track_0,0.2156933319926854,35.387589149548525
31.134325,324,2672.19757,synthetic_track_0,0.22024481283352107,36.134324955099515
29.670152,325,2674.261693,synthetic_track_0,0.21132042874234402,34.670151562655235
14.210836,239,2674.620269,synthetic_track_0,0.1170932873755537,19.210835622663716
30.311111,328,2675.11122,synthetic_track_0,0.2152271863394863,35.311111259820265
36.93612,403,2675.673066,synthetic_track_0,0.255607734100199,41.9361201119172
24.663156,388,2676.21872,synthetic_track_0,0.18080194724107967,29.663156330779156
29.781431,339,2676.718576,synthetic_track_0,0.21199869469041435,34.781430833473195
31.859773,335,2678.536006,synthetic_track_0,0.22466654203269606,36.8597731401935
30.827838,334,2679.002487,synthetic_track_0,0.21837672185275586,35.82783779802997
18.282076,292,2679.505933,synthetic_track_0,0.14190818430908192,23.282075884749645
20.895314,310,2680.066903,synthetic_track_0,0.15783631369624213,25.895314288859378
30.796395,337,2680.498798,synthetic_track_0,0.21818507354248554,35.796395140056276
31.673274,340,2680.996134,synthetic_track_0,0.2235297974935151,36.673273871306066
24.810646,436,2683.002793,synthetic_track_0,0.18170092257751838,29.810646146841478
28.320139,306,2683.432127,synthetic_track_0,0.20309187160616343,33.32013857644656
30.703015,326,2683.892782,synthetic_track_0,0.21761590754869614,35.70301528375735
31.745074,337,2684.45982,synthetic_track_0,0.2239674341111636,36.74507444427264
33.755675,355,2684.993132,synthetic_track_0,0.2362223834022189,38.75567489517171
29.526908,323,2685.552154,synthetic_track_0,0.21044733637995452,34.52690822024678
32.439357,351,2687.463998,synthetic_track_0,0.2281992021727955,37.439356776311946
31.797222,335,2687.894739,synthetic_track_0,0.22428528104231252,36.79722179861145
31.478874,338,2688.321891,synthetic_track_0,0.22234489616651662,36.47887378969391
31.895916,478,2689.174217,synthetic_track_0,0.22488683625949074,36.89591557221866
33.859036,354,2689.738915,synthetic_track_0,0.23685238972523215,38.85903648133871
23.848071,281,2690.073105,synthetic_track_0,0.17583386589799074,28.848071229137116
34.561842,374,2691.889001,synthetic_track_0,0.24113610738233685,39.56184189067528
32.717626,340,2692.432068,synthetic_track_0,0.2298953013709354,37.71762621109767
30.540023,325,2692.898809,synthetic_track_0,0.2166224409329466,35.54002281613147
29.864896,327,2693.420055,synthetic_track_0,0.212507428085491,34.864895853950685
31.874266,347,2694.026924,synthetic_track_0,0.2247548778887766,36.87426590616485
29.393818,319,2694.446076,synthetic_track_0,0.20963612964858014,34.393818104479095
32.214945,340,2696.323876,synthetic_track_0,0.2268313715693218,37.21494451945299
27.809068,320,2696.806784,synthetic_track_0,0.19997681170851964,32.80906825815878
28.985989,3000,2702.596512,synthetic_track_0,0.17667449995400647,28.985989320181357
31.156445,337,2703.149062,synthetic_track_0,0.2203796380207138,36.156444963573165
33.890107,355,2704.859598,synthetic_track_0,0.23704176929617835,38.89010692004003
34.070706,362,2705.309511,synthetic_track_0,0.2381425495698257,39.07070573460645
32.535683,337,2705.81282,synthetic_track_0,0.22878632590401227,37.53568285736555
28.291212,317,2706.257826,synthetic_track_0,0.2029155564393818,33.291211540894466
38.962895,394,2706.777328,synthetic_track_0,0.26796126834664286,43.96289484073848
41.488824,409,2707.347786,synthetic_track_0,0.28335723230173343,46.48882386214411
25.823322,297,2709.128535,synthetic_track_0,0.18787335140291175,30.82332175118171
35.213675,369,2709.79137,synthetic_track_0,0.24510914001247752,40.213674958922084
32.985955,364,2710.285993,synthetic_track_0,0.23153081297887376,37.98595538148205
32.516501,346,2710.826799,synthetic_track_0,0.2286694111672669,37.51650131553832
30.868991,331,2711.313554,synthetic_track_0,0.21862755866757275,35.868991180308015
33.633278,374,2711.895766,synthetic_track_0,0.23547635457340405,38.63327815047904
27.41794,321,2713.618216,synthetic_track_0,0.19759282186219235,32.417940482259866
21.177975,334,2714.157187,synthetic_track_0,0.15955917652498666,26.177974681655886
33.820738,352,2714.63988,synthetic_track_0,0.2366189525076665,38.820737752902794
30.799684,346,2715.333307,synthetic_track_0,0.21820511978559956,35.799684014166374
29.668065,319,2715.803309,synthetic_track_0,0.21130771372599197,34.668065481594965
31.977263,343,2716.297606,synthetic_track_0,0.22538266037816657,36.977262640484696
32.41588,347,2718.056778,synthetic_track_0,0.22805610522940284,37.41587966742521
41.554259,459,2718.713907,synthetic_track_0,0.2837560714034889,46.5542591453738
32.406031,341,2719.229975,synthetic_track_0,0.2279960740016239,37.40603068227041
32.008422,334,2719.784232,synthetic_track_0,0.2255725789874301,37.00842151616426
32.099547,340,2720.237551,synthetic_track_0,0.22612800671774697,37.09954741301575
27.074434,316,2722.061473,synthetic_track_0,0.19549909259378248,32.07443412322515
30.330443,321,2722.545457,synthetic_track_0,0.2153450149182758,35.33044273056049
27.800302,310,2723.066867,synthetic_track_0,0.19992338228698456,32.80030239414104
28.875214,312,2723.560541,synthetic_track_0,0.20647514929023536,33.875213875050754
33.006103,366,2724.099846,synthetic_track_0,0.2316536162757631,38.00610302617919
31.548039,329,2724.595269,synthetic_track_0,0.2227664707302462,36.54803915201335
29.229502,316,2725.043939,synthetic_track_0,0.20863459711229485,34.229502306737274
29.143514,321,2726.888907,synthetic_track_0,0.2081104832503519,34.14351389975838
21.195593,271,2727.296022,synthetic_track_0,0.15966656344223162,26.195593047844557
30.573407,326,2727.758465,synthetic_track_0,0.21682592102539763,35.573406647913586
28.02886,425,2728.350913,synthetic_track_0,0.2013164772637747,33.02885963431859
26.071239,296,2728.7936,synthetic_track_0,0.18938445044906954,31.07123925384943
21.928338,273,2729.19418,synthetic_track_0,0.16413277055449033,26.928338473422954
34.709081,360,2731.024056,synthetic_track_0,0.2420335517109339,39.70908052291108
31.990304,337,2731.511827,synthetic_track_0,0.2254621496701533,36.990304000551916
29.965435,325,2732.110049,synthetic_track_0,0.2131202318444283,34.965435112397984
36.40714,427,2732.840377,synthetic_track_0,0.25238350927072595,41.4071397186103
29.251369,315,2733.270015,synthetic_track_0,0.20876787751844472,34.25136887169292
29.501702,331,2733.719342,synthetic_track_0,0.21029370065142783,34.50170207228863
34.295393,355,2735.522586,synthetic_track_0,0.23951205385171911,39.29539258244946
31.792231,331,2735.967187,synthetic_track_0,0.2242548616726824,36.7922310641056
24.056062,332,2736.393953,synthetic_track_0,0.17710160415288198,29.056061898569485
22.601254,277,2736.820857,synthetic_track_0,0.16823430505656087,27.60125411945179
31.078146,336,2737.256806,synthetic_track_0,0.21990239335911502,36.078146122100186
18.837479,246,2737.586714,synthetic_track_0,0.14529345769717517,23.837478607263137
26.720686,305,2738.063745,synthetic_track_0,0.19334293891907714,31.720686143726418
30.724923,320,2739.786866,synthetic_track_0,0.21774943708219793,35.72492272163333
22.313557,274,2740.149362,synthetic_track_0,0.16648073969865834,27.313556535761812
27.934077,312,2740.584433,synthetic_track_0,0.20073876142521732,32.93407705318276
31.967381,330,2741.125691,synthetic_track_0,0.2253224308697871,36.96738112454945
29.887556,360,2741.645339,synthetic_track_0,0.21264554322409315,34.88755562620712
27.574532,317,2742.116804,synthetic_track_0,0.1985472760923753,32.57453240769272
31.331929,350,2743.943885,synthetic_track_0,0.22144924416985948,36.33192921525639
19.577411,253,2744.293436,synthetic_track_0,0.14980346917286388,24.577410767830965
29.338484,316,2744.74432,synthetic_track_0,0.20929885955896832,34.33848410201666
29.850967,316,2745.170845,synthetic_track_0,0.2124225312780704,34.85096731330757
28.782623,308,2745.668971,synthetic_track_0,0.2059107909803941,33.78262278835702
34.298396,343,2746.142442,synthetic_track_0,0.23953036145952591,39.29839620846512
32.203603,335,2748.011856,synthetic_track_0,0.22676224023026859,37.20360253033737
37.77155,385,2748.544426,synthetic_track_0,0.26069981898170375,42.77154977511805
33.759097,343,2749.034563,synthetic_track_0,0.23624324288516502,38.75909719295694
30.877783,328,2749.464472,synthetic_track_0,0.21868114892676943,35.87778343205428
48.006544,488,2750.145541,synthetic_track_0,0.3230838360783218,53.006543810948486
31.644474,338,2750.588799,synthetic_track_0,0.22335425685268193,36.64447390786045
32.363728,348,2752.419111,synthetic_track_0,0.22773823164710605,37.36372794058279
32.060559,344,2752.906136,synthetic_track_0,0.22589036703035179,37.06055920904358
27.632942,313,2753.457188,synthetic_track_0,0.1989032907630397,32.632941727908104
31.891616,327,2753.887777,synthetic_track_0,0.22486062749018557,36.89161564717361
32.480942,332,2754.367804,synthetic_track_0,0.22845267399550606,37.480942469481974
33.145927,342,2754.904248,synthetic_track_0,0.23250586540355409,38.1459267365772
37.63942,396,2756.696263,synthetic_track_0,0.25989446558652957,42.63941998322636
35.132679,361,2757.220222,synthetic_track_0,0.24461545707066462,40.132679181474465
38.018881,377,2757.77773,synthetic_track_0,0.2622073423018557,43.018880628575815
29.919176,319,2758.202387,synthetic_track_0,0.2128382754522202,34.91917611647368
33.619947,337,2758.659675,synthetic_track_0,0.2353951016207906,38.619947436554284
32.781039,346,2759.127224,synthetic_track_0,0.230281811422095,37.78103873649308
40.29918,400,2760.944748,synthetic_track_0,0.2761061522777487,45.29918003584366
29.840763,347,2761.464253,synthetic_track_0,0.21236033178049973,34.84076259235025
34.080232,363,2761.975769,synthetic_track_0,0.23820061210504045,39.08023172746946
35.126537,371,2762.45612,synthetic_track_0,0.24457801943060975,40.12653699890094
26.482607,389,2762.974692,synthetic_track_0,0.1918918041851446,31.482606647755787
35.674167,357,2764.698051,synthetic_track_0,0.24791591460508083,40.674166644969226
35.839643,355,2765.179225,synthetic_track_0,0.24892451912307337,40.83964270288607
37.889404,373,2765.669135,synthetic_track_0,0.26141816146095936,42.88940417650226
36.796902,364,2766.187075,synthetic_track_0,0.2547591785115706,41.79690237966967
23.295396,378,2766.734751,synthetic_track_0,0.17246521978708623,28.29539645026655
33.996277,341,2767.238718,synthetic_track_0,0.23768889361636947,38.996276959512464
35.8371,360,2769.004253,synthetic_track_0,0.2489090220581357,40.83710018679634
37.532614,375,2769.514276,synthetic_track_0,0.25924346528284703,42.532614032990814
31.201555,327,2769.947863,synthetic_track_0,0.22065459146714442,36.201555025658294
28.759106,328,2770.481399,synthetic_track_0,0.20576745302582813,33.75910613812562
21.822548,349,2770.952825,synthetic_track_0,0.16348796010866512,26.822548058274776
34.49407,344,2771.430162,synthetic_track_0,0.24072302569715928,39.4940699070668
27.615477,312,2773.124373,synthetic_track_0,0.19879683896132258,32.61547678085299
33.847233,341,2773.587796,synthetic_track_0,0.23678044340021423,38.84723265334351
28.159538,317,2773.971119,synthetic_track_0,0.20211298387237925,33.15953798380579
43.387824,551,2774.677024,synthetic_track_0,0.29493195912098796,48.38782404640539
34.191666,367,2775.199893,synthetic_track_0,0.23887982549268091,39.191666439357114
36.544782,362,2776.946825,synthetic_track_0,0.25322246076702415,41.54478176156602
18.416291,249,2777.322765,synthetic_track_0,0.1427262494048553,23.41629121370472
19.267429,261,2777.709708,synthetic_track_0,0.147914075253215,24.2674285576602
42.456163,432,2778.340919,synthetic_track_0,0.28925332597130465,47.456162715127824
40.472138,421,2778.902847,synthetic_track_0,0.27716036245782305,45.47213835766609
33.635274,344,2779.405087,synthetic_track_0,0.23548851805471593,38.63527374429419
29.642809,338,2781.112985,synthetic_track_0,0.21115377293753937,34.64280928417435
47.782838,517,2781.893643,synthetic_track_0,0.32172031437314175,52.78283849074397
33.610694,350,2782.358906,synthetic_track_0,0.23533870232737833,38.610694322398366
25.528286,295,2782.811831,synthetic_track_0,0.18607505806607755,30.52828590011322
34.489816,354,2783.304577,synthetic_track_0,0.24069709657333938,39.489815861880196
41.109617,398,2783.893648,synthetic_track_0,0.28104590157425763,46.10961685830676
31.540832,330,2785.615804,synthetic_track_0,0.222722539833071,36.5408316573456
36.906298,367,2786.140527,synthetic_track_0,0.25542596440770277,41.90629818307744
38.698232,397,2786.661287,synthetic_track_0,0.2663481025465869,43.698231821093444
30.039246,351,2787.134535,synthetic_track_0,0.21357012110849438,35.03924590799598
38.525292,377,2787.679739,synthetic_track_0,0.2652940041345803,43.525291836427876
37.025103,382,2789.492756,synthetic_track_0,0.2561501015977485,42.02510328999709
35.660748,349,2789.974348,synthetic_track_0,0.24783412578865321,40.66074801488906
25.561634,369,2790.448785,synthetic_track_0,0.1862783228113144,30.561634401091794
35.664323,402,2791.022658,synthetic_track_0,0.24785591493608083,40.6643228374854
39.893063,388,2791.573126,synthetic_track_0,0.273630800693168,44.89306305454172
35.701872,361,2792.059366,synthetic_track_0,0.24808478040213486,40.70187150442108
36.763858,373,2793.862777,synthetic_track_0,0.254557766574115,41.76385785841977
19.33595,251,2794.176766,synthetic_track_0,0.14833172515815338,24.335950023334476
35.543336,356,2794.618994,synthetic_track_0,0.24711847764354491,40.54333565772084
39.175786,397,2795.179058,synthetic_track_0,0.2692588787279287,44.175786461563774
31.783788,367,2795.64141,synthetic_track_0,0.22420339759914282,36.78378764365511
28.230057,311,2796.063842,synthetic_track_0,0.20254281162798257,33.230057400793974
23.87086,368,2797.841599,synthetic_track_0,0.1759727670198947,28.87085995324341
35.855926,384,2798.348083,synthetic_track_0,0.24902376900696446,40.85592607187959
30.372243,340,2798.829708,synthetic_track_0,0.2155997948270619,35.37224303403945
36.684401,360,2799.328757,synthetic_track_0,0.25407346211864734,41.68440075636171
19.275812,251,2799.694069,synthetic_track_0,0.14796517124001554,24.27581158819426
31.291481,326,2800.12425,synthetic_track_0,0.2212027053897683,36.29148098730842
33.038665,350,2801.830864,synthetic_track_0,0.23185208968171392,38.03866543912915
31.984062,374,2802.351773,synthetic_track_0,0.22542410373222047,36.98406201797444
31.380641,347,2802.828208,synthetic_track_0,0.22174614907011245,36.380640728633146
26.242983,481,2803.624308,synthetic_track_0,0.19043125521853405,31.242982611696277
32.733026,344,2804.151569,synthetic_track_0,0.22998916739877076,37.7330262811761
34.69406,354,2805.9035,synthetic_track_0,0.24194199730032323,39.69405970684047
29.129122,315,2806.356779,synthetic_track_0,0.2080227641992972,34.12912232951078
31.509079,347,2806.819367,synthetic_track_0,0.2225290001909463,36.50907869921571
19.439399,294,2807.198976,synthetic_track_0,0.1489622627156306,24.439398766145498
25.258605,500,2807.862648,synthetic_track_0,0.18443130883913766,30.258605230013465
19.002349,248,2808.172216,synthetic_track_0,0.14629837284095606,24.002349370349517
37.03203,369,2810.020434,synthetic_track_0,0.2561923238979473,42.03203046479003
30.530662,326,2810.481157,synthetic_track_0,0.21656538655216606,35.53066222548367
37.751621,391,2811.018476,synthetic_track_0,0.260578349281436,42.751620926101324
37.116732,371,2811.4961,synthetic_track_0,0.2567085917528412,42.11673162161913
40.958112,491,2812.145413,synthetic_track_0,0.28012245271630704,45.958111809523494
33.826652,353,2813.934886,synthetic_track_0,0.23665499834940837,38.82665159097245
31.320952,341,2814.405856,synthetic_track_0,0.22138233404145716,36.32095164765163
26.066648,350,2814.921879,synthetic_track_0,0.18935646595237843,31.066647995221672
36.427907,416,2815.544643,synthetic_track_0,0.25251008811491416,41.42790679607058
36.265345,375,2816.054316,synthetic_track_0,0.25151924460291264,41.2653446862906
36.475394,379,2816.544783,synthetic_track_0,0.25279953214709244,41.4753942468781
29.683195,313,2818.237752,synthetic_track_0,0.2113999315701642,34.68319514347035
34.230191,364,2818.768429,synthetic_track_0,0.2391146365978167,39.230190573782274
33.940381,364,2819.674326,synthetic_track_0,0.23734820065169168,38.94038138523218
28.369881,420,2820.289044,synthetic_track_0,0.20339506148882106,33.36988123145896
28.836306,350,2820.788887,synthetic_track_0,0.20623799854732613,33.83630588944429
30.962621,335,2821.242307,synthetic_track_0,0.21919825054426215,35.962621379613175
31.298605,337,2823.060723,synthetic_track_0,0.22124612876268757,36.29860521533234
30.897544,322,2823.503282,synthetic_track_0,0.21880159003067096,35.89754352506323
31.000289,341,2823.944057,synthetic_track_0,0.21942784332195203,36.000289372469204
38.259277,488,2824.65135,synthetic_track_0,0.26367259636208246,43.259276602823036
26.430877,345,2825.119815,synthetic_track_0,0.19157650549500663,31.430877368955592
30.521513,332,2826.831033,synthetic_track_0,0.21650962049582798,35.52151300296505
30.741723,330,2827.293801,synthetic_track_0,0.21785183925141252,35.74172326831092
31.072836,435,2827.930804,synthetic_track_0,0.2198700293523276,36.07283634193756
28.098199,323,2828.359206,synthetic_track_0,0.20173911274566214,33.09819905549997
32.910203,341,2828.863399,synthetic_track_0,0.2310690879982046,37.91020276657712
35.708958,382,2829.486801,synthetic_track_0,0.24812797131949496,40.70895759477172
30.365159,332,2831.366896,synthetic_track_0,0.21555661417856792,35.36515862844379
30.78631,339,2831.859813,synthetic_track_0,0.21812360324497562,35.78631005484254
29.530589,318,2832.342551,synthetic_track_0,0.2104697684908176,34.53058853022969
32.058738,358,2832.868245,synthetic_track_0,0.22587926859242455,37.058738350893066
31.605164,343,2833.394833,synthetic_track_0,0.2231146591649521,36.605164465810326
32.400112,345,2834.006853,synthetic_track_0,0.22796000064017571,37.40011232919766
28.909797,324,2835.841219,synthetic_track_0,0.20668593942014216,33.90979702347268
30.530446,331,2836.356893,synthetic_track_0,0.21656406974389886,35.53044618417391
31.611126,340,2836.86284,synthetic_track_0,0.22315099299107227,36.61112555185361
36.602241,448,2837.548465,synthetic_track_0,0.2535726831380489,41.60224077182984
23.147215,278,2837.957098,synthetic_track_0,0.17156202797727305,28.147214861185297
36.619522,367,2838.511896,synthetic_track_0,0.2536780170596686,41.61952231459869
31.692575,339,2840.330736,synthetic_track_0,0.22364743852834185,36.69257457276548
20.293811,305,2840.831917,synthetic_track_0,0.15417004990000754,25.29381105398231
25.523203,300,2841.389734,synthetic_track_0,0.1860440771746638,30.52320303989354
29.41171,320,2841.931768,synthetic_track_0,0.20974518476854645,34.41171016328485
31.275753,333,2842.498239,synthetic_track_0,0.22110684229003522,36.275753268900914
20.247121,301,2843.132203,synthetic_track_0,0.1538854659983841,25.2471209773991
37.186373,385,2845.309863,synthetic_track_0,0.2571330675560161,42.18637297394052
28.904384,316,2845.826141,synthetic_track_0,0.2066529489721732,33.90438446663654
28.626565,320,2846.318523,synthetic_track_0,0.20495959091016705,33.62656475460492
35.113667,381,2847.070962,synthetic_track_0,0.24449957733499708,40.113667446439926
30.115952,336,2847.708218,synthetic_track_0,0.21403765769535424,35.11595200036948
17.61399,277,2848.207789,synthetic_track_0,0.13783608524813634,22.613989545623078
19.83922,301,2848.746397,synthetic_track_0,0.1513992419228966,24.839220207800665
31.080815,360,2850.918864,synthetic_track_0,0.21991865758131726,36.08081450135796
22.998867,374,2851.612677,synthetic_track_0,0.17065782433995963,27.9988672672696
19.486128,294,2852.316126,synthetic_track_0,0.14924708632739167,24.486128170619775
20.481321,305,2852.933405,synthetic_track_0,0.15531295758428756,25.48132147534543
20.224309,308,2853.461076,synthetic_track_0,0.15374642160978275,25.22430874833334
17.39332,236,2853.777822,synthetic_track_0,0.1364910671939477,22.393320015134456
19.64797,300,2855.445814,synthetic_track_0,0.15023353956323207,24.647969992537327
30.258182,348,2855.950266,synthetic_track_0,0.21490457157279083,35.25818167357889
29.703259,349,2856.4941,synthetic_track_0,0.21152222159733072,34.703258578897284
36.602402,372,2857.208829,synthetic_track_0,0.253573667500861,41.60240227068772
30.053222,343,2857.81825,synthetic_track_0,0.2136553104403874,35.05322244148037
27.52214,318,2858.336894,synthetic_track_0,0.19822793729325125,32.52214029098466
29.977332,325,2860.113124,synthetic_track_0,0.21319274348193368,34.977331688026425
20.135174,303,2860.52718,synthetic_track_0,0.1532031332126089,25.13517448344305
23.47703,368,2861.134798,synthetic_track_0,0.1735723098444772,28.47703047548449
28.045837,315,2861.625982,synthetic_track_0,0.20141995511415217,33.04583666194113
28.248809,322,2862.090592,synthetic_track_0,0.2026571030386263,33.248808548295
27.592784,312,2862.554102,synthetic_track_0,0.1986585250024196,32.59278438927051
30.175363,331,2863.01962,synthetic_track_0,0.2143997767038182,35.17536282487842
27.463107,325,2865.043967,synthetic_track_0,0.19786811821004993,32.463106802249236
26.132422,294,2865.513086,synthetic_track_0,0.18975736773624446,31.132421691078218
20.536659,262,2865.964046,synthetic_track_0,0.1556502460967329,25.536658500338312
28.015956,318,2866.490952,synthetic_track_0,0.2012378299522972,33.01595641324741
20.423547,316,2866.986179,synthetic_track_0,0.15496081293009198,25.423547086917388
28.147209,328,2867.504273,synthetic_track_0,0.202037837944148,33.147209214947054
29.523025,350,2869.613321,synthetic_track_0,0.21042366896996428,34.52302524169927
17.875426,244,2870.049146,synthetic_track_0,0.1394295857163274,22.875426185119522
19.416719,304,2870.587912,synthetic_track_0,0.14882402819319906,24.416719407257123
35.245154,454,2871.284662,synthetic_track_0,0.24530100764848436,40.245153600433056
18.497573,292,2871.69581,synthetic_track_0,0.14322167656732893,23.49757315560424
24.901332,301,2872.126742,synthetic_track_0,0.1822536711947196,29.901332496705837
30.10849,323,2873.910895,synthetic_track_0,0.21399217613922,35.10849009782715
27.180642,325,2874.393171,synthetic_track_0,0.1961464493381136,32.180642295216096
28.756525,322,2874.899033,synthetic_track_0,0.20575171945068135,33.75652481913905
26.561543,320,2875.339793,synthetic_track_0,0.19237293241187375,31.561542643868638
19.908438,307,2875.746098,synthetic_track_0,0.15182113660944851,24.908438090867083
28.434808,324,2876.184364,synthetic_track_0,0.20379079986966958,33.434807796887746
19.975473,315,2876.667993,synthetic_track_0,0.15222972485107586,24.97547286052114
30.75554,340,2878.379674,synthetic_track_0,0.2179360555052976,35.75554015437164
27.843217,334,2878.82009,synthetic_track_0,0.20018495659627106,32.8432174166111
19.946321,308,2879.317073,synthetic_track_0,0.15205204169351585,24.94632138643319
26.671921,315,2879.759102,synthetic_track_0,0.19304570702780766,31.67192098277678
19.335281,302,2880.225513,synthetic_track_0,0.1483276491025188,24.335281287862614
26.486287,315,2880.677935,synthetic_track_0,0.19191423686362372,31.486287050864263
18.665449,289,2882.386803,synthetic_track_0,0.14424490524247194,23.66544851655061
31.75318,430,2882.982841,synthetic_track_0,0.22401683650438745,36.7531796164551
28.810231,332,2883.45374,synthetic_track_0,0.20607906836685333,33.81023111059936
18.709203,250,2883.814735,synthetic_track_0,0.14451159751727136,23.709203214773183
18.843067,302,2884.218298,synthetic_track_0,0.14532752005783503,23.843067026772257
19.522734,307,2884.66746,synthetic_track_0,0.14947020237121567,24.52273356225879
25.25595,298,2885.085974,synthetic_track_0,0.18441512630891374,30.25595025349809
19.003217,253,2886.711222,synthetic_track_0,0.146303662342965,24.003217189128005
19.256654,296,2887.114087,synthetic_track_0,0.14784840485985526,24.256654386395677
29.232359,341,2887.60603,synthetic_track_0,0.20865200698252123,34.23235864600853
20.437467,314,2888.075511,synthetic_track_0,0.1550456573017914,25.4374670247273
28.702793,331,2888.545848,synthetic_track_0,0.2054242164193456,33.70279324287255
21.386269,327,2888.989857,synthetic_track_0,0.1608287676539399,26.38626934169124
15.71076,226,2889.308823,synthetic_track_0,0.12623558275942068,20.71076049256683
48.844354,489,2891.346253,synthetic_track_0,0.3281904310357849,53.84435406052073
38.053599,413,2891.93179,synthetic_track_0,0.2624189589046815,43.05359937175085
30.153965,341,2892.43267,synthetic_track_0,0.21426935466241728,35.15396521571497
19.646092,310,2892.884252,synthetic_track_0,0.15022209555997812,24.646092439431552
29.395865,351,2893.370216,synthetic_track_0,0.20964860834144394,34.395865413276766
29.476769,325,2895.155958,synthetic_track_0,0.21014172973227446,34.476769060220086
17.345911,287,2895.544535,synthetic_track_0,0.13620210134261668,22.345911016763107
17.90862,245,2895.910584,synthetic_track_0,0.13963190910126766,22.908620242420536
30.996667,350,2896.421102,synthetic_track_0,0.21940576685544613,35.99666741105126
31.952522,420,2896.989747,synthetic_track_0,0.22523186303246315,36.952522169996826
27.648087,327,2897.458673,synthetic_track_0,0.1989956034676447,32.648086952999975
30.161895,337,2899.154755,synthetic_track_0,0.21431769003952086,35.16189532857719
36.008404,461,2899.814367,synthetic_track_0,0.2499531448504745,41.00840352777407
18.952152,298,2900.223305,synthetic_track_0,0.14599241054980275,23.952151861902873
29.584663,349,2900.731391,synthetic_track_0,0.21079936381443296,34.584663377096575
30.029545,347,2901.251734,synthetic_track_0,0.213510989777822,35.02954456388688
30.381224,344,2901.789823,synthetic_track_0,0.21565453417474045,35.3812238102557
34.660183,366,2903.609592,synthetic_track_0,0.24173551256507148,39.66018292025075
21.182148,327,2904.093811,synthetic_track_0,0.15958461288490927,26.1821478818475
35.913572,367,2904.596908,synthetic_track_0,0.24937513036784636,40.91357194978895
17.329832,272,2904.976735,synthetic_track_0,0.13610409734518536,22.32983205333817
21.31215,268,2905.342299,synthetic_track_0,0.16037699926166932,26.31215024812109
19.810739,307,2905.76124,synthetic_track_0,0.15122564550758533,24.810739222477117
32.708198,346,2906.248866,synthetic_track_0,0.22983783477944633,37.70819799136249
36.113583,410,2908.079545,synthetic_track_0,0.25059423193053937,41.11358307128999
28.932601,323,2908.512902,synthetic_track_0,0.2068249322927387,33.93260080059792
33.636446,358,2909.03835,synthetic_track_0,0.2354956644158114,38.636446207476176
37.228708,414,2909.621752,synthetic_track_0,0.25739110605362864,42.22870789572006
30.02972,417,2910.265993,synthetic_track_0,0.21351205979507126,35.02972011558544
30.793548,347,2911.981184,synthetic_track_0,0.21816772190065478,35.79354835398967
31.004734,338,2912.469573,synthetic_track_0,0.21945493126614696,36.004733538782645
34.921853,359,2913.002226,synthetic_track_0,0.24333043793163836,39.92185333479178
18.808015,293,2913.399913,synthetic_track_0,0.145113871366071,23.808014890219702
21.110948,323,2913.812802,synthetic_track_0,0.1591506390663727,26.110948243684582
30.480199,333,2914.263225,synthetic_track_0,0.21625780398106634,35.48019888683948
38.11618,374,2916.188724,synthetic_track_0,0.2628004008731046,43.116180405379694
16.183184,262,2916.564718,synthetic_track_0,0.12911508288040685,21.18318384611301
34.26377,397,2917.211691,synthetic_track_0,0.23931930992449074,39.263770172777285
35.197584,357,2917.725838,synthetic_track_0,0.2450110627816027,40.19758398049888
40.604273,421,2918.311713,synthetic_track_0,0.2779657453181069,45.60427298373223
20.169674,308,2918.763367,synthetic_track_0,0.153413416439514,25.169674467146816
17.524301,276,2920.598391,synthetic_track_0,0.13728941964221827,22.52430120113094
39.071202,390,2921.267636,synthetic_track_0,0.26862141799117356,44.07120187175353
16.39578,267,2921.74289,synthetic_track_0,0.13041089338017478,21.395780170523327
31.740696,341,2922.303466,synthetic_track_0,0.22394074652483428,36.74069596241745
20.943792,329,2922.742723,synthetic_track_0,0.158131792934938,25.943791901980703
18.818343,297,2923.163286,synthetic_track_0,0.1451768247979637,23.818343304931417
17.040015,279,2924.945995,synthetic_track_0,0.13433761135483874,22.04001465431473
28.842656,326,2925.458874,synthetic_track_0,0.20627670449144397,33.84265615551619
40.509993,417,2926.134784,synthetic_track_0,0.2773910952428552,45.50999338510072
28.291701,313,2926.627832,synthetic_track_0,0.2029185377332663,33.29170066497699
30.933034,330,2927.148616,synthetic_track_0,0.21901791214071284,35.93303427428298
31.95048,348,2927.687197,synthetic_track_0,0.22521941559756928,36.95047998951809
31.187089,365,2929.590976,synthetic_track_0,0.2205664202201516,36.18708926617209
17.810954,276,2929.93805,synthetic_track_0,0.13903661506146275,22.810953704891663
18.353108,287,2930.326198,synthetic_track_0,0.14234113796907782,23.353108151251273
20.221385,319,2930.75877,synthetic_track_0,0.15372859889402649,25.221384675823145
17.544936,279,2931.172947,synthetic_track_0,0.13741519054241277,22.544935723774422
17.589399,278,2931.561363,synthetic_track_0,0.13768620412432148,22.58939939449586
20.029292,310,2931.963761,synthetic_track_0,0.1525577609687051,25.02929189725089
19.959618,316,2933.777826,synthetic_track_0,0.15213308453624264,24.9596176288132
37.208547,381,2934.292948,synthetic_track_0,0.25726822330126325,42.20854721521085
20.429543,317,2934.734499,synthetic_track_0,0.15499735613436996,25.429542524454796
20.71166,326,2935.218161,synthetic_track_0,0.1567169079550796,25.711659698826665
11.968615,215,2935.522136,synthetic_track_0,0.10342657294756082,16.96861482365255
13.435787,232,2935.838541,synthetic_track_0,0.11236923584987411,18.435787117605077
17.04433,275,2936.234361,synthetic_track_0,0.13436391541360732,22.044330212964912
13.189231,231,2937.813572,synthetic_track_0,0.11086643304921906,18.189230733172316
15.623133,255,2938.135808,synthetic_track_0,0.12570148015991703,20.62313328972135
17.190018,272,2938.497868,synthetic_track_0,0.13525190751783797,22.19001807202967
18.824287,297,2938.931706,synthetic_track_0,0.14521305066628332,23.82428667894691
32.466471,356,2939.423408,synthetic_track_0,0.2283644708725845,37.466471480291816
18.312069,286,2939.793293,synthetic_track_0,0.1420909988130658,23.31206922992074
19.055615,297,2940.276855,synthetic_track_0,0.14662303597120044,24.05561502005205
18.795075,286,2941.895846,synthetic_track_0,0.1450350031464292,23.79507542599122
18.545992,288,2942.288143,synthetic_track_0,0.14351679609882004,23.545991753592094
19.459632,303,2942.688886,synthetic_track_0,0.14908559036896976,24.45963243904964
27.402096,305,2943.091844,synthetic_track_0,0.19749624518325049,32.40209569093392
29.546842,442,2943.71785,synthetic_track_0,0.21056883461269524,34.5468417504255
28.778735,320,2944.191778,synthetic_track_0,0.2058870940074732,33.77873495958612
15.705159,253,2944.53306,synthetic_track_0,0.12620144074798229,20.70515900520346
17.153918,275,2946.201582,synthetic_track_0,0.13503187237471925,22.1539181464028
16.285248,266,2946.568428,synthetic_track_0,0.12973718082199817,21.285247948718467
49.474219,525,2947.283011,synthetic_track_0,0.33202956206831014,54.4742186484297
20.909427,321,2947.701531,synthetic_track_0,0.1579223330118189,25.909426993088267
18.251854,242,2948.025504,synthetic_track_0,0.14172397717203464,23.2518540581219
30.622362,323,2948.474168,synthetic_track_0,0.21712431450216943,35.62236238364891
12.008458,214,2948.738896,synthetic_track_0,0.10366942356017103,17.00845795475156
37.296062,379,2950.530628,synthetic_track_0,0.25780163879259616,42.29606168809188
24.467988,284,2950.901812,synthetic_track_0,0.1796123640859921,29.46798812802317
33.243549,359,2951.379749,synthetic_track_0,0.23310088819294314,38.24354877157934
17.948896,290,2951.784269,synthetic_track_0,0.13987739580032413,22.948895861363564
32.987354,339,2952.267766,synthetic_track_0,0.23153933823720055,37.987354072560144
35.473173,367,2952.815804,synthetic_track_0,0.24669082501376569,40.47317310136576
18.878837,294,2954.438969,synthetic_track_0,0.14554554145697113,23.878836568775064
19.48593,300,2954.830311,synthetic_track_0,0.14924587975050052,24.485930214350535
17.368512,270,2955.239395,synthetic_track_0,0.13633985843372115,22.368512046184858
35.174167,378,2955.783923,synthetic_track_0,0.24486833017321738,40.174166646003094
16.334727,261,2956.134803,synthetic_track_0,0.13003876192735664,21.33472666070783
19.413649,298,2956.508635,synthetic_track_0,0.1488053151111317,24.41364925736513
17.66807,274,2956.892357,synthetic_track_0,0.13816571734256416,22.668070425269892
17.893601,279,2958.503487,synthetic_track_0,0.139540362772612,22.89360075231073
19.364932,300,2958.896786,synthetic_track_0,0.14850837628714755,24.364932178313015
34.184421,346,2959.384812,synthetic_track_0,0.23883566270250434,39.184420899311775
30.233992,346,2959.862942,synthetic_track_0,0.2147571323181816,35.2339921461678
12.693779,223,2960.198631,synthetic_track_0,0.10784657355197465,17.693779407947893
32.522085,335,2960.669992,synthetic_track_0,0.22870344396086262,37.52208488414589
34.8798,357,2962.404403,synthetic_track_0,0.24307411793567965,39.87980035789165
18.151316,241,2962.712206,synthetic_track_0,0.14111118131945363,23.15131609682591
27.812705,311,2963.132897,synthetic_track_0,0.19999898004522498,32.81270529220249
13.186598,230,2963.435997,synthetic_track_0,0.11085038311657648,18.186597511194677
16.254981,256,2963.749911,synthetic_track_0,0.1295527012285464,21.25498142170423
36.33763,357,2964.226836,synthetic_track_0,0.25195983277218426,41.33762950369452
17.122905,273,2964.615305,synthetic_track_0,0.13484284378125194,22.122905290598037
19.576022,251,2964.940207,synthetic_track_0,0.14979500386260583,24.576021912094593
17.146154,235,2966.488158,synthetic_track_0,0.1349845514796975,22.146154473897266
17.777339,276,2966.874286,synthetic_track_0,0.1388317266852803,22.77733882393601
29.644242,357,2967.366891,synthetic_track_0,0.21116250564794717,34.644242010746
35.048476,359,2967.816075,synthetic_track_0,0.24410222272375287,40.04847571520057
38.025668,387,2968.382387,synthetic_track_0,0.26224871488019613,43.0256683942932
33.419254,338,2968.840755,synthetic_track_0,0.23417184017118217,38.419253825855684
34.042247,357,2970.647194,synthetic_track_0,0.2379690876608599,39.042246816980814
16.863207,267,2971.082869,synthetic_track_0,0.13325994133709873,21.863207409166034
39.07574,413,2971.662215,synthetic_track_0,0.26864907712375696,44.075739749726175
19.842898,305,2972.056177,synthetic_track_0,0.15142166081009403,24.84289834825129
16.991008,269,2972.409819,synthetic_track_0,0.1340389099100647,21.991008392005245
23.498119,392,2972.940459,synthetic_track_0,0.17370085052963888,28.49811942113469
18.443046,287,2974.55169,synthetic_track_0,0.14288932160051956,23.443045549634203
15.18854,222,2974.862415,synthetic_track_0,0.12305255920536357,20.18853976027211
20.384097,257,2975.2378,synthetic_track_0,0.15472035521234218,25.384096544589745
33.871765,346,2975.720092,synthetic_track_0,0.23692997324291867,38.87176517175906
18.480524,281,2976.108296,synthetic_track_0,0.14311775896024145,23.48052397957714
36.802981,391,2976.621546,synthetic_track_0,0.25479622669120217,41.80298066566687
19.845465,310,2977.038193,synthetic_track_0,0.15143730558248825,24.845465097870807
34.977764,351,2978.80024,synthetic_track_0,0.24367122246080772,39.97776393154206
16.762033,235,2979.106011,synthetic_track_0,0.13264326623323963,21.762033000979596
21.71459,333,2979.532893,synthetic_track_0,0.16282994018241495,26.714590438133108
16.308777,263,2979.917831,synthetic_track_0,0.12988059611209643,21.30877728695472
18.296839,287,2980.320827,synthetic_track_0,0.14199816985720393,23.29683930639518
18.325601,284,2980.671158,synthetic_track_0,0.14217347769295666,23.32560107482354
35.541863,352,2981.149893,synthetic_track_0,0.24710950426779604,40.541863446543275
31.027911,352,2982.89439,synthetic_track_0,0.2195962008152654,36.02791083739156
12.920661,229,2983.174029,synthetic_track_0,0.10922945225191102,17.920660521169648
20.826321,319,2983.619102,synthetic_track_0,0.15741578502394815,25.826320520052242
12.708251,225,2983.938272,synthetic_track_0,0.1079347786090088,17.708250714457
15.818042,228,2984.259883,synthetic_track_0,0.1268894790424431,20.818041569808475
20.056559,256,2984.614841,synthetic_track_0,0.15272396133347435,25.056559454252415
21.021618,323,2985.054816,synthetic_track_0,0.15860615710623807,26.021618157647254
18.791423,246,2986.622147,synthetic_track_0,0.14501274138268752,23.7914230639003
36.611073,371,2987.13327,synthetic_track_0,0.25362651705293554,41.611072998791705
20.665441,315,2987.533965,synthetic_track_0,0.15643519505187148,25.66544065077008
22.803671,365,2988.028757,synthetic_track_0,0.16946806796431607,27.80367064519341
20.343544,314,2988.427495,synthetic_track_0,0.15447318068020305,25.343544012386904
23.105002,383,2988.97977,synthetic_track_0,0.17130473078355754,28.105001560957522
32.518394,410,2990.77788,synthetic_track_0,0.22868094825790736,37.518394140966876
17.646833,238,2991.122249,synthetic_track_0,0.13803627259579732,22.6468331553282
18.327938,244,2991.474804,synthetic_track_0,0.14218772445800096,23.32793846125751
37.792922,394,2992.019603,synthetic_track_0,0.2608300890805295,42.792922455919665
20.322286,316,2992.479255,synthetic_track_0,0.1543436094112562,25.32228598466432
19.990858,310,2992.969949,synthetic_track_0,0.15232350105479475,24.990858193663104
39.427765,402,2994.803963,synthetic_track_0,0.2707947330492493,44.42776542268574
30.110408,387,2995.322329,synthetic_track_0,0.21400386421556436,35.11040769462906
22.594515,360,2995.816232,synthetic_track_0,0.1681932275172135,27.594514759118905
36.606586,367,2996.289654,synthetic_track_0,0.25359916523231146,41.60658553975996
28.474022,369,2996.779435,synthetic_track_0,0.20402981935440792,33.4740223764323
40.373918,414,2997.332924,synthetic_track_0,0.2765616919397196,45.37391786037547
31.287454,335,2999.074023,synthetic_track_0,0.2211781594213882,36.28745386863818
18.22565,285,2999.509977,synthetic_track_0,0.14156426119860274,23.225650358655567
18.329822,287,2999.926702,synthetic_track_0,0.14219920629087213,23.329822220855338
21.168566,322,3000.357901,synthetic_track_0,0.15950182985887895,26.168566137402024
37.604758,387,3000.879441,synthetic_track_0,0.259683196798903,42.60475830413048
21.877427,343,3001.314339,synthetic_track_0,0.16382245873719492,26.87742736273979
26.346482,398,3003.236878,synthetic_track_0,0.19106210226844603,31.346482131186505
19.909798,305,3003.631221,synthetic_track_0,0.1518294273296758,24.909798302601246
31.082064,343,3004.079224,synthetic_track_0,0.21992627478997076,36.082064213844696
29.126448,357,3004.592789,synthetic_track_0,0.20800646364773842,34.126447989900264
18.571538,293,3004.983287,synthetic_track_0,0.14367250769495193,23.571538477446882
38.58736,491,3005.620418,synthetic_track_0,0.2656723214038795,43.58736021828491
37.751692,450,3007.457963,synthetic_track_0,0.2605787853872512,42.75169247552417
26.229077,433,3008.015908,synthetic_track_0,0.19034650066248957,31.229077409434595
29.099741,344,3008.478754,synthetic_track_0,0.2078436778347024,34.0997406391543
34.595275,478,3009.135956,synthetic_track_0,0.24133988549255608,39.59527461655275
21.380134,329,3009.604718,synthetic_track_0,0.16079137245662406,26.380134122458667
22.209475,348,3011.289767,synthetic_track_0,0.16584634500258985,27.209474973964223
28.254663,317,3011.734288,synthetic_track_0,0.20269278639886948,33.254662916068426
39.679255,397,3012.265902,synthetic_track_0,0.2723276028107623,44.67925472390358
19.046567,290,3012.660755,synthetic_track_0,0.14656788551366604,24.046566795359116
15.676186,257,3013.011353,synthetic_track_0,0.12602484822060012,20.676186464661072
37.844954,373,3013.609634,synthetic_track_0,0.26114722827167236,42.844953695345104
18.473182,287,3015.209795,synthetic_track_0,0.14307300942483167,23.473182175548775
30.470939,402,3015.743718,synthetic_track_0,0.2162013618981099,35.470938752444255
26.94234,502,3016.439249,synthetic_track_0,0.19469395866408043,31.942340337796384
17.888062,280,3016.798932,synthetic_track_0,0.13950660319853117,22.888062009288866
17.617484,241,3017.123264,synthetic_track_0,0.13785738757835886,22.61748449886469
29.001506,345,3017.593343,synthetic_track_0,0.20724492111135723,34.001505998655595
23.397838,358,3019.30298,synthetic_track_0,0.17308961842421963,28.39783801502092
35.004745,422,3019.846192,synthetic_track_0,0.24383567508391746,40.00474474642126
21.434241,335,3020.30883,synthetic_track_0,0.1611211602509168,26.43424054690466
22.325615,346,3020.760018,synthetic_track_0,0.16655423892942037,27.32561514024896
27.101073,423,3021.323259,synthetic_track_0,0.1956614630377867,32.10107332671544
29.39063,394,3023.08759,synthetic_track_0,0.20961669684995055,34.39062987474767
19.86958,306,3023.49085,synthetic_track_0,0.15158429171923096,24.8695802847877
22.363097,341,3023.954525,synthetic_track_0,0.16678269766819329,27.363097077732284
20.73315,320,3024.418343,synthetic_track_0,0.1568478945507588,25.733149931228244
21.511046,330,3024.927018,synthetic_track_0,0.16158930057907922,26.511045691710475
48.320884,523,3025.650038,synthetic_track_0,0.32499978999980683,53.32088357090583
21.198439,324,3027.340788,synthetic_track_0,0.15968391156766376,26.198439256995464
32.240846,447,3027.922109,synthetic_track_0,0.2269892424574508,37.240845506174146
19.092052,294,3028.290933,synthetic_track_0,0.146845128286182,24.092052454270487
18.626242,248,3028.618796,synthetic_track_0,0.14400593772606077,23.626242463156558
22.10886,341,3029.10029,synthetic_track_0,0.16523307731583256,27.10885960149459
30.88765,333,3029.556912,synthetic_track_0,0.2187412895043383,35.88765035761272
21.95069,339,3031.264109,synthetic_track_0,0.16426900577815062,26.95068981863167
13.892406,241,3031.604785,synthetic_track_0,0.11515240468265535,18.892405939700286
19.337885,296,3032.228258,synthetic_track_0,0.14834352164586068,24.337885406577605
28.455821,394,3032.753671,synthetic_track_0,0.20391888053407636,33.45582126952575
19.793699,308,3033.134841,synthetic_track_0,0.15112178518452604,24.79369944471762
42.21165,481,3033.819819,synthetic_track_0,0.2877629803262828,47.211650106000704
22.173166,347,3035.47198,synthetic_track_0,0.16562503860954617,27.17316648152801
21.861076,345,3035.961106,synthetic_track_0,0.16372279231671266,26.86107565493571
39.866438,422,3036.529912,synthetic_track_0,0.27346851766948027,44.866438193609994
24.622009,412,3037.059939,synthetic_track_0,0.18055114495542182,29.622008613505592
39.484974,406,3037.602849,synthetic_track_0,0.2711434301379767,44.48497418848082
30.195063,359,3039.313578,synthetic_track_0,0.21451985254676784,35.195062991581906
21.438859,332,3039.734737,synthetic_track_0,0.1611493090528138,26.438858762161388
35.774167,372,3040.254753,synthetic_track_0,0.24852543155593332,40.77416665534129
38.864622,393,3040.799888,synthetic_track_0,0.2673622761881982,43.86462157373011
20.529563,315,3041.222776,synthetic_track_0,0.15560699898446462,25.529563190405845
18.641543,290,3041.605788,synthetic_track_0,0.14409919676939625,23.641542948709578
18.745755,288,3043.253944,synthetic_track_0,0.14473438491688848,23.74575468760969
12.788202,224,3043.534634,synthetic_track_0,0.10842209512016035,17.788201987512615
26.942516,349,3044.00978,synthetic_track_0,0.19469502909315137,31.942515957060206
18.539252,294,3044.406064,synthetic_track_0,0.1434757164140879,23.539252041278026
14.979011,248,3044.794445,synthetic_track_0,0.12177544820851541,19.97901135789959
35.193219,362,3045.303919,synthetic_track_0,0.24498445475787434,40.19321855203115
14.316686,247,3045.63676,synthetic_track_0,0.11773846025418343,19.31668550011915
12.783847,227,3045.919749,synthetic_track_0,0.10839555212959469,17.783847228669305
21.331257,323,3047.656894,synthetic_track_0,0.16049345958234953,26.331257236465984
31.859178,362,3048.151814,synthetic_track_0,0.22466291654686849,36.85917832717008
17.829117,279,3048.512011,synthetic_track_0,0.13914732202692312,22.82911677267643
27.271672,451,3049.141723,synthetic_track_0,0.19670129210330842,32.27167222013737
24.819777,372,3049.652842,synthetic_track_0,0.18175657443218382,29.819776632935397
13.452348,232,3049.94585,synthetic_track_0,0.11247017657977999,18.4523478941732
21.509259,325,3051.641249,synthetic_track_0,0.16157841328176623,26.50925947421037
14.785582,245,3051.972731,synthetic_track_0,0.12059646336124893,19.785581959766763
28.569485,453,3052.530541,synthetic_track_0,0.20461167932679167,33.569484862245176
37.82968,383,3053.036717,synthetic_track_0,0.26105413288289436,42.82968005967284
40.602542,427,3053.627855,synthetic_track_0,0.27795519430115345,45.60254193785516
15.218269,252,3053.973005,synthetic_track_0,0.12323376108937505,20.218268531974427
18.847438,299,3055.606112,synthetic_track_0,0.14535416174429935,23.84743797809533
37.114101,395,3056.418883,synthetic_track_0,0.25669256056062695,42.11410147427793
12.458694,220,3056.779988,synthetic_track_0,0.10641369059755074,17.45869437855874
38.534614,381,3057.336982,synthetic_track_0,0.26535082558774314,43.53461421195441
22.43681,374,3057.828998,synthetic_track_0,0.16723199171425826,27.436810219267993
20.049596,303,3058.265866,synthetic_track_0,0.15268152079393088,25.04959647416038
28.356659,393,3060.031858,synthetic_track_0,0.2033144712871985,33.356659251353456
18.644306,287,3060.402155,synthetic_track_0,0.14411604001639047,23.6443063253011
20.092102,302,3060.827828,synthetic_track_0,0.15294059809898067,25.092101827220553
26.45115,382,3061.298535,synthetic_track_0,0.19170007047829182,31.451149979246185
23.895164,399,3061.809739,synthetic_track_0,0.17612090642449038,28.895164350316143
36.169701,369,3062.331835,synthetic_track_0,0.2509362818970085,41.16970128120497
22.290861,362,3064.11562,synthetic_track_0,0.16634240690456198,27.290861053995332
24.682534,385,3064.624808,synthetic_track_0,0.18092005957254303,29.68253435522111
36.47807,375,3065.212817,synthetic_track_0,0.25281584297390747,41.478070272291994
37.009232,368,3065.724473,synthetic_track_0,0.2560533617721644,42.00923173212119
34.004615,351,3066.226179,synthetic_track_0,0.23773971477030661,39.00461489976782
30.173153,364,3067.969883,synthetic_track_0,0.21438630610754728,35.173152780079946
19.230709,298,3068.356884,synthetic_track_0,0.1476902638427539,24.230709081136713
18.723536,281,3068.795919,synthetic_track_0,0.14459895641956835,23.723535697444213
12.748492,228,3069.105953,synthetic_track_0,0.1081800556811269,17.748491941089885
18.671502,292,3069.557823,synthetic_track_0,0.14428180078818234,23.67150176076074
36.879272,375,3070.064662,synthetic_track_0,0.25526123612554596,41.87927214237224
39.243034,471,3070.688835,synthetic_track_0,0.26966876148491475,44.243033615055744
37.571947,408,3072.49891,synthetic_track_0,0.2594832039524774,42.57194660514667
16.53319,264,3072.821424,synthetic_track_0,0.1312484316833739,21.53319035885324
28.910185,351,3073.258345,synthetic_track_0,0.20668830659628665,33.91018539271929
24.81374,423,3073.816897,synthetic_track_0,0.18171977940744258,29.81373988063406
37.926691,383,3074.366836,synthetic_track_0,0.26164543255516803,42.92669126383651
16.912654,268,3075.937404,synthetic_track_0,0.13356132947376484,21.912654461869778
14.860674,243,3076.29305,synthetic_track_0,0.12105415946257664,19.860673579148322
16.611722,261,3076.632064,synthetic_track_0,0.13172709233416982,21.61172151369207
22.439405,336,3077.050576,synthetic_track_0,0.16724780468121123,27.43940456362068
18.067811,277,3077.388872,synthetic_track_0,0.14060220116872618,23.067810592539715
35.743397,378,3077.902335,synthetic_track_0,0.24833788587252964,40.743397092231724
37.607896,396,3078.421167,synthetic_track_0,0.25970232198082593,42.607896064922826
36.613364,372,3080.129845,synthetic_track_0,0.25364047966608927,41.613363766026715
19.868111,292,3080.511416,synthetic_track_0,0.1515753343749802,24.86811070380766
13.9604,231,3080.853418,synthetic_track_0,0.11556683887102989,18.96039982088444
14.361854,242,3081.150857,synthetic_track_0,0.11801376843939965,19.361853762197228
16.009223,253,3081.48588,synthetic_track_0,0.12805475947209374,21.00922256139279
36.07934,372,3081.970447,synthetic_track_0,0.2503855168422748,41.079340363253614
17.468797,269,3082.323074,synthetic_track_0,0.13695111002692026,22.468796649548814
23.178815,365,3084.063835,synthetic_track_0,0.17175463315925954,28.178814507707717
40.771365,399,3084.568569,synthetic_track_0,0.2789841982950912,45.77136482280158
36.873532,380,3085.06809,synthetic_track_0,0.2552262488095401,41.873531970653325
26.632761,315,3085.556069,synthetic_track_0,0.19280702155832988,31.63276120323323
36.787936,400,3086.058095,synthetic_track_0,0.25470452479920236,41.787935653156076
29.918137,358,3087.849176,synthetic_track_0,0.2128319443337444,34.918137405552905
31.535241,371,3088.368263,synthetic_track_0,0.2226884615607927,36.53524062730693
34.55566,372,3088.873731,synthetic_track_0,0.24109842982050483,39.555660345488185
18.52932,280,3089.267071,synthetic_track_0,0.14341518006562373,23.529320183819696
36.674048,396,3089.852134,synthetic_track_0,0.254010357781953,41.67404758354982
36.888472,446,3090.463883,synthetic_track_0,0.25531731235022537,41.888472252462236
37.162824,383,3092.26196,synthetic_track_0,0.2569895315082128,42.1628238236683
37.940808,385,3092.755908,synthetic_track_0,0.26173147395249197,42.94080759089318
16.871188,265,3093.099114,synthetic_track_0,0.1333085867254165,21.87118838382068
41.355981,533,3093.774814,synthetic_track_0,0.2825475312552998,46.355980775617326
19.888359,301,3094.182044,synthetic_track_0,0.1516987539702339,24.88835946110346
15.903115,253,3094.588027,synthetic_track_0,0.12740801791398088,20.903115319536962
12.779125,228,3096.050931,synthetic_track_0,0.10836676754338033,17.77912470386345
31.003646,475,3096.73078,synthetic_track_0,0.21944830073030924,36.003645704143075
18.280371,254,3097.104743,synthetic_track_0,0.14189779065512387,23.28037065653219
38.66012,410,3097.603722,synthetic_track_0,0.2661158021855921,43.660119610306815
21.841193,340,3098.036839,synthetic_track_0,0.1636016054402615,26.841193207228354
29.623903,334,3098.478801,synthetic_track_0,0.21103853691684965,34.6239031598277
40.418006,432,3100.334614,synthetic_track_0,0.2768304172289557,45.41800610381687
35.405248,366,3100.846997,synthetic_track_0,0.24627680785502037,40.40524763988214
32.907453,444,3101.491939,synthetic_track_0,0.23105232519974941,37.90745258872392
26.606313,447,3102.106983,synthetic_track_0,0.19264581359276903,31.606312721028434
39.389284,406,3102.671923,synthetic_track_0,0.27056018479887356,44.38928441335939
20.394822,264,3104.343436,synthetic_track_0,0.15478572804127688,25.394821896136374
19.934666,302,3104.758786,synthetic_track_0,0.15198099835912862,24.93466570702074
17.851263,283,3105.127816,synthetic_track_0,0.13928231006315803,22.85126349887447
20.779624,352,3105.602819,synthetic_track_0,0.15713115975938663,25.779623657284937
33.76112,378,3106.152578,synthetic_track_0,0.23625557198866395,38.76111995947073
36.787394,387,3106.652832,synthetic_track_0,0.25470122146171537,41.78739369319499
26.720726,423,3108.462021,synthetic_track_0,0.19334318384808688,31.720726327848418
23.606456,426,3108.992105,synthetic_track_0,0.1743611823370258,28.60645633858274
33.006971,378,3109.491024,synthetic_track_0,0.23165890923026858,38.00697141138932
35.91728,366,3109.96979,synthetic_track_0,0.24939773418785355,40.91728043112324
36.157554,381,3110.508176,synthetic_track_0,0.25086223962806437,41.15755358350431
33.291671,432,3112.290968,synthetic_track_0,0.2333941991922107,38.2916706538797
38.684868,402,3112.862735,synthetic_track_0,0.2662666496853436,43.684868309286635
26.872753,425,3113.458276,synthetic_track_0,0.19426981134396212,31.872752877838476
22.330304,360,3113.968467,synthetic_track_0,0.16658281618653054,27.330303649737374
18.634441,304,3114.364843,synthetic_track_0,0.14405591182894323,23.63444143252007
17.603716,280,3114.824376,synthetic_track_0,0.13777346483844535,22.6037157679868
22.302978,276,3116.455925,synthetic_track_0,0.16641625869345758,27.30297750070814
13.369838,231,3116.741956,synthetic_track_0,0.11196726744782928,18.3698384277163
18.534552,293,3117.180934,synthetic_track_0,0.14344706784518396,23.53455183206558
17.53995,275,3117.566247,synthetic_track_0,0.13738480179129497,22.53995001267529
16.462888,243,3117.90282,synthetic_track_0,0.13081992837791934,21.462888236935235
35.59985,376,3118.425031,synthetic_track_0,0.2474629409714735,40.59984981424672
37.042074,389,3118.966804,synthetic_track_0,0.25625354160156677,42.042074108348
19.821573,311,3120.719028,synthetic_track_0,0.1512916786328186,24.82157290511546
38.68999,405,3121.256891,synthetic_track_0,0.2662978672389216,43.68998999733358
40.86557,443,3121.880487,synthetic_track_0,0.27955839418173134,45.86556990526779
29.999743,351,3122.336838,synthetic_track_0,0.21332934660437022,34.999743392313576
18.115084,284,3122.719754,synthetic_track_0,0.1408903425303653,23.115084321534837
25.857169,401,3124.535985,synthetic_track_0,0.18807965593514775,30.857168972878416
14.084199,236,3124.851465,synthetic_track_0,0.11632141537960015,19.084198935212605
38.936755,404,3125.403805,synthetic_track_0,0.2678019441980938,43.93675542577201
36.412253,376,3125.889012,synthetic_track_0,0.25241467623622893,41.41225310695693
23.596715,386,3126.468856,synthetic_track_0,0.1743018075100726,28.596715045411393
36.871172,379,3126.964238,synthetic_track_0,0.25521186491597075,41.87117208631523
13.653177,233,3128.523278,synthetic_track_0,0.1136942657855002,18.653177310151126
41.425198,412,3129.127124,synthetic_track_0,0.28296942446146844,46.42519841580562
26.353551,414,3129.734464,synthetic_track_0,0.19110519043219332,31.353551363331103
19.352245,294,3130.123018,synthetic_track_0,0.14843104711185012,24.352245216414758
20.786583,345,3130.641243,synthetic_track_0,0.1571735764807534,25.786582729662978
19.070104,325,3131.08595,synthetic_track_0,0.14671134609782494,24.070103564736584
24.917173,390,3132.914814,synthetic_track_0,0.18235022326492992,29.917173250615914
16.461762,257,3133.347681,synthetic_track_0,0.13081306283900546,21.461761846665635
48.874599,538,3134.120495,synthetic_track_0,0.3283747786770041,53.87459893887596
17.894035,292,3134.515854,synthetic_track_0,0.13954300735247216,22.89403463362129
27.631685,395,3135.035297,synthetic_track_0,0.19889562904747027,32.63168471342255
33.914959,352,3136.76596,synthetic_track_0,0.23719324881144893,38.914959310243496
18.724603,248,3137.090807,synthetic_track_0,0.14460546315279232,23.724603220486802
25.675467,297,3137.524579,synthetic_track_0,0.18697215044122167,30.67546678932991
20.984539,330,3137.957052,synthetic_track_0,0.15838015097514968,25.984538605681752
39.252012,411,3138.497053,synthetic_track_0,0.2697234851885621,44.25201182464398
17.524097,280,3138.856,synthetic_track_0,0.13728817518437442,22.524097029947317
19.412323,303,3139.254347,synthetic_track_0,0.14879723119823515,24.412322975343976
27.616225,398,3140.992965,synthetic_track_0,0.19880140237198277,32.61622547391675
37.39768,375,3141.533974,synthetic_track_0,0.2584210207330563,42.397680191701426
47.90595,516,3142.319889,synthetic_track_0,0.32247069864923317,52.9059498091203
24.024546,438,3142.880664,synthetic_track_0,0.1769095118947612,29.024546404574437
36.108521,386,3143.392966,synthetic_track_0,0.2505633799801169,41.10852136569193
13.593938,227,3144.980369,synthetic_track_0,0.11333319143255577,18.593937876384718
32.482986,358,3145.433357,synthetic_track_0,0.22846512871473504,37.48298584506052
18.357955,276,3145.815917,synthetic_track_0,0.1423706804961098,23.35795502713468
35.550668,402,3146.378629,synthetic_track_0,0.2471631691003211,40.550667933115164
23.426151,371,3146.917656,synthetic_track_0,0.17326218949585961,28.42615077798802
31.612853,360,3147.411019,synthetic_track_0,0.2231615247422966,36.61285343691111
24.169066,379,3149.152319,synthetic_track_0,0.17779038124080823,29.169065672853908
17.525773,265,3149.506921,synthetic_track_0,0.13729839197234076,22.525773240758475
34.574853,421,3150.078069,synthetic_track_0,0.24121541466351853,39.574853389255686
17.143562,263,3150.430905,synthetic_track_0,0.13496874797049035,22.143561681223627
22.644548,270,3150.812039,synthetic_track_0,0.16849818704039174,27.64454774907633
14.514315,231,3151.168238,synthetic_track_0,0.11894304295176752,19.5143145932624
17.553795,264,3151.527905,synthetic_track_0,0.1374691882980415,22.553794831163295
32.535683,362,3153.294984,synthetic_track_0,0.22878632590401232,37.53568285736556
26.383635,380,3153.811993,synthetic_track_0,0.19128855459986366,31.383634888724863
16.09178,255,3154.129026,synthetic_track_0,0.1285579590419697,21.091779678362933
17.362635,260,3154.442859,synthetic_track_0,0.13630403616005554,22.362634887669245
15.893756,250,3154.782278,synthetic_track_0,0.12735096884072228,20.89375559966437
32.04017,352,3155.259954,synthetic_track_0,0.22576609005341222,37.040169785967514
19.679675,300,3156.898909,synthetic_track_0,0.15042678559255288,24.679674779269526
17.602846,269,3157.283277,synthetic_track_0,0.13776816323622662,22.602845963995097
34.710121,370,3157.818084,synthetic_track_0,0.24203989078581511,39.71012053919444
31.887702,334,3158.263888,synthetic_track_0,0.2248367740661679,36.88770215035315
18.228346,278,3158.647897,synthetic_track_0,0.1415806927713373,23.228346194171852
33.033683,406,3159.179214,synthetic_track_0,0.23182172216431637,38.03368321172681
16.604506,252,3159.519799,synthetic_track_0,0.13168311487861906,21.604506380454083
30.175244,325,3161.204258,synthetic_track_0,0.21439905504671566,35.17524442666547
22.872669,393,3161.721767,synthetic_track_0,0.16988862616089304,27.872669257883235
25.407315,372,3162.248676,synthetic_track_0,0.1853377185405908,30.407314760437323
24.607136,407,3162.784386,synthetic_track_0,0.18046049239054918,29.607135758181652
31.732729,336,3163.232747,synthetic_track_0,0.22389218802346636,36.7327292428149
18.437703,274,3163.598224,synthetic_track_0,0.1428567559471595,23.437702686455047
13.138606,218,3165.170775,synthetic_track_0,0.11055786610626982,18.13860589418754
15.086125,238,3165.513418,synthetic_track_0,0.12242832600136463,20.08612533719959
22.249398,269,3165.856076,synthetic_track_0,0.16608968428117438,27.249398277735104
31.892214,339,3166.349048,synthetic_track_0,0.22486427474844892,36.892214032277835
34.798,363,3166.873037,synthetic_track_0,0.24257553178250033,39.79800013819379
31.794852,336,3167.314677,synthetic_track_0,0.22427083901449923,36.79485237651564
31.147858,333,3167.781596,synthetic_track_0,0.22032729901839276,36.14785799848934
13.482701,223,3169.431078,synthetic_track_0,0.11265518221144685,18.48270072531219
20.446855,310,3169.83904,synthetic_track_0,0.15510287564564323,25.446854515871973
18.459893,272,3170.202493,synthetic_track_0,0.14299200787498645,23.459892707859083
25.480738,390,3170.694681,synthetic_track_0,0.18578524305449137,30.4807375848054
28.91919,323,3171.117946,synthetic_track_0,0.20674318929478547,33.91918968769657
20.560686,258,3171.494836,synthetic_track_0,0.15579670054872768,25.560686456735635
16.156124,247,3171.80293,synthetic_track_0,0.12895014574558006,21.156123540127513
30.868868,337,3173.546277,synthetic_track_0,0.21862680975987905,35.86886831124419
17.124233,261,3173.928967,synthetic_track_0,0.13485093932859474,22.1242334814172
25.496455,422,3174.521813,synthetic_track_0,0.18588104503636443,30.49645527595012
23.904613,279,3174.94586,synthetic_track_0,0.17617850041545283,28.904613471764787
29.77724,331,3175.422222,synthetic_track_0,0.21197314960292896,34.777239794963236
33.279301,388,3175.961049,synthetic_track_0,0.2333188070626715,38.279301492160165
31.997297,337,3177.608794,synthetic_track_0,0.2255047704641476,36.99729655397563
30.766553,323,3178.083851,synthetic_track_0,0.21800318130026283,35.76655310517369
19.331819,287,3178.463113,synthetic_track_0,0.14830654714017832,24.331819207849964
25.155625,285,3178.859047,synthetic_track_0,0.18380362686701573,30.15562498699519
30.006076,330,3179.294861,synthetic_track_0,0.21336794410849128,35.00607586724646
14.15253,214,3179.590779,synthetic_track_0,0.11673790503382081,19.152530045091783
31.317021,347,3181.33128,synthetic_track_0,0.2213583774602503,36.31702122641263
31.193909,351,3181.818051,synthetic_track_0,0.2206079896835861,36.193909333717045
16.519731,253,3182.139256,synthetic_track_0,0.13116639391737403,21.51973088502004
29.649738,319,3182.587382,synthetic_track_0,0.2111960020237982,34.6497375723179
21.523661,262,3182.943817,synthetic_track_0,0.16166619493100984,26.523661314589972
22.37919,269,3183.346826,synthetic_track_0,0.166880785202396,27.379189746564418
31.822076,370,3183.810276,synthetic_track_0,0.22443677167329923,36.82207601250781
25.712844,428,3185.675982,synthetic_track_0,0.18719997314060377,30.71284437541564
31.766173,336,3186.107194,synthetic_track_0,0.22409603229674768,36.76617282369301
25.11256,358,3186.588531,synthetic_track_0,0.18354113863693905,30.11256002269272
34.670716,387,3187.139897,synthetic_track_0,0.24179971370075418,39.67071603869017
35.301377,401,3187.706985,synthetic_track_0,0.24564369632849367,40.30137660047824
49.647795,526,3189.663809,synthetic_track_0,0.3330875410418386,54.64779529495002
24.490555,372,3190.182719,synthetic_track_0,0.17974991398080567,29.490555163917406
20.439296,256,3190.552782,synthetic_track_0,0.15505680501881555,25.43929596782147
19.340364,292,3190.95175,synthetic_track_0,0.14835862642233721,24.340363562110785
18.360131,241,3191.267405,synthetic_track_0,0.14238394621574918,23.36013145897907
30.833688,426,3191.86217,synthetic_track_0,0.2184123786615222,35.833687809652254
49.102586,533,3193.857506,synthetic_track_0,0.3297643997869516,54.102586241302305
20.875921,324,3194.391946,synthetic_track_0,0.15771811098301836,25.87592143599146
17.557276,236,3194.70896,synthetic_track_0,0.13749040614404962,22.55727592355608
41.787763,551,3195.483106,synthetic_track_0,0.2851793152189339,46.78776273556504
24.822386,425,3196.081964,synthetic_track_0,0.1817724794062487,29.822386072376304
33.773256,383,3197.834864,synthetic_track_0,0.23632954499584297,38.77325629378401
31.921759,337,3198.346871,synthetic_track_0,0.22504435812845655,36.921759297333075
29.76328,338,3198.842138,synthetic_track_0,0.21188806405054744,34.76328028799831
32.510815,364,3199.322955,synthetic_track_0,0.22863474960490565,37.51081458838366
21.163103,262,3199.789973,synthetic_track_0,0.15946852978230092,26.163102781545334
21.147295,261,3200.122732,synthetic_track_0,0.1593721806851389,26.147295328279156
19.224868,285,3200.535846,synthetic_track_0,0.1476546614621166,24.224867999230746
33.298021,343,3202.232725,synthetic_track_0,0.2334329078925114,38.29802137214298
20.36064,306,3202.632909,synthetic_track_0,0.15457738136422558,25.360639631251082
34.810142,373,3203.176353,synthetic_track_0,0.2426495367086342,39.81014170927007
30.00419,332,3203.633731,synthetic_track_0,0.21335645144245965,35.00419033031306
27.901273,412,3204.17136,synthetic_track_0,0.20053881300179427,32.90127264243058
33.046783,399,3205.988995,synthetic_track_0,0.23190156541830081,38.046782644343764
20.170954,253,3206.354176,synthetic_track_0,0.1534212179887472,25.17095442335336
26.775826,413,3206.913131,synthetic_track_0,0.19367902356761346,31.77582565755375
32.136551,359,3207.484179,synthetic_track_0,0.22635354769800134,37.1365506503059
32.650563,367,3208.097909,synthetic_track_0,0.22948654242426614,37.65056343482963
30.632392,321,3208.540642,synthetic_track_0,0.21718544688848745,35.63239202967815
31.564585,347,3210.249772,synthetic_track_0,0.22286731907002025,36.56458477065333
34.208556,379,3210.761559,synthetic_track_0,0.2389827711982584,39.208556160981935
23.07837,271,3211.14689,synthetic_track_0,0.17114240901003303,28.078370342558493
37.199785,400,3211.661064,synthetic_track_0,0.25721481624569975,42.199785020651994
32.910186,360,3212.171144,synthetic_track_0,0.2310689839103309,37.91018568946641
31.110723,338,3212.673433,synthetic_track_0,0.2201009539331225,36.11072283622185
16.176123,227,3212.99623,synthetic_track_0,0.1290720429136034,21.176122521369315
33.027437,367,3214.728903,synthetic_track_0,0.2317836520086113,38.02743725587595
31.630454,362,3215.232101,synthetic_track_0,0.22326880282062755,36.63045394651267
22.015186,264,3215.566306,synthetic_track_0,0.16466212050825463,27.015185936471923
18.153291,240,3215.869749,synthetic_track_0,0.14112321668453143,23.1532906713327
21.21673,259,3216.254684,synthetic_track_0,0.15979539742850662,26.21673011375512
32.3264,370,3216.80438,synthetic_track_0,0.2275107135021075,37.32640032101804
31.044298,348,3218.496881,synthetic_track_0,0.21969608307606014,36.044297956899044
17.934632,266,3218.879655,synthetic_track_0,0.13979045529847664,22.934632023295826
20.330506,253,3219.223192,synthetic_track_0,0.15439371079337066,25.330505836013973
20.129846,296,3219.615876,synthetic_track_0,0.15317065265459856,25.129845581378255
25.414149,436,3220.18476,synthetic_track_0,0.1853793736079191,30.414148872530596
35.651072,406,3220.703974,synthetic_track_0,0.24777514936165354,40.65107208495237
20.813715,259,3221.113809,synthetic_track_0,0.1573389525832062,25.81371505459249
17.376855,263,3222.720908,synthetic_track_0,0.13639070821022403,22.376854682383232
21.977626,359,3223.221455,synthetic_track_0,0.16443318812741667,26.97762629120483
23.605157,392,3223.732414,synthetic_track_0,0.1743532641120287,28.605157240041294
21.953759,339,3224.187169,synthetic_track_0,0.164287710312313,26.95375856611708
34.107868,390,3224.713053,synthetic_track_0,0.23836905963266874,39.10786796381435
31.164345,362,3226.476426,synthetic_track_0,0.22042778994396647,36.16434497819616
25.059577,385,3226.969058,synthetic_track_0,0.18321820081198842,30.059577434104447
18.98564,290,3227.327897,synthetic_track_0,0.14619652887090462,23.98564040426214
30.703117,321,3227.795851,synthetic_track_0,0.21761653050313193,35.70311748838013
24.370518,281,3228.147199,synthetic_track_0,0.17901826631016862,29.370517854782573
30.665054,340,3228.588022,synthetic_track_0,0.21738452692943805,35.665053969813016
17.023747,261,3228.912824,synthetic_track_0,0.13423845698772374,22.023746956220254
30.602571,342,3230.658838,synthetic_track_0,0.21700368069332915,35.60257067462691
31.933965,334,3231.085962,synthetic_track_0,0.22511875648093138,36.93396541565143
30.490535,348,3231.55586,synthetic_track_0,0.2163208019595637,35.49053461006153
36.344979,468,3232.340121,synthetic_track_0,0.2520046315380982,41.3449793846942
31.650306,351,3232.889746,synthetic_track_0,0.22338980498145117,36.65030608896823
16.912491,231,3233.206051,synthetic_track_0,0.13356033053502267,21.912490571621216
16.74085,259,3234.915653,synthetic_track_0,0.1325141533517999,21.74085017831144
23.476413,378,3235.485827,synthetic_track_0,0.17356854611087577,28.4764129809281
29.124879,355,3236.020599,synthetic_track_0,0.20799689822606982,34.12487864508592
18.158107,279,3236.493335,synthetic_track_0,0.14115257038455886,23.15810656743386
16.505465,258,3236.940037,synthetic_track_0,0.13107944240940259,21.505465241239584
27.703832,300,3237.44005,synthetic_track_0,0.19933538155604208,32.703832428685956
19.991171,309,3237.906106,synthetic_track_0,0.15232540564191618,24.991170668536252
20.816045,254,3239.764633,synthetic_track_0,0.15735315582918238,25.81604530109826
16.171294,253,3240.280751,synthetic_track_0,0.12904261528633143,21.17129449644186
18.253986,276,3240.772962,synthetic_track_0,0.14173697093663853,23.253985871836587
30.817904,350,3241.384351,synthetic_track_0,0.21831617259547295,35.81790382269451
32.50436,340,3241.863038,synthetic_track_0,0.2285954052546872,37.50435958262143
30.90261,339,3242.334413,synthetic_track_0,0.21883247028321806,35.90260987403135
32.498633,377,3244.086848,synthetic_track_0,0.22856049902063252,37.498632713561214
30.239631,326,3244.568112,synthetic_track_0,0.21479150063306368,35.23963076186154
35.024837,372,3245.16445,synthetic_track_0,0.2439581412011052,40.024837071945385
15.351772,245,3245.553875,synthetic_track_0,0.12404748523278998,20.35177166534534
25.954516,364,3246.137952,synthetic_track_0,0.1886730042592892,30.954516287806086
31.136385,329,3246.611991,synthetic_track_0,0.2202573715878864,36.13638539913645
30.997853,353,3248.334086,synthetic_track_0,0.21941299183130966,35.9978527721151
24.281423,278,3248.751061,synthetic_track_0,0.17847521798786506,29.281422977622988
1.222787,113,3248.901748,synthetic_track_0,0.03792893803788078,6.222787064222854
30.619996,322,3249.313995,synthetic_track_0,0.21710989376564926,35.619996454695546
1.141107,116,3249.462579,synthetic_track_0,0.03743108423119562,6.141106996486173
22.128929,266,3249.829211,synthetic_track_0,0.16535540346155203,27.12892896268891
1.327857,118,3249.978461,synthetic_track_0,0.038569354252583565,6.327856542640387
1.85363,119,3250.133114,synthetic_track_0,0.04177403249370781,6.853630037378039
31.524448,342,3250.608976,synthetic_track_0,0.22262267921409493,36.52444808848931
31.269128,333,3252.507875,synthetic_track_0,0.22106646223379453,36.26912834068974
0.91626,114,3252.678113,synthetic_track_0,0.03606060117940483,5.91625956738328
25.607375,339,3253.11875,synthetic_track_0,0.18655711668064104,30.607374539713597
21.530091,332,3253.586982,synthetic_track_0,0.1617053846747685,26.530090954941834
1.21566,117,3253.729811,synthetic_track_0,0.03788549888024872,6.215660246490084
33.128729,357,3254.262182,synthetic_track_0,0.23240104471920708,38.12872939775464
21.438339,323,3254.664308,synthetic_track_0,0.16114614026114416,26.438338876374146
1.019328,115,3254.851137,synthetic_track_0,0.03668881891404323,6.019327709937625
28.837626,318,3256.612169,synthetic_track_0,0.20624604516264083,33.83762605226143
20.429001,302,3257.040584,synthetic_track_0,0.1549940566649302,25.429001199102423
30.279863,323,3257.525398,synthetic_track_0,0.21503672393445855,35.27986316663496
21.107104,259,3257.886018,synthetic_track_0,0.15912720593733584,26.107103702292488
30.138763,321,3258.32731,synthetic_track_0,0.21417669420083812,35.1387629360966
31.995352,341,3258.839987,synthetic_track_0,0.2254929155119914,36.99535157879993
18.952554,284,3259.276971,synthetic_track_0,0.1459948607605168,23.95255385416326
32.759895,357,3261.07085,synthetic_track_0,0.23015293557095617,37.7598948020503
1.853848,119,3261.233331,synthetic_track_0,0.0417753610303145,6.85384800289034
31.518063,328,3261.755997,synthetic_track_0,0.22258376039548622,36.518062897299636
34.144343,432,3262.360909,synthetic_track_0,0.23859137935506503,39.144342707485464
28.647082,313,3262.779494,synthetic_track_0,0.20508464450387112,33.647081592815866
22.525331,350,3263.255046,synthetic_track_0,0.16777154023398702,27.525330903546987
1.428446,115,3263.40766,synthetic_track_0,0.03918246378364812,6.428445967397017
1.853239,119,3263.568796,synthetic_track_0,0.04177165028423585,6.853239201698127
1.853515,119,3263.74416,synthetic_track_0,0.041773330947677455,6.853514938675346
13.201472,225,3265.46972,synthetic_track_0,0.11094104446754884,18.20147180800447
29.661485,321,3265.943022,synthetic_track_0,0.21126760746226428,34.66148547297807
20.364606,302,3266.409293,synthetic_track_0,0.15460155945719783,25.36460639467681
17.342096,266,3266.785635,synthetic_track_0,0.136178850115126,22.342096318932345
12.996162,221,3267.091381,synthetic_track_0,0.10968964433005984,17.996161641398807
13.199256,225,3267.394744,synthetic_track_0,0.11092753743491066,18.19925578529661
30.201811,326,3267.859692,synthetic_track_0,0.2145609842855753,35.201811244114694
28.665227,312,3269.626944,synthetic_track_0,0.2051952444543328,33.665227103253024
27.088359,321,3270.126868,synthetic_track_0,0.19558396884623938,32.08835929153123
30.102756,340,3270.712016,synthetic_track_0,0.21395722659270122,35.10275612273509
16.067022,254,3271.083035,synthetic_track_0,0.1284070574486849,21.067022104562014
33.004069,360,3271.692982,synthetic_track_0,0.23164122070228685,38.0040693543109
12.638777,217,3272.113925,synthetic_track_0,0.10751132222262501,17.638776612102227
28.23569,362,3272.752475,synthetic_track_0,0.2025771448167676,33.23569025354698
12.111957,214,3274.728483,synthetic_track_0,0.10430026551911357,17.11195663899513
30.271618,325,3275.237027,synthetic_track_0,0.21498646802431576,35.27161796274275
25.313273,305,3275.785666,synthetic_track_0,0.18476452061108928,30.313273407173515
12.6139,219,3276.080268,synthetic_track_0,0.10735969635510345,17.613900210709907
28.796389,333,3276.537627,synthetic_track_0,0.2059947009669032,33.79638942685574
30.264896,327,3277.010175,synthetic_track_0,0.21494549543109032,35.264895820328526
25.362525,294,3277.446871,synthetic_track_0,0.18506471562310134,30.36252471064073
32.561265,354,3279.293132,synthetic_track_0,0.22894225243220268,37.56126484391164
27.412036,316,3279.733875,synthetic_track_0,0.19755683592861234,32.412036472984624
12.614248,216,3280.106138,synthetic_track_0,0.10736181497691681,17.614247801048478
30.824961,346,3280.609026,synthetic_track_0,0.21835918847899216,35.824961196229516
1.435296,115,3280.791502,synthetic_track_0,0.03922421678238939,6.4352961465451965
13.21264,221,3281.15,synthetic_track_0,0.11100911890581669,18.212640397365828
31.174166,414,3281.784486,synthetic_track_0,0.22048764772499735,36.174165506920694
31.086715,337,3283.59194,synthetic_track_0,0.2199546242533649,36.08671535050216
30.090583,347,3284.103158,synthetic_track_0,0.21388303229340241,35.09058348227111
17.120172,267,3284.554382,synthetic_track_0,0.13482618343820324,22.120171922025854
18.315782,282,3284.960026,synthetic_track_0,0.14211362736501937,23.31578176888606
30.235522,341,3285.413104,synthetic_track_0,0.21476645693022658,35.2355219827046
33.900058,408,3285.973398,synthetic_track_0,0.23710242581850344,38.90005849374632
16.712204,260,3287.651971,synthetic_track_0,0.13233954962528022,21.712203929115997
23.566708,391,3288.21319,synthetic_track_0,0.1741189105768988,28.56670817654775
30.738323,340,3288.736857,synthetic_track_0,0.2178311115266451,35.73832258734736
28.810201,342,3289.314105,synthetic_track_0,0.20607888717073175,33.810201382773066
16.934463,270,3289.709696,synthetic_track_0,0.13369425776383465,21.934463257124985
16.887455,267,3290.076044,synthetic_track_0,0.1334077348099513,21.887455051167635
1.123989,112,3290.214945,synthetic_track_0,0.0373267469395159,6.123988965173718
24.962038,298,3291.934572,synthetic_track_0,0.18262367909880386,29.962037607850686
13.427461,231,3292.242945,synthetic_track_0,0.11231848975705487,18.427461492204227
26.875326,309,3292.682113,synthetic_track_0,0.19428549792693198,31.87532648708346
36.09585,407,3293.228787,synthetic_track_0,0.2504861478210677,41.09585032070265
29.781593,335,3293.777896,synthetic_track_0,0.21199968173161352,34.78159277175894
13.138954,228,3294.079254,synthetic_track_0,0.11055998585454245,18.13895366933793
12.552598,220,3294.375972,synthetic_track_0,0.1069860495627476,17.552598087678195
29.878937,332,3296.16096,synthetic_track_0,0.2125930125535538,34.87893721519912
25.849027,301,3296.584785,synthetic_track_0,0.18803002703444163,30.849026638890123
28.535303,330,3297.043599,synthetic_track_0,0.20440333637657715,33.53530320880099
27.167335,369,3297.563502,synthetic_track_0,0.19606534185969227,32.16733544842202
31.410931,351,3298.117254,synthetic_track_0,0.22193077562149688,36.410931366207016
29.519209,315,3298.564923,synthetic_track_0,0.2104004072690932,34.51920882556002
25.615723,306,3298.991703,synthetic_track_0,0.18660800170300273,30.61572295850135
29.310929,321,3300.710099,synthetic_track_0,0.20913090859318031,34.310929333773856
21.279661,264,3301.075082,synthetic_track_0,0.16017896927603284,26.279660584642606
20.363726,319,3301.513525,synthetic_track_0,0.15459619222687662,25.363725823452267
28.316981,311,3302.016127,synthetic_track_0,0.20307262813112342,33.31698140796929
28.849131,312,3302.503436,synthetic_track_0,0.20631616946878095,33.84913095188979
25.627477,288,3302.948459,synthetic_track_0,0.18667964295362793,30.6274767346606
29.060611,323,3304.63154,synthetic_track_0,0.20760517580808838,34.06061095604737
29.582462,326,3305.093467,synthetic_track_0,0.2107859443547891,34.58246172199626
30.239258,335,3305.536165,synthetic_track_0,0.21478922559204486,35.23925750870564
27.623568,315,3305.944433,synthetic_track_0,0.1988461590666419,32.6235684525228
29.339613,320,3306.371963,synthetic_track_0,0.20930573881951878,34.339612743517826
29.837889,321,3306.855107,synthetic_track_0,0.21234281962731108,34.837889472089934
33.89789,368,3307.383526,synthetic_track_0,0.23708920936058783,38.89789014399527
13.219432,223,3308.928176,synthetic_track_0,0.11105051723403571,18.219432387720644
17.827352,271,3309.34961,synthetic_track_0,0.13913656324912357,22.82735164064845
30.19934,331,3309.841064,synthetic_track_0,0.214545920498525,35.19933981348563
27.970205,314,3310.294269,synthetic_track_0,0.20095896763816282,32.97020504527181
28.998279,340,3310.780975,synthetic_track_0,0.2072252499760514,33.99827866636917
29.607546,340,3311.237145,synthetic_track_0,0.2109388348066092,34.60754559660617
24.755625,293,3312.912283,synthetic_track_0,0.18136555952141645,29.75562502061735
28.075845,313,3313.352977,synthetic_track_0,0.20160285886336896,33.075844649074526
29.397199,334,3313.824808,synthetic_track_0,0.20965673710644342,34.39719905392962
15.667735,255,3314.194937,synthetic_track_0,0.1259733350195298,20.66773498413354
31.280166,338,3314.636716,synthetic_track_0,0.2211337365888305,36.28016566490519
31.564204,333,3315.076957,synthetic_track_0,0.22286500044490343,36.56420436690016
31.210704,328,3315.530223,synthetic_track_0,0.2207103575631417,36.21070425468357
12.968346,225,3317.13698,synthetic_track_0,0.10952010402073221,17.968346118520348
28.207384,312,3317.561969,synthetic_track_0,0.2024046116282379,33.20738370584824
28.195626,313,3318.010298,synthetic_track_0,0.20233294511609987,33.195625785174975
23.343139,278,3318.446856,synthetic_track_0,0.1727562211851914,28.343139409323065
16.89304,267,3318.793101,synthetic_track_0,0.13344177731747905,21.893040213485282
16.357216,255,3319.131485,synthetic_track_0,0.13017583817821557,21.357215988508287
32.179481,374,3319.663625,synthetic_track_0,0.2266152152391124,37.17948096879588
26.164818,295,3321.358788,synthetic_track_0,0.1899548316857155,31.164818488193696
26.167151,371,3321.887858,synthetic_track_0,0.18996904988813035,31.167151188518055
29.956899,345,3322.384692,synthetic_track_0,0.2130682024889198,34.956898949321264
28.99307,318,3322.830593,synthetic_track_0,0.20719350262582772,33.99307005757295
13.36294,227,3323.173248,synthetic_track_0,0.11192522211667716,18.362940287237304
14.571143,239,3323.527193,synthetic_track_0,0.11928942097878038,19.57114288367417
30.516902,340,3324.010541,synthetic_track_0,0.2164815138371189,35.516901701903606
21.931628,358,3325.782242,synthetic_track_0,0.16415282106023327,26.931628046878547
30.001803,324,3326.249289,synthetic_track_0,0.21334189825459027,35.00180267081343
22.579072,333,3326.743249,synthetic_track_0,0.16809910028720804,27.57907183507278
17.870643,281,3327.139211,synthetic_track_0,0.13940043269897984,22.87064321389443
13.078878,223,3327.514756,synthetic_track_0,0.11019381707513064,18.078878421737524
31.792711,396,3328.082064,synthetic_track_0,0.22425778768800872,36.792711118946684
26.820457,363,3329.969706,synthetic_track_0,0.1939510618952369,31.820457452528267
31.601334,353,3330.429917,synthetic_track_0,0.22309131265435994,36.6013341354182
12.760395,220,3330.704849,synthetic_track_0,0.10825260394564913,17.76039452590652
30.249371,350,3331.188413,synthetic_track_0,0.2148508683462973,35.24937088792501
30.529415,348,3331.643122,synthetic_track_0,0.2165577819686767,35.52941458433644
31.179023,348,3332.143736,synthetic_track_0,0.22051725304134204,36.179022684292704
33.789105,390,3333.856166,synthetic_track_0,0.23642614641707918,38.78910514443872
11.952694,213,3334.166933,synthetic_track_0,0.10332953442030009,16.952694259476296
30.424609,422,3334.765037,synthetic_track_0,0.21591897575825753,35.42460925024638
21.594688,277,3335.144141,synthetic_track_0,0.16209911285633072,26.594687718304897
24.511882,307,3335.546571,synthetic_track_0,0.1798799021836489,29.51188159563418
29.693191,321,3336.000141,synthetic_track_0,0.21146085742431325,34.693190904930816
30.855482,346,3336.503895,synthetic_track_0,0.21854521964683465,35.85548228130805
31.787121,333,3338.226102,synthetic_track_0,0.2242237123274397,36.78712056661575
30.737688,331,3338.734385,synthetic_track_0,0.21782724652239194,35.73768847788598
33.983014,402,3339.327163,synthetic_track_0,0.23760805645648655,38.98301446235725
30.644999,326,3339.78189,synthetic_track_0,0.21726229024844168,35.64499928659151
15.217695,250,3340.164146,synthetic_track_0,0.12323026475487106,20.217694908080663
30.710969,338,3340.686182,synthetic_track_0,0.21766438781914235,35.71096916845355
24.396467,324,3342.682725,synthetic_track_0,0.17917642775756493,29.396466511924874
33.667995,386,3343.271443,synthetic_track_0,0.2356879612035759,38.66799525749696
30.137644,319,3343.781136,synthetic_track_0,0.214169876324303,35.137644365524814
28.465724,308,3344.258891,synthetic_track_0,0.20397924152405614,33.465724356906016
25.673475,366,3344.791514,synthetic_track_0,0.18696001231072246,30.673475354679695
25.042511,312,3345.247498,synthetic_track_0,0.18311417928048368,30.04251120778401
30.951577,354,3347.043175,synthetic_track_0,0.2191309362230707,35.95157749837588
1.535465,116,3347.196004,synthetic_track_0,0.03983476035990323,6.535464589766649
30.012064,351,3347.663974,synthetic_track_0,0.2134044455124307,35.01206444683794
1.221741,113,3347.83354,synthetic_track_0,0.03792256257158583,6.221741077405375
30.602949,346,3348.338513,synthetic_track_0,0.2170059891553339,35.60294941097558
32.427037,344,3348.807842,synthetic_track_0,0.2281241084710075,37.42703657595136
28.816264,322,3349.266163,synthetic_track_0,0.20611584186668322,33.81626433142983
31.982441,335,3351.099619,synthetic_track_0,0.22541422595093447,36.982441426078395
13.458237,222,3351.401972,synthetic_track_0,0.11250607227256193,18.458237098149375
0.593635,111,3351.538331,synthetic_track_0,0.03409415054871126,5.593635096988366
0.520313,110,3351.688888,synthetic_track_0,0.03364723698611269,5.520312507956565
1.328316,118,3351.842734,synthetic_track_0,0.038572155255405464,6.32831608738455
13.799436,229,3352.145964,synthetic_track_0,0.11458573999031425,18.799436457830527
22.232988,353,3352.670785,synthetic_track_0,0.16598966111136107,27.23298804007922
0.828551,113,3352.827238,synthetic_track_0,0.03552600537078538,5.828551446498314
24.502283,407,3353.40696,synthetic_track_0,0.17982139647375628,29.50228289359988
32.261992,369,3355.191981,synthetic_track_0,0.2271181334783663,37.261991929436675
34.290893,408,3355.792173,synthetic_track_0,0.23948462674949536,39.29089277239001
33.371816,366,3356.256043,synthetic_track_0,0.23388269759423952,38.37181583310941
20.287972,301,3356.647808,synthetic_track_0,0.15413445980715165,25.28797198806338
22.043059,316,3357.132756,synthetic_track_0,0.16483201266014258,27.043059184175966
25.671021,316,3357.544507,synthetic_track_0,0.18694505283071103,30.671021037118532
25.991018,311,3359.243547,synthetic_track_0,0.18889549139706036,30.991018498374057
1.439098,119,3359.399817,synthetic_track_0,0.039247387458322215,6.4390976287359205
13.457358,224,3359.715894,synthetic_track_0,0.1125007152418102,18.457358200310704
32.878168,348,3360.198443,synthetic_track_0,0.2308738320455692,37.87816822305632
29.765147,348,3360.687863,synthetic_track_0,0.2118994434226097,34.76514723742878
17.097937,262,3361.041423,synthetic_track_0,0.1346906588491303,22.097937166628146
17.160897,261,3361.437285,synthetic_track_0,0.1350744069067314,22.16089654730935
30.519362,386,3362.059576,synthetic_track_0,0.21649650909600326,35.519361889502775
30.569644,319,3363.75711,synthetic_track_0,0.21680298807408138,35.56964416786069
19.392761,247,3364.098453,synthetic_track_0,0.14867800007041937,24.392761396290968
16.854396,262,3364.459021,synthetic_track_0,0.13320623705087575,21.85439644964832
29.621781,344,3364.934464,synthetic_track_0,0.21102560272070886,34.621781119174976
28.313389,329,3365.367195,synthetic_track_0,0.2030507316923898,33.313388982693155
30.096822,342,3365.827795,synthetic_track_0,0.21392105734234315,35.0968220377094
29.746829,328,3367.562501,synthetic_track_0,0.21178779029688213,34.746828938462336
30.14599,356,3368.036859,synthetic_track_0,0.2142207450886675,35.145990116954614
28.579792,332,3368.545955,synthetic_track_0,0.20467450180999402,33.57979179294341
30.800457,326,3368.993467,synthetic_track_0,0.21820983348706385,35.800457364595204
29.258178,343,3369.458207,synthetic_track_0,0.20880937966236654,34.2581778945049
22.980696,359,3369.971534,synthetic_track_0,0.17054706738819025,27.980695998512882
26.225001,322,3371.672747,synthetic_track_0,0.19032165134697002,31.22500052230911
29.269014,340,3372.148541,synthetic_track_0,0.20887542867254177,34.26901418329613
28.229443,335,3372.592456,synthetic_track_0,0.2025390669822596,33.229443037878205
30.581818,321,3373.054538,synthetic_track_0,0.21687718832695127,35.58181778509351
14.047924,231,3373.361944,synthetic_track_0,0.11610031322376933,19.04792395082465
19.201298,292,3373.78892,synthetic_track_0,0.14751099872875814,24.201298064373596
26.856132,323,3374.251037,synthetic_track_0,0.1941685063902065,31.8561323451164
31.54942,360,3376.051112,synthetic_track_0,0.22277488450033037,36.54941955184392
28.890269,337,3376.518833,synthetic_track_0,0.20656691513907188,33.890269380599236
28.554051,418,3377.125144,synthetic_track_0,0.20451760912364278,33.55405129427396
16.721908,259,3377.521612,synthetic_track_0,0.132398700567107,21.72190849071666
25.666711,348,3378.013331,synthetic_track_0,0.18691878017781502,30.666710631052833
30.908036,342,3378.481512,synthetic_track_0,0.21886554576352715,35.90803638164421
22.909464,326,3380.240715,synthetic_track_0,0.1701128951172753,27.909463801386888
27.151887,319,3380.676064,synthetic_track_0,0.19597118370395006,32.151887450564594
31.272969,342,3381.153867,synthetic_track_0,0.22108987208444128,36.27296906292759
22.701969,356,3381.633997,synthetic_track_0,0.16884817742017796,27.701968697845345
24.105462,295,3382.075961,synthetic_track_0,0.17740270551581042,29.105461901922588
30.730036,326,3382.536052,synthetic_track_0,0.21778060072880714,35.730035565467766
20.396182,303,3384.211911,synthetic_track_0,0.15479401922089978,25.39618218324098
27.684082,333,3384.658824,synthetic_track_0,0.19921499815606242,32.6840818028342
26.45201,410,3385.228135,synthetic_track_0,0.1917053138235914,31.452010225353547
29.383177,336,3385.675139,synthetic_track_0,0.2095712711711339,34.383177139681855
25.126581,369,3386.172169,synthetic_track_0,0.18362659817053148,30.126580886646842
32.734959,346,3386.797518,synthetic_track_0,0.23000094792406575,37.734959045556224
31.239048,356,3388.579224,synthetic_track_0,0.22088311767576327,36.239048032538925
31.2698,352,3389.073054,synthetic_track_0,0.2210705571571354,36.26980017167981
32.550915,341,3389.523252,synthetic_track_0,0.22887916702207997,37.55091477627566
26.517326,372,3390.023997,synthetic_track_0,0.19210342440801415,31.517325984851
26.191019,314,3390.464964,synthetic_track_0,0.19011452528494766,31.191018516851198
32.260169,365,3390.996852,synthetic_track_0,0.227107019462453,37.2601685154938
17.114,266,3392.610066,synthetic_track_0,0.13478856501883527,22.114000080009454
27.543977,342,3393.128416,synthetic_track_0,0.1983610328578297,32.543976530025596
21.057237,320,3393.550728,synthetic_track_0,0.15882325739528244,26.057236578309467
30.178915,318,3393.968846,synthetic_track_0,0.21442142960105567,35.17891529367408
15.518523,250,3394.312865,synthetic_track_0,0.12506386313243392,20.51852305817236
30.330786,339,3394.787891,synthetic_track_0,0.21534710775680424,35.33078609078084
18.307364,281,3395.156181,synthetic_track_0,0.14206231767231015,23.307363676828185
18.062301,273,3396.809528,synthetic_track_0,0.14056861991054856,23.062301104802955
30.976771,326,3397.24056,synthetic_track_0,0.21928449265550634,35.976770636671354
30.183823,341,3397.802571,synthetic_track_0,0.21445134190055012,35.18382283604105
29.299428,317,3398.271959,synthetic_track_0,0.20906080612590622,34.29942801712514
27.885619,332,3398.72816,synthetic_track_0,0.20044340304493702,32.88561926862042
16.578343,259,3399.065914,synthetic_track_0,0.13152364429301666,21.57834294038572
17.270989,265,3400.723331,synthetic_track_0,0.13574543663997868,22.27098861315073
13.57072,231,3401.053061,synthetic_track_0,0.11319167495283283,18.570720065263437
32.223682,365,3401.638208,synthetic_track_0,0.22688462624159464,37.22368171334431
17.748326,269,3402.065317,synthetic_track_0,0.13865489164995903,22.748326496483035
18.215721,278,3402.462493,synthetic_track_0,0.1415037375528232,23.2157205852551
19.038684,291,3402.8436,synthetic_track_0,0.14651983873324614,24.038684030928017
30.674175,325,3403.296967,synthetic_track_0,0.2174401206775305,35.67417492268905
14.583129,245,3404.899123,synthetic_track_0,0.11936247545068866,19.58312851908322
27.632741,303,3405.294079,synthetic_track_0,0.19890206559844795,32.6327407220596
34.06312,401,3405.846017,synthetic_track_0,0.2380963152539674,39.063120331019384
29.74722,337,3406.304512,synthetic_track_0,0.21179017586310875,34.74722032486606
16.35871,259,3406.680919,synthetic_track_0,0.13018494736564445,21.35871048154264
32.7865,383,3407.232494,synthetic_track_0,0.23031509817222734,37.78649990595495
15.837401,253,3407.594679,synthetic_track_0,0.1270074788825694,20.837401138430856
25.979525,298,3409.340703,synthetic_track_0,0.18882543445048028,30.97952465004901
26.223322,301,3409.750369,synthetic_track_0,0.19031141900267787,31.223321759259267
29.740883,333,3410.193246,synthetic_track_0,0.21175155169310683,34.74088347501242
15.991707,255,3410.53605,synthetic_track_0,0.12794799979816363,20.99170710347911
27.314929,382,3411.105049,synthetic_track_0,0.19696495033879208,32.31492914063182
15.630111,250,3411.446508,synthetic_track_0,0.12574400843817254,20.6301106646093
16.829029,266,3411.784897,synthetic_track_0,0.13305162084099756,21.82902943964165
19.356341,300,3413.517824,synthetic_track_0,0.14845601407428147,24.356341405205903
22.416896,273,3413.88099,synthetic_track_0,0.16711061125946805,27.41689601225372
18.886607,294,3414.290309,synthetic_track_0,0.14559290470177902,23.886607189371293
30.596477,340,3414.799495,synthetic_track_0,0.21696653773817068,35.59647683934325
18.060636,274,3415.237538,synthetic_track_0,0.1405584680306323,23.060635543089695
30.652357,322,3415.754224,synthetic_track_0,0.21730713687626488,35.65235702002485
13.553091,229,3416.106944,synthetic_track_0,0.11308422416355622,18.553091219950574
27.247089,333,3417.791806,synthetic_track_0,0.1965514559081472,32.2470894402011
25.536299,294,3418.197204,synthetic_track_0,0.18612389958368045,30.536299052594128
29.978861,321,3418.637577,synthetic_track_0,0.21320206469566647,34.9788609670213
34.764036,371,3419.15754,synthetic_track_0,0.24236851577988433,39.76403618956229
29.869345,317,3419.621158,synthetic_track_0,0.21253454865703156,34.869345373248805
16.848693,263,3420.0327,synthetic_track_0,0.13317147278438887,21.848692872406698
22.152036,272,3421.667159,synthetic_track_0,0.16549624190871093,27.152035532829377
17.875771,281,3422.045907,synthetic_track_0,0.13943169024961993,22.875771464033892
16.544136,262,3422.467121,synthetic_track_0,0.13131514597819552,21.54413579714629
27.900035,305,3422.873901,synthetic_track_0,0.20053126675292912,32.90003457191633
26.404788,296,3423.331641,synthetic_track_0,0.19141748877697326,31.404788392380897
26.456789,302,3423.821172,synthetic_track_0,0.19173444086059221,31.456788934129595
16.839756,262,3424.247706,synthetic_track_0,0.1331170015580722,21.83975608535094
14.787668,246,3424.699781,synthetic_track_0,0.12060917776934704,19.787667941034236
18.656992,290,3426.569385,synthetic_track_0,0.14419335935766014,23.65699167378585
16.889542,266,3426.952613,synthetic_track_0,0.1334204533970931,21.889541718067253
18.015155,282,3427.427838,synthetic_track_0,0.1402812578135089,23.015155225358072
36.629446,425,3428.071124,synthetic_track_0,0.25373850152459837,41.629445659817996
15.519347,255,3428.438765,synthetic_track_0,0.12506888369913918,20.51934675425152
16.420365,259,3428.823466,synthetic_track_0,0.13056074417200766,21.420365345253238
28.187541,307,3429.293336,synthetic_track_0,0.2022836664125808,33.18754090606515
30.86395,328,3431.146726,synthetic_track_0,0.2185968295200023,35.863949622281666
15.992018,256,3431.53008,synthetic_track_0,0.12794989209847044,20.99201756252384
29.62841,338,3432.047885,synthetic_track_0,0.21106600432814993,34.62840958317012
15.317589,248,3432.383986,synthetic_track_0,0.12383913700430314,20.317589145924764
31.08709,356,3432.888213,synthetic_track_0,0.2199569062768474,36.08708974923152
30.42944,323,3433.347739,synthetic_track_0,0.21594842194825511,35.42944032065559
18.601565,285,3435.042582,synthetic_track_0,0.1438555274502471,23.601565497043648
16.265217,264,3435.430725,synthetic_track_0,0.1296150867175584,21.26521665722892
20.282837,331,3435.928462,synthetic_track_0,0.1541031639105572,25.282837446719334
18.647642,295,3436.410136,synthetic_track_0,0.144136369594591,23.64764168460172
16.407474,264,3436.808939,synthetic_track_0,0.13048217202698922,21.407474456319285
17.438568,275,3437.20704,synthetic_track_0,0.13676686206934116,22.438568125726512
14.679993,248,3437.571513,synthetic_track_0,0.11995288252731237,19.679993280110022
22.887521,363,3439.611986,synthetic_track_0,0.16997915177114972,27.887521284478957
16.046056,263,3440.082553,synthetic_track_0,0.12827926460905295,21.04605585371239
15.264812,254,3440.562062,synthetic_track_0,0.12351745126269353,20.26481197959245
17.044665,275,3441.12608,synthetic_track_0,0.13436595410046306,22.04466468882557
26.069086,343,3441.737936,synthetic_track_0,0.1893713259804348,31.069085996261162
35.106895,362,3442.351606,synthetic_track_0,0.24445829889459708,40.10689512540379
30.59968,359,3443.1357,synthetic_track_0,0.21698606017952426,35.5996797762511
19.148071,301,3444.999933,synthetic_track_0,0.14718657322045284,24.148071399963168
30.607517,321,3445.530289,synthetic_track_0,0.21703383049341754,35.60751718237758
33.677594,386,3446.102509,synthetic_track_0,0.2357464678043769,38.67759410569758
32.88104,336,3446.627002,synthetic_track_0,0.23089133380593893,37.881039638225424
33.507951,364,3447.114622,synthetic_track_0,0.23471246663613365,38.50795136253115
38.706064,451,3447.651655,synthetic_track_0,0.26639584189232585,43.7060641464494
25.816703,292,3449.428005,synthetic_track_0,0.18783300992861224,30.81670315289214
32.888029,363,3449.962783,synthetic_track_0,0.23093393226550932,37.8880285273661
21.45489,346,3450.455189,synthetic_track_0,0.1612470242882823,26.454890350038795
13.75025,235,3450.750553,synthetic_track_0,0.11428593841373903,18.750249703097698
31.777485,331,3451.150453,synthetic_track_0,0.2241649827455993,36.77748513517291
32.262369,334,3451.571752,synthetic_track_0,0.2271204340754104,37.26236937542559
27.57435,308,3453.273664,synthetic_track_0,0.19854616263088778,32.57434972834288
33.204443,337,3453.694971,synthetic_track_0,0.23286253411486005,38.20444336155392
19.609057,316,3454.059223,synthetic_track_0,0.14999635568190298,24.609056570097106
32.683066,333,3454.448662,synthetic_track_0,0.22968465244155795,37.683066228650674
17.846502,280,3454.864719,synthetic_track_0,0.13925328745562365,22.846501923252326
23.873002,281,3455.207049,synthetic_track_0,0.17598582382832106,28.87300211020268
34.142798,343,3455.630745,synthetic_track_0,0.2385819621834497,39.1427976852217
32.268508,343,3457.261875,synthetic_track_0,0.2271578525395883,37.26850841192107
33.295494,340,3457.672051,synthetic_track_0,0.23341750234391767,38.29549387062394
19.333926,249,3458.050553,synthetic_track_0,0.14831939131460278,24.333926479147127
27.313782,303,3458.434753,synthetic_track_0,0.1969579593251623,32.313782164432865
16.847276,270,3458.749542,synthetic_track_0,0.13316283712541888,21.847276068517385
34.621903,356,3459.246256,synthetic_track_0,0.24150219262907105,39.62190343354013
25.975923,291,3460.771596,synthetic_track_0,0.18880348406834954,30.975923374583786
30.721121,402,3461.317857,synthetic_track_0,0.2177262644413012,35.72112091706205
30.951672,382,3461.797124,synthetic_track_0,0.21913150947929924,35.95167154929394
28.056157,310,3462.189741,synthetic_track_0,0.2014828617818818,33.05615740432022
30.483139,320,3462.611249,synthetic_track_0,0.21627572681177357,35.48313938464535
34.674397,351,3463.126456,synthetic_track_0,0.24182214843648098,39.67439677931968
32.807926,337,3464.832006,synthetic_track_0,0.23044569181699126,37.80792566911486
33.869707,345,3465.237143,synthetic_track_0,0.23691743071846394,38.86970739047207
30.964517,333,3465.635649,synthetic_track_0,0.2192098045316626,35.9645169771979
32.470317,332,3466.101609,synthetic_track_0,0.2283879074923361,37.4703165943858
27.09991,330,3466.494754,synthetic_track_0,0.19565437423022747,32.099910306017726
29.490665,314,3466.876001,synthetic_track_0,0.21022642781297293,34.49066499689009
34.523353,354,3468.458797,synthetic_track_0,0.24090150912515582,39.523352677014266
27.304198,304,3468.873065,synthetic_track_0,0.19689954368628945,32.30419823984306
34.392378,344,3469.284465,synthetic_track_0,0.24010319811121542,39.39237828891478
27.820477,301,3469.640217,synthetic_track_0,0.20004635217141156,32.82047736991645
23.273161,380,3470.092213,synthetic_track_0,0.17232968844471888,28.27316058689389
33.394469,347,3470.577703,synthetic_track_0,0.23402077359844947,38.39446918480671
33.695402,335,3472.125744,synthetic_track_0,0.23585500845719173,38.69540175877776
32.716393,330,3472.541041,synthetic_track_0,0.2298877860658368,37.716393217352774
26.074914,293,3472.971534,synthetic_track_0,0.18940685012376715,31.074914242213513
36.457735,361,3473.394949,synthetic_track_0,0.2526918955504639,41.457734917200376
17.358983,237,3473.71171,synthetic_track_0,0.13628177697590885,22.358982948797934
33.75934,346,3474.166475,synthetic_track_0,0.23624472008047073,38.75933954806403
20.22906,309,3474.538837,synthetic_track_0,0.1537753825443872,25.229060205625508
33.422956,339,3476.099018,synthetic_track_0,0.23419440495956614,38.42295590349156
32.893141,335,3476.506204,synthetic_track_0,0.23096509087968786,37.89314054555801
33.963304,367,3476.952754,synthetic_track_0,0.2374879155106998,38.963303614598246
30.296407,320,3477.445889,synthetic_track_0,0.21513756033155326,35.296406825906864
33.728533,349,3477.89162,synthetic_track_0,0.23605695132509272,38.72853338679306
29.299665,315,3478.277159,synthetic_track_0,0.20906225199273512,34.299665232345625
39.309742,391,3480.028407,synthetic_track_0,0.27007535995123766,44.309741933491665
33.375066,339,3480.474647,synthetic_track_0,0.23390250536799104,38.37506558289542
28.471368,388,3481.020878,synthetic_track_0,0.2040136421234879,33.47136826934384
29.744791,315,3481.507137,synthetic_track_0,0.21177536600487978,34.744790554907354
32.402822,332,3482.078331,synthetic_track_0,0.22797651652312823,37.40282199701616
34.754288,343,3482.586183,synthetic_track_0,0.24230909606707718,39.7542875322219
33.390469,335,3484.433859,synthetic_track_0,0.23399639181865356,38.39046900363198
33.841857,337,3484.826935,synthetic_track_0,0.23674767954310122,38.841857271991856
36.141779,361,3485.301268,synthetic_track_0,0.2507660897662578,41.14177881765985
35.550831,355,3485.724202,synthetic_track_0,0.24716416403393096,40.550831166264246
28.298207,394,3486.239751,synthetic_track_0,0.20295819417691344,33.29820687414884
20.227404,253,3486.636984,synthetic_track_0,0.15376528941177361,25.22740428225105
35.742493,354,3488.239049,synthetic_track_0,0.2483323752024689,40.74249298765767
32.174835,334,3488.716338,synthetic_track_0,0.22658689855822467,37.17483521057945
34.312571,342,3489.162188,synthetic_track_0,0.2396167584846544,39.312570881371066
33.989461,347,3489.590042,synthetic_track_0,0.23764735159070516,38.9894613935278
20.139697,253,3489.909504,synthetic_track_0,0.15323069728065467,25.13969676471286
32.256727,327,3490.365794,synthetic_track_0,0.22708604397993806,37.25672718631318
21.678731,343,3491.978806,synthetic_track_0,0.1626113678079317,26.678730500710856
32.703819,330,3492.350137,synthetic_track_0,0.22981114392536026,37.70381897338487
37.476585,385,3492.913042,synthetic_track_0,0.2589019582788436,42.47658490386699
32.95469,363,3493.461006,synthetic_track_0,0.23134024780276974,37.954690427225565
34.036373,346,3493.92605,synthetic_track_0,0.23793328388480414,39.036372693263786
15.746688,260,3494.250106,synthetic_track_0,0.12645456406739577,20.746687521401995
27.738359,326,3495.994702,synthetic_track_0,0.199545826757055,32.73835898656857
23.047985,399,3496.521868,synthetic_track_0,0.1709572056930127,28.047985078297888
32.972695,338,3496.995191,synthetic_track_0,0.2314499891561203,37.97269507247448
0.70774,112,3497.136106,synthetic_track_0,0.03478964008837776,5.7077401453927425
35.674478,352,3497.536151,synthetic_track_0,0.24791781520769862,40.67447846612732
25.183777,351,3498.081273,synthetic_track_0,0.18397522003011532,30.18377731002039
27.765448,3000,3505.005745,synthetic_track_0,0.16923509696233208,27.765448406119983
16.555759,264,3505.417222,synthetic_track_0,0.13138598919943223,21.55575864512214
30.03648,349,3505.947086,synthetic_track_0,0.2135532620932924,35.036479944403496
25.101512,310,3506.338379,synthetic_track_0,0.18347379612910802,30.10151151703235
29.080547,348,3506.888443,synthetic_track_0,0.207726690374483,34.08054716599661
33.941912,345,3508.4946,synthetic_track_0,0.2373575298827364,38.94191197958223
32.20361,335,3508.938777,synthetic_track_0,0.22676228766543044,37.20361031275699
31.176653,350,3509.472144,synthetic_track_0,0.22050280760702398,36.17665270331086
15.768211,257,3509.778233,synthetic_track_0,0.12658575533156588,20.76821133260919
35.007846,387,3510.261697,synthetic_track_0,0.24385457851654183,40.007846126056165
30.676558,415,3510.829555,synthetic_track_0,0.21745464851941743,35.6765584238162
36.878604,369,3512.512095,synthetic_track_0,0.2552571627836014,41.87860385212019
39.448044,391,3513.022269,synthetic_track_0,0.2709183342404438,44.44804397340392
37.497356,378,3513.563955,synthetic_track_0,0.25902856465151947,42.49735649777106
34.100501,344,3514.046091,synthetic_track_0,0.23832415820712918,39.10050124002858
34.881291,364,3514.535764,synthetic_track_0,0.24308320622662635,39.88129142255796
35.302577,348,3515.011906,synthetic_track_0,0.24565101115586,40.30257670297166
26.558715,295,3516.636127,synthetic_track_0,0.1923556990152909,31.558715257633324
30.56205,335,3517.084186,synthetic_track_0,0.2167567029682715,35.562050431452555
26.273145,314,3517.523241,synthetic_track_0,0.1906151003553407,31.273145046985086
25.555575,312,3517.989216,synthetic_track_0,0.18624138695875816,30.555574543964674
37.111819,371,3518.544375,synthetic_track_0,0.25667865079970753,42.11181937821109
36.508123,363,3519.004766,synthetic_track_0,0.25299901935124525,41.50812298798444
21.895116,346,3520.5946,synthetic_track_0,0.16393027205073682,26.895115685365365
32.328585,340,3521.123685,synthetic_track_0,0.2275240324334871,37.3285854830127
35.488382,359,3521.585112,synthetic_track_0,0.24678352576612222,40.48838199126486
29.083729,378,3522.120121,synthetic_track_0,0.20774608128230232,34.083728522938934
36.273725,373,3522.639893,synthetic_track_0,0.25157032279900626,41.273724798003656
35.529786,352,3524.313724,synthetic_track_0,0.24703589316067937,40.52978648713325
35.911071,366,3524.81292,synthetic_track_0,0.249359887472561,40.911071133881364
37.684242,367,3525.417127,synthetic_track_0,0.26016766519229495,42.684242302559674
24.503866,359,3526.021626,synthetic_track_0,0.17983104677380418,29.503866163931463
37.138013,426,3526.636254,synthetic_track_0,0.2568383074074822,42.13801333788867
26.907602,348,3527.171139,synthetic_track_0,0.19448222096128795,31.907601726432436
34.835878,352,3529.129056,synthetic_track_0,0.2428064029488167,39.83587786906568
33.481443,341,3529.594826,synthetic_track_0,0.23455089392946343,38.48144303930853
38.327649,387,3530.249182,synthetic_track_0,0.264089335871511,43.32764870503778
35.738353,384,3530.800572,synthetic_track_0,0.248307139319129,40.738352678528926
18.689568,294,3531.22609,synthetic_track_0,0.144391917554333,23.689567997871627
29.213737,326,3531.611543,synthetic_track_0,0.20853850479312547,34.21373698158894
34.480427,354,3533.210715,synthetic_track_0,0.24063986751695526,39.48042661319074
33.123214,336,3533.72162,synthetic_track_0,0.23236742528385296,38.12321364650373
19.184217,307,3534.202258,synthetic_track_0,0.14740688371046742,24.184216500203153
42.665975,419,3534.774631,synthetic_track_0,0.29053216726573133,47.66597499767063
37.979415,368,3535.346167,synthetic_track_0,0.26196679522358873,42.979415425371826
35.765597,371,3535.836107,synthetic_track_0,0.24847319732066928,40.76559687879795
30.701027,331,3537.620697,synthetic_track_0,0.21760379122683904,35.70102742712812
37.039891,362,3538.190261,synthetic_track_0,0.2562402362886523,42.03989118065814
33.616905,338,3538.676189,synthetic_track_0,0.23537655528262227,38.616904643393895
20.393967,334,3539.155093,synthetic_track_0,0.15478052021526584,25.393967477478462
32.152697,336,3539.596203,synthetic_track_0,0.226451961303844,37.15269681587399
37.320524,367,3541.337789,synthetic_track_0,0.25795073898149823,42.320523715629975
32.721673,330,3541.804254,synthetic_track_0,0.22991996541887635,37.72167270241586
36.102371,358,3542.311318,synthetic_track_0,0.25052589374235185,41.10237120996603
33.527733,344,3542.764043,synthetic_track_0,0.2348330374634398,38.52773273852787
36.494766,358,3543.262845,synthetic_track_0,0.2529176034933369,41.494765547106226
34.533935,347,3543.697939,synthetic_track_0,0.24096601217318195,39.53393532851005
17.764659,238,3544.008082,synthetic_track_0,0.13875443798264744,22.764658502159694
30.564303,321,3545.62426,synthetic_track_0,0.2167704356199725,35.56430347020827
20.649544,337,3546.0246,synthetic_track_0,0.15633830043674615,25.64954369744667
25.338822,285,3546.395106,synthetic_track_0,0.18492024569246918,30.338822343476924
37.615573,374,3546.874757,synthetic_track_0,0.25974911600355155,42.61557329646064
32.669571,327,3547.309614,synthetic_track_0,0.22960239691942888,37.66957102879682
36.830945,355,3547.802578,synthetic_track_0,0.254966671301728,41.83094455214551
29.867611,323,3549.511631,synthetic_track_0,0.21252397599682002,34.867610776484376
31.69778,326,3550.014303,synthetic_track_0,0.22367916545713112,36.69777983113207
32.752992,339,3550.472967,synthetic_track_0,0.23011086218451404,37.75299205869801
32.227476,338,3550.932089,synthetic_track_0,0.2269077537352458,37.227476110861495
37.07392,370,3551.406034,synthetic_track_0,0.2564476448578011,42.07391953546784
36.275488,361,3551.882709,synthetic_track_0,0.2515810720401786,41.275488365410965
34.119335,343,3553.570747,synthetic_track_0,0.2384389551651409,39.11933532983658
34.628538,361,3554.098754,synthetic_track_0,0.24154262859364586,39.62853753431654
37.972529,370,3554.652056,synthetic_track_0,0.26192481944117263,42.972528695361916
32.91619,338,3555.117273,synthetic_track_0,0.23110558334487422,37.91619035238649
1.850806,119,3555.25361,synthetic_track_0,0.04175681863915797,6.850805857293925
33.826422,336,3555.738593,synthetic_track_0,0.23665359622264043,38.826421551937216
39.457624,390,3557.57826,synthetic_track_0,0.2709767286971246,44.45762442275086
35.056903,350,3558.039658,synthetic_track_0,0.24415359076922946,40.05690338086806
36.353136,361,3558.462326,synthetic_track_0,0.25205434527816667,41.35313563779844
28.631452,306,3558.825264,synthetic_track_0,0.20498938047657936,33.63145216084693
29.529983,319,3559.393645,synthetic_track_0,0.21046607888551525,34.52998319748548
37.784207,367,3559.92905,synthetic_track_0,0.2607769681692664,42.78420720744322
36.393415,361,3561.523045,synthetic_track_0,0.2522998569882036,41.393415360152055
37.008212,359,3562.003999,synthetic_track_0,0.2560471439875525,42.00821161524862
33.978233,350,3562.432668,synthetic_track_0,0.23757891433848713,38.978233279326766
1.424347,115,3562.557737,synthetic_track_0,0.03915748149146176,6.424347263539381
34.323522,352,3563.035172,synthetic_track_0,0.23968350802146896,39.32352210161925
0.804587,113,3563.203092,synthetic_track_0,0.03537994072775899,5.8045874438611404
19.351893,301,3563.65413,synthetic_track_0,0.14842890123679514,24.35189315479046
36.812263,367,3565.265911,synthetic_track_0,0.2548528069860031,41.81226347570035
35.574167,362,3565.709899,synthetic_track_0,0.24730639779875035,40.57416665830807
37.587661,366,3566.250198,synthetic_track_0,0.2595789861011752,42.58766104237412
41.907707,435,3566.80519,synthetic_track_0,0.2859103948438547,46.9077068486412
37.622421,357,3567.322646,synthetic_track_0,0.25979085518557277,42.62242120877744
34.941839,356,3567.82183,synthetic_track_0,0.24345225342199728,39.94183891563958
30.435899,324,3569.426295,synthetic_track_0,0.21598778914033376,35.43589907395306
35.330545,352,3569.879461,synthetic_track_0,0.2458214842077521,40.33054525566495
31.192091,378,3570.457505,synthetic_track_0,0.22059690777746788,36.19209118784725
28.839867,354,3570.971936,synthetic_track_0,0.20625970637569638,33.83986737048127
32.008338,345,3571.407752,synthetic_track_0,0.2255720686007634,37.00833777990083
35.417996,361,3571.866186,synthetic_track_0,0.24635451041434525,40.41799586079307
36.083732,379,3573.540501,synthetic_track_0,0.250412282234989,41.08373161036379
30.478549,316,3573.94981,synthetic_track_0,0.21624774489046775,35.478548548546534
37.602459,360,3574.52517,synthetic_track_0,0.25966918163834046,42.6024589157383
35.888568,365,3575.054598,synthetic_track_0,0.24922272706679918,40.88856799926036
38.937453,385,3575.539598,synthetic_track_0,0.26780619549918816,43.93745291277863
32.019262,342,3577.237298,synthetic_track_0,0.2256386533474729,37.01926196396537
17.291576,281,3577.603029,synthetic_track_0,0.13587091730319686,22.291575518249534
32.884434,335,3578.022249,synthetic_track_0,0.23091202085703605,37.88443364608917
27.179117,336,3578.466067,synthetic_track_0,0.19613715409660099,32.179117277336985
25.835272,377,3578.936966,synthetic_track_0,0.18794619160867465,30.83527223315207
33.944517,359,3579.378097,synthetic_track_0,0.2373734057120523,38.944516637408455
29.113715,334,3581.080219,synthetic_track_0,0.20792885430014213,34.11371506171222
31.716275,327,3581.630029,synthetic_track_0,0.22379189733230725,36.71627511443979
33.443429,346,3582.209619,synthetic_track_0,0.23431919058992384,38.44342877846674
1.428511,115,3582.377215,synthetic_track_0,0.0391828580542039,6.42851065314466
1.530264,116,3582.544505,synthetic_track_0,0.03980306157959204,6.530263949562194
1.738447,118,3582.728046,synthetic_track_0,0.041071973123674915,6.738447113938581
1.121611,116,3582.876258,synthetic_track_0,0.037312255115500945,6.12161137329579
37.812384,381,3583.436862,synthetic_track_0,0.2609487098327821,42.812383894094616
1.6352,117,3583.617222,synthetic_track_0,0.040442663828213495,6.635199885152965
1.317739,114,3583.768597,synthetic_track_0,0.03850768516755163,6.3177388434784465
1.324778,114,3583.923728,synthetic_track_0,0.038550588545984935,6.324777758938183
30.604824,322,3585.699127,synthetic_track_0,0.21701741507130795,35.604823996603294
1.740099,118,3585.848048,synthetic_track_0,0.04108204307479332,6.740099234055796
1.424822,115,3586.016676,synthetic_track_0,0.03916037656733271,6.424822242318426
0.805719,113,3586.184513,synthetic_track_0,0.03538683532882936,5.805718602194939
1.739257,118,3586.408903,synthetic_track_0,0.04107690793202062,6.7392567401270975
2.058272,121,3586.590657,synthetic_track_0,0.043021360730459875,7.058272150182479
1.526855,116,3586.745906,synthetic_track_0,0.03978228106529068,6.526854607717366
2.064378,121,3586.921622,synthetic_track_0,0.043058576648800556,7.064377956124167
0.694059,112,3587.081826,synthetic_track_0,0.034706248744787525,5.694058597714208
0.917741,114,3587.244736,synthetic_track_0,0.036069630516084854,5.917740959755375
1.73705,118,3587.411202,synthetic_track_0,0.04106345954619396,6.737050339271022
27.446063,296,3587.8331,synthetic_track_0,0.1977642337267891,32.44606306066166
0.916028,114,3587.970534,synthetic_track_0,0.03605918841993612,5.916027783900759
1.320121,114,3588.155922,synthetic_track_0,0.03852220389107049,6.320120848606351
0.705468,112,3588.294556,synthetic_track_0,0.03477578958812643,5.70546777188967
38.415164,369,3590.204751,synthetic_track_0,0.2646227550395106,43.41516378112879
40.230817,383,3590.718188,synthetic_track_0,0.2756894709692954,45.230817482334864
0.611514,111,3590.917955,synthetic_track_0,0.034203125594263806,5.611514018436423
32.898908,339,3591.446922,synthetic_track_0,0.23100024269280653,37.89890770539097
36.246085,373,3592.066772,synthetic_track_0,0.2514018553534469,41.24608529383608
1.33501,118,3592.251092,synthetic_track_0,0.038612955343629185,6.335009927875527
31.257757,341,3592.781536,synthetic_track_0,0.22099715021169078,36.2577567079245
1.849124,119,3594.284684,synthetic_track_0,0.041746569704646665,6.84912437238034
16.490032,267,3594.651756,synthetic_track_0,0.13098537420606285,21.490032001365783
14.969692,247,3595.053968,synthetic_track_0,0.12171864734437834,19.96969236029845
33.331487,342,3595.598583,synthetic_track_0,0.23363688620461998,38.33148694401593
1.531846,116,3595.748856,synthetic_track_0,0.03981270284788516,6.531845738104684
0.804544,113,3595.91364,synthetic_track_0,0.03537967881914763,5.804544473991613
17.054137,277,3596.334675,synthetic_track_0,0.13442368711455305,22.054136619015097
1.014935,115,3596.516123,synthetic_track_0,0.036662046494089814,6.014935309907926
1.95017,120,3596.691849,synthetic_track_0,0.04236246251121425,6.95017043345985
0.799068,113,3596.848807,synthetic_track_0,0.035346298627184095,5.799067974055219
1.847109,119,3597.017809,synthetic_track_0,0.04173428787214643,6.847109361352848
1.531457,116,3597.179065,synthetic_track_0,0.03981033308135854,6.531456943868674
17.687703,281,3598.920799,synthetic_track_0,0.13828537982078543,22.687702773552473
15.95993,260,3599.293416,synthetic_track_0,0.12775431028240766,20.959929556427358
1.636072,117,3599.446285,synthetic_track_0,0.040447980254635314,6.636072121268107
29.62266,337,3600.029195,synthetic_track_0,0.2110309574444284,34.62265963851188
35.987446,351,3600.614092,synthetic_track_0,0.24982540499870834,40.9874459703449
34.619451,367,3601.157825,synthetic_track_0,0.24148724217613696,39.619450597000665
35.683731,358,3601.681667,synthetic_track_0,0.24797421051004762,40.68373092549198
29.59319,320,3603.654412,synthetic_track_0,0.21085133506537193,34.5931900072841
0.806491,113,3603.813907,synthetic_track_0,0.03539154340074323,5.806491029015162
1.018875,115,3603.969266,synthetic_track_0,0.03668605745144825,6.018874652335612
14.358692,240,3604.321083,synthetic_track_0,0.11799449443640465,19.35869158517046
0.804792,113,3604.477776,synthetic_track_0,0.035381184591131966,5.804791517513276
1.956803,120,3604.697126,synthetic_track_0,0.042402886932602,6.9568026404106265
0.790315,113,3604.857815,synthetic_track_0,0.03529294889082411,5.790315183534982
0.699664,112,3605.026876,synthetic_track_0,0.03474041715356998,5.699664415941024
29.889592,322,3605.540072,synthetic_track_0,0.21265795232647983,34.88959151768748
2.061278,121,3605.872649,synthetic_track_0,0.043039678894159036,7.0612775080439
34.488954,346,3606.397856,synthetic_track_0,0.24069184295699306,39.48895393066009
2.058775,121,3607.964718,synthetic_track_0,0.043024423885423484,7.058774704750821
29.274574,336,3608.467703,synthetic_track_0,0.20890931505799906,34.27457373154571
17.391571,280,3608.882254,synthetic_track_0,0.1364804045639612,22.391570657536192
34.170527,350,3609.469627,synthetic_track_0,0.23875097963620992,39.170527425970405
30.039902,331,3609.928453,synthetic_track_0,0.21357411745240498,35.03990156561461
29.630119,318,3610.42262,synthetic_track_0,0.21107642302356514,34.63011891979829
28.332725,301,3610.837391,synthetic_track_0,0.20316858913608937,33.33272518913647
14.907714,251,3612.467168,synthetic_track_0,0.12134087638916545,19.90771360911406
33.170661,344,3612.929376,synthetic_track_0,0.23265662766202522,38.17066145050065
38.140854,377,3613.509612,synthetic_track_0,0.2629507918522253,43.140854205592966
30.350413,327,3614.062751,synthetic_track_0,0.21546673657593737,35.35041291680656
36.750527,362,3614.558387,synthetic_track_0,0.2544765143810422,41.75052726910857
32.949439,340,3615.022759,synthetic_track_0,0.2313082418043746,37.94943938348182
39.765589,513,3617.008652,synthetic_track_0,0.2728538222199302,44.765588576147024
25.285669,346,3617.494895,synthetic_track_0,0.18459626522094358,30.28566869374234
19.705405,249,3617.817072,synthetic_track_0,0.15058361750148144,24.70540530652983
0.701074,112,3617.959547,synthetic_track_0,0.03474900602537252,5.701073543723504
1.955606,120,3618.119084,synthetic_track_0,0.04239559060406446,6.955605572915766
15.468127,259,3618.524181,synthetic_track_0,0.12475668771040947,20.46812651818192
34.234996,355,3618.985936,synthetic_track_0,0.23914392740888898,39.23499615204706
34.216136,352,3620.775883,synthetic_track_0,0.23902896863986356,39.21613551481815
36.05848,365,3621.283818,synthetic_track_0,0.25025836794633605,41.058479760615924
28.236609,381,3621.817824,synthetic_track_0,0.20258274461844314,33.23660898144265
19.338981,310,3622.268052,synthetic_track_0,0.14835020109879352,24.33898126676924
29.770096,392,3622.864329,synthetic_track_0,0.211929608166901,34.77009619699058
36.462529,349,3623.34399,synthetic_track_0,0.2527211138483503,41.462528598635494
32.326379,356,3625.169374,synthetic_track_0,0.22751058088296652,37.326378562943134
20.172922,337,3625.616119,synthetic_track_0,0.1534332118459148,25.172922187891302
21.936527,263,3625.967155,synthetic_track_0,0.1641826838630033,26.93652746859695
21.252399,347,3626.472186,synthetic_track_0,0.1600128030939477,26.25239863580138
42.048267,488,3627.172077,synthetic_track_0,0.28676713518622093,47.048267407298276
27.27207,381,3627.82642,synthetic_track_0,0.19670371964301125,32.272070492892745
35.121294,342,3629.819831,synthetic_track_0,0.24454606097750514,40.121293755645006
29.55794,335,3630.363269,synthetic_track_0,0.21063648286368883,34.557940417643124
25.042879,308,3630.920982,synthetic_track_0,0.18311642176960155,30.04287912033301
29.500711,353,3631.568943,synthetic_track_0,0.2102876611084479,34.5007111985159
19.771858,323,3632.246933,synthetic_track_0,0.15098865749146786,24.77185793453811
36.078492,380,3632.819788,synthetic_track_0,0.25038034668511344,41.078492124711545
30.974211,320,3634.602766,synthetic_track_0,0.2192688922881445,35.974211172335195
32.840005,339,3635.123227,synthetic_track_0,0.23064122310835658,37.84000538590903
37.158571,367,3635.841553,synthetic_track_0,0.25696361118554606,42.158571222437274
30.365011,358,3636.559765,synthetic_track_0,0.21555571580568542,35.36501123746895
34.318385,352,3637.360751,synthetic_track_0,0.23965219819329842,39.31838527460005
22.599346,433,3639.642759,synthetic_track_0,0.1682226767305859,27.599346325556184
28.645587,330,3640.280668,synthetic_track_0,0.20507553191010586,33.645586540923105
33.669338,363,3641.019801,synthetic_track_0,0.23569614346770862,38.66933767545104
30.3488,320,3641.794399,synthetic_track_0,0.2154569074814866,35.348800312685135
19.871201,248,3642.188728,synthetic_track_0,0.15159416936486803,24.871200854428583
38.695699,372,3642.751789,synthetic_track_0,0.2663326652278724,43.69569910722977
25.962043,296,3643.15603,synthetic_track_0,0.1887188780184759,30.962042536892447
28.168174,381,3645.007071,synthetic_track_0,0.2021656211704342,33.16817388858923
31.299053,321,3645.449837,synthetic_track_0,0.22124885554783336,36.299052583600734
20.624699,347,3645.942208,synthetic_track_0,0.15618686967745452,25.62469930636184
37.075636,407,3646.613957,synthetic_track_0,0.2564581047896533,42.075635637525785
26.136315,287,3647.002958,synthetic_track_0,0.18978109977069452,31.136315272196573
33.631913,341,3648.813579,synthetic_track_0,0.23546803546864792,38.63191328185523
32.526215,400,3649.341735,synthetic_track_0,0.22872861668105934,37.526214830453775
28.788733,352,3649.854249,synthetic_track_0,0.2059480330307797,33.78873288163601
32.588622,325,3650.314468,synthetic_track_0,0.22910899776834562,37.58862181129452
31.303089,365,3650.873957,synthetic_track_0,0.22127345525772063,36.303088519337116
31.546153,322,3651.326836,synthetic_track_0,0.2227549740636754,36.54615295873404
21.319565,364,3653.099214,synthetic_track_0,0.1604221921908123,26.319564797259915
30.079309,355,3653.610245,synthetic_track_0,0.21381431097507858,35.07930876294533
25.293109,288,3654.044885,synthetic_track_0,0.18464161743319302,30.293109375562587
26.980335,293,3654.451644,synthetic_track_0,0.19492554501890766,31.980335405615843
21.566302,347,3654.932427,synthetic_track_0,0.16192609790099088,26.566302129841265
33.312222,339,3655.47614,synthetic_track_0,0.23351946496384476,38.31222230292761
20.974593,301,3655.881661,synthetic_track_0,0.15831953123608136,25.974593066797055
31.693264,323,3657.68529,synthetic_track_0,0.22365163832780477,36.69326361018973
1.318426,114,3657.848465,synthetic_track_0,0.038511873038048317,6.318425923784449
37.189637,383,3658.396812,synthetic_track_0,0.2571529603298843,42.18963666921653
27.341271,421,3658.994641,synthetic_track_0,0.19712550763620873,32.341270871381916
27.965904,400,3659.553986,synthetic_track_0,0.20093275319869225,32.965904189954685
26.13361,3000,3666.602042,synthetic_track_0,0.15928876524952282,26.13360982795775
28.82493,333,3667.08188,synthetic_track_0,0.20616866224412506,33.82493027301628
30.747914,330,3667.600937,synthetic_track_0,0.2178895748222397,35.74791433070686
40.67085,438,3668.279196,synthetic_track_0,0.2783715464401454,45.67085048638591
35.428025,370,3668.847343,synthetic_track_0,0.2464156383395193,40.42802477490756
26.825303,392,3670.687968,synthetic_track_0,0.19398059491918393,31.825302769294094
19.812004,328,3671.265046,synthetic_track_0,0.1512333545560942,24.81200400261124
20.148766,332,3671.74686,synthetic_track_0,0.1532859786544196,25.148766468093783
40.991831,409,3672.43983,synthetic_track_0,0.2803279784509724,45.99183125829275
20.476188,350,3673.022719,synthetic_track_0,0.15528166886180655,25.476188111017738
33.548021,356,3674.83478,synthetic_track_0,0.23495669510592462,38.54802055089104
21.558071,342,3675.371633,synthetic_track_0,0.1618759257769268,26.558070672258705
19.310839,313,3675.866743,synthetic_track_0,0.14817867174383495,24.31083941238606
30.183615,351,3676.387736,synthetic_track_0,0.21445007296006266,35.1836146481281
17.451701,291,3676.79147,synthetic_track_0,0.1368469117845537,22.45170143127337
29.653144,373,3677.31095,synthetic_track_0,0.21121676646686618,34.65314427744606
28.959401,426,3679.28616,synthetic_track_0,0.20698828536494102,33.95940121835774
37.117594,388,3679.822705,synthetic_track_0,0.2567138502623128,42.117594355626714
33.049016,356,3680.420129,synthetic_track_0,0.23191517622010527,38.0490156918738
38.671434,407,3680.969044,synthetic_track_0,0.2661847623761883,43.671433520059836
29.573077,349,3681.458089,synthetic_track_0,0.21072874150773058,34.573076773323116
21.060024,363,3681.966186,synthetic_track_0,0.1588402487096448,26.060024247479447
29.632395,341,3683.700996,synthetic_track_0,0.21109029660254208,34.63239507969779
38.136334,405,3684.296089,synthetic_track_0,0.2629232413890654,43.13633415640009
16.441899,273,3684.802267,synthetic_track_0,0.13069199526954936,21.441898972984436
26.453365,459,3685.428642,synthetic_track_0,0.19171357212675263,31.453365118602413
27.026916,395,3685.968845,synthetic_track_0,0.19520946099362496,32.02691589919657
15.971312,267,3687.593443,synthetic_track_0,0.12782368683341913,20.97131177608675
18.335033,297,3688.009195,synthetic_track_0,0.14223096462073498,23.335032631019065
28.155812,439,3688.614846,synthetic_track_0,0.20209027457994316,33.15581219820463
36.617759,363,3689.136876,synthetic_track_0,0.25366726871464307,41.61775889421714
32.511211,361,3689.701808,synthetic_track_0,0.2286371629193533,37.5112105272816
25.203096,495,3690.408095,synthetic_track_0,0.18409297370371938,30.203096491489063
34.954309,364,3692.199985,synthetic_track_0,0.24352826153278895,39.95430913793101
34.618485,501,3692.884726,synthetic_track_0,0.24148135532465373,39.618484774461095
34.896783,354,3693.356831,synthetic_track_0,0.24317762997638923,39.89678299492924
22.279181,378,3693.888715,synthetic_track_0,0.16627121582034934,27.279181134101876
37.984614,380,3694.422774,synthetic_track_0,0.26199848172270723,42.98461405067023
19.717112,318,3696.128405,synthetic_track_0,0.15065497331096522,24.717112251969994
38.103805,391,3696.648582,synthetic_track_0,0.2627249691952813,43.10380475519612
28.718474,349,3697.12797,synthetic_track_0,0.20551979576473717,33.71847440730472
35.852751,358,3697.603783,synthetic_track_0,0.24900441740717488,40.85275116398413
35.780547,374,3698.106311,synthetic_track_0,0.24856432239378248,40.780547255885466
37.809654,409,3698.698966,synthetic_track_0,0.2609320700351076,42.80965389628617
36.691912,389,3700.552367,synthetic_track_0,0.25411924473303427,41.69191205183454
34.70647,356,3701.070749,synthetic_track_0,0.2420176395584052,39.70646990574008
35.810812,368,3701.584731,synthetic_track_0,0.24874879242264436,40.81081221369135
30.856332,328,3702.059907,synthetic_track_0,0.21855040109361212,35.8563323720738
28.355258,305,3702.49679,synthetic_track_0,0.20330593022783422,33.35525796788821
34.651549,364,3704.342631,synthetic_track_0,0.24168288739138574,39.651549004644224
37.934756,367,3704.864887,synthetic_track_0,0.2616945889595859,42.934756078022176
34.771175,377,3705.412892,synthetic_track_0,0.24241203066777023,39.77117543193093
36.572984,375,3705.929791,synthetic_track_0,0.25339435925814746,41.572984178038986
37.674417,380,3706.4424,synthetic_track_0,0.2601077759581003,42.674416613491864
37.723153,375,3706.949595,synthetic_track_0,0.2604048347152824,42.723153369307724
19.844439,317,3708.678077,synthetic_track_0,0.1514310510200207,24.844438947062773
34.955564,352,3709.150824,synthetic_track_0,0.24353590763259259,39.955563590425896
36.79133,434,3709.77272,synthetic_track_0,0.25472521485277766,41.79133015361949
35.783921,356,3710.261732,synthetic_track_0,0.24858488568581083,40.78392095929641
19.04397,313,3710.71106,synthetic_track_0,0.14655205751560985,24.043969984938055
36.236176,389,3711.285177,synthetic_track_0,0.251341457698118,41.23617619097867
39.538806,420,3713.102844,synthetic_track_0,0.27147154503385856,44.538806149914414
32.709066,357,3713.59366,synthetic_track_0,0.22984312694313702,37.7090662468281
26.160133,436,3714.274663,synthetic_track_0,0.18992627056813283,31.16013262662658
37.761979,369,3714.810984,synthetic_track_0,0.2606414848227244,42.76197921847508
30.526208,358,3715.344803,synthetic_track_0,0.21653823767326644,35.5262080619567
39.190441,408,3717.1717,synthetic_track_0,0.26934819944261773,44.19044080773553
33.107088,351,3717.662065,synthetic_track_0,0.23226913669902644,38.10708799242904
35.80545,432,3718.237034,synthetic_track_0,0.24871611107071845,40.80545036850067
49.195033,593,3719.084339,synthetic_track_0,0.3303278753711367,54.19503250417343
21.562425,348,3719.573867,synthetic_track_0,0.1619024680736582,26.562425317268538
36.587276,369,3721.396075,synthetic_track_0,0.2534814693811095,41.58727584488686
33.913039,357,3721.910588,synthetic_track_0,0.2371815424474979,38.913038713097045
38.451622,404,3722.464894,synthetic_track_0,0.2648449733843047,43.45162189234816
16.114621,230,3722.780026,synthetic_track_0,0.1286971809273956,21.114621028332174
36.366619,363,3723.324029,synthetic_track_0,0.25213652727469527,41.36661877472147
29.160822,331,3723.802696,synthetic_track_0,0.2082159770146514,34.1608216670147
34.075557,392,3725.646263,synthetic_track_0,0.2381721171278155,39.07555671717801
19.317538,315,3726.069151,synthetic_track_0,0.14821950359874525,24.317538464658238
36.41697,516,3726.799907,synthetic_track_0,0.2524434275603622,41.41697017464064
18.026659,297,3727.214178,synthetic_track_0,0.14035137613121293,23.026659142497486
38.112378,380,3727.749153,synthetic_track_0,0.2627772274194643,43.112378467466165
22.320129,374,3729.550168,synthetic_track_0,0.16652079869608286,27.32012878966278
35.094781,361,3730.078443,synthetic_track_0,0.24438446122686827,40.09478099547122
21.049292,348,3730.572953,synthetic_track_0,0.15877483427210243,26.0492920694431
26.301808,325,3731.04412,synthetic_track_0,0.1907898085222797,31.301808431131413
23.128445,393,3731.613149,synthetic_track_0,0.1714476244589599,28.128445320810883
39.217752,409,3732.293748,synthetic_track_0,0.2695146660826798,44.217752051023396
14.598305,246,3733.950499,synthetic_track_0,0.11945497743716837,19.598304798585325
37.924993,387,3734.593913,synthetic_track_0,0.2616350813083417,42.92499299311811
31.417961,356,3735.147796,synthetic_track_0,0.22197362043076818,36.417960672554486
36.761898,393,3735.711848,synthetic_track_0,0.25454582022063543,41.76189788754416
37.136053,379,3736.285084,synthetic_track_0,0.2568263559067871,42.136052522538414
33.42156,344,3738.103963,synthetic_track_0,0.23418589416253205,38.421559584996245
38.24685,369,3738.629344,synthetic_track_0,0.2635968525128359,43.2468497364337
39.258643,383,3739.206878,synthetic_track_0,0.26976390442753234,44.25864318134472
35.886156,350,3739.748912,synthetic_track_0,0.2492080284115671,40.88615647375052
21.675784,364,3740.270737,synthetic_track_0,0.16259341076314907,26.675784389594497
34.897659,383,3740.832703,synthetic_track_0,0.24318296702481276,39.897658614379964
25.974601,421,3742.722099,synthetic_track_0,0.1887954239785962,30.974601001091454
23.459141,408,3743.259571,synthetic_track_0,0.17346326789028363,28.45914057671286
19.678001,332,3743.762766,synthetic_track_0,0.15041658615839923,24.678001415600598
36.572752,380,3744.324713,synthetic_track_0,0.25339294164166243,41.57275159769318
32.377288,337,3744.804818,synthetic_track_0,0.22782088318903107,37.37728811317226
40.136767,412,3746.620792,synthetic_track_0,0.2751162161923912,45.13676680243813
47.303204,459,3747.216043,synthetic_track_0,0.3187968601697253,52.30320383865593
29.240045,444,3747.826042,synthetic_track_0,0.20869885386663678,34.24004455021661
43.714328,506,3748.525882,synthetic_track_0,0.2969220561927089,48.714328055088274
36.643561,413,3749.1018,synthetic_track_0,0.2538245345481759,41.6435606130413
38.778164,406,3750.949079,synthetic_track_0,0.2668353053568583,43.77816443988656
23.340882,409,3751.518129,synthetic_track_0,0.17274246466806906,28.340882455102197
22.177777,384,3752.038721,synthetic_track_0,0.16565314326351585,27.17777745368316
19.076312,251,3752.42696,synthetic_track_0,0.14674919002131478,24.076312403943128
24.351132,430,3753.056054,synthetic_track_0,0.17890010560489322,29.351131893921956
20.247442,360,3754.811736,synthetic_track_0,0.153887421948966,25.24744187918568
37.816215,406,3755.372759,synthetic_track_0,0.2609720624168976,42.816215220935476
31.892927,637,3756.233018,synthetic_track_0,0.22486862325389628,36.89292746705472
34.392998,366,3756.805146,synthetic_track_0,0.2401069746958712,39.39299789187122
54.749252,659,3758.978049,synthetic_track_0,0.36418177991857825,59.74925179396362
24.752089,456,3759.697111,synthetic_track_0,0.18134400805847795,29.752089193575348
31.024727,344,3760.174838,synthetic_track_0,0.21957679261942853,36.02472664410165
21.347049,362,3760.676253,synthetic_track_0,0.1605897114774278,26.347048742334188
35.770517,382,3761.268214,synthetic_track_0,0.2485031884942616,40.77051736159356
54.422849,540,3763.464842,synthetic_track_0,0.3621922973030616,59.422848595646585
47.298536,435,3764.10193,synthetic_track_0,0.3187684086985671,52.29853596615961
18.93577,251,3764.44479,synthetic_track_0,0.14589255996918019,23.935769939982656
34.859073,355,3764.931761,synthetic_track_0,0.24294777851792307,39.859072561776394
30.161863,351,3765.394523,synthetic_track_0,0.21431749406720071,35.16186317650329
29.346138,369,3765.932732,synthetic_track_0,0.2093455103022168,34.34613782649829
52.623199,890,3768.668623,synthetic_track_0,0.3512231269209501,57.62319864259786
37.129966,366,3769.121861,synthetic_track_0,0.25678925660950647,42.129965849956676
45.07088,770,3770.13006,synthetic_track_0,0.3051904709015906,50.07088024857895
44.925464,885,3772.428034,synthetic_track_0,0.30430413424735864,49.92546398986396
14.538439,221,3772.677317,synthetic_track_0,0.11909008782605202,19.538439416916678
31.446541,346,3773.169414,synthetic_track_0,0.22214782522400173,36.446541471014406
40.274852,407,3773.77178,synthetic_track_0,0.275957868190544,45.27485190151083
31.130941,346,3774.292033,synthetic_track_0,0.2202241864407329,36.1309408991026
37.73733,382,3775.944736,synthetic_track_0,0.2604912411191508,42.73732958093065
13.809005,217,3776.20786,synthetic_track_0,0.11464406080767557,18.809004825589426
37.552718,375,3776.631228,synthetic_track_0,0.259366001000876,42.55271777753263
38.308019,385,3777.089139,synthetic_track_0,0.2639696866436584,43.30801853066849
41.348969,703,3778.03072,synthetic_track_0,0.2825047962639966,46.34896948648486
34.619938,398,3779.751367,synthetic_track_0,0.2414902110137761,39.61993767745723
37.297551,359,3780.191797,synthetic_track_0,0.2578107190784609,42.29755143940953
37.20899,395,3780.713819,synthetic_track_0,0.25727091925769496,42.208989525585906
33.785113,372,3781.276775,synthetic_track_0,0.2364018156539127,38.78511333327481
34.062085,373,3781.781185,synthetic_track_0,0.2380900054859688,39.06208512295105
56.860008,961,3784.559966,synthetic_track_0,0.37704719662352426,61.86000819234782
16.293609,233,3784.902301,synthetic_track_0,0.12978814232612507,21.29360891543832
30.391269,341,3785.38124,synthetic_track_0,0.21571576266518538,35.39126922354731
37.227543,379,3785.923449,synthetic_track_0,0.25738400486140395,42.2275428431401
37.667183,366,3787.814145,synthetic_track_0,0.26006368549693604,42.66718294005986
15.793278,229,3788.150882,synthetic_track_0,0.1267385383522516,20.79327758159846
32.805681,368,3788.726956,synthetic_track_0,0.2304320080346771,37.80568064808397
37.193327,394,3789.462127,synthetic_track_0,0.257175450846922,42.19332656157129
40.334326,437,3790.054903,synthetic_track_0,0.2763203745870346,45.33432628258964
32.061035,343,3790.539735,synthetic_track_0,0.22589326838385432,37.06103521775825
15.022396,225,3792.141161,synthetic_track_0,0.12203988247839538,20.022395597983056
37.659098,378,3792.657812,synthetic_track_0,0.2600144067129119,42.659098047742035
55.543553,909,3793.948867,synthetic_track_0,0.3690231812431484,60.54355321904328
29.213193,350,3794.44477,synthetic_track_0,0.2085351868095096,34.21319261872005
34.042131,361,3794.929234,synthetic_track_0,0.2379683791211136,39.042130570858575
51.882344,894,3797.461871,synthetic_track_0,0.3467074940759726,56.88234421565763
69.922494,998,3798.876044,synthetic_track_0,0.45666525395017843,74.92249406305794
16.148856,231,3800.481556,synthetic_track_0,0.12890585117640527,21.148856379844748
47.192672,472,3801.124784,synthetic_track_0,0.3181231499289556,52.19267199705495
16.184735,234,3801.440804,synthetic_track_0,0.1291245393946739,21.184735323103872
69.776536,1053,3802.96921,synthetic_track_0,0.4557756153754004,74.77653607685139
70.503669,1164,3805.9226,synthetic_track_0,0.46020761322465714,75.50366898148145
19.947565,257,3806.294048,synthetic_track_0,0.15205962092901282,24.947564868878178
38.624514,377,3806.794777,synthetic_track_0,0.26589877893611286,43.62451382909179
70.503669,1122,3809.726331,synthetic_track_0,0.46020761322465714,75.50366898148145
17.325457,241,3810.053061,synthetic_track_0,0.13607742774896225,22.3254565230183
16.560448,236,3810.34984,synthetic_track_0,0.13141457435632678,21.560448450683648
17.498452,241,3810.665052,synthetic_track_0,0.13713186338371455,22.49845183391889
43.888942,518,3811.364771,synthetic_track_0,0.2979863546740827,48.888941507638684
15.770988,230,3812.94874,synthetic_track_0,0.1266026767149861,20.770987528603683
15.358522,228,3813.263158,synthetic_track_0,0.12408863232843018,20.35852243738711
69.682729,1033,3814.703875,synthetic_track_0,0.4552038477796909,74.68272939039026
34.413729,363,3815.206167,synthetic_track_0,0.2402333354012019,39.41372918051876
18.23017,244,3815.527095,synthetic_track_0,0.14159180785303174,23.230169782971434
69.353742,1008,3818.294478,synthetic_track_0,0.4531986129266588,74.35374181125702
39.379609,492,3818.980794,synthetic_track_0,0.2705012122293921,44.37960911630397
35.207653,408,3819.544815,synthetic_track_0,0.24507243656000924,40.20765323036739
47.605364,543,3821.592778,synthetic_track_0,0.3206385775636347,52.605364029993936
38.703973,372,3822.07595,synthetic_track_0,0.26638309410458283,43.70397268877175
32.342417,341,3822.538805,synthetic_track_0,0.227608335211039,37.34241656452371
48.371658,538,3823.38864,synthetic_track_0,0.32530927054912523,53.37165830013773
30.140269,356,3823.882129,synthetic_track_0,0.21418587175148407,35.14026864509862
48.267076,588,3826.012814,synthetic_track_0,0.32467182658622284,53.267076462318954
36.837005,384,3826.535353,synthetic_track_0,0.2550036123733064,41.83700526552818
38.22971,410,3827.080249,synthetic_track_0,0.26349238216892784,43.22970987599215
16.321139,233,3827.478284,synthetic_track_0,0.12995594132925126,21.32113875202379
42.586007,484,3828.164792,synthetic_track_0,0.29004475027674004,47.58600723978222
33.894626,376,3829.971846,synthetic_track_0,0.23706931441079432,38.89462609172745
69.935215,1108,3831.470521,synthetic_track_0,0.45674278799689527,74.93521463705515
31.86208,440,3832.154836,synthetic_track_0,0.22468060266593376,36.86207998903115
70.203669,975,3834.820269,synthetic_track_0,0.45837906251081106,75.20366897312286
30.469065,325,3835.299301,synthetic_track_0,0.21618994084251805,35.469064964232054
32.451412,371,3835.828069,synthetic_track_0,0.22827268228689443,37.451412244435936
17.943854,242,3836.14823,synthetic_track_0,0.13984666469436727,22.943853982035787
42.325704,447,3838.170789,synthetic_track_0,0.28845815744336584,47.3257038969929
43.294891,447,3838.84658,synthetic_track_0,0.29436551582955695,48.294890888534944
37.067493,410,3839.392803,synthetic_track_0,0.2564084763754769,42.06749338335969
18.079808,243,3839.731237,synthetic_track_0,0.1406753279640099,23.079808093637297
69.885888,1076,3842.451926,synthetic_track_0,0.4564421344430494,74.88588810321399
15.631736,228,3842.76274,synthetic_track_0,0.1257539152441823,20.631736018428164
35.606399,382,3843.331471,synthetic_track_0,0.24750285792078994,40.606398763115294
17.632158,241,3843.648704,synthetic_track_0,0.13794682562143842,22.63215809444412
35.079872,372,3844.132746,synthetic_track_0,0.24429358960443887,40.07987220060873
17.656362,244,3844.455287,synthetic_track_0,0.13809435450197702,22.656362326276234
19.208944,252,3844.809803,synthetic_track_0,0.14755760079593977,24.208943802847323
70.05463,1074,3847.560756,synthetic_track_0,0.4574706468917479,75.05463034310378
69.426995,1055,3849.089772,synthetic_track_0,0.453645103616999,74.42699502202106
26.43907,324,3850.804836,synthetic_track_0,0.1916264436997492,31.439070448713647
70.020978,1127,3852.462788,synthetic_track_0,0.4572655303954291,75.02097803576324
38.180232,422,3853.083107,synthetic_track_0,0.2631908040037945,43.18023164638895
41.825907,409,3854.936265,synthetic_track_0,0.2854118089597795,46.82590667309374
69.714379,1253,3856.609833,synthetic_track_0,0.4553967567858581,74.7143788836334
17.210801,237,3856.971512,synthetic_track_0,0.13537858433208536,22.210801222885312
41.56475,444,3858.829226,synthetic_track_0,0.2838200122563586,46.564749560679275
16.315788,231,3859.206835,synthetic_track_0,0.1299233257565338,21.315787698857054
49.292541,500,3859.901802,synthetic_track_0,0.3309222041795187,54.2925406816236
35.522796,374,3860.412825,synthetic_track_0,0.2469932876075427,40.522796434191136
39.593658,463,3861.023237,synthetic_track_0,0.2718058792242113,44.593658475934625
28.555029,364,3861.596731,synthetic_track_0,0.20452356729623664,33.55502881806612
51.936665,644,3863.782534,synthetic_track_0,0.3470385882456211,56.936664969744406
48.163495,493,3864.434592,synthetic_track_0,0.32404048220615184,53.16349534867291
32.54931,633,3865.296385,synthetic_track_0,0.22886938785172897,37.54931036291987
18.932014,248,3865.647878,synthetic_track_0,0.14586966613892396,23.932013878301557
53.16007,1038,3868.392823,synthetic_track_0,0.35449545042709296,58.160070314661056
34.974167,411,3868.95891,synthetic_track_0,0.24364929664956553,39.97416668728401
25.818194,381,3869.484846,synthetic_track_0,0.18784209475511857,30.81819364916725
28.80067,425,3871.366905,synthetic_track_0,0.20602079041028093,33.8006697747685
28.363293,326,3871.813824,synthetic_track_0,0.2033549034432224,33.363292727282385
0.696494,112,3871.965952,synthetic_track_0,0.03472109401745944,5.696494177920945
34.334917,363,3872.49719,synthetic_track_0,0.23975296319992181,39.334917221239735
40.407445,402,3873.136712,synthetic_track_0,0.27676604763715434,45.40744534773162
1.423294,115,3873.287975,synthetic_track_0,0.03915106385867338,6.423294358703011
40.926881,466,3873.887737,synthetic_track_0,0.2799320981568409,45.92688140995158
70.271366,958,3876.462996,synthetic_track_0,0.45879168561903966,75.27136572059625
28.416477,327,3876.909895,synthetic_track_0,0.2036790683964627,33.416476643892004
32.050912,358,3877.429765,synthetic_track_0,0.22583156709679875,37.05091223539181
51.176746,853,3879.887821,synthetic_track_0,0.34240675318590735,56.17674590044659
28.624853,340,3880.328243,synthetic_track_0,0.204949158855054,33.624853226126426
39.92012,395,3880.914972,synthetic_track_0,0.27379571795429564,44.92012009996143
29.760392,363,3881.45184,synthetic_track_0,0.2118704608164028,34.76039222459895
40.53037,409,3882.080892,synthetic_track_0,0.2775152936718938,45.53036992126543
55.978947,907,3884.641201,synthetic_track_0,0.37167697852409415,60.97894677987659
18.542454,243,3884.982828,synthetic_track_0,0.1434952340038131,23.542454182206555
29.39633,326,3885.420217,synthetic_track_0,0.20965143948115822,34.39632990241098
29.949272,342,3885.884805,synthetic_track_0,0.21302171332435016,34.94927173414267
33.032276,338,3886.394107,synthetic_track_0,0.23181314324985378,38.032275717588966
30.039593,325,3888.0669,synthetic_track_0,0.21357223800783257,35.03959321573776
42.351015,412,3888.679096,synthetic_track_0,0.2886124353131035,47.35101539743987
48.556789,469,3889.290765,synthetic_track_0,0.3264376742218217,53.55678913007724
55.343553,819,3890.387444,synthetic_track_0,0.36780414755089785,60.34355323266316
38.860849,426,3892.267825,synthetic_track_0,0.2673392842355171,43.86084941365586
30.825422,338,3892.741149,synthetic_track_0,0.21836199717790014,35.82542200362714
40.185067,415,3893.342121,synthetic_track_0,0.275410612057357,45.18506667253838
32.155926,345,3893.823886,synthetic_track_0,0.22647164488207847,37.15592618960158
32.099833,343,3894.292096,synthetic_track_0,0.22612974481144732,37.0998325722518
29.636871,332,3894.727948,synthetic_track_0,0.21111757516720675,34.6368705200372
32.584376,338,3896.5018,synthetic_track_0,0.2290831196966814,37.58437614194733
0.592171,111,3896.645901,synthetic_track_0,0.03408522903025147,5.59217139374391
1.4245,115,3896.799923,synthetic_track_0,0.03915841402669241,6.424500259338113
0.912185,114,3896.945901,synthetic_track_0,0.03603576443723759,5.912184743096838
1.634401,117,3897.100368,synthetic_track_0,0.040437794236805935,6.634400958739873
35.036921,362,3897.657676,synthetic_track_0,0.24403179324858668,40.036920748210285
1.427739,115,3897.823725,synthetic_track_0,0.03917815243032944,6.427738627960463
1.226839,117,3897.98212,synthetic_track_0,0.03795363677741196,6.226839247194699
1.742066,118,3898.143576,synthetic_track_0,0.041094029884655846,6.742065842382117
0.913809,114,3898.29218,synthetic_track_0,0.03604566668807269,5.913809349573872
1.549132,120,3898.450218,synthetic_track_0,0.03991806381463013,6.549131718014793
1.530718,116,3898.605952,synthetic_track_0,0.03980582727148866,6.530717701041888
42.870952,420,3900.523353,synthetic_track_0,0.2917815384194699,47.870952280349435
1.447513,119,3900.674438,synthetic_track_0,0.039298679556355076,6.44751283413442
42.747969,420,3901.235212,synthetic_track_0,0.2910319320194283,47.74796858371182
17.243354,235,3901.591439,synthetic_track_0,0.1355769997414843,22.243354120667924
40.779003,438,3902.272329,synthetic_track_0,0.27903075209013684,45.779002641538064
15.480058,226,3902.584837,synthetic_track_0,0.12482941394995169,20.480058302356863
31.556686,337,3903.041597,synthetic_track_0,0.22281917693422218,36.55668636180284
41.62974,395,3904.867101,synthetic_track_0,0.2842161421799513,46.62974036431902
14.181658,219,3905.157901,synthetic_track_0,0.11691544705217655,19.181658363266067
41.178405,383,3905.682125,synthetic_track_0,0.28146517651343383,46.178404934188364
29.213121,331,3906.140716,synthetic_track_0,0.20853475038579355,34.21312101714101
30.292194,350,3906.634214,synthetic_track_0,0.2151118820433674,35.29219393390881
43.4867,427,3908.494111,synthetic_track_0,0.2955346259302686,48.486700192662965
27.116074,608,3909.398167,synthetic_track_0,0.19575289283652206,32.116073698418084
35.613146,360,3909.872815,synthetic_track_0,0.2475439818060352,40.613145727158404
43.889618,407,3910.460917,synthetic_track_0,0.2979904782686223,48.88961804255072
32.685534,432,3911.044305,synthetic_track_0,0.2296996941154176,37.6855340312932
31.424881,342,3912.790913,synthetic_track_0,0.22201579981069425,36.42488080566021
16.593799,232,3913.13112,synthetic_track_0,0.13161784901536816,21.593798578164247
32.345917,337,3913.6415,synthetic_track_0,0.2276296681056324,37.34591653228937
16.59518,233,3913.948585,synthetic_track_0,0.13162626774507716,21.595179791692505
52.59863,734,3914.962877,synthetic_track_0,0.3510733770312426,57.59863002231089
31.291342,331,3915.419217,synthetic_track_0,0.22120185934559233,36.29134218160949
36.275912,366,3917.22315,synthetic_track_0,0.25158365507300257,41.27591214904623
32.089918,348,3917.692132,synthetic_track_0,0.22606931389538593,37.089918012493484
37.765228,375,3918.264825,synthetic_track_0,0.2606612856983177,42.76522783651915
70.554774,1014,3919.612766,synthetic_track_0,0.4605191062062756,75.55477387913706
52.409428,856,3922.123025,synthetic_track_0,0.3499201560968374,57.409427564133956
70.503669,1101,3923.686247,synthetic_track_0,0.46020761322465714,75.50366898148145
41.342589,394,3925.503874,synthetic_track_0,0.28246590789431547,46.3425892908791
52.431886,690,3926.424404,synthetic_track_0,0.3500570459579235,57.43188631201504
16.626849,233,3926.730611,synthetic_track_0,0.13181929507632537,21.626848697864702
26.33878,383,3927.296892,synthetic_track_0,0.1910151592812005,31.338780459879608
14.504251,219,3927.581779,synthetic_track_0,0.1188817045186472,19.504251142295765
35.874778,357,3929.364422,synthetic_track_0,0.24913867229404332,40.87477760649827
14.16842,219,3929.658124,synthetic_track_0,0.11683475508048016,19.168419686318206
37.351806,366,3930.216113,synthetic_track_0,0.25814141186855705,42.35180634141566
14.321606,218,3930.529876,synthetic_track_0,0.11776845015297502,19.32160577376539
36.460072,365,3931.028988,synthetic_track_0,0.2527061411693978,41.46007211559848
17.154176,238,3931.376625,synthetic_track_0,0.13503344590990826,22.154176307451483
38.267164,373,3931.956878,synthetic_track_0,0.2637206718509839,43.26716407729289
37.287664,388,3933.743842,synthetic_track_0,0.25775045184216605,42.28766373366787
36.825318,384,3934.353229,synthetic_track_0,0.2549323744006323,41.82531765290915
34.171218,397,3934.87732,synthetic_track_0,0.2387551863617656,39.171217599719654
26.49893,403,3935.424742,synthetic_track_0,0.19199129561048178,31.498929645092836
56.178947,983,3938.134865,synthetic_track_0,0.372896012047746,61.17894673859567
40.225112,432,3938.792121,synthetic_track_0,0.2756546969366411,45.225112302813194
38.505924,361,3939.272936,synthetic_track_0,0.2651759524379805,43.50592376000618
39.923383,416,3939.837903,synthetic_track_0,0.27381560313743275,44.92338254986898
15.548773,226,3940.157183,synthetic_track_0,0.12524824426553016,20.548773431351066
39.378093,383,3941.973022,synthetic_track_0,0.2704919733022964,44.378093337613805
33.196597,346,3942.436856,synthetic_track_0,0.23281470804221976,38.19659680740412
24.540443,367,3942.967293,synthetic_track_0,0.18005398999081784,29.540443200849904
39.252361,397,3943.530928,synthetic_track_0,0.26972561285289764,44.252360898538186
33.931344,435,3944.125301,synthetic_track_0,0.23729311810033785,38.93134430152352
35.261359,363,3944.608517,synthetic_track_0,0.24539978007746654,40.26135863609101
71.071366,1107,3947.424147,synthetic_track_0,0.46366782084288766,76.07136574074072
25.626446,546,3948.231829,synthetic_track_0,0.18667335857712902,30.6264456924325
37.351875,415,3950.08513,synthetic_track_0,0.2581418274008632,42.35187451545884
41.334523,414,3950.667287,synthetic_track_0,0.28241674336415223,46.33452314354819
30.124314,330,3951.130861,synthetic_track_0,0.21408862625552133,35.12431412473408
33.773112,377,3951.690884,synthetic_track_0,0.2363286630019879,38.77311159002387
40.967602,411,3952.308704,synthetic_track_0,0.28018029577089815,45.967601793437765
38.091465,384,3952.8145,synthetic_track_0,0.2626497579942265,43.091465277393155
70.103669,971,3955.48186,synthetic_track_0,0.457769545624891,75.1036689734039
49.840611,809,3956.715889,synthetic_track_0,0.3342627846295137,54.84061088571061
49.070378,704,3958.939075,synthetic_track_0,0.3295680859745116,54.070378140686365
37.229795,370,3959.44819,synthetic_track_0,0.2573977319324611,42.22979496631104
40.557932,381,3959.956015,synthetic_track_0,0.27768328709756795,45.557931655662415
0.806067,113,3960.094992,synthetic_track_0,0.03538895920821301,5.806067055113429
29.515533,330,3960.532773,synthetic_track_0,0.21037799986096856,34.51553256841616
32.577207,350,3961.051744,synthetic_track_0,0.22903942126821542,37.577206787110306
43.120409,403,3962.84394,synthetic_track_0,0.29330201999227024,48.12040912127552
69.896536,967,3964.21988,synthetic_track_0,0.45650703817860494,74.8965364932541
44.636268,421,3964.808203,synthetic_track_0,0.302541434651514,49.63626780324313
25.788219,516,3966.85487,synthetic_track_0,0.1876593935299287,30.78821888900935
30.363876,345,3967.343864,synthetic_track_0,0.21554879676842742,35.36387607002759
30.613557,337,3967.816907,synthetic_track_0,0.21707064376907576,35.61355692900399
48.238963,550,3968.600881,synthetic_track_0,0.3245004708033579,53.23896308493078
45.246246,426,3969.176022,synthetic_track_0,0.30625935375693014,50.2462458335245
29.617692,361,3970.949873,synthetic_track_0,0.21100067880080506,34.617691992128705
38.299262,377,3971.467782,synthetic_track_0,0.26391631427947265,43.29926202772844
40.5806,398,3971.994189,synthetic_track_0,0.27782145485450205,45.580600060711966
44.077868,418,3972.618826,synthetic_track_0,0.2991378950580002,49.077868247370105
40.918227,411,3973.149049,synthetic_track_0,0.2798793464365005,45.918226732548746
26.343875,465,3975.059867,synthetic_track_0,0.19104621322623738,31.343875305595446
48.435088,685,3976.021938,synthetic_track_0,0.3256958864680795,53.435088194665454
38.262966,369,3976.547994,synthetic_track_0,0.2636950865415714,43.26296643979808
37.70473,401,3977.160828,synthetic_track_0,0.2602925420240196,42.70473014042904
36.732605,389,3977.697134,synthetic_track_0,0.2543672763453177,41.73260520034543
38.36979,399,3979.52465,synthetic_track_0,0.2643461938630621,43.36978994784215
30.671065,345,3979.982106,synthetic_track_0,0.21742116546640797,35.671065048047815
21.296218,3000,3985.499951,synthetic_track_0,0.1298040481264271,21.2962184904353
30.14308,319,3985.966068,synthetic_track_0,0.21420300877702653,35.14308022028057
0.70254,112,3986.126968,synthetic_track_0,0.0347579456013933,5.702540209570203
30.333086,330,3987.848931,synthetic_track_0,0.2153611287096565,35.333086429481334
47.846147,478,3988.564511,synthetic_track_0,0.32210619234520144,52.84614731448439
13.555716,212,3988.846899,synthetic_track_0,0.11310022401086815,18.555716224710338
31.909217,339,3989.295029,synthetic_track_0,0.2249679135192623,36.9092174612092
38.351975,388,3989.819751,synthetic_track_0,0.26423760937074553,43.35197510226204
18.616077,245,3990.160891,synthetic_track_0,0.14394397580837562,23.61607672059186
0.804341,113,3990.313749,synthetic_track_0,0.035378440258635256,5.8043412703499255
38.953445,387,3992.177151,synthetic_track_0,0.2679036706300639,43.953445108048925
37.327397,366,3992.67682,synthetic_track_0,0.2579926333240976,42.32739708426821
35.428235,357,3993.227818,synthetic_track_0,0.2464169189919625,40.428234884335076
37.703606,363,3993.746073,synthetic_track_0,0.2602856910569164,42.70360614087428
39.589954,381,3994.257856,synthetic_track_0,0.2717832998536071,44.58995400587607
40.006683,386,3996.060914,synthetic_track_0,0.2743233331580964,45.00668295236241
29.563614,322,3996.529113,synthetic_track_0,0.2106710619728614,34.56361361716789
17.58585,237,3996.890503,synthetic_track_0,0.13766457001358826,22.585850007896052
35.220334,377,3997.529879,synthetic_track_0,0.24514972755402817,40.2203339280785
41.358441,399,3998.110828,synthetic_track_0,0.28256252785934655,46.358441183909704
48.544986,694,4000.367166,synthetic_track_0,0.32636573011940756,53.54498566673211
29.860794,328,4000.843592,synthetic_track_0,0.21248242511907572,34.86079375818885
31.272086,334,4001.317929,synthetic_track_0,0.22108449088651544,36.27208620011689
1.316563,114,4001.464881,synthetic_track_0,0.03850051693541226,6.3165627920375735
31.202544,336,4001.986904,synthetic_track_0,0.2206606166434767,36.20254354237613
0.808314,113,4002.141065,synthetic_track_0,0.035402656595145646,5.808314308177382
35.755725,365,4002.628203,synthetic_track_0,0.2484130281827209,40.75572526749904
16.639726,230,4002.926096,synthetic_track_0,0.1318977865014135,21.639726343534694
36.79362,358,4004.704883,synthetic_track_0,0.2547391733227687,41.793620241109146
29.987083,315,4005.125912,synthetic_track_0,0.21325218044121083,34.98708317489793
1.547549,120,4005.274821,synthetic_track_0,0.03990841810055684,6.547549200078211
40.898515,396,4005.79118,synthetic_track_0,0.27975919994040466,45.89851497418182
41.348729,387,4006.320905,synthetic_track_0,0.2825033329048774,46.3487294014029
40.787226,385,4006.859003,synthetic_track_0,0.2790808718669851,45.787225510808
40.025354,388,4008.666887,synthetic_track_0,0.27443713429343813,45.02535366315824
39.648625,378,4009.236053,synthetic_track_0,0.2721409104205909,44.64862515580476
41.320652,386,4009.749802,synthetic_track_0,0.28233219715183466,46.32065212306738
42.990344,409,4010.293672,synthetic_track_0,0.2925092496225844,47.99034375544711
39.496229,435,4010.907853,synthetic_track_0,0.2712120284385183,44.4962287249725
39.056531,366,4012.640442,synthetic_track_0,0.2685319959915992,44.05653090834158
31.709196,347,4013.114917,synthetic_track_0,0.22374875119126256,36.70919637028682
29.68789,329,4013.653135,synthetic_track_0,0.211428549025875,34.687890248116574
13.957766,214,4013.971001,synthetic_track_0,0.11555078711418529,18.957766299620257
37.478216,388,4014.500553,synthetic_track_0,0.2589118979096884,42.47821564307151
20.036917,254,4014.896093,synthetic_track_0,0.15260423685230068,25.03691693349493
14.378759,217,4015.213739,synthetic_track_0,0.11811680817126857,19.378758910185674
38.301001,387,4016.9892,synthetic_track_0,0.2639269154461408,43.301001301386506
21.354779,263,4017.345096,synthetic_track_0,0.16063683133436826,26.354779431654947
29.972412,335,4017.863631,synthetic_track_0,0.21316275716789895,34.972412002511035
39.011534,389,4018.392173,synthetic_track_0,0.26825773019017,44.011533664295676
30.666528,329,4018.843178,synthetic_track_0,0.21739351405691895,35.66652843715974
38.723316,377,4019.404882,synthetic_track_0,0.26650099637393015,43.72331624950641
37.572952,375,4021.217409,synthetic_track_0,0.2594893317453343,42.572951957579264
38.539245,383,4021.741156,synthetic_track_0,0.26537904947068436,43.53924474533485
34.506139,361,4022.284037,synthetic_track_0,0.24079659026188138,39.5061392305285
39.290577,383,4022.814178,synthetic_track_0,0.26995854847405104,44.29057733287818
38.338432,378,4023.321861,synthetic_track_0,0.2641550627514347,43.33843214373444
40.377245,376,4025.124901,synthetic_track_0,0.27658197379465593,45.37724538998914
1.414987,115,4025.273369,synthetic_track_0,0.039100429851957434,6.414987122637316
43.209288,409,4025.857183,synthetic_track_0,0.29384375173241,48.209287994220865
1.118493,116,4025.995851,synthetic_track_0,0.03729324992294834,6.118493298483064
1.521927,116,4026.147387,synthetic_track_0,0.03975224645459584,6.521926998441194
0.902279,114,4026.282554,synthetic_track_0,0.03597538684990421,5.9022789326823215
0.69279,112,4026.4267,synthetic_track_0,0.03469851406545975,5.692789612476109
2.0575,121,4026.578066,synthetic_track_0,0.043016654417473446,7.057500011939566
1.117481,116,4026.785621,synthetic_track_0,0.03728707989109593,6.117481016136569
39.813026,384,4027.328105,synthetic_track_0,0.27314295994821797,44.81302577340182
47.849725,483,4029.303304,synthetic_track_0,0.3221280006708378,52.84972528354133
1.62437,117,4029.463605,synthetic_track_0,0.040376650874033394,6.6243695118656145
49.441696,478,4030.16803,synthetic_track_0,0.3318313335778483,54.44169641738346
39.352106,382,4030.732012,synthetic_track_0,0.2703335787383333,44.35210643435043
13.847061,212,4031.019096,synthetic_track_0,0.1148760214516458,18.847061300918767
42.318846,402,4031.613841,synthetic_track_0,0.2884163583413562,47.31884615394135
37.895163,368,4033.375885,synthetic_track_0,0.2614532644861858,42.89516333198075
43.476187,409,4033.962098,synthetic_track_0,0.2954705472250877,48.47618716070585
38.486525,405,4034.499108,synthetic_track_0,0.26505771098442454,43.486524551230346
40.77619,393,4035.00036,synthetic_track_0,0.2790136098153678,45.776190205145106
40.892546,395,4035.556811,synthetic_track_0,0.2797228201869084,45.892546353092825
37.621786,373,4036.14296,synthetic_track_0,0.25978698267088873,42.62178586712201
32.291055,339,4037.813926,synthetic_track_0,0.2272952803304567,37.2910554149093
39.701377,386,4038.36154,synthetic_track_0,0.2724624387773286,44.701376500888294
37.357086,370,4038.852407,synthetic_track_0,0.2581735944444719,42.35708635523773
34.711637,358,4039.329229,synthetic_track_0,0.24204913162022354,39.71163663080665
37.897498,397,4039.902782,synthetic_track_0,0.26146749262889385,42.89749766315299
40.643055,402,4041.915192,synthetic_track_0,0.2782021261714137,45.643054657891376
36.889866,366,4042.433861,synthetic_track_0,0.2553258066368107,41.889865862181296
47.985906,438,4043.10733,synthetic_track_0,0.32295804725152427,52.98590634718829
47.465733,460,4043.739823,synthetic_track_0,0.3197875009149738,52.46573268163771
40.56982,393,4044.26931,synthetic_track_0,0.27775575006092224,45.569820245597256
40.517229,389,4046.110977,synthetic_track_0,0.2774351976727211,45.517229022170135
0.903524,114,4046.266135,synthetic_track_0,0.03598297281688791,5.903523519524398
14.948192,220,4046.588883,synthetic_track_0,0.12158759918882875,19.94819202811594
52.895725,526,4047.349755,synthetic_track_0,0.3528842220546549,57.8957251578443
45.525012,445,4047.952747,synthetic_track_0,0.3079584780225149,50.52501157407406
44.289618,413,4048.496892,synthetic_track_0,0.3004285458293908,49.28961804423016
39.617811,384,4050.332855,synthetic_track_0,0.27195309595251277,44.61781149470876
39.894014,403,4050.879189,synthetic_track_0,0.2736365984385708,44.89401425794895
36.606642,355,4051.377035,synthetic_track_0,0.2535995121395794,41.606642454879946
40.762305,395,4051.998355,synthetic_track_0,0.2789289775805326,45.76230507143472
46.194538,438,4052.605235,synthetic_track_0,0.3120393539434155,51.19453788313962
45.834546,446,4054.502189,synthetic_track_0,0.30984514090615173,50.83454571856076
42.779284,403,4055.044214,synthetic_track_0,0.29122280760245106,47.779284464681744
38.627984,372,4055.573737,synthetic_track_0,0.2659199332486671,43.62798449790892
40.671078,383,4056.094627,synthetic_track_0,0.27837293505311367,45.671078308288216
37.332761,371,4056.670193,synthetic_track_0,0.25802533010918177,42.33276146149017
41.100413,393,4058.473184,synthetic_track_0,0.28098980148394703,46.10041283271717
39.822438,387,4059.051927,synthetic_track_0,0.27320032916622633,44.8224380176189
41.532413,397,4059.600839,synthetic_track_0,0.28362291425275044,46.53241280223873
69.835972,694,4060.571881,synthetic_track_0,0.4561378886497635,74.83597221089681
42.415523,408,4061.2019,synthetic_track_0,0.28900562124594814,47.41552319711242
48.277468,443,4063.076383,synthetic_track_0,0.3247351670004958,53.27746836704844
49.600254,463,4063.793596,synthetic_track_0,0.3327977686632634,54.600253974199994
40.137336,389,4064.323542,synthetic_track_0,0.2751196854014441,45.13733597601205
35.643078,369,4064.815938,synthetic_track_0,0.24772642163523254,40.64307760154925
48.324223,435,4065.435234,synthetic_track_0,0.3250201467310021,53.32422338504524
48.164123,448,4067.290723,synthetic_track_0,0.3240443088260148,53.16412316062375
38.975772,376,4067.844019,synthetic_track_0,0.2680397541661345,43.97577156672985
46.163577,449,4068.456281,synthetic_track_0,0.3118506398495983,51.16357662551967
42.377165,411,4068.989317,synthetic_track_0,0.2887718219800764,47.377165069451735
32.478069,347,4069.459356,synthetic_track_0,0.2284351591834461,37.478068912995624
49.408827,457,4071.382359,synthetic_track_0,0.3316309866360595,54.4088266239694
69.241156,678,4072.383264,synthetic_track_0,0.45251238349649325,74.24115601682064
40.137542,435,4072.983954,synthetic_track_0,0.27512094276433124,45.13754226445337
48.236127,462,4073.640897,synthetic_track_0,0.3244831815805941,53.236126539608634
36.70733,358,4075.44331,synthetic_track_0,0.2542132211968629,41.70733024052388
48.84166,464,4076.079834,synthetic_track_0,0.3281740099295895,53.84165994219053
39.223697,380,4076.595922,synthetic_track_0,0.26955090203823423,44.223697079994636
69.48254,690,4077.579207,synthetic_track_0,0.4539836614175494,74.48254029195856
42.305614,412,4079.503235,synthetic_track_0,0.2883357053539316,47.30561387292322
43.250456,403,4080.073739,synthetic_track_0,0.29409467847796456,48.25045613092812
48.032028,441,4080.697203,synthetic_track_0,0.3232391664122177,53.032027983257336
14.543534,219,4080.992248,synthetic_track_0,0.11912113761285609,19.5435335804147
15.029744,222,4081.358042,synthetic_track_0,0.12208467190969603,20.029743947505345
49.854563,463,4082.010881,synthetic_track_0,0.3343478274820811,54.854563387157725
41.221988,398,4083.868168,synthetic_track_0,0.28173082058754034,46.22198766003179
42.590441,402,4084.415891,synthetic_track_0,0.2900717763071918,47.59044124825682
43.262526,437,4084.994078,synthetic_track_0,0.29416824730353053,48.26252615344245
17.545079,238,4085.333879,synthetic_track_0,0.13741606559760605,22.54507928914743
34.227138,386,4085.909302,synthetic_track_0,0.2390960336111443,39.227138486621136
26.093846,465,4087.831208,synthetic_track_0,0.18952224476001478,31.093846389720653
48.562234,461,4088.486814,synthetic_track_0,0.32647086411156306,53.562234408200744
47.081568,438,4089.099778,synthetic_track_0,0.31744594952307953,52.08156754373851
46.957397,454,4089.697818,synthetic_track_0,0.3166891108896969,51.95739729534364
31.07765,349,4090.212001,synthetic_track_0,0.21989936689009484,36.07764958638779
33.985012,358,4092.01483,synthetic_track_0,0.23762023235221197,38.98501209293524
37.272786,371,4092.541974,synthetic_track_0,0.257659768915364,42.272785897033316
62.917099,553,4093.336156,synthetic_track_0,0.4139661882748353,67.91709904584027
39.312373,397,4093.85094,synthetic_track_0,0.27009139519161773,44.31237274499261
61.505618,567,4095.904784,synthetic_track_0,0.4053629702859198,66.5056175654296
39.301428,381,4096.446004,synthetic_track_0,0.27002468570758836,44.30142809597912
37.815945,417,4097.153717,synthetic_track_0,0.26097041353349376,42.81594469792992
35.752126,374,4097.717883,synthetic_track_0,0.24839108870499602,40.75212578105821
40.160087,447,4098.334799,synthetic_track_0,0.27525835771320056,45.160087160527205
32.514443,378,4098.871799,synthetic_track_0,0.22865686777645702,37.51444339211333
40.804112,436,4100.800019,synthetic_track_0,0.2791838005042841,45.804112432136584
49.088761,467,4101.425153,synthetic_track_0,0.32968013504512905,54.088761400099
38.271388,375,4101.998962,synthetic_track_0,0.26374641945158095,43.271388340987535
25.234211,477,4102.630802,synthetic_track_0,0.18428262190312633,30.23421100254772
46.995799,467,4104.543372,synthetic_track_0,0.31692317327158886,51.995798590966615
36.3862,370,4105.076323,synthetic_track_0,0.2522558752839158,41.38619952984772
32.990729,372,4105.570786,synthetic_track_0,0.23155990809586463,37.990728853322
34.897559,357,4106.061862,synthetic_track_0,0.24318236166388948,39.89755929622561
52.571209,526,4106.838218,synthetic_track_0,0.3509062408775476,57.571208935695225
36.026888,369,4108.626547,synthetic_track_0,0.25006581071916933,41.02688798177047
1.105231,116,4108.766729,synthetic_track_0,0.03721241524675204,6.105231208812306
46.449627,457,4109.379085,synthetic_track_0,0.31359416564176384,51.44962707425067
0.68534,112,4109.520474,synthetic_track_0,0.03465310514161172,5.685339626303557
48.063495,492,4110.210825,synthetic_track_0,0.32343096539982136,53.06349536201176
38.775607,384,4110.749664,synthetic_track_0,0.26681971798599285,43.77560710781231
35.829433,376,4111.339015,synthetic_track_0,0.24886228877957728,40.82943292121164
68.468275,668,4113.614805,synthetic_track_0,0.44780154612516526,73.46827548358029
47.943428,469,4114.274738,synthetic_track_0,0.3226991367923691,52.94342836759357
42.441155,414,4114.838845,synthetic_track_0,0.2891618506629903,47.44115487692508
38.933482,380,4115.398099,synthetic_track_0,0.2677819946342314,43.933482413281766
48.232982,438,4117.2286,synthetic_track_0,0.3244640142008975,53.23298185566542
48.143494,464,4117.901233,synthetic_track_0,0.32391856788116835,53.14349355258537
53.606283,502,4118.609228,synthetic_track_0,0.35721519387330686,58.60628329110141
31.94016,346,4119.086229,synthetic_track_0,0.22515651209001283,36.9401597656108
63.619318,611,4121.18891,synthetic_track_0,0.41824633026799185,68.61931781614835
39.100961,386,4121.709626,synthetic_track_0,0.2688028064012264,44.10096124573204
36.888282,405,4122.312826,synthetic_track_0,0.25531615550343073,41.88828245512961
69.616095,717,4123.26823,synthetic_track_0,0.45479769945502646,74.61609492415887
37.619403,379,4125.039903,synthetic_track_0,0.2597724598134207,42.61940318376036
34.178502,355,4125.558884,synthetic_track_0,0.2387995871883767,39.178502193061036
34.035308,363,4126.018852,synthetic_track_0,0.23792679151794846,39.03530752723026
69.935972,962,4127.314169,synthetic_track_0,0.45674740560642657,74.93597222222219
35.862498,376,4129.092913,synthetic_track_0,0.2490638245852758,40.862497764825925
44.433687,440,4129.661832,synthetic_track_0,0.3013066721117243,49.43368727350838
47.870402,466,4130.285035,synthetic_track_0,0.32225403040446854,52.8704022715277
42.916108,452,4130.890928,synthetic_track_0,0.2920567719723003,47.91610829791266
34.640782,363,4131.423889,synthetic_track_0,0.2416172604437294,39.640781961271365
41.010564,429,4133.192787,synthetic_track_0,0.28044216020233376,46.010564414613455
34.948138,405,4133.826161,synthetic_track_0,0.2434906453042828,39.948137655356966
69.873805,733,4134.80006,synthetic_track_0,0.4563684871145706,74.87380520116926
55.637642,876,4137.31306,synthetic_track_0,0.36959666592031676,60.63764161738043
37.391217,417,4137.940472,synthetic_track_0,0.2583816289509532,42.39121740405726
38.000398,371,4138.470837,synthetic_track_0,0.2620946860859156,43.00039775825246
61.799558,582,4139.26811,synthetic_track_0,0.40715458595801723,66.79955784968571
37.320677,416,4139.839861,synthetic_track_0,0.25795167272024144,42.32067690888223
