rollout/ep_len_mean,time/fps,rollout/ep_rew_mean,time/iterations,time/time_elapsed,time/total_timesteps,train/std,train/clip_range,train/policy_gradient_loss,train/loss,train/entropy_loss,train/value_loss,train/approx_kl,train/clip_fraction,train/learning_rate,train/explained_variance,train/n_updates
164.33333333333334,467,0.8567726666666665,1,4,2048,,,,,,,,,,,
164.375,439,0.9556073333333334,2,9,4096,1.0113441944122314,0.2,-0.012703002226771787,0.051001742482185364,-2.84803851172328,0.24242131444625556,0.008692654,0.063427734375,0.0003,-0.32347846031188965,10
171.25714285714287,424,1.4180446000000002,3,14,6144,1.0278652906417847,0.2,-0.011532159603666515,0.029384301975369453,-2.873283012211323,0.1723890279128682,0.009491365,0.062451171875,0.0003,0.5966235995292664,20
180.22222222222223,421,1.963887355555556,4,19,8192,1.0327986478805542,0.2,-0.01408171442890307,0.006408095359802246,-2.8973132386803626,0.17361892617773264,0.0068854205,0.07021484375,0.0003,0.7256463170051575,30
182.65454545454546,423,2.196884072727273,5,24,10240,1.0488873720169067,0.2,-0.0140790288343851,0.029652101919054985,-2.918300911039114,0.09487563785514794,0.0075004953,0.082275390625,0.0003,0.8353479504585266,40
186.7846153846154,422,2.6220986153846155,6,29,12288,1.0309133529663086,0.2,-0.015294964336499106,0.004349814727902412,-2.9146551460027696,0.10388360011857004,0.008822754,0.0787109375,0.0003,0.9156954288482666,50
187.0,422,2.7661208421052628,7,33,14336,1.026078462600708,0.2,-0.01703568352822913,0.013699311763048172,-2.8938500128686426,0.20969655732624232,0.009263903,0.0939453125,0.0003,0.8995628356933594,60
187.55172413793105,421,2.901853126436781,8,38,16384,1.0217360258102417,0.2,-0.012292926284135319,0.06465543806552887,-2.8862135119736196,0.3028876737691462,0.009780847,0.089208984375,0.0003,0.8363998532295227,70
193.3978494623656,420,3.4229812903225807,9,43,18432,1.0092517137527466,0.2,-0.021625936568307226,0.07303827255964279,-2.8662706136703493,0.2844563066260889,0.014822465,0.153271484375,0.0003,0.8801296353340149,80
206.24242424242425,419,4.61061804040404,10,48,20480,1.0066430568695068,0.2,-0.021056851450703108,0.07480999827384949,-2.8519661359488966,0.40188397992169483,0.012938775,0.1138671875,0.0003,0.746067464351654,90
216.97,420,5.71370319,11,53,22528,1.000420331954956,0.2,-0.022186087147565557,0.10931561887264252,-2.844702662527561,0.5891294883564114,0.012991043,0.123046875,0.0003,0.7350404858589172,100
228.51,417,6.8269796000000005,12,58,24576,0.9978036880493164,0.2,-0.01990151960926596,0.13203808665275574,-2.8347237072885036,0.636525381822139,0.009234198,0.077734375,0.0003,0.7204779386520386,110
244.54,418,8.36339016,13,63,26624,0.9984771013259888,0.2,-0.015876968452357688,0.08871394395828247,-2.8334977768361567,0.589572400553152,0.009113739,0.0763671875,0.0003,0.7762224078178406,120
258.46,418,9.738770780000001,14,68,28672,0.9884373545646667,0.2,-0.011755796783836559,0.1293334662914276,-2.8237872675061224,0.6901327200699597,0.009180605,0.083935546875,0.0003,0.7952253818511963,130
268.7,418,10.773925199999999,15,73,30720,0.9850354194641113,0.2,-0.018089771521044896,0.2076493501663208,-2.809886158257723,0.802771395072341,0.006898954,0.06083984375,0.0003,0.7449496984481812,140
282.07,417,12.17578933,16,78,32768,0.9847826957702637,0.2,-0.014578621175314766,0.32696592807769775,-2.806449418514967,1.2529022969305514,0.006001413,0.059423828125,0.0003,0.8042781949043274,150
297.05,416,13.79993457,17,83,34816,0.9884976148605347,0.2,-0.01735737834533211,0.25258883833885193,-2.8097733996808527,0.9921163676772267,0.008678882,0.08779296875,0.0003,0.8460398316383362,160
307.68,413,15.047931940000002,18,89,36864,0.9648801684379578,0.2,-0.018989133523427883,0.4012962579727173,-2.789126993715763,1.1577402864582838,0.0095618265,0.08857421875,0.0003,0.8694844841957092,170
316.36,408,16.064738249999998,19,95,38912,0.959644079208374,0.2,-0.01680245514435228,0.3011122941970825,-2.7595363706350327,1.1654862420633436,0.008427698,0.080029296875,0.0003,0.8071361780166626,180
333.78,407,17.97032505,20,100,40960,0.9513604044914246,0.2,-0.013840404328948352,0.40521836280822754,-2.7448310680687427,1.2483547918498517,0.008558489,0.07099609375,0.0003,0.8960160613059998,190
343.8,406,19.1638233,21,105,43008,0.9479168653488159,0.2,-0.01681872719709645,0.2958715856075287,-2.736067907512188,0.8177040180191397,0.009845489,0.076318359375,0.0003,0.9339131712913513,200
355.2,406,20.541293839999998,22,110,45056,0.9452376365661621,0.2,-0.02186550718761282,0.3794577121734619,-2.725073054432869,1.6721649430692196,0.011259882,0.114111328125,0.0003,0.8724555969238281,210
367.36,404,21.92533657,23,116,47104,0.9430844783782959,0.2,-0.019580219643830787,0.2595237195491791,-2.722991343587637,0.9898391986265779,0.010541585,0.08623046875,0.0003,0.9205917119979858,220
382.72,403,23.66167841,24,121,49152,0.9454835057258606,0.2,-0.013771259858913254,0.22005005180835724,-2.7221929118037225,1.1783485246822238,0.009270821,0.06796875,0.0003,0.9261027574539185,230
395.05,402,25.141315190000004,25,127,51200,0.9322711229324341,0.2,-0.018765983761841198,0.6854627132415771,-2.71240366473794,1.5646248931996525,0.010994302,0.0892578125,0.0003,0.8887168765068054,240
408.76,401,26.73878603,26,132,53248,0.9232290983200073,0.2,-0.0161580039835826,0.4032878875732422,-2.6885323502123355,2.727878338098526,0.008153925,0.074951171875,0.0003,0.8704245090484619,250
422.14,402,28.244674139999997,27,137,55296,0.9183608293533325,0.2,-0.015855471573013348,0.3490959703922272,-2.6720176830887796,1.2261162826325744,0.009383988,0.080712890625,0.0003,0.9255809783935547,260
437.29,402,30.08533682,28,142,57344,0.9163576364517212,0.2,-0.012272522425337228,0.29292216897010803,-2.6653287164866923,1.6858084632083774,0.0079248035,0.074951171875,0.0003,0.897534966468811,270
451.68,403,31.70296049,29,147,59392,0.915701150894165,0.2,-0.01720539325615391,0.2437705099582672,-2.662603509426117,1.138712620222941,0.009394858,0.078515625,0.0003,0.9103529453277588,280
466.49,403,33.31647153,30,152,61440,0.9241917729377747,0.2,-0.013263772030040855,0.28143811225891113,-2.6693871922791006,1.6841395410709084,0.008920925,0.077197265625,0.0003,0.9092841148376465,290
478.49,403,34.65274334,31,157,63488,0.9286202192306519,0.2,-0.015438063150213566,0.2512514293193817,-2.6851753659546373,1.0091117560863494,0.013055251,0.127294921875,0.0003,0.9350979328155518,300
491.35,402,36.16546057000001,32,162,65536,0.9236241579055786,0.2,-0.01869382797012804,0.18957015872001648,-2.6844942159950733,1.4966239423491061,0.010241478,0.082373046875,0.0003,0.9132166504859924,310
504.55,402,37.49444578,33,167,67584,0.9158439636230469,0.2,-0.020586315398395526,0.17705583572387695,-2.6738145887851714,0.8088008352555335,0.0120673645,0.121337890625,0.0003,0.9519001245498657,320
521.28,402,39.221648120000005,34,173,69632,0.9172345995903015,0.2,-0.019246453867526724,0.17450885474681854,-2.6618043653666974,1.0280691587366164,0.011713246,0.12265625,0.0003,0.9376205205917358,330
530.49,402,40.31784418,35,178,71680,0.9019197821617126,0.2,-0.019066742672293913,0.18484465777873993,-2.64765452593565,0.7689426465891301,0.011379488,0.118408203125,0.0003,0.9753495454788208,340
535.29,402,40.838002380000006,36,183,73728,0.8925848007202148,0.2,-0.017842286667291773,0.2940734922885895,-2.6191386856138705,0.9340052645653486,0.012508145,0.129541015625,0.0003,0.9591964483261108,350
549.15,402,42.20319709,37,188,75776,0.8933309316635132,0.2,-0.015914526824781207,0.11344406008720398,-2.609832402318716,1.1552088741213082,0.011398733,0.09541015625,0.0003,0.9281508326530457,360
561.21,402,43.44499249,38,193,77824,0.8897159099578857,0.2,-0.01974549759324873,0.16751053929328918,-2.6089337319135666,0.7884524512570351,0.012074695,0.12275390625,0.0003,0.975164532661438,370
569.03,402,44.26463758999999,39,198,79872,0.8876150846481323,0.2,-0.017249708439339883,0.19933271408081055,-2.601092229038477,0.9032464465592056,0.012659683,0.10693359375,0.0003,0.973567008972168,380
581.65,403,45.546507649999995,40,203,81920,0.8798444271087646,0.2,-0.018493697422672994,0.13455428183078766,-2.589188987761736,0.8567623513285071,0.012933853,0.106201171875,0.0003,0.9693992137908936,390
588.18,403,46.21108789,41,207,83968,0.8767796754837036,0.2,-0.024024804741202388,0.15206316113471985,-2.577398210018873,0.6546248539350927,0.015710387,0.127294921875,0.0003,0.9800613522529602,400
592.74,404,46.71291311,42,212,86016,0.8792584538459778,0.2,-0.019615016908210235,0.13525782525539398,-2.5748128183186054,0.6057244462892413,0.016991314,0.1421875,0.0003,0.9584550857543945,410
602.5,404,47.64462002000001,43,217,88064,0.8690057992935181,0.2,-0.018163236760301515,0.17255911231040955,-2.566029816865921,0.6913636535406112,0.013344252,0.11552734375,0.0003,0.9816814661026001,420
611.03,403,48.30460479000001,44,223,90112,0.8707470893859863,0.2,-0.02161149782332359,0.1531110405921936,-2.5585494309663774,0.7092622759286314,0.014868084,0.1365234375,0.0003,0.9835073351860046,430
621.62,403,49.178444760000005,45,228,92160,0.8623119592666626,0.2,-0.016774304445425513,0.056551698595285416,-2.548756131529808,0.5494787866249681,0.016547231,0.139501953125,0.0003,0.984956681728363,440
631.16,403,49.89970149,46,233,94208,0.8638777732849121,0.2,-0.01764887357931002,0.13441215455532074,-2.5431058324873446,0.6238225700333715,0.0119093275,0.1380859375,0.0003,0.9832577705383301,450
649.06,403,51.225401549999994,47,238,96256,0.8628445863723755,0.2,-0.018476379665662533,0.0695098489522934,-2.5417421415448187,0.47626281282864513,0.012852455,0.129345703125,0.0003,0.9830067157745361,460
653.53,403,51.444644520000004,48,243,98304,0.8613516092300415,0.2,-0.01619685803016182,0.03890233114361763,-2.5416968055069447,0.3744938445277512,0.014938131,0.1359375,0.0003,0.9910434484481812,470
666.92,403,52.1632649,49,248,100352,0.853908896446228,0.2,-0.020389859842543955,0.051663026213645935,-2.5332287825644015,0.343911671708338,0.015115559,0.16650390625,0.0003,0.9880750775337219,480
676.32,403,52.56660581,50,253,102400,0.8456045985221863,0.2,-0.021559579808672423,0.05991825461387634,-2.5131444416940214,0.3069836250739172,0.013658291,0.151171875,0.0003,0.9919014573097229,490
686.06,403,52.995434889999984,51,258,104448,0.834333062171936,0.2,-0.016457404593529644,0.07452699542045593,-2.489702047407627,0.17604018159909174,0.01786743,0.123828125,0.0003,0.995647668838501,500
699.05,404,53.65509216,52,263,106496,0.8293797373771667,0.2,-0.02033705852518324,-0.005753137171268463,-2.4685023702681064,0.235791241354309,0.015820015,0.15859375,0.0003,0.9890371561050415,510
712.21,405,54.49372605000001,53,267,108544,0.8282215595245361,0.2,-0.020445547402778173,0.022056596353650093,-2.464144127815962,0.15156173079740257,0.014666881,0.1453125,0.0003,0.9968008399009705,520
723.95,406,55.09234366,54,272,110592,0.8096029758453369,0.2,-0.01832751453621313,0.027912355959415436,-2.4378852762281893,0.19215947346528992,0.015968502,0.114404296875,0.0003,0.9949678182601929,530
731.08,407,55.317212309999995,55,276,112640,0.8034075498580933,0.2,-0.01931504555832362,0.037959009408950806,-2.405711217969656,0.18864425572101026,0.013849857,0.14384765625,0.0003,0.9952993988990784,540
738.94,407,55.74625632,56,281,114688,0.7998603582382202,0.2,-0.013410181663493859,0.029656875878572464,-2.3947821468114854,0.24278281228616833,0.015120134,0.107275390625,0.0003,0.9779753684997559,550
751.65,407,56.23551640999999,57,286,116736,0.8008912205696106,0.2,-0.02107472365241847,0.02916438691318035,-2.393912348896265,0.267934123869054,0.013314037,0.126806640625,0.0003,0.9922904968261719,560
764.82,408,56.98800950999999,58,290,118784,0.7880184650421143,0.2,-0.019093954349227716,0.053345419466495514,-2.3777900993824006,0.1534134957473725,0.01542636,0.144287109375,0.0003,0.9961562156677246,570
780.03,408,57.771523020000004,59,295,120832,0.7804509401321411,0.2,-0.020494806309579873,0.021239791065454483,-2.351811895519495,0.2582584284245968,0.012137761,0.111181640625,0.0003,0.9953608512878418,580
790.12,409,58.21572985999999,60,300,122880,0.775892972946167,0.2,-0.0194021731018438,0.017441917210817337,-2.3367514669895173,0.23503772880649193,0.015873205,0.123095703125,0.0003,0.9932703971862793,590
799.68,410,58.60716223999999,61,304,124928,0.7670607566833496,0.2,-0.02231927153770812,0.017911165952682495,-2.3188272856175898,0.21979322137776763,0.014943754,0.12802734375,0.0003,0.9946309328079224,600
808.63,410,58.926286950000005,62,309,126976,0.7694535255432129,0.2,-0.02479834871046478,-0.0018260031938552856,-2.3086448326706885,0.20697023648535834,0.019027803,0.174951171875,0.0003,0.9951799511909485,610
817.32,411,59.36117478000001,63,313,129024,0.7696272134780884,0.2,-0.01738691062491853,0.022672493010759354,-2.314382454752922,0.16087405813159422,0.0149661545,0.123876953125,0.0003,0.9973376393318176,620
827.96,412,59.93681533,64,317,131072,0.7631098628044128,0.2,-0.01777761290431954,0.06607306748628616,-2.3068841017782686,0.35588512525428084,0.012826318,0.118701171875,0.0003,0.9897859692573547,630
836.76,412,60.14601937,65,322,133120,0.7598987221717834,0.2,-0.023478217507363296,0.0862792581319809,-2.2928375110030172,0.44852078987751154,0.013783528,0.119287109375,0.0003,0.9929590225219727,640
843.09,413,60.31099811999999,66,326,135168,0.7579059600830078,0.2,-0.02149983731942484,0.04671739786863327,-2.2834819346666335,0.23648314934689552,0.01630567,0.15927734375,0.0003,0.995059609413147,650
856.42,414,61.13047401,67,331,137216,0.7596193552017212,0.2,-0.016018434330180752,0.01833624765276909,-2.2847010396420955,0.15012101909378545,0.013854553,0.171923828125,0.0003,0.9974645376205444,660
865.58,414,61.64886327999999,68,335,139264,0.7520145177841187,0.2,-0.022142452326079365,0.18328160047531128,-2.2770701169967653,0.6025066941045225,0.012761496,0.107958984375,0.0003,0.988007664680481,670
876.15,414,62.29693104,69,340,141312,0.7437617778778076,0.2,-0.02107338778587291,0.061787065118551254,-2.256246806681156,0.5195121144643053,0.016208872,0.117578125,0.0003,0.9910743236541748,680
882.66,415,62.50981999,70,345,143360,0.7339622378349304,0.2,-0.025916461121232713,0.01495235413312912,-2.2294436998665335,0.22796399367507547,0.018621672,0.1763671875,0.0003,0.9967635273933411,690
892.79,415,62.95772408999999,71,349,145408,0.7246770858764648,0.2,-0.027077433408703656,-0.0009762383997440338,-2.206035277247429,0.20408642417751252,0.02677634,0.1693359375,0.0003,0.9964639544487,700
895.64,416,63.005850060000014,72,354,147456,0.7211082577705383,0.2,-0.018446952088561376,0.04685252159833908,-2.185871519893408,0.1270190410548821,0.018866228,0.20078125,0.0003,0.998318612575531,710
905.08,416,63.49274583000001,73,359,149504,0.7181601524353027,0.2,-0.01759518356193439,0.038619011640548706,-2.17644614726305,0.44252488245256244,0.015744686,0.111083984375,0.0003,0.9845958352088928,720
915.06,416,64.06423176,74,363,151552,0.7142437100410461,0.2,-0.023681596215465107,0.001294359564781189,-2.168237766623497,0.17298215255141258,0.022076305,0.17607421875,0.0003,0.995568573474884,730
923.59,416,64.50358209,75,368,153600,0.7084481716156006,0.2,-0.02058904581499519,0.07176624238491058,-2.153235297650099,0.3173026727279648,0.015385309,0.1251953125,0.0003,0.9934710264205933,740
930.13,417,64.64019831000002,76,373,155648,0.6965075731277466,0.2,-0.015310982613300439,-0.02038704603910446,-2.127855410426855,0.16311393675860017,0.01564158,0.14150390625,0.0003,0.9975408315658569,750
937.57,417,65.11175583,77,377,157696,0.6942497491836548,0.2,-0.02184406630403828,-0.018799295648932457,-2.1048727042973043,0.15789012967143207,0.019428305,0.160888671875,0.0003,0.9975930452346802,760
946.15,417,65.48279577,78,382,159744,0.6929609775543213,0.2,-0.027232012344757094,0.022368967533111572,-2.106128400564194,0.2200398867018521,0.016895084,0.15751953125,0.0003,0.9953362941741943,770
946.5,418,65.52724221,79,386,161792,0.6890732645988464,0.2,-0.023776094016648132,0.015717964619398117,-2.094974587857723,0.38917482185643165,0.017440908,0.141455078125,0.0003,0.9927529096603394,780
949.31,418,65.54114305000002,80,391,163840,0.6855210065841675,0.2,-0.020672776157880435,0.2873830795288086,-2.0820127598941327,1.4651587592437862,0.012148388,0.09609375,0.0003,0.9746288061141968,790
955.47,419,65.86019723,81,395,165888,0.6741868257522583,0.2,-0.02082886548305396,0.0416530966758728,-2.065433198213577,0.3584516724571586,0.019059917,0.1578125,0.0003,0.9934807419776917,800
958.23,419,65.99419779,82,400,167936,0.6696776151657104,0.2,-0.01710485657240497,0.2719719707965851,-2.0393689654767515,1.1146494757384062,0.012899448,0.113525390625,0.0003,0.9805068969726562,810
960.81,419,66.12209254,83,405,169984,0.6616252064704895,0.2,-0.021909125802631026,0.41022080183029175,-2.0220146752893924,0.846203607879579,0.020897456,0.1703125,0.0003,0.990201473236084,820
965.96,419,66.36835540999999,84,409,172032,0.6683305501937866,0.2,-0.019517283557070185,0.21982894837856293,-2.020190843939781,1.2490416907239705,0.017516278,0.156494140625,0.0003,0.9757124185562134,830
968.87,419,66.52095426,85,414,174080,0.6587505340576172,0.2,-0.024533039757807275,0.04633183777332306,-2.0188983526080846,0.2183730139862746,0.030550055,0.2271484375,0.0003,0.9956312775611877,840
972.42,420,66.72110429000001,86,418,176128,0.6580932140350342,0.2,-0.018559407991415356,0.10347706079483032,-2.0004211641848086,0.7901833561249078,0.016095553,0.14462890625,0.0003,0.9870834946632385,850
973.54,420,66.7541741,87,423,178176,0.6577020883560181,0.2,-0.01972925743466476,0.13015878200531006,-1.9977863397449256,0.5929726248607039,0.016149048,0.143896484375,0.0003,0.9899568557739258,860
976.29,420,67.05357422,88,428,180224,0.6484911441802979,0.2,-0.023876062071940395,0.04350332170724869,-1.9846959374845028,0.46565623229835185,0.020995531,0.175146484375,0.0003,0.9921389818191528,870
976.75,420,67.06500959,89,432,182272,0.6418050527572632,0.2,-0.02319731244788272,0.11122739315032959,-1.9590871173888444,1.0164076910354196,0.020754168,0.150341796875,0.0003,0.9854081273078918,880
979.53,421,67.17727929,90,437,184320,0.6411848664283752,0.2,-0.016469687286007683,0.29614704847335815,-1.947458567842841,1.539843143010512,0.015502963,0.104541015625,0.0003,0.9730141758918762,890
974.35,421,66.7370925,91,442,186368,0.632003664970398,0.2,-0.02612597704428481,-0.010563533753156662,-1.9325766824185848,0.25100694636348636,0.031876344,0.211328125,0.0003,0.995347261428833,900
973.66,421,66.73878633,92,447,188416,0.6303603649139404,0.2,-0.01737314165511634,0.08058835566043854,-1.9128593295812606,2.5277204514015468,0.01544635,0.139501953125,0.0003,0.9706581830978394,910
976.08,421,66.92485955000001,93,451,190464,0.6205505132675171,0.2,-0.019711004669079556,0.12896575033664703,-1.8971235796809196,0.8496710603125394,0.022104476,0.181396484375,0.0003,0.9836957454681396,920
974.76,421,66.97037713,94,456,192512,0.6095285415649414,0.2,-0.024145342138945126,0.04642347991466522,-1.861416782438755,0.2284661699552089,0.027642744,0.222509765625,0.0003,0.9966956973075867,930
968.21,421,66.72337329000001,95,461,194560,0.5997284054756165,0.2,-0.0226613781938795,0.028027132153511047,-1.831023783236742,0.22351646469905972,0.02366471,0.196630859375,0.0003,0.9951437711715698,940
969.29,421,67.02834765,96,466,196608,0.5988739132881165,0.2,-0.026153647807950618,0.054801154881715775,-1.811140401288867,0.711576318484731,0.02233208,0.14609375,0.0003,0.9843907952308655,950
966.49,421,67.05793765,97,471,198656,0.5909044742584229,0.2,-0.023380991070735036,0.0267941877245903,-1.7998683482408524,0.33687948358710856,0.023229849,0.182080078125,0.0003,0.9918141961097717,960
967.37,421,67.51118093,98,476,200704,0.5878479480743408,0.2,-0.027287270179658662,-0.004585303366184235,-1.7772043276578189,0.20318735168548302,0.02526414,0.209521484375,0.0003,0.9968197345733643,970
965.36,421,67.52875694000001,99,481,202752,0.5782184600830078,0.2,-0.02451740383694414,0.029271099716424942,-1.7558071732521057,0.3964579748222604,0.027971026,0.17666015625,0.0003,0.9891657829284668,980
962.91,421,67.46575541,100,486,204800,0.57271409034729,0.2,-0.027525235489883927,-0.012237094342708588,-1.7311233814805747,0.14044568766839802,0.029435404,0.23232421875,0.0003,0.9974271655082703,990
963.43,420,67.77562716,101,491,206848,0.5671923160552979,0.2,-0.02613950150262099,-0.02481134980916977,-1.7081247746944428,0.13542689759051427,0.024297113,0.216552734375,0.0003,0.9969357252120972,1000
960.73,420,67.91078515,102,496,208896,0.5588276386260986,0.2,-0.022885187009524088,0.03830034285783768,-1.6844462353736163,0.37451566657982766,0.024191132,0.17236328125,0.0003,0.9911470413208008,1010
959.73,420,67.90920739,103,501,210944,0.5551509857177734,0.2,-0.027372743595333305,-0.006088610738515854,-1.6667250990867615,0.27465222784085197,0.023352228,0.175390625,0.0003,0.9928728342056274,1020
956.07,419,67.94064831,104,507,212992,0.5479868650436401,0.2,-0.021928337025019572,0.0029611196368932724,-1.643599421903491,0.10083819512510672,0.024746161,0.198583984375,0.0003,0.9982035756111145,1030
950.88,419,67.77529602,105,512,215040,0.5473008155822754,0.2,-0.023391495690157173,-0.025323428213596344,-1.6296174693852663,0.17526718282606452,0.02638176,0.193603515625,0.0003,0.9959580302238464,1040
940.73,419,67.42570745,106,517,217088,0.539209246635437,0.2,-0.020048496648087166,0.02523031458258629,-1.6169863749295472,0.24207760471617804,0.028219417,0.151953125,0.0003,0.9886196255683899,1050
941.03,419,67.60130884,107,522,219136,0.5407278537750244,0.2,-0.02170326978666708,0.055062294006347656,-1.6008963029831649,0.8285247983410955,0.017009592,0.1283203125,0.0003,0.9822865128517151,1060
943.43,418,67.42695132,108,528,221184,0.5353400111198425,0.2,-0.02278452906321036,0.12488920986652374,-1.591099413484335,0.7222556063439697,0.020621395,0.16318359375,0.0003,0.9830136299133301,1070
943.44,418,67.47113797,109,533,223232,0.5308644771575928,0.2,-0.017903984410077102,0.09327119588851929,-1.5718486648052932,0.4303254438331351,0.022369888,0.16318359375,0.0003,0.9945461750030518,1080
941.56,418,67.46877724,110,538,225280,0.5241287350654602,0.2,-0.02198939029185567,0.050417710095644,-1.5524310830980539,0.3771495380438864,0.023403617,0.188134765625,0.0003,0.9878109097480774,1090
936.24,418,67.47930566999999,111,543,227328,0.5261784791946411,0.2,-0.02201196298119612,0.015576578676700592,-1.5431111168116332,0.3336982892127708,0.03143412,0.20732421875,0.0003,0.9919649958610535,1100
926.17,418,67.00761943999998,112,548,229376,0.5238217711448669,0.2,-0.022870688656985293,0.023249957710504532,-1.544976333156228,0.5557723604608327,0.024007142,0.197607421875,0.0003,0.9838143587112427,1110
926.8,418,66.91595822999999,113,552,231424,0.5208637118339539,0.2,-0.017834433642565272,0.09865929186344147,-1.531952115148306,0.9884189914911985,0.020150157,0.14423828125,0.0003,0.9746450781822205,1120
921.55,418,66.79294682000001,114,557,233472,0.5115405321121216,0.2,-0.018057774275075645,0.07439921051263809,-1.5124256286770106,0.5439961493713781,0.028193701,0.19169921875,0.0003,0.9865005016326904,1130
920.01,419,66.69879673,115,561,235520,0.5067983865737915,0.2,-0.02158943770264159,0.07999752461910248,-1.4818842358887196,0.588799957651645,0.028484164,0.20576171875,0.0003,0.9915019869804382,1140
919.61,419,66.71301848,116,566,237568,0.5072976350784302,0.2,-0.025394567549665226,0.06737391650676727,-1.4769317850470542,0.2907590409973636,0.034721192,0.221728515625,0.0003,0.9934727549552917,1150
919.3,419,66.68996691,117,571,239616,0.5048640966415405,0.2,-0.017971473770739977,0.10231810063123703,-1.47348937317729,0.18363238335587084,0.032785527,0.244873046875,0.0003,0.9956042170524597,1160
919.65,419,67.11113156999998,118,575,241664,0.49950194358825684,0.2,-0.022397710145742166,0.05232423543930054,-1.456469302624464,0.4721687295939773,0.028410923,0.199462890625,0.0003,0.9858571887016296,1170
915.75,419,66.99570811,119,580,243712,0.4922742545604706,0.2,-0.028222657332662493,-0.02049936354160309,-1.4316124077886343,0.42377036784309896,0.029872661,0.203369140625,0.0003,0.9915376305580139,1180
904.94,420,66.39099447999999,120,585,245760,0.48518306016921997,0.2,-0.024237602367065847,0.0018436945974826813,-1.4010360214859248,0.18705771171953528,0.03275325,0.24306640625,0.0003,0.9972419738769531,1190
904.66,420,66.51944585,121,589,247808,0.483206182718277,0.2,-0.01779931743076304,0.11265615373849869,-1.381233751401305,1.2965998043771834,0.019245237,0.15390625,0.0003,0.9797906875610352,1200
907.64,420,66.81650841999999,122,593,249856,0.4784556031227112,0.2,-0.02621137476817239,0.09260082244873047,-1.3687504820525647,0.5961859215982258,0.02650466,0.185107421875,0.0003,0.9886553287506104,1210
911.77,420,67.27318584,123,598,251904,0.47483697533607483,0.2,-0.020369138546811882,0.06873560696840286,-1.3493147443979978,0.41746689307037743,0.030951016,0.2224609375,0.0003,0.9919184446334839,1220
910.6,420,67.2341205,124,603,253952,0.47435522079467773,0.2,-0.026587276990176177,0.14991101622581482,-1.3424035858362913,0.568155764741823,0.03211015,0.22802734375,0.0003,0.9847570061683655,1230
900.63,420,66.60936632999999,125,608,256000,0.4781574606895447,0.2,-0.026281550106068606,0.021020572632551193,-1.348770784214139,0.1736880385200493,0.032301296,0.246337890625,0.0003,0.9955646991729736,1240
902.45,420,66.75926394999999,126,613,258048,0.47496920824050903,0.2,-0.021720690605434356,0.3307269811630249,-1.3481546837836504,1.2216221894137562,0.017920889,0.135546875,0.0003,0.9635832905769348,1250
896.77,420,66.501623,127,618,260096,0.4638015031814575,0.2,-0.021982867512269876,0.07301633059978485,-1.3230006132274865,0.6036573754623532,0.032077145,0.22509765625,0.0003,0.9873559474945068,1260
901.81,420,66.67071053,128,622,262144,0.46289026737213135,0.2,-0.021987625343535912,0.10192525386810303,-1.2942824181169272,0.513373924116604,0.028117027,0.20869140625,0.0003,0.9871258735656738,1270
895.87,420,66.28024568,129,627,264192,0.45020899176597595,0.2,-0.025318884285661626,-0.00293118879199028,-1.264105884730816,0.32740965464618055,0.04616636,0.240283203125,0.0003,0.9902175068855286,1280
897.48,421,66.31441335000001,130,632,266240,0.446402907371521,0.2,-0.02083451911166776,0.08570270240306854,-1.2281011655926704,0.6409086638828739,0.026077032,0.2109375,0.0003,0.9796386361122131,1290
907.39,421,67.38870003,131,637,268288,0.44804245233535767,0.2,-0.02250420363707235,0.5674623847007751,-1.2239289693534374,2.9152813853695987,0.024869356,0.1837890625,0.0003,0.9143610596656799,1300
909.0,421,67.39802560000001,132,641,270336,0.4445958733558655,0.2,-0.02003525614127284,0.14304721355438232,-1.218016766011715,3.3422917713411153,0.018761586,0.153759765625,0.0003,0.9629240036010742,1310
907.78,421,67.37647907000002,133,646,272384,0.447337806224823,0.2,-0.021442920358822448,0.06270208954811096,-1.220019420236349,0.284528467990458,0.06542286,0.271923828125,0.0003,0.9930611252784729,1320
903.55,421,67.02155465,134,651,274432,0.4489971399307251,0.2,-0.019222589986748063,0.11968784779310226,-1.2278359606862068,0.8430924813263119,0.026864482,0.19619140625,0.0003,0.9789525866508484,1330
911.16,421,67.62254395999999,135,656,276480,0.44859760999679565,0.2,-0.027384286128290115,0.161601260304451,-1.23417900018394,0.4958844782784581,0.03754557,0.23623046875,0.0003,0.9829027652740479,1340
917.9,421,68.14227264,136,660,278528,0.446487694978714,0.2,-0.02382289221131941,-0.002017572522163391,-1.227459603175521,0.3230484227067791,0.037657186,0.24716796875,0.0003,0.9907072186470032,1350
917.54,421,68.20566819,137,665,280576,0.4425305128097534,0.2,-0.02254157636925811,0.22986073791980743,-1.2106048554182052,1.3391185003798456,0.06265119,0.1962890625,0.0003,0.9376947283744812,1360
917.24,421,68.21682841,138,669,282624,0.4415877163410187,0.2,-0.03343344082895783,0.009328030049800873,-1.2026981972157955,0.4344909222330898,0.047213756,0.244775390625,0.0003,0.9892851114273071,1370
916.7,422,68.34316039000001,139,674,284672,0.44292908906936646,0.2,-0.023206011431466323,0.06704948097467422,-1.2034831997007132,0.47086821803823115,0.031738594,0.22041015625,0.0003,0.9882535338401794,1380
927.62,422,69.43234471999999,140,679,286720,0.4348098039627075,0.2,-0.023223938456794713,0.02514520287513733,-1.1842211153358222,0.6344193669268862,0.037900053,0.235791015625,0.0003,0.9742801189422607,1390
925.59,422,69.44041908,141,683,288768,0.4286400079727173,0.2,-0.019420954307133798,0.6111161112785339,-1.1503200579434634,3.4424090676009653,0.022339065,0.159619140625,0.0003,0.9094840288162231,1400
920.67,422,69.15205691,142,688,290816,0.4278267025947571,0.2,-0.01945976794231683,0.09451574832201004,-1.134621485322714,0.5986974508967251,0.029082796,0.21552734375,0.0003,0.9807904958724976,1410
920.4,422,69.14867332,143,692,292864,0.4259764552116394,0.2,-0.02782290671748342,0.0721222534775734,-1.1260050434619189,0.7345151771325618,0.0296399,0.19208984375,0.0003,0.9747704863548279,1420
937.67,422,70.88021228999999,144,697,294912,0.42437544465065,0.2,-0.02407089902990265,0.22241123020648956,-1.1162372570484878,1.0248165966942906,0.03338301,0.214599609375,0.0003,0.9649585485458374,1430
932.92,422,70.76313723,145,702,296960,0.424236923456192,0.2,-0.02203114268631907,0.20495380461215973,-1.1141135014593602,2.726861403603107,0.025819883,0.197705078125,0.0003,0.9000664949417114,1440
926.55,422,70.42296753999999,146,707,299008,0.42359521985054016,0.2,-0.030699110295972786,0.09599795937538147,-1.1176183085888625,1.335259106149897,0.03183626,0.21171875,0.0003,0.96549391746521,1450
923.75,422,70.23876363000001,147,711,301056,0.41650688648223877,0.2,-0.02144357621582458,0.07782300561666489,-1.0955788630992174,1.042202979233116,0.03193445,0.20224609375,0.0003,0.9640287160873413,1460
918.41,422,70.02545672000001,148,716,303104,0.4139113426208496,0.2,-0.030505207742680795,0.08189910650253296,-1.0829019490629435,0.32595547423698007,0.07003884,0.280810546875,0.0003,0.9909338355064392,1470
920.56,423,70.04208888,149,721,305152,0.41010960936546326,0.2,-0.030111140315420927,0.03167685493826866,-1.066086522862315,0.4098415657412261,0.049164172,0.22841796875,0.0003,0.9818350672721863,1480
927.54,423,70.79468782,150,725,307200,0.41157078742980957,0.2,-0.013456224248511717,0.046573836356401443,-1.0545287899672986,0.937518450175412,0.043411482,0.22744140625,0.0003,0.9383240938186646,1490
930.5,423,70.81435807999999,151,730,309248,0.414661169052124,0.2,-0.022339083679253236,0.015339095145463943,-1.06739083789289,0.5332549083628692,0.035204165,0.199853515625,0.0003,0.9725845456123352,1500
933.42,423,71.06542105,152,735,311296,0.4150480031967163,0.2,-0.019339038744510616,-0.004531826823949814,-1.0767130192369223,0.32264532122062517,0.04078073,0.212646484375,0.0003,0.9798444509506226,1510
952.19,423,70.75861485,153,740,313344,0.40470510721206665,0.2,-0.02086729283182649,-0.0011039115488529205,-1.0541502773761748,0.3747414924146142,0.03407985,0.214013671875,0.0003,0.9775472283363342,1520
946.85,423,70.3487138,154,744,315392,0.3995797634124756,0.2,-0.006584342925634701,-0.007506349589675665,-1.0127662869170309,0.015535170111979824,0.02243314,0.23564453125,0.0003,0.9984335899353027,1530
967.1,423,70.13864244,155,750,317440,0.39661550521850586,0.2,-0.009037182394240516,0.035024113953113556,-0.9918094614520669,0.8678326145454776,0.017994396,0.16015625,0.0003,0.9252228736877441,1540
975.9,423,70.23390966,156,754,319488,0.3970295786857605,0.2,-0.0028131755694630555,0.011270370334386826,-0.9844390697777271,0.04914867688785307,0.015919805,0.209521484375,0.0003,0.9966621994972229,1550
975.27,423,70.24166152,157,759,321536,0.3945103585720062,0.2,-0.016463159187696873,0.004651997238397598,-0.9785587921738624,0.2342953201965429,0.023480834,0.2103515625,0.0003,0.9764862656593323,1560
994.75,423,70.09552814999999,158,763,323584,0.387054979801178,0.2,-0.018869040726713138,-0.036083776503801346,-0.9590344607830048,0.10640511298261117,0.040610958,0.220458984375,0.0003,0.9817255735397339,1570
994.75,423,70.09552814999999,159,768,325632,0.3848772346973419,0.2,-0.009814484427624847,0.000949053093791008,-0.9289098113775254,0.04878599475487135,0.022880236,0.231396484375,0.0003,0.9971187710762024,1580
1017.58,423,69.65835005,160,772,327680,0.3908271789550781,0.2,0.004610207250516396,-0.007296963594853878,-0.9408718707039953,0.00499349309320678,0.021588854,0.2109375,0.0003,0.9388441443443298,1590
1030.76,424,69.65967308,161,777,329728,0.38948941230773926,0.2,-0.015630618372233583,0.005898226052522659,-0.9504532227292657,0.13054104528273455,0.020946879,0.224267578125,0.0003,0.9868001937866211,1600
1048.89,424,70.4721405,162,781,331776,0.3878624737262726,0.2,-0.022639118670485913,-0.013034582138061523,-0.946244147233665,0.10579768265015446,0.03661475,0.1779296875,0.0003,0.9920296669006348,1610
1044.96,424,70.28550627,163,786,333824,0.3843170404434204,0.2,-0.021045794506790116,0.15333212912082672,-0.9322431972250342,2.065357063151896,0.018637257,0.15283203125,0.0003,0.8722957372665405,1620
1065.01,424,70.2725929,164,790,335872,0.3820342421531677,0.2,-0.01435044388344977,0.1800023764371872,-0.9161463441327214,1.4438114291056992,0.01411818,0.11484375,0.0003,0.9612428545951843,1630
1044.49,424,68.71532034,165,796,337920,0.3771928548812866,0.2,-0.010400492321059574,-0.008898028172552586,-0.8977067243307829,0.1195638338162098,0.027463712,0.2083984375,0.0003,0.9900090098381042,1640
1039.33,424,68.59677184,166,800,339968,0.37733668088912964,0.2,-0.015505454567755806,2.738859176635742,-0.8853663483634591,5.758134187944234,0.014696538,0.12822265625,0.0003,0.913982629776001,1650
1039.33,424,68.59677184,167,805,342016,0.374502032995224,0.2,-0.016414023196557537,0.4222332537174225,-0.8808630073443056,2.2168902735225857,0.02090129,0.15078125,0.0003,0.9500265121459961,1660
1047.35,424,67.67509074,168,810,344064,0.37624603509902954,0.2,0.009473803268338087,0.013341827318072319,-0.8789275720715523,0.004702342338168819,0.012441138,0.251904296875,0.0003,0.8532499074935913,1670
1036.93,424,66.80640338,169,815,346112,0.3753792643547058,0.2,-0.01889933191851014,0.799066960811615,-0.8805498018860817,2.7869690648280083,0.020061325,0.1474609375,0.0003,0.9491841793060303,1680
1036.93,424,66.80640338,170,820,348160,0.374050498008728,0.2,-0.02352852919430006,0.298448771238327,-0.8734802309423685,1.5988050839863717,0.025200734,0.18603515625,0.0003,0.9700477719306946,1690
1055.65,424,66.64744565,171,825,350208,0.3694881796836853,0.2,0.008877545790164731,0.03424607589840889,-0.8591402778401971,0.005784424631201546,0.008776162,0.20869140625,0.0003,0.3222048878669739,1700
1055.65,424,66.64744565,172,829,352256,0.36713752150535583,0.2,-0.026602383330464364,0.22271770238876343,-0.8393640397116542,0.6492419655900449,0.03553395,0.2216796875,0.0003,0.984570324420929,1710
1077.39,424,66.57721673,173,834,354304,0.3686395287513733,0.2,-0.0037112462989171034,0.024920817464590073,-0.8387170964851975,0.02942138729413273,0.01961862,0.2296875,0.0003,0.9882771372795105,1720
1098.06,424,66.33658866,174,839,356352,0.3639398217201233,0.2,-0.01583462031921954,0.06902012974023819,-0.8298222444951534,0.4914505762048066,0.023426324,0.133642578125,0.0003,0.9798508286476135,1730
1085.3,424,65.57818257,175,844,358400,0.360230952501297,0.2,0.009746466706565116,0.0019658650271594524,-0.807443905994296,0.0024075261401776517,0.006930666,0.183642578125,0.0003,0.9998119473457336,1740
1082.07,424,65.38265153,176,848,360448,0.3605780601501465,0.2,-0.024600891500449508,0.0856427326798439,-0.7958075892180204,1.5755580382421612,0.018833384,0.15517578125,0.0003,0.9716363549232483,1750
1101.27,424,65.00974783,177,853,362496,0.36109817028045654,0.2,-0.01726748898436199,0.019186172634363174,-0.8002481201663614,0.29578852076083423,0.023324687,0.190869140625,0.0003,0.979593813419342,1760
1096.2,424,64.72263004,178,858,364544,0.3586274981498718,0.2,-0.02547834688302828,0.018071651458740234,-0.7975194787606597,0.2915336066274904,0.031947713,0.170458984375,0.0003,0.9891117215156555,1770
1096.2,424,64.72263004,179,863,366592,0.35801082849502563,0.2,-0.0271489627630217,0.032241880893707275,-0.7859388926997781,0.31037974602077156,0.03599187,0.220166015625,0.0003,0.9909180998802185,1780
1121.13,424,64.74976749,180,867,368640,0.36099448800086975,0.2,0.010416171291581122,-0.015987873077392578,-0.7913316916674376,0.00284772478225932,0.024307426,0.206396484375,0.0003,0.8692243099212646,1790
1145.4,424,64.74500712,181,872,370688,0.3588063716888428,0.2,-0.008609397932013962,-0.018067553639411926,-0.7975037980824708,0.07140548260649666,0.01592071,0.16015625,0.0003,0.9950169324874878,1800
1141.23,424,64.42865420999999,182,877,372736,0.35748374462127686,0.2,-0.0250335760989401,0.005579814314842224,-0.7847363071516156,0.3288819423993118,0.029298615,0.1556640625,0.0003,0.9840235710144043,1810
1163.9,424,64.31266783,183,882,374784,0.3491608500480652,0.2,-0.02069988316652598,0.013599276542663574,-0.7551998181268573,0.11541438053245656,0.02691706,0.186376953125,0.0003,0.9952247738838196,1820
1163.9,424,64.31266783,184,887,376832,0.34803706407546997,0.2,-0.0035374536775634622,0.0012123612686991692,-0.7313167098909616,0.032879366309498434,0.01807984,0.160791015625,0.0003,0.9988593459129333,1830
1190.59,424,64.15618778999999,185,892,378880,0.3511815071105957,0.2,0.000284175033448264,0.062249694019556046,-0.7358999401330948,0.012101121570594842,0.011088188,0.189111328125,0.0003,0.9843912720680237,1840
1186.17,424,64.10862581999999,186,896,380928,0.3473600745201111,0.2,-0.03163233041559579,0.012449275702238083,-0.7380280828103423,0.31624826963525265,0.051547594,0.256396484375,0.0003,0.9907639622688293,1850
1178.85,424,63.67194976999999,187,901,382976,0.3456553816795349,0.2,-0.0251628195765079,0.03810301050543785,-0.7202481923624873,0.3012498578056693,0.041639946,0.2646484375,0.0003,0.9917439222335815,1860
1163.14,424,61.96247294,188,906,385024,0.3420194387435913,0.2,-0.02721394384498126,0.14322440326213837,-0.7032612370327115,0.9719779166625813,0.029814051,0.190673828125,0.0003,0.9509149789810181,1870
1163.14,424,61.96247294,189,911,387072,0.3419432044029236,0.2,-0.026228234932932536,0.030167020857334137,-0.6901673834770918,0.8302164071938023,0.036428533,0.20400390625,0.0003,0.9760635495185852,1880
1183.24,424,61.66360237,190,915,389120,0.3447846472263336,0.2,0.0027355960104614497,0.03403520584106445,-0.7014865972101688,0.057168043591082095,0.01496978,0.191943359375,0.0003,0.9865373969078064,1890
1204.06,425,61.37532956999999,191,920,391168,0.34155577421188354,0.2,-0.013668219013197813,0.00967509113252163,-0.7006358344107866,0.04123229158576578,0.02359871,0.174658203125,0.0003,0.9971327185630798,1900
1204.06,425,61.37532956999999,192,925,393216,0.33567118644714355,0.2,-0.008969642550800927,-0.011291919276118279,-0.6703175934031605,0.044701945400447585,0.02750541,0.234716796875,0.0003,0.9979676604270935,1910
1226.85,424,61.212682459999996,193,930,395264,0.33546188473701477,0.2,-0.0068197065615095195,0.008237471804022789,-0.6570139911025763,0.021416800486622378,0.16353801,0.197509765625,0.0003,0.9499667882919312,1920
1224.5,424,61.055572870000006,194,936,397312,0.3294066786766052,0.2,-0.030022717312385795,-0.018101386725902557,-0.6374793842434883,0.3598944989265874,0.0375572,0.2357421875,0.0003,0.9896193146705627,1930
1203.23,423,59.583036410000005,195,942,399360,0.328610897064209,0.2,-0.028330031358927955,0.04900367558002472,-0.6160217611119151,0.3781830040970817,0.033579312,0.2208984375,0.0003,0.9914119839668274,1940
1203.33,423,59.43629895000001,196,947,401408,0.326310932636261,0.2,-0.02189862811937928,0.06633329391479492,-0.6061390921473503,1.0753270604647696,0.030551631,0.1958984375,0.0003,0.9791958928108215,1950
1198.21,423,58.94987795,197,952,403456,0.3209453821182251,0.2,-0.02697847584495321,0.027020951732993126,-0.583614281564951,0.3526060992619023,0.06198202,0.271484375,0.0003,0.9916543960571289,1960
1198.21,423,58.94987795,198,958,405504,0.3184143900871277,0.2,-0.021759896246658174,0.03648021072149277,-0.5585144430398941,0.5058973513077945,0.038602944,0.247900390625,0.0003,0.9908105731010437,1970
1208.73,422,57.77473747,199,963,407552,0.3163723647594452,0.2,-0.004569651796191465,-0.0004577226936817169,-0.546318580582738,0.1364199841496884,0.028212998,0.20654296875,0.0003,0.9823832511901855,1980
1197.01,422,56.81820834999999,200,968,409600,0.31190502643585205,0.2,-0.021881909044168424,0.04379677772521973,-0.5266268765553832,0.22505191698437557,0.030896075,0.22578125,0.0003,0.988452136516571,1990
1194.61,423,56.57819947,201,972,411648,0.3118554949760437,0.2,-0.026902360940584912,0.20712780952453613,-0.5097069108858705,0.970512862992473,0.037016593,0.21591796875,0.0003,0.9775322675704956,2000
1175.09,423,54.58252026999999,202,977,413696,0.3118464946746826,0.2,-0.03138213520287536,0.09691648185253143,-0.5088353080675005,0.5915276118554175,0.039720263,0.25654296875,0.0003,0.987530529499054,2010
1192.2,423,54.08280620999999,203,981,415744,0.3072078227996826,0.2,-0.013858208862075116,-0.002653231844305992,-0.4949989186599851,0.06846127328171861,0.04534908,0.241552734375,0.0003,0.9965030550956726,2020
1189.4,423,53.741112689999994,204,985,417792,0.3030959367752075,0.2,-0.01997212192072766,0.07344983518123627,-0.46845644488930704,0.10386462958413176,0.03871642,0.213720703125,0.0003,0.9959921836853027,2030
1213.82,424,53.71559339,205,990,419840,0.3025635778903961,0.2,-0.01584527459490346,0.09904822707176208,-0.45001900009810925,1.2262525282334535,0.02377446,0.15185546875,0.0003,0.966228187084198,2040
1236.86,424,53.562337819999996,206,995,421888,0.3009747266769409,0.2,-0.006341417055227794,0.005682202056050301,-0.44327254239469766,0.06466248607757734,0.020520251,0.22734375,0.0003,0.996431291103363,2050
1236.86,423,53.562337819999996,207,1000,423936,0.30104678869247437,0.2,0.002889249019062845,0.009113665670156479,-0.4384453743696213,0.014420643374614883,0.015393218,0.1869140625,0.0003,0.9991543889045715,2060
1255.03,423,53.08435211999999,208,1005,425984,0.3002956509590149,0.2,-0.010144534883147571,-0.01644027605652809,-0.43507899828255175,0.05303547882649582,0.03049473,0.221435546875,0.0003,0.9978518486022949,2070
1255.03,423,53.08435211999999,209,1010,428032,0.2963441014289856,0.2,-0.022882019985991063,-0.017411064356565475,-0.4238191325217485,0.16847373814089223,0.028069794,0.215478515625,0.0003,0.9937650561332703,2080
1260.26,423,52.51734840000001,210,1015,430080,0.3016422688961029,0.2,-0.00828824253840139,-0.017770428210496902,-0.42705029174685477,0.09956814642064274,0.02111035,0.223388671875,0.0003,0.7756759524345398,2090
1247.69,423,51.70842958,211,1020,432128,0.2990790605545044,0.2,-0.023841965936298948,0.19752316176891327,-0.43437586054205896,0.7818880047183484,0.029536925,0.19599609375,0.0003,0.9812405109405518,2100
1241.15,423,51.98964572999999,212,1025,434176,0.292718768119812,0.2,-0.03028558533405885,0.07367713749408722,-0.4027812220156193,0.40396344210021196,0.040189996,0.259912109375,0.0003,0.9892299175262451,2110
1194.05,423,52.26965016,213,1030,436224,0.2907058000564575,0.2,-0.022523962944978847,0.09358419477939606,-0.37454100847244265,1.0600985828787088,0.03959502,0.2205078125,0.0003,0.9718435406684875,2120
1124.14,423,51.93272797,214,1034,438272,0.2910182774066925,0.2,-0.023289189724891912,0.0875706821680069,-0.37209121845662596,0.27217758221086114,0.045973636,0.279052734375,0.0003,0.9933676719665527,2130
1084.36,423,50.96003840000001,215,1039,440320,0.28953662514686584,0.2,-0.028844609862426297,0.046518176794052124,-0.3664518970996141,0.5220628481125459,0.03979981,0.269580078125,0.0003,0.9902023673057556,2140
1061.16,423,51.14824087,216,1043,442368,0.28512775897979736,0.2,-0.03582110191637185,0.02560480311512947,-0.34755050763487816,0.4407699536066502,0.04587302,0.282421875,0.0003,0.9903556704521179,2150
1064.74,424,51.754274209999984,217,1047,444416,0.2809906005859375,0.2,-0.03123737355490448,0.028543345630168915,-0.31646114103496076,0.2975596826523542,0.052271143,0.257275390625,0.0003,0.9955899715423584,2160
1037.07,424,51.45357996,218,1051,446464,0.2772614359855652,0.2,-0.034979769169876815,0.022367145866155624,-0.28904481530189513,0.36898835212923586,0.04491265,0.249072265625,0.0003,0.9937857985496521,2170
1037.07,424,51.45357996,219,1055,448512,0.2755410075187683,0.2,-0.02119755125750089,0.2737923562526703,-0.26445881836116314,1.4207045857328922,0.029276127,0.19140625,0.0003,0.9819003343582153,2180
1061.71,425,51.436995800000005,220,1059,450560,0.2767104506492615,0.2,0.011664778288104572,0.027986831963062286,-0.26386766098439696,0.004721064660043339,0.021043101,0.241455078125,0.0003,0.40148383378982544,2190
1086.51,425,51.51987694000001,221,1063,452608,0.2714935839176178,0.2,-0.009873804730887059,0.0036167590878903866,-0.25270956195890903,0.04150304345967015,0.027066398,0.2322265625,0.0003,0.9974763989448547,2200
1086.77,425,51.6107865,222,1068,454656,0.2721150815486908,0.2,-0.01833105939149391,-0.018498456105589867,-0.2351471647620201,0.08161633054260164,0.037508905,0.196533203125,0.0003,0.9978576898574829,2210
1108.4,426,51.42052331000001,223,1071,456704,0.26724672317504883,0.2,-0.022657448436075357,-0.018274441361427307,-0.21935578398406505,0.18756942459149287,0.041467667,0.2404296875,0.0003,0.9941473603248596,2220
1056.38,426,51.20739582000001,224,1075,458752,0.27007490396499634,0.2,-0.006139350144076161,0.006428677588701248,-0.2118680041283369,0.05240354840061627,0.048174914,0.22021484375,0.0003,0.9972920417785645,2230
1056.38,426,51.20739582000001,225,1079,460800,0.2692522406578064,0.2,-0.027238711742393208,-0.002401597797870636,-0.21917097978293895,0.2245909963734448,0.047394246,0.283740234375,0.0003,0.9940246939659119,2240
1057.99,427,51.37091136,226,1083,462848,0.2659306526184082,0.2,0.0028999632108025254,0.021227624267339706,-0.2012755710631609,0.02555259155051317,0.024956021,0.218408203125,0.0003,0.9914637804031372,2250
1057.99,427,51.37091136,227,1087,464896,0.26441270112991333,0.2,-0.025107551877590596,-0.02381213940680027,-0.1855679165571928,0.1343428872525692,0.044889703,0.25400390625,0.0003,0.9958585500717163,2260
1052.02,428,50.66506057999999,228,1090,466944,0.263744056224823,0.2,-0.0007576067349873483,-0.015760265290737152,-0.17244193963706494,0.021872191774309612,0.017962007,0.22724609375,0.0003,0.9446186423301697,2270
1021.66,428,50.38432685,229,1094,468992,0.2622302174568176,0.2,-0.015951624821173026,-0.006988197565078735,-0.1667203851044178,0.1673194127040915,0.035724483,0.2326171875,0.0003,0.9868241548538208,2280
968.66,428,50.32868128000001,230,1098,471040,0.26267528533935547,0.2,-0.015807692007365405,0.04846109449863434,-0.16337061375379563,0.18833623050013557,0.039941378,0.276708984375,0.0003,0.9946412444114685,2290
935.87,429,50.094829600000004,231,1102,473088,0.26092684268951416,0.2,-0.025651642293087206,0.037504345178604126,-0.15655663833022118,0.19441029134904966,0.061193228,0.292626953125,0.0003,0.9959556460380554,2300
957.61,429,49.80613726000001,232,1106,475136,0.25921863317489624,0.2,-0.021550341789406957,0.04471917822957039,-0.14507123976945877,0.21689381112810224,0.038523525,0.23193359375,0.0003,0.9909880757331848,2310
954.62,429,49.71532225,233,1110,477184,0.2560306787490845,0.2,-0.008084802758457955,0.01126103475689888,-0.12889792397618294,0.018570259161788272,0.035587177,0.254296875,0.0003,0.9990381598472595,2320
972.01,430,49.68572968,234,1114,479232,0.25517934560775757,0.2,-0.00836124016859685,0.04910677671432495,-0.10891098044812679,0.11318543968372978,0.033744503,0.258837890625,0.0003,0.9905843138694763,2330
971.14,430,49.54208501000001,235,1117,481280,0.25380006432533264,0.2,-0.015719064712175167,-0.007394783198833466,-0.10396624468266964,0.1401209168485366,0.046280228,0.275146484375,0.0003,0.9949923753738403,2340
991.2,430,49.307305050000004,236,1122,483328,0.25352054834365845,0.2,-0.009385987227142322,0.014336317777633667,-0.09558874890208244,0.3588120982050896,0.0233773,0.18955078125,0.0003,0.977502167224884,2350
991.2,431,49.307305050000004,237,1126,485376,0.25290197134017944,0.2,-0.012296587676974013,0.08217303454875946,-0.09104911871254444,0.24085666993050836,0.027938068,0.217529296875,0.0003,0.9882147908210754,2360
939.3,431,49.272449659999985,238,1129,487424,0.24836516380310059,0.2,0.00241546668621595,0.03626156225800514,-0.0695264670997858,0.014482909847720294,0.03147989,0.2109375,0.0003,-2.3195128440856934,2370
930.06,431,48.453781549999995,239,1133,489472,0.24505949020385742,0.2,-0.028956614197522868,0.019856177270412445,-0.0422070387750864,0.32991414349526166,0.052843355,0.240576171875,0.0003,0.9904022216796875,2380
928.15,432,48.41303536000001,240,1137,491520,0.24301928281784058,0.2,-0.024314273479103577,0.07709929347038269,-0.018637745082378386,0.6384319419972598,0.06688443,0.23603515625,0.0003,0.9785715341567993,2390
919.99,432,48.01754502000001,241,1141,493568,0.24214133620262146,0.2,-0.026346740251756273,0.01696363463997841,-0.005982337519526482,0.45538664672058077,0.04005041,0.28046875,0.0003,0.9920281171798706,2400
888.08,432,47.48822575,242,1145,495616,0.2454075813293457,0.2,-0.020395714858022985,0.09111596643924713,-0.016649864986538886,0.4648923496250063,0.048786744,0.308203125,0.0003,0.9887003302574158,2410
886.12,433,47.32692567000001,243,1149,497664,0.24446335434913635,0.2,-0.02790539673442254,0.08165140450000763,-0.024698082730174063,0.622375981346704,0.048685394,0.29619140625,0.0003,0.988961935043335,2420
909.12,433,47.30268139999999,244,1152,499712,0.24290356040000916,0.2,-0.011071775672462536,0.02063007280230522,-0.016332373023033142,0.10483390555600636,0.054155976,0.26435546875,0.0003,0.9938074946403503,2430
907.91,433,47.302140480000006,245,1157,501760,0.24344494938850403,0.2,-0.020546644876230858,0.039771661162376404,-0.010453603416681289,0.22730215842602775,0.044123415,0.27177734375,0.0003,0.9928041100502014,2440
930.64,433,47.174115310000005,246,1161,503808,0.23798443377017975,0.2,-0.01920574049872812,-0.017118800431489944,0.011041327565908431,0.08783543263562024,0.060433652,0.32802734375,0.0003,0.9969548583030701,2450
907.82,434,47.18201613,247,1165,505856,0.2337997555732727,0.2,-0.00936077775695594,-0.05251269042491913,0.051014180108904836,0.02693310517570353,0.042676654,0.2201171875,0.0003,0.9980248212814331,2460
915.28,434,47.80134978,248,1169,507904,0.22925333678722382,0.2,-0.02405355770679307,0.04348164424300194,0.08753593116998673,0.28972424879902975,0.058711432,0.305517578125,0.0003,0.9919391870498657,2470
915.28,434,47.80134978,249,1173,509952,0.22679583728313446,0.2,-0.024002519706846213,0.06248879432678223,0.11813677474856377,0.30508016503881663,0.045125008,0.298291015625,0.0003,0.9899383783340454,2480
895.47,434,48.110034119999995,250,1177,512000,0.2239139974117279,0.2,0.014022826970904134,-0.01883961819112301,0.145755061134696,0.008145408202290127,0.025670826,0.240576171875,0.0003,0.9452654123306274,2490
854.76,435,48.14944726999999,251,1181,514048,0.2210950404405594,0.2,-0.02507652979984414,-0.004692830145359039,0.16682873517274857,0.10055488660582342,0.06755299,0.3201171875,0.0003,0.9964549541473389,2500
858.22,435,48.228420660000005,252,1185,516096,0.22023636102676392,0.2,-0.026356389472493903,0.010153129696846008,0.18187136389315128,0.2001550112152472,0.05959014,0.330712890625,0.0003,0.994350790977478,2510
862.21,435,48.44584504,253,1189,518144,0.21501153707504272,0.2,-0.026700812194030733,0.006013575941324234,0.20809848234057426,0.16496352332178504,0.05716895,0.305126953125,0.0003,0.9930344223976135,2520
885.96,436,48.30728134,254,1192,520192,0.21153101325035095,0.2,-0.017102510611584874,0.024745211005210876,0.2494360089302063,0.10962670035369229,0.03843601,0.286328125,0.0003,0.990833044052124,2530
886.87,436,47.394426,255,1196,522240,0.21617457270622253,0.2,0.007017687903135084,0.009660033509135246,0.2447836682200432,0.007584724599473703,0.018843237,0.229736328125,0.0003,0.9996300935745239,2540
896.18,436,47.59358688,256,1200,524288,0.21221137046813965,0.2,-0.02170496847393224,-0.035088323056697845,0.24143363498151302,0.08538068168563769,0.043310955,0.301171875,0.0003,0.9940966367721558,2550
896.18,437,47.59358688,257,1204,526336,0.21309253573417664,0.2,-0.029389645929040854,-0.01712203398346901,0.25408532507717607,0.16138525899732487,0.057581652,0.332666015625,0.0003,0.995312511920929,2560
921.17,437,47.56900569,258,1207,528384,0.21200677752494812,0.2,0.003259805039851926,0.013059291988611221,0.26027054972946645,0.00526335180602473,0.02577728,0.258203125,0.0003,0.9474306106567383,2570
936.9,437,47.64202281,259,1211,530432,0.20995499193668365,0.2,-0.0013742995404754765,-0.00694389920681715,0.27631352059543135,0.0150590723111236,0.02006355,0.227197265625,0.0003,0.9989871978759766,2580
940.32,438,47.703317139999996,260,1215,532480,0.2102758288383484,0.2,-0.027785573228902648,0.014111143536865711,0.27789989337325094,0.21415565268835052,0.070038185,0.338623046875,0.0003,0.9933780431747437,2590
944.36,438,47.46076707,261,1220,534528,0.20862595736980438,0.2,-0.02082820757423178,-0.04544771462678909,0.28712786324322226,0.11708766090450809,0.053103827,0.332421875,0.0003,0.9953131079673767,2600
946.01,438,47.52433316,262,1224,536576,0.20716537535190582,0.2,-0.02525496977759758,-0.0033913198858499527,0.29876925982534885,0.14693824544665404,0.054038726,0.29267578125,0.0003,0.993402361869812,2610
970.45,438,47.48443002999999,263,1229,538624,0.20633357763290405,0.2,-0.02110250974947121,-0.0057028550654649734,0.3126899413764477,0.16197207478107883,0.054652344,0.260009765625,0.0003,0.9893054366111755,2620
970.45,438,47.48443002999999,264,1234,540672,0.20201405882835388,0.2,-0.01106967162922956,0.006803725380450487,0.3365904826670885,0.0360754146859108,0.035976525,0.259326171875,0.0003,0.9955455660820007,2630
998.47,437,47.49224484000001,265,1239,542720,0.19954827427864075,0.2,0.008911594616802177,-0.011258571408689022,0.3771875869482756,0.009530003875988768,0.011587212,0.21240234375,0.0003,-1.161407232284546,2640
1001.46,437,47.22286634000001,266,1244,544768,0.19594523310661316,0.2,-0.007449055505276192,-0.023968836292624474,0.40139165967702867,0.05186804797849618,0.044325218,0.304443359375,0.0003,0.9965314865112305,2650
1025.54,437,46.718720090000005,267,1249,546816,0.1936570107936859,0.2,-0.017958869051653892,-0.024550016969442368,0.42747708708047866,0.07030182557937223,0.079661176,0.208056640625,0.0003,0.9767518043518066,2660
1050.38,437,46.31267331000001,268,1253,548864,0.19346824288368225,0.2,0.007491752791975159,-0.012401933781802654,0.44845174700021745,0.010744696949404896,0.028268028,0.2828125,0.0003,0.9144021272659302,2670
1050.38,437,46.31267331000001,269,1257,550912,0.19210873544216156,0.2,0.01353609318175586,-0.0126081183552742,0.4566219009459019,0.009116374433142482,0.013457111,0.263525390625,0.0003,0.8876917362213135,2680
1076.43,437,46.31052650000001,270,1262,552960,0.1884567141532898,0.2,-0.01190435393655207,-0.02393343672156334,0.47836516983807087,0.03221646208839957,0.03480295,0.183837890625,0.0003,0.9954695105552673,2690
1087.29,437,46.72938836,271,1267,555008,0.18747085332870483,0.2,-0.011646805611962917,-0.021132243797183037,0.5012356735765934,0.07380490771611221,0.048883647,0.277783203125,0.0003,0.9947102069854736,2700
1087.29,437,46.72938836,272,1271,557056,0.1853921115398407,0.2,-0.014479630439018365,-0.026923440396785736,0.5200226001441479,0.10181370536447502,0.051182196,0.294970703125,0.0003,0.9948191046714783,2710
1062.18,438,45.95206478000001,273,1276,559104,0.1853630393743515,0.2,0.014306846439285436,0.009101496078073978,0.5340663202106952,0.013146802238043164,0.022513865,0.26123046875,0.0003,-0.12937426567077637,2720
1062.18,438,45.95206478000001,274,1281,561152,0.18739905953407288,0.2,-0.013074418124597286,0.5244741439819336,0.5197887079790234,0.7370791458990424,0.054887112,0.266748046875,0.0003,0.9742737412452698,2730
1063.95,438,45.93089226,275,1285,563200,0.18436865508556366,0.2,-0.011494337089243346,-0.00010053440928459167,0.5259411975741386,0.04273616927894182,0.047803465,0.243408203125,0.0003,0.9949263334274292,2740
1066.6,437,45.961730259999996,276,1290,565248,0.18268351256847382,0.2,-0.009531947405776009,0.024416640400886536,0.5496995646506548,0.06188241860945709,0.05951915,0.29814453125,0.0003,0.9952009916305542,2750
1090.98,438,45.87400898,277,1294,567296,0.17966923117637634,0.2,-0.017612356961762998,0.001283537596464157,0.5758144179359078,0.12745193925802595,0.051454898,0.310986328125,0.0003,0.9921606183052063,2760
1090.98,438,45.87400898,278,1298,569344,0.1764797866344452,0.2,-0.007636353885754943,-0.022747375071048737,0.6121953379362821,0.008479866464585938,0.025075223,0.213134765625,0.0003,0.9991083741188049,2770
1115.4,438,45.82649018000001,279,1302,571392,0.17393848299980164,0.2,-0.004062523526954465,-0.016473781317472458,0.6428323959931731,0.020911868510302155,0.026048895,0.300927734375,0.0003,0.9855350852012634,2780
1115.4,439,45.794235400000005,280,1305,573440,0.1706884503364563,0.2,-0.0052842484685243106,-0.0157809816300869,0.6800396459177136,0.015861930351820774,0.026334755,0.2091796875,0.0003,0.9982456564903259,2790
1115.4,439,45.794235400000005,281,1309,575488,0.16818103194236755,0.2,-0.001065936878148932,0.024692747741937637,0.7093897240236402,0.02069363949885883,0.033137977,0.264697265625,0.0003,0.995006799697876,2800
1139.71,439,45.700745590000004,282,1313,577536,0.16838796436786652,0.2,0.00396832321639522,0.0006096200668253005,0.7255207750946283,0.0060663413336442314,0.022270609,0.258837890625,0.0003,0.9818154573440552,2810
1165.07,440,45.63842317,283,1316,579584,0.16667285561561584,0.2,-0.014887310228368733,-0.006549608428031206,0.73343948982656,0.025122811007895506,0.042636015,0.2404296875,0.0003,0.9948193430900574,2820
1165.07,440,45.63842317,284,1320,581632,0.1641160249710083,0.2,-0.0034184876931249164,0.009121458977460861,0.7612524727359414,0.01451340543317201,0.020112082,0.194384765625,0.0003,0.9988569021224976,2830
1165.07,440,45.634975299999994,285,1323,583680,0.16560348868370056,0.2,0.009342762919550296,0.010447921231389046,0.7681595530360937,0.015149813373864163,0.019544065,0.23076171875,0.0003,0.9906082153320312,2840
1190.18,441,45.61841942,286,1327,585728,0.16574612259864807,0.2,-0.001962824682414066,0.034569479525089264,0.7563483228906989,0.03729740748967743,0.044015452,0.294482421875,0.0003,0.9965487718582153,2850
1190.18,441,45.61841942,287,1331,587776,0.1626281440258026,0.2,-0.0010618250307743438,0.03260327875614166,0.7751799445599318,0.01432244096940849,0.037139643,0.249365234375,0.0003,0.9990960359573364,2860
1215.9,441,45.704063440000006,288,1334,589824,0.16178280115127563,0.2,0.004838592513260664,-0.0059068454429507256,0.8021856214851141,0.0031458148546334996,0.013629669,0.226171875,0.0003,0.8795329928398132,2870
1241.44,442,45.774798870000005,289,1338,591872,0.15855056047439575,0.2,-0.003083074690948706,0.0009133676066994667,0.8200442655012011,0.14453538861562265,0.040751476,0.31533203125,0.0003,0.9756380319595337,2880
1241.44,442,45.774798870000005,290,1341,593920,0.15620416402816772,0.2,-0.006726889240962919,-0.007971776649355888,0.8600580548867583,0.03551359495759243,0.08733253,0.278857421875,0.0003,0.9960855841636658,2890
1266.83,442,45.739763780000004,291,1345,595968,0.15662671625614166,0.2,0.006815076581551694,-0.00010551087325438857,0.8719469521194696,0.000904458215154591,0.012016736,0.18017578125,0.0003,0.6816563606262207,2900
1291.94,443,45.66635588,292,1349,598016,0.15555976331233978,0.2,-0.009842047657002695,-0.034859102219343185,0.8741652270779013,0.019939064702339238,0.08255236,0.312451171875,0.0003,0.9966555237770081,2910
1317.28,443,45.647059029999994,293,1353,600064,0.1548135131597519,0.2,-0.005449426818813663,0.0020560803823173046,0.8847878515720368,0.024481066509906668,0.0699799,0.27705078125,0.0003,0.9972038269042969,2920
1317.28,443,45.647059029999994,294,1357,602112,0.15264892578125,0.2,0.00981740455608815,0.013629947789013386,0.9088218512013555,0.0011651285960851965,0.028645832,0.229931640625,0.0003,0.9998870491981506,2930
1341.66,443,45.619105649999995,295,1361,604160,0.15149736404418945,0.2,-0.00502281612571096,-0.038078002631664276,0.9273110507056117,0.028658920421730728,0.08790772,0.293603515625,0.0003,0.9974409341812134,2940
1366.55,443,45.587427829999996,296,1365,606208,0.1493721604347229,0.2,-0.010455825236567762,0.030799351632595062,0.9497877711430192,0.020722502096759854,0.051141802,0.2798828125,0.0003,0.9979550838470459,2950
1366.55,444,45.587427829999996,297,1369,608256,0.14916925132274628,0.2,-0.014690455823438243,-0.021552838385105133,0.9628829704597592,0.003936973542477062,0.07602325,0.2326171875,0.0003,0.9996039271354675,2960
1389.83,444,45.50871059999999,298,1372,610304,0.149136483669281,0.2,0.0032038366087363103,0.055639252066612244,0.9666015746071934,0.042014754329284185,0.041202836,0.24833984375,0.0003,0.9941967725753784,2970
1415.31,444,45.50639716,299,1376,612352,0.14760825037956238,0.2,-0.008976721308135894,0.012233015149831772,0.975769923813641,0.07119067462335807,0.04216739,0.2423828125,0.0003,0.9846097230911255,2980
1415.31,445,45.50639716,300,1380,614400,0.14474785327911377,0.2,-0.0014261173229897395,-0.0325191356241703,1.004506953060627,0.014008197105431464,0.04368286,0.2947265625,0.0003,0.9980366230010986,2990
1440.55,445,45.49671687999999,301,1383,616448,0.1454271823167801,0.2,0.0031818868868867868,-0.0155972670763731,1.0207711406052113,0.019871275828336366,0.027122062,0.22880859375,0.0003,0.9934157729148865,3000
1466.5,445,45.53432956,302,1387,618496,0.14409735798835754,0.2,-0.006700682198061259,-0.005303075537085533,1.0273109316825866,0.0221383439420606,0.030880649,0.294580078125,0.0003,0.9980189204216003,3010
1466.5,446,45.53432956,303,1391,620544,0.1410093903541565,0.2,-0.007581366243539378,0.024991609156131744,1.0553448159247636,0.011628609987019445,0.46403843,0.254443359375,0.0003,0.99897700548172,3020
1492.85,446,45.63857466999998,304,1394,622592,0.14133748412132263,0.2,0.006503039079689188,0.05904921516776085,1.0773767065256834,0.0059141383455425965,0.013055072,0.258203125,0.0003,0.9958303570747375,3030
1492.85,446,45.67064599,305,1398,624640,0.14079682528972626,0.2,0.000488476846658159,0.013136006891727448,1.0796521805226802,0.020741252448351587,0.047341727,0.29189453125,0.0003,0.9984614253044128,3040
1492.85,446,45.67064599,306,1402,626688,0.14317327737808228,0.2,0.02116331135330256,0.014311515726149082,1.0654764086008073,0.005703152071691875,0.016901264,0.201025390625,0.0003,0.9995704293251038,3050
1517.58,447,45.64437069999999,307,1405,628736,0.14313866198062897,0.2,0.004626367156743072,-0.014378142543137074,1.0517077561467887,0.01404778541837004,0.03233122,0.229150390625,0.0003,0.9988793730735779,3060
1521.17,447,45.07340813,308,1409,630784,0.14285019040107727,0.2,0.007222975471813697,-0.0031878750305622816,1.0552889194339514,0.006559523037140025,0.024940925,0.213134765625,0.0003,0.9995092153549194,3070
1521.17,447,45.07340813,309,1412,632832,0.14281237125396729,0.2,0.008618929109798047,-0.028303831815719604,1.0530445516109466,0.008295799531879311,0.028877841,0.28701171875,0.0003,0.8662489056587219,3080
1544.57,448,44.94692059,310,1416,634880,0.14222931861877441,0.2,0.0007086885612807237,0.0085839182138443,1.0577399116009474,0.061402680608443914,0.03531556,0.267822265625,0.0003,0.9950843453407288,3090
1570.26,448,44.60772033,311,1420,636928,0.14138412475585938,0.2,0.007252624955435749,0.00871950387954712,1.0662483919411898,0.011574583051697118,0.017339464,0.21533203125,0.0003,0.9994040727615356,3100
1559.43,448,44.38727823999999,312,1424,638976,0.13961082696914673,0.2,0.013133693217241671,-0.014866846613585949,1.0904516667127608,0.01105096914434398,0.02015799,0.296728515625,0.0003,0.819104790687561,3110
1559.43,448,44.38727823999999,313,1427,641024,0.14149342477321625,0.2,0.0027269149613857735,0.06858395040035248,1.0881887961179018,0.6890031434013508,0.031604238,0.24150390625,0.0003,0.8502804040908813,3120
1585.9,449,44.626779759999984,314,1431,643072,0.13963186740875244,0.2,0.005663718676441931,0.09408098459243774,1.0826304644346236,0.09187644339690451,0.03232675,0.287939453125,0.0003,0.9713303446769714,3130
1586.56,449,44.574106119999996,315,1434,645120,0.13970349729061127,0.2,-0.0020476429417612962,-0.025897938758134842,1.0975631922483444,0.06606924756488297,0.049810123,0.28544921875,0.0003,0.994711697101593,3140
1589.3,449,44.1476602,316,1438,647168,0.13993284106254578,0.2,0.002724472823319957,0.014129400253295898,1.0944670397788285,0.0989404816267779,0.036688566,0.29697265625,0.0003,0.9919471740722656,3150
1585.29,450,43.20144617,317,1441,649216,0.13972745835781097,0.2,-0.00633057046943577,0.11443954706192017,1.0977042779326438,0.28712466938886794,0.03659721,0.3109375,0.0003,0.9771384000778198,3160
1585.29,450,43.20144617,318,1445,651264,0.13936281204223633,0.2,-0.01712210714467801,0.26123273372650146,1.0982482273131609,3.9882986430078744,0.06384122,0.326025390625,0.0003,0.9129562973976135,3170
1608.9,451,42.948615440000005,319,1448,653312,0.14075109362602234,0.2,0.012537440670712385,0.020432285964488983,1.0920495204627514,0.07459911554178689,0.013580879,0.240478515625,0.0003,0.9785858392715454,3180
1633.68,451,42.93736314000001,320,1452,655360,0.13931560516357422,0.2,-0.02052980922162533,0.05088784545660019,1.0908340398222207,0.4466764425043948,0.22713926,0.28447265625,0.0003,0.9741299748420715,3190
1633.68,451,42.93736314000001,321,1455,657408,0.13967369496822357,0.2,0.011157249214011244,-0.030507415533065796,1.1033375736325979,0.002590472442807368,0.032829665,0.26396484375,0.0003,0.9996618032455444,3200
1659.38,452,42.66333186000001,322,1458,659456,0.13827013969421387,0.2,-0.007611477636964991,-0.0337308794260025,1.1072229452431201,0.09635503023746424,0.10031895,0.279541015625,0.0003,0.9758676290512085,3210
1657.91,452,41.87218797,323,1461,661504,0.13909132778644562,0.2,-0.015380716825893615,0.003851931542158127,1.108295138180256,0.22410859558731316,0.08658421,0.287939453125,0.0003,0.9889835119247437,3220
1639.04,452,41.32093639,324,1465,663552,0.14079105854034424,0.2,-0.01509711228281958,0.0765615701675415,1.094125585258007,0.4794372995151207,0.057825938,0.319921875,0.0003,0.9799041152000427,3230
1602.45,453,40.111571479999995,325,1468,665600,0.14095868170261383,0.2,-0.008673247566912323,0.034588299691677094,1.0815538804978133,0.17895824665902182,0.05606311,0.31474609375,0.0003,0.9942173957824707,3240
1572.6,453,38.856074889999995,326,1471,667648,0.1395043432712555,0.2,-0.013501588614599314,0.04574896767735481,1.0904921151697635,0.672721789847128,0.07962272,0.315966796875,0.0003,0.9610741138458252,3250
1567.95,454,38.40567316,327,1474,669696,0.14018961787223816,0.2,-0.01585060103388969,0.3877517282962799,1.0950979847460984,1.0776979871559889,0.058345713,0.250244140625,0.0003,0.9846811890602112,3260
1586.15,454,38.0003838,328,1477,671744,0.1414128839969635,0.2,-0.010154421017796266,0.04934025555849075,1.0780382197350264,0.30944630755111574,0.068502955,0.28291015625,0.0003,0.9849873185157776,3270
1586.15,454,38.0003838,329,1481,673792,0.1428600251674652,0.2,-0.00803101007186342,0.07357636839151382,1.0586044542491435,0.2296863663068507,0.06303389,0.245166015625,0.0003,0.9785327911376953,3280
1601.16,455,37.25811291,330,1484,675840,0.14213332533836365,0.2,0.010438439465360716,0.08222151547670364,1.0599914517253637,0.048588686771108766,0.030257672,0.256396484375,0.0003,0.9451590180397034,3290
1601.16,455,37.25811291,331,1487,677888,0.14079028367996216,0.2,-0.013124804708786542,-0.007570404559373856,1.0618093512952327,0.15836965874768794,0.35456973,0.295947265625,0.0003,0.9825024604797363,3300
1620.29,456,36.95162877,332,1490,679936,0.14185179769992828,0.2,0.012001037021400407,-0.012860913760960102,1.0740635588765144,0.02403347729705274,0.022171091,0.274853515625,0.0003,0.8826830387115479,3310
1620.29,456,36.96888211,333,1493,681984,0.14129549264907837,0.2,-0.0054290562402457,0.009633313864469528,1.0693184092640877,0.22152607171447017,0.08562079,0.255322265625,0.0003,0.9835042357444763,3320
1620.29,456,36.96888211,334,1496,684032,0.14208638668060303,0.2,0.013125541663612239,0.010278359986841679,1.0684007994830609,0.006771094104260555,0.03315596,0.180322265625,0.0003,0.9995281100273132,3330
1625.39,457,36.55730677,335,1500,686080,0.14029809832572937,0.2,-0.00011808673734776675,0.03401424363255501,1.0798259422183036,0.04143741775478702,0.032854892,0.25458984375,0.0003,0.9931986927986145,3340
1649.24,457,36.54165678,336,1503,688128,0.13778507709503174,0.2,-0.005521305035654222,-0.05510089173913002,1.1082221616059542,0.09325758053164464,0.043475553,0.258251953125,0.0003,0.9892956614494324,3350
1649.24,458,36.54165678,337,1506,690176,0.138593852519989,0.2,0.0037280902120983227,-0.018448779359459877,1.1205464873462916,0.003722834065229108,0.028841365,0.188720703125,0.0003,0.9994044303894043,3360
1635.42,458,36.06375638,338,1509,692224,0.13808974623680115,0.2,0.0024630675703519954,0.0048604682087898254,1.1183992188423872,0.0348776646744227,0.029283192,0.22822265625,0.0003,0.9506593942642212,3370
1632.72,458,35.623241549999996,339,1513,694272,0.1399918496608734,0.2,-0.008430233866965864,-0.025887463241815567,1.1059762645512818,0.11642299789527896,0.057234164,0.2685546875,0.0003,0.9895435571670532,3380
1648.65,459,35.690554750000004,340,1516,696320,0.14125394821166992,0.2,-0.0025514619512250645,0.07122975587844849,1.0840914960950614,0.318649828620255,0.038592618,0.25244140625,0.0003,0.9867070317268372,3390
1671.47,459,35.61322793,341,1519,698368,0.13966277241706848,0.2,0.0006908107796334661,-0.016536973416805267,1.088083553314209,0.07065620858193142,0.056037627,0.29326171875,0.0003,0.992181658744812,3400
1680.55,459,35.30377115,342,1524,700416,0.13884983956813812,0.2,0.005722596135456115,-0.00028320401906967163,1.1082577500492334,0.024770828842156332,0.025084553,0.213037109375,0.0003,0.9939061403274536,3410
1680.55,458,35.30377115,343,1530,702464,0.1376855969429016,0.2,-0.004122500782250427,-0.013396174646914005,1.121156521886587,0.05438083871995332,0.059868142,0.256689453125,0.0003,0.9933673739433289,3420
1705.23,458,35.31663442000001,344,1536,704512,0.13749659061431885,0.2,-0.0009941784359398299,0.034948430955410004,1.1288973703980445,0.03709072870697128,0.047884434,0.26865234375,0.0003,0.9886322021484375,3430
1729.04,458,35.3101673,345,1541,706560,0.13705186545848846,0.2,0.0013261231462820434,-0.0017923787236213684,1.1311443798243999,0.028415622116881423,0.039961588,0.26328125,0.0003,0.9924505949020386,3440
1729.04,457,35.3101673,346,1547,708608,0.13340121507644653,0.2,-0.010787011505453848,-0.009304272010922432,1.1618415724486113,0.014472697329620133,0.07486875,0.258984375,0.0003,0.9989603161811829,3450
1753.0,457,35.32118915,347,1552,710656,0.13178732991218567,0.2,0.004856477529392578,-0.025701601058244705,1.2036547500640153,0.00914746636281052,0.016656902,0.2333984375,0.0003,0.4086952805519104,3460
1744.18,457,35.08003076000001,348,1557,712704,0.12978586554527283,0.2,-0.006356791414145846,-0.016748815774917603,1.231343385204673,0.03437128501755069,0.0660063,0.259228515625,0.0003,0.9836020469665527,3470
1716.16,457,34.76898682,349,1562,714752,0.1281229555606842,0.2,-0.014011118267808343,0.024467041715979576,1.2515017468482257,0.24405535513069482,0.09490698,0.3201171875,0.0003,0.9570339918136597,3480
1738.07,457,34.69673365,350,1567,716800,0.12684617936611176,0.2,-0.0012184430263005197,0.12443597614765167,1.2808680023998023,0.07335584136162651,0.0771679,0.270703125,0.0003,0.9687056541442871,3490
1758.77,457,34.844315120000005,351,1571,718848,0.12837019562721252,0.2,-0.004576870583696291,-0.03399091586470604,1.279034410044551,0.06316470613528509,0.05885996,0.27412109375,0.0003,0.9652552008628845,3500
1680.08,457,35.431679949999996,352,1576,720896,0.12774410843849182,0.2,0.0001423876077751629,-0.040344178676605225,1.2652676049619913,0.0016653539529102091,0.052200772,0.1919921875,0.0003,0.9995577335357666,3510
1638.66,457,34.88332166,353,1581,722944,0.12629222869873047,0.2,-0.020032561471452937,0.16787821054458618,1.2872507732361556,0.652266547176987,0.19497001,0.384619140625,0.0003,0.9542761445045471,3520
1662.19,456,34.95433765999999,354,1586,724992,0.12724944949150085,0.2,-0.018508084438508376,0.14617963135242462,1.292606984823942,0.7853103976231068,0.09118265,0.260986328125,0.0003,0.9490444660186768,3530
1662.35,456,35.05494848,355,1591,727040,0.12678077816963196,0.2,-0.007345734060072573,-0.013486562296748161,1.2865571480244398,0.17452383308846037,0.06982359,0.305078125,0.0003,0.970443069934845,3540
1662.35,456,35.04757912,356,1595,729088,0.12453620880842209,0.2,-0.013830814918037504,0.01588897407054901,1.3083754390478135,0.17399281901307403,0.073081486,0.277734375,0.0003,0.9639149308204651,3550
1662.35,456,35.04757912,357,1600,731136,0.12150510400533676,0.2,-0.005991904324037023,0.0019527524709701538,1.3530227240175008,0.05076255399326328,0.031045524,0.2525390625,0.0003,0.9797702431678772,3560
1683.38,456,34.95845456,358,1605,733184,0.12290133535861969,0.2,0.007727115343732294,0.011561018414795399,1.3631123054772616,0.0006770049857777849,0.014886629,0.20322265625,0.0003,0.5600740313529968,3570
1702.84,456,35.216977580000005,359,1610,735232,0.12263400852680206,0.2,-0.01028760122935637,0.01446160115301609,1.3563583005219697,0.1063088309543673,0.06376527,0.3015625,0.0003,0.9799444079399109,3580
1702.84,456,35.216977580000005,360,1615,737280,0.12210310995578766,0.2,-0.0023692913324339314,0.026812788099050522,1.3591687183827161,0.14663658334175125,0.10108876,0.301611328125,0.0003,0.9588783383369446,3590
1624.23,456,35.05824261,361,1620,739328,0.12140797078609467,0.2,0.007057892914599506,-0.0033280833158642054,1.3761402405798435,0.0005484214974103452,0.016997237,0.18583984375,0.0003,-0.6906135082244873,3600
1624.23,455,35.05824261,362,1625,741376,0.12027791142463684,0.2,-0.012037083786708536,0.1274769902229309,1.3855367496609687,0.48262827708385886,0.11792113,0.373974609375,0.0003,0.9403040409088135,3610
1522.01,455,34.713061290000006,363,1630,743424,0.12016917020082474,0.2,0.007321711066470016,0.021355893462896347,1.3997552931308745,0.0003262351677676634,0.022171393,0.173291015625,0.0003,0.2956330180168152,3620
1468.66,456,34.38280244,364,1634,745472,0.11988052725791931,0.2,-0.021867445357202087,0.6573929190635681,1.4019920270889998,1.700963633786887,0.10648624,0.376806640625,0.0003,0.9298074245452881,3630
1440.8,456,34.136123829999995,365,1638,747520,0.11821874976158142,0.2,0.000508112991519738,0.01435417402535677,1.4203541912138462,0.13530694177025,0.059182044,0.33935546875,0.0003,0.978583574295044,3640
1337.8,456,33.849816919999995,366,1642,749568,0.11833646893501282,0.2,-0.017479482975613792,-0.01821625605225563,1.4297135598957538,0.258482977404492,0.09890793,0.339111328125,0.0003,0.9693145751953125,3650
1214.17,456,34.14209396,367,1646,751616,0.1171770840883255,0.2,-0.025776188244344668,0.11257746815681458,1.4374730605632067,0.6669784244149923,0.18965122,0.3740234375,0.0003,0.9658839106559753,3660
1214.17,456,34.14209396,368,1651,753664,0.11667177826166153,0.2,-0.010156794349313714,0.028484299778938293,1.452736098319292,0.4931842197896913,0.102988884,0.391845703125,0.0003,0.9584568738937378,3670
1214.17,456,34.137719909999994,369,1655,755712,0.11419963836669922,0.2,-0.0015659049997339026,0.016870126128196716,1.4812719728797674,0.031828449088789054,0.048538137,0.25234375,0.0003,0.9800868034362793,3680
1184.94,456,34.769840959999996,370,1659,757760,0.1134234368801117,0.2,-0.0014399431354831904,0.013760212808847427,1.5067379347980023,0.05630143132293597,0.040922534,0.283740234375,0.0003,0.9899004101753235,3690
1142.99,456,34.898655479999995,371,1663,759808,0.11397454142570496,0.2,-0.006743952490796801,0.06381452083587646,1.5076634053140878,0.2430624294327572,0.14011309,0.334912109375,0.0003,0.9824938774108887,3700
1153.41,456,35.139257619999995,372,1667,761856,0.11389927566051483,0.2,-0.010858471866959008,0.04191625863313675,1.5063134126365185,0.345999634754844,0.11306941,0.377294921875,0.0003,0.9825387001037598,3710
1176.18,456,35.345007259999996,373,1672,763904,0.11359082162380219,0.2,-0.010220866251620464,-0.015325961634516716,1.5115548990666867,0.0628653985040728,0.07758598,0.315478515625,0.0003,0.9919891953468323,3720
1177.62,456,36.08267069000001,374,1676,765952,0.11124381422996521,0.2,-0.014108094875700772,-0.024122532457113266,1.5330738287419081,0.06821776931465137,0.10867277,0.26240234375,0.0003,0.9897574782371521,3730
1177.62,457,36.08267069000001,375,1680,768000,0.11160604655742645,0.2,-0.021095249033533037,0.0562136210501194,1.5515029951930046,0.45008539510890844,0.11672896,0.39755859375,0.0003,0.9699805378913879,3740
1203.45,457,36.214797110000006,376,1684,770048,0.11124834418296814,0.2,0.006255406789568952,0.04581250995397568,1.5518290232867002,0.006757242177263834,0.025073849,0.272119140625,0.0003,0.9791648983955383,3750
1227.15,457,36.89556522,377,1689,772096,0.11050315201282501,0.2,-0.0004777050664415583,0.010787920095026493,1.5612361207604408,0.026991500974691007,0.036492806,0.273095703125,0.0003,0.9960470795631409,3760
1148.75,457,36.99720019,378,1693,774144,0.1101277768611908,0.2,-0.00608592425705865,0.00795735977590084,1.5690692838281393,0.1484619972354267,0.13736719,0.368212890625,0.0003,0.9892860651016235,3770
1148.76,457,37.52119447,379,1697,776192,0.10881797969341278,0.2,-0.017550258712435606,1.0401501655578613,1.586693987250328,1.4780864947475494,0.091715924,0.375732421875,0.0003,0.9553243517875671,3780
1138.41,457,38.01622137000001,380,1701,778240,0.10857675969600677,0.2,-0.00547538595928927,0.1985800862312317,1.6033507324755192,1.2140208046883345,0.06897122,0.348291015625,0.0003,0.9377783536911011,3790
1141.22,457,38.425532370000006,381,1705,780288,0.10886256396770477,0.2,-0.014954150440462399,0.47602972388267517,1.6025940116494894,1.0201800741720946,0.09137945,0.41455078125,0.0003,0.9764823913574219,3800
1138.95,457,39.11277457,382,1709,782336,0.10948964953422546,0.2,-0.010053954423347023,0.20014843344688416,1.5912268705666066,0.5252938801189885,0.08619623,0.3654296875,0.0003,0.9853920340538025,3810
1162.09,457,39.47042027,383,1713,784384,0.11013137549161911,0.2,-0.01829485561029287,0.09562073647975922,1.5825032483786345,0.37742912033572795,0.10270813,0.380126953125,0.0003,0.9863961935043335,3820
1162.09,457,39.47042027,384,1717,786432,0.11072592437267303,0.2,0.011103791771893157,-0.0011200830340385437,1.5714028332382441,0.04508067574352026,0.060000993,0.297705078125,0.0003,0.9661060571670532,3830
1130.18,457,39.96232956,385,1721,788480,0.11119159311056137,0.2,-0.003995659583597444,0.022451620548963547,1.5651901248842477,0.11596612554276362,0.07340031,0.328857421875,0.0003,0.9919931292533875,3840
1081.31,458,40.07708399,386,1725,790528,0.11220017075538635,0.2,0.006672620106837712,0.02741771563887596,1.5549302347004414,0.3929267130792141,0.09679021,0.41171875,0.0003,0.9576359391212463,3850
1043.28,458,40.58651417000001,387,1729,792576,0.10995567589998245,0.2,-0.02044472630659584,0.03998330235481262,1.5595430329442024,0.22723062285222112,0.091652535,0.405810546875,0.0003,0.9909617304801941,3860
1014.34,458,40.650529729999995,388,1733,794624,0.11023212969303131,0.2,-0.015159253409365192,0.045028701424598694,1.5766951255500317,0.34867078268434853,0.092259526,0.352734375,0.0003,0.9848559498786926,3870
1026.67,458,41.12830695999999,389,1736,796672,0.10918013006448746,0.2,-0.012312327951804036,-0.01879357360303402,1.5892936162650586,0.20674113250570372,0.08346373,0.310546875,0.0003,0.9908105134963989,3880
980.32,458,41.35174941000001,390,1740,798720,0.1072317585349083,0.2,-0.02250353415729478,-0.03388994559645653,1.6187510896474122,0.1564575308933854,0.12680164,0.369384765625,0.0003,0.9921283721923828,3890
980.32,459,41.350396679999996,391,1744,800768,0.10576266050338745,0.2,-0.015731435570342,-0.01245550811290741,1.65080026127398,0.17378420940949582,0.09655583,0.35576171875,0.0003,0.9922975897789001,3900
902.43,459,41.02809789,392,1748,802816,0.10422295331954956,0.2,0.007464845536742359,0.05601092427968979,1.685816990956664,0.0015012181794190837,0.015698634,0.25478515625,0.0003,0.9996578097343445,3910
856.11,459,41.2302122,393,1752,804864,0.10408304631710052,0.2,-0.008107226069841999,0.0873471051454544,1.6958579618483782,0.4939483910566196,0.12661427,0.404345703125,0.0003,0.9665083885192871,3920
860.95,459,41.1317764,394,1755,806912,0.10266029834747314,0.2,-0.02785578258917667,0.039222728461027145,1.7117921143770218,0.47688018654007464,0.11823751,0.369482421875,0.0003,0.9767748117446899,3930
875.91,459,41.92715681,395,1760,808960,0.10302332043647766,0.2,-0.012337791506433859,0.1417357474565506,1.7222092851996422,0.553760661650449,0.17738234,0.377490234375,0.0003,0.9737176895141602,3940
857.38,459,42.180176319999994,396,1764,811008,0.1023833155632019,0.2,-0.004667587374569848,0.03008623793721199,1.728161672130227,0.2227196254534647,0.081375554,0.364892578125,0.0003,0.9896082282066345,3950
814.68,459,42.76548215999999,397,1767,813056,0.10152779519557953,0.2,-0.0016059265835792758,0.016929898411035538,1.7368316281586886,0.1805135428206995,0.1238486,0.397021484375,0.0003,0.9859942197799683,3960
776.29,460,42.547212819999984,398,1771,815104,0.10036212205886841,0.2,-0.023048953284160234,0.03787861764431,1.756900865957141,0.5408123257802799,0.18950693,0.404248046875,0.0003,0.9752881526947021,3970
756.53,460,42.87106715,399,1775,817152,0.10070526599884033,0.2,-0.017175451110233553,-0.017562873661518097,1.7659798838198184,0.2575995648512617,0.110536985,0.388134765625,0.0003,0.9855366349220276,3980
757.2,460,43.40988426,400,1779,819200,0.1013440415263176,0.2,-0.009443724395532626,-0.009332280606031418,1.7555223673582077,0.2771458318340592,0.19351007,0.411083984375,0.0003,0.9855977296829224,3990
738.74,460,43.75171437,401,1784,821248,0.09956753253936768,0.2,-0.020763899305893573,0.005769025534391403,1.7665807649493217,0.3327804456697777,0.12381814,0.390380859375,0.0003,0.9875597357749939,4000
742.14,460,43.710927610000006,402,1788,823296,0.09892156720161438,0.2,-0.010414011823013426,0.07175549119710922,1.7901267476379872,0.18674593736650422,0.13510638,0.39560546875,0.0003,0.989676833152771,4010
747.66,460,44.00702446000001,403,1792,825344,0.09785327315330505,0.2,-0.011994402002892457,0.028456958010792732,1.815084195882082,0.17539022949058564,0.13850218,0.389111328125,0.0003,0.9910144209861755,4020
754.85,460,44.21826806,404,1796,827392,0.09642294049263,0.2,-0.020171361016400623,0.06170174479484558,1.838184990361333,0.25472424931358545,0.2300291,0.42158203125,0.0003,0.9927188754081726,4030
721.18,460,44.213209230000004,405,1800,829440,0.09564048051834106,0.2,-0.01647954833024414,0.006742570549249649,1.859529449418187,0.2733891841839068,0.21899685,0.3861328125,0.0003,0.9821629524230957,4040
736.27,460,44.14717765,406,1804,831488,0.09501230716705322,0.2,-0.0054928064564592205,0.06548253446817398,1.8750404324382544,0.32472583249909803,0.15177351,0.42578125,0.0003,0.9835823178291321,4050
727.66,460,44.25961928999999,407,1808,833536,0.09515975415706635,0.2,0.010788138682983117,-0.0021059392020106316,1.881056923046708,0.005397878828080138,0.019277863,0.207861328125,0.0003,0.9996600151062012,4060
700.76,460,44.20520088999999,408,1812,835584,0.09436756372451782,0.2,-0.019679789766087197,0.006861928850412369,1.8845654379576444,0.2070341343176551,0.20130253,0.446923828125,0.0003,0.9928213357925415,4070
660.06,460,44.279839210000006,409,1817,837632,0.09427492320537567,0.2,-0.003933300139033235,0.07164397835731506,1.8977303504943848,0.3283967681694776,0.15108453,0.4302734375,0.0003,0.9830302596092224,4080
660.06,461,44.279839210000006,410,1821,839680,0.0930415689945221,0.2,-0.0043084116856334734,0.009312428534030914,1.9140471834689379,0.2306397445499897,0.10052941,0.3810546875,0.0003,0.9865621328353882,4090
686.89,461,44.02479249000002,411,1825,841728,0.09305205941200256,0.2,0.025226853805361316,0.007053983397781849,1.930329742282629,0.011557163941324689,0.019666053,0.34130859375,0.0003,0.7035059928894043,4100
695.54,461,44.46538694000001,412,1829,843776,0.09234176576137543,0.2,-0.0005594435671810061,0.013634461909532547,1.9384586688131094,0.1666615467518568,0.08137165,0.392578125,0.0003,0.9867815971374512,4110
696.51,461,44.59072257,413,1832,845824,0.09281004965305328,0.2,-0.0029279083319124766,-0.01758594438433647,1.9389366120100022,0.1961807176936418,0.16757917,0.4263671875,0.0003,0.9898567199707031,4120
706.18,461,45.290429589999995,414,1836,847872,0.09350244700908661,0.2,-0.012740696188848233,0.040191832929849625,1.9237917743623256,0.3673469034372829,0.13821198,0.434521484375,0.0003,0.9785730242729187,4130
709.88,461,45.62498943000001,415,1841,849920,0.09387320280075073,0.2,-0.010636685317149387,0.06178079545497894,1.9164171487092971,0.141920680005569,0.10811977,0.377490234375,0.0003,0.9894787073135376,4140
706.95,461,45.48071783999999,416,1845,851968,0.09404389560222626,0.2,-0.012881715843104758,-0.014090478420257568,1.9079433493316174,0.24099885892355816,0.22965583,0.380810546875,0.0003,0.9865007996559143,4150
670.22,461,45.35386518,417,1849,854016,0.0955464318394661,0.2,-0.006168568064458669,-0.00756547786295414,1.8900976568460464,0.2408583475742489,0.12633024,0.394189453125,0.0003,0.991100549697876,4160
672.71,461,45.416613240000004,418,1853,856064,0.0968717634677887,0.2,-0.01297910479042912,0.026071906089782715,1.860444087907672,0.28262750644935297,0.13226852,0.406396484375,0.0003,0.9904502034187317,4170
672.71,462,45.416613240000004,419,1857,858112,0.0975331962108612,0.2,-0.01550604615622433,0.066070556640625,1.8432054612785578,0.253471220494248,0.12509802,0.405859375,0.0003,0.9864092469215393,4180
690.03,462,45.1271796,420,1861,860160,0.09693031013011932,0.2,0.012808083029813132,0.007317130453884602,1.8458148818463087,0.040100145153701305,0.048734188,0.3408203125,0.0003,0.8548519015312195,4190
691.23,462,45.37457354000001,421,1865,862208,0.09589405357837677,0.2,-0.002222509201965295,0.05898008868098259,1.8624321818351746,0.10399170098535251,0.09477791,0.370654296875,0.0003,0.9889630079269409,4200
684.19,462,45.49088319,422,1869,864256,0.0961504876613617,0.2,-0.014553712465567515,0.028578180819749832,1.8704030700027943,0.22298968540271744,0.13398272,0.39736328125,0.0003,0.9882296919822693,4210
684.19,462,45.49088319,423,1873,866304,0.09450507164001465,0.2,-0.009281536932394373,0.08048735558986664,1.8882721994072198,0.20467859259806573,0.2155034,0.409130859375,0.0003,0.9892833828926086,4220
706.67,462,45.569372969999996,424,1877,868352,0.0939466804265976,0.2,0.009073120298853609,0.017783520743250847,1.9131705086678266,0.01855270774976816,0.020475551,0.2919921875,0.0003,0.9791514277458191,4230
690.31,462,45.92901558,425,1881,870400,0.09430074691772461,0.2,-0.00501939071182278,0.02164025604724884,1.9131603114306928,0.044587829516967756,0.10650934,0.344970703125,0.0003,0.9961118698120117,4240
686.95,462,46.08907683,426,1885,872448,0.09335604310035706,0.2,-0.00941182413662318,0.010976411402225494,1.9169142186641692,0.20555665608262644,0.34941405,0.419580078125,0.0003,0.9804213643074036,4250
693.66,462,46.615738330000006,427,1889,874496,0.09307321906089783,0.2,-0.005749570508487523,-0.008478943258523941,1.9320065520703793,0.2976936631137505,0.14451802,0.42763671875,0.0003,0.9806277751922607,4260
692.51,462,47.026552200000005,428,1893,876544,0.09169849753379822,0.2,-0.007191444048658013,0.01823919266462326,1.949691727012396,0.1728638607542962,0.17080717,0.4576171875,0.0003,0.9898537993431091,4270
669.52,463,45.73056796000001,429,1897,878592,0.09134099632501602,0.2,-0.01779257973685162,0.019531171768903732,1.9632586650550365,0.26921604134840893,0.11724243,0.430615234375,0.0003,0.98758465051651,4280
673.85,463,45.71129632,430,1901,880640,0.09038569033145905,0.2,-0.004658098240179242,0.0023058131337165833,1.975827630981803,0.44758769499603657,0.10303665,0.43212890625,0.0003,0.9630087018013,4290
673.85,463,45.71129632,431,1905,882688,0.0901576578617096,0.2,-0.00420149763522204,0.012233344838023186,1.9914185144007206,0.18166818871395662,0.079401836,0.38505859375,0.0003,0.9815183281898499,4300
691.35,463,45.46902403000001,432,1909,884736,0.09041246771812439,0.2,0.009667742772580822,-0.0009346926817670465,1.9870351754128932,0.004681295770205906,0.013076816,0.229443359375,0.0003,0.5410497784614563,4310
695.92,463,45.56683105000002,433,1913,886784,0.08956262469291687,0.2,-0.003496843212633394,-0.02351929433643818,1.995699332654476,0.14699575174599885,0.15764433,0.378955078125,0.0003,0.989501953125,4320
697.93,463,45.24387729000001,434,1917,888832,0.08969688415527344,0.2,-0.0026380215684184806,0.03365674614906311,2.0007004152983425,0.2992577452561818,0.11911156,0.439453125,0.0003,0.9743691086769104,4330
703.14,463,45.50547833,435,1920,890880,0.09053374826908112,0.2,0.004697203145769891,0.04590906575322151,1.9909341488033534,0.32491092463023963,0.086796716,0.404296875,0.0003,0.965840220451355,4340
703.14,464,45.50547833,436,1923,892928,0.0904487669467926,0.2,-0.0016647557553369553,0.02285146713256836,1.9796276148408651,0.19378976286388933,0.074864194,0.403515625,0.0003,0.9778839945793152,4350
721.36,464,45.51566692,437,1926,894976,0.09000120311975479,0.2,0.013989392672374378,-0.013950280845165253,1.98870039395988,0.004077651397165027,0.020442821,0.292626953125,0.0003,0.9417368769645691,4360
714.25,464,45.44932068999999,438,1929,897024,0.08903259038925171,0.2,-0.0073105087700241714,0.052509188652038574,2.002064494788647,0.41754869878059253,0.157285,0.44375,0.0003,0.9777929186820984,4370
705.52,465,45.16029323,439,1933,899072,0.08827793598175049,0.2,-0.0071401566136046314,0.08228017389774323,2.0203537836670877,0.3153988141217269,0.15862712,0.4572265625,0.0003,0.9850430488586426,4380
684.65,465,45.24142464,440,1936,901120,0.0891924500465393,0.2,-0.0010182521771639585,0.049083203077316284,2.0203586548566816,0.26691681435331704,0.09401284,0.412255859375,0.0003,0.9878612756729126,4390
683.01,465,44.857645539999986,441,1940,903168,0.08872120827436447,0.2,-0.0006786553785786964,0.08081389218568802,2.018686033785343,0.20872077050153165,0.11514664,0.412158203125,0.0003,0.9881529211997986,4400
688.4,465,45.23996012999998,442,1943,905216,0.08863801509141922,0.2,-0.008128357565146871,0.11712387204170227,2.0265228673815727,0.3485957000870258,0.12735324,0.4244140625,0.0003,0.9783770442008972,4410
656.76,466,45.16890326,443,1946,907264,0.08891340345144272,0.2,0.0026314000162528826,0.11247725784778595,2.0269409023225307,0.1291943680611439,0.14298451,0.4482421875,0.0003,0.988456666469574,4420
661.28,466,45.387725899999985,444,1950,909312,0.08894938230514526,0.2,-0.003584595216671005,-0.006362054497003555,2.0197323247790337,0.23336211757268757,0.113629185,0.418359375,0.0003,0.9904502034187317,4430
678.77,466,45.0407775,445,1953,911360,0.08863170444965363,0.2,0.0027430571470176803,-0.01565612107515335,2.023312235623598,0.07794305816059932,0.068339854,0.394921875,0.0003,0.9901135563850403,4440
678.77,466,45.0407775,446,1956,913408,0.0861918181180954,0.2,-0.007670537460944616,0.05539275333285332,2.0469747453927996,0.040164556726813315,0.15523854,0.3427734375,0.0003,0.993575930595398,4450
702.47,467,45.13765593,447,1959,915456,0.08590419590473175,0.2,0.013223038139403797,-0.041369806975126266,2.0854695200920106,0.031629023164714457,0.076443285,0.382275390625,0.0003,0.9778563976287842,4460
702.62,467,45.15079274000001,448,1962,917504,0.08557954430580139,0.2,0.010023398745397571,0.007225587964057922,2.090322580188513,0.14173512684646994,0.1338371,0.39296875,0.0003,0.9903047680854797,4470
692.38,467,44.52947718999999,449,1965,919552,0.08522597700357437,0.2,-0.013231288640963613,-0.0011210814118385315,2.097202917933464,0.28174020355800167,0.15541528,0.4359375,0.0003,0.989816427230835,4480
697.99,468,44.68865438999999,450,1969,921600,0.08524011820554733,0.2,-0.008821459258615504,0.21316096186637878,2.100102037191391,0.7360118483193219,0.13734049,0.413623046875,0.0003,0.972001850605011,4490
700.59,468,44.53661397,451,1972,923648,0.0845109149813652,0.2,0.000784554493293399,0.01051841676235199,2.1078200630843638,0.2260794272297062,0.1828618,0.446728515625,0.0003,0.9861842393875122,4500
700.59,468,44.53661397,452,1975,925696,0.08341531455516815,0.2,-0.016194607480429113,0.06484059989452362,2.1291474722325803,0.46196874789893627,0.15343016,0.435546875,0.0003,0.9871734380722046,4510
723.32,468,44.28749814999999,453,1978,927744,0.08417618274688721,0.2,0.006884703534888103,-0.019867125898599625,2.1367191851139067,0.022782658925279975,0.03258583,0.3705078125,0.0003,0.9956231117248535,4520
700.39,469,44.36241144999999,454,1982,929792,0.08497531712055206,0.2,-0.004746463305491488,0.10281330347061157,2.1140732660889627,0.30747751243179666,0.099416316,0.371533203125,0.0003,0.9850678443908691,4530
703.65,469,44.355717,455,1985,931840,0.08329182863235474,0.2,-0.02387934637226863,0.0016379691660404205,2.123055250197649,0.1887720858445391,0.2991225,0.40205078125,0.0003,0.986553966999054,4540
706.27,469,44.16970953,456,1988,933888,0.08366186171770096,0.2,-0.01233291375101544,-0.01123666763305664,2.1416180528700353,0.2118530104868114,0.1469833,0.43896484375,0.0003,0.9902317523956299,4550
674.86,469,43.74577891,457,1991,935936,0.08284381031990051,0.2,-0.013409358586068265,-0.0015263408422470093,2.14855568036437,0.22659712309250607,0.13643435,0.41201171875,0.0003,0.9885901212692261,4560
678.77,470,43.936115789999995,458,1995,937984,0.08214068412780762,0.2,-0.018850583538005596,0.046785544604063034,2.1633989073336126,0.46226353021338584,0.15486121,0.410107421875,0.0003,0.9824531674385071,4570
681.34,470,43.85411435,459,1998,940032,0.0824495181441307,0.2,-0.007005759011371992,0.02172417752444744,2.1704933270812035,0.07315736814634874,0.66425645,0.438037109375,0.0003,0.994927704334259,4580
676.26,470,42.99919267,460,2001,942080,0.08269010484218597,0.2,-0.003765448291960638,0.171799436211586,2.162720911204815,0.6467202705331146,0.12933296,0.434130859375,0.0003,0.9722778797149658,4590
667.34,470,42.165834749999995,461,2004,944128,0.08402571082115173,0.2,0.007670135583612137,0.15004181861877441,2.1439350955188274,0.6859934934647753,0.08985342,0.4125,0.0003,0.9417707324028015,4600
665.84,471,42.029394599999996,462,2007,946176,0.08424022048711777,0.2,-0.006666849508474115,0.13168233633041382,2.125578762590885,0.8967890927102417,0.16206983,0.391845703125,0.0003,0.970758318901062,4610
624.53,471,40.545048210000004,463,2011,948224,0.08505343645811081,0.2,0.00596192304365104,0.33164501190185547,2.109133177250624,0.6312498922925442,0.11303265,0.41572265625,0.0003,0.9779561161994934,4620
613.46,471,39.504740940000005,464,2014,950272,0.08528785407543182,0.2,-0.00043086458754260093,0.32407140731811523,2.1011322744190695,2.1209216129034756,0.08977543,0.3892578125,0.0003,0.9597326517105103,4630
579.24,472,38.12556149,465,2017,952320,0.08534546196460724,0.2,-0.006693794614693616,2.680913209915161,2.102112479507923,2.5002649445086718,0.10318618,0.34931640625,0.0003,0.9645741581916809,4640
577.17,472,37.71745371,466,2020,954368,0.08506385236978531,0.2,8.426596177741885e-05,0.5174380540847778,2.1033868357539176,2.29895951943472,0.06991458,0.330615234375,0.0003,0.9764624238014221,4650
570.21,472,36.59589335,467,2024,956416,0.0845167264342308,0.2,0.0012538277776911854,0.11754303425550461,2.1110388688743114,0.6760788646992296,0.12789887,0.46015625,0.0003,0.9565232992172241,4660
564.29,472,35.89832505,468,2027,958464,0.08508004248142242,0.2,-0.010118433320167241,1.9858498573303223,2.1118646577000617,2.288780198432505,0.09028496,0.37841796875,0.0003,0.9617376327514648,4670
558.25,473,35.28401144,469,2030,960512,0.08619776368141174,0.2,-0.00579750054384931,0.5243028998374939,2.0925140865147114,1.6503595824353396,0.08001475,0.403515625,0.0003,0.9744270443916321,4680
558.22,473,35.27426407,470,2033,962560,0.08724768459796906,0.2,-0.007927724986802786,0.40580737590789795,2.067088084667921,1.7124539900105447,0.10240714,0.4205078125,0.0003,0.9627629518508911,4690
498.63,473,34.412558790000006,471,2037,964608,0.08555693924427032,0.2,-0.005084239577990956,0.19086427986621857,2.076051063835621,0.5631366036366672,0.20217639,0.433056640625,0.0003,0.9730157852172852,4700
492.88,473,33.82029596,472,2041,966656,0.08594514429569244,0.2,-0.0036295310121204237,0.2820609211921692,2.0975172661244867,1.6003410401754081,0.07921683,0.397021484375,0.0003,0.9534569382667542,4710
493.26,473,33.36995193,473,2045,968704,0.08666754513978958,0.2,-0.0010696439640014432,0.09185987710952759,2.0822415590286254,0.5857525073457509,0.082043365,0.397802734375,0.0003,0.9771740436553955,4720
479.7,473,32.59266917,474,2049,970752,0.08541403710842133,0.2,-0.001223469412070699,0.14672540128231049,2.0857817023992538,0.4352358717471361,0.090687886,0.406787109375,0.0003,0.9878925681114197,4730
457.8,473,33.01492605,475,2053,972800,0.08602280914783478,0.2,-0.009941103286109865,0.125668004155159,2.086237768083811,0.6731334418524056,0.16414705,0.459130859375,0.0003,0.9784926772117615,4740
460.54,473,33.02573519,476,2056,974848,0.08619243651628494,0.2,-0.008920303185732337,0.156341090798378,2.0843842841684816,0.45378686194308104,0.08767655,0.41064453125,0.0003,0.9746071696281433,4750
437.36,474,31.78996915,477,2060,976896,0.08601342141628265,0.2,-0.016237999402801507,0.08190783858299255,2.0840480446815492,0.759298448311165,0.14676613,0.4228515625,0.0003,0.9748231768608093,4760
436.07,474,32.064789,478,2064,978944,0.08638397604227066,0.2,-0.005668902580509894,0.29326996207237244,2.08084217607975,2.6407488131895662,0.12199286,0.418115234375,0.0003,0.9314903020858765,4770
423.41,474,31.41977173,479,2068,980992,0.08574278652667999,0.2,-0.004133433815150056,0.14030049741268158,2.0812663465738295,0.8172016550786794,0.15209591,0.425927734375,0.0003,0.9568740725517273,4780
420.76,474,31.454960559999996,480,2072,983040,0.08670072257518768,0.2,0.008441702516574879,0.1016073077917099,2.0775668144226076,0.4218010136857629,0.088136606,0.43623046875,0.0003,0.9735530614852905,4790
418.32,474,31.660075579999997,481,2076,985088,0.08607098460197449,0.2,-0.0029060331224172843,0.09534629434347153,2.0742572344839574,0.37255192021839323,0.10235407,0.411474609375,0.0003,0.9754726886749268,4800
418.05,474,32.020275330000004,482,2080,987136,0.08673016726970673,0.2,-0.014995835166337202,0.08470892906188965,2.0725262463092804,0.40282990529667584,0.1135346,0.41845703125,0.0003,0.979055643081665,4810
418.32,474,32.347728479999994,483,2084,989184,0.08632498979568481,0.2,-0.011688079017039854,0.028123140335083008,2.0686158888041972,0.6530992150772363,0.12493873,0.378076171875,0.0003,0.9776150584220886,4820
423.85,474,33.12607626999999,484,2088,991232,0.08661738783121109,0.2,-0.00010938072009594179,0.09642452746629715,2.071775257587433,0.3256510205101222,0.081814535,0.432275390625,0.0003,0.9857590198516846,4830
431.38,474,34.06955180999999,485,2092,993280,0.08634679764509201,0.2,-0.004650765300903003,0.10921042412519455,2.0741048626601697,0.35906148329377174,0.07525123,0.379833984375,0.0003,0.9832060933113098,4840
438.35,474,35.18336723,486,2096,995328,0.08503825962543488,0.2,-0.008269120600743918,0.06190752983093262,2.092141694575548,0.38102306991349905,0.16252242,0.45830078125,0.0003,0.9772425293922424,4850
436.57,474,35.2962228,487,2100,997376,0.0847998559474945,0.2,-0.004155490600533085,0.012217223644256592,2.1121961154043674,0.32218359641265126,0.09924912,0.41748046875,0.0003,0.9868685603141785,4860
435.77,474,35.70414924,488,2104,999424,0.08547802269458771,0.2,-0.012544420144695322,0.25507593154907227,2.10763034299016,0.5902949689421803,0.10209182,0.407470703125,0.0003,0.9857001304626465,4870
437.26,475,36.342728029999996,489,2108,1001472,0.08515598624944687,0.2,-0.013777071450749644,0.022089920938014984,2.1031059458851815,0.19022616331931202,0.11049693,0.384423828125,0.0003,0.9941930770874023,4880
437.8,475,36.6313038,490,2112,1003520,0.08444871753454208,0.2,-0.003619829911622219,0.11833138018846512,2.117684802412987,0.2712616571923718,0.08724688,0.401171875,0.0003,0.9927513003349304,4890
429.75,475,36.14670957,491,2116,1005568,0.0836438462138176,0.2,-0.004514485177060124,0.12220447510480881,2.136067709326744,0.2898978103417903,0.10844061,0.4083984375,0.0003,0.9876783490180969,4900
434.62,475,36.31092043,492,2120,1007616,0.08518821001052856,0.2,-0.0021351460949517787,0.03010968118906021,2.127818328887224,0.221185210137628,0.08333674,0.42978515625,0.0003,0.9917178153991699,4910
419.44,475,34.99772935,493,2123,1009664,0.0856514424085617,0.2,-0.0017270234995521605,0.0704336166381836,2.1029765717685223,0.47696025527548047,0.08672101,0.41728515625,0.0003,0.9836591482162476,4920
364.89,475,29.56988749,494,2127,1011712,0.08531518280506134,0.2,0.011054793593939394,4.489333629608154,2.100805351138115,7.812114496342838,0.020004224,0.26962890625,0.0003,0.7928875684738159,4930
321.05,475,24.659036939999993,495,2131,1013760,0.08544062823057175,0.2,0.01544296617648797,0.07256817072629929,2.1050833739340304,1.2023261008318513,0.037189856,0.28291015625,0.0003,0.874319314956665,4940
296.56,475,21.639193359999993,496,2135,1015808,0.08378377556800842,0.2,-0.0029210606022388673,2.47892427444458,2.122207895666361,7.410825529508292,0.020468105,0.212890625,0.0003,0.8424447178840637,4950
272.75,475,18.89525892,497,2139,1017856,0.08385880291461945,0.2,0.0033017928464687428,2.3070318698883057,2.139901565015316,8.925421460345387,0.026187476,0.24931640625,0.0003,0.7985478043556213,4960
268.34,475,18.516903929999998,498,2143,1019904,0.08409810811281204,0.2,0.005019264898146502,1.5019880533218384,2.136661444604397,5.991502586752176,0.05240938,0.27060546875,0.0003,0.8557193279266357,4970
265.66,475,18.16623977,499,2147,1021952,0.0830974131822586,0.2,0.0041091787454206495,0.2623272240161896,2.142870520055294,0.836518032522872,0.15495914,0.44716796875,0.0003,0.8887109756469727,4980
250.54,476,16.24027836,500,2151,1024000,0.08245684206485748,0.2,0.007846962312760298,0.14309661090373993,2.164002941548824,0.3637613244354725,0.19609463,0.478369140625,0.0003,0.949245810508728,4990
219.78,476,12.475158880000002,501,2155,1026048,0.08262588083744049,0.2,0.013781595574255335,3.4666059017181396,2.173778213560581,5.770033790916204,0.030667907,0.297509765625,0.0003,0.7967053055763245,5000
215.11,476,12.330857119999997,502,2158,1028096,0.08289067447185516,0.2,0.004662701115012169,2.484229326248169,2.167462609708309,4.736433676071465,0.036501426,0.2591796875,0.0003,0.7574830055236816,5010
217.95,476,12.710890749999999,503,2162,1030144,0.08225512504577637,0.2,0.004242587664339226,0.9959519505500793,2.1729823507368566,2.7899002831429245,0.13332929,0.460400390625,0.0003,0.9081305265426636,5020
223.1,476,13.24047217,504,2166,1032192,0.08179539442062378,0.2,0.0014160192557028494,0.1607951521873474,2.1850179731845856,0.6659657200798392,0.56153286,0.53701171875,0.0003,0.9712864756584167,5030
236.4,476,14.861626790000003,505,2170,1034240,0.08221174776554108,0.2,0.002073476812802255,1.1967626810073853,2.185956359654665,2.5685234716162086,0.19063258,0.488330078125,0.0003,0.9351953268051147,5040
250.07,476,16.27539379,506,2174,1036288,0.08152282238006592,0.2,-0.012099096568999813,1.0202285051345825,2.180587174743414,1.0251491694245487,0.31236038,0.503759765625,0.0003,0.9660956859588623,5050
263.63,476,17.835154980000002,507,2178,1038336,0.08108994364738464,0.2,0.012192207381303888,0.20626257359981537,2.2025310933589934,1.228334993077442,0.17728853,0.46064453125,0.0003,0.9660548567771912,5060
273.39,476,19.06117415,508,2182,1040384,0.0812976062297821,0.2,-0.0041107843077043075,0.1092522069811821,2.2010755695402624,0.5265439494745806,0.22314274,0.485888671875,0.0003,0.978321373462677,5070
285.74,476,20.657168140000003,509,2186,1042432,0.08097974956035614,0.2,-0.0030615241499617695,0.049320023506879807,2.2023426510393618,0.5530225331429393,0.31813535,0.459326171875,0.0003,0.9783489108085632,5080
305.79,476,22.133902539999998,510,2190,1044480,0.07996197044849396,0.2,-0.0028506647257017905,0.029411736875772476,2.216619698703289,0.3666659131180495,0.18596286,0.463671875,0.0003,0.9787321090698242,5090
311.4,476,22.67884149,511,2194,1046528,0.07932902872562408,0.2,-0.010847400411148556,0.03250031918287277,2.2351805455982685,0.3900752567220479,0.13905728,0.39140625,0.0003,0.9884194731712341,5100
316.56,476,23.294528149999998,512,2198,1048576,0.08007272332906723,0.2,-0.00579202684602933,1.4672600030899048,2.2414498299360277,4.31690812446177,0.10995689,0.30498046875,0.0003,0.883796215057373,5110
327.32,477,24.672769480000003,513,2202,1050624,0.07993878424167633,0.2,-0.0013053881455562077,0.3710287809371948,2.227467791736126,1.1894193593412639,0.11174648,0.41923828125,0.0003,0.9579408764839172,5120
329.18,477,24.61550395,514,2206,1052672,0.08082562685012817,0.2,0.005884991795028327,0.3640243113040924,2.223338608443737,3.3883998459670694,0.03952477,0.35986328125,0.0003,0.9206382632255554,5130
328.57,477,24.52135315,515,2210,1054720,0.07999785989522934,0.2,-0.021739292712300084,0.0654418095946312,2.2207312561571597,0.5295836345758289,0.6307572,0.43935546875,0.0003,0.9729630947113037,5140
335.73,477,25.161512589999997,516,2213,1056768,0.08004988729953766,0.2,5.7656980061437935e-05,0.11878669261932373,2.2325211465358734,0.4918769456446171,0.13429135,0.471484375,0.0003,0.9877490401268005,5150
342.16,477,25.931809719999997,517,2217,1058816,0.07979488372802734,0.2,-0.010718526766868307,0.14951515197753906,2.230412331223488,0.5019505295203999,0.18601237,0.440283203125,0.0003,0.9888251423835754,5160
354.32,477,27.49411632,518,2221,1060864,0.08110351115465164,0.2,0.0014129009970929474,0.07532326877117157,2.2182537853717803,0.3432472781278193,0.15195556,0.445703125,0.0003,0.992235004901886,5170
364.74,477,28.48232757,519,2225,1062912,0.08199472725391388,0.2,0.01873747764402651,0.1380627304315567,2.190374566614628,0.4798616644227877,0.20124313,0.46240234375,0.0003,0.95734703540802,5180
366.57,477,28.504447689999996,520,2229,1064960,0.08277705311775208,0.2,-0.004235377644363325,0.20981189608573914,2.1774897083640097,0.8277736878488213,0.12845705,0.42841796875,0.0003,0.9809480905532837,5190
368.28,477,28.400864829999996,521,2233,1067008,0.08227318525314331,0.2,-0.013490841526072472,0.08827883005142212,2.1749999053776263,0.5358759020920842,0.5283952,0.43779296875,0.0003,0.9810450077056885,5200
368.61,477,28.4003002,522,2237,1069056,0.08195282518863678,0.2,0.0029183628510509154,0.274367094039917,2.189156782627106,0.47401249390095473,0.19935298,0.436083984375,0.0003,0.988226592540741,5210
369.08,477,28.005147739999998,523,2241,1071104,0.08192798495292664,0.2,-0.0027682150626787915,1.0168081521987915,2.1915166929364203,2.692448534630239,0.06507319,0.337158203125,0.0003,0.9542233347892761,5220
364.2,477,27.49818035,524,2245,1073152,0.08192586898803711,0.2,-0.0013254970210255124,0.8217990398406982,2.191046515852213,2.070078327320516,0.04485953,0.327099609375,0.0003,0.9698240160942078,5230
363.32,478,27.312491820000005,525,2249,1075200,0.08135952800512314,0.2,-0.0013513075653463602,1.3737373352050781,2.19725701212883,3.5380033772438764,0.05981403,0.317578125,0.0003,0.9301941394805908,5240
356.89,478,26.34225428,526,2253,1077248,0.08121475577354431,0.2,0.0021036012170952746,0.137617826461792,2.2022832937538626,0.5812403679359704,0.13765423,0.436376953125,0.0003,0.9846192598342896,5250
328.57,478,23.728644319999994,527,2257,1079296,0.082365021109581,0.2,0.012594099433044903,0.5168789625167847,2.190983323007822,1.889976573176682,0.084399074,0.38134765625,0.0003,0.9486864805221558,5260
323.0,478,22.37596449,528,2261,1081344,0.08197884261608124,0.2,0.005657751351827755,1.0866609811782837,2.182428381592035,2.8274001754820346,0.036315553,0.268994140625,0.0003,0.9160944819450378,5270
325.94,478,21.99626893,529,2265,1083392,0.0822063758969307,0.2,0.0035224760649725795,1.0640590190887451,2.1830412037670612,3.220130455121398,0.028216373,0.323681640625,0.0003,0.9099475145339966,5280
327.87,478,22.38187038,530,2268,1085440,0.0837726965546608,0.2,0.0007701821363298222,0.7733961343765259,2.1639207497239115,1.5036225090269,0.079279706,0.38759765625,0.0003,0.9592631459236145,5290
328.44,478,22.471261860000006,531,2272,1087488,0.08442316949367523,0.2,-0.0001582045224495232,0.17161709070205688,2.1315970845520495,0.5919275533873588,0.2160002,0.477685546875,0.0003,0.9625754952430725,5300
332.14,478,22.763655770000003,532,2276,1089536,0.08435976505279541,0.2,0.003345225104567362,0.08412840962409973,2.1210645593702795,0.30829319660551846,0.11566454,0.436376953125,0.0003,0.9789817333221436,5310
331.16,478,22.73404202,533,2280,1091584,0.08442270755767822,0.2,-0.0033154839213239027,0.1274079978466034,2.1223837196826936,0.4886383935576305,0.15129444,0.496533203125,0.0003,0.9730796813964844,5320
335.74,478,23.05234668,534,2284,1093632,0.08364325761795044,0.2,-0.0007265906286193057,0.04768633842468262,2.1339689776301385,0.25888461221475156,0.10918389,0.394580078125,0.0003,0.9903508424758911,5330
335.13,478,23.431566630000003,535,2288,1095680,0.08410533517599106,0.2,-0.006709218225296354,0.026883989572525024,2.13330600336194,0.2592429419280961,0.08190417,0.4083984375,0.0003,0.9917023777961731,5340
333.49,478,23.786516750000004,536,2292,1097728,0.08400140702724457,0.2,0.004113924197736196,0.03115086443722248,2.1304120384156704,0.13167670625261962,0.058710475,0.373486328125,0.0003,0.9940860867500305,5350
345.66,478,23.708160900000003,537,2296,1099776,0.08423948287963867,0.2,0.004800993423850741,0.014808330684900284,2.1311941243708135,0.12018430011812598,0.0791651,0.37578125,0.0003,0.9959366917610168,5360
345.34,478,24.134944519999998,538,2300,1101824,0.08429480344057083,0.2,-0.00403278638041229,0.032798781991004944,2.123892041295767,0.0679224260034971,0.15527311,0.381640625,0.0003,0.9960350394248962,5370
349.47,479,24.62463197,539,2304,1103872,0.08334782719612122,0.2,-0.01143205699409009,0.04678488150238991,2.1383181363344193,0.18493260763352737,0.09387563,0.3783203125,0.0003,0.9921082258224487,5380
353.07,479,25.149431439999997,540,2308,1105920,0.08342592418193817,0.2,-0.008412157846032641,0.0727674588561058,2.1437415137887,0.2487457864219323,0.09100704,0.399365234375,0.0003,0.992458164691925,5390
353.38,479,25.275208100000004,541,2312,1107968,0.08347306400537491,0.2,-0.013263544371147873,0.08551193028688431,2.142907926440239,0.18850495463702827,0.12196048,0.413720703125,0.0003,0.9908076524734497,5400
356.06,479,25.741240289999997,542,2316,1110016,0.08465616405010223,0.2,-0.0023118659504689277,0.08298101276159286,2.1295522138476373,0.3205391825642437,0.08116366,0.378173828125,0.0003,0.9893827438354492,5410
360.03,479,26.273300770000002,543,2320,1112064,0.08410198986530304,0.2,-0.01177333113446366,0.03780760616064072,2.119704622030258,0.09870875689666718,0.093326405,0.419921875,0.0003,0.9964249134063721,5420
362.28,479,26.66481949,544,2324,1114112,0.08310966193675995,0.2,-0.014425353698607068,0.024650730192661285,2.1295308239758013,0.1047545975423418,0.1466209,0.412255859375,0.0003,0.9948956966400146,5430
375.57,479,28.186648639999998,545,2328,1116160,0.0842181146144867,0.2,-0.0005647545622196048,0.02955576963722706,2.1336707659065723,0.1898131849244237,0.060963634,0.373876953125,0.0003,0.9937041401863098,5440
391.71,479,29.93258379,546,2332,1118208,0.0839911550283432,0.2,-0.004475162496964913,-0.03197742998600006,2.1256051048636437,0.11303133596666157,0.054260775,0.38740234375,0.0003,0.9955160617828369,5450
399.41,479,31.178612159999997,547,2336,1120256,0.08346422761678696,0.2,-0.018615354571375066,-0.0034447386860847473,2.1344108290970327,0.15850922469981016,0.22033322,0.403759765625,0.0003,0.9917309284210205,5460
410.6,479,32.451688919999995,548,2340,1122304,0.08371507376432419,0.2,-0.017785015446133912,0.1033930853009224,2.1337920844554903,0.3461473324336112,0.10306024,0.3951171875,0.0003,0.9823586940765381,5470
407.97,479,32.60666118,549,2344,1124352,0.0840141773223877,0.2,0.0009862890976364725,0.03297998383641243,2.129799099266529,0.22232746803201736,0.10614234,0.40263671875,0.0003,0.9903663992881775,5480
409.94,479,32.74072759999999,550,2348,1126400,0.0842411071062088,0.2,0.002411127516097622,0.15645651519298553,2.1238196320831775,0.297963044908829,0.08013137,0.40810546875,0.0003,0.9921349883079529,5490
409.69,479,32.80243478,551,2352,1128448,0.0840301662683487,0.2,-0.00895533076254651,0.19760414958000183,2.122463151067495,0.514107999810949,0.18106422,0.397265625,0.0003,0.9903082251548767,5500
407.68,479,32.845219039999996,552,2356,1130496,0.08372576534748077,0.2,-0.006716309578041546,0.09287936240434647,2.1279137253761293,0.18826074147364125,0.0868952,0.396240234375,0.0003,0.9938808679580688,5510
407.45,479,32.65116073,553,2360,1132544,0.08329688012599945,0.2,-0.0073579153890023005,0.02276941016316414,2.137509831041098,0.21145869956817478,0.1797795,0.372314453125,0.0003,0.9927133917808533,5520
404.76,479,32.33348134,554,2364,1134592,0.08335736393928528,0.2,0.0009518836770439521,0.1266040802001953,2.1421783439815045,0.6430601401254534,0.148318,0.396435546875,0.0003,0.9786548614501953,5530
406.79,479,32.396141029999995,555,2368,1136640,0.08378710597753525,0.2,-0.008335172099032206,0.4761669635772705,2.1356656633317472,0.8497516758739948,0.1569747,0.387646484375,0.0003,0.9856277704238892,5540
394.26,479,32.29453006,556,2372,1138688,0.08250202238559723,0.2,-0.0028091700660297647,0.02783048525452614,2.1461565904319286,0.31073191249743104,0.06251595,0.36181640625,0.0003,0.98420649766922,5550
394.0,480,32.13263348,557,2376,1140736,0.0824686735868454,0.2,-0.00028007239307044075,0.20627447962760925,2.1574763424694536,0.5693586197681725,0.07615821,0.374560546875,0.0003,0.9877331852912903,5560
396.61,480,32.333290659999996,558,2380,1142784,0.08189588785171509,0.2,-0.008030758507084101,0.1985832303762436,2.164055569469929,0.7412824397441,0.1192231,0.400537109375,0.0003,0.9750247001647949,5570
394.31,480,32.20437672,559,2383,1144832,0.08145458996295929,0.2,-0.003948206023778766,0.0806899219751358,2.1804623350501062,0.2598074162146077,0.0645018,0.36142578125,0.0003,0.9878250360488892,5580
397.69,480,32.29266238,560,2387,1146880,0.08195328712463379,0.2,0.0025404805477592164,0.05986851826310158,2.1805631637573244,0.1176245093694888,0.066968426,0.381884765625,0.0003,0.9939584136009216,5590
397.71,480,32.415229159999996,561,2391,1148928,0.0819241926074028,0.2,0.00030935836111893876,0.11413408815860748,2.169346284866333,0.3317836945410818,0.08521284,0.39345703125,0.0003,0.991131067276001,5600
400.03,480,32.456902740000004,562,2395,1150976,0.08211164176464081,0.2,-0.008500944566185354,0.022253315895795822,2.1697701372206213,0.17936573124025018,0.07865933,0.40068359375,0.0003,0.9929214119911194,5610
402.07,480,32.75568929,563,2399,1153024,0.08183731138706207,0.2,-0.0011458545297500678,0.08285414427518845,2.172785670310259,0.29034713211003693,0.07806271,0.406298828125,0.0003,0.9902321100234985,5620
404.61,480,33.136861509999996,564,2403,1155072,0.08170801401138306,0.2,-0.011048961467167828,0.11035333573818207,2.1752974666655063,0.31637894161976876,0.1320568,0.41640625,0.0003,0.9731754064559937,5630
402.39,480,33.124136119999996,565,2407,1157120,0.0811585932970047,0.2,-0.006589941662969068,0.04023461788892746,2.1872363455593584,0.2374478858662769,0.07933234,0.41513671875,0.0003,0.9813162684440613,5640
403.1,480,33.2828776,566,2411,1159168,0.08151936531066895,0.2,-0.004187728151737247,0.005769483745098114,2.185990413278341,0.09191458646091633,0.06465019,0.40205078125,0.0003,0.9971963167190552,5650
403.11,480,32.97681361,567,2415,1161216,0.08119804412126541,0.2,0.00027746810374082995,0.04863562807440758,2.1867060989141462,0.17614027262898163,0.073732495,0.385888671875,0.0003,0.9941229820251465,5660
