#{"t_start": 1791259014.7208536, "env_id": "f1tenth-v0"}
r,l,t,track_name,laps,progress_m
4.191596,165,4.618933,synthetic_track_0,0.05602432888683716,9.191595839846405
2.080058,147,4.816927,synthetic_track_0,0.04315414832315044,7.080057862011766
3.681235,160,5.033136,synthetic_track_0,0.052913593948581146,8.681235093266242
3.029668,156,5.24959,synthetic_track_0,0.048942182294898204,8.029667969489662
1.880058,144,5.446294,synthetic_track_0,0.041935114519564935,6.880057857365549
2.547755,152,5.652225,synthetic_track_0,0.04600483905546093,7.547754621552068
2.41947,149,5.866649,synthetic_track_0,0.045222924746949715,7.419470348486609
2.275726,143,6.057904,synthetic_track_0,0.04434677734194006,7.275725782456276
3.195321,155,6.288846,synthetic_track_0,0.049951868447007164,8.19532148501898
2.330908,150,6.506657,synthetic_track_0,0.044683119631633586,7.330907566015987
1.675184,141,6.699516,synthetic_track_0,0.040686372873887315,6.675183854525862
1.880058,142,6.894463,synthetic_track_0,0.041935114519564935,6.880057857365549
2.695129,153,7.101961,synthetic_track_0,0.046903112888965336,7.695129345982222
1.136692,125,8.566792,synthetic_track_0,0.03740417641811073,6.136692383268582
3.711847,160,8.773701,synthetic_track_0,0.053100181076151894,8.711847391523529
2.518576,145,8.967022,synthetic_track_0,0.04582699169002015,7.518576206802735
1.924577,147,9.152464,synthetic_track_0,0.04220646328588434,6.924576519903867
2.988994,162,9.358975,synthetic_track_0,0.048694269981328094,7.988994393646202
1.312361,133,9.559601,synthetic_track_0,0.03847490690133445,6.312361098106292
3.830728,167,9.786958,synthetic_track_0,0.053824778285039204,8.830727971141462
2.747755,150,9.994978,synthetic_track_0,0.04722387274771149,7.747754607932188
2.615451,155,10.209974,synthetic_track_0,0.04641746241042665,7.615451409506228
-0.375734,109,10.358793,synthetic_track_0,0.02818568468278704,4.624266407489201
2.599488,153,10.559086,synthetic_track_0,0.046320159816450504,7.5994875213924775
2.586127,150,10.777464,synthetic_track_0,0.04623872267335313,7.586126588373276
3.415451,164,11.001439,synthetic_track_0,0.05129359731679447,8.415451377563508
2.081377,138,11.18206,synthetic_track_0,0.04316219127625732,7.081377423991109
2.186454,151,12.687371,synthetic_track_0,0.0438026487605043,7.186453673270128
1.935372,137,12.912708,synthetic_track_0,0.04227226126684245,6.935371623746458
1.712361,139,13.107504,synthetic_track_0,0.04091297446210298,6.712361099785735
3.314794,157,13.309024,synthetic_track_0,0.05068007162461785,8.31479367559906
1.68921,139,13.514859,synthetic_track_0,0.040771866997046574,6.689210393395239
2.502115,151,13.707925,synthetic_track_0,0.04572665986195043,7.5021153293265845
2.280058,148,13.9024,synthetic_track_0,0.04437318208033347,7.280057859044992
2.247755,147,14.097808,synthetic_track_0,0.04417628831584803,7.247754608966055
2.183172,143,14.288088,synthetic_track_0,0.04378264539626908,7.183171834055976
3.555539,164,14.50066,synthetic_track_0,0.0521474565254448,8.555539244852337
3.195352,156,14.702401,synthetic_track_0,0.04995205580584418,8.195352223927255
1.953283,141,14.886965,synthetic_track_0,0.042381436798666856,6.953283437847028
3.015451,159,15.113197,synthetic_track_0,0.04885552975602595,8.015451375884068
3.415451,165,15.356596,synthetic_track_0,0.05129359731679448,8.41545137756351
2.921538,148,16.830194,synthetic_track_0,0.04828311016363636,7.921537720002847
2.450261,146,17.019065,synthetic_track_0,0.04541059619644017,7.450260545329104
3.015451,155,17.219584,synthetic_track_0,0.04885552975602595,8.015451375884068
1.580058,140,17.425465,synthetic_track_0,0.04010656381314852,6.580057850225897
2.693685,150,17.632947,synthetic_track_0,0.04689430740577381,7.693684679990157
2.853095,157,17.848656,synthetic_track_0,0.047865938465514235,7.853094711025333
2.307795,151,18.042895,synthetic_track_0,0.044542245081540775,7.307795072670662
2.348502,148,18.241979,synthetic_track_0,0.04479035938828806,7.348501788396097
2.289243,148,18.445873,synthetic_track_0,0.044429169078475425,7.2892433302399535
3.466029,165,18.662999,synthetic_track_0,0.05160187438361252,8.46602865820543
1.76394,139,18.842418,synthetic_track_0,0.04122735361848826,6.763939515866402
3.115451,156,19.044888,synthetic_track_0,0.049465046673691435,8.115451380811326
2.992737,152,19.246947,synthetic_track_0,0.04871708096888168,7.992736863792053
3.415451,155,20.778708,synthetic_track_0,0.05129359731679448,8.41545137756351
2.57693,152,20.997217,synthetic_track_0,0.04618266762869417,7.576929953169837
2.915451,156,21.222032,synthetic_track_0,0.048246012937496856,7.915451387221558
2.551974,147,21.424692,synthetic_track_0,0.04603055716033507,7.5519740460497236
3.315451,162,21.639985,synthetic_track_0,0.05068408036594198,8.315451367191445
2.715451,150,21.862603,synthetic_track_0,0.04702697904960952,7.715451368744414
2.653506,156,22.077248,synthetic_track_0,0.04664941069846973,7.65350585766825
2.65741,150,22.271742,synthetic_track_0,0.046673207769053454,7.657410108898457
2.48296,148,22.463469,synthetic_track_0,0.04560990639923219,7.482960246819905
2.672554,154,22.661939,synthetic_track_0,0.04676551206168263,7.672553953884874
2.049299,141,22.859518,synthetic_track_0,0.04296666915092841,7.049299211016863
4.816621,166,23.087091,synthetic_track_0,0.05983396237669871,9.816620932203703
2.647755,151,23.286926,synthetic_track_0,0.04661435594138095,7.647754621271026
3.442633,155,23.495971,synthetic_track_0,0.05145927529786719,8.44263323001654
2.843095,157,25.0228,synthetic_track_0,0.04780499102152294,7.84309540744115
2.815451,148,25.208125,synthetic_track_0,0.04763649593407853,7.815451368225314
3.415451,163,25.423023,synthetic_track_0,0.05129359731679448,8.41545137756351
2.797028,151,25.619668,synthetic_track_0,0.047524199703734046,7.797027558709457
2.447755,144,25.806959,synthetic_track_0,0.04539532213779545,7.44775461662481
2.715451,148,25.986749,synthetic_track_0,0.04702697904960953,7.715451368744415
2.947755,153,26.174718,synthetic_track_0,0.04844290665522706,7.947754629629626
2.615451,151,26.383533,synthetic_track_0,0.04641746241042666,7.615451409506229
3.583023,162,26.607128,synthetic_track_0,0.05231497454829889,8.583022982588403
2.647755,147,26.801991,synthetic_track_0,0.04661435594138095,7.647754621271026
3.202397,159,27.009013,synthetic_track_0,0.0499949934088352,8.202396754417258
2.496542,146,27.213142,synthetic_track_0,0.0456926888721187,7.496541900514192
3.515451,160,27.422905,synthetic_track_0,0.05190311427345756,8.515451388888884
2.809228,154,28.962349,synthetic_track_0,0.04759856486700289,7.809228231861867
3.471587,160,29.191021,synthetic_track_0,0.051635752658620415,8.471586875819293
3.410689,161,29.426832,synthetic_track_0,0.05126457209336553,8.41068937276629
3.283148,156,29.644386,synthetic_track_0,0.050487186667840044,8.283148128003676
5.048357,170,29.881095,synthetic_track_0,0.061246430894520844,10.048356680052674
16.154259,306,30.321389,synthetic_track_0,0.12893878252041502,21.154259239827457
3.123694,155,30.542042,synthetic_track_0,0.04951528530977187,8.123693750645495
3.783148,157,30.756401,synthetic_track_0,0.05353477117784196,8.783148139789544
3.116492,156,31.019998,synthetic_track_0,0.04947139168600632,8.11649237121596
3.962274,165,31.274111,synthetic_track_0,0.05462657392422469,8.962274062062612
4.531053,167,31.548652,synthetic_track_0,0.05809337605286925,9.531052745473254
3.335158,153,31.819524,synthetic_track_0,0.05080419821413716,8.335158425458795
5.277675,171,33.455887,synthetic_track_0,0.06264416593718487,10.277675189682814
6.779386,186,33.718068,synthetic_track_0,0.07179734547575857,11.77938576149634
1.200186,125,33.896847,synthetic_track_0,0.03779118173210347,6.200186163645305
3.751866,160,34.129681,synthetic_track_0,0.05334410170088125,8.751866073479428
3.721783,163,34.357771,synthetic_track_0,0.053160739194961656,8.721782820719746
4.435374,162,34.585826,synthetic_track_0,0.0575101990805915,9.435374186911496
3.382784,157,34.799032,synthetic_track_0,0.051094481492116706,8.382783566594233
4.490017,164,35.019996,synthetic_track_0,0.057843258430021555,9.490017356967613
8.87131,216,35.301144,synthetic_track_0,0.08454797779990925,13.871310133545535
4.234054,166,35.576265,synthetic_track_0,0.05628311997783963,9.23405423538118
3.883148,164,35.81963,synthetic_track_0,0.05414428798417251,8.883148126450708
3.65375,156,36.022718,synthetic_track_0,0.05274606988469281,8.65375036441174
4.015128,168,37.502141,synthetic_track_0,0.05494872617240436,9.015127765498248
8.465901,207,37.830458,synthetic_track_0,0.08207694338662454,13.465901446202894
24.353742,378,38.352062,synthetic_track_0,0.1789160142544532,29.353741936380622
3.448631,156,38.605169,synthetic_track_0,0.051495832412935635,8.448630949818925
5.226898,166,38.840752,synthetic_track_0,0.06233467182966034,10.226898236032453
4.133348,162,39.071663,synthetic_track_0,0.05566929957889581,9.133348182538654
46.560405,623,39.990269,synthetic_track_0,0.3142693763023129,51.560405081267206
3.575428,158,40.217966,synthetic_track_0,0.05226867973862474,8.575427654121963
3.715563,158,40.434031,synthetic_track_0,0.05312282609176611,8.715562631588845
4.600499,161,41.96882,synthetic_track_0,0.05851666116760473,9.600498748254122
5.36908,178,42.277701,synthetic_track_0,0.06320129204684427,10.369079730059527
5.104457,173,42.536721,synthetic_track_0,0.06158836918232575,10.104456567478728
4.743197,169,42.777942,synthetic_track_0,0.059386430272619035,9.743196862557722
5.159527,173,43.029569,synthetic_track_0,0.0619240315521901,10.159526800424668
4.23856,165,43.243774,synthetic_track_0,0.05631058483354449,9.238560239441464
13.896962,268,43.596153,synthetic_track_0,0.11518017687170144,18.896962366209475
5.62342,178,43.826664,synthetic_track_0,0.06475153595899759,10.62341951023748
4.258304,171,44.049973,synthetic_track_0,0.056430924843313794,9.258303746505991
3.183148,152,44.245457,synthetic_track_0,0.04987767002865717,8.18314816876549
4.851167,175,44.504189,synthetic_track_0,0.06004452582949284,9.851166890989493
3.338975,162,46.003027,synthetic_track_0,0.05082746195130004,8.338975175680963
0.659828,125,46.164504,synthetic_track_0,0.03449761041508279,5.6598284830220695
32.781639,462,46.866718,synthetic_track_0,0.23028547206146843,37.781639316960614
3.583148,163,47.097476,synthetic_track_0,0.05231573737425647,8.583148135143329
34.091755,461,47.75112,synthetic_track_0,0.23827084999060907,39.09175526143443
25.687083,376,48.25678,synthetic_track_0,0.18704295218463737,30.687082832273468
27.754052,425,50.114715,synthetic_track_0,0.19964147566589174,32.75405156388307
14.139751,273,50.485203,synthetic_track_0,0.11666001345874505,19.13975081343206
3.98157,169,50.706945,synthetic_track_0,0.05474418595088654,8.981570004315923
27.084088,431,51.363014,synthetic_track_0,0.19555793538254349,32.08408812788932
0.773601,125,51.516096,synthetic_track_0,0.03519107089686959,5.773600635337614
0.525923,119,51.661041,synthetic_track_0,0.033681432342696035,5.525922747357174
23.35709,376,52.176692,synthetic_track_0,0.17284125059769187,28.357089705734154
16.50762,300,52.579911,synthetic_track_0,0.13109257510378897,21.50761984838056
58.490975,763,55.165234,synthetic_track_0,0.3869882168615864,63.490975346788275
35.941863,497,55.910114,synthetic_track_0,0.24954757161339536,40.941863412921116
23.746329,386,56.466334,synthetic_track_0,0.17521372936826787,28.74632892432074
23.835061,379,56.983931,synthetic_track_0,0.17575456914826254,28.83506145839292
23.179017,369,58.902939,synthetic_track_0,0.17175586718878366,28.179016967975706
3.62717,167,59.132174,synthetic_track_0,0.05258405842927931,8.627170058155968
3.973555,157,59.354385,synthetic_track_0,0.054695336156203735,8.973555493861175
0.971267,126,59.518928,synthetic_track_0,0.036395878419383076,5.9712666142397275
20.962994,344,59.98715,synthetic_track_0,0.1582488354934873,25.962994414810794
26.46755,411,60.63885,synthetic_track_0,0.1918000284921244,31.467549527127584
29.966856,442,61.334436,synthetic_track_0,0.21312889306980556,34.96685611082362
29.247917,430,63.475849,synthetic_track_0,0.20874683693724325,34.24791686213774
51.212801,626,64.358989,synthetic_track_0,0.34262651261214105,56.21280059075831
28.992233,406,65.001564,synthetic_track_0,0.2071884021060119,33.99223324403762
24.386332,375,65.563938,synthetic_track_0,0.17911465597219167,29.386331963296836
22.45972,363,66.084702,synthetic_track_0,0.1673716301335278,27.459719907597027
43.381611,566,68.791482,synthetic_track_0,0.29489409220311114,48.381611434639396
43.271902,571,69.871901,synthetic_track_0,0.29422539290508165,48.27190171016789
51.1685,629,70.906074,synthetic_track_0,0.3423564921320867,56.16849985266015
42.871425,565,73.168031,synthetic_track_0,0.2917844180693486,47.87142472827288
59.2363,709,74.39344,synthetic_track_0,0.39153109643843487,64.2362999914409
33.018244,449,75.165907,synthetic_track_0,0.2317276192101957,38.01824427048826
38.970176,509,75.897506,synthetic_track_0,0.2680056463374959,43.970175687545755
47.663883,605,78.07689,synthetic_track_0,0.3209952592168925,52.663882778283735
25.62927,375,78.676172,synthetic_track_0,0.1866905717957881,30.629269768189598
43.72852,561,79.644453,synthetic_track_0,0.2970085586418917,48.72852002432455
28.193453,395,80.214764,synthetic_track_0,0.20231970189067994,33.193453043830374
29.18513,405,82.223046,synthetic_track_0,0.20836414197787181,34.18513025734693
58.776485,690,83.296193,synthetic_track_0,0.38872844797193373,63.77648525564499
27.37553,392,83.900503,synthetic_track_0,0.1973343247852802,32.37553032395958
30.035485,420,84.503187,synthetic_track_0,0.2135471994224764,35.03548527617707
43.167237,553,87.221478,synthetic_track_0,0.29358744155005156,48.16723662738281
42.025761,528,88.209561,synthetic_track_0,0.28662995320823964,47.02576073344483
51.637373,656,89.324432,synthetic_track_0,0.3452143511019019,56.63737266452159
52.005069,629,90.344524,synthetic_track_0,0.34745552519648054,57.005069465061766
61.097533,707,93.07749,synthetic_track_0,0.4028756258690232,66.09753298773137
9.056438,202,93.489865,synthetic_track_0,0.0856763626095758,14.056437868734056
48.456292,625,94.515227,synthetic_track_0,0.3258251249691134,53.45629162703232
67.906204,809,97.350197,synthetic_track_0,0.44437562283702886,72.90620356110402
25.090018,356,98.005183,synthetic_track_0,0.18340374231205006,30.090018182150356
59.671464,716,99.344161,synthetic_track_0,0.39418349676172615,64.67146436130628
59.892121,699,100.469881,synthetic_track_0,0.39552843752572464,64.89212121122908
68.500579,798,103.154392,synthetic_track_0,0.44799843965611946,73.50057869534507
67.8995,761,104.321471,synthetic_track_0,0.4443347620454352,72.89949976135331
69.635972,807,107.346239,synthetic_track_0,0.4549188548925805,74.6359722138636
67.707047,761,108.751717,synthetic_track_0,0.44316172701711737,72.70704651647716
54.300132,629,109.885581,synthetic_track_0,0.36144431667549365,59.30013163033449
68.14876,755,112.919566,synthetic_track_0,0.44585404665761436,73.14876022369737
69.57965,809,114.359532,synthetic_track_0,0.45457556397773186,74.57965040854303
54.7883,644,115.558727,synthetic_track_0,0.3644197827612902,59.78829957878157
37.882808,476,118.392773,synthetic_track_0,0.2613779594026636,42.88280845141057
27.092068,367,119.152227,synthetic_track_0,0.19560657555082098,32.092068246121386
69.622405,768,120.64419,synthetic_track_0,0.45483615845763725,74.62240467592967
68.968275,793,123.549547,synthetic_track_0,0.45084913038842994,73.96827545488537
48.425077,568,124.551178,synthetic_track_0,0.32563486488475696,53.4250767274591
55.442088,628,125.627748,synthetic_track_0,0.36840473485117786,60.442088205600875
69.454252,755,127.040967,synthetic_track_0,0.453811238669844,74.45425186366333
30.932593,386,129.427123,synthetic_track_0,0.2190152199669863,35.93259258451504
45.325012,542,130.385032,synthetic_track_0,0.3067394441149993,50.325011552376615
28.9071,384,131.154676,synthetic_track_0,0.20666950343443036,33.90710046394409
55.148173,628,132.217859,synthetic_track_0,0.36661327478174427,60.148173450196715
31.83394,417,134.4089,synthetic_track_0,0.22450908405795544,36.833939897844445
30.751343,391,135.051701,synthetic_track_0,0.21791047481801398,35.75134327520345
69.368275,785,136.353747,synthetic_track_0,0.45328719798819617,74.36827546296294
28.483021,391,137.028999,synthetic_track_0,0.2040846701356706,33.48302143492856
55.945443,625,139.690758,synthetic_track_0,0.37147276430535764,60.94544250413296
30.977357,414,140.472811,synthetic_track_0,0.21928806394554318,35.97735655809688
59.728194,714,141.551242,synthetic_track_0,0.3945292748505964,64.72819422324875
46.895241,554,144.055772,synthetic_track_0,0.3163102554885468,51.89524062522718
46.560405,559,145.082305,synthetic_track_0,0.3142693763023129,51.560405081267206
16.255674,272,145.51449,synthetic_track_0,0.12955692063587934,21.25567367608119
60.235482,674,146.577938,synthetic_track_0,0.39762128215468245,65.23548243245547
69.133739,789,149.181839,synthetic_track_0,0.45185766024999047,74.13373926434224
68.629753,785,150.399535,synthetic_track_0,0.44878577867966885,73.62975297082855
69.268275,804,151.639601,synthetic_track_0,0.45267768103153305,74.26827545163756
31.201995,410,153.726231,synthetic_track_0,0.22065727128922566,36.20199468896141
6.200784,172,154.023229,synthetic_track_0,0.06827066792556499,11.20078365518079
47.078751,560,154.92347,synthetic_track_0,0.3174287807549637,52.07875076073148
53.868314,636,155.89239,synthetic_track_0,0.3588123166617939,58.86831422427035
60.106283,702,158.545069,synthetic_track_0,0.3968337897590439,65.10628299407786
18.206806,292,159.125143,synthetic_track_0,0.14144940121308255,23.206805928279532
69.635972,823,160.434487,synthetic_track_0,0.45491885489258044,74.63597221386358
60.404708,695,162.894768,synthetic_track_0,0.3986527387416159,65.40470770050982
69.235972,741,164.07382,synthetic_track_0,0.4524807872670476,74.23597220155862
68.696449,748,165.239527,synthetic_track_0,0.4491923037731866,73.69644925140192
68.848592,779,168.027336,synthetic_track_0,0.4501196416909258,73.84859235630265
70.303669,810,169.344059,synthetic_track_0,0.45898857931714154,75.30366895978402
49.261316,605,170.300133,synthetic_track_0,0.33073188177875606,54.261315558148894
60.065762,664,172.789522,synthetic_track_0,0.39658681039906574,65.06576248267132
68.596684,758,174.023057,synthetic_track_0,0.44858421585421543,73.59668369423538
52.10041,594,174.974023,synthetic_track_0,0.34803664257116823,57.100410117056555
9.463221,201,175.272902,synthetic_track_0,0.08815577342874625,14.463220825773845
69.663163,720,178.072098,synthetic_track_0,0.4550845845350051,74.66316254210342
69.55655,761,179.33351,synthetic_track_0,0.4544347609059484,74.55654964224101
68.685825,740,180.5365,synthetic_track_0,0.44912754412151923,73.68582450039315
59.432612,649,183.29401,synthetic_track_0,0.3927276484474628,64.4326115347805
5.520912,175,183.607594,synthetic_track_0,0.06412673439062794,10.52091183882644
69.735972,736,184.801791,synthetic_track_0,0.455528371698911,74.73597220052476
30.776444,387,185.386647,synthetic_track_0,0.21806346513115604,35.776443533497556
68.768275,705,187.949821,synthetic_track_0,0.44963009665223536,73.7682754612956
56.378947,613,188.93199,synthetic_track_0,0.37411504586969346,61.37894674625443
33.356317,405,189.583112,synthetic_track_0,0.233788229876178,38.35631704710721
69.975592,742,192.155787,synthetic_track_0,0.45698889653480024,74.97559227759284
31.744442,379,192.824916,synthetic_track_0,0.22396357874042275,36.74444191532732
69.717727,703,193.99489,synthetic_track_0,0.45541716441144003,74.71772704772795
69.535972,735,196.547243,synthetic_track_0,0.45430933800666046,74.53597221414464
69.301536,707,197.628757,synthetic_track_0,0.4528804068816455,74.30153553913074
58.687824,641,198.807301,synthetic_track_0,0.38818804491249514,63.68782437185272
69.335972,743,201.911138,synthetic_track_0,0.45309030427046587,74.33597222055486
37.294538,413,202.771283,synthetic_track_0,0.25779235091444,42.29453787827717
69.635972,701,204.13407,synthetic_track_0,0.45491885489258044,74.63597221386358
27.069906,331,204.71989,synthetic_track_0,0.19547149305877612,32.069906023091036
69.805223,705,207.539571,synthetic_track_0,0.4559504680802198,74.805223174513
69.224039,715,208.951725,synthetic_track_0,0.4524080546594683,74.22403937261574
68.888178,718,210.273852,synthetic_track_0,0.4503609248276776,73.88817832047319
41.502668,456,212.615955,synthetic_track_0,0.2834416160064388,46.502668220917016
69.469452,778,213.885988,synthetic_track_0,0.4539038857301499,74.46945194461033
69.212184,706,214.99321,synthetic_track_0,0.4523357951203766,74.21218415735298
44.183031,469,215.82609,synthetic_track_0,0.2997788777507105,49.18303066464118
26.578782,327,217.837173,synthetic_track_0,0.19247800934297948,31.578782023652483
69.135972,685,218.912585,synthetic_track_0,0.45187127038257857,74.13597220207772
68.768275,681,219.980141,synthetic_track_0,0.44963009665223547,73.76827546129562
69.041538,712,222.672476,synthetic_track_0,0.45129567655197433,74.04153776682533
40.46644,451,223.427504,synthetic_track_0,0.2771256315975117,45.46644026118738
61.802568,649,224.458996,synthetic_track_0,0.4071729313074294,66.80256766775382
70.008432,741,227.307253,synthetic_track_0,0.4571890573934329,75.0084315413924
60.508543,640,228.393944,synthetic_track_0,0.3992856346751255,65.50854336878267
49.283754,522,229.288591,synthetic_track_0,0.33086865051280034,54.283754433399
70.103669,751,230.403352,synthetic_track_0,0.457769545624891,75.1036689734039
44.205507,465,232.43225,synthetic_track_0,0.29991587291232785,49.205506688586865
56.294952,590,233.312632,synthetic_track_0,0.3736030866405794,61.29495248136996
59.043876,618,234.233486,synthetic_track_0,0.3903582427296502,64.04387649463848
68.923326,687,236.781218,synthetic_track_0,0.4505751569408712,73.92332617569105
69.438848,724,237.953467,synthetic_track_0,0.45371734826985,74.43884779498221
55.061798,585,239.037364,synthetic_track_0,0.36608679906634745,60.06179754723506
69.068275,696,241.733446,synthetic_track_0,0.4514586472743501,74.06827545460435
18.339981,265,242.153213,synthetic_track_0,0.14226112650251432,23.33998112094466
69.735972,692,243.431317,synthetic_track_0,0.455528371698911,74.73597220052476
69.435055,711,244.535305,synthetic_track_0,0.4536942317082186,74.43505519101988
69.173371,707,247.177269,synthetic_track_0,0.4520992222686071,74.17337098308833
34.704301,395,247.886102,synthetic_track_0,0.242004417903383,39.70430070332905
48.299367,492,248.78895,synthetic_track_0,0.32486864128908266,53.29936674120263
48.242704,490,249.527672,synthetic_track_0,0.3245232728707399,53.242704091594355
68.568275,675,252.561146,synthetic_track_0,0.4484110627643481,73.56827544281848
69.893131,702,254.050364,synthetic_track_0,0.4564862809186898,74.89313096662535
68.76287,672,255.521837,synthetic_track_0,0.44959714705377635,73.7628696064083
68.939074,688,258.337298,synthetic_track_0,0.45067114194907354,73.93907389493391
43.485094,462,259.171978,synthetic_track_0,0.29552483645145444,48.48509408805573
69.633634,679,260.462087,synthetic_track_0,0.4549046042075903,74.6336341843062
69.368275,709,264.491617,synthetic_track_0,0.45328719798819617,74.36827546296294
68.568275,727,265.925954,synthetic_track_0,0.4484110627643481,73.56827544281848
48.492566,489,266.839781,synthetic_track_0,0.3260462253773202,53.49256632469745
69.241708,674,269.822099,synthetic_track_0,0.4525157456671485,74.241707629208
68.87043,668,271.113252,synthetic_track_0,0.4502527452180875,73.87042990171975
69.168275,672,272.433276,synthetic_track_0,0.4520681640806806,74.16827544126551
68.950471,666,275.069863,synthetic_track_0,0.450740611959555,73.95047144796173
69.135972,661,276.248662,synthetic_track_0,0.45187127038257857,74.13597220207772
68.668275,682,277.612354,synthetic_track_0,0.44902057964881714,73.66827544229938
49.06152,478,278.435025,synthetic_track_0,0.32951409286048633,54.061519794819205
69.635972,703,281.382985,synthetic_track_0,0.45491885489258044,74.63597221386358
68.427784,690,282.577491,synthetic_track_0,0.4475547461386745,73.42778440097072
59.946119,599,283.679502,synthetic_track_0,0.39585756451667714,64.94611922139589
68.977699,666,286.538086,synthetic_track_0,0.45090657138408385,73.97769947525616
70.303669,720,287.762873,synthetic_track_0,0.4589885793171415,75.303668959784
70.031834,689,289.042592,synthetic_track_0,0.4573316994291296,75.03183401613771
70.135304,680,291.697047,synthetic_track_0,0.4579623638843381,75.13530357834419
69.100598,664,292.986158,synthetic_track_0,0.4516556557243441,74.10059752048821
68.500579,621,294.144729,synthetic_track_0,0.44799843965611946,73.50057869534507
69.37295,671,296.886121,synthetic_track_0,0.45331569074475503,74.37295010892223
61.294441,593,297.973176,synthetic_track_0,0.404075813399427,66.29444099057024
70.397854,693,299.128998,synthetic_track_0,0.4595626553410739,75.3978543770514
54.936796,550,301.499957,synthetic_track_0,0.36532489093002,59.93679557406805
68.999944,677,302.717277,synthetic_track_0,0.45104215678237897,73.99994420728018
69.735972,685,303.901038,synthetic_track_0,0.455528371698911,74.73597220052476
70.103669,699,306.605609,synthetic_track_0,0.457769545624891,75.1036689734039
47.52577,469,307.439634,synthetic_track_0,0.3201534360256137,52.52576959251986
49.296198,511,308.336193,synthetic_track_0,0.33094449324758995,54.29619752338197
48.91992,485,309.191435,synthetic_track_0,0.32865101768609584,53.91991991598039
48.504637,474,311.590972,synthetic_track_0,0.3261197996037016,53.504637233293124
70.671366,741,312.919764,synthetic_track_0,0.46122975324312154,75.67136573266316
48.500849,488,313.822231,synthetic_track_0,0.32609670966508303,53.50084899721845
70.240985,720,316.528065,synthetic_track_0,0.45860651165497807,75.24098527211012
69.177225,676,317.759504,synthetic_track_0,0.45212271208098825,74.17722482419721
69.906294,700,319.116147,synthetic_track_0,0.4565665118783876,74.90629400793325
70.246904,740,321.909587,synthetic_track_0,0.4586425857419087,75.2469037442087
59.323355,667,323.029513,synthetic_track_0,0.3920617097841921,64.3233547320926
69.855556,710,324.164703,synthetic_track_0,0.45625725742985085,74.8555563737821
21.922491,289,324.639627,synthetic_track_0,0.16409713088569788,26.922491273859567
49.357903,492,327.062145,synthetic_track_0,0.3313205996177077,54.35790317547281
69.803669,694,328.250922,synthetic_track_0,0.4559409948852781,74.80366896081789
70.212504,680,329.385052,synthetic_track_0,0.45843291518511875,75.2125042778372
26.590783,321,329.969588,synthetic_track_0,0.1925511559029444,31.5907827674299
48.894557,511,332.421206,synthetic_track_0,0.3284964285795842,53.8945573526703
49.9557,502,333.251157,synthetic_track_0,0.33496427133315654,54.95569985500348
69.635972,716,334.465069,synthetic_track_0,0.4549188548925805,74.6359722138636
70.718974,726,337.21518,synthetic_track_0,0.46151993229807536,75.71897377451425
49.004081,503,338.084312,synthetic_track_0,0.3291639908168267,54.00408052598791
70.003669,718,339.32113,synthetic_track_0,0.45716002870722555,75.00366896847665
25.744878,311,339.841173,synthetic_track_0,0.18739522205575365,30.744877764335854
69.903669,678,342.77395,synthetic_track_0,0.45655051188869644,74.90366897981413
69.803669,732,344.043333,synthetic_track_0,0.455940994885278,74.80366896081787
69.603669,717,345.237419,synthetic_track_0,0.45472196136162624,74.6036690020988
45.960405,494,347.522183,synthetic_track_0,0.31061227491959686,50.960405071929
69.803669,700,348.698813,synthetic_track_0,0.4559409948852781,74.80366896081789
45.528852,465,349.48984,synthetic_track_0,0.3079818847695591,50.528851787121326
71.900906,722,352.299011,synthetic_track_0,0.4687240066344644,76.90090564261479
48.300544,484,353.247825,synthetic_track_0,0.3248758185150823,53.30054426821547
15.42069,235,353.718695,synthetic_track_0,0.12446755590174957,20.420690292127098
48.890892,490,354.59231,synthetic_track_0,0.32847408834835695,53.890892116861316
70.403669,697,357.452287,synthetic_track_0,0.459598096267994,75.40366897015608
27.746569,330,358.111114,synthetic_track_0,0.19959586824678516,32.74656901171233
61.223543,580,359.191964,synthetic_track_0,0.4036436791775099,66.22354316465515
36.927961,390,359.930215,synthetic_track_0,0.25555800421986147,41.927961210769986
70.971366,714,362.904341,synthetic_track_0,0.46305830388622454,75.97136572941534
49.485509,491,363.947232,synthetic_track_0,0.33209837948051363,54.48550913333664
42.826704,450,364.733823,synthetic_track_0,0.2915118346804186,47.82670350816222
70.865841,724,366.386336,synthetic_track_0,0.46241511282398173,75.86584099740331
47.278936,471,369.15239,synthetic_track_0,0.3186489460956349,52.27893641028904
49.444925,475,370.020288,synthetic_track_0,0.33185101194490535,54.44492493614255
70.279993,708,371.401182,synthetic_track_0,0.458844269486597,75.27999285933913
69.609588,667,372.595906,synthetic_track_0,0.45475803719916036,74.60958776140902
48.818245,486,376.487294,synthetic_track_0,0.32803129187775626,53.81824499590619
49.305061,470,377.633759,synthetic_track_0,0.3309985183365858,54.30506111520231
70.788298,750,379.50802,synthetic_track_0,0.46194247520435205,75.788298007337
48.884378,487,382.875445,synthetic_track_0,0.3284343821254796,53.88437774069177
70.682808,711,384.506814,synthetic_track_0,0.4612994959904151,75.68280803208236
44.349798,452,385.50792,synthetic_track_0,0.3007953537769855,49.34979815655144
49.17257,505,386.61097,synthetic_track_0,0.33019096431290795,54.17257027859664
70.871366,730,390.163924,synthetic_track_0,0.462448786935372,75.87136571904327
70.747565,723,391.616203,synthetic_track_0,0.46169419874625783,75.7475646883541
46.379879,492,392.594881,synthetic_track_0,0.3131690367090988,51.37987856665542
69.414436,681,395.925202,synthetic_track_0,0.45356855509307825,74.41443613719376
60.050364,609,397.192366,synthetic_track_0,0.39649295257677947,65.05036375883107
31.632486,363,398.147134,synthetic_track_0,0.2232811906266204,36.632486344013735
70.534833,695,399.579405,synthetic_track_0,0.460397561285692,75.53483268914712
34.92837,385,402.282784,synthetic_track_0,0.24337015857201244,39.928370076358746
70.352606,691,403.806635,synthetic_track_0,0.4592868596168372,75.35260612719442
58.712129,575,405.236282,synthetic_track_0,0.38833618550334187,63.712128963546974
48.879077,478,406.1621,synthetic_track_0,0.3284020725146468,53.87907688496679
70.203669,674,409.038806,synthetic_track_0,0.45837906251081095,75.20366897312284
70.832218,678,410.343161,synthetic_track_0,0.462210177830074,75.83221846814024
46.628102,470,411.293216,synthetic_track_0,0.3146819995412457,51.62810185018451
70.13794,706,414.441378,synthetic_track_0,0.45797843566479823,75.1379403847701
43.64933,444,415.3005,synthetic_track_0,0.29652588109943245,48.64932984071312
49.274445,491,416.327334,synthetic_track_0,0.33081191062118176,54.27444543921527
44.9748,452,417.226446,synthetic_track_0,0.3046048469509098,49.97480022806385
31.898702,365,419.641888,synthetic_track_0,0.2249038190009499,36.89870183488074
46.959129,489,420.623237,synthetic_track_0,0.31669966412292944,51.95912870483313
43.18581,444,421.533401,synthetic_track_0,0.2937006485452902,48.185809860961015
48.506612,487,422.58523,synthetic_track_0,0.32613183885608277,53.506612445567875
70.184998,713,425.538873,synthetic_track_0,0.45826525793467177,75.18499769781477
72.206759,741,426.972288,synthetic_track_0,0.4705882360793487,77.20675925925924
70.97969,725,428.439573,synthetic_track_0,0.46310904153111315,75.97968996881183
48.437836,507,431.139179,synthetic_track_0,0.32571263302911346,53.437835708536475
45.182486,497,432.192172,synthetic_track_0,0.3058707273646928,50.18248609197796
70.171366,730,433.681142,synthetic_track_0,0.45818216897985675,75.17136576135806
69.603669,710,436.721369,synthetic_track_0,0.45472196136162624,74.6036690020988
70.512788,739,438.116377,synthetic_track_0,0.4602631968296866,75.51278827024231
70.928684,683,439.366961,synthetic_track_0,0.462798153492144,75.92868432068673
71.145887,739,442.34544,synthetic_track_0,0.4641220430006666,76.14588740978633
71.906759,744,443.71564,synthetic_track_0,0.46875968536550255,76.90675925090063
49.872956,512,444.632151,synthetic_track_0,0.3344599365686989,54.872956493057245
48.140222,476,445.607254,synthetic_track_0,0.3238986250593129,53.140221646218194
44.586033,449,447.809014,synthetic_track_0,0.30223524212706604,49.58603252171762
71.36637,713,449.011186,synthetic_track_0,0.46546592287213945,76.36637020505253
70.857015,742,450.348127,synthetic_track_0,0.4623613142031372,75.85701456093598
48.628736,485,452.639774,synthetic_track_0,0.3268762009111903,53.62873573209372
70.833871,737,453.883453,synthetic_track_0,0.4622202495037805,75.83387087087277
70.471366,719,455.297416,synthetic_track_0,0.46001071950692685,75.47136573907338
48.578286,476,457.545694,synthetic_track_0,0.3265687002023916,53.578285824135826
70.939062,721,458.740225,synthetic_track_0,0.46286141012173915,75.93906247933641
71.350926,744,459.998652,synthetic_track_0,0.46537178793732414,76.35092601692169
71.865968,710,462.636362,synthetic_track_0,0.46851105570004625,76.86596798317682
70.758244,746,463.832088,synthetic_track_0,0.46175928854375703,75.75824360452852
71.039062,710,465.033675,synthetic_track_0,0.4634709271251575,76.03906249833265
49.801919,512,467.480155,synthetic_track_0,0.33402695406383287,54.80191949414037
48.524868,478,468.25907,synthetic_track_0,0.3262431106340757,53.524868178961086
49.072293,500,469.121895,synthetic_track_0,0.32957975970452413,54.07229338376648
30.900498,367,469.749506,synthetic_track_0,0.21881959667417009,35.90049777356142
48.108896,482,470.558742,synthetic_track_0,0.32370768902734715,53.108895847730935
53.805875,540,472.897322,synthetic_track_0,0.35843173734434314,58.8058747209239
72.601842,733,474.152264,synthetic_track_0,0.4729963329681866,77.60184214173515
73.416259,855,475.560208,synthetic_track_0,0.4779603441268228,78.41625947115703
71.83233,757,478.557728,synthetic_track_0,0.4683060277080809,76.83233019624664
56.11125,556,479.536025,synthetic_track_0,0.37248338886137894,61.11124997830254
79.905515,899,482.862519,synthetic_track_0,0.5175134516219652,84.9055148630367
48.526949,469,483.714238,synthetic_track_0,0.32625579492167167,53.52694921852756
48.76059,487,484.505734,synthetic_track_0,0.32767987559610734,53.76059010745616
73.03784,756,485.731186,synthetic_track_0,0.47565381457820555,78.0378401696715
49.554246,492,488.095328,synthetic_track_0,0.33251734358018,54.554246211532025
73.045813,751,489.387273,synthetic_track_0,0.4757024085383129,78.04581270678955
57.074849,582,490.361111,synthetic_track_0,0.37835668769119535,62.074849010418724
49.407889,481,492.769729,synthetic_track_0,0.33162526952006405,54.407888648974534
72.955432,755,494.23951,synthetic_track_0,0.47515152094869617,77.95543168523065
70.771366,746,495.451097,synthetic_track_0,0.4618392701290416,75.77136573238212
49.643392,499,497.818787,synthetic_track_0,0.33306070106654545,54.643391811496535
43.483837,442,498.640869,synthetic_track_0,0.29551717442378855,48.48383702236627
56.478947,537,499.647801,synthetic_track_0,0.37472456278735894,61.47894675118169
48.799023,469,500.469661,synthetic_track_0,0.327914131792182,53.79902320107959
43.648331,440,501.252517,synthetic_track_0,0.29651979144881274,48.648330746062385
98.088507,1165,504.895458,synthetic_track_0,0.6283418589123347,103.0885069243
72.14166,719,506.153217,synthetic_track_0,0.47019144730274504,77.14166036131984
78.767888,858,509.285208,synthetic_track_0,0.5105794209120456,83.76788753053619
56.278947,551,510.364282,synthetic_track_0,0.37350552905116435,61.27894675759192
48.62157,485,511.203347,synthetic_track_0,0.3268325225578845,53.621569670875076
44.910411,463,511.952079,synthetic_track_0,0.3042123836346615,49.91041098402299
43.935172,449,514.237566,synthetic_track_0,0.29826814004312074,48.93517244475551
78.813458,860,515.647027,synthetic_track_0,0.510857179398003,83.81345779964491
56.569834,584,516.625224,synthetic_track_0,0.3752785367694436,61.56983413975528
98.76231,1012,519.777123,synthetic_track_0,0.6324488036738168,103.76231020109368
79.286817,864,521.152223,synthetic_track_0,0.5137423844024992,84.28681712127101
72.570606,726,523.859555,synthetic_track_0,0.47280594197170717,77.57060576414784
54.943553,557,524.829506,synthetic_track_0,0.36536607992681597,59.94355322059625
56.407346,575,525.798783,synthetic_track_0,0.37428814544036326,61.407346217078285
43.212026,430,526.531936,synthetic_track_0,0.2938604426092729,48.21202637230383
123.51253,1381,530.309992,synthetic_track_0,0.7833055748155684,128.51253028565714
49.403687,487,531.175065,synthetic_track_0,0.3315996595637371,54.4036869677994
57.41434,553,533.650289,synthetic_track_0,0.38042594428762533,62.41434027611043
98.856204,1061,535.3831,synthetic_track_0,0.6330211004184525,103.8562037020364
100.638605,1108,538.765458,synthetic_track_0,0.6438851392172108,105.6386053088151
44.757315,448,539.557214,synthetic_track_0,0.3032792364967689,49.75731479311737
48.318072,507,540.524238,synthetic_track_0,0.324982655073205,53.31807234008524
44.434467,452,541.34638,synthetic_track_0,0.301311422394674,49.43446662565532
49.321221,472,543.816182,synthetic_track_0,0.33109701755052545,54.32122132600831
55.91125,563,544.792486,synthetic_track_0,0.37126435516912837,60.91124999192242
46.376154,473,545.595137,synthetic_track_0,0.3131463360424323,51.37615419623566
43.06095,437,546.326061,synthetic_track_0,0.29293960426060467,48.060949615063485
56.175801,554,548.895153,synthetic_track_0,0.3728768404010448,61.175801354589055
56.17288,558,549.8232,synthetic_track_0,0.37285903251633706,61.172879715325394
48.799905,477,550.630967,synthetic_track_0,0.32791950692356864,53.7999050685874
124.315622,1259,554.533767,synthetic_track_0,0.7882005567854624,129.31562238518913
48.764194,483,555.429017,synthetic_track_0,0.3277018403572971,53.764193742012544
48.034385,478,556.359678,synthetic_track_0,0.3232535301630755,53.034384562894296
56.878947,562,557.505402,synthetic_track_0,0.37716263038712505,61.87894675925924
48.690298,481,560.022133,synthetic_track_0,0.3272514323071769,53.690297832110964
48.439677,475,560.791119,synthetic_track_0,0.3257238561056391,53.439677015439266
55.41125,537,561.878998,synthetic_track_0,0.36821677090586363,60.411250020617324
48.44754,486,562.878693,synthetic_track_0,0.32577178219065184,53.447539978055254
55.689831,578,565.377335,synthetic_track_0,0.36991476631474796,60.68983055601123
49.030464,481,566.286464,synthetic_track_0,0.32932480035051054,54.03046363972055
47.563495,461,567.155089,synthetic_track_0,0.3203833808898194,52.56349535022588
48.324347,474,567.950501,synthetic_track_0,0.32502090321949345,53.324347497847796
55.401638,553,570.35742,synthetic_track_0,0.3681581831460402,60.401637857113386
76.996911,847,571.778797,synthetic_track_0,0.49978502226451355,81.99691139081825
43.819704,452,572.520276,synthetic_track_0,0.2975643418403859,48.819704240836174
56.988527,593,575.006578,synthetic_track_0,0.3778305405563055,61.98852701580869
79.486817,875,576.492283,synthetic_track_0,0.5149614181596821,84.48681711830423
49.267852,476,577.31629,synthetic_track_0,0.3307717240599155,54.267852256633844
123.367164,1325,580.957295,synthetic_track_0,0.7824195448208936,128.3671643388471
77.946073,872,582.397464,synthetic_track_0,0.5055703217789179,82.94607287129354
57.598375,594,584.8841,synthetic_track_0,0.38154766632913495,62.59837488848445
48.870372,487,585.696164,synthetic_track_0,0.3283490171137549,53.87037238440768
56.278947,560,586.708744,synthetic_track_0,0.3735055290511643,61.27894675759191
124.277078,1325,590.453075,synthetic_track_0,0.7879656232924581,129.27707817127626
123.628054,1208,592.415063,synthetic_track_0,0.784009712907939,128.6280542533531
123.258615,1281,596.119566,synthetic_track_0,0.7817579154812238,128.25861454259137
46.560405,476,596.939958,synthetic_track_0,0.3142693763023129,51.560405081267206
80.022211,892,600.278992,synthetic_track_0,0.5182247320134273,85.02221062748457
77.551424,778,601.714147,synthetic_track_0,0.5031648680168533,82.55142363172843
45.692708,475,602.643276,synthetic_track_0,0.3089806180409793,50.69270832525576
123.478111,1320,606.386554,synthetic_track_0,0.7830957810061102,128.4781105979151
42.753837,479,607.155309,synthetic_track_0,0.29106770089538786,47.75383698156679
49.529031,493,608.029112,synthetic_track_0,0.33236365196728623,54.52903089494078
77.31603,878,611.128661,synthetic_track_0,0.5017301046434232,82.31603009259256
56.746643,617,612.222323,synthetic_track_0,0.3763562196659765,61.746643497854926
57.033938,585,613.227053,synthetic_track_0,0.3781073292480248,62.03393817624334
101.183501,1166,616.629844,synthetic_track_0,0.6472063701610828,106.18350094850273
78.448578,903,618.075087,synthetic_track_0,0.5086331728659762,83.44857758432167
78.953627,883,621.081202,synthetic_track_0,0.5117115372666147,83.95362747926272
123.867164,1286,623.204187,synthetic_track_0,0.7854671293383253,128.86716435185193
122.999468,1271,626.787148,synthetic_track_0,0.7801783710062486,127.99946758423407
100.329577,1106,630.125131,synthetic_track_0,0.6420015597929521,105.32957705012757
73.217291,787,631.546365,synthetic_track_0,0.4767476000046491,78.21729137908608
58.326634,633,632.801038,synthetic_track_0,0.3859865302964598,63.3266342784027
79.826464,822,635.663316,synthetic_track_0,0.5170316218393225,84.8264637665997
72.774456,785,636.927394,synthetic_track_0,0.47404844369757915,77.77445601851849
73.506236,789,639.711056,synthetic_track_0,0.4785087666726927,78.50623606688347
58.963068,592,640.711083,synthetic_track_0,0.38986570400950316,63.96306844318978
122.597028,1300,642.9145,synthetic_track_0,0.7777254336244397,127.59702797483543
49.741723,490,645.472262,synthetic_track_0,0.33366004421275586,54.74172266308916
49.076253,478,646.289799,synthetic_track_0,0.32960389307699084,54.07625281015095
71.850955,829,647.861537,synthetic_track_0,0.468419549590858,76.85095509164832
127.84083,1316,651.549953,synthetic_track_0,0.8096872896580264,132.84082953014703
123.686539,1341,655.317266,synthetic_track_0,0.7843661873133765,128.68653899966125
57.737484,586,656.337425,synthetic_track_0,0.3823955617657063,62.73748431330516
124.341823,1286,660.115312,synthetic_track_0,0.7883602547017076,129.34182312211462
68.980909,987,661.852953,synthetic_track_0,0.45092613652603075,73.98090941780966
122.739817,1296,665.664116,synthetic_track_0,0.7785957591950127,127.73981738530654
49.143421,481,666.494275,synthetic_track_0,0.33001329709529287,54.1434214196856
68.06392,710,667.787212,synthetic_track_0,0.44533693066806457,73.06391991819608
123.446322,1241,671.571273,synthetic_track_0,0.7829020232167978,128.4463218496058
59.204129,592,672.629014,synthetic_track_0,0.39133500802879634,64.20412887139203
58.176457,582,673.608073,synthetic_track_0,0.38507117333567914,63.17645682157532
123.786623,1271,677.31836,synthetic_track_0,0.7849762188619103,128.78662343717417
70.333598,787,678.66575,synthetic_track_0,0.45917099892086977,75.33359751589616
122.582246,1270,682.307468,synthetic_track_0,0.7776353373833735,127.58224639242252
59.260341,581,683.280309,synthetic_track_0,0.39167763313254633,64.26034144083872
10.655363,198,683.608082,synthetic_track_0,0.09542207914077648,15.655362644887026
79.014929,822,686.465008,synthetic_track_0,0.5120851785005602,84.0149286903574
122.999468,1222,688.543361,synthetic_track_0,0.7801783710062486,127.99946758423405
122.263842,1304,692.245101,synthetic_track_0,0.7756946096117365,127.26384212651716
79.852134,866,693.781371,synthetic_track_0,0.5171880880048223,84.85213428839728
127.474168,1313,697.580004,synthetic_track_0,0.8074524228462665,132.47416752994573
68.264635,1194,701.275531,synthetic_track_0,0.44656032004687535,73.26463451751779
68.771457,782,702.682245,synthetic_track_0,0.44964949023621886,73.7714572573011
104.458573,1120,706.219483,synthetic_track_0,0.6671684895054797,109.45857334590872
41.28466,422,706.959883,synthetic_track_0,0.2821128167536945,46.28465961775844
59.529405,649,708.002575,synthetic_track_0,0.39331762293969963,64.52940532412536
55.863814,579,708.955155,synthetic_track_0,0.37097522402762473,60.86381387532416
122.701714,1490,713.025926,synthetic_track_0,0.7783635130575977,127.701714070677
78.138941,1193,716.448061,synthetic_track_0,0.5067458839693637,83.1389407334148
78.707629,846,717.876082,synthetic_track_0,0.5102121380035898,83.70762949406372
65.271447,634,718.939341,synthetic_track_0,0.4283163357773151,70.27144685697426
48.45397,466,721.333674,synthetic_track_0,0.3258109731923022,53.45396982478231
48.665774,470,722.199136,synthetic_track_0,0.3271019540079999,53.665773770151425
49.009304,472,723.031238,synthetic_track_0,0.3291958275855072,54.009303805166304
57.046644,560,723.931139,synthetic_track_0,0.37818477040558945,62.046643510440944
122.48703,1213,727.529924,synthetic_track_0,0.7770549786071528,127.48703019940208
52.088392,483,728.358681,synthetic_track_0,0.3479633887994607,57.08839178365287
49.439176,475,729.196925,synthetic_track_0,0.33181596859835427,54.43917557180793
127.608738,1307,733.278097,synthetic_track_0,0.8082726550603215,132.60873840578157
79.021396,870,736.230988,synthetic_track_0,0.5121245954451709,84.02139560627234
69.102212,676,737.35241,synthetic_track_0,0.4516654943748752,74.10221169242188
79.181191,932,738.951274,synthetic_track_0,0.5130985768390803,84.18119124338615
48.310159,470,741.211529,synthetic_track_0,0.32493441943078344,53.31015859013011
78.92588,827,742.569819,synthetic_track_0,0.5115424125196536,83.92588013535928
75.948333,758,743.859626,synthetic_track_0,0.4933937618013446,80.94833331318883
50.368072,483,746.147128,synthetic_track_0,0.3374777493953521,55.36807203257454
79.93624,822,747.61516,synthetic_track_0,0.5177007288306601,84.93624037901417
78.325299,842,749.102771,synthetic_track_0,0.5078817681890616,83.32529885453413
48.232532,463,751.437645,synthetic_track_0,0.32446127148861476,53.232531874321445
49.333139,474,752.323908,synthetic_track_0,0.3311696564197301,54.333138775824466
47.51455,456,753.164482,synthetic_track_0,0.3200850535886928,52.514550471555644
49.608835,475,754.028837,synthetic_track_0,0.33285007162628727,54.608835026519486
74.064966,764,757.004274,synthetic_track_0,0.4819143173348454,79.06496556745199
48.667779,463,757.793125,synthetic_track_0,0.32711417720527913,53.66777916122872
48.498483,464,758.656162,synthetic_track_0,0.32608228710264714,53.498482768697386
45.425012,447,759.548381,synthetic_track_0,0.3073489610658518,50.42501156274868
9.740069,189,759.968795,synthetic_track_0,0.08984321064442387,14.740069137923255
72.781637,775,763.039644,synthetic_track_0,0.4740922151926428,77.78163736098033
47.463495,455,763.799693,synthetic_track_0,0.31977386425063653,52.463495390987696
125.370255,1283,767.504222,synthetic_track_0,0.7946287182855012,130.37025460793225
73.203282,779,768.774749,synthetic_track_0,0.47666220870804205,78.2032817103895
48.37555,462,769.496993,synthetic_track_0,0.32533299306743313,53.37555031999628
73.386417,759,772.205568,synthetic_track_0,0.47777844833909433,78.3864168545833
52.43155,484,772.969563,synthetic_track_0,0.3500549962579957,57.431550029301725
48.331246,461,773.736919,synthetic_track_0,0.3250629479340691,53.33124553716857
48.721368,484,774.54971,synthetic_track_0,0.3274408121733874,53.72136831925463
49.449716,470,776.843353,synthetic_track_0,0.3318802148174588,54.44971608683024
9.734131,190,777.142437,synthetic_track_0,0.08980701886197669,14.734131356184717
9.201204,186,777.45987,synthetic_track_0,0.08655873728798506,14.201204108408868
9.731538,189,777.830005,synthetic_track_0,0.08979121206031065,14.731538023335908
127.335439,1301,780.011342,synthetic_track_0,0.8066068462359645,132.33543854188017
63.437778,644,782.512051,synthetic_track_0,0.4171398148156482,68.43777806314156
62.918286,612,783.507118,synthetic_track_0,0.41397342348675764,67.9182860862766
48.814857,452,784.262405,synthetic_track_0,0.32801064057837415,53.8148568536248
53.070189,486,786.51629,synthetic_track_0,0.3539476101449749,58.07018924766625
44.92762,464,787.332089,synthetic_track_0,0.30431727704605094,49.92762025476145
55.643553,624,788.539748,synthetic_track_0,0.3696326981940009,60.643553229415346
58.342677,608,789.547163,synthetic_track_0,0.38608431636732554,63.34267748784444
73.08441,808,792.348763,synthetic_track_0,0.47593766796406,78.08441039465029
43.288163,413,793.095433,synthetic_track_0,0.2943245080489989,48.2881629731334
9.569366,187,793.417552,synthetic_track_0,0.08880274744658957,14.569366205987306
43.382656,412,794.109546,synthetic_track_0,0.2949004604811971,48.38265624212794
45.892708,439,794.854507,synthetic_track_0,0.3101996517332299,50.89270831163588
49.496553,456,797.098742,synthetic_track_0,0.33216569573836935,54.49655333231153
47.663495,470,797.89799,synthetic_track_0,0.32099289777428847,52.663495349706785
48.184117,474,798.724348,synthetic_track_0,0.3241661728450452,53.184116703297136
48.009884,461,799.524819,synthetic_track_0,0.32310419309277455,53.00988367156036
19.759413,264,799.990211,synthetic_track_0,0.15091280399340057,24.759413078684837
11.560776,203,801.851562,synthetic_track_0,0.10094072442530913,16.560775668956577
49.639224,493,802.659306,synthetic_track_0,0.3330352987934015,54.639224203730556
22.818941,305,803.162009,synthetic_track_0,0.16956114215857634,27.818940803600622
49.171219,475,804.156626,synthetic_track_0,0.33018273024156936,54.17121936092632
51.497692,467,804.933071,synthetic_track_0,0.3443629755523475,56.49769227718062
72.044125,892,807.975139,synthetic_track_0,0.4695969541973707,77.04412522858824
56.646643,512,808.814519,synthetic_track_0,0.3757467027815075,61.64664349837403
41.754104,438,809.725218,synthetic_track_0,0.28497415787938135,46.75410372730536
48.3244,469,812.118707,synthetic_track_0,0.32502122184163257,53.324399772386144
10.986452,198,812.467647,synthetic_track_0,0.0974401229328315,15.986451714443714
49.193735,488,813.365357,synthetic_track_0,0.33031996787584705,54.1937351659946
46.460405,461,814.184104,synthetic_track_0,0.31365985935146035,51.460405070895135
50.584945,463,815.113537,synthetic_track_0,0.33879962974021144,55.58494548951725
48.369989,445,817.400141,synthetic_track_0,0.32529909400204476,53.36998869142188
126.765269,1347,819.64427,synthetic_track_0,0.8031315650257643,131.765268743354
38.90805,420,820.379023,synthetic_track_0,0.26762697867713664,43.90804981900259
43.404731,437,822.705343,synthetic_track_0,0.2950350085571016,48.404730786514556
48.163521,449,823.504349,synthetic_track_0,0.3240406363132062,53.16352063214863
47.604516,451,824.39314,synthetic_track_0,0.3206334100207509,52.604516220361646
21.620015,285,824.93577,synthetic_track_0,0.16225348471355905,26.62001463874968
48.480746,477,825.764491,synthetic_track_0,0.32597417909082815,53.48074609658666
9.793449,188,827.612206,synthetic_track_0,0.09016856808771605,14.793448699653803
41.715147,414,828.305482,synthetic_track_0,0.28473670981158844,46.71514696128121
47.712259,442,829.023576,synthetic_track_0,0.321290118565189,52.71225868948147
47.988295,466,829.805728,synthetic_track_0,0.32297260834642794,52.988295303950466
70.388197,728,832.563409,synthetic_track_0,0.45950379456572366,75.38819742142893
43.04624,445,833.265025,synthetic_track_0,0.2928499482865163,48.04624026477189
128.046933,1270,835.431956,synthetic_track_0,0.810943522153967,133.0469325145646
39.302505,410,837.645343,synthetic_track_0,0.27003124830749164,44.30250478475288
77.268819,939,839.297144,synthetic_track_0,0.5014423460871062,82.26881916830884
99.239928,1102,842.937971,synthetic_track_0,0.6353599624370104,104.23992760961188
24.185765,291,843.484593,synthetic_track_0,0.17789216609982994,29.18576494092784
48.247612,458,844.279568,synthetic_track_0,0.32455318656097054,53.24761186213158
70.588173,662,845.388137,synthetic_track_0,0.46072268225024343,75.58817345314368
47.627208,469,847.749422,synthetic_track_0,0.3207717228249914,52.627208422505156
48.055644,469,848.562395,synthetic_track_0,0.32338311162328215,53.055644262639426
51.430246,478,849.328716,synthetic_track_0,0.34395188115501035,56.430246336686075
47.855742,447,850.132081,synthetic_track_0,0.32216467482735545,52.855742205674545
47.750004,449,850.967979,synthetic_track_0,0.3215201806183289,52.75000367371534
49.217611,452,853.322608,synthetic_track_0,0.3304654962118089,54.217611179754776
49.671018,454,854.105363,synthetic_track_0,0.33322908564143083,54.671017719539755
48.31118,449,854.963599,synthetic_track_0,0.32494064396169453,53.31117981382996
72.174456,710,856.109686,synthetic_track_0,0.47039134236161845,77.17445601685117
80.960687,936,859.039616,synthetic_track_0,0.5239449022277797,85.96068671082428
48.774323,453,859.802637,synthetic_track_0,0.3277635806814981,53.77432312898338
48.166149,478,860.575417,synthetic_track_0,0.32405665675894063,53.16614901637547
23.912401,296,861.06874,synthetic_track_0,0.17622596840628332,28.912401277450506
47.91739,456,863.24616,synthetic_track_0,0.322540426604614,52.917389681713765
48.32,445,863.996249,synthetic_track_0,0.3249944053001701,53.32000013358916
48.114804,458,864.774083,synthetic_track_0,0.3237436995450221,53.11480389038005
47.981654,445,865.544052,synthetic_track_0,0.32293213124756326,52.98165445450298
79.97238,918,868.595124,synthetic_track_0,0.5179210031613191,84.9723795467925
43.653221,413,869.272304,synthetic_track_0,0.2965495981873447,48.653220969637275
25.912093,309,869.759924,synthetic_track_0,0.18841442917061305,30.912093330555418
47.763495,447,870.495646,synthetic_track_0,0.32160241477770674,52.763495368703026
48.147563,448,872.68616,synthetic_track_0,0.32394337275283214,53.147563148057955
123.17551,1299,874.784165,synthetic_track_0,0.7812513794432172,128.1755100301022
47.923053,441,875.571157,synthetic_track_0,0.3225749435374931,52.92305268032454
127.031806,1240,879.067578,synthetic_track_0,0.8047561516173156,132.0318055078824
42.677198,400,879.760669,synthetic_track_0,0.2906005755437171,47.677198358232694
44.491206,419,880.477061,synthetic_track_0,0.3016572588080816,49.49120605657586
48.960974,459,882.797581,synthetic_track_0,0.3289012488020258,53.960973924656294
58.783308,561,883.670878,synthetic_track_0,0.38877003581873115,63.783308339244684
47.583151,446,884.544603,synthetic_track_0,0.3205031830865748,52.58315062134079
49.04261,446,885.303367,synthetic_track_0,0.32939883502728323,54.042610091816435
49.782089,456,887.623513,synthetic_track_0,0.33390608418810697,54.78208905495512
48.108178,445,888.327367,synthetic_track_0,0.3237033165035546,53.108178472399544
50.699285,466,889.230536,synthetic_track_0,0.33949654661125384,55.69928471213482
38.469035,383,889.856668,synthetic_track_0,0.26495110748629724,43.4690347162003
48.556245,456,890.654202,synthetic_track_0,0.3264343602542745,53.5562454261021
77.649209,853,893.851862,synthetic_track_0,0.5037608865639083,82.64920903507787
41.521188,396,894.610241,synthetic_track_0,0.28355449811641065,46.52118815240082
47.295799,432,895.32055,synthetic_track_0,0.3187517239780053,52.295798598106266
48.239112,504,897.698991,synthetic_track_0,0.3245013807607367,53.23911237650863
127.551476,1322,900.20532,synthetic_track_0,0.8079236325653865,132.55147625242427
48.838142,453,901.024575,synthetic_track_0,0.3281525683638442,53.838142145361545
54.365623,484,903.436961,synthetic_track_0,0.3618434979941574,59.36562305916329
71.639062,770,904.674368,synthetic_track_0,0.46712802846111817,76.63906249999998
47.695076,432,905.494389,synthetic_track_0,0.32118538968362714,52.69507641222439
39.15078,383,906.175524,synthetic_track_0,0.26910646078254813,44.15078010842195
77.046211,827,909.060642,synthetic_track_0,0.5000855126535928,82.0462111551359
45.168896,412,909.787494,synthetic_track_0,0.30578789360042935,50.16889602319658
77.372609,905,911.353187,synthetic_track_0,0.5020749616937386,82.3726088449311
47.563495,457,913.668836,synthetic_track_0,0.32038338088981944,52.563495350225885
70.53816,657,914.792159,synthetic_track_0,0.46041784478735687,75.53816048893027
47.623241,475,915.560394,synthetic_track_0,0.3207475400503074,52.62324089097737
48.68348,448,916.314331,synthetic_track_0,0.3272098772248011,53.68348012398525
75.980637,780,919.130241,synthetic_track_0,0.4935906554994466,80.98063655237661
49.161825,451,919.87441,synthetic_track_0,0.33012547027636807,54.16182504120146
48.259786,468,920.64974,synthetic_track_0,0.3246273902754118,53.25978604728491
56.646643,540,923.10907,synthetic_track_0,0.3757467027815075,61.64664349837403
52.360923,466,923.947387,synthetic_track_0,0.3496245145702286,57.360923325349546
77.473452,780,925.189565,synthetic_track_0,0.5026896147703364,82.47345151050263
43.186472,395,925.932338,synthetic_track_0,0.2937046820270058,48.186471611569964
70.303669,653,928.672585,synthetic_track_0,0.45898857931714154,75.30366895978402
54.983401,509,929.502233,synthetic_track_0,0.36560895888715383,59.98340100254714
59.049734,536,930.449285,synthetic_track_0,0.39039394390338394,64.0497337849709
71.366774,664,931.566944,synthetic_track_0,0.465468383804227,76.36677395630824
49.832053,435,933.903186,synthetic_track_0,0.3342106219961344,54.83205285648489
47.228102,455,934.672421,synthetic_track_0,0.3183391008772064,52.22810185185183
59.51246,536,935.74425,synthetic_track_0,0.39321433595209065,64.5124596102814
43.877494,397,936.47915,synthetic_track_0,0.29791657886981937,48.87749378474879
71.115053,805,939.391217,synthetic_track_0,0.4639341012568796,76.1150528672822
44.624149,406,940.119652,synthetic_track_0,0.3024675705880561,49.62414934271209
123.52127,1206,943.743327,synthetic_track_0,0.7833588428980687,128.52126967968888
43.750064,408,944.464355,synthetic_track_0,0.29713987305685985,48.750064040189
10.405506,192,944.79529,synthetic_track_0,0.09389915909316542,15.40550573714405
43.620513,404,945.453198,synthetic_track_0,0.29635023785436737,48.620513043569545
42.772562,391,946.096461,synthetic_track_0,0.2911818341021452,47.77256217344795
45.125923,399,946.849573,synthetic_track_0,0.3055259657457281,50.1259229965232
47.869387,438,949.024467,synthetic_track_0,0.32224784429798176,52.86938735190655
43.889618,401,949.650179,synthetic_track_0,0.2979904782686223,48.88961804255072
38.297633,392,950.265304,synthetic_track_0,0.2639063847527725,43.29763294625397
48.893457,435,950.946455,synthetic_track_0,0.32848972304052354,53.89345721267471
70.559932,665,953.549658,synthetic_track_0,0.4605505468012408,75.55993216032715
47.732654,437,954.349688,synthetic_track_0,0.3214144343624436,52.7326544815878
60.870437,545,955.255738,synthetic_track_0,0.4014914359160262,65.8704367446113
56.178947,500,956.152635,synthetic_track_0,0.372896012047746,61.17894673859567
48.952164,455,958.523277,synthetic_track_0,0.3288475506629928,53.952163973673386
42.763162,394,959.247218,synthetic_track_0,0.29112453834393975,47.76316198136665
49.126094,443,960.037345,synthetic_track_0,0.32990768202425225,54.12609375031605
45.229764,405,960.775547,synthetic_track_0,0.30615889703599863,50.229764465580516
58.958042,553,961.759814,synthetic_track_0,0.38983506644771754,63.958041911126884
40.897568,387,963.997657,synthetic_track_0,0.27975343076793086,45.89756845857399
42.304418,402,964.687552,synthetic_track_0,0.2883284175671061,47.3044182068189
52.523205,470,965.540558,synthetic_track_0,0.3506136491922462,57.52320506718263
46.965769,432,966.259633,synthetic_track_0,0.31674013767740217,51.965768972772196
47.190349,434,967.067119,synthetic_track_0,0.31810899366856676,52.19034945920964
123.415893,1212,970.569835,synthetic_track_0,0.7827165546722492,128.41589307095967
43.937476,398,971.257502,synthetic_track_0,0.2982821821100872,48.93747624752971
43.123594,397,972.049514,synthetic_track_0,0.2933214302195531,48.12359364785332
50.137916,446,974.280415,synthetic_track_0,0.33607490902212106,55.13791592013624
48.528563,427,974.965192,synthetic_track_0,0.3262656318384652,53.52856310601667
77.904821,787,976.313576,synthetic_track_0,0.5053188838058257,82.90482086036589
44.572156,401,977.070736,synthetic_track_0,0.3021506608346272,49.57215574583906
71.139062,701,979.809759,synthetic_track_0,0.4640804439436865,76.13906248699516
57.683388,508,980.656402,synthetic_track_0,0.3820658342983143,62.68338778635372
44.190306,395,981.274536,synthetic_track_0,0.2998232250585621,49.19030647746138
49.136461,434,982.036801,synthetic_track_0,0.3299708751518719,54.13646149055457
43.719658,400,984.111363,synthetic_track_0,0.29695454481121164,48.71965827959262
48.068109,439,984.836776,synthetic_track_0,0.3234590888610624,53.0681094197699
52.030825,460,985.594566,synthetic_track_0,0.34761251001907445,57.03082508000519
47.931951,437,986.400271,synthetic_track_0,0.3226291820765815,52.93195129169838
49.238042,439,987.13142,synthetic_track_0,0.3305900258868006,54.23804206157583
57.946196,524,989.538918,synthetic_track_0,0.3836676973953902,62.94619643523243
9.63074,187,989.846663,synthetic_track_0,0.08917683257022689,14.630740243561563
43.915005,412,990.562056,synthetic_track_0,0.2981452181929444,48.91500534968884
41.389553,387,991.210734,synthetic_track_0,0.2827521571965666,46.38955260035568
44.448271,416,991.900202,synthetic_track_0,0.3013955647842086,49.448271393208415
77.26331,887,994.957735,synthetic_track_0,0.5014087669451525,82.263310027769
48.207584,435,995.696235,synthetic_track_0,0.32430920883581094,53.20758381202996
48.434981,436,996.459882,synthetic_track_0,0.32569523395679684,53.43498114081741
48.847568,453,997.200056,synthetic_track_0,0.3282100214159127,53.84756814376031
43.876679,401,999.524448,synthetic_track_0,0.29791161545344164,48.87667946500172
47.898122,444,1000.351209,synthetic_track_0,0.32242298530656394,52.89812174994142
121.364074,1188,1002.479561,synthetic_track_0,0.7702103712597856,126.36407405392966
71.481994,756,1005.337897,synthetic_track_0,0.4661706691847779,76.4819939600194
10.851114,195,1005.715544,synthetic_track_0,0.09661521831092539,15.851114262989409
41.991534,389,1006.427337,synthetic_track_0,0.2864213379160386,46.99153439838605
47.684921,442,1007.246505,synthetic_track_0,0.32112349102457116,52.68492104814639
43.212,399,1009.549722,synthetic_track_0,0.2938602829205756,48.2120001730794
70.471128,655,1010.734748,synthetic_track_0,0.46000927126848556,75.47112813475582
47.535876,441,1011.47912,synthetic_track_0,0.320215037108327,52.5358761349247
10.634071,193,1011.789812,synthetic_track_0,0.09529230238945187,15.634070904828997
50.258605,450,1012.549617,synthetic_track_0,0.3368105273022917,55.258604664795534
48.004173,443,1014.763554,synthetic_track_0,0.3230693845334918,53.004172827449395
41.935766,391,1015.394669,synthetic_track_0,0.2860814201820698,46.93576601183834
48.072171,439,1016.144341,synthetic_track_0,0.32348384446186984,53.072170931650824
59.630763,553,1017.054486,synthetic_track_0,0.39393541745439264,64.63076338773737
9.607395,187,1017.425299,synthetic_track_0,0.08903453959916435,14.607395037883157
48.493211,461,1019.786673,synthetic_track_0,0.3260501543880308,53.49321093533751
9.34432,184,1020.089542,synthetic_track_0,0.08743105453691123,14.344320282320588
10.337458,192,1020.415064,synthetic_track_0,0.09348439535888177,15.33745778922019
9.535726,186,1020.729928,synthetic_track_0,0.0885977036995394,14.535725834209186
50.243964,501,1021.695649,synthetic_track_0,0.3367212927112629,55.243964448447244
49.621604,457,1022.460634,synthetic_track_0,0.33292789838786535,54.62160362459399
49.367634,459,1024.72418,synthetic_track_0,0.33137991320747395,54.367634421804084
48.672113,441,1025.49703,synthetic_track_0,0.3271405939821788,53.672113212907306
13.071169,209,1025.826368,synthetic_track_0,0.1101468274450267,18.071169097999768
10.195925,190,1026.160548,synthetic_track_0,0.0926217298617388,15.195925123818084
9.821789,187,1026.47877,synthetic_track_0,0.09034130634210268,14.821788891351762
39.283218,377,1027.091342,synthetic_track_0,0.26991368958023565,44.283217587032645
11.858125,202,1027.45811,synthetic_track_0,0.10275312033696679,16.85812524998228
44.060374,404,1029.666114,synthetic_track_0,0.29903126297894284,49.060373723227976
44.820765,419,1030.354629,synthetic_track_0,0.30366597619255553,49.82076499501227
40.345445,378,1031.043534,synthetic_track_0,0.27638814340502316,45.345444730554505
48.053317,441,1031.86969,synthetic_track_0,0.3233689271224817,53.05331709154897
48.39193,469,1032.818888,synthetic_track_0,0.3254328270655336,53.39192952131557
44.633537,420,1034.982553,synthetic_track_0,0.30252479002684957,49.63353701349765
48.049148,485,1035.803769,synthetic_track_0,0.3233435184403066,53.04914843228938
48.419952,455,1036.559593,synthetic_track_0,0.32560362702806733,53.41995170839508
76.654239,774,1037.856639,synthetic_track_0,0.49769637477290923,81.65423877025883
47.966858,444,1040.089634,synthetic_track_0,0.32284194518860065,52.966858136174075
49.490859,454,1040.817717,synthetic_track_0,0.3321309861431841,54.49085872468219
60.552897,564,1041.775131,synthetic_track_0,0.39955597917794994,65.55289726747024
48.717062,443,1042.531573,synthetic_track_0,0.3274145649744097,53.71706208926983
59.217431,584,1045.050854,synthetic_track_0,0.3914160839608458,64.2174305425507
44.755552,408,1045.784942,synthetic_track_0,0.3032684894065389,49.75555157860304
50.432574,478,1046.605709,synthetic_track_0,0.3378708992246971,55.43257390894941
47.904655,439,1047.320602,synthetic_track_0,0.3224628038102336,52.90465454738766
39.904021,376,1047.940789,synthetic_track_0,0.27369758884892936,44.90402061078282
50.0066,458,1050.110458,synthetic_track_0,0.33527451720063317,55.00660014567163
44.453386,418,1050.818516,synthetic_track_0,0.3014267369703212,49.45338563807104
11.110832,196,1051.175607,synthetic_track_0,0.09819824156527684,16.11083196506965
12.225968,203,1051.492595,synthetic_track_0,0.10499518436648826,17.225968057132096
11.193905,196,1051.80433,synthetic_track_0,0.09870458407700926,16.193904726793896
42.512405,400,1052.425605,synthetic_track_0,0.2895961350689255,47.51240547141176
44.407829,417,1054.585268,synthetic_track_0,0.3011490627334388,49.40782919123316
51.642257,463,1055.393618,synthetic_track_0,0.3452441212180283,56.64225687966483
43.932412,411,1056.046713,synthetic_track_0,0.29825131284923767,48.93241170190744
48.404779,453,1056.771583,synthetic_track_0,0.32551114577129087,53.40477882989853
49.004552,444,1057.501321,synthetic_track_0,0.3291668663376613,54.00455229648237
48.163495,437,1059.7798,synthetic_track_0,0.32404048220615184,53.16349534867291
48.429458,434,1060.543549,synthetic_track_0,0.32566156687979436,53.42945757326981
70.654722,668,1061.589724,synthetic_track_0,0.46112830478983186,75.65472165678142
48.237007,438,1062.403994,synthetic_track_0,0.3244885476399477,53.237006918719125
43.451175,403,1064.574571,synthetic_track_0,0.29531809188661795,48.451174672690655
123.133893,1201,1066.528657,synthetic_track_0,0.7809977183036881,128.1338932767889
49.745832,456,1067.772483,synthetic_track_0,0.3336850901276693,54.745831805169
48.920344,456,1069.946502,synthetic_track_0,0.32865360282197426,53.92034404465194
48.579914,447,1070.641738,synthetic_track_0,0.32657862459399645,53.57991406312415
48.041629,430,1071.355724,synthetic_track_0,0.3232976885897774,53.04162938704895
48.989726,443,1072.093832,synthetic_track_0,0.3290764957143937,53.98972569772831
48.423164,447,1074.265409,synthetic_track_0,0.3256232047532119,53.423163715402886
50.262819,455,1075.037973,synthetic_track_0,0.3368362154748148,55.26281917846107
48.202739,439,1075.811654,synthetic_track_0,0.32427967852295625,53.20273894005776
49.138751,452,1076.60044,synthetic_track_0,0.3299848289797218,54.138750816434296
47.562988,442,1077.346367,synthetic_track_0,0.32038029146477454,52.56298848567339
11.506638,199,1077.712478,synthetic_track_0,0.10061074915264755,16.50663848599139
48.577664,470,1079.980263,synthetic_track_0,0.32656491110312574,53.57766416797786
60.845158,610,1080.975376,synthetic_track_0,0.40133735993210795,65.8451583664327
8.603512,197,1081.30782,synthetic_track_0,0.08291570023754209,13.603511554788199
48.409488,447,1082.012595,synthetic_track_0,0.32553984821165083,53.40948787749711
104.952108,1023,1085.276257,synthetic_track_0,0.6701766657763151,109.95210787003278
9.736812,187,1085.589204,synthetic_track_0,0.08982335720450237,14.736811895946156
121.464074,1177,1087.543489,synthetic_track_0,0.7708198881442547,126.46407405341057
48.854785,448,1089.78759,synthetic_track_0,0.32825400796968585,53.85478476969236
10.740694,193,1090.109952,synthetic_track_0,0.09594218948322264,15.74069421698931
73.031616,734,1091.367475,synthetic_track_0,0.4756158757566747,78.03161576107829
13.466634,212,1091.747897,synthetic_track_0,0.11255724987949592,18.466633519638652
48.886991,439,1092.617712,synthetic_track_0,0.3284503128556984,53.88699140579967
10.297009,191,1094.642702,synthetic_track_0,0.09323785260917021,15.297008909998981
49.47151,453,1095.453481,synthetic_track_0,0.3320130501820535,54.471509636326566
48.528237,449,1096.264378,synthetic_track_0,0.32626364230247124,53.52823669406086
42.592454,396,1096.989687,synthetic_track_0,0.2900840451286417,47.592454124634635
59.775288,554,1097.875705,synthetic_track_0,0.3948163169744738,64.77528760650054
48.990079,474,1100.205681,synthetic_track_0,0.3290786468022171,53.99007861458214
50.158248,455,1101.034606,synthetic_track_0,0.33619883688221824,55.1582480655799
72.373016,707,1102.197675,synthetic_track_0,0.47160159843991634,77.37301590958815
47.598493,442,1102.955681,synthetic_track_0,0.32059669775420524,52.59849304573096
49.120921,447,1105.310693,synthetic_track_0,0.32987615444554985,54.120921198194516
9.51364,185,1105.642774,synthetic_track_0,0.08846308812732688,14.513640216083775
9.678618,203,1105.972323,synthetic_track_0,0.08946865256769325,14.678617505600947
49.014788,494,1106.842532,synthetic_track_0,0.3292292519758426,54.01478755648043
8.570204,195,1107.157264,synthetic_track_0,0.08271268645946243,13.570204228576445
49.161103,495,1108.083675,synthetic_track_0,0.3301210690079945,54.16110294990869
48.622592,492,1110.613577,synthetic_track_0,0.326838751501376,53.622591618522115
115.247416,1086,1112.396451,synthetic_track_0,0.7329283067129576,120.2474158770564
62.422351,568,1114.853945,synthetic_track_0,0.41095061425680735,67.4223508150343
48.686888,444,1115.574775,synthetic_track_0,0.3272306472518298,53.686887745242366
8.316231,191,1115.871447,synthetic_track_0,0.08116467787572715,13.31623118613183
58.304042,546,1116.749097,synthetic_track_0,0.38584882626514344,63.304041954201296
73.516776,761,1118.049771,synthetic_track_0,0.4785730101965893,78.51677613971822
102.437838,1021,1121.542967,synthetic_track_0,0.6548517661841322,107.43783797807042
11.17825,198,1121.967542,synthetic_track_0,0.0986091645825091,16.178249788196425
70.274874,656,1123.156545,synthetic_track_0,0.4588130696800849,75.27487408295325
48.415392,449,1125.442664,synthetic_track_0,0.3255758364018119,53.41539225699689
102.305148,945,1127.135991,synthetic_track_0,0.6540429972401978,107.30514781634656
50.971534,462,1127.891097,synthetic_track_0,0.34115595497406526,55.971534488388855
102.870174,1073,1131.142684,synthetic_track_0,0.6574869281105533,107.87017414133153
48.819015,452,1131.82736,synthetic_track_0,0.3280359879642479,53.819015456345745
49.846646,455,1132.625486,synthetic_track_0,0.33429956913987213,54.84664591297643
55.978947,520,1135.080239,synthetic_track_0,0.37167697852409415,60.97894677987659
57.046644,532,1136.021751,synthetic_track_0,0.3781847704055894,62.04664351044094
48.196586,451,1136.753766,synthetic_track_0,0.32424217827893126,53.19658648640375
80.12267,834,1138.159822,synthetic_track_0,0.5188370484487269,85.1226699334896
59.764443,618,1140.643588,synthetic_track_0,0.3947502182666728,64.76444316409999
56.646643,528,1141.482487,synthetic_track_0,0.3757467027815075,61.64664349837403
49.500956,502,1142.322339,synthetic_track_0,0.33219252859094683,54.500955647181215
56.478947,524,1143.140256,synthetic_track_0,0.3747245627873589,61.47894675118168
55.71125,585,1145.71555,synthetic_track_0,0.37004532143293384,60.711249998332654
103.483066,1064,1147.505204,synthetic_track_0,0.6612226104259005,108.48306648133777
58.794684,560,1149.904429,synthetic_track_0,0.3888393727289152,63.79468405525697
68.985181,647,1150.969347,synthetic_track_0,0.4509521711434768,73.98518077074085
59.626577,548,1152.034244,synthetic_track_0,0.3939098988332335,64.62657669140839
48.556009,450,1152.739744,synthetic_track_0,0.3264329174861542,53.55600871926927
102.988446,1022,1156.12665,synthetic_track_0,0.6582078147459071,107.98844594806575
58.817431,546,1157.009741,synthetic_track_0,0.38897801661524656,63.81743057617287
11.082282,211,1157.346492,synthetic_track_0,0.09802422505959645,16.08228205788723
49.434615,457,1158.154507,synthetic_track_0,0.3317881681233155,54.43461450457537
68.771174,735,1160.9274,synthetic_track_0,0.4496477653584796,73.77117426633329
58.582037,602,1162.010638,synthetic_track_0,0.3875432532418165,63.58203703703701
58.266227,544,1162.972736,synthetic_track_0,0.38561833486197833,63.26622652892896
9.455818,185,1163.268791,synthetic_track_0,0.08811065314017118,14.455818194363532
69.434965,772,1166.030005,synthetic_track_0,0.45369368417171535,74.43496535979217
77.915776,802,1167.377388,synthetic_track_0,0.505385659358246,82.91577634884786
56.034882,525,1168.212502,synthetic_track_0,0.37201791569577025,61.03488241982253
79.350186,802,1170.98621,synthetic_track_0,0.514128627999949,84.35018593110821
10.395373,191,1171.298906,synthetic_track_0,0.09383739594658073,15.395372605833362
123.384514,1177,1174.714613,synthetic_track_0,0.7825252932548755,128.3845138883227
48.459416,462,1175.452414,synthetic_track_0,0.32584416992830056,53.45941622613262
59.491818,549,1176.399139,synthetic_track_0,0.39308852360221547,64.49181828722244
56.408015,538,1177.359857,synthetic_track_0,0.37429222454245364,61.40801545236498
43.30662,412,1178.05563,synthetic_track_0,0.29443700910015436,48.306620386445175
102.399709,995,1181.329638,synthetic_track_0,0.6546193619280316,107.39970872179941
101.419462,975,1182.829947,synthetic_track_0,0.6486445921145186,106.41946191736463
54.975856,518,1185.207452,synthetic_track_0,0.3655629736249179,59.97585645978402
9.896758,189,1185.578812,synthetic_track_0,0.0907982556887806,14.896757994907274
80.82053,911,1187.051563,synthetic_track_0,0.5230906248177688,85.82053023159555
59.310984,545,1189.645395,synthetic_track_0,0.3919863072941617,64.31098387058567
50.001351,468,1190.455663,synthetic_track_0,0.33524252412802164,55.00135122258833
59.632681,566,1191.454764,synthetic_track_0,0.39394710299727936,64.63268056888917
59.200879,562,1192.463658,synthetic_track_0,0.39131519946087556,64.20087899131116
58.353089,580,1195.007913,synthetic_track_0,0.38614777642209175,63.35308902131526
54.58746,512,1195.831817,synthetic_track_0,0.3631956301222625,59.58745975565844
8.746001,180,1196.14754,synthetic_track_0,0.08378419738876625,13.746000986803258
10.652785,193,1196.476491,synthetic_track_0,0.09540636711401353,15.652784861222333
10.116195,188,1196.787598,synthetic_track_0,0.09213576076400126,15.116194913286142
54.725974,526,1197.77546,synthetic_track_0,0.3640398963827078,59.72597376200926
68.76511,666,1200.433486,synthetic_track_0,0.44961080257713404,73.76510999115149
53.893257,516,1201.249058,synthetic_track_0,0.3589643471709054,58.89325701292743
9.827689,188,1201.567727,synthetic_track_0,0.09037726715944339,14.827688779947197
56.230905,584,1202.563739,synthetic_track_0,0.3732127044903006,61.23090468249849
55.002149,514,1204.895366,synthetic_track_0,0.36572323342026836,60.00214938104709
44.519489,413,1205.564372,synthetic_track_0,0.30182964694165904,49.51948880592624
59.514524,545,1206.515975,synthetic_track_0,0.39322691694241274,64.51452370244641
54.849715,563,1207.476527,synthetic_track_0,0.36479412246249665,59.84971538346257
59.617431,568,1209.864404,synthetic_track_0,0.3938541515216144,64.61743054423015
9.734642,186,1210.164707,synthetic_track_0,0.08981013133858648,14.734642002677528
55.284966,639,1211.355489,synthetic_track_0,0.3674470502858198,60.28496629728475
55.264348,630,1212.472524,synthetic_track_0,0.36732138102867584,60.26434845064362
59.379142,691,1215.272613,synthetic_track_0,0.39240174146779666,64.37914181371474
8.948046,182,1215.56674,synthetic_track_0,0.0850156938892504,13.948045675879312
50.137866,464,1216.364777,synthetic_track_0,0.3360746033735519,55.137865774098394
8.765876,180,1216.641116,synthetic_track_0,0.08390534006886549,13.765876183464288
8.985061,180,1216.930674,synthetic_track_0,0.08524130898879559,13.985061073503706
8.367748,177,1217.226728,synthetic_track_0,0.08147867931172718,13.367747631758041
54.264532,506,1218.071768,synthetic_track_0,0.3612273326782726,59.26453228901621
9.871881,187,1219.80681,synthetic_track_0,0.09064662452680598,14.871880724883885
8.401772,177,1220.150793,synthetic_track_0,0.08168606432158092,13.401772121327
58.942989,552,1221.145591,synthetic_track_0,0.3897433165183324,63.94298901739305
73.823754,728,1222.337619,synthetic_track_0,0.48044409427040385,78.82375435669276
59.594068,562,1224.709833,synthetic_track_0,0.3937117535984851,64.59406811965775
50.775393,461,1225.516782,synthetic_track_0,0.33996044211068444,55.77539343181806
59.161641,566,1226.410702,synthetic_track_0,0.3910760377855684,64.16164108336147
8.23376,176,1226.699264,synthetic_track_0,0.08066200108730771,13.23375983896842
8.572151,178,1226.970603,synthetic_track_0,0.08272455153778357,13.572150865094953
58.744274,552,1227.920633,synthetic_track_0,0.3885321173162601,63.744274391654656
59.1413,554,1230.243816,synthetic_track_0,0.3909520560299156,64.14130009557782
61.127567,562,1231.141632,synthetic_track_0,0.40305869065389066,66.12756739507624
58.061596,537,1232.057789,synthetic_track_0,0.3843710766549387,63.061595905504696
70.75868,704,1234.668821,synthetic_track_0,0.4617619472436329,75.75867980243046
45.137654,418,1235.360786,synthetic_track_0,0.30559747084899175,50.13765443575228
9.454112,204,1235.697489,synthetic_track_0,0.08810025392164297,14.454112053198422
9.402798,185,1235.996245,synthetic_track_0,0.0877874851290648,14.402797840430214
54.390082,594,1236.994597,synthetic_track_0,0.36199258090323083,59.3900822516973
41.879418,398,1239.111641,synthetic_track_0,0.28573796723233746,46.879417622367775
8.890156,180,1239.423331,synthetic_track_0,0.0846628481970794,13.890156272102292
49.423678,462,1240.190472,synthetic_track_0,0.3317215112784698,54.42367849177603
59.673304,631,1241.29868,synthetic_track_0,0.3941947090625952,64.67330390030783
49.776254,478,1242.137906,synthetic_track_0,0.33387051914578997,54.776254098936896
49.69217,461,1244.465319,synthetic_track_0,0.3333580098138927,54.69216958178963
9.445956,185,1244.768939,synthetic_track_0,0.08805054421192102,14.445956461330411
54.584635,516,1245.673032,synthetic_track_0,0.3631784119756969,59.584634871407495
57.948013,613,1246.713431,synthetic_track_0,0.3836787717145885,62.94801333635903
49.945213,467,1247.487491,synthetic_track_0,0.33490035243602184,54.945213041851694
61.317098,637,1249.998988,synthetic_track_0,0.40421391196094536,66.31709804311798
54.701907,512,1250.863725,synthetic_track_0,0.36389320811143394,59.70190744420082
9.336654,185,1251.222736,synthetic_track_0,0.08738432708151554,14.336653972109374
59.253188,549,1252.137667,synthetic_track_0,0.3916340312976433,64.25318793356308
9.400218,185,1252.464679,synthetic_track_0,0.08777175854990905,14.400217669236463
44.876104,420,1254.826623,synthetic_track_0,0.30400327778513725,49.876104165989396
101.63102,1029,1256.647106,synthetic_track_0,0.649934073083549,106.63101979134544
44.009851,412,1257.344749,synthetic_track_0,0.29872331754719567,49.00985085208276
59.24862,559,1259.998891,synthetic_track_0,0.39160618922219503,64.24862004118583
69.962622,685,1261.188969,synthetic_track_0,0.4569098376875896,74.96262153817368
45.927865,435,1262.030546,synthetic_track_0,0.3104139348013425,50.92786452674007
59.406438,553,1262.977712,synthetic_track_0,0.3925681162435618,64.40643798534524
51.114144,477,1265.209698,synthetic_track_0,0.3420251824209417,56.11414373589502
41.781269,395,1265.862764,synthetic_track_0,0.2851397350852865,46.7812690461447
59.423464,560,1266.789106,synthetic_track_0,0.3926718954457799,64.42346445406558
9.618973,187,1267.10955,synthetic_track_0,0.08910510715751288,14.618972659402813
59.017431,557,1269.492421,synthetic_track_0,0.3901970501388985,64.01743053489196
59.229708,574,1270.419148,synthetic_track_0,0.3914909166720856,64.2297079236632
58.907594,559,1271.350798,synthetic_track_0,0.3895275795802564,63.907594274039226
41.538163,395,1272.063317,synthetic_track_0,0.2836579605923931,46.53816265763303
59.717431,796,1274.914565,synthetic_track_0,0.39446366847827746,64.71743055555552
59.717431,559,1275.876518,synthetic_track_0,0.39446366847827746,64.71743055555552
70.372419,667,1277.043735,synthetic_track_0,0.459407624032044,75.37241926406676
122.340167,1184,1280.446823,synthetic_track_0,0.7761598255015751,127.34016747521181
58.817431,556,1281.35272,synthetic_track_0,0.38897801661524656,63.81743057617287
58.83249,550,1282.242839,synthetic_track_0,0.3890698038501248,63.83248959040866
49.621203,462,1284.487394,synthetic_track_0,0.33292545952160046,54.62120349355342
8.699998,180,1284.797785,synthetic_track_0,0.08350380353762744,13.699998348184389
50.975074,474,1285.633456,synthetic_track_0,0.34117753037682375,55.97507424310218
59.617431,564,1286.539222,synthetic_track_0,0.3938541515216144,64.61743054423015
9.540929,186,1286.874042,synthetic_track_0,0.08862941680998121,14.540928825477396
59.617431,570,1289.34466,synthetic_track_0,0.3938541515216144,64.61743054423015
59.521398,569,1290.22654,synthetic_track_0,0.3932688173702998,64.5213980694635
58.795628,548,1291.098717,synthetic_track_0,0.38884512674802363,63.79562808473756
70.33467,684,1292.257699,synthetic_track_0,0.45917753464014116,75.33466979451616
70.403669,680,1294.874349,synthetic_track_0,0.459598096267994,75.40366897015608
59.051872,558,1295.816857,synthetic_track_0,0.3904069784097139,64.05187228295092
74.716251,739,1297.115376,synthetic_track_0,0.48588401018003347,79.71625069600748
59.617431,559,1299.57776,synthetic_track_0,0.39385415152161446,64.61743054423016
59.058322,561,1300.472701,synthetic_track_0,0.39044629211365695,64.0583222607515
53.377017,530,1301.369764,synthetic_track_0,0.3558177778536526,58.377017121778195
59.094308,551,1302.275618,synthetic_track_0,0.39066563355945644,64.09430837536947
59.417431,546,1304.779192,synthetic_track_0,0.3926351177644314,64.41743054719693
50.251497,464,1305.629831,synthetic_track_0,0.3367672019349578,55.251496515995555
59.275352,552,1306.604109,synthetic_track_0,0.3917691238072983,64.27535180012626
59.871112,553,1308.985869,synthetic_track_0,0.39540038031816344,64.8711115870235
59.523406,547,1309.899619,synthetic_track_0,0.393281058063088,64.52340633093034
59.717431,560,1310.809889,synthetic_track_0,0.39446366847827746,64.71743055555552
58.988837,547,1311.711851,synthetic_track_0,0.3900227677416582,63.9888370043801
59.439457,619,1314.206698,synthetic_track_0,0.3927693705602425,64.43945664664308
54.083285,507,1315.046581,synthetic_track_0,0.3601226019655869,59.08328534818478
54.260539,498,1315.899759,synthetic_track_0,0.3612029955468947,59.26053943305574
54.733637,518,1316.813067,synthetic_track_0,0.36408660811442667,59.73363749252545
59.223983,545,1319.291548,synthetic_track_0,0.3914560210775824,64.22398280017421
54.702742,510,1320.216817,synthetic_track_0,0.36389829397303874,59.702741852846096
59.864885,634,1321.364132,synthetic_track_0,0.3953624295778246,64.86488522297866
49.874526,512,1322.253851,synthetic_track_0,0.3344695051285184,54.87452635273032
58.992492,618,1324.747429,synthetic_track_0,0.39004504574960647,63.99249203156643
59.089612,550,1325.642856,synthetic_track_0,0.3906370085856474,64.08961203727124
59.863624,557,1326.619974,synthetic_track_0,0.3953547433355005,64.86362418452673
60.185127,551,1329.018241,synthetic_track_0,0.3973143591398449,65.18512730348941
48.730442,536,1329.907447,synthetic_track_0,0.32749611597310624,53.730441701935405
48.393788,499,1330.809619,synthetic_track_0,0.32544415353613804,53.39378779150205
59.376487,588,1331.907617,synthetic_track_0,0.3923855572572194,64.37648656151326
54.746477,512,1334.46285,synthetic_track_0,0.36416486681099425,59.74647695573893
58.855026,548,1335.467117,synthetic_track_0,0.38920716816576595,63.855026179374164
53.480397,497,1336.353875,synthetic_track_0,0.3564478948163172,58.48039685996915
59.569595,637,1337.580659,synthetic_track_0,0.39356258500574104,64.56959486948689
59.117431,556,1340.062871,synthetic_track_0,0.39080656714231676,64.1174305538882
58.817431,562,1340.977625,synthetic_track_0,0.38897801661524656,63.81743057617287
59.319266,577,1341.997069,synthetic_track_0,0.39203678971886324,64.31926623744471
59.299937,560,1344.553715,synthetic_track_0,0.39191897657834257,64.29993729957422
59.569606,605,1345.582159,synthetic_track_0,0.393562651988535,64.56960585897633
59.652249,593,1346.6451,synthetic_track_0,0.39406637654539084,64.65224910760098
58.786414,569,1347.571828,synthetic_track_0,0.38878896252912215,63.78641353793155
59.239994,561,1350.117891,synthetic_track_0,0.3915536142067314,64.23999435475608
59.578723,610,1351.1374,synthetic_track_0,0.39361822545847425,64.57872348493007
58.700916,583,1352.146717,synthetic_track_0,0.3882678427836311,63.70091635876154
59.310085,568,1354.654659,synthetic_track_0,0.39198082765944164,64.31008485780502
58.757923,553,1355.571646,synthetic_track_0,0.38861530657376125,63.75792278420768
59.280289,583,1356.575838,synthetic_track_0,0.3917992169391175,64.28028901063344
72.000159,761,1357.843658,synthetic_track_0,0.4693289722391291,77.00015893927306
58.778342,554,1360.276734,synthetic_track_0,0.38873976676999705,63.778342267040905
58.61092,556,1361.345867,synthetic_track_0,0.38771929866766874,63.61091981771531
48.564693,477,1362.24937,synthetic_track_0,0.32648584961678245,53.56469299557108
59.066424,565,1363.427859,synthetic_track_0,0.3904956731425202,64.06642392780374
59.270064,587,1366.417184,synthetic_track_0,0.39173689187596417,64.27006368883876
58.939375,558,1367.645785,synthetic_track_0,0.3897212860253787,63.93937459859668
70.653234,693,1369.076558,synthetic_track_0,0.4611192366044794,75.65323389072663
58.90842,555,1372.047832,synthetic_track_0,0.38953260977594556,63.90841954989149
59.0365,548,1373.126964,synthetic_track_0,0.39031328292041284,64.03650019216852
59.045588,552,1374.077765,synthetic_track_0,0.3903686771148646,64.04558840540358
58.580516,550,1375.087608,synthetic_track_0,0.38753397960081837,63.58051556303255
59.217431,566,1377.721813,synthetic_track_0,0.3914160839608458,64.2174305425507
58.832793,559,1378.682104,synthetic_track_0,0.3890716512769025,63.832792687306416
68.836913,672,1379.904281,synthetic_track_0,0.450048453126144,73.83691284975801
58.929226,559,1382.606658,synthetic_track_0,0.3896594279599697,63.92922589448953
59.367927,562,1383.614954,synthetic_track_0,0.39233338627945596,64.36792716327147
59.153385,560,1384.664701,synthetic_track_0,0.39102571600027514,64.15338507170466
58.990694,555,1385.639917,synthetic_track_0,0.39003408644376736,63.99069400003335
54.870785,514,1388.276599,synthetic_track_0,0.364922548209582,59.87078547187047
49.548606,461,1389.203313,synthetic_track_0,0.33248296853018333,54.548606490846
59.363093,549,1390.18663,synthetic_track_0,0.39230392377092604,64.36309341557265
58.904579,550,1391.235184,synthetic_track_0,0.3895092017513002,63.90457912723541
59.262327,569,1393.939077,synthetic_track_0,0.39168973713915256,64.26232727697416
58.66851,562,1394.924727,synthetic_track_0,0.38807032227492105,63.66851028229054
55.048742,540,1395.922127,synthetic_track_0,0.3660072246414384,60.04874221988916
48.781686,474,1398.475604,synthetic_track_0,0.32780845689694815,53.78168571669188
59.537478,569,1399.630306,synthetic_track_0,0.39336682752917074,64.53747804376111
58.703602,552,1400.608152,synthetic_track_0,0.3882842127995473,63.70360209499762
59.110313,562,1401.610528,synthetic_track_0,0.3907631846001598,64.1103130247373
54.371131,518,1404.111876,synthetic_track_0,0.36187707243896,59.37113142906802
48.865539,472,1404.916764,synthetic_track_0,0.3283195596557377,53.86553946531801
48.808482,488,1405.829794,synthetic_track_0,0.32797178647688596,53.80848228020829
59.086251,565,1406.774744,synthetic_track_0,0.3906165235871666,64.08625117904131
58.702571,583,1409.362686,synthetic_track_0,0.38827792852559156,63.702571069593205
59.115491,573,1410.420879,synthetic_track_0,0.3907947428779424,64.11549061348387
58.464706,603,1411.448182,synthetic_track_0,0.38682810094644876,63.46470603114069
72.662422,733,1414.326821,synthetic_track_0,0.47336557876751756,77.66242221864898
59.454815,553,1415.344939,synthetic_track_0,0.39286298152337196,64.45481486969297
59.217431,607,1416.313758,synthetic_track_0,0.3914160839608458,64.2174305425507
58.538897,560,1417.341798,synthetic_track_0,0.3872803093259292,63.53889731093223
102.630081,965,1420.74768,synthetic_track_0,0.6560235198581787,107.63008099837407
58.810231,603,1421.952444,synthetic_track_0,0.38893413484394046,63.81023114130954
60.496831,578,1422.976691,synthetic_track_0,0.39921424588354215,65.49683101215534
54.724635,508,1425.46963,synthetic_track_0,0.36403173579406006,59.72463490022982
59.373445,554,1426.578828,synthetic_track_0,0.39236701925101386,64.37344513533104
58.721842,544,1427.535188,synthetic_track_0,0.38839539027860026,63.721842357295316
58.435296,624,1430.191599,synthetic_track_0,0.38664884021640655,63.435295733628124
58.513681,603,1431.321641,synthetic_track_0,0.38712660975412566,63.51368068856752
59.212333,603,1432.429091,synthetic_track_0,0.39138501486532234,64.21233321117992
58.596999,557,1433.494658,synthetic_track_0,0.38763444689235377,63.59699866523593
58.575357,563,1436.031179,synthetic_track_0,0.3875025372264154,63.575356989900136
59.445612,558,1436.982918,synthetic_track_0,0.3928068867997716,64.44561172458928
58.974031,547,1438.058248,synthetic_track_0,0.38993252165188663,63.974030837134755
57.046644,540,1439.072808,synthetic_track_0,0.3781847704055894,62.04664351044094
48.899258,465,1441.637708,synthetic_track_0,0.32852507764920874,53.89925764403314
59.049734,604,1442.845437,synthetic_track_0,0.39039394390338394,64.0497337849709
59.240099,548,1443.900177,synthetic_track_0,0.3915542497046433,64.24009861731628
58.314736,552,1446.490863,synthetic_track_0,0.38591401085006277,63.314736421613425
58.822609,575,1447.572288,synthetic_track_0,0.38900957829922295,63.82260872375446
49.241708,471,1448.365742,synthetic_track_0,0.3306123724628458,54.24170833834332
58.392888,541,1449.316354,synthetic_track_0,0.38639036046038283,63.39288841706836
58.598689,612,1452.422717,synthetic_track_0,0.38764475251505015,63.5986894506605
58.974564,542,1453.395714,synthetic_track_0,0.3899357693509142,63.97456366880742
58.680909,577,1454.520916,synthetic_track_0,0.3881458939707378,63.68090890443704
58.849391,553,1455.486851,synthetic_track_0,0.3891728218113898,63.84939116661684
48.477827,466,1457.811211,synthetic_track_0,0.3259563885355923,53.47782730047176
58.567236,547,1458.834709,synthetic_track_0,0.38745303764565575,63.567235872706505
48.231192,469,1459.729955,synthetic_track_0,0.324453105392519,53.23119210896605
58.356006,541,1460.723845,synthetic_track_0,0.3861655545504508,63.35600577862253
58.997673,547,1463.307858,synthetic_track_0,0.39007662405710486,63.99767290647558
59.284017,551,1464.348807,synthetic_track_0,0.3918219424466182,64.28401745654885
58.682734,544,1465.320938,synthetic_track_0,0.38815701975335576,63.68273424887683
58.953108,543,1466.43627,synthetic_track_0,0.3898049955459636,63.95310834778122
48.68409,493,1468.878972,synthetic_track_0,0.32721359624691526,53.68409028297995
54.553886,503,1469.723261,synthetic_track_0,0.36299099152350467,59.553885854276885
48.116901,456,1470.507857,synthetic_track_0,0.3237564813657861,53.11690093166362
58.386604,543,1471.472872,synthetic_track_0,0.3863520537495173,63.38660365094576
54.478451,496,1474.043657,synthetic_track_0,0.36253120327575356,59.47845098822475
48.18765,459,1474.881603,synthetic_track_0,0.32418771178566097,53.18765047587223
54.768891,498,1475.920533,synthetic_track_0,0.3643014813047961,59.76889052566189
55.21191,501,1476.948967,synthetic_track_0,0.367001761249075,60.21191023505257
54.207112,496,1479.529304,synthetic_track_0,0.36087734471923777,59.20711173740623
31.080853,379,1480.219882,synthetic_track_0,0.21991889028669231,36.080852680017124
58.082037,602,1481.293792,synthetic_track_0,0.38449566872438484,63.08203702403219
54.804515,498,1482.159357,synthetic_track_0,0.36451861748681025,59.80451483508133
57.556422,541,1484.766584,synthetic_track_0,0.3812919551908714,62.556421803434326
57.361514,598,1485.894037,synthetic_track_0,0.38010396134637625,62.36151434990854
54.646244,498,1486.775622,synthetic_track_0,0.3635539280610521,59.64624367880469
58.852246,602,1487.95365,synthetic_track_0,0.3891902216450457,63.85224585924455
53.91389,494,1490.433811,synthetic_track_0,0.3590901097254171,58.91389016634178
53.394509,487,1491.23404,synthetic_track_0,0.3559243950430482,58.39450920305746
54.112776,491,1492.066859,synthetic_track_0,0.36030235407768696,59.11277626398174
56.178947,538,1493.01961,synthetic_track_0,0.372896012047746,61.17894673859567
54.450656,499,1495.563531,synthetic_track_0,0.3623617894046022,59.450656209345155
53.888795,492,1496.438856,synthetic_track_0,0.3589371496903382,58.88879487559882
56.82836,533,1497.435856,synthetic_track_0,0.3768542974027556,61.82836030453986
58.495009,602,1498.629608,synthetic_track_0,0.3870128039122409,63.4950092055957
55.695909,533,1501.341436,synthetic_track_0,0.36995181300997293,60.69590859847021
47.195799,477,1502.292908,synthetic_track_0,0.31814220715947616,52.195798609443756
42.424455,405,1503.065822,synthetic_track_0,0.2890600644209466,47.42445538194653
54.866921,499,1504.051043,synthetic_track_0,0.36489899607118403,59.866921405283335
47.717558,502,1506.697702,synthetic_track_0,0.3213224174034386,52.717557777809446
47.335931,541,1507.608739,synthetic_track_0,0.3189963359023141,52.33593069768742
48.483911,485,1508.479505,synthetic_track_0,0.3259934705554883,53.48391113845039
48.093812,450,1509.284798,synthetic_track_0,0.3236157474654944,53.09381151393834
56.678947,523,1511.876808,synthetic_track_0,0.37594359647960945,61.6789467375618
47.479919,509,1512.765625,synthetic_track_0,0.3198739709528934,52.47991933334073
56.21125,564,1513.871595,synthetic_track_0,0.3730929058122314,61.2112499886746
55.81125,524,1514.712722,synthetic_track_0,0.3706548382514629,60.811249986995165
67.799836,670,1517.369765,synthetic_track_0,0.44372729306462466,72.79983574988194
55.815493,521,1518.287723,synthetic_track_0,0.3706807002124776,60.81549301315891
48.0887,457,1519.030886,synthetic_track_0,0.3235845923596494,53.08870007133895
46.865773,498,1519.912792,synthetic_track_0,0.3161306441698786,51.86577280861497
47.228102,499,1522.541607,synthetic_track_0,0.3183391008772064,52.22810185185183
48.871612,454,1523.329897,synthetic_track_0,0.32835657094422677,53.87161169879341
46.918578,511,1524.208594,synthetic_track_0,0.31645250369909156,51.91857848729975
56.486358,528,1525.190325,synthetic_track_0,0.37476973420289383,61.4863577707041
57.68985,567,1527.860947,synthetic_track_0,0.3821052220075687,62.68984990578856
49.122703,489,1528.735484,synthetic_track_0,0.32988701407024745,54.1227028756046
47.344966,476,1529.664947,synthetic_track_0,0.319051408322579,52.34496611924543
10.353656,194,1529.988818,synthetic_track_0,0.09358312769609888,15.35365624724824
46.135286,491,1530.83325,synthetic_track_0,0.31167820284498876,51.13528585817453
46.83681,476,1533.420515,synthetic_track_0,0.3159541107439239,51.836809964510635
55.633033,510,1534.291745,synthetic_track_0,0.3695685754643958,60.633032974619105
46.895799,500,1535.133326,synthetic_track_0,0.316313656632406,51.89579863172843
47.095799,507,1536.011631,synthetic_track_0,0.31753269015605784,52.095798590447515
48.566343,491,1538.349618,synthetic_track_0,0.32649590853597854,53.56634330574298
48.500883,533,1539.335472,synthetic_track_0,0.3260969153698831,53.50088274604547
47.373515,506,1540.177042,synthetic_track_0,0.31922541561727136,52.37351451523296
56.03157,533,1541.136014,synthetic_track_0,0.37199772597098807,61.03157000548392
47.407815,464,1543.711726,synthetic_track_0,0.31943448146933245,52.407814771108235
43.77071,402,1544.469663,synthetic_track_0,0.297265714618326,48.77071015582902
48.105252,476,1545.346606,synthetic_track_0,0.323685479181976,53.10525200359441
48.926183,490,1546.273959,synthetic_track_0,0.3286891944626682,53.926183364515936
44.136891,404,1548.556637,synthetic_track_0,0.29949764928393774,49.13689109533985
48.761046,487,1549.429951,synthetic_track_0,0.327682653719022,53.761045898422914
48.031192,445,1550.197772,synthetic_track_0,0.32323407186886705,53.03119215024696
48.247675,449,1551.04962,synthetic_track_0,0.3245535735606412,53.247675354986086
48.798889,489,1551.913821,synthetic_track_0,0.3279133130107494,53.7988888682253
48.371024,485,1554.519778,synthetic_track_0,0.3253054020775822,53.37102362181765
47.743137,507,1555.57952,synthetic_track_0,0.32147832996007103,52.74313747212077
48.691279,532,1556.494618,synthetic_track_0,0.32725741162064476,53.69127882436715
44.657315,412,1557.216331,synthetic_track_0,0.3026697196904383,49.6573148064562
49.152798,485,1559.862792,synthetic_track_0,0.3300704499149867,54.152798160651024
42.639583,391,1560.574577,synthetic_track_0,0.2903713045609061,47.63958316044854
48.933744,440,1561.435408,synthetic_track_0,0.328735279448866,53.93374426842735
48.799348,505,1562.447436,synthetic_track_0,0.32791610880786753,53.79934755889899
47.612739,426,1564.918974,synthetic_track_0,0.3206835276089164,52.61273873054674
47.540073,539,1565.859526,synthetic_track_0,0.32024062064722764,52.54007348194161
47.905028,509,1566.860617,synthetic_track_0,0.32246508128593826,52.90502819998873
48.013575,524,1567.795384,synthetic_track_0,0.32312668935051364,53.01357450575963
45.792708,420,1570.092008,synthetic_track_0,0.30959013492689935,50.79270832497472
42.177953,393,1570.795853,synthetic_track_0,0.28755759072250525,47.177952991458874
48.003977,593,1571.953838,synthetic_track_0,0.3230681921402782,53.00397719821618
43.722884,399,1572.65982,synthetic_track_0,0.2969742039582224,48.72288364502705
47.852158,464,1573.485834,synthetic_track_0,0.3221428293813833,52.852158146493345
48.729626,565,1576.043883,synthetic_track_0,0.32749114246346106,53.72962572624283
47.955808,441,1576.856801,synthetic_track_0,0.3227745909122483,52.955807699718754
41.487877,385,1577.545295,synthetic_track_0,0.283351462835282,46.48787729830502
47.921347,432,1578.30195,synthetic_track_0,0.3225645496385124,52.9213474119076
49.051021,505,1580.890633,synthetic_track_0,0.3294501021291325,54.051021196232
48.758851,505,1581.790259,synthetic_track_0,0.3276692749324118,53.75885091631796
48.465863,508,1582.835645,synthetic_track_0,0.3258834661867028,53.46586334174164
48.200021,517,1583.795422,synthetic_track_0,0.324263113185429,53.20002115850596
47.79705,551,1586.322767,synthetic_track_0,0.3218069378990612,52.79705032435793
48.731192,507,1587.185394,synthetic_track_0,0.3275006898243824,53.73119210793217
47.02603,492,1588.261894,synthetic_track_0,0.3171074365532103,52.02602962891816
48.001458,434,1589.143301,synthetic_track_0,0.32305283531038814,53.001457689700224
47.330459,558,1591.668116,synthetic_track_0,0.31896298338622303,52.33045873837542
52.667208,500,1592.621913,synthetic_track_0,0.35149137323317337,57.66720830298069
48.698371,442,1593.363041,synthetic_track_0,0.3273006388756756,53.69837087643461
47.806104,425,1594.118724,synthetic_track_0,0.3218621209703979,52.80610389981358
44.323277,405,1594.829633,synthetic_track_0,0.3006337029485164,49.32327701632563
47.559878,419,1597.148474,synthetic_track_0,0.3203613347920744,52.55987837123936
47.659569,422,1597.837252,synthetic_track_0,0.3209689638437694,52.65956864463845
47.286003,436,1598.796719,synthetic_track_0,0.3186920156467224,52.286002588759466
48.527977,525,1599.807743,synthetic_track_0,0.32626205777378253,53.52797672937065
48.115021,511,1602.269691,synthetic_track_0,0.3237450211431544,53.11502071753597
48.309882,499,1603.109943,synthetic_track_0,0.3249327305808912,53.30988151004808
48.698457,461,1603.906866,synthetic_track_0,0.3273011667399855,53.69845748015644
53.381257,472,1604.756025,synthetic_track_0,0.3558436231467188,58.38125741332559
48.582425,448,1605.496055,synthetic_track_0,0.32659392934274745,53.582425026981184
48.111166,452,1607.903662,synthetic_track_0,0.3237215260660182,53.111166012668406
48.138367,427,1608.755865,synthetic_track_0,0.3238873208635586,53.13836703054082
47.355602,429,1609.500984,synthetic_track_0,0.31911623492629,52.35560185469859
105.715308,993,1613.111573,synthetic_track_0,0.674828500639147,110.71530819429235
47.73268,422,1613.915306,synthetic_track_0,0.3214145911827387,52.732680210209644
48.154259,439,1614.749928,synthetic_track_0,0.3239841842210211,53.154258855595685
47.59397,427,1615.56893,synthetic_track_0,0.3205691260256357,52.59396950764219
48.136324,430,1616.46498,synthetic_track_0,0.3238748682090345,53.13632399370677
47.786136,514,1619.090653,synthetic_track_0,0.3217404134643904,52.78613603534962
47.75464,581,1620.125565,synthetic_track_0,0.32154843931315097,52.75463991848484
47.187185,579,1621.216869,synthetic_track_0,0.31808970435428,52.18718477014555
47.608956,421,1622.045148,synthetic_track_0,0.3206604715664771,52.608956055627125
47.432638,422,1624.491087,synthetic_track_0,0.3195857804192849,52.43263753697777
47.943841,424,1625.356615,synthetic_track_0,0.3227016505452851,52.94384078486485
47.885618,424,1626.145943,synthetic_track_0,0.3223467735356321,52.88561811427879
47.905672,419,1626.927297,synthetic_track_0,0.3224690071181766,52.90567228915476
43.14596,394,1627.716559,synthetic_track_0,0.29345775953269126,48.145960429792304
48.532304,504,1630.200414,synthetic_track_0,0.3262884334656039,53.53230404045201
23.133487,323,1630.776049,synthetic_track_0,0.1714783539649941,28.133486937648367
44.715429,405,1631.460661,synthetic_track_0,0.3030239362048347,49.71542911330862
44.545849,409,1632.300973,synthetic_track_0,0.3019903194097436,49.54584943207861
48.467768,441,1633.097809,synthetic_track_0,0.3258950725237887,53.46776752804417
43.348201,402,1635.398788,synthetic_track_0,0.2946904473612442,48.348200573349274
67.286599,652,1636.509351,synthetic_track_0,0.44059902594201356,72.28659859664089
48.020455,569,1637.511665,synthetic_track_0,0.32316862589436757,53.02045479811982
47.944884,525,1640.042075,synthetic_track_0,0.322708006932595,52.944883641500795
43.071144,404,1640.72647,synthetic_track_0,0.2930017388234559,48.071143682547415
55.51125,499,1641.644949,synthetic_track_0,0.3688262875450465,60.511249979855506
47.708292,418,1642.469964,synthetic_track_0,0.3212659426272113,52.70829227961355
47.64768,462,1643.248928,synthetic_track_0,0.3208965001303742,52.647679931648625
46.658332,423,1645.646662,synthetic_track_0,0.3148662599611427,51.65833241862906
47.201406,420,1646.459807,synthetic_track_0,0.31817638706374285,52.20140631366987
47.483874,424,1647.164001,synthetic_track_0,0.3198980727958608,52.48387358685797
46.333713,418,1647.914017,synthetic_track_0,0.31288764725187196,51.333712584557766
47.291571,426,1648.691657,synthetic_track_0,0.31872595783782554,52.291571292726786
48.291426,579,1651.330132,synthetic_track_0,0.3248202419244606,53.29142613026894
44.822048,411,1652.089748,synthetic_track_0,0.3036737972133283,49.82204814580455
46.694284,562,1653.1609,synthetic_track_0,0.3150853936379596,51.69428444576121
46.160405,507,1654.074642,synthetic_track_0,0.31183130874154436,51.16040507958776
47.043996,517,1656.798654,synthetic_track_0,0.3172169455412277,52.043996151296675
46.779973,540,1657.856795,synthetic_track_0,0.31560768049558535,51.77997310644033
47.563495,603,1658.962587,synthetic_track_0,0.32038338088981944,52.563495350225885
45.723661,529,1659.91469,synthetic_track_0,0.3091692810987371,50.72366120967713
42.892917,389,1662.201917,synthetic_track_0,0.29191541530130244,47.89291670570808
45.692708,421,1662.937427,synthetic_track_0,0.3089806180409793,50.69270832525576
46.588912,427,1663.746617,synthetic_track_0,0.3144431299964399,51.588911870439496
47.48766,414,1664.442914,synthetic_track_0,0.3199211534398861,52.48766029802112
45.343545,417,1665.21956,synthetic_track_0,0.3068524108720551,50.34354537143034
46.674197,428,1667.624868,synthetic_track_0,0.3149629597187275,51.674197402774176
46.435045,422,1668.355581,synthetic_track_0,0.31350528523495413,51.43504496691073
47.005649,425,1669.106054,synthetic_track_0,0.3169832114759456,52.005648720729205
47.592807,431,1669.880643,synthetic_track_0,0.3205620432091256,52.592807469862144
47.143025,441,1672.087041,synthetic_track_0,0.3178205442368977,52.143025186901255
43.568926,401,1672.667871,synthetic_track_0,0.2960358078130379,48.568926279082916
48.297401,508,1673.412813,synthetic_track_0,0.3248566595808464,53.29740096987138
47.823108,416,1674.080951,synthetic_track_0,0.32196576197228516,52.82310769478466
45.357229,417,1674.691741,synthetic_track_0,0.30693581428852584,50.357228899838326
47.500167,463,1676.804788,synthetic_track_0,0.31999738467837413,52.50016712761597
46.83602,415,1677.463133,synthetic_track_0,0.3159492975791844,51.8360202957029
44.588421,405,1678.220669,synthetic_track_0,0.3022498033386324,49.58842149761998
44.62424,403,1678.976426,synthetic_track_0,0.3024681216283749,49.624239748791055
42.246114,392,1679.624808,synthetic_track_0,0.2879730451888928,47.24611426390546
47.751861,417,1682.103917,synthetic_track_0,0.3215315004256898,52.751860850701014
45.489494,416,1682.830926,synthetic_track_0,0.30774198980874484,50.48949357315192
43.169039,403,1683.57581,synthetic_track_0,0.2935984281569002,48.169039138038634
44.957315,405,1684.219479,synthetic_track_0,0.30449827040428445,49.9573148148148
42.201769,394,1684.822695,synthetic_track_0,0.2877027557670967,47.201769402051724
46.381386,410,1686.916384,synthetic_track_0,0.3131782273829377,51.381386428705746
47.855794,576,1687.834919,synthetic_track_0,0.32216498876955707,52.85579371240192
49.736931,449,1688.543772,synthetic_track_0,0.3336308378133594,54.736930933772214
47.425295,487,1689.328937,synthetic_track_0,0.31954102462204476,52.4252947056062
42.557903,400,1691.694997,synthetic_track_0,0.2898734518856429,47.55790327833788
44.927587,404,1692.549434,synthetic_track_0,0.30431707219801823,49.92758664649942
42.515959,393,1693.337951,synthetic_track_0,0.2896177948510407,47.5159590697705
43.548041,403,1694.053882,synthetic_track_0,0.29590850686312864,48.54804072980738
47.300076,411,1694.830599,synthetic_track_0,0.3187777983827741,52.300076478719234
51.176055,446,1697.376468,synthetic_track_0,0.3424025409086943,56.17605481586822
53.680668,503,1698.203971,synthetic_track_0,0.35766857836117083,58.68066752836588
45.684052,424,1698.931907,synthetic_track_0,0.30892785722365695,50.68405215536238
48.931192,426,1699.697826,synthetic_track_0,0.32871972373189795,53.931192129629615
58.276513,523,1700.577581,synthetic_track_0,0.385681030122537,63.276512586925186
47.05212,456,1702.77876,synthetic_track_0,0.31726646095313715,52.05211986581782
46.810197,426,1703.43813,synthetic_track_0,0.31579190245703637,51.81019736522443
52.493744,459,1704.290926,synthetic_track_0,0.3504340790959073,57.493744013685614
46.744285,414,1704.954064,synthetic_track_0,0.3153901555094012,51.74428500811234
50.448202,445,1707.192968,synthetic_track_0,0.33796615372484934,55.44820177785426
47.566443,423,1707.992021,synthetic_track_0,0.3204013456356561,52.56644272481076
51.537373,453,1708.734785,synthetic_track_0,0.34460483421743293,56.53737266504069
48.363828,492,1709.585963,synthetic_track_0,0.3252615415442008,53.363827671340914
45.692708,420,1710.220926,synthetic_track_0,0.3089806180409793,50.69270832525576
47.41711,421,1712.453974,synthetic_track_0,0.3194911376319723,52.41711002835038
44.294933,400,1713.101942,synthetic_track_0,0.3004609420589354,49.294933110998926
46.742965,415,1713.783683,synthetic_track_0,0.3153821121364401,51.742965377249874
47.917043,418,1714.420847,synthetic_track_0,0.3225383130738483,52.917042926634686
46.517232,421,1715.088039,synthetic_track_0,0.3140062306691365,51.51723226054385
46.773838,419,1717.365661,synthetic_track_0,0.31557028300688633,51.77383751127343
45.669441,564,1718.289006,synthetic_track_0,0.3088387979231931,50.669440697949
52.618036,454,1718.97657,synthetic_track_0,0.3511916582413927,57.618035753727035
46.341415,418,1719.611945,synthetic_track_0,0.31293459229220644,51.341414592703394
44.289591,402,1721.743964,synthetic_track_0,0.3004283834387125,49.289591401706936
46.994551,416,1722.421436,synthetic_track_0,0.3169155701634014,51.99455119186386
51.151441,477,1723.227422,synthetic_track_0,0.34225251832451564,56.1514414561365
47.075507,416,1723.89734,synthetic_track_0,0.31740900960990415,52.075507020408494
44.109715,403,1724.552106,synthetic_track_0,0.29933200430134643,49.10971465676166
47.088896,512,1726.908911,synthetic_track_0,0.31749061876196943,52.088896173969474
47.083462,413,1727.602654,synthetic_track_0,0.3174574992997757,52.08346245049671
53.27274,459,1728.349881,synthetic_track_0,0.3551821904498298,58.27273987914248
47.573111,546,1729.237069,synthetic_track_0,0.3204419875214691,52.57311060992398
45.728026,418,1731.271605,synthetic_track_0,0.30919588526477404,50.72802600523517
46.888471,418,1732.012451,synthetic_track_0,0.3162689954208582,51.88847131849823
52.972766,460,1732.797673,synthetic_track_0,0.35335380016031037,57.97276619069886
57.21434,505,1733.760078,synthetic_track_0,0.379206910399738,62.21434025763328
47.305399,526,1734.770715,synthetic_track_0,0.3188102382251799,52.305398700804304
46.682756,424,1737.178982,synthetic_track_0,0.31501512820164507,51.68275639170066
47.43005,426,1737.93893,synthetic_track_0,0.319570006127931,52.430049537912616
47.642301,428,1738.747009,synthetic_track_0,0.3208637139747986,52.64230089191391
47.65557,534,1739.59411,synthetic_track_0,0.32094459286360094,52.65557023529772
53.3602,470,1741.822635,synthetic_track_0,0.35571527435946126,58.36019995128282
69.043963,717,1742.954426,synthetic_track_0,0.4513104575147913,74.04396279607667
48.108086,432,1743.69598,synthetic_track_0,0.3237027535438464,53.10808611077354
46.392799,411,1744.295026,synthetic_track_0,0.3132477902827115,51.392799221556146
52.46811,460,1746.304392,synthetic_track_0,0.3502778341551706,57.4681097869879
44.413899,408,1746.871722,synthetic_track_0,0.30118605763941947,49.413898736922754
47.600101,433,1747.553979,synthetic_track_0,0.32060649665874275,52.60010069676349
57.451671,525,1748.385046,synthetic_track_0,0.3806534808603374,62.45167091900626
47.515704,433,1749.025735,synthetic_track_0,0.32009208193825867,52.51570357325117
52.672509,466,1751.011138,synthetic_track_0,0.351523679882799,57.67250867287709
70.89675,651,1752.045124,synthetic_track_0,0.4626035107065748,75.89675037603016
47.23979,430,1752.741093,synthetic_track_0,0.3184103410435846,52.23978982437953
47.715693,432,1753.379686,synthetic_track_0,0.32131105071873706,52.71569290992273
49.623323,459,1755.380603,synthetic_track_0,0.33293838116792335,54.62332347522827
48.355689,439,1755.968031,synthetic_track_0,0.32521193200044124,53.355688513137736
47.389226,424,1756.591941,synthetic_track_0,0.3193211807406511,52.38922615921245
48.731192,435,1757.269498,synthetic_track_0,0.3275006898243824,53.73119210793217
47.863495,577,1759.482205,synthetic_track_0,0.32221193159623585,52.86349535736554
48.087346,434,1760.05409,synthetic_track_0,0.3235763375815616,53.08734575642901
52.131235,467,1760.659656,synthetic_track_0,0.3482245265285186,57.13123517886576
45.225012,422,1761.262325,synthetic_track_0,0.3061299273086688,50.225011565715455
54.979951,508,1761.996876,synthetic_track_0,0.3655879295808867,59.97995084280689
43.435369,407,1763.977519,synthetic_track_0,0.29522175225146996,48.435368771803795
49.45631,460,1764.663025,synthetic_track_0,0.33192040545408236,54.45630993803257
47.508997,440,1765.351393,synthetic_track_0,0.3200512042416146,52.50899699998414
43.014473,407,1765.977362,synthetic_track_0,0.2926563241914981,48.01447345093182
49.484425,477,1766.710419,synthetic_track_0,0.3320917726007177,54.4844251798105
48.435771,506,1768.6717,synthetic_track_0,0.3257000458505448,53.43577060110072
52.506812,488,1769.348858,synthetic_track_0,0.3505137325985233,57.506812314865144
47.810196,436,1769.949575,synthetic_track_0,0.32188706447149734,52.81019623943624
48.238773,501,1770.678689,synthetic_track_0,0.32449931231993323,53.23877301908549
47.392537,432,1772.545724,synthetic_track_0,0.31934136304929506,52.392537356827056
51.216143,484,1773.261088,synthetic_track_0,0.3426468860720429,56.21614314948231
46.644865,459,1773.913021,synthetic_track_0,0.314784176600442,51.64486546433031
48.087074,522,1774.630079,synthetic_track_0,0.32357468222318225,53.087074171110714
49.545592,517,1776.85494,synthetic_track_0,0.3324645956913817,54.54559216274871
47.364178,441,1777.505709,synthetic_track_0,0.31916851097615523,52.364178491527845
47.465398,467,1778.218045,synthetic_track_0,0.31978546093381277,52.46539799342768
48.634688,521,1778.935069,synthetic_track_0,0.3269124801323947,53.63468785941628
48.148872,483,1780.994014,synthetic_track_0,0.3239513528796356,53.148872402479846
47.266354,462,1781.694079,synthetic_track_0,0.3185722539102189,52.266353955730025
53.140463,467,1782.455101,synthetic_track_0,0.35437594043294157,58.140462983580285
48.986773,524,1783.207537,synthetic_track_0,0.3290584988368735,53.98677305147923
46.186985,413,1783.866244,synthetic_track_0,0.31199331640882155,51.18698476434536
47.437102,434,1785.749967,synthetic_track_0,0.31961299083431655,52.43710179639105
48.699486,496,1786.593047,synthetic_track_0,0.3273074382762985,53.69948641576762
57.766532,571,1787.486978,synthetic_track_0,0.3825726127161579,62.76653206473649
53.448711,525,1788.249616,synthetic_track_0,0.3562547617445111,58.44871060553965
20.947463,312,1789.957095,synthetic_track_0,0.15815416610670738,25.94746254215874
55.81125,540,1790.717066,synthetic_track_0,0.3706548382514629,60.811249986995165
47.876086,424,1791.350609,synthetic_track_0,0.32228867618228646,52.87608640900131
48.002215,454,1792.045959,synthetic_track_0,0.32305745098953603,53.00221495816014
55.948932,545,1794.133951,synthetic_track_0,0.3714940338136806,60.94893207247054
47.401867,472,1794.761109,synthetic_track_0,0.3193982302183184,52.40186723269714
48.553792,500,1795.458713,synthetic_track_0,0.3264194080373285,53.553792300151144
48.020967,507,1796.189492,synthetic_track_0,0.3231717499892873,53.020967350763264
50.234282,480,1798.457725,synthetic_track_0,0.3366622789868233,55.23428239932983
47.708908,471,1799.296921,synthetic_track_0,0.3212696984190636,52.708908471211934
46.693377,422,1799.971762,synthetic_track_0,0.31507986489284967,51.69337737571572
60.34045,568,1800.854012,synthetic_track_0,0.39826107929388965,65.34045034264608
48.158921,474,1801.58509,synthetic_track_0,0.32401259999116533,53.15892087082788
52.704231,551,1803.748882,synthetic_track_0,0.35171703308014907,57.70423104206377
48.831661,509,1804.536466,synthetic_track_0,0.3281130626732494,53.83166066939322
47.883682,474,1805.233992,synthetic_track_0,0.3223349736756654,52.883682177768065
47.620614,437,1805.850848,synthetic_track_0,0.3207315316849061,52.6206144887027
47.668913,531,1807.794935,synthetic_track_0,0.32102591836533295,52.66891285194741
48.834179,478,1808.473421,synthetic_track_0,0.3281284112739589,53.834178827793906
47.599178,435,1809.118972,synthetic_track_0,0.32060087567848705,52.599178494217554
43.154877,405,1809.71889,synthetic_track_0,0.29351210945723283,48.154877315549584
50.735611,498,1811.849351,synthetic_track_0,0.33971796142945093,55.73561099327478
47.965412,433,1812.480962,synthetic_track_0,0.3228331303717218,52.96541193885655
53.040674,526,1813.25294,synthetic_track_0,0.3537677067534952,58.04067351231422
47.342168,443,1813.884157,synthetic_track_0,0.3190343510309446,52.34216762555633
48.031192,505,1814.596976,synthetic_track_0,0.32323407186886705,53.03119215024696
67.223051,683,1816.769994,synthetic_track_0,0.44021169021904544,72.22305060792604
50.270082,534,1817.51094,synthetic_track_0,0.336880483116577,55.27008192091503
51.589309,556,1818.278938,synthetic_track_0,0.3449213932891326,56.58930872753915
53.1795,488,1820.285915,synthetic_track_0,0.3546138804547892,58.17950046173313
51.167328,513,1821.027922,synthetic_track_0,0.34234935248412623,56.167328490864385
49.616668,549,1821.777514,synthetic_track_0,0.3328978139932221,54.61666784754602
89.300084,905,1824.275238,synthetic_track_0,0.5747749370630578,94.30008400507657
57.310962,541,1825.038055,synthetic_track_0,0.37979583782840065,62.310962261159666
50.527913,468,1825.752735,synthetic_track_0,0.3384520050384464,55.52791266420621
19.823377,297,1826.165785,synthetic_track_0,0.15130267555324953,24.823377107862598
51.611101,484,1826.81981,synthetic_track_0,0.3450542237553392,56.61110147338453
49.436221,555,1828.842932,synthetic_track_0,0.33179796261172817,54.43622143107919
52.922507,565,1829.659998,synthetic_track_0,0.3530474589347209,57.92250651261527
51.289581,510,1830.452657,synthetic_track_0,0.343094504400291,56.28958136544157
49.502762,497,1831.204084,synthetic_track_0,0.33220353608895303,54.5027615853315
48.47142,455,1833.091983,synthetic_track_0,0.32591733480370216,53.47141997482049
60.018181,628,1833.959099,synthetic_track_0,0.39629679045332467,65.01818054497188
51.774493,482,1834.6421,synthetic_track_0,0.34605012526438533,56.77449342022847
57.446644,536,1835.357302,synthetic_track_0,0.3806228380053555,62.4466435185185
48.031192,451,1837.23601,synthetic_track_0,0.32323407186886705,53.03119215024696
52.734996,504,1837.911675,synthetic_track_0,0.35190455123111913,57.73499608808215
56.872995,586,1838.705892,synthetic_track_0,0.3771263563280219,61.87299547885354
51.131033,542,1840.920901,synthetic_track_0,0.3421281248499913,56.13103291995838
52.612778,495,1841.664969,synthetic_track_0,0.3511596125512802,57.612778197986955
49.325573,459,1842.437192,synthetic_track_0,0.3311235407324588,54.32557283496098
51.654083,530,1843.176632,synthetic_track_0,0.3453162044143105,56.65408316335684
49.189233,483,1843.901432,synthetic_track_0,0.3302925255955587,54.189232865755656
49.753367,575,1845.959,synthetic_track_0,0.3337310166683944,54.753366713824846
49.555293,567,1846.734959,synthetic_track_0,0.3325237260711338,54.55529335084569
20.157029,305,1847.164034,synthetic_track_0,0.1533363384691393,25.15702871902423
48.598349,462,1847.826021,synthetic_track_0,0.3266909857116333,53.59834851833231
48.780039,457,1849.884096,synthetic_track_0,0.3277984217922939,53.78003931363762
51.420719,490,1850.640862,synthetic_track_0,0.34389380826710747,56.42071864531588
49.082034,489,1851.40488,synthetic_track_0,0.32963913238384496,54.08203432458789
50.376727,500,1852.24094,synthetic_track_0,0.33753050540560076,55.376727413798434
48.735544,481,1854.599974,synthetic_track_0,0.32752721269349044,53.73554356556136
50.26922,519,1855.509657,synthetic_track_0,0.33687523112287526,55.26922025591308
48.874258,466,1856.258116,synthetic_track_0,0.3283727034409818,53.87425846659957
51.358215,492,1857.048966,synthetic_track_0,0.34351283654309545,56.35821476203687
50.045445,478,1859.21178,synthetic_track_0,0.33551128378854894,55.045445105133744
55.143553,557,1860.092104,synthetic_track_0,0.36658511381470327,60.14355323907339
51.50726,521,1860.908686,synthetic_track_0,0.3444212940804574,56.507260269354944
60.111383,585,1861.797646,synthetic_track_0,0.3968648765524744,65.11138322904448
51.89947,478,1864.146185,synthetic_track_0,0.34681187750566217,56.89946981657329
48.847267,474,1864.848064,synthetic_track_0,0.32820818689041276,53.84726716350247
48.977273,467,1865.568998,synthetic_track_0,0.32900059348484767,53.97727284677602
51.75187,496,1866.289593,synthetic_track_0,0.3459122336967936,56.75187032800747
49.898712,467,1868.139027,synthetic_track_0,0.33461692289220796,54.89871235424736
22.378125,331,1868.611625,synthetic_track_0,0.16687429287389385,27.37812458682334
59.914517,585,1869.376482,synthetic_track_0,0.39566494647253153,64.91451746465152
51.47662,521,1870.070527,synthetic_track_0,0.34423453488308586,56.47661974057537
18.500695,285,1870.438155,synthetic_track_0,0.14324070286351887,23.500694692771788
52.544097,612,1872.559823,synthetic_track_0,0.3507409890443559,57.544096998922896
51.451123,501,1873.282598,synthetic_track_0,0.34407913001359897,56.451123339632254
51.044225,495,1873.925973,synthetic_track_0,0.3415990184407741,56.04422541389043
49.202698,486,1874.635034,synthetic_track_0,0.33037459837973115,54.20269808482303
52.244192,507,1876.589648,synthetic_track_0,0.34891301723149476,57.24419196758572
50.954641,518,1877.239988,synthetic_track_0,0.34105298753277463,55.9546412007081
51.345749,537,1878.120975,synthetic_track_0,0.34343685753076825,56.345749313766476
52.415104,504,1878.857952,synthetic_track_0,0.3499547558195989,57.415104145614066
52.110274,498,1880.822832,synthetic_track_0,0.3480967649671337,57.11027405966181
49.265082,489,1881.493907,synthetic_track_0,0.33075483941374734,54.265082087913214
55.03302,534,1882.243965,synthetic_track_0,0.3659113934580642,60.033019737818755
51.595346,479,1882.899534,synthetic_track_0,0.3449581891970793,56.595345624743025
48.530891,450,1884.766534,synthetic_track_0,0.32627982040755715,53.53089094456879
49.752111,533,1885.671485,synthetic_track_0,0.33372336212925197,54.752110876735216
51.807207,508,1886.386876,synthetic_track_0,0.346249518739825,56.80720678379317
60.085127,608,1887.243072,synthetic_track_0,0.3967048421889924,65.08512729311734
51.056691,515,1889.165953,synthetic_track_0,0.34167500103095705,56.05669144915945
51.711563,508,1889.803074,synthetic_track_0,0.3456665525956872,56.711562814615924
52.429223,572,1890.726181,synthetic_track_0,0.3500408098871988,57.4292225514115
51.054026,555,1891.529006,synthetic_track_0,0.3416587523753966,56.05402562383284
49.965201,505,1893.419053,synthetic_track_0,0.3350221804980432,54.96520068526129
52.548606,546,1894.136965,synthetic_track_0,0.35076847462332905,57.548606402933
49.961717,536,1895.023273,synthetic_track_0,0.3350009494433097,54.96171742578739
56.846644,566,1895.819585,synthetic_track_0,0.3769657366693948,61.846643516851174
51.120992,470,1897.650632,synthetic_track_0,0.3420669207860121,56.1209915141793
51.648237,513,1898.349944,synthetic_track_0,0.3452805685334035,56.648236585250466
51.46596,557,1899.084817,synthetic_track_0,0.34416956282435207,56.46596014113653
47.933155,467,1899.692966,synthetic_track_0,0.32263651649309893,52.93315460807341
49.004955,483,1901.803194,synthetic_track_0,0.3291693200409395,54.00495486174808
56.01125,560,1902.66132,synthetic_track_0,0.3718738720550484,61.01124999164138
56.646643,568,1903.393084,synthetic_track_0,0.37574670278150746,61.646643498374026
45.939141,464,1904.018672,synthetic_track_0,0.3104826668986271,50.93914101450918
49.670847,512,1906.052548,synthetic_track_0,0.3332280471610988,54.67084734192543
57.158806,579,1906.954534,synthetic_track_0,0.3788684181576564,62.15880574350422
56.846644,556,1907.786806,synthetic_track_0,0.3769657366693948,61.84664351685117
50.2867,576,1909.808949,synthetic_track_0,0.33698177052036815,55.28669957431337
18.550463,290,1910.192998,synthetic_track_0,0.14354404642425922,23.550462560880966
57.399938,576,1910.965086,synthetic_track_0,0.38033815987141006,62.39993798176939
18.516585,284,1911.453689,synthetic_track_0,0.14333755520367428,23.516584710279183
20.48461,311,1911.870279,synthetic_track_0,0.155333000373037,25.484609782717396
50.31255,472,1913.782121,synthetic_track_0,0.3371393342626225,55.312550169342195
51.937592,493,1914.493063,synthetic_track_0,0.3470442366711206,56.937591675076796
52.180512,512,1915.128057,synthetic_track_0,0.34852487597217485,57.180511819062325
52.042379,495,1915.775504,synthetic_track_0,0.34768293311913984,57.04237900106862
51.415502,503,1916.503005,synthetic_track_0,0.34386201193432786,56.415502000227825
50.922182,536,1918.570393,synthetic_track_0,0.34085514545011075,55.92218236541115
51.687557,504,1919.28711,synthetic_track_0,0.345520232410429,56.687556886605236
15.341957,271,1919.670581,synthetic_track_0,0.12398766219734654,20.34195683713348
52.077362,520,1920.489554,synthetic_track_0,0.3478961584294099,57.077361675806
50.788763,477,1922.430534,synthetic_track_0,0.3400419296673025,55.788762635899424
51.459407,486,1923.13752,synthetic_track_0,0.34412962107358386,56.45940712323356
51.781097,523,1923.83006,synthetic_track_0,0.3460903721550385,56.78109650071234
50.519495,570,1924.589952,synthetic_track_0,0.33840069635109116,55.519494737091094
57.86911,588,1926.597115,synthetic_track_0,0.3831978416567047,62.8691098526916
51.155001,492,1927.253958,synthetic_track_0,0.3422742156393933,56.15500121228402
93.57903,897,1928.460956,synthetic_track_0,0.6008558384935712,98.57903048870814
46.196846,479,1930.374084,synthetic_track_0,0.31205342337781145,51.1968461759337
51.831467,516,1931.048625,synthetic_track_0,0.34639738608422715,56.831466545483515
50.564254,489,1931.744119,synthetic_track_0,0.3386735096075638,55.56425367027375
51.557362,505,1932.421985,synthetic_track_0,0.3447266744104607,56.55736229871613
51.879667,495,1934.304571,synthetic_track_0,0.34669117739692046,56.87966723010018
51.626647,492,1934.94025,synthetic_track_0,0.34514897620651097,56.62664697394313
52.129122,517,1935.637881,synthetic_track_0,0.3482116486659854,57.129122380550484
52.429205,496,1936.34964,synthetic_track_0,0.3500407016802759,57.429204798511606
50.3359,479,1938.17347,synthetic_track_0,0.33728165454045095,55.33589985508777
52.348985,502,1938.925038,synthetic_track_0,0.3495517511918632,57.34898544801724
49.533414,470,1939.642077,synthetic_track_0,0.33239036879732675,54.53341417464683
57.246643,539,1940.400658,synthetic_track_0,0.37940380409783997,62.246643496821065
49.150859,465,1941.125023,synthetic_track_0,0.33005863301533017,54.15085942853444
51.046983,513,1943.02333,synthetic_track_0,0.34161582831220866,56.046983314742015
50.65714,481,1943.679562,synthetic_track_0,0.33923966937140115,55.65714031137011
49.041315,469,1944.371869,synthetic_track_0,0.32939093865493135,54.04131457851532
50.69196,485,1945.062732,synthetic_track_0,0.33945190188259416,55.69196010315917
49.046106,464,1947.014114,synthetic_track_0,0.3294201433913495,54.04610603499679
51.345073,468,1947.694173,synthetic_track_0,0.3434327344086917,56.34507285636879
48.840094,471,1948.339582,synthetic_track_0,0.32816446481369144,53.840093928829496
49.604202,470,1949.03495,synthetic_track_0,0.3328218336190171,54.60420217584002
51.704459,487,1951.052121,synthetic_track_0,0.3456232541616335,56.70445908460742
49.472575,461,1951.693072,synthetic_track_0,0.33201954455099514,54.472575130831046
49.590175,490,1952.463837,synthetic_track_0,0.3327363364320313,54.590175134305895
58.266756,564,1953.28288,synthetic_track_0,0.3856215590630143,63.26675550541861
50.875222,469,1955.117312,synthetic_track_0,0.3405689111361745,55.875221514982904
49.072722,457,1955.692958,synthetic_track_0,0.32958237176717303,54.072721930161485
69.224135,660,1956.586349,synthetic_track_0,0.4524086368392849,74.22413488757658
57.690929,557,1957.578768,synthetic_track_0,0.38211179890883246,62.69092894090591
50.166361,474,1959.652093,synthetic_track_0,0.3362482869718314,55.16636106304009
50.513111,492,1960.312164,synthetic_track_0,0.33836178923889887,55.513111466507176
59.078645,561,1961.102161,synthetic_track_0,0.3905701627906169,64.07864502448015
49.62791,486,1961.826034,synthetic_track_0,0.33296633739454784,54.62791009574555
51.083239,489,1963.671939,synthetic_track_0,0.3418368145042914,56.08323927361148
49.928607,482,1964.404921,synthetic_track_0,0.3347991354910033,54.92860694822702
49.341422,478,1965.06694,synthetic_track_0,0.3312201412209897,54.34142153259199
57.11434,543,1965.862787,synthetic_track_0,0.3785973937605551,62.1143402983951
55.204143,538,1967.794614,synthetic_track_0,0.3669544185069496,60.20414297821589
58.107072,544,1968.541097,synthetic_track_0,0.3846482620212326,63.107072146100805
51.17806,492,1969.210573,synthetic_track_0,0.34241475996621584,56.178059527758805
51.243804,518,1969.876091,synthetic_track_0,0.34281548329624656,56.24380394570051
50.064384,490,1971.786973,synthetic_track_0,0.33562671967004215,55.064384019515835
33.264478,377,1972.416163,synthetic_track_0,0.2332284534474552,38.264477683821205
49.676765,497,1973.183059,synthetic_track_0,0.3332641180402051,54.67676528773435
59.190317,603,1974.024221,synthetic_track_0,0.39125082083212437,64.19031675258448
57.178625,550,1976.160531,synthetic_track_0,0.37898921756310344,62.17862462102805
57.41434,582,1976.967184,synthetic_track_0,0.38042594428762533,62.41434027611043
52.040007,565,1977.767864,synthetic_track_0,0.34766847274759544,57.04000656942024
49.753035,484,1978.459784,synthetic_track_0,0.3337289971050492,54.75303537545077
49.72931,484,1980.366069,synthetic_track_0,0.333584389968217,54.72931049763913
49.098517,483,1981.010763,synthetic_track_0,0.3297395975820333,54.098517083347616
50.812962,504,1981.773531,synthetic_track_0,0.3401894314535549,55.812962422524734
35.442181,376,1982.261057,synthetic_track_0,0.24650192211096514,40.44218086692019
58.104049,562,1984.402474,synthetic_track_0,0.38462983391786637,63.104048751057924
58.400877,559,1985.183193,synthetic_track_0,0.38643905379641363,63.40087725823401
57.31434,579,1986.049763,synthetic_track_0,0.37981642728420695,62.31434025711418
57.51434,630,1986.93059,synthetic_track_0,0.38103546110615444,62.51434026477294
67.082748,645,1989.050584,synthetic_track_0,0.4393565240484741,72.08274831476197
57.51434,572,1989.807513,synthetic_track_0,0.38103546110615444,62.51434026477294
50.171863,517,1990.506516,synthetic_track_0,0.3362818210806661,55.17186281524994
50.480102,488,1992.495341,synthetic_track_0,0.33816059321762604,55.4801023694083
50.803187,504,1993.194159,synthetic_track_0,0.3401298500504723,55.803187237572274
71.086133,764,1994.260094,synthetic_track_0,0.4637578279103615,76.08613269294501
50.111741,495,1994.915075,synthetic_track_0,0.3359153702856918,55.11174129894587
91.91459,1079,1997.649561,synthetic_track_0,0.5907107954257855,96.9145904586406
52.410247,516,1998.552052,synthetic_track_0,0.34992515136897434,57.41024711027588
50.050124,499,1999.30104,synthetic_track_0,0.3355398046713347,55.050124365604525
57.550041,562,2001.47016,synthetic_track_0,0.38125306361358113,62.550041081574214
57.979446,574,2002.309528,synthetic_track_0,0.3838703596955356,62.97944609644074
37.803943,392,2002.820877,synthetic_track_0,0.2608972587084287,42.80394259814411
58.358801,571,2003.686095,synthetic_track_0,0.3861825900812607,63.35880070213582
51.679461,495,2005.778089,synthetic_track_0,0.3454708886712255,56.67946133745727
50.885907,509,2006.55915,synthetic_track_0,0.3406340394050857,55.88590674294502
50.564465,490,2007.277472,synthetic_track_0,0.3386747987431718,55.56446517148629
51.244377,530,2008.026533,synthetic_track_0,0.34281897759826724,56.244377236136195
51.131115,499,2010.060813,synthetic_track_0,0.3421286232563283,56.131114690676654
40.870143,422,2010.682976,synthetic_track_0,0.27958626710043416,45.87014285792396
52.452756,566,2011.506505,synthetic_track_0,0.35018425174877066,57.45275624907965
35.075311,365,2012.038964,synthetic_track_0,0.2442657889487053,40.07531110373059
51.303017,511,2014.072084,synthetic_track_0,0.3431763986294838,56.30301728999993
52.445067,508,2014.816892,synthetic_track_0,0.3501373847831409,57.44506705021072
40.631358,434,2015.518068,synthetic_track_0,0.27813083356959506,45.63135808257654
71.606759,787,2016.782063,synthetic_track_0,0.466931134743388,76.60675925759192
59.703716,647,2019.002072,synthetic_track_0,0.3943800751825317,64.7037158747252
51.985219,552,2019.843356,synthetic_track_0,0.34733453481799537,56.98521925566805
52.041381,560,2020.664241,synthetic_track_0,0.3476768499642347,57.041380972133155
53.161056,511,2022.67956,synthetic_track_0,0.3545014556714664,58.161055561254756
54.516399,577,2023.450088,synthetic_track_0,0.3627625052583061,59.51639940068807
54.143537,524,2024.208983,synthetic_track_0,0.36048984429001657,59.14353672626486
70.739063,741,2025.254663,synthetic_track_0,0.46164237659808727,75.73906252061732
51.779393,521,2027.305237,synthetic_track_0,0.3460799900878604,56.77939317347255
52.424677,488,2027.96294,synthetic_track_0,0.35001310686496245,57.4246774727109
53.345034,515,2028.70308,synthetic_track_0,0.3556228357662524,58.345034072357336
52.606628,488,2029.34752,synthetic_track_0,0.3511221266091104,57.60662809075772
52.201023,549,2031.340029,synthetic_track_0,0.348649895885182,57.20102313147119
63.650773,598,2032.164125,synthetic_track_0,0.4184380538335687,68.65077282083598
51.332387,495,2032.835623,synthetic_track_0,0.3433554109167153,56.33238682690098
52.774471,569,2033.59402,synthetic_track_0,0.35214515743998237,57.77447099250975
51.125288,498,2035.504023,synthetic_track_0,0.34209310872579923,56.12528802184275
57.63632,597,2036.328053,synthetic_track_0,0.3817789504666376,62.63632037321103
57.637138,600,2037.077565,synthetic_track_0,0.3817839358999378,62.63713830515046
55.919984,521,2039.222129,synthetic_track_0,0.3713175914336308,60.919984165754606
58.349734,600,2040.17755,synthetic_track_0,0.386127325636199,63.34973377615181
57.21434,577,2041.162407,synthetic_track_0,0.37920691039973803,62.21434025763329
38.916028,430,2041.810621,synthetic_track_0,0.2676756070229421,43.9160279975883
50.451031,561,2043.790907,synthetic_track_0,0.3379833985711178,55.451031042574954
49.927293,549,2044.533063,synthetic_track_0,0.33479112435564945,54.927292606407065
51.465495,496,2045.22765,synthetic_track_0,0.34416673022692673,56.46549541284387
65.06098,641,2046.071486,synthetic_track_0,0.42703350399654255,70.06097987783046
50.449712,564,2047.880621,synthetic_track_0,0.3379753564840205,55.44971162267692
59.593937,618,2048.718857,synthetic_track_0,0.39371095421985525,64.59393697011193
50.441223,544,2049.460588,synthetic_track_0,0.3379236151457268,55.44122271296112
50.941202,526,2051.410903,synthetic_track_0,0.34097107406675103,55.94120212007135
57.325858,605,2052.269288,synthetic_track_0,0.37988662757150526,62.32585762254288
51.658443,499,2053.016086,synthetic_track_0,0.345342779984838,56.65844326741084
57.650604,616,2053.882035,synthetic_track_0,0.3818660127022939,62.65060418345858
58.194722,573,2055.905268,synthetic_track_0,0.3851825013615179,63.19472178323554
58.295714,632,2056.753425,synthetic_track_0,0.38579806562526836,63.295713942146996
57.620398,574,2057.544034,synthetic_track_0,0.3816819011328939,62.620398036076026
90.557925,882,2060.078891,synthetic_track_0,0.5824416922075122,95.55792530529507
50.457046,526,2060.810332,synthetic_track_0,0.3380200592196374,55.45704574852707
51.324435,526,2061.478911,synthetic_track_0,0.3433069407344514,56.324434597315985
38.422997,447,2062.093061,synthetic_track_0,0.26467050208854576,43.42299737032114
51.204437,514,2064.20306,synthetic_track_0,0.3425755348650528,56.20443695914735
51.282991,505,2064.904136,synthetic_track_0,0.3430543320684669,56.28299051740452
40.513847,435,2065.522037,synthetic_track_0,0.27741458224847204,45.51384676571959
66.896609,724,2066.501004,synthetic_track_0,0.4382219730681575,71.89660893071267
57.733546,635,2068.604172,synthetic_track_0,0.3823715599427228,62.73354646950288
50.251555,510,2069.243147,synthetic_track_0,0.3367675599090358,55.25155524678469
58.382037,593,2070.094287,synthetic_track_0,0.38632421933430094,63.38203701533958
53.456601,555,2072.076471,synthetic_track_0,0.3563028572296173,58.4566013606741
57.91434,594,2072.950773,synthetic_track_0,0.3834735286669229,62.91434026645238
35.917028,407,2073.528913,synthetic_track_0,0.24939619395597531,40.91702773396103
58.250806,553,2074.265174,synthetic_track_0,0.38552434384006873,63.250805951777345
57.718831,608,2076.386667,synthetic_track_0,0.382281869304675,62.71883143209086
57.31434,545,2077.11055,synthetic_track_0,0.379816427284207,62.31434025711419
71.039062,755,2078.098094,synthetic_track_0,0.4634709271251575,76.03906249833265
59.48465,589,2080.06598,synthetic_track_0,0.3930448301729758,64.48464975258031
58.330638,579,2080.813008,synthetic_track_0,0.3860109313264732,63.330637617852105
57.21434,616,2081.668606,synthetic_track_0,0.379206910399738,62.21434025763328
57.243191,546,2082.446355,synthetic_track_0,0.3793827617493317,62.243191197313834
57.982037,626,2084.542929,synthetic_track_0,0.3838861519058558,62.982037035369686
51.083151,518,2085.259734,synthetic_track_0,0.341836274240207,56.083150635528554
65.869513,729,2086.357148,synthetic_track_0,0.43196164725494346,70.86951256304265
70.471366,771,2088.67457,synthetic_track_0,0.46001071950692696,75.47136573907339
65.947333,726,2089.622588,synthetic_track_0,0.43243597669908557,70.94733312122014
57.27114,637,2090.470546,synthetic_track_0,0.37955311616082177,62.271140285345105
67.677582,705,2092.769727,synthetic_track_0,0.4429821363364129,72.67758208581932
70.739063,776,2093.863132,synthetic_track_0,0.46164237659808727,75.73906252061732
51.410186,568,2094.64337,synthetic_track_0,0.34382961098650483,56.410186159357714
56.592466,583,2096.666012,synthetic_track_0,0.37541647962408464,61.592465646353354
18.439687,288,2097.064934,synthetic_track_0,0.14286885108960998,23.439687068298422
70.739063,777,2098.16606,synthetic_track_0,0.46164237659808727,75.73906252061732
57.21434,623,2099.057156,synthetic_track_0,0.37920691039973803,62.21434025763329
49.982977,553,2101.066183,synthetic_track_0,0.33513053164960604,54.982977247939246
57.849476,625,2101.936031,synthetic_track_0,0.3830781694837609,62.84947591385054
58.823875,628,2102.859525,synthetic_track_0,0.3890172967256324,63.82387504246787
17.622313,285,2104.578722,synthetic_track_0,0.13788681954901427,22.62231323638659
70.371366,801,2105.637081,synthetic_track_0,0.45940120250350863,75.37136572007715
57.665732,620,2106.571137,synthetic_track_0,0.3819582220648772,62.66573245380747
57.71434,614,2108.959622,synthetic_track_0,0.38225449490973995,62.71434026941916
67.394366,733,2109.90404,synthetic_track_0,0.4412558844371726,72.39436566733025
68.278689,750,2110.93889,synthetic_track_0,0.44664598607966477,73.27868926063117
57.21434,620,2113.08383,synthetic_track_0,0.37920691039973803,62.21434025763329
57.841016,634,2113.995048,synthetic_track_0,0.38302660552347895,62.84101610554528
57.175844,621,2114.762145,synthetic_track_0,0.3789722718595777,62.17584443497094
69.335972,721,2115.772107,synthetic_track_0,0.45309030427046587,74.33597222055486
64.571853,720,2117.995567,synthetic_track_0,0.42405219435258557,69.57185320973525
69.360345,785,2119.051938,synthetic_track_0,0.45323886126305424,74.36034512893568
65.051212,744,2121.425858,synthetic_track_0,0.42697396716294017,70.0512120051414
65.869559,754,2122.492278,synthetic_track_0,0.43196193202961475,70.86955928441773
69.935972,730,2123.471953,synthetic_track_0,0.45674740560642657,74.93597222222219
48.533811,478,2125.433921,synthetic_track_0,0.3262976177514829,53.53381085446577
65.238249,712,2126.385984,synthetic_track_0,0.4281139908499703,70.23824926533237
56.25654,536,2127.088656,synthetic_track_0,0.37336895436202405,61.256539718195405
70.137341,682,2128.016085,synthetic_track_0,0.45797478273593784,75.13734106932299
64.689643,713,2130.27056,synthetic_track_0,0.42477014012040676,69.68964252491062
52.566143,563,2131.056058,synthetic_track_0,0.35087536556440374,57.56614339710715
65.939111,753,2132.032637,synthetic_track_0,0.43238586091846815,70.93911090758927
67.952685,727,2134.381733,synthetic_track_0,0.4446589366741222,72.95268526535894
51.112896,557,2135.244562,synthetic_track_0,0.34201757988463305,56.1128964306172
51.203835,541,2136.133131,synthetic_track_0,0.3425718640755395,56.20383471340359
48.322375,492,2138.304042,synthetic_track_0,0.3250088825630022,53.322375336495895
47.665204,468,2139.07066,synthetic_track_0,0.32100331342785215,52.66520418727553
65.898997,720,2140.236215,synthetic_track_0,0.43214135729356506,70.89899657608115
51.586553,540,2141.06863,synthetic_track_0,0.34490459391296924,56.58655254858755
51.533159,518,2143.265961,synthetic_track_0,0.34457914855988503,56.53315856399295
56.778947,631,2144.205163,synthetic_track_0,0.37655311343046194,61.778946747933865
57.41434,577,2145.12067,synthetic_track_0,0.3804259442876253,62.41434027611042
48.354825,474,2147.336066,synthetic_track_0,0.3252066716416499,53.35482547572268
70.939062,747,2148.447229,synthetic_track_0,0.46286141012173915,75.93906247933641
65.989314,738,2149.72623,synthetic_track_0,0.4326918581720153,70.9893141521188
71.351644,746,2152.356264,synthetic_track_0,0.4653761617077639,76.35164359678346
71.239062,765,2153.575452,synthetic_track_0,0.46468996086135206,76.23906249192243
71.690481,764,2154.913048,synthetic_track_0,0.46744143099722213,76.69048068749615
57.682037,630,2157.469995,synthetic_track_0,0.3820576013787856,62.682037057654355
53.017178,505,2158.404171,synthetic_track_0,0.3536244954798562,58.017177645908426
69.435972,717,2159.646223,synthetic_track_0,0.45369982108899504,74.43597220921738
51.089152,557,2162.141231,synthetic_track_0,0.3418728543230135,56.08915212351825
48.331192,518,2162.929844,synthetic_track_0,0.32506262239593725,53.33119212796229
57.872231,590,2163.884252,synthetic_track_0,0.3832168679560856,62.87223139038267
51.71481,520,2164.813097,synthetic_track_0,0.3456863465119618,56.714810290883804
71.039062,762,2167.833149,synthetic_track_0,0.4634709271251575,76.03906249833265
71.039062,733,2169.205215,synthetic_track_0,0.4634709271251575,76.03906249833265
57.206046,640,2170.338086,synthetic_track_0,0.37915635373466244,62.20604571057457
51.895931,559,2172.875089,synthetic_track_0,0.34679030835192165,56.89593108710112
48.302555,508,2173.794978,synthetic_track_0,0.3248880738804959,53.30255493693724
58.083554,612,2174.942773,synthetic_track_0,0.3845049178896145,63.08355448243528
57.714075,614,2177.444282,synthetic_track_0,0.38225287686075904,62.714074805243555
51.84181,556,2178.289114,synthetic_track_0,0.346460432723061,56.841810252132674
51.602645,539,2179.173287,synthetic_track_0,0.3450026818827089,56.60264528887577
49.783115,502,2180.037246,synthetic_track_0,0.3339123356627438,54.78311469916017
53.709961,554,2182.362455,synthetic_track_0,0.35784712619345904,58.70996086476245
62.81696,661,2183.459696,synthetic_track_0,0.41335582499425216,67.81696018291994
68.12959,691,2184.588699,synthetic_track_0,0.44573720128124245,73.12959006143564
57.888824,593,2187.143037,synthetic_track_0,0.3833180010845217,62.88882373269312
57.11434,591,2188.189821,synthetic_track_0,0.3785973937605551,62.1143402983951
56.946644,612,2189.163263,synthetic_track_0,0.3775752534879239,61.946643505513684
53.016131,576,2190.106757,synthetic_track_0,0.3536181153244215,58.01613088977022
69.381313,722,2192.797596,synthetic_track_0,0.4533666649374148,74.38131315737814
52.703613,574,2193.68517,synthetic_track_0,0.3517132637014126,57.7036126213419
57.81434,590,2194.578608,synthetic_track_0,0.38286401171607043,62.814340256080314
50.86073,514,2196.850991,synthetic_track_0,0.34048058426176797,55.86073022258417
66.090067,664,2197.94715,synthetic_track_0,0.4333059638665455,71.09006701180002
61.074487,627,2198.900593,synthetic_track_0,0.4027351594486657,66.07448745393116
66.224738,735,2201.488878,synthetic_track_0,0.43412680926997654,71.2247384901603
57.093428,581,2202.476261,synthetic_track_0,0.37846992674566915,62.093427503774926
91.350772,924,2204.009636,synthetic_track_0,0.5872742271325235,96.35077207017765
57.680877,625,2206.593112,synthetic_track_0,0.3820505319777255,62.68087722087156
58.161982,610,2207.566262,synthetic_track_0,0.38498294914981906,63.16198237670757
57.728506,617,2208.524293,synthetic_track_0,0.3823408391231494,62.72850627780406
49.633116,512,2209.334178,synthetic_track_0,0.3329980690694024,54.63311613277231
48.005211,478,2211.393097,synthetic_track_0,0.3230757142359611,53.00521130605396
71.346426,776,2212.61966,synthetic_track_0,0.4653443596022965,76.34642600460305
57.240564,625,2213.665166,synthetic_track_0,0.37936675076170573,62.24056436482554
58.3956,613,2216.076289,synthetic_track_0,0.38640688579335936,63.395599635299035
48.431192,535,2216.994199,synthetic_track_0,0.32567213921446636,53.4311921166248
57.982037,618,2218.14509,synthetic_track_0,0.3838861519058558,62.982037035369686
65.897441,692,2221.03625,synthetic_track_0,0.4321318773981717,70.8974412630807
57.143922,622,2222.095946,synthetic_track_0,0.37877769809819695,62.14392181472388
61.74093,584,2223.182875,synthetic_track_0,0.4067972398593063,66.7409300895758
71.321597,739,2224.319839,synthetic_track_0,0.4651930198657587,76.32159654710836
65.270119,700,2226.800793,synthetic_track_0,0.42830824259569866,70.2701190542865
70.571366,752,2227.877162,synthetic_track_0,0.46062023632545607,75.57136572773591
57.146644,587,2228.756319,synthetic_track_0,0.37879428729150944,62.146643510159905
57.621866,627,2231.194495,synthetic_track_0,0.381690848370831,62.62186595897015
57.31434,625,2232.277904,synthetic_track_0,0.37981642728420695,62.31434025711418
50.377657,548,2233.303108,synthetic_track_0,0.33753617094532135,55.377656926964605
70.019112,761,2236.393331,synthetic_track_0,0.4572541543135214,75.01911162612988
57.393027,586,2237.396287,synthetic_track_0,0.3802960339346679,62.3930266167856
56.946644,615,2238.419736,synthetic_track_0,0.37757525348792387,61.94664350551368
57.103317,579,2240.908642,synthetic_track_0,0.37853020276164656,62.10331664994961
51.002885,525,2241.771209,synthetic_track_0,0.34134704093067997,56.00288488416817
92.545891,982,2243.42395,synthetic_track_0,0.5945586790554274,97.54589103582144
57.679628,611,2246.168087,synthetic_track_0,0.38204291532101636,62.679627598939234
36.313998,425,2246.916802,synthetic_track_0,0.25181579737345255,41.31399842773023
71.422176,751,2248.215107,synthetic_track_0,0.46580606565578997,76.42217551423296
50.532975,510,2248.996126,synthetic_track_0,0.3384828616451073,55.53297513372707
70.839062,830,2251.745233,synthetic_track_0,0.4622518932372702,75.83906247985551
72.757803,835,2253.002316,synthetic_track_0,0.4739469398063128,77.75780284724041
46.160405,470,2255.291936,synthetic_track_0,0.31183130874154436,51.16040507958776
58.382037,632,2256.320492,synthetic_track_0,0.3863242193343009,63.38203701533957
66.333122,732,2257.527053,synthetic_track_0,0.4347874236925571,71.33312177469011
58.009238,624,2258.653135,synthetic_track_0,0.38405194425590883,63.00923765169664
67.158168,696,2261.13082,synthetic_track_0,0.4398162181090784,72.15816772805985
34.001661,389,2261.824212,synthetic_track_0,0.23772170952223917,39.00166088021024
57.792835,569,2262.682701,synthetic_track_0,0.38273293495303834,62.792835230429404
36.557281,405,2263.335032,synthetic_track_0,0.2532986482224288,41.55728140791717
67.050734,780,2265.986253,synthetic_track_0,0.43916139081243527,72.05073390466144
33.552648,364,2266.585704,synthetic_track_0,0.23498489781472337,38.55264761034927
18.875737,276,2267.058871,synthetic_track_0,0.14552664869404985,23.8757369396582
57.450736,618,2268.023147,synthetic_track_0,0.3806477811430298,62.45073579851604
67.124272,798,2270.710235,synthetic_track_0,0.43960961576405017,72.12427164589705
67.898723,760,2271.916155,synthetic_track_0,0.44433002534934757,72.89872263832625
34.326811,387,2272.589075,synthetic_track_0,0.23970355171070587,39.32681055672912
33.177642,400,2274.427975,synthetic_track_0,0.23269917353113787,38.17764171142137
65.965397,812,2275.544421,synthetic_track_0,0.43254608168850645,70.96539742618936
70.934582,829,2276.703296,synthetic_track_0,0.46283410260680125,75.93458228928885
32.530142,390,2278.445359,synthetic_track_0,0.22875255244687812,37.53014183662939
57.27487,635,2279.222058,synthetic_track_0,0.37957584745421663,62.27486968051956
35.266961,437,2279.807451,synthetic_track_0,0.24543393027377683,40.26696146630018
36.475694,422,2280.428066,synthetic_track_0,0.25280135835580286,41.47569386264716
51.234411,576,2282.482971,synthetic_track_0,0.34275823225308333,56.23441108976414
57.434263,648,2283.3306,synthetic_track_0,0.38054737567360425,62.43426283911775
15.074352,252,2283.669709,synthetic_track_0,0.12235656711850176,20.07435226178218
16.539099,260,2283.982982,synthetic_track_0,0.1312844487746258,21.53909947999207
58.375458,654,2286.09602,synthetic_track_0,0.386284118018565,63.37545781851179
67.236845,811,2287.16697,synthetic_track_0,0.44029576847399793,72.23684485327976
36.81088,455,2287.751126,synthetic_track_0,0.2548443736280882,41.8108798622048
58.482037,636,2288.618937,synthetic_track_0,0.38693373628515343,63.482037025711634
57.1583,568,2290.58432,synthetic_track_0,0.3788653340185837,62.15829974619138
67.209014,966,2291.98605,synthetic_track_0,0.44012613632025144,72.20901426200521
66.994271,741,2294.266044,synthetic_track_0,0.43881723768724235,71.99427064134984
17.634255,264,2294.620901,synthetic_track_0,0.13795960357822626,22.6342545017869
74.444582,881,2295.742394,synthetic_track_0,0.4842281443792653,79.444582127939
57.995598,638,2296.56718,synthetic_track_0,0.38396880617362245,62.995597655172624
74.714151,864,2299.021371,synthetic_track_0,0.48587120959180924,79.7141505756525
34.511732,418,2299.558053,synthetic_track_0,0.240830679468547,39.51173205451045
16.739408,260,2299.927361,synthetic_track_0,0.13250536175736702,21.73940779096972
35.547021,429,2300.513942,synthetic_track_0,0.2471409393863488,40.54702082924924
35.47299,426,2302.412173,synthetic_track_0,0.24668970806251947,40.47298984947088
35.270974,429,2302.952012,synthetic_track_0,0.24545838540042392,40.27097368107934
34.224908,422,2303.54879,synthetic_track_0,0.23908243945398747,39.224908169884614
57.623784,570,2304.276221,synthetic_track_0,0.3817025365986442,62.6237835806227
37.187784,460,2306.134539,synthetic_track_0,0.25714166828034146,42.18778404629961
93.149056,1029,2307.619835,synthetic_track_0,0.5982350695088339,98.14905569425827
37.213375,474,2308.434973,synthetic_track_0,0.25729765240163294,42.213375481821146
74.24272,3000,2315.627101,synthetic_track_0,0.4525219141972671,74.2427196651735
71.139062,790,2316.668056,synthetic_track_0,0.46408044394368664,76.13906248699517
35.428479,424,2317.229145,synthetic_track_0,0.24641840460120149,40.42847861986876
35.556666,418,2318.979085,synthetic_track_0,0.24719973050065053,40.55666635597616
52.451177,571,2319.726272,synthetic_track_0,0.35017462645780395,57.45117708184704
33.234319,414,2320.300427,synthetic_track_0,0.23304463076028373,38.2343189317175
35.26358,420,2320.853417,synthetic_track_0,0.2454133221171507,40.26358040220757
71.098561,735,2323.13414,synthetic_track_0,0.46383358054375795,76.0985610005003
71.326233,801,2324.240908,synthetic_track_0,0.46522127908974337,76.32623287869458
67.988896,765,2325.355422,synthetic_track_0,0.4448796471790568,72.98889599379203
34.783402,418,2327.260582,synthetic_track_0,0.24248655423674623,39.7834020938148
49.461802,544,2327.990532,synthetic_track_0,0.33195387887378375,54.4618017333184
66.137959,795,2329.027049,synthetic_track_0,0.43359787196799654,71.13795872856353
55.122945,576,2329.835153,synthetic_track_0,0.3664595045064771,60.12294522791327
53.071238,538,2331.867992,synthetic_track_0,0.3539540052921075,58.07123846340782
34.40647,415,2332.415072,synthetic_track_0,0.24018908903133504,39.406469928024755
34.752226,419,2332.944563,synthetic_track_0,0.24229653092621997,39.752226040389246
28.912459,361,2333.482681,synthetic_track_0,0.20670216465915683,33.91245900697861
34.968972,422,2335.366655,synthetic_track_0,0.24361763597986894,39.96897229967327
44.300104,437,2336.033793,synthetic_track_0,0.3004924602035525,49.30010411532327
56.746643,648,2337.074262,synthetic_track_0,0.3763562196659765,61.746643497854926
40.684328,492,2337.924376,synthetic_track_0,0.27845369663832087,45.68432840633239
34.513816,419,2338.607764,synthetic_track_0,0.2408433802938513,39.513815807325514
53.216394,591,2340.87657,synthetic_track_0,0.3548387549549437,58.21639435339014
34.675582,430,2341.45635,synthetic_track_0,0.24182937297427873,39.67558206851253
34.68181,419,2342.119099,synthetic_track_0,0.24186733285749495,39.681809932577735
57.11434,576,2342.985386,synthetic_track_0,0.3785973937605551,62.1143402983951
67.462886,742,2345.350769,synthetic_track_0,0.44167352933962606,72.46288631227502
35.309595,426,2345.967299,synthetic_track_0,0.2456937909778931,40.30959534722929
53.514346,580,2346.785095,synthetic_track_0,0.35665482103465135,58.51434607819962
34.24931,414,2348.665598,synthetic_track_0,0.23923117461006804,39.24931030854531
35.927266,460,2349.320196,synthetic_track_0,0.24945859890926048,40.9272661628793
35.665863,428,2349.930873,synthetic_track_0,0.2478653016669682,40.66586286551052
36.582512,466,2350.582403,synthetic_track_0,0.2534524357615594,41.58251246258537
33.712139,416,2351.192243,synthetic_track_0,0.2359570227241085,38.7121386645119
37.384227,456,2353.232446,synthetic_track_0,0.25833901867468334,42.38422657621731
33.129293,408,2353.827089,synthetic_track_0,0.2324044794548415,38.129292915469094
33.211839,405,2354.400515,synthetic_track_0,0.2329076110699135,38.211838883477604
34.746608,436,2355.008813,synthetic_track_0,0.2422622902943043,39.74660837292007
34.873833,419,2355.592361,synthetic_track_0,0.24303774820948795,39.873833381925984
32.970659,404,2357.400898,synthetic_track_0,0.23143757779999236,37.970658811235495
36.074964,431,2357.976497,synthetic_track_0,0.25035884461401336,41.07496440111005
53.744064,625,2358.882182,synthetic_track_0,0.3580549890266028,58.74406374810519
19.256201,305,2359.278054,synthetic_track_0,0.14784564241042192,24.25620116688866
36.557478,472,2361.124095,synthetic_track_0,0.2532998487318055,41.557478368723515
35.53138,432,2361.684401,synthetic_track_0,0.24704560579536453,40.5313799843574
32.452914,403,2362.240958,synthetic_track_0,0.22828183387758155,37.45291369433385
53.226755,541,2363.026578,synthetic_track_0,0.3549019068184113,58.226755323651815
44.557315,438,2363.645003,synthetic_track_0,0.3020602028045183,49.55731480673724
50.91072,598,2365.627244,synthetic_track_0,0.34078527759226873,55.91071953980949
34.150763,415,2366.119583,synthetic_track_0,0.23863051067677904,39.150762762861774
43.458843,438,2366.740943,synthetic_track_0,0.29536483178415224,48.45884302421342
43.489618,433,2367.348544,synthetic_track_0,0.295552410923023,48.48961807617288
34.67699,404,2369.157382,synthetic_track_0,0.2418379560307977,39.67699024221422
35.194313,425,2369.798982,synthetic_track_0,0.2449911276998627,40.19431334400882
33.915646,376,2370.36442,synthetic_track_0,0.23719743672902535,38.91564639827361
34.967939,422,2370.966449,synthetic_track_0,0.24361133709842736,39.96793887770099
44.657315,444,2371.541044,synthetic_track_0,0.3026697196904383,49.6573148064562
52.105617,582,2373.497041,synthetic_track_0,0.3480683774053831,57.10561667242176
19.332382,307,2373.906599,synthetic_track_0,0.14830997446767505,24.332381510153027
68.773607,730,2374.891545,synthetic_track_0,0.44966259076960235,73.7736065879676
55.993562,654,2375.835096,synthetic_track_0,0.3717660585372155,60.99356163549893
57.782037,601,2378.019987,synthetic_track_0,0.38266711801796843,62.78203701689254
52.308928,588,2378.850557,synthetic_track_0,0.3493075949345669,57.3089281071543
15.271013,251,2379.157056,synthetic_track_0,0.12355524454355664,20.271012510148687
15.99211,261,2379.514973,synthetic_track_0,0.12795045247674972,20.992109500629354
57.61434,603,2381.567098,synthetic_track_0,0.3816449780238199,62.6143402697002
14.967154,253,2381.892033,synthetic_track_0,0.12170317662785808,19.967154167045045
36.74207,464,2382.537365,synthetic_track_0,0.2544249636734722,41.74206963510105
34.784488,404,2383.107611,synthetic_track_0,0.24249317386911765,39.78448813958412
43.589618,436,2383.747431,synthetic_track_0,0.2961619275622059,48.58961803541107
36.366363,461,2385.747081,synthetic_track_0,0.25213496757527043,41.36636288362863
57.822477,652,2386.662032,synthetic_track_0,0.3829136045827776,62.822476678173516
36.641733,478,2387.319525,synthetic_track_0,0.25381339205441195,41.64173252689799
57.784994,568,2388.097417,synthetic_track_0,0.38268514332357423,62.78499432717737
51.75833,608,2390.318854,synthetic_track_0,0.345951604297346,56.75832964051403
16.059667,255,2390.647101,synthetic_track_0,0.12836222671448919,21.05966697870655
33.400533,423,2391.257588,synthetic_track_0,0.23405773492196794,38.40053322081103
16.218536,257,2391.617175,synthetic_track_0,0.1293305575761815,21.218535564850686
57.71434,645,2392.490996,synthetic_track_0,0.3822544949097399,62.714340269419154
57.81434,641,2394.653111,synthetic_track_0,0.38286401171607043,62.814340256080314
16.398514,257,2395.049083,synthetic_track_0,0.1304275571285272,21.398514097784492
46.560405,511,2395.778641,synthetic_track_0,0.3142693763023129,51.560405081267206
52.459448,520,2396.522025,synthetic_track_0,0.35022504212352096,57.45944849593579
16.138277,259,2398.212111,synthetic_track_0,0.12884136508008204,21.13827650951931
16.75087,260,2398.585122,synthetic_track_0,0.132575227693948,21.75087030136091
16.256824,255,2399.009856,synthetic_track_0,0.1295639339352732,21.25682430857984
57.81434,666,2400.107939,synthetic_track_0,0.38286401171607043,62.814340256080314
67.549416,790,2401.38745,synthetic_track_0,0.4422009419639202,72.54941592859825
66.606886,826,2404.037463,synthetic_track_0,0.4364560655742521,71.60688644233944
21.39584,313,2404.509817,synthetic_track_0,0.16088710273856469,26.395840050199634
52.304112,592,2405.435704,synthetic_track_0,0.34927824254748197,57.304112426460215
57.718927,642,2407.558772,synthetic_track_0,0.3822824533301738,62.71892724986238
67.297424,776,2408.640907,synthetic_track_0,0.4406650091634911,72.29742409185133
21.199689,314,2409.049858,synthetic_track_0,0.15969152914485762,26.199689029946537
21.994645,324,2409.497302,synthetic_track_0,0.16453691816295118,26.994644693424554
67.038572,793,2411.922263,synthetic_track_0,0.439087260666757,72.03857178952036
67.778429,836,2413.058987,synthetic_track_0,0.4435968130305284,72.77842862618385
63.26798,739,2413.998798,synthetic_track_0,0.41610486451768586,68.26797960161223
57.172666,630,2416.028871,synthetic_track_0,0.3789528958797521,62.1726655271804
53.113557,550,2416.749658,synthetic_track_0,0.3542119427947335,58.11355681550922
19.507598,273,2417.126413,synthetic_track_0,0.1493779478826628,24.507597888346435
35.529603,403,2417.657073,synthetic_track_0,0.24703477397656318,40.52960286890398
67.227222,778,2419.89905,synthetic_track_0,0.440237113503944,72.22722166297216
21.402118,327,2420.326463,synthetic_track_0,0.1609253705749932,26.40211843841249
38.192725,445,2420.962042,synthetic_track_0,0.2632669503900976,43.192724554764105
20.992485,317,2421.442352,synthetic_track_0,0.15842858540054858,25.992484968839463
20.305014,278,2421.803511,synthetic_track_0,0.15423833558502667,25.305014301407383
57.749767,584,2423.785163,synthetic_track_0,0.38247042505315876,62.74976671088453
62.09912,673,2424.659529,synthetic_track_0,0.408980465340233,67.09911958772162
19.891488,278,2425.056478,synthetic_track_0,0.1517178209991431,24.891487681058653
55.527147,601,2425.906728,synthetic_track_0,0.36892318093812526,60.527146732684635
58.807294,667,2427.996512,synthetic_track_0,0.3889162325892478,63.807294019294396
19.673374,273,2428.351198,synthetic_track_0,0.15038837832254512,24.673373514975292
60.015229,623,2429.168867,synthetic_track_0,0.39627880246120106,65.01522935649973
15.496786,247,2429.505018,synthetic_track_0,0.12493137163702019,20.496785925354224
62.292426,729,2431.790261,synthetic_track_0,0.41015869980961317,67.2924258755844
59.175888,662,2432.709597,synthetic_track_0,0.39116287579243253,64.17588810565505
17.00774,258,2433.067359,synthetic_track_0,0.13414089101943535,22.007739857767696
57.037365,672,2433.910128,synthetic_track_0,0.3781282158534154,62.03736492385516
69.607415,692,2435.997516,synthetic_track_0,0.4547447930865282,74.60741487450451
37.153647,469,2436.653046,synthetic_track_0,0.2569335991390306,42.15364731513882
7.952685,201,2436.957539,synthetic_track_0,0.07894880538701561,12.952685477444966
33.838773,421,2437.529602,synthetic_track_0,0.2367288814131045,38.83877316876549
21.234333,320,2439.142495,synthetic_track_0,0.15990268769370158,26.23433262278676
69.435972,736,2440.089967,synthetic_track_0,0.4536998210889949,74.43597220921737
55.71144,646,2440.959811,synthetic_track_0,0.3700464818804077,60.71144038640842
52.59231,525,2441.689604,synthetic_track_0,0.3510348529683499,57.59230959646637
70.16099,748,2443.864235,synthetic_track_0,0.45811892579389446,75.16098980832945
19.059241,269,2444.227662,synthetic_track_0,0.14664513905009194,24.059241347614087
57.531245,592,2444.982073,synthetic_track_0,0.38113849686955004,62.53124476167634
66.485235,761,2447.193559,synthetic_track_0,0.435714577560009,71.48523468349768
52.929774,528,2447.913842,synthetic_track_0,0.35309175785055796,57.92977438603042
57.782037,586,2448.670976,synthetic_track_0,0.3826671180179685,62.782037016892545
45.325012,443,2449.256286,synthetic_track_0,0.30673944411499937,50.32501155237662
45.192708,452,2451.049613,synthetic_track_0,0.3059330337777145,50.192708353950664
33.904846,389,2451.547214,synthetic_track_0,0.23713160851404524,38.90484633410545
56.688854,578,2452.330981,synthetic_track_0,0.3760039840936015,61.68885419299368
34.745926,389,2452.873859,synthetic_track_0,0.24225813271179272,39.74592626179306
69.887507,690,2455.075491,synthetic_track_0,0.45645200339496667,74.88750724652527
57.11434,596,2455.831859,synthetic_track_0,0.3785973937605551,62.1143402983951
70.103577,671,2456.713158,synthetic_track_0,0.45776898345225675,75.10357674090868
65.98765,763,2459.056715,synthetic_track_0,0.4326817161655843,70.98765021029261
20.413988,278,2459.456713,synthetic_track_0,0.15490255162317315,25.41398848270134
57.610068,570,2460.235512,synthetic_track_0,0.38161893673236963,62.61006782180275
58.403012,589,2461.03244,synthetic_track_0,0.38645206793572295,63.40301241471177
51.930154,501,2462.975026,synthetic_track_0,0.34699890341616907,56.930154103473555
47.440134,509,2463.613147,synthetic_track_0,0.3196314727374032,52.4401340180508
47.15737,552,2464.42102,synthetic_track_0,0.31790797751131433,52.15736987138673
53.995389,524,2465.128769,synthetic_track_0,0.3595868563055455,58.99538857765855
69.703669,670,2467.298743,synthetic_track_0,0.4553314780008091,74.70366896133699
52.627114,492,2467.977879,synthetic_track_0,0.35124699285462924,57.62711419180796
51.875664,489,2468.606896,synthetic_track_0,0.3466667762542824,56.87566387217308
53.192351,511,2469.283389,synthetic_track_0,0.35469220901084464,58.19235138639899
21.363022,286,2469.660262,synthetic_track_0,0.16068707314299227,26.36302232199046
70.824335,814,2471.952172,synthetic_track_0,0.4621621283805748,75.82433526580834
51.934601,484,2472.640627,synthetic_track_0,0.34702601023833557,56.934601366989384
48.944801,508,2473.392437,synthetic_track_0,0.3288026730124375,53.94480115051526
57.71434,558,2475.447758,synthetic_track_0,0.3822544949097399,62.714340269419154
2.92878,143,2475.622075,synthetic_track_0,0.04832725270727959,7.928779938313591
47.45854,534,2476.298795,synthetic_track_0,0.3197436611925237,52.45854014549316
53.804293,670,2477.217163,synthetic_track_0,0.3584220970862873,58.80429309812535
35.537,406,2478.972451,synthetic_track_0,0.24707985882657932,40.53699968610969
51.320935,479,2479.607566,synthetic_track_0,0.34328560757752735,56.320934586511214
53.465096,564,2480.370643,synthetic_track_0,0.35635463127541844,58.46509563652628
52.108198,501,2481.025408,synthetic_track_0,0.3480841136636211,57.108198431607974
33.932895,373,2481.511225,synthetic_track_0,0.23730256946278713,38.93289493328468
20.946938,283,2483.154506,synthetic_track_0,0.15815096744247775,25.946937755348966
52.437487,499,2483.835048,synthetic_track_0,0.3500911809089604,57.43748664101814
47.937359,461,2484.491523,synthetic_track_0,0.32266214335669996,52.9373590631297
51.837373,492,2485.179567,synthetic_track_0,0.3464333849238494,56.83737267218035
71.684314,843,2487.503482,synthetic_track_0,0.46740384255789963,76.68431376413682
43.719323,623,2488.321262,synthetic_track_0,0.29695249824971454,48.71932251178395
21.633855,289,2488.73606,synthetic_track_0,0.16233784212635247,26.6338546839568
46.277278,603,2489.516845,synthetic_track_0,0.3125436668443521,51.277277658061195
45.607373,572,2491.413867,synthetic_track_0,0.3084604817947341,50.607372503263186
45.998647,554,2492.135339,synthetic_track_0,0.31084536343672875,50.998646591050324
52.244588,497,2492.822475,synthetic_track_0,0.34891543368189615,57.24458842098192
43.946111,412,2493.391087,synthetic_track_0,0.29833481444420223,48.946111337907496
48.015722,452,2495.15304,synthetic_track_0,0.32313978058037407,53.01572231004956
57.246643,533,2495.91226,synthetic_track_0,0.37940380409783997,62.24664349682106
9.985183,193,2496.184408,synthetic_track_0,0.09133722344684364,14.985183396893438
9.862243,193,2496.436405,synthetic_track_0,0.09058787939702699,14.862242742578404
50.526367,632,2497.269051,synthetic_track_0,0.33844258365662644,55.5263669511979
47.879239,438,2499.093378,synthetic_track_0,0.3223078928255549,52.87923917534106
48.137751,444,2499.710629,synthetic_track_0,0.3238835686109873,53.13775141961233
47.123901,538,2500.390848,synthetic_track_0,0.31770397694707203,52.123900648731635
47.411255,440,2500.949989,synthetic_track_0,0.31945545290781574,52.41125543680738
56.675594,538,2502.862311,synthetic_track_0,0.3759231610136486,61.67559400585321
47.099621,581,2503.761016,synthetic_track_0,0.3175559895870239,52.09962119675077
47.609919,444,2504.490471,synthetic_track_0,0.320666338821302,52.609918663053435
51.870199,546,2505.239593,synthetic_track_0,0.34663346513536647,56.87019870466225
9.164956,186,2505.536484,synthetic_track_0,0.08633779760269046,14.164955779645968
57.043157,551,2507.471032,synthetic_track_0,0.3781635219802556,62.043157401070566
43.280184,590,2508.249927,synthetic_track_0,0.2942758770492514,48.28018435913038
42.495699,609,2509.059552,synthetic_track_0,0.2894943056207559,47.495698887847674
25.703008,778,2511.334313,synthetic_track_0,0.18714001758066628,30.703007804657066
46.740652,441,2511.887541,synthetic_track_0,0.3153680120794722,51.740652060383034
47.6615,516,2512.528872,synthetic_track_0,0.3209807336809861,52.66149965548582
26.634106,339,2513.007987,synthetic_track_0,0.19281522067085136,31.634106385407478
27.721839,777,2515.22153,synthetic_track_0,0.19944513604019576,32.72183922823172
45.757815,532,2515.941141,synthetic_track_0,0.30937745406712663,50.75781497516146
48.110601,458,2516.58329,synthetic_track_0,0.323718082869434,53.11060110681361
48.337015,445,2517.269581,synthetic_track_0,0.3250981138831391,53.33701501620738
45.095632,581,2519.427253,synthetic_track_0,0.30534133510743544,50.09563168843334
26.258221,333,2519.917386,synthetic_track_0,0.19052413315498773,31.258220571191437
47.778673,441,2520.560804,synthetic_track_0,0.3216949270613474,52.778673337602285
47.159866,443,2521.129566,synthetic_track_0,0.317923192122252,52.159866046840826
47.903494,504,2523.029651,synthetic_track_0,0.3224557329347097,52.90349446869789
44.805227,420,2523.563184,synthetic_track_0,0.30357127085337376,49.8052272238523
24.406349,321,2523.997108,synthetic_track_0,0.17923666247868134,29.406348883084483
47.341709,459,2524.628712,synthetic_track_0,0.3190315554085263,52.341708963544654
55.841595,539,2525.299875,synthetic_track_0,0.37083979378833465,60.841594599363496
51.682488,492,2527.337549,synthetic_track_0,0.34548933572744345,56.682487841987694
58.485359,569,2528.13607,synthetic_track_0,0.3869539863227009,63.485359335225674
50.784004,468,2528.749526,synthetic_track_0,0.3400129220743623,55.78400352363712
53.237234,500,2529.451524,synthetic_track_0,0.3549657789416184,58.237234462868976
51.376348,485,2531.296067,synthetic_track_0,0.3436233623841132,56.3763481137553
25.864615,335,2531.837661,synthetic_track_0,0.1881250409869851,30.864615042504735
47.941147,452,2532.438121,synthetic_track_0,0.3226852337359059,52.94114737148906
53.720116,495,2533.128722,synthetic_track_0,0.35790902479704634,58.72011621974001
53.328844,496,2533.783363,synthetic_track_0,0.3555241543390333,58.32884396684568
61.824438,590,2535.848697,synthetic_track_0,0.40730623231189794,66.8244376121595
52.23559,488,2536.446182,synthetic_track_0,0.348860589227661,57.2355904005254
51.764772,476,2537.105285,synthetic_track_0,0.3459908685671043,56.764771507926554
51.310419,471,2537.824111,synthetic_track_0,0.3432215153083425,56.31041932918442
51.133939,477,2539.738893,synthetic_track_0,0.3421458348542721,56.133938500532125
9.117869,187,2539.975758,synthetic_track_0,0.08605079820390837,14.11786940605973
51.465138,482,2540.605343,synthetic_track_0,0.3441645503608015,56.46513777449628
51.970254,474,2541.287517,synthetic_track_0,0.3472433210252601,56.97025432285225
59.426864,545,2543.450224,synthetic_track_0,0.3926926188774757,64.42686443068908
50.967034,463,2544.090807,synthetic_track_0,0.3411285207601997,55.96703351156243
50.485265,466,2544.76321,synthetic_track_0,0.33819206110855177,55.48526512889278
48.19001,448,2545.37352,synthetic_track_0,0.3242020957194547,53.19001036680972
47.009622,429,2546.076333,synthetic_track_0,0.3170074293268032,52.00962200700707
33.749402,353,2548.010907,synthetic_track_0,0.23618415052810726,38.7494022430291
46.769892,434,2548.688964,synthetic_track_0,0.3155462373438026,51.76989247487303
44.857315,427,2549.42753,synthetic_track_0,0.3038887534476214,49.85731480348943
47.788848,476,2550.102529,synthetic_track_0,0.32175694178002395,52.78884774292801
47.709395,446,2550.787502,synthetic_track_0,0.3212726633893913,52.70939491718051
48.008621,436,2552.544242,synthetic_track_0,0.3230964978914873,53.008621163261836
47.807722,434,2553.218097,synthetic_track_0,0.32187198637260417,52.80772246074378
51.231503,466,2553.868802,synthetic_track_0,0.3427405075915876,56.231503104463755
50.949833,462,2554.546136,synthetic_track_0,0.34102368342423134,55.9498334408022
51.306674,467,2556.597248,synthetic_track_0,0.3431986862723302,56.306673897929684
52.289713,490,2557.280659,synthetic_track_0,0.3491904739495401,57.28971272733413
48.256383,433,2557.880905,synthetic_track_0,0.32460665055043714,53.25638339751499
46.699389,559,2558.759058,synthetic_track_0,0.31511650953730963,51.69938945597198
57.246643,535,2560.88043,synthetic_track_0,0.37940380409783997,62.24664349682106
37.020254,376,2561.370491,synthetic_track_0,0.25612054341369644,42.02025384535466
53.821988,515,2562.115291,synthetic_track_0,0.3585299519111737,58.82198823128323
44.957315,418,2562.723309,synthetic_track_0,0.30449827040428445,49.9573148148148
52.982311,476,2563.353312,synthetic_track_0,0.35341197577289735,57.982310735528934
46.789285,420,2565.10878,synthetic_track_0,0.31566444075172834,51.78928544171678
57.146644,536,2565.776366,synthetic_track_0,0.37879428729150944,62.1466435101599
46.508942,443,2566.381075,synthetic_track_0,0.3139556980401073,51.50894165694377
45.073088,418,2566.924534,synthetic_track_0,0.3052039278015637,50.073088046303035
58.783474,557,2568.880936,synthetic_track_0,0.38877104572780635,63.78347402933395
44.507944,413,2569.44256,synthetic_track_0,0.30175928235116517,49.5079444841984
57.172238,529,2570.109658,synthetic_track_0,0.3789502926527208,62.17223843039537
45.325012,419,2570.705069,synthetic_track_0,0.3067394441149993,50.325011552376615
42.138456,407,2571.275109,synthetic_track_0,0.2873168518988177,47.13845632966457
61.626058,552,2573.31147,synthetic_track_0,0.4060970771512558,66.6260583407766
46.929761,420,2573.946225,synthetic_track_0,0.316520664843545,51.92976130205622
27.446782,759,2575.016821,synthetic_track_0,0.1977686166574768,32.446782143393676
53.601897,491,2576.993083,synthetic_track_0,0.35718845855649883,58.60189697837563
52.521054,476,2577.629957,synthetic_track_0,0.3506005405508475,57.52105440627976
43.396579,413,2578.152361,synthetic_track_0,0.2949853202352223,48.39657870362934
47.993749,427,2578.733161,synthetic_track_0,0.32300585180670865,52.99374937109039
46.12256,586,2579.513975,synthetic_track_0,0.31160063804019816,51.122560237873536
52.767678,475,2581.355452,synthetic_track_0,0.35210375096457724,57.76767766549203
51.894753,463,2582.029718,synthetic_track_0,0.34678312775549036,56.89475300712056
47.450885,425,2582.637205,synthetic_track_0,0.3196970042362143,52.450885401669645
43.114051,410,2583.302213,synthetic_track_0,0.29326326878065473,48.114051428420446
53.590143,495,2585.268868,synthetic_track_0,0.3571168139399839,58.59014264999383
43.401398,416,2585.797064,synthetic_track_0,0.29501469594742563,48.40139821114412
42.173271,401,2586.31672,synthetic_track_0,0.2875290544822686,47.17327121137769
42.52407,403,2586.813159,synthetic_track_0,0.28966723249660176,47.52407002560522
51.282597,483,2587.493246,synthetic_track_0,0.3430519347304477,56.28259719966914
42.639311,416,2589.300581,synthetic_track_0,0.29036964271164384,47.63931051020767
41.152692,395,2589.884222,synthetic_track_0,0.2813084529998412,46.15269219073982
44.154338,428,2590.480657,synthetic_track_0,0.29960399339681576,49.154338374494166
50.69215,453,2591.177192,synthetic_track_0,0.3394530600697752,55.69215012040144
52.120633,481,2591.955426,synthetic_track_0,0.3481599045071089,57.12063300807756
47.018446,424,2594.066128,synthetic_track_0,0.3170612117069924,52.01844577896162
51.834632,471,2594.788648,synthetic_track_0,0.3464166798351213,56.83463196243678
40.895987,399,2595.40763,synthetic_track_0,0.27974379215620027,45.89598710587874
47.009785,425,2596.071558,synthetic_track_0,0.3170084223701137,52.00978493002538
47.5985,428,2596.677356,synthetic_track_0,0.3205967387786664,52.59849977638306
42.537694,408,2598.625592,synthetic_track_0,0.28975027013470106,47.53769354281764
45.505481,421,2599.229165,synthetic_track_0,0.30783943343238274,50.50548059920731
46.87068,434,2599.940071,synthetic_track_0,0.3161605551398414,51.87068013285318
26.524034,767,2601.107907,synthetic_track_0,0.19214430862052104,31.52403362713892
45.546318,439,2603.234089,synthetic_track_0,0.3080883412543975,50.54631750250975
42.600768,406,2603.909838,synthetic_track_0,0.29013472141254293,47.6007682968798
46.999266,557,2604.737598,synthetic_track_0,0.3169443088964943,51.99926619380655
43.124663,414,2605.331072,synthetic_track_0,0.2933279510024682,48.124663475949546
40.850274,396,2607.264538,synthetic_track_0,0.2794651633057053,45.85027404096647
45.327336,433,2607.968809,synthetic_track_0,0.30675361327337664,50.32733620632219
47.598341,431,2608.656436,synthetic_track_0,0.32059577217619645,52.5983411913644
47.480963,429,2609.432361,synthetic_track_0,0.31988033509155395,52.48096346169709
46.897209,426,2610.169033,synthetic_track_0,0.3163222559170259,51.89720946788316
45.399932,426,2612.119842,synthetic_track_0,0.30719609830132955,50.39993223063765
51.840964,488,2612.876963,synthetic_track_0,0.3464552744091018,56.840963956638014
50.722142,471,2613.61358,synthetic_track_0,0.3396358653197521,55.72214194731977
50.593572,471,2614.383394,synthetic_track_0,0.3388522113755443,55.59357226203163
54.025313,575,2616.571032,synthetic_track_0,0.3597692501678942,59.02531291052766
48.171861,432,2617.212654,synthetic_track_0,0.32409147315203835,53.17186114573631
51.152556,480,2618.008396,synthetic_track_0,0.3422593101077159,56.15255574572192
38.052997,416,2618.586527,synthetic_track_0,0.2624152845661992,43.05299654374775
50.658568,474,2619.274547,synthetic_track_0,0.3392483696186638,55.65856771189652
50.815681,477,2621.081601,synthetic_track_0,0.3402060042823114,55.8156814331203
46.201644,510,2621.815576,synthetic_track_0,0.3120826654641778,51.20164376021063
51.455791,472,2622.530281,synthetic_track_0,0.34410758125334767,56.45579117416252
47.282811,432,2623.160756,synthetic_track_0,0.31867256423218704,52.282811304821315
48.946435,445,2625.240225,synthetic_track_0,0.32881263002538,53.94643474150258
51.49614,466,2625.985133,synthetic_track_0,0.3443535137719451,56.496139936204614
47.262634,428,2626.574923,synthetic_track_0,0.3185495786985618,52.262633761570164
47.921385,432,2627.167288,synthetic_track_0,0.3225647765763501,52.92138464431942
51.859987,480,2627.787129,synthetic_track_0,0.3465712229543226,56.85998698086809
51.613243,476,2629.670974,synthetic_track_0,0.34506727778187213,56.61324317393423
42.984327,411,2630.202142,synthetic_track_0,0.292472573624759,47.98432653122091
47.592034,430,2630.808134,synthetic_track_0,0.32055732644498064,52.592033616956556
48.10387,436,2631.383944,synthetic_track_0,0.3236770547649394,53.10386985697837
47.553412,430,2633.403316,synthetic_track_0,0.3203219184459841,52.55341155352027
10.261269,193,2633.699778,synthetic_track_0,0.09302001410593241,15.261269374695251
51.630596,474,2634.426321,synthetic_track_0,0.34517304594204123,56.63059595977415
46.981474,432,2635.184575,synthetic_track_0,0.31683586059527885,51.9814736923327
47.710951,437,2635.76758,synthetic_track_0,0.3212821464205904,52.71095074465494
46.96962,563,2637.855495,synthetic_track_0,0.3167636104651588,51.969620020746895
51.900187,474,2638.581571,synthetic_track_0,0.3468162486978688,56.900186973438885
46.929875,426,2639.240168,synthetic_track_0,0.31652136037082335,51.929875413296195
45.140143,430,2639.823483,synthetic_track_0,0.3056126386678271,50.14014293428992
46.753292,429,2640.434545,synthetic_track_0,0.31544505693798336,51.75329237602882
44.825012,427,2642.306699,synthetic_track_0,0.3036918596831359,49.825011553410484
51.547761,476,2642.927427,synthetic_track_0,0.34466815133333606,56.547760747337975
46.852763,428,2643.504351,synthetic_track_0,0.3160513484148011,51.852763201057506
51.859962,474,2644.206814,synthetic_track_0,0.3465710683799313,56.85996162071902
44.748273,428,2646.174932,synthetic_track_0,0.30322412432830936,49.74827285029712
47.450706,429,2646.857938,synthetic_track_0,0.31969590974213896,52.4507058341962
41.413556,392,2647.432291,synthetic_track_0,0.28289845950236503,46.41355559498419
9.252121,185,2647.664829,synthetic_track_0,0.08686908353046141,14.252120867037418
47.588653,439,2648.259748,synthetic_track_0,0.3205367185971177,52.588652603520984
9.103535,184,2648.497539,synthetic_track_0,0.08596342594830364,14.103534732586773
46.428102,438,2650.265615,synthetic_track_0,0.31346296565335835,51.42810183170736
25.66367,774,2651.355647,synthetic_track_0,0.18690024518954493,30.663669700006267
47.187427,425,2652.095627,synthetic_track_0,0.3180911781204387,52.1874265626518
50.568953,459,2652.797929,synthetic_track_0,0.3387021523399996,55.56895292192977
43.689618,410,2654.820881,synthetic_track_0,0.2967714444466749,48.68961803489197
41.38745,395,2655.369577,synthetic_track_0,0.2827393436805802,46.38745035901563
52.392874,482,2656.007487,synthetic_track_0,0.3498192578922348,57.39287376445264
47.610621,425,2656.578955,synthetic_track_0,0.3206706205190093,52.61062113706098
44.573283,428,2657.191134,synthetic_track_0,0.3021575324238901,49.573283128755314
48.090499,428,2659.127427,synthetic_track_0,0.32359555523544437,53.09049868857456
47.943398,427,2659.75649,synthetic_track_0,0.3226989545906347,52.94339847478204
46.882829,429,2660.316559,synthetic_track_0,0.31623460512475265,51.88282909646907
47.313502,425,2660.949894,synthetic_track_0,0.31885962842815135,52.31350187300077
46.676181,426,2661.570001,synthetic_track_0,0.3149750494518193,51.67618089713456
51.433648,486,2663.624935,synthetic_track_0,0.34397261398769047,56.433647855676085
42.908304,404,2664.164409,synthetic_track_0,0.2920092014279981,47.908303666856916
47.206115,429,2664.745457,synthetic_track_0,0.31820508860191654,52.20611521325182
47.729702,427,2665.299083,synthetic_track_0,0.32139644082572055,52.729702383444476
46.632402,419,2665.95094,synthetic_track_0,0.3147082092458322,51.63240192867589
47.577251,423,2667.812307,synthetic_track_0,0.32046722219834334,52.57725072111471
47.419885,427,2668.409533,synthetic_track_0,0.3195080492423079,52.41988462092997
41.822184,394,2668.966203,synthetic_track_0,0.28538912082648893,46.82218435895431
51.475129,481,2669.616489,synthetic_track_0,0.34422544955207857,56.47512916152963
47.065572,432,2671.441352,synthetic_track_0,0.3173484567774218,52.06557245851022
43.689618,408,2671.991588,synthetic_track_0,0.2967714444466749,48.68961803489197
45.392708,428,2672.620992,synthetic_track_0,0.3071520673013664,50.39270831266975
47.503135,426,2673.246502,synthetic_track_0,0.3200154748322313,52.50313507718786
47.456152,432,2673.787346,synthetic_track_0,0.31972910241931535,52.45615156963846
41.48436,394,2675.618764,synthetic_track_0,0.2833300231588729,46.484359811448776
52.424689,487,2676.263593,synthetic_track_0,0.35001317841412555,57.42468921137878
47.0557,433,2676.949863,synthetic_track_0,0.31728828240652074,52.055699988670256
44.392507,422,2677.564441,synthetic_track_0,0.3010556685006338,49.39250652590593
51.962707,478,2678.267422,synthetic_track_0,0.347197321472808,56.96270743557391
51.820783,523,2680.602313,synthetic_track_0,0.34633226799327993,56.82078298736257
46.275717,430,2681.213214,synthetic_track_0,0.3125341518441283,51.27571658560909
47.156207,428,2681.825553,synthetic_track_0,0.3179008866242369,52.156206509514185
44.181246,421,2682.398629,synthetic_track_0,0.2997679992097297,49.181245883743145
46.35425,436,2684.238837,synthetic_track_0,0.3130128285833261,51.35425037998133
46.160405,438,2684.907943,synthetic_track_0,0.31183130874154436,51.16040507958776
54.646083,529,2685.611247,synthetic_track_0,0.3635529505813095,59.646083309213225
48.826528,439,2686.274143,synthetic_track_0,0.3280817780123227,53.82652797142185
46.145612,429,2686.953355,synthetic_track_0,0.3117411423305768,51.145611984794655
41.064688,389,2688.814618,synthetic_track_0,0.2807720547267266,46.06468834966535
48.412754,451,2689.406719,synthetic_track_0,0.32555975863424474,53.412754468300065
42.131511,395,2689.9862,synthetic_track_0,0.2872745189719625,47.1315110049797
48.16711,450,2690.683507,synthetic_track_0,0.32406251383357004,53.16710995359448
33.17204,347,2691.217573,synthetic_track_0,0.23266503022433796,38.17204001153534
46.183974,447,2693.235842,synthetic_track_0,0.31197496298569627,51.18397362166865
44.07395,411,2693.81972,synthetic_track_0,0.2991140108672474,49.073949702824855
44.172861,420,2694.385232,synthetic_track_0,0.2997168905646317,49.17286077643357
47.535925,429,2695.003491,synthetic_track_0,0.3202153363519083,52.53592523013229
51.636911,505,2696.941378,synthetic_track_0,0.3452115387832258,56.63691126324901
46.777798,426,2697.610698,synthetic_track_0,0.3155944255776504,51.77779844677069
37.68602,545,2698.454871,synthetic_track_0,0.26017850263248543,42.68602034028273
44.609034,425,2699.073495,synthetic_track_0,0.30237544047479054,49.609034074352024
46.73824,427,2699.723454,synthetic_track_0,0.31535331217528806,51.73824032996466
46.731936,431,2701.887286,synthetic_track_0,0.31531488816023867,51.731936318405836
32.884959,344,2702.382786,synthetic_track_0,0.23091522331671044,37.88495905559617
43.079731,418,2702.956513,synthetic_track_0,0.29305408179795095,48.07973129932343
47.809629,444,2703.558953,synthetic_track_0,0.3218836096977889,52.809629434187926
47.245441,424,2704.16354,synthetic_track_0,0.3184447888856989,52.24544148765796
44.622355,420,2705.972343,synthetic_track_0,0.3024566337714854,49.6223550008665
45.225012,419,2706.607002,synthetic_track_0,0.3061299273086688,50.225011565715455
44.128075,427,2707.197433,synthetic_track_0,0.29944391618861405,49.128075409275375
48.165941,439,2707.839545,synthetic_track_0,0.32405538908519815,53.16594103629023
25.068566,795,2710.586603,synthetic_track_0,0.18327298599947706,30.068565730999943
43.769959,413,2711.223455,synthetic_track_0,0.29726113788612346,48.76995927717489
42.823463,408,2711.95552,synthetic_track_0,0.291492083236489,47.82346300009257
43.186895,420,2712.597397,synthetic_track_0,0.29370726492220484,48.186895372625884
44.057315,421,2713.193867,synthetic_track_0,0.29901261854125355,49.057314835432145
45.44389,551,2715.142514,synthetic_track_0,0.3074640284827616,50.443890025223546
26.22498,315,2715.603603,synthetic_track_0,0.19032152794198193,31.22498027594833
48.451428,455,2716.223357,synthetic_track_0,0.32579547935832986,53.45142783877886
44.937874,557,2717.080937,synthetic_track_0,0.304379773764587,49.93787373908717
20.567653,274,2717.476212,synthetic_track_0,0.1558391617367642,25.567652824509533
44.412226,416,2719.452977,synthetic_track_0,0.30117586356874987,49.41222625321042
43.238542,420,2720.05455,synthetic_track_0,0.29402206026736816,48.23854207045337
43.56582,422,2720.639127,synthetic_track_0,0.2960168754917442,48.56582015984687
40.448985,411,2721.179633,synthetic_track_0,0.2770192406358893,45.448985295823654
45.143609,421,2723.084383,synthetic_track_0,0.30563376580376633,50.14360914439301
18.657757,262,2723.448686,synthetic_track_0,0.14419802557488717,23.65775723374353
19.42773,265,2723.855158,synthetic_track_0,0.14889113784778926,24.427729709998825
44.289618,428,2724.443003,synthetic_track_0,0.3004285458293908,49.28961804423016
19.199256,262,2724.79456,synthetic_track_0,0.14749855064850217,24.19925577801393
44.925012,416,2725.395572,synthetic_track_0,0.3043013766865542,49.92501157240673
46.185373,423,2727.155548,synthetic_track_0,0.31198349286241145,51.1853730704597
46.605355,442,2727.795623,synthetic_track_0,0.31454335636175035,51.605355445235205
19.741722,267,2728.12559,synthetic_track_0,0.1508049769286581,24.7417224999773
18.239347,258,2728.465262,synthetic_track_0,0.14164774624888898,23.239347280263505
44.77209,426,2729.068885,synthetic_track_0,0.30336929258575246,49.77208978800443
19.654059,268,2729.466782,synthetic_track_0,0.15027065372503098,24.65405910385679
27.692774,781,2731.778523,synthetic_track_0,0.1992679813824137,32.69277446212327
19.39566,266,2732.130946,synthetic_track_0,0.14869566612040586,24.395659765531413
47.040135,441,2732.754523,synthetic_track_0,0.3171934093134658,52.04013469507792
45.45027,429,2733.30349,synthetic_track_0,0.30750291389448337,50.45026973553359
25.461468,303,2733.745193,synthetic_track_0,0.18566779121003626,30.461467922743825
20.210365,274,2735.333311,synthetic_track_0,0.1536614330753073,25.210365158549386
16.227111,250,2735.735426,synthetic_track_0,0.1293828257196472,21.227110904521535
45.273182,427,2736.342512,synthetic_track_0,0.3064235346944538,50.27318207448105
45.557877,425,2736.90145,synthetic_track_0,0.3081588001078539,50.55787728943051
46.389941,487,2737.575222,synthetic_track_0,0.3132303695903,51.38994110674998
20.349089,274,2737.992367,synthetic_track_0,0.15450697788301934,25.34908892894328
44.393372,423,2739.91081,synthetic_track_0,0.301060946349761,49.39337243286179
25.986535,766,2741.027574,synthetic_track_0,0.18886816254295613,30.98653480732977
43.939801,413,2741.671376,synthetic_track_0,0.2982963506515272,48.93980080025785
46.47473,430,2742.243668,synthetic_track_0,0.3137471738402961,51.47473026689993
32.468881,764,2744.666113,synthetic_track_0,0.2283791577524158,37.46888107387803
46.034165,424,2745.269819,synthetic_track_0,0.31106185412205734,51.03416499746714
42.977748,414,2745.823555,synthetic_track_0,0.29243247378963483,47.977747577308755
13.189155,893,2748.29654,synthetic_track_0,0.11086596882102515,18.189154569869324
21.241659,288,2748.673927,synthetic_track_0,0.15994734567010951,26.241659405245787
14.572875,237,2749.002612,synthetic_track_0,0.11929997651875578,19.57287467161796
51.577156,592,2749.829777,synthetic_track_0,0.3448473203937708,56.577156005134775
19.708968,272,2750.209988,synthetic_track_0,0.1506053345941089,24.708968307501273
42.848893,419,2752.061562,synthetic_track_0,0.2916470826919252,47.84889288703765
23.42587,296,2752.505533,synthetic_track_0,0.17326047949838946,28.425870228342088
45.892708,429,2753.103518,synthetic_track_0,0.3101996517332299,50.892708311635886
19.282483,264,2753.452656,synthetic_track_0,0.1480058334650173,24.282482810243522
16.760818,256,2753.844571,synthetic_track_0,0.13263586083413828,21.760818038892143
46.096055,437,2754.504397,synthetic_track_0,0.3114390855497019,51.09605523140462
19.249446,264,2754.881384,synthetic_track_0,0.14780446867133057,24.24944602360604
46.518465,423,2756.857619,synthetic_track_0,0.3140137469492628,51.51846541425605
18.694926,259,2757.20709,synthetic_track_0,0.14442457760901287,23.694926348943195
46.881962,537,2758.037668,synthetic_track_0,0.31622932212692073,51.88196234479424
46.380267,435,2758.656263,synthetic_track_0,0.31317140133777066,51.38026651795256
20.024807,269,2759.068647,synthetic_track_0,0.15253042639975442,25.024807268603954
44.157315,427,2760.989629,synthetic_track_0,0.2996221351804364,49.157314794670334
46.060405,501,2761.74263,synthetic_track_0,0.3112217919230152,51.060405090925244
22.743458,285,2762.120939,synthetic_track_0,0.16910106056269505,27.743457809574327
18.671018,258,2762.480839,synthetic_track_0,0.14427885077842614,23.6710177692888
18.934553,263,2762.85464,synthetic_track_0,0.1458851429399507,23.93455306980564
20.323553,280,2763.28141,synthetic_track_0,0.15435133145143884,25.32355289626912
20.983475,281,2764.867389,synthetic_track_0,0.15837366925959168,25.983475187146595
14.757937,241,2765.244631,synthetic_track_0,0.12042796507280724,19.757937395381347
21.933882,282,2765.700873,synthetic_track_0,0.16416656022537665,26.93388215425804
46.027667,512,2766.38092,synthetic_track_0,0.3110222458909767,51.02766669825931
43.744863,416,2766.951066,synthetic_track_0,0.2971081739090559,48.74486333969209
14.937482,242,2767.294412,synthetic_track_0,0.12152232021405164,19.937482074691907
18.364841,261,2768.886003,synthetic_track_0,0.1424126496467181,23.364840669101266
35.464775,362,2769.377471,synthetic_track_0,0.24663963483197976,40.46477461679141
25.435011,773,2770.499589,synthetic_track_0,0.18550653407930318,30.435011374286354
46.312688,520,2771.162573,synthetic_track_0,0.3127594996267561,51.31268812605367
43.797783,420,2773.042245,synthetic_track_0,0.29743072703638856,48.79778281311065
45.666434,498,2773.721122,synthetic_track_0,0.30882047110988986,50.66643392099579
22.386886,286,2774.119582,synthetic_track_0,0.16692769744261293,27.38688637337965
22.074734,286,2774.536318,synthetic_track_0,0.16502507507249822,27.07473384590772
23.492916,294,2774.934628,synthetic_track_0,0.17366913770211304,28.492916476282904
43.526006,439,2775.521099,synthetic_track_0,0.2957742031843245,48.5260062822754
18.824265,267,2777.234598,synthetic_track_0,0.1452129156166144,23.824264522108987
47.310205,428,2777.827753,synthetic_track_0,0.31883953169009827,52.31020471447065
48.434858,475,2778.509575,synthetic_track_0,0.32569448349673397,53.434858017065125
48.670738,516,2779.338711,synthetic_track_0,0.32713221466574194,53.67073846569244
47.356188,511,2780.043601,synthetic_track_0,0.31911980964276415,52.356188338280376
28.590958,355,2781.893644,synthetic_track_0,0.20474256438795424,33.59095843645095
47.125743,502,2782.603603,synthetic_track_0,0.31771520404673287,52.125742615687535
49.759609,470,2783.324947,synthetic_track_0,0.33376906694957764,54.75960940897493
19.391983,269,2783.718838,synthetic_track_0,0.14867325384477004,24.39198270980243
18.901805,264,2784.1504,synthetic_track_0,0.14568553998550463,23.901805338201154
46.175022,492,2786.79973,synthetic_track_0,0.3119204025154945,51.17502219287172
46.220679,536,2788.005841,synthetic_track_0,0.312198691325812,51.220679469308834
16.267128,248,2788.504489,synthetic_track_0,0.12962673419841528,21.26712759375803
21.72734,283,2788.961405,synthetic_track_0,0.16290765256701245,26.72734027102113
19.039077,262,2789.360594,synthetic_track_0,0.14652223494378616,24.039077163684244
47.275917,523,2791.699589,synthetic_track_0,0.31863054258317236,52.27591704973711
47.007581,489,2792.539648,synthetic_track_0,0.31699498697448936,52.00758066039858
40.531161,402,2793.225725,synthetic_track_0,0.2775201153627316,45.53116098890205
46.708149,423,2793.983654,synthetic_track_0,0.3151699005632864,51.70814902064691
47.530452,488,2794.861279,synthetic_track_0,0.3201819776683313,52.53045225895564
49.349318,500,2797.183635,synthetic_track_0,0.33126827407771736,54.349318419077704
44.925012,442,2797.927505,synthetic_track_0,0.3043013766865542,49.92501157240673
46.352765,480,2798.71731,synthetic_track_0,0.31300377312374983,51.352764701772905
45.61554,441,2799.47719,synthetic_track_0,0.30851026528092,50.615540199219765
43.983096,420,2801.920568,synthetic_track_0,0.29856024013725735,48.98309566067672
44.925012,449,2802.758662,synthetic_track_0,0.3043013766865542,49.92501157240673
35.140248,364,2803.553672,synthetic_track_0,0.2446615917661998,40.14024824091666
45.667273,434,2804.390224,synthetic_track_0,0.30882558239335645,50.66727250046263
36.029122,370,2805.122706,synthetic_track_0,0.2500794304750569,41.029122498346446
37.27342,382,2805.773102,synthetic_track_0,0.2576636363482151,42.273420404941064
43.489618,417,2808.142659,synthetic_track_0,0.295552410923023,48.48961807617288
36.711493,374,2808.777232,synthetic_track_0,0.25423859456016146,41.71149310521449
41.194529,390,2809.472672,synthetic_track_0,0.28156345353004747,46.19452869033157
33.820381,355,2810.069698,synthetic_track_0,0.2366167796129381,38.82038125831298
21.635658,801,2812.775121,synthetic_track_0,0.1623488317489154,26.63565768938387
37.62378,380,2813.44956,synthetic_track_0,0.25979913727439785,42.6237800044061
33.733668,359,2814.089645,synthetic_track_0,0.23608824663010927,38.733667831080254
45.171187,426,2814.851582,synthetic_track_0,0.30580185814308347,50.171187106993834
32.806825,348,2815.42167,synthetic_track_0,0.2304389841028458,37.80682517226538
35.914542,366,2817.367592,synthetic_track_0,0.24938104597558552,40.914542490205335
17.158959,252,2817.833591,synthetic_track_0,0.1350625960526945,22.1589588070635
46.469825,508,2818.685517,synthetic_track_0,0.31371727767552393,51.46982537166589
22.111708,288,2819.317659,synthetic_track_0,0.16525044034505917,27.111708255827043
27.314799,776,2820.700254,synthetic_track_0,0.1969641556963137,32.31479876811967
36.537701,369,2822.71747,synthetic_track_0,0.2531793012921628,41.53770082980892
33.723176,359,2823.258736,synthetic_track_0,0.2360242989329462,38.72317629287015
36.749628,370,2823.859035,synthetic_track_0,0.25447103171514723,41.74962775902013
44.712085,421,2824.474093,synthetic_track_0,0.30300355576689886,49.71208540973792
46.84315,446,2825.086551,synthetic_track_0,0.31599275219972844,51.84314965034848
36.989086,369,2826.980619,synthetic_track_0,0.2559305713021838,41.98908619186266
37.395291,377,2827.527344,synthetic_track_0,0.2584064571395787,42.395290825012324
36.730481,372,2828.110766,synthetic_track_0,0.2543543288060583,41.73048097056245
47.932023,432,2828.798693,synthetic_track_0,0.32262961992777134,52.932023127475
48.072351,438,2829.432556,synthetic_track_0,0.32348494457428395,53.07235142089344
37.430734,374,2831.398696,synthetic_track_0,0.25862248818341604,42.43073382064059
45.592708,418,2832.083432,synthetic_track_0,0.30837110112331384,50.592708320328505
53.363122,515,2832.82043,synthetic_track_0,0.3557330860810413,58.3631222200405
43.933764,414,2833.446418,synthetic_track_0,0.29825955413912475,48.93376380388432
46.7296,422,2834.024567,synthetic_track_0,0.315300649654568,51.72960028704074
43.689618,422,2836.009692,synthetic_track_0,0.29677144444667486,48.689618034891964
37.226305,384,2836.571621,synthetic_track_0,0.2573764595686682,42.22630492949262
47.037526,433,2837.192601,synthetic_track_0,0.31717750648771725,52.03752560809916
47.622974,499,2838.04022,synthetic_track_0,0.32074591630579286,52.62297449236767
36.999462,374,2838.590849,synthetic_track_0,0.2559938132010376,41.99946193372264
45.202666,418,2840.537525,synthetic_track_0,0.30599372479734055,50.20266558743466
43.093025,406,2841.117504,synthetic_track_0,0.2931351086837178,48.093024923734966
7.599539,186,2841.369766,synthetic_track_0,0.07679632008857745,12.599539347762311
7.440702,186,2841.622483,synthetic_track_0,0.07582817807692113,12.44070174517906
47.041533,426,2842.349576,synthetic_track_0,0.31720193031360566,52.04153268753929
6.935401,183,2842.62108,synthetic_track_0,0.07274828421782013,11.93540092060939
38.097466,381,2844.478864,synthetic_track_0,0.26268633133024827,43.09746565847591
39.874355,401,2845.053264,synthetic_track_0,0.2735167691863671,44.874354547999154
36.458174,373,2845.599898,synthetic_track_0,0.25269456897307224,41.45817353057805
13.76993,232,2845.936675,synthetic_track_0,0.11440589316052137,18.769930002235622
44.345007,421,2846.573288,synthetic_track_0,0.30076615314354677,49.34500737322267
7.773831,189,2847.055575,synthetic_track_0,0.0778586568039867,12.773830944429092
44.689658,416,2848.976154,synthetic_track_0,0.3028668591475893,49.689658365945846
45.164305,417,2849.554712,synthetic_track_0,0.30575990965321215,50.1643048547179
47.100927,497,2850.305684,synthetic_track_0,0.3175639496210198,52.10092715465897
47.632685,433,2850.930687,synthetic_track_0,0.3208051012801942,52.632684637501
47.224337,440,2851.726711,synthetic_track_0,0.31831615313771866,52.22433694558699
45.425012,427,2853.745366,synthetic_track_0,0.30734896106585186,50.425011562748686
35.343492,363,2854.257606,synthetic_track_0,0.24590039530117483,40.34349175395299
43.361351,411,2854.85863,synthetic_track_0,0.29477060445116643,48.36135149525949
44.925012,428,2855.642459,synthetic_track_0,0.30430137668655416,49.925011572406724
52.248658,513,2856.373104,synthetic_track_0,0.3489402391491062,57.248658114162424
46.253361,423,2858.323712,synthetic_track_0,0.3123978933409256,51.25336142105707
46.991555,427,2859.005693,synthetic_track_0,0.3168973052948204,51.99155457783206
46.260303,420,2859.62255,synthetic_track_0,0.31244020336434697,51.260302988104655
46.68649,425,2860.290948,synthetic_track_0,0.3150378839593467,51.686489800596014
44.611652,422,2860.879622,synthetic_track_0,0.3023913958085556,49.61165177602508
38.41968,380,2862.81899,synthetic_track_0,0.26465028033879157,43.4196797018259
47.435694,431,2863.43762,synthetic_track_0,0.3196044103628151,52.435694046798616
44.257315,419,2864.09405,synthetic_track_0,0.3002316520649054,49.25731479415123
44.08772,413,2864.744348,synthetic_track_0,0.29919794301712,49.08771997754168
35.992328,365,2865.281022,synthetic_track_0,0.24985516307875574,40.99232821079651
46.332997,432,2867.264632,synthetic_track_0,0.31288328407551996,51.33299674280826
43.889618,415,2867.872611,synthetic_track_0,0.29799047826862224,48.889618042550715
45.009868,420,2868.451838,synthetic_track_0,0.3048185932438569,50.00986837749235
45.59369,424,2869.086453,synthetic_track_0,0.3083770876497258,50.59369049597178
47.636274,439,2869.7056,synthetic_track_0,0.3208269798333165,52.63627412838571
44.002289,417,2871.721208,synthetic_track_0,0.298677227169616,49.0022890636377
44.00501,420,2872.295682,synthetic_track_0,0.2986938096957487,49.00500966522712
43.989618,410,2872.882645,synthetic_track_0,0.2985999951862878,48.98961804747798
45.274026,419,2873.475867,synthetic_track_0,0.3064286781203824,50.274025927380436
46.944706,432,2875.610848,synthetic_track_0,0.3166117548470184,51.94470592546562
46.73452,426,2876.317564,synthetic_track_0,0.31533063906128994,51.73452047995588
43.589618,408,2876.921155,synthetic_track_0,0.2961619275622059,48.58961803541107
41.208048,403,2877.516737,synthetic_track_0,0.281645853091142,46.20804752184657
38.315033,383,2878.127841,synthetic_track_0,0.26401244282743763,43.31503329673105
43.569922,407,2878.755293,synthetic_track_0,0.29604187653408676,48.56992193993694
46.809291,424,2880.73976,synthetic_track_0,0.3157863797676212,51.809291288702646
45.386719,417,2881.366637,synthetic_track_0,0.3071155585505438,50.38671852771655
46.976288,559,2882.200595,synthetic_track_0,0.31680425186229194,51.976287825685155
43.589618,409,2882.870784,synthetic_track_0,0.29616192756220583,48.589618035411064
44.343393,414,2884.817543,synthetic_track_0,0.30075631244878587,49.343392865903745
46.384399,422,2885.493522,synthetic_track_0,0.3131965898255411,51.38439905115739
43.796083,408,2886.101112,synthetic_track_0,0.2974203664200935,48.796083005196344
43.789618,415,2886.713694,synthetic_track_0,0.2973809614500932,48.78961805388821
43.425168,406,2887.321644,synthetic_track_0,0.29515957409793225,48.42516755264165
44.894756,420,2889.243784,synthetic_track_0,0.30411696216955686,49.89475572211955
44.104623,422,2889.878124,synthetic_track_0,0.29930097116179577,49.10462322448466
47.480232,435,2890.499613,synthetic_track_0,0.3198758762325331,52.48023192183145
45.892708,431,2891.093628,synthetic_track_0,0.3101996517332299,50.89270831163588
40.887599,404,2891.706948,synthetic_track_0,0.2796926669624109,45.887599283518654
47.293618,430,2893.687306,synthetic_track_0,0.31873843473234653,52.29361830648049
47.956603,521,2894.48339,synthetic_track_0,0.322779439117679,52.95660311745517
37.20521,372,2895.022602,synthetic_track_0,0.2572478844314441,42.20521033148673
43.604583,420,2895.63879,synthetic_track_0,0.29625314418935367,48.604583433252955
46.747758,436,2896.277104,synthetic_track_0,0.31541132194242294,51.74775766546625
45.408712,505,2898.431692,synthetic_track_0,0.30724960958132524,50.408711524711606
44.557315,423,2899.075916,synthetic_track_0,0.30206020280451834,49.557314806737246
46.264567,524,2899.862697,synthetic_track_0,0.31246619186765195,51.26456677534866
42.686441,412,2900.441144,synthetic_track_0,0.2906569101077351,47.68644085260176
37.990069,399,2902.336678,synthetic_track_0,0.26203173253350437,42.99006932376795
45.475238,472,2903.016621,synthetic_track_0,0.30765509710130945,50.47523757644396
45.400991,417,2903.663638,synthetic_track_0,0.30720255184853174,50.40099102774945
47.303689,461,2904.316628,synthetic_track_0,0.3187998161188667,52.30368880456932
44.401827,416,2904.908204,synthetic_track_0,0.30111247928751156,49.401827151475196
40.76812,408,2906.830981,synthetic_track_0,0.27896441994640897,45.76811990062083
47.200368,443,2907.504657,synthetic_track_0,0.31817005896342077,52.20036809792057
43.835711,421,2908.164596,synthetic_track_0,0.2976619076072947,48.83571130624953
46.837921,439,2908.786567,synthetic_track_0,0.3159608803911768,51.83792062237595
48.394385,509,2910.847628,synthetic_track_0,0.3254477941637588,53.39438508875412
44.162252,418,2911.499911,synthetic_track_0,0.2996522273803241,49.162251852280754
47.762891,499,2912.251499,synthetic_track_0,0.3215987282053821,52.76289053356237
46.936889,424,2912.862345,synthetic_track_0,0.31656410755961983,51.93688870360264
45.829539,429,2913.490636,synthetic_track_0,0.30981462382999947,50.829538953896574
43.480644,416,2915.401733,synthetic_track_0,0.29549771523931667,48.48064446365843
43.844812,418,2916.020988,synthetic_track_0,0.2977173788313359,48.84481215729512
45.025012,426,2916.617972,synthetic_track_0,0.3049108935050833,50.02501156106924
47.425202,438,2917.297637,synthetic_track_0,0.3195404590536906,52.42520191599436
45.988928,420,2917.91089,synthetic_track_0,0.3107861286073868,50.98892826649791
42.461317,582,2920.223372,synthetic_track_0,0.28928474037651936,47.461316699513176
37.705673,375,2920.855536,synthetic_track_0,0.26029829191304604,42.70567349231036
45.760405,420,2921.52554,synthetic_track_0,0.30939324139594504,50.76040511320992
41.592824,407,2922.108144,synthetic_track_0,0.28399113194307907,46.59282420310386
46.160405,444,2924.104537,synthetic_track_0,0.3118313087415443,51.160405079587754
47.134074,429,2924.780505,synthetic_track_0,0.317765985797161,52.13407409123128
46.243546,433,2925.429873,synthetic_track_0,0.31233806567169586,51.24354583260602
46.206495,424,2926.105842,synthetic_track_0,0.31211223241237157,51.2064946427364
58.133391,688,2927.10553,synthetic_track_0,0.38480868148200353,63.1333912627694
45.525012,431,2929.212334,synthetic_track_0,0.3079584780225149,50.52501157407406
45.547198,424,2929.816699,synthetic_track_0,0.30809370656399254,50.54719775861158
46.055712,578,2930.766517,synthetic_track_0,0.31119318840367616,51.05571227274097
45.760405,444,2931.447616,synthetic_track_0,0.30939324139594504,50.76040511320992
46.968879,500,2933.664716,synthetic_track_0,0.3167590929753555,51.96887886165927
44.441742,415,2934.260716,synthetic_track_0,0.30135576786766444,49.44174213744018
47.195799,439,2934.894581,synthetic_track_0,0.31814220715947616,52.195798609443756
47.684954,439,2935.557497,synthetic_track_0,0.32112368967618227,52.68495363979646
47.069031,437,2936.183529,synthetic_track_0,0.31736953765657944,52.0690310795239
48.153648,436,2938.205566,synthetic_track_0,0.32398046333693636,53.153648391117954
47.350615,429,2938.863508,synthetic_track_0,0.3190858391642815,52.35061499336215
47.605553,434,2939.516664,synthetic_track_0,0.32063973014619934,52.60555312771839
48.240297,443,2940.292425,synthetic_track_0,0.32450860025283845,53.24029683788258
46.601953,429,2942.281585,synthetic_track_0,0.31452261535003867,51.6019525843576
45.409751,423,2942.882728,synthetic_track_0,0.30725594357577607,50.409750707477386
46.764621,425,2943.499861,synthetic_track_0,0.31551410961863996,51.76462146010469
45.960405,431,2944.132678,synthetic_track_0,0.31061227491959686,50.960405071929
46.783699,432,2944.821666,synthetic_track_0,0.3156303888184278,51.78369873296573
48.621033,442,2946.861525,synthetic_track_0,0.3268292487105889,53.62103254920346
45.148933,424,2947.453727,synthetic_track_0,0.30566621743181627,50.14893330008228
47.932236,440,2948.077426,synthetic_track_0,0.32263091895390406,52.93223625137018
47.603273,430,2948.678747,synthetic_track_0,0.32062583305538056,52.60327311036354
48.431192,445,2949.376459,synthetic_track_0,0.3256721392144663,53.43119211662479
46.656754,434,2951.410928,synthetic_track_0,0.31485663739206116,51.6567536979608
46.777888,432,2952.087347,synthetic_track_0,0.315594974404139,51.77788848963902
48.831192,477,2952.766347,synthetic_track_0,0.3281102067752349,53.831192118304244
44.625012,511,2953.511223,synthetic_track_0,0.302472826159484,49.6250115946914
47.371635,486,2955.536536,synthetic_track_0,0.3192139586887565,52.37163484155249
37.377063,375,2956.121079,synthetic_track_0,0.2582953538307544,42.37706273140597
45.719158,426,2956.725633,synthetic_track_0,0.30914183383152577,50.71915809126184
47.06951,431,2957.324565,synthetic_track_0,0.3173724559387144,52.06950986562387
45.651645,423,2957.944177,synthetic_track_0,0.30873033214931517,50.65164532983391
45.760405,426,2959.866774,synthetic_track_0,0.30939324139594504,50.76040511320992
45.320537,423,2960.520598,synthetic_track_0,0.30671216934634027,50.32053673482645
47.144061,427,2961.119812,synthetic_track_0,0.3178268574591446,52.14406096168862
45.522823,425,2961.75384,synthetic_track_0,0.3079451374994022,50.52282286964545
43.902708,415,2962.342607,synthetic_track_0,0.29807026259722696,48.90270780761277
45.492708,426,2964.296757,synthetic_track_0,0.30776158430478473,50.492708331665995
46.589251,429,2964.951619,synthetic_track_0,0.31444519899382467,51.589251319177784
45.227342,424,2965.592811,synthetic_track_0,0.3061441315135248,50.22734196953924
47.595799,551,2966.362588,synthetic_track_0,0.3205802745879214,52.595798589413654
45.513939,429,2968.310548,synthetic_track_0,0.3078909902876906,50.51393924183953
47.612113,434,2968.93742,synthetic_track_0,0.32067971633936215,52.61211343703452
47.73578,436,2969.624089,synthetic_track_0,0.32143348402867683,52.735779852946614
47.790858,436,2970.231079,synthetic_track_0,0.3217691958407058,52.790858197589806
44.055639,419,2970.842391,synthetic_track_0,0.29900240172713505,49.05563862033035
48.031094,438,2972.850818,synthetic_track_0,0.323233472097332,53.031093749112024
46.94916,430,2973.457699,synthetic_track_0,0.3166389018291525,51.94915977780094
44.77205,422,2974.106769,synthetic_track_0,0.3033690498036157,49.77204995610778
48.798889,454,2974.755585,synthetic_track_0,0.32791331301074944,53.798888868225305
47.585864,436,2975.394485,synthetic_track_0,0.3205197214301035,52.585863974139414
47.445289,433,2977.386543,synthetic_track_0,0.319662892210155,52.44528883383839
46.055441,429,2977.986671,synthetic_track_0,0.3111915335003555,51.05544076208159
46.160405,430,2978.692731,synthetic_track_0,0.31183130874154436,51.16040507958776
46.209647,428,2979.308857,synthetic_track_0,0.31213144854264574,51.209647324912076
46.483508,425,2979.934778,synthetic_track_0,0.31380067392630145,51.48350772443899
46.905587,427,2981.906563,synthetic_track_0,0.3163733196965432,51.90558721434981
53.298726,601,2982.794334,synthetic_track_0,0.35534058125939105,58.2987261664423
45.445903,418,2983.510356,synthetic_track_0,0.3074762989504589,50.44590317169189
48.123145,439,2984.147473,synthetic_track_0,0.3237945386732351,53.12314477957353
44.634083,559,2986.366633,synthetic_track_0,0.3025281161371697,49.634082709669094
43.943634,559,2987.220248,synthetic_track_0,0.298319714649776,48.943633999751235
46.671823,560,2988.152733,synthetic_track_0,0.31494848870133,51.67182322452069
48.876471,517,2988.919148,synthetic_track_0,0.328386187039552,53.876470644612
48.169892,454,2990.919284,synthetic_track_0,0.324079469666596,53.1698918015416
46.845464,437,2991.54535,synthetic_track_0,0.31600685591435523,51.8454635673068
47.101921,432,2992.242651,synthetic_track_0,0.3175700098098103,52.101921415673466
47.877168,441,2992.885735,synthetic_track_0,0.32229526678758963,52.87716769246316
48.245996,569,2995.144768,synthetic_track_0,0.3245433395252644,53.24599631448951
48.395568,491,2995.891559,synthetic_track_0,0.32545500394296056,53.39556795658733
47.456979,431,2996.584578,synthetic_track_0,0.31973414693936136,52.45697919560722
26.535746,725,2997.684725,synthetic_track_0,0.19221569896015087,31.535746237745506
46.958309,432,2999.840111,synthetic_track_0,0.3166946665780452,51.95830878581437
47.388295,431,3000.519732,synthetic_track_0,0.31931550246883267,52.38829455716275
45.623265,421,3001.257605,synthetic_track_0,0.3085573491804352,50.623264989208444
47.678118,436,3001.964687,synthetic_track_0,0.32108202241499567,52.67811752712558
46.368965,433,3002.676189,synthetic_track_0,0.3131025139231567,51.368964548144724
45.395655,426,3004.795571,synthetic_track_0,0.3071700263181102,50.39565474731465
48.03312,455,3005.613666,synthetic_track_0,0.323245823840033,53.03312022991208
45.760405,424,3006.335608,synthetic_track_0,0.30939324139594504,50.76040511320992
47.406144,437,3007.030873,synthetic_track_0,0.3194242963074402,52.40614374900877
47.44378,431,3009.225567,synthetic_track_0,0.3196536929706577,52.44377956646879
46.751042,426,3009.912615,synthetic_track_0,0.31543133860479655,51.751041686431016
47.739889,433,3010.797571,synthetic_track_0,0.32145852855933243,52.73988876791907
47.255967,428,3011.514796,synthetic_track_0,0.3185089410944209,52.25596657892675
45.812989,427,3012.235748,synthetic_track_0,0.309713751068178,50.81298932846893
47.011524,431,3014.627671,synthetic_track_0,0.3170190217381887,52.01152390859843
48.080562,529,3015.497574,synthetic_track_0,0.323534988978611,53.080561924218685
47.553803,430,3016.185748,synthetic_track_0,0.32032430616497826,52.55380329311643
47.49577,432,3016.874235,synthetic_track_0,0.31997058065098544,52.495769541932525
43.989618,414,3017.514677,synthetic_track_0,0.29859999518628777,48.989618047477975
47.055991,426,3019.661832,synthetic_track_0,0.31729005613012956,52.055990993504544
46.35905,428,3020.371687,synthetic_track_0,0.31304208526279165,51.359050358465794
46.74729,425,3021.021387,synthetic_track_0,0.3154084707132887,51.74728988037415
47.857583,521,3022.021866,synthetic_track_0,0.322175893553683,52.857582798864854
47.939404,431,3024.591229,synthetic_track_0,0.32267460947040255,52.939404308135295
47.805462,495,3025.615736,synthetic_track_0,0.3218582110798135,52.805462426104846
45.659738,424,3026.615235,synthetic_track_0,0.30877965572850014,50.659737571441276
46.333039,573,3027.714704,synthetic_track_0,0.3128835389075035,51.33303855165535
46.794303,429,3028.451834,synthetic_track_0,0.31569502363123075,51.7943030023657
47.145581,429,3030.517772,synthetic_track_0,0.3178361219689116,52.14558093758347
31.058276,630,3031.519591,synthetic_track_0,0.2197812791756989,36.058275600729324
47.265378,429,3032.215783,synthetic_track_0,0.31856630549366094,52.265378032555674
47.360079,514,3033.054573,synthetic_track_0,0.31914352154437925,52.360078616317985
44.034368,565,3035.833683,synthetic_track_0,0.29887275626955623,49.03436842089711
46.161796,509,3036.596289,synthetic_track_0,0.31183978421242514,51.16179560232023
46.371404,424,3037.26815,synthetic_track_0,0.3131173806280936,51.37140364462237
48.731192,527,3038.088578,synthetic_track_0,0.3275006898243824,53.73119210793217
46.805883,433,3040.071641,synthetic_track_0,0.31576560481950927,51.805882860071144
47.303074,429,3040.724631,synthetic_track_0,0.3187960709807177,52.30307436086399
36.555122,646,3041.628051,synthetic_track_0,0.25328548725019334,41.555122161388894
50.888067,578,3042.428426,synthetic_track_0,0.3406472081377116,55.88806726267681
45.952105,599,3044.505611,synthetic_track_0,0.3105616869458951,50.95210538824046
46.284974,428,3045.148777,synthetic_track_0,0.3125905770831243,51.28497395651068
46.665892,430,3045.735575,synthetic_track_0,0.3149123363286207,51.6658919085157
45.447396,524,3046.502462,synthetic_track_0,0.30748539778612843,50.44739596637143
45.967753,428,3070.256671,synthetic_track_0,0.3106570609458581,50.96775286280567
47.284208,434,3070.986233,synthetic_track_0,0.31868107503303256,52.284207623941946
48.954418,525,3072.015352,synthetic_track_0,0.3288612868908746,53.95441759915293
48.144753,530,3072.992678,synthetic_track_0,0.32392624644612034,53.14475333145413
46.831757,502,3075.254526,synthetic_track_0,0.31592331278853636,51.83175711757359
47.239877,431,3075.870919,synthetic_track_0,0.31841087092921877,52.23987675972864
50.563095,533,3076.73464,synthetic_track_0,0.33866644714367294,55.56309497163321
46.895799,527,3077.54365,synthetic_track_0,0.316313656632406,51.89579863172843
50.12639,550,3079.735439,synthetic_track_0,0.3360046589253662,55.12639038275078
47.445697,502,3080.557638,synthetic_track_0,0.31966538147753293,52.44569723390547
46.852177,428,3081.272507,synthetic_track_0,0.3160477778474989,51.852177398206976
46.154467,589,3082.164648,synthetic_track_0,0.31179511543339977,51.15446704753665
45.420213,424,3084.290695,synthetic_track_0,0.3073197116733457,50.420212779794575
45.715746,546,3085.241718,synthetic_track_0,0.30912103610409186,50.71574592535538
47.266688,438,3085.998115,synthetic_track_0,0.31857429249872826,52.26668841545554
45.847919,427,3086.725604,synthetic_track_0,0.30992665234770583,50.847918841308946
48.74748,533,3089.008792,synthetic_track_0,0.32759996620955917,53.74747982484225
49.353618,527,3089.811592,synthetic_track_0,0.33129447771294035,54.35361750180284
44.473654,525,3090.661257,synthetic_track_0,0.3015502767169619,49.47365410792762
46.573445,573,3091.485682,synthetic_track_0,0.3143488584493211,51.57344526909807
46.932778,513,3093.701858,synthetic_track_0,0.3165390520442736,51.93277798643391
48.202755,508,3094.52035,synthetic_track_0,0.3242797745754484,53.202754698848715
47.852394,574,3095.42123,synthetic_track_0,0.32214426595215534,52.852393836562186
48.631192,508,3096.228048,synthetic_track_0,0.3268911730180519,53.63119212127101
46.202882,429,3098.229528,synthetic_track_0,0.31209021447628915,51.202882284075116
58.288524,678,3099.331534,synthetic_track_0,0.3857542417625742,63.28852400802322
26.622905,764,3100.650931,synthetic_track_0,0.19274694521865018,31.622904816823166
25.338393,290,3101.064651,synthetic_track_0,0.18491762844823015,30.338392946967634
47.844135,436,3103.043812,synthetic_track_0,0.3220939278328051,52.84413514506871
47.540247,563,3103.855687,synthetic_track_0,0.32024167955346494,52.54024721071907
44.057315,534,3104.619133,synthetic_track_0,0.29901261854125355,49.057314835432145
47.343886,429,3105.214419,synthetic_track_0,0.31904482569592724,52.34388614479594
47.428027,434,3107.432672,synthetic_track_0,0.319557681316507,52.42802747557537
47.170639,432,3108.075428,synthetic_track_0,0.31798885255228554,52.17063858347857
46.774967,514,3108.802493,synthetic_track_0,0.31557716519424045,51.77496663295878
45.192708,420,3109.373727,synthetic_track_0,0.3059330337777145,50.192708353950664
47.440311,447,3110.156651,synthetic_track_0,0.31963255120700607,52.44031095647937
46.460405,431,3112.404519,synthetic_track_0,0.31365985935146035,51.460405070895135
47.188473,430,3113.114754,synthetic_track_0,0.31809755471222684,52.18847273412261
46.646514,425,3113.890711,synthetic_track_0,0.3147942248471873,51.64651402353336
48.732992,498,3114.679546,synthetic_track_0,0.32751166165908996,53.732992195006084
45.987296,543,3116.916607,synthetic_track_0,0.31077617747100833,50.98729563964533
44.089618,635,3117.895056,synthetic_track_0,0.2992095120722078,49.089618047196936
47.308808,433,3118.562719,synthetic_track_0,0.3188310209923525,52.308808412265016
44.762471,519,3119.306514,synthetic_track_0,0.30331066684222485,49.76247139272825
46.861413,428,3121.288735,synthetic_track_0,0.31610406881221326,51.86141273948406
25.816897,292,3121.733676,synthetic_track_0,0.18783418853186826,30.81689651968475
47.335846,432,3122.331842,synthetic_track_0,0.31899582044248037,52.335846129098066
47.60366,541,3123.091113,synthetic_track_0,0.32062819074406723,52.603659923056426
47.9468,434,3123.692661,synthetic_track_0,0.32271968720041605,52.9467999572023
25.176303,290,3125.519928,synthetic_track_0,0.1839296635137474,30.176303109175052
25.016968,288,3126.003842,synthetic_track_0,0.1829584909591483,30.01696830249389
24.672437,286,3126.467811,synthetic_track_0,0.18085851245701678,29.672436666908443
25.570302,291,3126.886712,synthetic_track_0,0.1863311549789297,30.570302277025547
25.130395,289,3127.291385,synthetic_track_0,0.183649845097389,30.13039487889696
24.244694,284,3127.80262,synthetic_track_0,0.17825134902078774,29.244694058109914
23.563129,280,3128.321778,synthetic_track_0,0.17409709529766929,28.563129066653975
45.891541,426,3130.30557,synthetic_track_0,0.31019253759513427,50.89154113509985
46.812086,428,3130.927824,synthetic_track_0,0.3158034152591317,51.812086205768296
47.205211,430,3131.543778,synthetic_track_0,0.31819957858451503,52.20521121575589
46.845899,428,3132.165711,synthetic_track_0,0.31600951249348214,51.84589941726942
46.819313,429,3132.755721,synthetic_track_0,0.315847465366302,51.81931325854798
46.2526,429,3134.683793,synthetic_track_0,0.31239325391778383,51.25260025705392
46.602355,427,3135.339655,synthetic_track_0,0.3145250659857395,51.602354646343166
46.291368,432,3135.965769,synthetic_track_0,0.3126295481768005,51.291367724176006
46.851722,431,3136.610612,synthetic_track_0,0.3160450012525452,51.85172185792417
44.828807,435,3137.207707,synthetic_track_0,0.30371499428342735,49.82880711687409
45.731219,426,3139.174507,synthetic_track_0,0.3092153447928411,50.731218620314735
46.003897,425,3139.811606,synthetic_track_0,0.3108773638567257,51.003896719577725
45.64212,425,3140.41467,synthetic_track_0,0.30867227252757934,50.642119814968964
45.50569,422,3141.044518,synthetic_track_0,0.30784070705426836,50.505689555170875
24.406381,283,3141.432874,synthetic_track_0,0.17923685689181376,29.406380779351245
45.880288,426,3143.317665,synthetic_track_0,0.31012394585651926,50.88028767518647
45.984212,424,3143.911198,synthetic_track_0,0.3107573837026419,50.98421225200707
44.453614,418,3144.626793,synthetic_track_0,0.3014281279008909,49.45361384020915
24.853406,287,3145.02583,synthetic_track_0,0.1819615499160109,29.853405805151297
45.94891,429,3145.642911,synthetic_track_0,0.31054220962797213,50.94890985447952
24.959039,287,3147.354711,synthetic_track_0,0.18260540378374865,29.95903927992475
46.51207,434,3147.98907,synthetic_track_0,0.31397476712104344,51.512070213563455
44.765087,421,3148.60983,synthetic_track_0,0.30332660646849724,49.76508651736152
46.96059,430,3149.296887,synthetic_track_0,0.3167085692362522,51.960589716579214
46.658499,431,3149.896711,synthetic_track_0,0.3148672742013736,51.65849881930662
24.250317,282,3151.592809,synthetic_track_0,0.1782856204014743,29.2503167703566
23.800396,280,3151.974156,synthetic_track_0,0.17554327739537143,28.800396011515538
24.782596,287,3152.350098,synthetic_track_0,0.18152994928722493,29.782595522853452
24.66536,285,3152.7487,synthetic_track_0,0.18081537838779127,29.6653599033108
24.873241,286,3153.17899,synthetic_track_0,0.18208244751523836,29.873240792775174
24.371657,285,3153.531362,synthetic_track_0,0.17902521124036264,29.37165727033199
43.663451,407,3154.10085,synthetic_track_0,0.2966119531813879,48.663451202024326
24.390195,283,3155.83564,synthetic_track_0,0.17913820009365236,29.390194714590262
21.296139,264,3156.218892,synthetic_track_0,0.16027940797816062,26.296138996343032
22.506577,271,3156.643727,synthetic_track_0,0.16765723449113829,27.506577404641874
22.621683,272,3157.303642,synthetic_track_0,0.16835882474878625,27.62168336345665
23.38248,278,3157.749859,synthetic_track_0,0.17299600686020872,28.382479693387793
22.401682,271,3158.12967,synthetic_track_0,0.16701787750829303,27.401681708424476
21.518305,266,3158.529632,synthetic_track_0,0.16163354759073195,26.518305049498668
19.570766,253,3158.877697,synthetic_track_0,0.1497629697533683,24.57076625636339
24.963763,288,3160.640686,synthetic_track_0,0.18263419598778516,29.963763054543747
41.293405,395,3161.205549,synthetic_track_0,0.28216612411997555,46.293405456858665
25.03511,288,3161.609571,synthetic_track_0,0.18306906488034674,30.03510954245655
24.064576,283,3162.151819,synthetic_track_0,0.177153500413987,29.06457622559766
24.788171,288,3162.638796,synthetic_track_0,0.1815639324565002,29.78817094987849
24.107482,283,3163.035828,synthetic_track_0,0.17741502018890978,29.107482300922065
45.988936,429,3164.98571,synthetic_track_0,0.3107861746754335,50.98893582462266
46.995799,525,3165.772925,synthetic_track_0,0.31692317327158886,51.995798590966615
44.238597,419,3166.483939,synthetic_track_0,0.300117562156363,49.23859670596413
50.301979,585,3167.508786,synthetic_track_0,0.3370749023417891,55.301979187284
25.063868,290,3168.065512,synthetic_track_0,0.18324434960608915,30.063867519355778
46.009689,426,3170.295376,synthetic_track_0,0.3109126709887634,51.00968936171022
24.669854,285,3170.724886,synthetic_track_0,0.18084277249204836,29.669854299579864
23.960741,282,3171.126776,synthetic_track_0,0.17652060962735688,28.960741401744315
27.848702,304,3171.596109,synthetic_track_0,0.200218384868958,32.848701804880754
54.655417,689,3172.717639,synthetic_track_0,0.3636098386261004,59.655416610052825
14.559344,233,3174.478885,synthetic_track_0,0.1192175017789149,19.559343505949826
25.545868,290,3174.892789,synthetic_track_0,0.1861822223461403,30.545867739474378
47.100872,552,3175.6669,synthetic_track_0,0.3175636133270693,52.10087198080615
42.925928,403,3176.284747,synthetic_track_0,0.29211662645143965,47.92592828491446
22.103213,296,3176.710628,synthetic_track_0,0.16519865816055618,27.10321264470393
26.318698,296,3177.128067,synthetic_track_0,0.19089275204223802,31.318697794174014
46.894918,428,3179.167476,synthetic_track_0,0.3163082874128556,51.89491773414227
46.22957,426,3179.770924,synthetic_track_0,0.31225288279723873,51.229570358556735
25.629474,291,3180.183492,synthetic_track_0,0.18669181549095198,30.62947381424462
46.897395,426,3180.849806,synthetic_track_0,0.31632338723771686,51.89739507729185
47.109288,433,3181.466675,synthetic_track_0,0.3176149089739952,52.10928776845153
24.513528,285,3183.20554,synthetic_track_0,0.17988993774615486,29.513528073805592
46.840817,429,3183.845731,synthetic_track_0,0.3159785361847711,51.840817308907944
26.723502,298,3184.256657,synthetic_track_0,0.19336010332431378,31.723502210940453
24.390935,284,3184.6876,synthetic_track_0,0.1791427135897402,29.390935218451506
46.19758,428,3185.379072,synthetic_track_0,0.312057895994536,51.19757997294823
42.546443,402,3185.987716,synthetic_track_0,0.28980359902317776,47.54644291294318
24.617963,287,3187.765932,synthetic_track_0,0.18052648471937507,29.6179627475834
46.586605,426,3188.383743,synthetic_track_0,0.31442906798504733,51.58660479549573
18.212985,244,3188.753623,synthetic_track_0,0.14148706140018047,23.21298462289194
47.19853,442,3189.675479,synthetic_track_0,0.31815885465603094,52.19852987036409
46.648558,428,3190.30752,synthetic_track_0,0.3148066808096711,51.64855760308572
24.967236,287,3190.689626,synthetic_track_0,0.18265536187865158,29.967235622949296
26.287427,294,3192.502592,synthetic_track_0,0.19070215233020488,31.28742717380231
16.835347,235,3192.830961,synthetic_track_0,0.1330901257542084,21.835346723705815
46.926583,435,3193.435596,synthetic_track_0,0.31650129004462413,51.92658258801006
17.675022,251,3193.814804,synthetic_track_0,0.13820808681692212,22.675021746097524
45.692839,430,3194.483707,synthetic_track_0,0.30898141360214915,50.692838848492435
25.415525,292,3194.917505,synthetic_track_0,0.18538776276144622,30.415525233661413
24.833419,288,3196.691791,synthetic_track_0,0.18183972894591943,29.83341932527466
25.329187,291,3197.136863,synthetic_track_0,0.18486151599515557,30.329186893089048
9.782996,199,3197.435854,synthetic_track_0,0.09010486015762216,14.782996498675208
25.986555,292,3197.877861,synthetic_track_0,0.1888682883731465,30.98655545157982
13.588921,224,3198.205923,synthetic_track_0,0.11330261229889478,18.588920930294883
13.019122,219,3198.616086,synthetic_track_0,0.10982959358829154,18.019122327324208
46.333173,428,3199.304836,synthetic_track_0,0.31288435927423097,51.33317314460004
25.529277,292,3201.120265,synthetic_track_0,0.18608109804167544,30.529276844863144
46.7591,445,3201.781071,synthetic_track_0,0.3154804547546308,51.75909989627406
47.421313,442,3202.421918,synthetic_track_0,0.31951675276307706,52.421312558522146
26.229944,296,3202.967518,synthetic_track_0,0.19035178181863238,31.22994385895387
25.157845,290,3203.415932,synthetic_track_0,0.18381715943782884,30.15784519960745
46.282573,433,3204.044876,synthetic_track_0,0.3125759448029017,51.28257332077449
45.24901,474,3206.049974,synthetic_track_0,0.3062761989383186,50.24900952748118
43.344706,581,3206.877234,synthetic_track_0,0.2946691478814514,48.34470608776159
20.544043,260,3207.254855,synthetic_track_0,0.1556952569927569,25.5440431843294
46.267746,432,3207.942859,synthetic_track_0,0.31248556709072317,51.267745558982774
25.388559,292,3208.392722,synthetic_track_0,0.18522339695193268,30.388558661799582
27.227622,301,3210.201484,synthetic_track_0,0.19643279734085797,32.22762179792625
10.277562,202,3210.504939,synthetic_track_0,0.0931193202025388,15.277561966192103
47.325491,441,3211.151791,synthetic_track_0,0.31893270418039404,52.32549099975433
48.404787,471,3211.872653,synthetic_track_0,0.32551119457815314,53.404786837365315
25.777995,291,3212.332666,synthetic_track_0,0.18759707839952286,30.777995196824573
48.093141,464,3214.390052,synthetic_track_0,0.32361165930496727,53.093140792484995
44.357315,415,3215.024595,synthetic_track_0,0.30084116906832375,49.357314813147475
45.706662,427,3215.68782,synthetic_track_0,0.30906567062877544,50.70666242390697
44.863142,497,3216.409699,synthetic_track_0,0.3039242730561127,49.86314230543597
43.024309,404,3217.08093,synthetic_track_0,0.2927162706947515,48.02430853581128
46.198733,428,3219.190745,synthetic_track_0,0.3120649219141959,51.19873267598279
55.61125,575,3220.061517,synthetic_track_0,0.3694358044295155,60.611249979336414
46.858162,434,3220.7188,synthetic_track_0,0.3160842574132056,51.858162394922715
10.339972,203,3221.013727,synthetic_track_0,0.09349972158367097,15.339972276529757
25.591812,288,3221.490308,synthetic_track_0,0.18646225913773262,30.59181179734615
46.175414,434,3223.531911,synthetic_track_0,0.31192279178513715,51.175414186874036
10.27066,201,3223.823628,synthetic_track_0,0.09307724910161773,15.270659597812378
14.004338,227,3224.16935,synthetic_track_0,0.11583464783701393,19.004337728335052
26.215931,294,3224.645626,synthetic_track_0,0.19026637045609077,31.21593089815252
45.818988,423,3225.25361,synthetic_track_0,0.30975031621837973,50.81898836655034
44.708928,523,3226.112804,synthetic_track_0,0.3029843080101882,49.70892753879107
41.99736,394,3228.074593,synthetic_track_0,0.286456848387973,46.997360401349205
45.443744,513,3228.815917,synthetic_track_0,0.30746313935346453,50.443744150791666
10.528037,203,3229.1147,synthetic_track_0,0.09464600587856876,15.528036679363494
48.99547,517,3229.951701,synthetic_track_0,0.32911150961653696,53.99547023128492
44.119049,409,3230.641638,synthetic_track_0,0.2993888994488391,49.119049122901494
18.161182,257,3231.015336,synthetic_track_0,0.14117131492780155,23.16118187898355
46.353134,423,3233.091724,synthetic_track_0,0.3130060265541197,51.353134409391444
25.392063,289,3233.532611,synthetic_track_0,0.185244753552837,30.392062518926046
9.091802,192,3233.807738,synthetic_track_0,0.08589191159324137,14.091801775467244
46.611375,426,3234.431799,synthetic_track_0,0.3145800474704772,51.611375148621825
47.271053,435,3235.080595,synthetic_track_0,0.31860089555590376,52.27105302908894
47.56715,436,3237.013859,synthetic_track_0,0.3204056544562036,52.56714964870984
46.829312,432,3237.746907,synthetic_track_0,0.31590840826129235,51.82931181580322
46.903119,435,3238.419855,synthetic_track_0,0.3163582775537225,51.90311933476748
47.536476,432,3239.087894,synthetic_track_0,0.32021869176103723,52.53647573319415
46.520039,426,3239.813945,synthetic_track_0,0.31402333862037507,51.52003906566865
46.81291,431,3241.987267,synthetic_track_0,0.31580843534512026,51.81290982297898
43.04708,618,3242.901592,synthetic_track_0,0.2928550692248412,48.04708042825691
46.976167,426,3243.496066,synthetic_track_0,0.3168035184252444,51.97616749480304
45.493971,426,3244.17522,synthetic_track_0,0.30776927936108334,50.49397081617704
45.943511,428,3246.135584,synthetic_track_0,0.31050930478446254,50.943511342284495
13.441615,225,3246.50492,synthetic_track_0,0.11240475605636586,18.44161471766218
46.506869,427,3247.121448,synthetic_track_0,0.3139430626201161,51.506868634809756
45.15713,461,3247.785596,synthetic_track_0,0.3057161784513077,50.15713012292757
46.001685,424,3248.384876,synthetic_track_0,0.31086388179060104,51.00168479298501
38.506028,594,3250.652549,synthetic_track_0,0.26517658497462165,43.506027536727395
46.908761,430,3251.398812,synthetic_track_0,0.31639266195153454,51.908760589096886
9.55525,195,3251.732644,synthetic_track_0,0.08871670528082365,14.555249752856687
46.741429,434,3252.392723,synthetic_track_0,0.3153727497252108,51.74142933921398
26.007726,292,3252.779912,synthetic_track_0,0.18899732521736745,31.007725799250093
46.400078,428,3253.663026,synthetic_track_0,0.3132921533906166,51.40007762660205
46.660546,429,3255.631227,synthetic_track_0,0.3148797538625891,51.6605462869763
25.038622,287,3256.040159,synthetic_track_0,0.18309047097435946,30.038621519638323
9.710923,198,3256.349957,synthetic_track_0,0.0896655597565863,14.710922958146769
45.972011,423,3256.989702,synthetic_track_0,0.3106830161548855,50.97201118764523
46.299118,427,3257.717725,synthetic_track_0,0.3126767847875199,51.29911756863116
47.234075,438,3258.401477,synthetic_track_0,0.3183755074164076,52.23407486752044
46.939232,427,3260.675538,synthetic_track_0,0.3165783927598445,51.93923239588
46.653783,428,3261.499623,synthetic_track_0,0.3148385322262448,51.65378328546138
46.741231,430,3262.223871,synthetic_track_0,0.3153715430567062,51.74123136791424
47.294427,431,3262.91168,synthetic_track_0,0.31874336621973887,52.294427387818914
48.272953,472,3264.898857,synthetic_track_0,0.3247076446767061,53.27295293452342
46.712333,426,3265.512678,synthetic_track_0,0.31519540216611147,51.712332924873756
47.08165,427,3266.125577,synthetic_track_0,0.31744645096268953,52.08164981210878
25.147376,287,3266.748893,synthetic_track_0,0.1837533481588099,30.147376042753283
47.005834,426,3267.430223,synthetic_track_0,0.31698434142105936,52.005834104454685
46.502136,423,3269.429984,synthetic_track_0,0.3139142182222833,51.50213629704881
45.914693,421,3270.061169,synthetic_track_0,0.310333651948186,50.91469297156492
46.612323,427,3270.654704,synthetic_track_0,0.31458582418858066,51.61232290219858
46.727345,425,3271.235975,synthetic_track_0,0.31528690095811457,51.72734461591293
46.352105,423,3271.902773,synthetic_track_0,0.3129997549761362,51.35210546694362
44.314632,410,3274.081199,synthetic_track_0,0.30058101026410483,49.31463202461487
26.23271,291,3274.53892,synthetic_track_0,0.19036864157328937,31.23270994386457
43.587493,404,3275.141309,synthetic_track_0,0.29614897325564005,48.587492695354264
26.010619,291,3275.586835,synthetic_track_0,0.18901495825799614,31.010618752831277
43.367394,400,3276.235906,synthetic_track_0,0.2948074319554776,48.36739357630079
25.893819,290,3276.728813,synthetic_track_0,0.18830304360374975,30.89381892846365
23.753985,279,3278.531958,synthetic_track_0,0.17526039321486322,28.753984798594637
24.662621,284,3278.936892,synthetic_track_0,0.18079868183500722,29.662620594011447
25.193909,287,3279.365017,synthetic_track_0,0.18403697562516735,30.19390920239368
23.884189,279,3279.771621,synthetic_track_0,0.17605400914813926,28.88418889127498
24.147926,281,3280.1647,synthetic_track_0,0.17766152964006648,29.147925717037076
23.495025,278,3280.567606,synthetic_track_0,0.1736819911549227,28.49502526983243
24.655705,284,3281.00782,synthetic_track_0,0.1807565302240095,29.65570501679727
23.759618,278,3281.383774,synthetic_track_0,0.1752947271237693,28.75961776949384
21.594322,266,3283.128872,synthetic_track_0,0.16209688509580325,26.5943222221927
22.198587,268,3283.488077,synthetic_track_0,0.1657799795223242,27.19858676370915
20.263979,257,3283.88554,synthetic_track_0,0.15398822069733079,25.26397936164268
20.941442,261,3284.266514,synthetic_track_0,0.1581174719314839,25.941442335669304
22.403824,270,3284.632813,synthetic_track_0,0.16703093251984036,27.403823570579934
22.34742,270,3285.014956,synthetic_track_0,0.16668714399975754,27.34742012597352
23.113705,274,3285.446404,synthetic_track_0,0.1713577824536497,28.11370544942535
23.209565,275,3287.180895,synthetic_track_0,0.17194206069393422,28.209564686821302
24.511773,284,3287.667704,synthetic_track_0,0.1798792420182242,29.511773286014197
24.14534,281,3288.074955,synthetic_track_0,0.1776457686510336,29.14533990040875
24.020387,282,3288.501969,synthetic_track_0,0.17688415791219902,29.020386719572002
24.269701,282,3288.905649,synthetic_track_0,0.17840377287431264,29.26970138056768
24.526552,284,3289.324916,synthetic_track_0,0.1799693223506417,29.526552258384807
25.247751,286,3289.766319,synthetic_track_0,0.18436515327354455,30.247751459275463
25.219444,286,3290.183848,synthetic_track_0,0.18419261554802757,30.219444167218796
25.356127,288,3291.963012,synthetic_track_0,0.18502572183813534,30.356127220143392
39.45256,557,3292.816814,synthetic_track_0,0.27094586142757837,44.45256020383052
47.689727,429,3293.472573,synthetic_track_0,0.3211527861200256,52.689727329325606
46.867252,425,3294.100953,synthetic_track_0,0.31613965784301507,51.86725163115776
24.290211,282,3294.581875,synthetic_track_0,0.17852878419593912,29.290211283437134
47.749598,428,3296.584615,synthetic_track_0,0.3215177075356968,52.74959792898829
25.191055,287,3297.01989,synthetic_track_0,0.18401957605270258,30.191054552618127
46.423558,419,3297.623881,synthetic_track_0,0.3134352687739374,51.423557760823854
25.33653,287,3298.083618,synthetic_track_0,0.18490627056492995,30.336529523077232
27.539833,300,3298.565803,synthetic_track_0,0.19833577720616055,32.53983297761851
25.138184,288,3299.067785,synthetic_track_0,0.1836973195738013,30.13818374863553
11.621675,212,3300.688809,synthetic_track_0,0.10131191761364373,16.621675243007115
25.780336,289,3301.132636,synthetic_track_0,0.18761134867722415,30.78033644084764
25.038225,286,3301.532577,synthetic_track_0,0.1830880544478786,30.0382250537602
47.398733,440,3302.165727,synthetic_track_0,0.3193791293625062,52.39873346295265
52.671913,629,3303.056608,synthetic_track_0,0.35152004813526294,57.67191283253047
46.143201,473,3305.132716,synthetic_track_0,0.31172644779476316,51.143201135134575
23.521738,277,3305.532964,synthetic_track_0,0.17384481101076085,28.521738205789042
24.585369,284,3305.995301,synthetic_track_0,0.18032781934392,29.58536883927898
45.423278,420,3306.587538,synthetic_track_0,0.3073383922802085,50.42327760166281
23.826728,279,3306.98561,synthetic_track_0,0.1757037755263145,28.826728035155828
25.924673,289,3307.403002,synthetic_track_0,0.18849110693104873,30.92467341848923
24.040019,280,3307.799839,synthetic_track_0,0.17700381814935529,29.040018700175683
22.596031,272,3309.601671,synthetic_track_0,0.16820246980136735,27.59603108858268
24.657999,284,3310.003552,synthetic_track_0,0.18077051071420536,29.657998717017808
24.574748,284,3310.454862,synthetic_track_0,0.1802630860464517,29.574748412055104
23.014636,275,3310.850012,synthetic_track_0,0.17075393714663606,28.014635953687733
46.721094,424,3311.534867,synthetic_track_0,0.31524880260263827,51.721094033484576
43.489618,406,3312.247695,synthetic_track_0,0.295552410923023,48.48961807617288
22.341187,270,3313.980017,synthetic_track_0,0.16664915321390567,27.341187191887084
24.940515,286,3314.406774,synthetic_track_0,0.18249249687737748,29.940515280235484
47.180633,425,3315.133791,synthetic_track_0,0.3180497687893774,52.18063276712268
47.302364,428,3315.805797,synthetic_track_0,0.31879174233803337,52.30236418485867
47.514955,426,3316.442808,synthetic_track_0,0.3200875191792439,52.5149549870992
46.906728,428,3318.447782,synthetic_track_0,0.3163802759144165,51.90672848180513
24.538287,284,3318.855695,synthetic_track_0,0.1800408490246593,29.5382872366059
46.659786,422,3319.522848,synthetic_track_0,0.3148751180714952,51.65978571886277
43.795696,407,3320.171309,synthetic_track_0,0.2974180092553204,48.795696278459
47.434691,426,3320.794711,synthetic_track_0,0.3195982937773464,52.43469053309902
46.571494,419,3321.38074,synthetic_track_0,0.3143369673746773,51.57149436750945
25.431659,289,3323.169024,synthetic_track_0,0.18548609910695524,30.43165872356206
44.057315,410,3323.770581,synthetic_track_0,0.29901261854125355,49.057314835432145
46.576833,423,3324.414753,synthetic_track_0,0.3143695045787687,51.576832563177454
41.175751,393,3324.987842,synthetic_track_0,0.281448997917368,46.17575060312812
26.404815,293,3325.411871,synthetic_track_0,0.19141764939959932,31.404814744829753
43.521887,425,3327.411948,synthetic_track_0,0.29574909350602446,48.52188667889614
28.593233,305,3327.851897,synthetic_track_0,0.2047564312652396,33.59323349684168
29.300179,746,3329.032663,synthetic_track_0,0.20906538242789968,34.300178825197285
46.961566,423,3329.704644,synthetic_track_0,0.3167145222152951,51.961566388294756
46.857336,423,3331.815945,synthetic_track_0,0.31607922278364603,51.85733639163032
43.84979,411,3332.416841,synthetic_track_0,0.2977477215699291,48.849790319378705
46.79225,427,3333.096445,synthetic_track_0,0.31568250732974884,51.79224952333405
47.160282,432,3333.715662,synthetic_track_0,0.3179257279917906,52.16028209266171
41.03042,389,3334.273569,synthetic_track_0,0.2805631861051107,46.03042045227747
45.803354,429,3336.231003,synthetic_track_0,0.30965502431772485,50.80335436155584
44.456897,410,3336.813588,synthetic_track_0,0.301448137492086,49.4568967010455
27.640002,299,3337.245791,synthetic_track_0,0.19894632437161452,32.640002009493074
26.488293,293,3337.71128,synthetic_track_0,0.19192646318480575,31.488292954462686
26.48298,293,3338.136957,synthetic_track_0,0.19189408082528508,31.482980163270565
45.83779,424,3338.71634,synthetic_track_0,0.3098649149007847,50.83778992639719
45.125012,419,3340.659869,synthetic_track_0,0.30552041042274874,50.125011565996495
25.716253,289,3341.056994,synthetic_track_0,0.1872207522657759,30.71625348935386
26.538133,294,3341.497238,synthetic_track_0,0.19223024931675087,31.53813343273472
44.317476,409,3342.147927,synthetic_track_0,0.300598343502837,49.31747579138883
43.990356,410,3342.729861,synthetic_track_0,0.29860449268902634,48.99035592740056
45.73647,420,3343.331602,synthetic_track_0,0.3092473506060387,50.73646963367417
33.846693,355,3345.187915,synthetic_track_0,0.23677715535611701,38.84669320248268
25.260995,290,3345.609906,synthetic_track_0,0.18444587362383608,30.26099479213946
46.971858,421,3346.207965,synthetic_track_0,0.3167772511047234,51.97185796359005
27.46994,301,3346.709696,synthetic_track_0,0.19790976614316846,32.469939743872935
46.784626,447,3347.366943,synthetic_track_0,0.315636040911358,51.784626039992794
46.077781,416,3349.420866,synthetic_track_0,0.3113277024456106,51.07778123336597
48.187228,432,3350.031395,synthetic_track_0,0.3241851346111645,53.187227653379736
47.467209,423,3350.630538,synthetic_track_0,0.31979649984255204,52.46720908495988
43.759632,408,3351.240594,synthetic_track_0,0.29719818899524275,48.75963160748141
46.938902,559,3352.051866,synthetic_track_0,0.3165763802419423,51.93890221341204
45.992708,428,3354.020586,synthetic_track_0,0.31080916868408237,50.99270832200794
30.222799,319,3354.510122,synthetic_track_0,0.21468890712540775,35.22279882336442
46.191222,431,3355.13297,synthetic_track_0,0.31201914596777,51.19122247448474
45.512311,425,3355.876017,synthetic_track_0,0.3078810661781243,50.51231104912367
43.134515,419,3356.535873,synthetic_track_0,0.2933879957446621,48.13451467833822
45.962832,420,3358.580659,synthetic_track_0,0.3106270704508435,50.96283249134047
46.71215,436,3359.23612,synthetic_track_0,0.31519428450725984,51.71214955688604
45.152582,422,3359.876011,synthetic_track_0,0.30568845667907524,50.1525819680208
44.341357,433,3360.643024,synthetic_track_0,0.3007439055286239,49.341357332448695
26.391845,294,3361.160128,synthetic_track_0,0.19133859588716884,31.391844880657903
44.864707,421,3363.27278,synthetic_track_0,0.303933812672543,49.86470741653032
25.313674,288,3363.728515,synthetic_track_0,0.18476696341959584,30.313674184995445
44.920881,419,3364.320017,synthetic_track_0,0.30427620000383654,49.92088097599037
47.366519,427,3364.996055,synthetic_track_0,0.3191827772366604,52.36651907647219
25.782957,291,3365.418834,synthetic_track_0,0.18762732434303842,30.782957478285393
25.597528,292,3365.8427,synthetic_track_0,0.186497097768396,30.597527575099026
46.043642,419,3367.831334,synthetic_track_0,0.31111961651520015,51.04364174771226
47.003226,562,3368.675961,synthetic_track_0,0.3169684465001287,52.00322631437484
44.604675,419,3369.303748,synthetic_track_0,0.3023488698410667,49.60467478025157
48.156756,520,3370.104698,synthetic_track_0,0.3239994071093345,53.15675638907216
46.436861,424,3372.088881,synthetic_track_0,0.3135163564263961,51.436861354883995
44.230452,416,3372.671757,synthetic_track_0,0.3000679207756607,49.23045232445322
25.876168,291,3373.081341,synthetic_track_0,0.18819545573179938,30.876167592769214
25.117796,289,3373.477558,synthetic_track_0,0.18357305522339573,30.117796397123723
25.029039,288,3373.911831,synthetic_track_0,0.18303206413414708,30.029039038595148
46.975377,421,3374.607782,synthetic_track_0,0.3167986980872974,51.97537664912758
47.155459,423,3376.57256,synthetic_track_0,0.31789632961946257,52.155458867428
45.745242,425,3377.171659,synthetic_track_0,0.3093008224408202,50.74524245619418
47.792123,429,3377.796481,synthetic_track_0,0.32177690646275425,52.7921232358857
25.185476,288,3378.200611,synthetic_track_0,0.1839855710008374,30.185475535439913
46.909592,423,3378.947212,synthetic_track_0,0.31639773039228053,51.90959213960006
25.897928,291,3380.78785,synthetic_track_0,0.18832808615257693,30.897927518288686
46.168305,425,3381.473891,synthetic_track_0,0.3118794592307621,51.168304858936736
46.681902,424,3382.085864,synthetic_track_0,0.31500991769109754,51.681901532605984
25.99725,291,3382.498164,synthetic_track_0,0.18893347525012796,30.997250295037663
44.589276,417,3383.199302,synthetic_track_0,0.3022550146871662,49.589276494198344
40.610129,388,3383.85297,synthetic_track_0,0.278001441522619,45.61012945879246
24.701393,284,3385.69042,synthetic_track_0,0.18103500476512974,29.701392765040254
24.921544,284,3386.102966,synthetic_track_0,0.1823768624238386,29.92154378725718
24.908349,286,3386.517676,synthetic_track_0,0.18229643694375314,29.908348832085746
25.031022,287,3386.924979,synthetic_track_0,0.18304415166191973,30.031022171141252
25.515645,289,3387.331341,synthetic_track_0,0.18599800831706248,30.515644782110034
45.160305,417,3387.967633,synthetic_track_0,0.3057355307835513,50.16030515099263
46.310586,423,3389.991545,synthetic_track_0,0.3127466847384442,51.31058565956391
46.09629,419,3390.67795,synthetic_track_0,0.3114405177338091,51.09629020177808
46.828083,424,3391.365782,synthetic_track_0,0.3159009160131326,51.82808260488031
46.728532,423,3392.039887,synthetic_track_0,0.31529413966884745,51.728532230379365
47.091685,420,3392.755751,synthetic_track_0,0.3175076163091072,52.09168486571578
46.088243,423,3394.77991,synthetic_track_0,0.311391466108766,51.08824257815381
47.187765,430,3395.515857,synthetic_track_0,0.3180932417014382,52.18776512275431
46.07905,421,3396.185052,synthetic_track_0,0.31133543452822005,51.079049792575134
47.909745,430,3396.8356,synthetic_track_0,0.3224938302140606,52.909744874572425
25.378317,289,3397.30989,synthetic_track_0,0.1851609738503538,30.37831725539306
43.989618,545,3399.375578,synthetic_track_0,0.2985999951862878,48.98961804747798
47.216955,423,3400.053044,synthetic_track_0,0.3182711616023932,52.21695543799658
46.660519,422,3400.705082,synthetic_track_0,0.3148795849340845,51.660518571828774
47.197615,430,3401.285903,synthetic_track_0,0.3181532755489359,52.19761453771159
46.320798,419,3401.927052,synthetic_track_0,0.312808929086605,51.32079773890474
46.610184,432,3403.815682,synthetic_track_0,0.3145727849882683,51.610183634103315
25.597901,289,3404.285651,synthetic_track_0,0.18649937494613075,30.597901178813867
44.973168,416,3404.874691,synthetic_track_0,0.3045948992802989,49.97316816982023
46.963107,438,3405.483036,synthetic_track_0,0.316723913305177,51.96310713147554
46.695939,428,3406.13968,synthetic_track_0,0.31509548084268724,51.69593939658083
45.602231,420,3408.424603,synthetic_track_0,0.3084291415406261,50.60223068443193
46.821076,425,3409.094855,synthetic_track_0,0.31585820971108236,51.82107602263186
46.913962,428,3409.744962,synthetic_track_0,0.3164243666521302,51.91396220060904
44.560932,580,3410.610585,synthetic_track_0,0.3020822472474222,49.56093151422331
46.430305,421,3412.597422,synthetic_track_0,0.31347639442429637,51.430305014459215
46.176936,423,3413.199048,synthetic_track_0,0.31193206867780604,51.17693619436179
46.781557,426,3413.878075,synthetic_track_0,0.31561733411134496,51.78155692076204
47.764573,529,3414.675612,synthetic_track_0,0.3216089856687062,52.7645734177502
46.368874,422,3415.281069,synthetic_track_0,0.313101964506761,51.36887440849366
46.964614,424,3417.271692,synthetic_track_0,0.3167330989603129,51.96461417013553
47.08258,429,3418.023078,synthetic_track_0,0.3174521227749421,52.082580354373924
47.240874,424,3418.691458,synthetic_track_0,0.31841695192395614,52.240874434257556
46.492768,418,3419.354001,synthetic_track_0,0.3138571178373911,51.49276815876573
46.551237,421,3419.975076,synthetic_track_0,0.31421349784150365,51.551237417180616
47.690895,442,3422.037759,synthetic_track_0,0.3211599046273251,52.69089522269229
47.489438,428,3422.709661,synthetic_track_0,0.31993198781579213,52.489437833004295
46.163179,417,3423.311124,synthetic_track_0,0.31184821894277015,51.16317944098265
47.031934,424,3423.90398,synthetic_track_0,0.3171434275963159,52.03193447648447
45.909821,416,3425.92403,synthetic_track_0,0.31030395656053744,50.90982101670179
46.664673,428,3426.555582,synthetic_track_0,0.3149049068073667,51.66467298884264
47.210666,422,3427.242302,synthetic_track_0,0.31823282393366753,52.21066559279237
46.583265,420,3427.93161,synthetic_track_0,0.3144087117298229,51.58326505944617
45.70882,416,3428.592988,synthetic_track_0,0.3090788222340446,50.70882013364989
46.731834,426,3430.572704,synthetic_track_0,0.3153142615852906,51.731833519786015
46.616239,418,3431.16404,synthetic_track_0,0.31460969646262826,51.616239491637195
46.560405,423,3431.842746,synthetic_track_0,0.31426937630231283,51.5604050812672
47.177055,422,3432.489959,synthetic_track_0,0.3180279628527878,52.17705519002316
46.621196,548,3433.275816,synthetic_track_0,0.3146399076159779,51.62119606527159
47.177223,428,3435.249283,synthetic_track_0,0.31802898536285085,52.17722294748548
47.493642,424,3435.849922,synthetic_track_0,0.31995761545828744,52.49364241584938
47.052196,426,3436.55615,synthetic_track_0,0.317266923843479,52.05219580962696
47.007111,423,3437.159975,synthetic_track_0,0.31699212362035123,52.00711088602543
46.990167,424,3437.767852,synthetic_track_0,0.3168888485436544,51.990167126337674
47.672334,423,3439.823009,synthetic_track_0,0.32104676851861774,52.67233361906771
46.256202,419,3440.445912,synthetic_track_0,0.31241520813042706,51.25620216096974
47.06947,421,3441.123397,synthetic_track_0,0.31737221532856696,52.06947039007326
46.500338,416,3441.739981,synthetic_track_0,0.31390325694761007,51.50033794250021
46.853893,418,3442.322879,synthetic_track_0,0.3160582373287634,51.853893426339546
46.619411,418,3444.248752,synthetic_track_0,0.3146290244922652,51.619410532510564
47.547399,425,3444.849241,synthetic_track_0,0.3202852715409515,52.547399102384595
26.15011,292,3445.30941,synthetic_track_0,0.18986517867410707,31.150109623939485
46.403534,421,3445.961378,synthetic_track_0,0.3133132190706246,51.40353375397693
25.531078,289,3446.373972,synthetic_track_0,0.18609207604222874,30.53107794353261
25.141715,285,3448.154904,synthetic_track_0,0.1837188453287511,30.14171535791274
26.116672,290,3448.579993,synthetic_track_0,0.18966136805237752,31.11667156408178
45.98039,421,3449.223918,synthetic_track_0,0.3107340863480498,50.98038998636278
41.873508,392,3449.811384,synthetic_track_0,0.2857019497206898,46.87350843225697
45.594539,420,3450.469515,synthetic_track_0,0.30838225999146557,50.59453909292532
46.3123,423,3451.061452,synthetic_track_0,0.31275713333549077,51.31229990198419
45.840952,420,3453.011496,synthetic_track_0,0.3098841861336579,50.84095164894569
25.117034,286,3453.411383,synthetic_track_0,0.18356841132869575,30.117034499497226
24.77366,284,3453.817004,synthetic_track_0,0.1814754861192169,29.773660057878967
25.523908,288,3454.242521,synthetic_track_0,0.18604837115757228,30.523907529464807
44.283941,408,3454.863807,synthetic_track_0,0.30039394493031896,49.283941269759445
25.721025,289,3455.271891,synthetic_track_0,0.18724983706370807,30.721025268204016
45.330316,414,3457.226633,synthetic_track_0,0.30677177269261385,50.33031551987456
45.128293,412,3457.820523,synthetic_track_0,0.30554041314256436,50.12829329948435
47.349513,422,3458.418713,synthetic_track_0,0.3190791243786217,52.34951333632916
26.285499,291,3458.836759,synthetic_track_0,0.19069039880389557,31.285498838993583
45.728498,585,3459.720527,synthetic_track_0,0.30919876171486826,50.72849792818802
25.065994,285,3461.504609,synthetic_track_0,0.18325730809967622,30.065993546353553
46.603989,422,3462.10809,synthetic_track_0,0.31453502682733314,51.60398886547569
25.278635,287,3462.509634,synthetic_track_0,0.18455339384339062,30.278635028486658
46.443468,417,3463.108905,synthetic_track_0,0.3135566250534304,51.44346800153339
47.095207,423,3463.744928,synthetic_track_0,0.3175290838541256,52.09520692481766
46.961006,420,3465.656151,synthetic_track_0,0.3167111073631935,51.96100613275945
45.820732,418,3466.286999,synthetic_track_0,0.3097609446507443,50.82073211353754
26.054603,290,3466.721517,synthetic_track_0,0.18928304704761578,31.05460256936846
22.041841,790,3467.856128,synthetic_track_0,0.1648245881336811,27.041841083970358
46.657369,418,3469.785109,synthetic_track_0,0.31486038900290847,51.65736920360526
45.711272,414,3470.372972,synthetic_track_0,0.30909376835216307,50.71127225900059
46.694633,413,3471.069617,synthetic_track_0,0.31508752051681393,51.694633390785945
45.801167,415,3471.668828,synthetic_track_0,0.30964169157777105,50.801166934066245
26.41329,291,3472.106721,synthetic_track_0,0.1914693087113303,31.413290196909774
45.192708,537,3474.218732,synthetic_track_0,0.3059330337777145,50.192708353950664
46.404198,422,3474.835914,synthetic_track_0,0.31331726983811664,51.40419834056579
46.684299,423,3475.51683,synthetic_track_0,0.3150245287665851,51.68429868940081
44.935007,413,3476.119068,synthetic_track_0,0.3043623032780858,49.93500745484539
46.957044,493,3476.847092,synthetic_track_0,0.3166869580605483,51.957044092800395
45.879708,420,3478.869068,synthetic_track_0,0.3101204127647298,50.87970802073208
25.694077,289,3479.287721,synthetic_track_0,0.1870855838073889,30.694077162310343
46.023289,418,3479.925055,synthetic_track_0,0.31099556583486715,51.02328945184483
46.698357,423,3480.495859,synthetic_track_0,0.3151102153002449,51.69835679597643
45.597109,413,3481.118844,synthetic_track_0,0.30839792418096396,50.59710902819966
45.892708,517,3483.663412,synthetic_track_0,0.3101996517332299,50.89270831163588
11.237083,212,3484.016077,synthetic_track_0,0.09896776553223402,16.237083424638808
47.275674,427,3484.683942,synthetic_track_0,0.31862905970829514,52.27567376281475
46.862472,418,3485.357108,synthetic_track_0,0.31611052341067136,51.86247170906949
46.22455,421,3486.009609,synthetic_track_0,0.3122222817412623,51.22454981579619
46.973986,423,3488.15582,synthetic_track_0,0.31679022392125783,51.97398634047306
46.531297,419,3488.767187,synthetic_track_0,0.3140919596110663,51.531297324805266
45.620775,425,3489.476035,synthetic_track_0,0.3085421717669582,50.62077491653204
17.438507,252,3489.8416,synthetic_track_0,0.13676649049054013,22.43850716288716
47.455046,425,3490.448625,synthetic_track_0,0.3197223614306329,52.455045613623255
46.745664,424,3491.071573,synthetic_track_0,0.31539856345397455,51.74566445218419
44.717057,412,3493.149981,synthetic_track_0,0.303033859159666,49.717057116573606
24.777011,283,3493.552985,synthetic_track_0,0.18149590917411926,29.777010753375144
25.552592,292,3494.010892,synthetic_track_0,0.18622320516087115,30.55259155887338
44.843631,410,3494.586266,synthetic_track_0,0.30380535103757683,49.84363144020012
47.029801,422,3495.148737,synthetic_track_0,0.31713042563840854,52.02980131854066
47.200459,421,3496.908869,synthetic_track_0,0.31817061004910585,52.20045851144253
46.933282,419,3497.450563,synthetic_track_0,0.3165421238982474,51.933281968199815
47.051342,417,3498.061083,synthetic_track_0,0.3172617199045474,52.05134202870026
47.226119,424,3498.742954,synthetic_track_0,0.3183270159934127,52.22611915308844
45.694444,420,3499.30704,synthetic_track_0,0.30899119728464713,50.69444400213075
46.931186,423,3501.037939,synthetic_track_0,0.3165293488713735,51.9311860415515
24.498857,281,3501.439622,synthetic_track_0,0.17980051321822643,29.49885669558083
46.777582,423,3502.000005,synthetic_track_0,0.31559310440367705,51.77758168920414
24.966864,286,3502.371856,synthetic_track_0,0.1826530941325287,29.966863566625854
43.215343,398,3502.962108,synthetic_track_0,0.2938806578903211,48.21534297951494
45.950217,418,3503.549647,synthetic_track_0,0.31055017821545955,50.95021721571086
47.455402,425,3505.432952,synthetic_track_0,0.3197245335857186,52.45540198686407
46.462447,421,3505.987939,synthetic_track_0,0.31367230312815936,51.46244665119447
27.519519,298,3506.383666,synthetic_track_0,0.19821196012059325,32.51951900632755
46.978725,420,3506.920993,synthetic_track_0,0.3168191058366852,51.978724833534265
47.433591,424,3507.480921,synthetic_track_0,0.3195915890031791,52.43359051859518
46.775107,423,3509.296432,synthetic_track_0,0.31557802015227004,51.77510690110343
47.412237,424,3509.946692,synthetic_track_0,0.31946143583078596,52.41223702125427
25.411142,288,3510.398988,synthetic_track_0,0.18536104759978678,30.41114222767725
46.372808,421,3510.96766,synthetic_track_0,0.31312593893042867,51.37280775704464
47.133109,421,3511.553008,synthetic_track_0,0.31776010620624,52.13310945989123
45.424995,420,3513.343092,synthetic_track_0,0.3073488626395651,50.42499541450263
28.488844,303,3513.736091,synthetic_track_0,0.20412015875531947,33.4888438527104
46.025994,423,3514.379939,synthetic_track_0,0.3110120484013045,51.02599365361048
47.164367,425,3515.002043,synthetic_track_0,0.3179506247320917,52.164366760503775
46.966587,545,3515.674653,synthetic_track_0,0.316745123471593,51.966586963920925
24.363177,280,3517.278026,synthetic_track_0,0.17897352057174265,29.363176673703943
24.869952,285,3517.673077,synthetic_track_0,0.18206240242286276,29.869952107460247
24.370554,281,3518.024978,synthetic_track_0,0.17901848937708661,29.370554452114416
46.04563,426,3518.56767,synthetic_track_0,0.31113173794559534,51.04563044247054
26.03815,289,3518.987281,synthetic_track_0,0.18918276328816722,31.038149578240024
45.551419,421,3519.59662,synthetic_track_0,0.30811943744282433,50.55141927886046
24.615623,282,3521.1969,synthetic_track_0,0.18051222209826392,29.61562275973392
26.152709,290,3521.605998,synthetic_track_0,0.18988102379857275,31.152709244194014
24.541834,281,3521.936051,synthetic_track_0,0.1800624666568485,29.541833919663876
24.669461,283,3522.300632,synthetic_track_0,0.18084037737582556,29.66946134636209
24.92363,284,3522.647118,synthetic_track_0,0.182389575904504,29.923629616365993
24.657756,283,3522.989111,synthetic_track_0,0.180769030746991,29.657755907139297
24.769663,283,3523.364678,synthetic_track_0,0.18145112184393114,29.769662748570543
24.823283,283,3524.96714,synthetic_track_0,0.18177794809169492,29.823283288771318
23.954233,277,3525.340979,synthetic_track_0,0.176480942060936,28.954233367721677
20.226407,254,3525.737924,synthetic_track_0,0.15375921212735738,25.226407216453605
24.45236,281,3526.140971,synthetic_track_0,0.17951710951215305,29.45236024702894
24.868871,282,3526.564087,synthetic_track_0,0.1820558148141243,29.868871315627874
23.797087,275,3526.908009,synthetic_track_0,0.1755231084248476,28.797087002211114
25.264437,285,3527.283706,synthetic_track_0,0.18446685671902072,30.26443737028789
24.805821,283,3527.643053,synthetic_track_0,0.1816715103455843,29.80582064774033
23.990432,276,3529.234872,synthetic_track_0,0.17670157832818176,28.990431916395625
22.209304,266,3529.564104,synthetic_track_0,0.16584530212015922,27.2093038741224
23.955465,279,3529.947616,synthetic_track_0,0.1764884486734586,28.955464935324628
24.225512,280,3530.430002,synthetic_track_0,0.17813443408365184,29.225512483405737
24.617364,282,3530.819585,synthetic_track_0,0.18052283700636915,29.61736428787212
24.982288,282,3531.187959,synthetic_track_0,0.18274710985756315,29.98228819667992
23.992021,277,3531.571834,synthetic_track_0,0.17671126243656943,28.99202073347094
24.412795,278,3533.158974,synthetic_track_0,0.17927595062570087,29.412794667904674
24.972904,282,3533.553955,synthetic_track_0,0.18268991018434444,29.97290376872078
22.495265,268,3533.891431,synthetic_track_0,0.16758828328232792,27.49526496847983
25.22263,286,3534.274912,synthetic_track_0,0.18421203091942706,30.222629537762813
23.659642,275,3534.715925,synthetic_track_0,0.17468535930040524,28.659642225628193
24.130733,277,3535.122907,synthetic_track_0,0.17755673559619561,29.13073274896726
23.263788,272,3535.506068,synthetic_track_0,0.1722725615885421,28.26378810561636
24.461891,278,3537.242959,synthetic_track_0,0.17957520092636853,29.46189097790681
22.922573,271,3537.639178,synthetic_track_0,0.17019279738705684,27.922572916393012
23.938013,278,3538.042882,synthetic_track_0,0.1763820780886525,28.93801331307029
24.167164,279,3538.411716,synthetic_track_0,0.17777878896384147,29.167163793315876
23.493029,275,3538.824051,synthetic_track_0,0.17366982650726484,28.493029484661474
23.767286,275,3539.276366,synthetic_track_0,0.17534146739133102,28.767286181724913
24.065458,279,3539.672852,synthetic_track_0,0.1771588772951042,29.065458380173897
23.664631,275,3540.038911,synthetic_track_0,0.17471576532514976,28.664630770713888
23.037328,272,3541.759789,synthetic_track_0,0.1708922492727668,28.0373280445776
23.572167,275,3542.111736,synthetic_track_0,0.17415218507843172,28.572167336450956
23.11011,272,3542.479126,synthetic_track_0,0.17133586696789696,28.11010989921216
22.576804,268,3542.833991,synthetic_track_0,0.16808527988000538,27.576804398766573
23.996684,277,3543.172128,synthetic_track_0,0.17673968539623378,28.996683928247172
23.441715,273,3543.599974,synthetic_track_0,0.17335705543053795,28.441714897145857
23.387182,274,3544.040935,synthetic_track_0,0.1730246675237342,28.387181886896617
23.5345,274,3545.567054,synthetic_track_0,0.17392259607573562,28.534499962936877
23.329921,273,3545.887988,synthetic_track_0,0.17267565065549106,28.329920656678944
21.738793,264,3546.277788,synthetic_track_0,0.1629774590671751,26.738793030014197
23.770588,276,3546.654649,synthetic_track_0,0.17536159405217827,28.770588249519196
22.921011,271,3546.97217,synthetic_track_0,0.17018327450589538,27.921010550959885
23.698398,277,3547.330666,synthetic_track_0,0.1749215836671174,28.69839822591385
22.946298,271,3547.689934,synthetic_track_0,0.17033740639871786,27.94629810179724
23.374571,275,3548.076957,synthetic_track_0,0.17294780224692174,28.374571034207868
22.640792,270,3549.672943,synthetic_track_0,0.16847529531685404,27.640792033032664
23.54331,275,3550.092901,synthetic_track_0,0.17397629230902487,28.543309601255146
23.458256,274,3550.475939,synthetic_track_0,0.1734578761844439,28.458255989927956
25.058286,282,3550.914121,synthetic_track_0,0.18321032690878714,30.058285607190207
23.64942,275,3551.288616,synthetic_track_0,0.17462305597536693,28.64942047028352
24.369314,280,3551.766117,synthetic_track_0,0.17901092986796766,29.36931420606507
22.296824,267,3552.119924,synthetic_track_0,0.16637875224825327,27.296824029661593
20.868394,257,3553.652977,synthetic_track_0,0.15767222933290942,25.86839389228597
21.108202,260,3553.975122,synthetic_track_0,0.15913389814647952,26.108201655323725
22.948415,271,3554.320539,synthetic_track_0,0.17035031138652068,27.9484153504026
22.976432,272,3554.671542,synthetic_track_0,0.17052108034897745,27.976432451474224
21.936264,264,3554.999981,synthetic_track_0,0.16418107496406006,26.936263505616452
23.420295,274,3555.398093,synthetic_track_0,0.17322649453045766,28.420294506221612
21.041022,259,3555.714076,synthetic_track_0,0.15872442507194592,26.041021716122415
23.92774,276,3556.028073,synthetic_track_0,0.1763194633678477,28.9277404687775
18.434842,243,3557.55915,synthetic_track_0,0.14283931867216315,23.434841851037664
18.327393,242,3557.856138,synthetic_track_0,0.1421844011586159,23.327393226260334
22.957407,271,3558.217852,synthetic_track_0,0.17040511749886522,27.95740708032125
21.075313,259,3558.584048,synthetic_track_0,0.15893343661880113,26.07531306244866
21.792438,263,3558.917972,synthetic_track_0,0.1633044362923803,26.792438340232753
18.596172,242,3559.234068,synthetic_track_0,0.14382265355058407,23.596172061631105
22.223328,266,3559.554023,synthetic_track_0,0.16593077880843363,27.223327552548497
20.659893,256,3560.058749,synthetic_track_0,0.15640138077636262,25.65989293319327
20.714518,256,3561.502883,synthetic_track_0,0.1567343311354324,25.714518221815336
21.349674,260,3561.841986,synthetic_track_0,0.1606057144541281,26.349674260515066
22.299266,267,3562.254066,synthetic_track_0,0.16639363808792543,27.29926626546739
21.253095,262,3562.585756,synthetic_track_0,0.1600170497713539,26.25309536422554
16.146385,228,3562.87807,synthetic_track_0,0.1288907849770219,21.146384553437795
20.282394,254,3563.185974,synthetic_track_0,0.1541004638562802,25.282394464033906
23.140343,273,3563.52501,synthetic_track_0,0.17152014301475788,28.140343031484594
18.400158,242,3563.85673,synthetic_track_0,0.14262791728156723,23.400158416520064
20.719669,257,3565.408707,synthetic_track_0,0.15676572856068188,25.71966942039351
20.62091,256,3565.768934,synthetic_track_0,0.15616377153671634,25.620909724611632
22.278304,267,3566.149071,synthetic_track_0,0.16626586770862675,27.27830369955804
24.143365,278,3566.854026,synthetic_track_0,0.17763373185082335,29.143365090447862
22.926392,270,3567.204693,synthetic_track_0,0.17021607538115502,27.926392005670188
23.901879,277,3567.571532,synthetic_track_0,0.1761618320705587,28.90187879037493
24.166241,279,3567.964309,synthetic_track_0,0.17777316717799183,29.166241458600673
21.080521,259,3568.301973,synthetic_track_0,0.1589651783749924,26.080520753463517
21.788469,263,3570.034248,synthetic_track_0,0.1632802422949214,26.788468967447553
20.333808,254,3570.348866,synthetic_track_0,0.15441383553888238,25.333807589569954
21.7542,264,3570.692977,synthetic_track_0,0.16307136652619822,26.754199897474066
23.623302,275,3571.057869,synthetic_track_0,0.17446386135171515,28.623302305736843
22.057904,265,3571.433733,synthetic_track_0,0.16492249697942118,27.05790443639367
18.591999,243,3571.759557,synthetic_track_0,0.14379721864352035,23.59199909980186
23.30786,274,3572.097649,synthetic_track_0,0.172541187610891,28.307860062899135
21.441673,261,3572.44705,synthetic_track_0,0.16116646208117533,26.441672962835653
22.35975,267,3573.923168,synthetic_track_0,0.16676229894619765,27.359750374398953
21.379678,260,3574.273026,synthetic_track_0,0.160788594706211,26.379678392606156
22.292869,266,3574.577141,synthetic_track_0,0.16635464680255446,27.292869185064518
20.491745,255,3574.908955,synthetic_track_0,0.1553764912316068,25.49174508273159
22.093142,265,3575.227857,synthetic_track_0,0.1651372757625378,27.093141980664296
22.309667,267,3575.583025,synthetic_track_0,0.16645702928669298,27.309666502122642
25.057738,282,3576.030616,synthetic_track_0,0.1832069889707642,30.057737970514232
25.978055,287,3577.524049,synthetic_track_0,0.18881647490614106,30.978054708112865
29.386943,307,3577.957548,synthetic_track_0,0.20959422616605553,34.38694323630484
21.771432,263,3578.289967,synthetic_track_0,0.16317640006435905,26.771432158022037
24.482515,280,3578.629501,synthetic_track_0,0.17970090958348126,29.482515288678723
22.273369,266,3578.945766,synthetic_track_0,0.1662357915154487,27.273369268078245
16.363923,229,3579.25693,synthetic_track_0,0.1302167194965886,21.36392315597198
24.043782,279,3579.645912,synthetic_track_0,0.1770267551286524,29.0437818410767
21.079446,259,3579.987079,synthetic_track_0,0.15895862521015347,26.079445612647582
21.302722,260,3581.615013,synthetic_track_0,0.16031953426536796,26.302722290099364
21.244178,260,3581.941328,synthetic_track_0,0.15996269972281518,26.24417845812475
24.988593,282,3582.334151,synthetic_track_0,0.18278553694943334,29.98859271303539
24.462483,280,3582.756781,synthetic_track_0,0.17957880832781373,29.462482823927548
21.629172,262,3583.099607,synthetic_track_0,0.1623092999441157,26.629171929005146
24.194135,279,3583.467771,synthetic_track_0,0.17794318317953361,29.194135025619307
19.732503,250,3583.795537,synthetic_track_0,0.15074878313866857,24.73250310160956
21.930329,264,3585.424646,synthetic_track_0,0.1641449032117402,26.930329010107997
24.374061,279,3585.771808,synthetic_track_0,0.17903986382950138,29.37406123803757
22.307127,266,3586.115163,synthetic_track_0,0.16644155038332595,27.307126965699435
25.726845,285,3586.485675,synthetic_track_0,0.18728530794828108,30.72684477629193
21.783488,263,3586.855041,synthetic_track_0,0.16324988373924681,26.783488210344583
25.832583,286,3587.237038,synthetic_track_0,0.18792980149730693,30.832583199968532
21.653639,262,3587.587004,synthetic_track_0,0.16245843196722007,26.65363917940136
22.079444,265,3587.939035,synthetic_track_0,0.16505378539605375,27.07944418685775
24.349078,278,3589.54872,synthetic_track_0,0.1788875897824711,29.349078493486942
22.158377,265,3589.913163,synthetic_track_0,0.16553489120410597,27.158376504864645
20.343386,254,3590.270857,synthetic_track_0,0.15447221649653378,25.343385824207243
25.501377,283,3590.715704,synthetic_track_0,0.18591104554908175,30.501377290963326
22.3785,267,3591.158012,synthetic_track_0,0.16687658079557674,27.378499953237185
30.341153,312,3591.586946,synthetic_track_0,0.21541029468161982,35.34115281336025
25.331305,285,3592.038716,synthetic_track_0,0.18487442827150447,30.331305337485077
24.837191,281,3593.698843,synthetic_track_0,0.18186272055585298,29.837191429116253
24.785964,281,3594.1129,synthetic_track_0,0.18155047878115263,29.78596368120054
37.353413,354,3594.641887,synthetic_track_0,0.2581512034910636,42.35341279772642
25.0431,282,3595.008698,synthetic_track_0,0.18311776730742463,30.04309987513905
37.072018,351,3595.468639,synthetic_track_0,0.2564360565413635,42.072018305711495
21.877501,263,3595.790515,synthetic_track_0,0.1638229084195798,26.87750113959389
28.734197,303,3596.198109,synthetic_track_0,0.20561563031589414,33.73419744190826
24.257292,277,3597.815887,synthetic_track_0,0.1783281367479084,29.257292187657868
27.709459,296,3598.85083,synthetic_track_0,0.199369674482354,32.70945867580194
28.834647,303,3599.271593,synthetic_track_0,0.20622788576162082,33.83464674169785
22.243655,266,3599.657043,synthetic_track_0,0.16605468046936225,27.243655399642247
27.226101,293,3600.08697,synthetic_track_0,0.1964235270503835,32.22610087362332
38.165979,358,3600.591555,synthetic_track_0,0.2631039301749913,43.165978746991755
37.859908,357,3601.135516,synthetic_track_0,0.2612383770610032,42.85990796341876
36.416311,348,3602.854045,synthetic_track_0,0.2524394077193427,41.4163106619838
35.677302,342,3603.349653,synthetic_track_0,0.24793502465991776,40.67730192394585
22.329941,266,3603.679577,synthetic_track_0,0.16658060840934455,27.32994143217937
28.798349,302,3604.071618,synthetic_track_0,0.20600664660271478,33.79834927998761
22.584915,268,3604.418117,synthetic_track_0,0.16813471467799665,27.58491488741657
22.033354,265,3604.764895,synthetic_track_0,0.16477285875961575,27.033354137158067
22.881504,270,3605.106142,synthetic_track_0,0.16994247732099338,27.8815043141701
23.645977,274,3606.629207,synthetic_track_0,0.17460206763079725,28.645977030898074
36.694932,348,3607.061301,synthetic_track_0,0.25413765105714536,41.69493187367781
24.222183,277,3607.407335,synthetic_track_0,0.17811413776286164,29.222182580460963
21.238835,263,3607.774084,synthetic_track_0,0.15993013234151593,26.238835311452352
20.967088,259,3608.103092,synthetic_track_0,0.1582737891429349,25.967088419415738
24.919113,284,3608.458602,synthetic_track_0,0.18236204763764166,29.91911320879454
35.644339,341,3608.875064,synthetic_track_0,0.24773410793837466,40.64433864997926
38.391429,359,3610.505733,synthetic_track_0,0.26447809053175336,43.39142949079288
22.950391,271,3610.8398,synthetic_track_0,0.17036235547303288,27.95039135578597
32.460686,324,3611.218075,synthetic_track_0,0.22832921014151356,37.46068645090438
35.959814,343,3611.672845,synthetic_track_0,0.249656982338151,40.95981381380017
25.462048,286,3612.094486,synthetic_track_0,0.1856713245660211,30.462047620543267
28.449362,301,3612.518978,synthetic_track_0,0.20387951198922402,33.449362294286324
39.954364,370,3614.24471,synthetic_track_0,0.2740044429432888,44.95436443235454
29.719039,309,3614.691053,synthetic_track_0,0.21161840500074594,34.71903884772441
38.670899,361,3615.141569,synthetic_track_0,0.26618150380985284,43.670898905449214
38.24376,358,3615.638689,synthetic_track_0,0.2635780225328077,43.24376040775222
38.128796,357,3616.075797,synthetic_track_0,0.2628772924771528,43.128795577429614
22.274035,266,3616.417318,synthetic_track_0,0.1662398464714242,27.274034541847975
29.705796,307,3618.079994,synthetic_track_0,0.2115376845747281,34.70579550243642
26.302007,292,3618.507978,synthetic_track_0,0.19079101757222328,31.302006793140425
38.894319,363,3619.057945,synthetic_track_0,0.2675432847700729,43.89431863144046
40.512994,373,3619.57933,synthetic_track_0,0.2774093822583599,45.512993632653455
39.620883,366,3620.069995,synthetic_track_0,0.27197182021483896,44.620883478882796
39.665937,366,3620.525086,synthetic_track_0,0.27224642651760356,44.66593658706344
40.176486,370,3622.235738,synthetic_track_0,0.27535830971592445,45.176485722199885
39.951477,367,3622.670913,synthetic_track_0,0.27398684472754764,44.95147719229635
40.256895,371,3623.187393,synthetic_track_0,0.27584841971846663,45.25689530764147
39.466193,365,3623.710996,synthetic_track_0,0.2710289584103802,44.46619345739377
38.812655,360,3624.154116,synthetic_track_0,0.26704553390993185,43.81265545356298
39.761539,367,3624.613008,synthetic_track_0,0.2728291388699303,44.76153891804883
36.746576,347,3626.337943,synthetic_track_0,0.25445243141589613,41.74657611276906
6.772466,172,3626.540919,synthetic_track_0,0.07175516653688063,11.772465700750896
39.422766,366,3626.994399,synthetic_track_0,0.2707642630283747,44.42276637811572
37.996885,354,3627.462181,synthetic_track_0,0.26207327506523515,42.996884972780094
40.20175,370,3627.966602,synthetic_track_0,0.27551230131606863,45.201750256008324
38.764606,359,3628.447931,synthetic_track_0,0.26675266328703384,43.76460582133124
39.607334,366,3630.059006,synthetic_track_0,0.27188923204945525,44.60733370412521
21.00746,258,3630.470751,synthetic_track_0,0.15851986057632056,26.007459972424094
22.532585,268,3630.847132,synthetic_track_0,0.16781575740032234,27.532585364782186
39.969606,369,3631.325406,synthetic_track_0,0.27409734104865774,44.96960570084993
38.527213,358,3631.796816,synthetic_track_0,0.26530571246149737,43.5272127556271
42.298439,383,3632.313109,synthetic_track_0,0.2882919735845173,47.29843904802474
22.568723,268,3633.99207,synthetic_track_0,0.16803602273912974,27.568723057318117
23.300719,272,3634.427038,synthetic_track_0,0.17249765995190286,28.30071872524774
40.111113,370,3634.983819,synthetic_track_0,0.27495985268125644,45.11111312256358
39.056776,362,3635.469468,synthetic_track_0,0.2685334911090905,44.05677620384063
38.809849,360,3636.017132,synthetic_track_0,0.2670284305217547,43.80984939707395
24.918839,282,3636.38155,synthetic_track_0,0.18236037372277286,29.91883857901762
39.202164,362,3638.192991,synthetic_track_0,0.2694196519136658,44.202163611893674
40.507694,372,3638.705005,synthetic_track_0,0.2773770813480649,45.50769420437666
39.855656,367,3639.191514,synthetic_track_0,0.2734028004441736,44.855656338891926
39.001984,362,3639.733091,synthetic_track_0,0.2681995260640625,44.001984441413015
39.979549,369,3640.197623,synthetic_track_0,0.2741579485640321,44.97954923426206
38.611029,359,3640.621498,synthetic_track_0,0.26581658744386966,43.61102913426038
45.581533,415,3642.337897,synthetic_track_0,0.30830298329758987,50.58153261263179
43.779211,401,3642.83863,synthetic_track_0,0.2973175304976399,48.77921129506983
25.144699,282,3643.216109,synthetic_track_0,0.18373703364676733,30.144699412724883
39.043352,362,3643.664196,synthetic_track_0,0.268451670049741,44.04335228384601
21.047879,259,3644.03472,synthetic_track_0,0.15876621933587592,26.047878665417503
45.934741,416,3644.5818,synthetic_track_0,0.31045585062707626,50.93474141999508
45.201361,419,3646.571586,synthetic_track_0,0.30598577158024454,50.201360747936796
41.743113,380,3647.106152,synthetic_track_0,0.28490716855149034,46.743113165886925
44.94678,406,3647.655153,synthetic_track_0,0.3044340577821249,49.946779811853865
40.872122,374,3648.158613,synthetic_track_0,0.2795983301471773,45.87212197400555
40.770243,374,3648.70607,synthetic_track_0,0.2789773611506642,45.77024309105539
46.947511,413,3650.439946,synthetic_track_0,0.3166288512589808,51.94751083740641
22.393598,266,3650.848087,synthetic_track_0,0.16696860390452964,27.393597666002822
21.080774,258,3651.183021,synthetic_track_0,0.15896672490185826,26.08077448340886
41.958106,382,3651.683981,synthetic_track_0,0.2862175885879052,46.958106394623165
40.650072,372,3652.227105,synthetic_track_0,0.27824489802801133,45.650071995304906
45.5588,412,3652.747061,synthetic_track_0,0.3081644257460287,50.55880025617498
41.635413,378,3654.659527,synthetic_track_0,0.28425071816416925,46.6354130511501
41.425796,378,3655.218604,synthetic_track_0,0.2829730690243159,46.42579635868815
22.244306,266,3655.655836,synthetic_track_0,0.1660586466612067,27.244306110381345
41.256631,377,3656.184045,synthetic_track_0,0.28194197488331385,46.256630555094716
41.883679,380,3656.709783,synthetic_track_0,0.28576394138241806,46.88367905475916
42.323612,381,3657.212851,synthetic_track_0,0.28844541000938795,47.32361249735549
40.050373,369,3659.011428,synthetic_track_0,0.2745896337934484,45.05037339650845
41.346942,378,3659.555177,synthetic_track_0,0.2824924386394289,46.346942040680084
39.876062,368,3660.109013,synthetic_track_0,0.27352717455826364,44.876061698712725
42.320606,385,3660.659553,synthetic_track_0,0.28842708308008924,47.32060570137156
20.982692,258,3660.983743,synthetic_track_0,0.1583688961775586,25.982692094482562
40.978209,376,3662.80956,synthetic_track_0,0.2802449488411999,45.978209058242655
39.230787,364,3663.307331,synthetic_track_0,0.26959411843154335,44.230787350040636
40.741182,375,3663.755001,synthetic_track_0,0.27880023026121326,45.74118222448305
41.886327,382,3664.231458,synthetic_track_0,0.2857800830017579,46.886327319256395
45.563314,413,3664.861217,synthetic_track_0,0.30819193546164847,50.563313620148634
40.844231,376,3665.322839,synthetic_track_0,0.2794283273069338,45.84423056628694
40.276,372,3667.101578,synthetic_track_0,0.2759648649986715,45.275999828380364
39.954858,370,3667.569349,synthetic_track_0,0.274007451719933,44.95485806537854
46.764493,417,3668.14694,synthetic_track_0,0.3155133267714065,51.76449302277188
39.653761,367,3668.720942,synthetic_track_0,0.272172215793576,44.65376125188679
40.653254,374,3669.23791,synthetic_track_0,0.2782642952110649,45.65325438178953
40.144197,371,3670.839603,synthetic_track_0,0.27516150650553356,45.1441973288208
24.036586,277,3671.220576,synthetic_track_0,0.1769828972645977,29.03658632854135
38.301811,636,3672.22099,synthetic_track_0,0.26393184823402777,43.30181059608975
43.017819,390,3672.706838,synthetic_track_0,0.29267671890224767,48.01781949616261
40.36556,372,3673.184123,synthetic_track_0,0.2765107482918433,45.36555982323
36.742052,348,3674.990718,synthetic_track_0,0.25442485702818846,41.74205213841049
30.436638,314,3675.44305,synthetic_track_0,0.21599229394226993,35.436638151413845
24.714951,286,3675.919713,synthetic_track_0,0.18111764460643714,29.71495101797535
41.774057,381,3676.424102,synthetic_track_0,0.28509577659150664,46.77405702385758
40.740266,374,3676.953196,synthetic_track_0,0.2787946454247933,45.7402659518525
44.725012,408,3677.58409,synthetic_track_0,0.3030823427986669,49.72501155392959
45.58652,412,3679.399882,synthetic_track_0,0.3083333852914813,50.586520496398144
34.027834,331,3679.853033,synthetic_track_0,0.237881237939048,39.027833808318654
36.623313,348,3680.364967,synthetic_track_0,0.2537011217084146,41.62331296408106
40.870003,375,3680.843964,synthetic_track_0,0.27958541414937726,45.87000291905201
20.127977,253,3681.216201,synthetic_track_0,0.15315926142182898,25.127976686028397
42.036466,384,3681.668963,synthetic_track_0,0.2866952047238011,47.03646618179013
37.50863,353,3683.316973,synthetic_track_0,0.2590972799309882,42.508630226335924
38.956844,362,3683.755869,synthetic_track_0,0.26792438723888734,43.956843965282225
24.613211,280,3684.105119,synthetic_track_0,0.1804975197243798,29.6132106241258
39.24089,365,3684.533127,synthetic_track_0,0.26965569596000694,44.240890028032496
38.475264,361,3685.044772,synthetic_track_0,0.2649890788708286,43.47526446722144
39.607053,367,3685.522761,synthetic_track_0,0.27188752305153707,44.607053318470136
37.243708,352,3687.144031,synthetic_track_0,0.257482531703244,42.243707586699976
33.900654,332,3687.576052,synthetic_track_0,0.23710605252349398,38.90065350679094
21.036828,258,3687.922751,synthetic_track_0,0.1586988639822543,26.036828052220685
38.825592,361,3688.442851,synthetic_track_0,0.2671243819543058,43.82559160774898
39.027571,363,3689.012162,synthetic_track_0,0.26835547921830943,44.02757079634611
23.95786,276,3689.414111,synthetic_track_0,0.1765030453728915,28.95785973352121
6.783916,171,3689.64403,synthetic_track_0,0.07182495884780392,11.783916131795444
39.71352,366,3691.255853,synthetic_track_0,0.2725364568200719,44.71352022393273
38.964647,363,3691.784138,synthetic_track_0,0.2679719502022045,43.96464735256848
36.669695,348,3692.237027,synthetic_track_0,0.25398382761214466,41.6696949281359
25.52904,284,3692.60278,synthetic_track_0,0.18607965588259118,30.52904023795142
20.476134,255,3692.926113,synthetic_track_0,0.15528133877157319,25.476133954973815
38.689571,360,3693.368897,synthetic_track_0,0.26629531235141496,43.68957083134188
34.791335,336,3694.991857,synthetic_track_0,0.24253490944578757,39.79133546039126
39.912708,369,3695.455081,synthetic_track_0,0.2737505381807869,44.912707709193356
24.383356,280,3695.794737,synthetic_track_0,0.17909651867898585,29.38335627983772
40.059349,370,3696.244858,synthetic_track_0,0.27464434106663754,45.059348910444015
39.883063,370,3696.619607,synthetic_track_0,0.2735698472134612,44.883062760711724
40.204553,369,3697.098642,synthetic_track_0,0.27552938560101925,45.20455317833866
41.346337,377,3698.771451,synthetic_track_0,0.2824887513021398,46.34633708003602
45.77581,416,3699.336947,synthetic_track_0,0.30948713394558697,50.77580953457166
42.585176,385,3699.866842,synthetic_track_0,0.2900396861922872,47.585176403991525
27.119964,294,3700.224949,synthetic_track_0,0.1957766036115929,32.11996379162993
40.887854,374,3700.720608,synthetic_track_0,0.2796942209823193,45.88785424280525
40.186171,372,3702.369782,synthetic_track_0,0.27541734021144737,45.186170522854404
40.63271,374,3702.874888,synthetic_track_0,0.27813907505924357,45.632710217327144
20.832701,257,3703.199854,synthetic_track_0,0.15745467559720516,25.832701077186275
17.136258,234,3703.508948,synthetic_track_0,0.1349242303739573,22.136257930099365
15.002294,221,3703.788792,synthetic_track_0,0.12191735937899736,20.00229392370889
23.147027,271,3704.13612,synthetic_track_0,0.17156088228668057,28.147026894187874
38.399256,359,3704.624061,synthetic_track_0,0.2645257935737891,43.39925586000489
39.220217,363,3706.420818,synthetic_track_0,0.26952968791306764,44.22021659805935
40.653934,373,3706.943058,synthetic_track_0,0.278268438584504,45.65393416171412
41.098038,375,3707.518858,synthetic_track_0,0.28097532762260374,46.09803818787353
17.776267,239,3707.842699,synthetic_track_0,0.13882519376082367,22.77626700384551
25.34398,284,3708.248987,synthetic_track_0,0.18495168075771606,30.343979717437303
25.895921,287,3708.641327,synthetic_track_0,0.18831585607520288,30.89592099843301
43.889618,396,3710.41695,synthetic_track_0,0.29799047826862224,48.889618042550715
40.795076,372,3710.968649,synthetic_track_0,0.2791287211437313,45.79507587192466
26.130098,287,3711.329131,synthetic_track_0,0.18974320184099605,31.13009757249581
40.905111,374,3711.841111,synthetic_track_0,0.2797994041611385,45.90511105405255
41.886066,379,3712.318976,synthetic_track_0,0.2857784919756279,46.88606628856762
39.937345,369,3712.826238,synthetic_track_0,0.2739007044497034,44.93734464247008
42.632367,387,3714.530342,synthetic_track_0,0.29032732034673114,47.63236691836118
46.950164,498,3715.175134,synthetic_track_0,0.31664502077102485,51.9501636781024
40.537885,372,3715.664865,synthetic_track_0,0.2775610969029429,45.53788459919781
41.699661,378,3716.169863,synthetic_track_0,0.2846423217493175,46.699661243955546
41.549323,379,3716.70864,synthetic_track_0,0.283725982440352,46.54932261879883
42.614209,385,3718.644077,synthetic_track_0,0.29021664190727486,47.614208530677104
40.28866,369,3719.155156,synthetic_track_0,0.27604203243266884,45.28866025429522
22.170211,266,3719.526114,synthetic_track_0,0.16560702333671665,27.17021081726422
43.254508,388,3720.091702,synthetic_track_0,0.29411937703402297,48.25450828379862
40.300117,368,3720.655001,synthetic_track_0,0.2761118660194558,45.30011745723806
39.651473,364,3721.270767,synthetic_track_0,0.2721582684844367,44.651472995495176
38.328823,364,3722.82859,synthetic_track_0,0.26409649406638175,43.32882310972057
41.688308,378,3723.346164,synthetic_track_0,0.28457312320140604,46.688308228261405
42.795897,387,3723.821414,synthetic_track_0,0.2913240654099553,47.795897262384116
41.359098,376,3724.291591,synthetic_track_0,0.2825665327463003,46.35909824313727
41.647193,378,3724.774018,synthetic_track_0,0.28432252157479604,46.647193431986736
25.350916,285,3725.109618,synthetic_track_0,0.18499396127173506,30.350916443043577
5.787584,170,3726.524906,synthetic_track_0,0.0657521465748709,10.787584053694031
42.461954,386,3727.031424,synthetic_track_0,0.2892886226885614,47.46195364856592
9.285371,194,3727.293087,synthetic_track_0,0.08707174842367897,14.285370953676459
5.236812,169,3727.571569,synthetic_track_0,0.06239510019455498,10.236812377235218
6.363433,168,3727.951962,synthetic_track_0,0.06926204162188267,11.363432749312958
8.790305,188,3728.271516,synthetic_track_0,0.08405423822285286,13.79030506427276
20.289183,254,3728.705251,synthetic_track_0,0.15414184115431948,25.289183004085675
5.600129,169,3728.938692,synthetic_track_0,0.06460957392621272,10.600128599736845
7.012586,173,3729.185086,synthetic_track_0,0.07321873871901076,12.0125857387393
37.880529,364,3731.039566,synthetic_track_0,0.2613640631090335,42.88052856484596
46.317337,418,3731.809651,synthetic_track_0,0.31278783755262973,51.317337369815185
12.458055,204,3732.221427,synthetic_track_0,0.10640979642483496,17.458055483592123
38.042288,366,3732.917063,synthetic_track_0,0.2623500160806087,43.04228831122544
37.802188,364,3733.53287,synthetic_track_0,0.26088656603748506,42.80218831189534
37.789933,362,3734.116242,synthetic_track_0,0.26081186625455743,42.78993273958172
42.635048,386,3736.148714,synthetic_track_0,0.2903436619467558,47.635047992562114
39.457453,373,3736.730641,synthetic_track_0,0.2709756862515269,44.45745339457776
44.668022,423,3737.433221,synthetic_track_0,0.30273498039371943,49.668021762178874
44.463495,408,3738.067904,synthetic_track_0,0.3014883528636469,49.46349461036957
44.348122,410,3738.71616,synthetic_track_0,0.3007851361800211,49.34812181301253
45.225012,419,3740.9486,synthetic_track_0,0.3061299273086688,50.225011565715455
36.754904,358,3741.578918,synthetic_track_0,0.25450318868610383,41.754903571981025
11.003634,194,3741.8596,synthetic_track_0,0.09754485133606106,16.003633913223513
44.212764,409,3742.519691,synthetic_track_0,0.299960109897545,49.21276440139429
44.282071,414,3743.166197,synthetic_track_0,0.30038254735122905,49.282071333204584
45.33704,420,3743.910965,synthetic_track_0,0.30681276026744836,50.33704012023693
16.415102,230,3745.618073,synthetic_track_0,0.13052866118726647,21.415101670793653
37.988303,367,3746.184549,synthetic_track_0,0.26202096552974885,42.98830284215375
43.121753,419,3746.766237,synthetic_track_0,0.2933102083747254,48.12175254302827
42.586085,399,3747.322138,synthetic_track_0,0.2900452239483764,47.586084952417586
12.560589,205,3747.607176,synthetic_track_0,0.10703475425966953,17.560588792761212
44.266785,412,3748.224038,synthetic_track_0,0.3002893755236471,49.26678515664862
37.172649,358,3750.286132,synthetic_track_0,0.2570494194686457,42.1726493037572
43.689618,408,3750.928795,synthetic_track_0,0.2967714444466749,48.68961803489197
44.583248,417,3751.565277,synthetic_track_0,0.3022182688187431,49.58324780669703
22.015442,264,3751.998718,synthetic_track_0,0.1646636783983279,27.015441530714654
40.623076,381,3752.588271,synthetic_track_0,0.2780803554276811,45.623076418370324
46.273897,420,3754.638763,synthetic_track_0,0.31252305896461485,51.27389663939619
43.789618,403,3755.255984,synthetic_track_0,0.2973809614500932,48.78961805388821
44.780338,410,3755.87718,synthetic_track_0,0.3034195643974554,49.78033760077597
45.133405,413,3756.473056,synthetic_track_0,0.30557157235428123,50.133405415711
41.271018,396,3757.092997,synthetic_track_0,0.2820296670935838,46.27101772172606
34.990329,349,3758.9986,synthetic_track_0,0.24374781051887687,39.99032930251423
42.268264,400,3759.645441,synthetic_track_0,0.28810805254619565,47.26826416000221
45.752963,415,3760.301051,synthetic_track_0,0.30934788339469493,50.75296348162097
40.226847,400,3760.896892,synthetic_track_0,0.27566527308732536,45.22684747223981
44.962478,552,3761.718632,synthetic_track_0,0.3045297402926261,49.962477902004046
43.59776,409,3763.667915,synthetic_track_0,0.29621155450146575,48.59776004759593
35.673694,354,3764.26046,synthetic_track_0,0.2479130316078423,40.67369364786332
22.185185,265,3764.701733,synthetic_track_0,0.16569829501266412,27.185185246652374
41.425862,395,3765.251622,synthetic_track_0,0.28297346671984774,46.425861606352306
39.843362,395,3765.793123,synthetic_track_0,0.27332786428059963,44.8433619849381
44.047752,411,3766.367262,synthetic_track_0,0.2989543295047746,49.047751681783474
41.758538,403,3768.269867,synthetic_track_0,0.2850011858527561,46.758538054544374
45.156896,430,3768.866645,synthetic_track_0,0.3057147495778164,50.1568956957082
32.474981,329,3769.318012,synthetic_track_0,0.22841634022902846,37.474981393223906
41.482008,392,3769.861336,synthetic_track_0,0.283315689430501,46.48200815743184
45.142954,418,3770.463331,synthetic_track_0,0.30562977301267563,50.14295406966552
44.102446,414,3772.359893,synthetic_track_0,0.299287702767029,49.1024463537472
44.642838,416,3772.939611,synthetic_track_0,0.3025814826311871,49.64283824952373
41.278418,387,3773.53586,synthetic_track_0,0.28207477016826593,46.278417528949994
44.268315,413,3774.10718,synthetic_track_0,0.3002986993685859,49.26831486733064
7.173313,176,3774.339663,synthetic_track_0,0.07419840152873061,12.17331349371985
41.644145,395,3776.283177,synthetic_track_0,0.2843039438396562,46.64414548770221
41.302346,392,3776.849555,synthetic_track_0,0.28222061832866674,46.302346014503065
43.902756,414,3777.486115,synthetic_track_0,0.298070558394197,48.902756337354276
41.372946,392,3778.106208,synthetic_track_0,0.2826509391720264,46.37294632961997
44.942159,420,3778.737103,synthetic_track_0,0.3044058926887298,49.94215892374288
41.062767,392,3779.312932,synthetic_track_0,0.28076034267497146,46.06276681935294
42.806235,398,3781.203872,synthetic_track_0,0.29138707764736177,47.806235324985
42.894988,404,3781.789658,synthetic_track_0,0.2919280407908612,47.894988098612025
38.310257,387,3782.376011,synthetic_track_0,0.2639833302451487,43.3102569594581
41.818178,399,3782.966205,synthetic_track_0,0.2853646993227344,46.8181776604936
41.568854,392,3783.542904,synthetic_track_0,0.28384502840849823,46.568853819748576
41.326432,392,3785.411571,synthetic_track_0,0.28236742812364196,46.32643227002018
42.651942,399,3786.012903,synthetic_track_0,0.29044663131239257,47.651941595959485
40.94869,389,3786.577977,synthetic_track_0,0.28006502804199324,45.94869046690298
42.911479,401,3787.209642,synthetic_track_0,0.29202855384186416,47.91147870831331
40.656791,386,3787.752915,synthetic_track_0,0.2782858520430063,45.65679108969358
7.270064,176,3789.429677,synthetic_track_0,0.07478811145359679,12.27006387698753
45.813774,430,3790.158048,synthetic_track_0,0.30971853117945225,50.81377357438094
41.240691,388,3790.675224,synthetic_track_0,0.28184482274759076,46.24069135181844
42.222382,395,3791.29121,synthetic_track_0,0.2878283903677245,47.2223815627936
46.57509,491,3792.083049,synthetic_track_0,0.3143588846300684,51.575090208057226
42.303567,394,3794.001584,synthetic_track_0,0.28832323044969566,47.30356718570436
44.70302,419,3794.59284,synthetic_track_0,0.30294829805355555,49.703019588189
43.666739,408,3795.145915,synthetic_track_0,0.29663199212798336,48.66673887903575
46.20636,432,3795.784992,synthetic_track_0,0.3121114130803446,51.20636021954919
42.484934,400,3796.504243,synthetic_track_0,0.28942869464468823,47.48493446484334
40.624108,393,3798.642936,synthetic_track_0,0.27808664151889667,45.62410774192232
30.669942,677,3799.721663,synthetic_track_0,0.21741432211841585,35.66994229851766
45.741443,421,3800.311917,synthetic_track_0,0.30927766636713194,50.741443369711405
41.58485,395,3800.941004,synthetic_track_0,0.28394252790206803,46.58485001206876
44.693829,420,3801.537045,synthetic_track_0,0.30289228175759947,49.69382931026682
44.736858,415,3803.440618,synthetic_track_0,0.3031545467048839,49.73685764182018
41.570352,392,3803.995575,synthetic_track_0,0.28385416167637584,46.570352263526416
44.551714,415,3804.575917,synthetic_track_0,0.30202606420472755,49.551713879103666
45.587638,500,3805.304115,synthetic_track_0,0.30834019670840507,50.5876380071779
41.534752,392,3807.147101,synthetic_track_0,0.28363716930011124,46.534751547505685
41.623269,397,3807.798515,synthetic_track_0,0.28417669968884596,46.623269257134694
43.184132,401,3808.361077,synthetic_track_0,0.2936904191110176,48.184131575341674
51.571112,599,3809.213277,synthetic_track_0,0.34481048254153707,56.57111222636815
43.278075,404,3809.807995,synthetic_track_0,0.2942630175851328,48.27807457933928
45.977001,426,3811.8533,synthetic_track_0,0.3107134327869797,50.977001473019
43.489618,568,3812.87592,synthetic_track_0,0.295552410923023,48.48961807617288
45.756255,418,3813.491128,synthetic_track_0,0.309367945469059,50.756254953075015
45.538426,418,3814.186081,synthetic_track_0,0.3080402382608854,50.538425515513474
45.224494,414,3814.797356,synthetic_track_0,0.30612677123644866,50.22449376673659
43.94007,409,3816.859688,synthetic_track_0,0.2982979928015554,48.94007021855642
43.865756,397,3817.415296,synthetic_track_0,0.2978450365610454,48.86575624142135
46.884224,423,3818.018775,synthetic_track_0,0.31624310828610935,51.884224162221834
47.295023,538,3818.849522,synthetic_track_0,0.3187469994679295,52.29502347436948
44.257315,415,3820.816927,synthetic_track_0,0.3002316520649054,49.25731479415123
44.757315,413,3821.413139,synthetic_track_0,0.30327923649676886,49.75731479311736
42.859023,401,3821.998998,synthetic_track_0,0.29170882786725144,47.85902306990527
45.428207,419,3822.653195,synthetic_track_0,0.30736843956847504,50.42820729087671
42.092557,394,3823.379534,synthetic_track_0,0.28703708862801874,47.09255714680757
46.718078,424,3825.394386,synthetic_track_0,0.31523042148104613,51.71807834647654
42.184318,400,3826.058115,synthetic_track_0,0.2875963856829606,47.18431786193948
39.226963,377,3826.629977,synthetic_track_0,0.2695708060618643,44.226962620955675
42.933135,404,3827.203179,synthetic_track_0,0.29216055276699215,47.9331350279012
46.002095,425,3827.879349,synthetic_track_0,0.3108663825757943,51.002095082715115
46.481697,424,3829.873325,synthetic_track_0,0.3137896385955993,51.48169721993516
44.064967,405,3830.460252,synthetic_track_0,0.2990592592465466,49.064966913043015
39.180468,372,3830.987166,synthetic_track_0,0.26928741639396364,44.18046847556765
40.48284,390,3831.546225,synthetic_track_0,0.2772255925990551,45.48284029924565
45.926533,419,3832.155252,synthetic_track_0,0.31040581601521255,50.92653252326409
41.192503,393,3834.071143,synthetic_track_0,0.2815511055443456,46.19250282592118
43.871079,449,3834.755044,synthetic_track_0,0.29787747664667324,48.87107850341049
41.733296,397,3835.312906,synthetic_track_0,0.2848473308314919,46.73329592846291
43.161088,407,3835.886162,synthetic_track_0,0.29354996399920574,48.16108789687079
38.410046,369,3836.403249,synthetic_track_0,0.2645915620583965,43.41004612454749
44.889658,416,3837.026246,synthetic_track_0,0.3040858877669893,49.88965752005196
42.209389,400,3838.980475,synthetic_track_0,0.2877492004678832,47.209389322308056
6.896899,174,3839.229657,synthetic_track_0,0.07251360855053232,11.896899006708505
33.699401,679,3840.323206,synthetic_track_0,0.23587938519388293,38.69940111255873
42.9429,399,3840.93733,synthetic_track_0,0.29222007407677697,47.94290035368503
42.129076,397,3841.559633,synthetic_track_0,0.28725967629217203,47.12907585017241
45.852069,423,3843.55935,synthetic_track_0,0.3099519480747562,50.85206896865793
44.992543,425,3844.20636,synthetic_track_0,0.3047129919000029,49.992542960264934
39.654778,381,3844.78434,synthetic_track_0,0.27217841099088524,44.65477766298795
44.61401,421,3845.675863,synthetic_track_0,0.3024057666586852,49.61400952039954
40.395937,385,3846.240871,synthetic_track_0,0.2766958996192264,45.39593655784389
41.538792,393,3848.188708,synthetic_track_0,0.2836617994040257,46.53879246981879
40.378875,382,3848.742096,synthetic_track_0,0.27659190880922063,45.37887537182661
43.091595,402,3849.310775,synthetic_track_0,0.29312639519121964,48.09159535013743
37.941705,423,3849.935269,synthetic_track_0,0.2617369426583287,42.94170481063355
44.610229,412,3850.559763,synthetic_track_0,0.3023827251334567,49.61022922723687
39.286795,380,3852.538963,synthetic_track_0,0.2699354935219082,44.28679483683736
41.46627,391,3853.104065,synthetic_track_0,0.28321976467661675,46.4662703237753
41.977205,397,3853.722229,synthetic_track_0,0.28633399736842974,46.97720492706525
42.901565,640,3854.641979,synthetic_track_0,0.2919681307764634,47.901565436568625
45.678399,414,3856.654073,synthetic_track_0,0.3088933981415256,50.678398647997696
39.497824,380,3857.225244,synthetic_track_0,0.27122175422961226,44.497824380694475
47.334286,587,3858.157072,synthetic_track_0,0.31898631363523916,52.33428640082243
39.490426,380,3858.741148,synthetic_track_0,0.2711766604550494,44.4904260992887
6.784973,172,3858.976038,synthetic_track_0,0.07183139990653177,11.784972879993653
39.029215,371,3859.537071,synthetic_track_0,0.26836550225930483,44.02921522018387
40.614429,390,3861.422808,synthetic_track_0,0.2780276470416097,45.614428850576736
41.327655,386,3861.982895,synthetic_track_0,0.28237488126788435,46.32765506538379
41.372929,388,3862.529587,synthetic_track_0,0.2826508347711903,46.37292920116328
41.868683,393,3863.30324,synthetic_track_0,0.2856725348659466,46.86868250284632
45.396252,465,3863.993057,synthetic_track_0,0.3071736669063728,50.39625203810946
39.736847,382,3865.863251,synthetic_track_0,0.27267863543152443,44.736846667274556
37.487154,421,3866.479631,synthetic_track_0,0.25896638102424,42.48715438056297
40.804796,383,3867.006149,synthetic_track_0,0.27918796856459,45.80479626229625
44.788713,425,3867.651695,synthetic_track_0,0.3034706117146559,49.78871264636311
44.062582,410,3868.266201,synthetic_track_0,0.2990447248596425,49.062582338111795
36.060337,349,3870.045055,synthetic_track_0,0.25026968891139706,41.06033712753893
36.39085,354,3870.566142,synthetic_track_0,0.252284219539519,41.39084981209229
39.124375,369,3871.063312,synthetic_track_0,0.2689455155132401,44.124374725310574
40.199753,414,3871.658085,synthetic_track_0,0.27550012710453936,45.19975290174689
41.520867,390,3872.226192,synthetic_track_0,0.2835525420261608,46.52086722769971
39.644095,374,3874.146016,synthetic_track_0,0.2721133003144088,44.64409532131742
36.318755,352,3874.623092,synthetic_track_0,0.2518447872325015,41.31875463049297
38.754652,368,3875.201713,synthetic_track_0,0.26669199358685947,43.7546520856095
38.831743,372,3875.754101,synthetic_track_0,0.267161875523951,43.831742966375124
41.509154,404,3876.367613,synthetic_track_0,0.28348114752087405,46.509153933657274
37.668105,369,3877.007154,synthetic_track_0,0.26006930695576075,42.66810522112193
39.788838,374,3878.915455,synthetic_track_0,0.27299553368643353,44.78883837765025
6.928855,177,3879.153241,synthetic_track_0,0.07270838507216186,11.92885489268665
38.824395,372,3879.68634,synthetic_track_0,0.2671170864335018,43.82439467277441
14.536932,240,3880.079614,synthetic_track_0,0.1190808980432305,19.53693170105056
41.236649,394,3880.659957,synthetic_track_0,0.2818201840878444,46.236649025798236
41.290661,393,3881.27696,synthetic_track_0,0.28214939876796846,46.29066142263313
41.884106,391,3883.337201,synthetic_track_0,0.2857665464653523,46.88410645603173
40.686173,386,3883.941358,synthetic_track_0,0.27846494252520965,45.68617345560288
34.266691,350,3884.495471,synthetic_track_0,0.23933711543756245,39.26669142293999
36.726031,354,3884.979124,synthetic_track_0,0.2543272040054876,41.72603075743119
44.079235,408,3885.563039,synthetic_track_0,0.29914622403546776,49.07923473575403
43.71467,510,3887.787871,synthetic_track_0,0.2969241377343303,48.71466956188876
36.698011,356,3888.344108,synthetic_track_0,0.2541564159456918,41.6980105231668
41.767126,390,3889.021581,synthetic_track_0,0.2850535327540404,46.76712631556658
45.046914,416,3889.667213,synthetic_track_0,0.3050443921882872,50.04691393751074
40.473905,386,3890.307946,synthetic_track_0,0.27717112892439705,45.47390475114795
39.40318,373,3892.304174,synthetic_track_0,0.2706448787496757,44.40317967246058
36.12878,351,3892.815058,synthetic_track_0,0.2506868612192136,41.12878023654556
34.992094,342,3893.354159,synthetic_track_0,0.24375856393702047,39.99209355521367
41.67227,392,3894.0759,synthetic_track_0,0.28447536685005975,46.672269894733695
34.243716,478,3895.050644,synthetic_track_0,0.23919707428017575,39.243715659638255
7.106806,174,3895.370421,synthetic_track_0,0.07379302693785175,12.106805969629239
38.722743,369,3897.485928,synthetic_track_0,0.2664975029380813,43.72274310117865
38.829909,371,3898.073993,synthetic_track_0,0.2671506984015483,43.82990919890625
36.316724,353,3898.626084,synthetic_track_0,0.25183240980473837,41.31672393568955
40.700596,383,3899.214869,synthetic_track_0,0.27855284815576437,45.700595636897326
37.714612,361,3899.726178,synthetic_track_0,0.2603527733793392,42.714611959381344
40.763579,387,3900.346148,synthetic_track_0,0.27893674410560876,45.763579281425244
42.15994,392,3902.398991,synthetic_track_0,0.28744779559896094,47.159939524437355
41.084151,387,3902.943135,synthetic_track_0,0.28089068483735935,46.084151323216986
40.717783,383,3903.509113,synthetic_track_0,0.2786576084310976,45.717783064753526
44.475842,419,3904.101686,synthetic_track_0,0.301563613415175,49.47584218482651
35.966452,364,3904.663222,synthetic_track_0,0.24969744418971943,40.9664521617097
30.184872,314,3906.416375,synthetic_track_0,0.21445773807987628,35.184872221128806
35.715816,351,3906.929925,synthetic_track_0,0.2481697747789652,40.71581605272726
39.419533,372,3907.441858,synthetic_track_0,0.2707445524065808,44.419532567503765
38.674581,397,3908.005159,synthetic_track_0,0.26620394801204933,43.674581199189035
35.394721,347,3908.53722,synthetic_track_0,0.246212646818691,40.39472110031758
40.172011,384,3909.156889,synthetic_track_0,0.27533103581778734,45.172011047471344
39.402747,381,3911.105414,synthetic_track_0,0.2706422398007269,44.40274671498191
40.556838,382,3911.743834,synthetic_track_0,0.27767662202546933,45.55683815485319
41.72238,406,3912.421327,synthetic_track_0,0.28478079890913865,46.722380410992734
37.698468,366,3913.163202,synthetic_track_0,0.26025437600911555,42.69846845749976
40.775934,401,3914.092328,synthetic_track_0,0.2790120470665295,45.77593381375218
39.977819,379,3916.607907,synthetic_track_0,0.27414740192748016,44.97781890705277
40.394757,399,3917.241777,synthetic_track_0,0.2766887105671569,45.39475709059443
37.753484,363,3917.792876,synthetic_track_0,0.2605897052218621,42.75348403123533
40.759568,387,3918.534065,synthetic_track_0,0.2789122917206725,45.75956751646313
35.686699,362,3919.238098,synthetic_track_0,0.24799229963495087,40.68669870624921
38.326286,366,3922.044096,synthetic_track_0,0.2640810287615645,43.326285804334766
41.571643,405,3922.77639,synthetic_track_0,0.28386202617003353,46.57164254666988
40.541843,384,3923.433123,synthetic_track_0,0.27758522330815233,45.54184288250365
40.263905,384,3924.264381,synthetic_track_0,0.2758911432268438,45.263904712835
38.235355,365,3924.872907,synthetic_track_0,0.26352679158724307,43.23535523529447
40.316188,382,3925.591433,synthetic_track_0,0.2762098205091666,45.31618829821035
40.999406,389,3927.855684,synthetic_track_0,0.2803741500220657,45.99940636769991
39.371945,473,3928.591285,synthetic_track_0,0.27045449556141504,44.37194457592372
40.962341,386,3929.311393,synthetic_track_0,0.2801482324453399,45.962341344349504
40.006718,380,3929.944706,synthetic_track_0,0.2743235447300885,45.00671766378655
5.795522,175,3930.262997,synthetic_track_0,0.06580052690039888,10.795521540990874
40.804298,389,3932.357136,synthetic_track_0,0.2791849331052313,45.80429825158969
41.60022,390,3932.992196,synthetic_track_0,0.2840362086762527,46.60021968862497
38.405579,373,3933.561472,synthetic_track_0,0.2645643360195442,43.40557930182203
39.354714,378,3934.101762,synthetic_track_0,0.2703494723945885,44.354714016942104
34.961975,351,3934.611687,synthetic_track_0,0.24357498426945284,39.9619746739665
41.102333,389,3935.195514,synthetic_track_0,0.281001503856349,46.10233277499266
36.659941,358,3937.021078,synthetic_track_0,0.25392437791594336,41.65994135158903
39.001521,374,3937.521598,synthetic_track_0,0.26819670232099013,44.00152116580414
39.936109,376,3938.108936,synthetic_track_0,0.2738931755186394,44.936109413189854
41.999861,393,3938.661381,synthetic_track_0,0.2864720905481314,46.99986109664866
35.060988,345,3939.124688,synthetic_track_0,0.2441784869668246,40.060987959671415
39.657723,378,3940.934381,synthetic_track_0,0.2721963625661146,44.65772287674553
39.459508,376,3941.473081,synthetic_track_0,0.270988210741883,44.45950821711184
40.384202,380,3942.006993,synthetic_track_0,0.27662437574090365,45.384202038296685
39.280347,373,3942.562033,synthetic_track_0,0.26989619422197947,44.280347222222225
45.383364,473,3943.255253,synthetic_track_0,0.3070951107971271,50.38336378007435
41.480705,390,3943.836335,synthetic_track_0,0.2833077466792334,46.48070503500345
40.717653,387,3945.667191,synthetic_track_0,0.2786568156369879,45.717652995492806
39.617411,377,3946.17872,synthetic_track_0,0.271950657770212,44.61741147588233
34.644996,349,3946.669223,synthetic_track_0,0.24164294663658972,39.6449961501448
38.156273,369,3947.184894,synthetic_track_0,0.26304477241363305,43.15627306654901
39.607333,376,3947.699763,synthetic_track_0,0.2718892259392118,44.60733270165201
43.570686,404,3949.566409,synthetic_track_0,0.29604653550960836,48.57068631178883
41.601682,390,3950.091638,synthetic_track_0,0.28404512021708106,46.60168175489569
38.869784,376,3950.600693,synthetic_track_0,0.2673937435883641,43.86978425269839
41.222946,390,3951.147291,synthetic_track_0,0.28173666031457373,46.222945751128506
44.698681,422,3951.722302,synthetic_track_0,0.30292185314060616,49.698680920387346
43.573285,408,3953.604004,synthetic_track_0,0.29606237317555684,48.573284708366494
40.579223,401,3954.14188,synthetic_track_0,0.2778130614183736,45.5792229969589
39.975497,383,3954.697051,synthetic_track_0,0.27413325168711233,44.97549735687838
38.703901,373,3955.216114,synthetic_track_0,0.2663826583568049,43.703901198090065
39.576835,379,3955.763366,synthetic_track_0,0.27170333974856564,44.57683540216487
34.100029,340,3956.248001,synthetic_track_0,0.23832128216697063,39.10002938433156
40.853179,407,3958.15705,synthetic_track_0,0.27948286838893305,45.853178814170775
39.013621,372,3958.70147,synthetic_track_0,0.2682704557484665,44.013621474913336
38.976405,376,3959.280777,synthetic_track_0,0.26804361725206255,43.97640536146243
36.70652,361,3959.846102,synthetic_track_0,0.2542082849926179,41.706520385318036
40.050143,388,3960.47328,synthetic_track_0,0.2745882280930539,45.05014277116844
41.541178,400,3962.390003,synthetic_track_0,0.28367634022377775,46.541178100151114
39.956734,382,3962.911875,synthetic_track_0,0.2740188884829139,44.956734430613515
36.109404,353,3963.418975,synthetic_track_0,0.2505687599308524,41.10940402388314
36.311281,362,3963.940735,synthetic_track_0,0.2517992360523889,41.31128130513697
38.853851,390,3964.512908,synthetic_track_0,0.26729662892147366,43.85385119672227
43.889618,411,3966.402383,synthetic_track_0,0.2979904782686223,48.88961804255072
39.966365,380,3966.937219,synthetic_track_0,0.27407758667659426,44.96636471237787
39.624319,386,3967.463264,synthetic_track_0,0.2719927629052251,44.62431942804369
36.52451,357,3967.94081,synthetic_track_0,0.2530988985459758,41.52450960446006
37.011297,387,3968.488831,synthetic_track_0,0.2560659524653116,42.011297416174024
35.656339,350,3968.964086,synthetic_track_0,0.24780725156031003,40.65633891173073
40.884848,399,3970.829581,synthetic_track_0,0.27967589493647443,45.88484759176462
41.114696,397,3971.399109,synthetic_track_0,0.28107686033738194,46.11469608806272
36.683882,359,3971.92101,synthetic_track_0,0.2540702988109704,41.683881770302236
44.462726,433,3972.534006,synthetic_track_0,0.3014836672632549,49.462725870325265
38.549561,373,3973.055387,synthetic_track_0,0.26544192824140794,43.549560910809404
40.052729,386,3974.87726,synthetic_track_0,0.27460399372112126,45.052729348897
27.286934,302,3975.283142,synthetic_track_0,0.19679431467663994,32.28693390938978
30.723313,338,3975.745383,synthetic_track_0,0.21773962748974493,35.72331331709474
35.763825,350,3976.261595,synthetic_track_0,0.24846239979506396,40.7638253896359
40.615119,397,3976.807244,synthetic_track_0,0.2780318541542406,45.61511908783123
37.351365,362,3977.31621,synthetic_track_0,0.2581387237412589,42.35136531552242
38.52027,370,3979.109783,synthetic_track_0,0.26526339450747405,43.52026988745036
41.096711,387,3979.637362,synthetic_track_0,0.28096723518387434,46.096710507067044
35.716116,350,3980.127947,synthetic_track_0,0.2481716060219258,40.71611649443737
37.095007,358,3980.659548,synthetic_track_0,0.25657617857934434,42.09500733863641
40.660365,385,3981.25277,synthetic_track_0,0.2783076356093753,45.66036499663709
43.816992,408,3983.150015,synthetic_track_0,0.29754780848645507,48.81699170665275
40.136839,388,3983.672992,synthetic_track_0,0.27511665804453134,45.13683929462812
37.334632,360,3984.178717,synthetic_track_0,0.25803672931887695,42.33463166556925
42.539916,403,3984.771854,synthetic_track_0,0.2897638137027272,47.53991555968065
40.124808,385,3985.357238,synthetic_track_0,0.27504332378355045,45.124807755803054
35.386374,347,3985.888337,synthetic_track_0,0.24616176827557829,40.38637374454368
35.976233,353,3987.699688,synthetic_track_0,0.2497570606811107,40.976233103403175
41.150965,397,3988.27809,synthetic_track_0,0.281297922866256,46.15096457107925
40.390882,391,3988.806164,synthetic_track_0,0.27666509051155047,45.390881881213744
36.337146,353,3989.318836,synthetic_track_0,0.2519568833712878,41.33714561211476
36.788719,359,3989.81226,synthetic_track_0,0.25470929878458376,41.78871889402737
36.879294,371,3991.659535,synthetic_track_0,0.2552613704712109,41.87929418370819
43.739644,411,3992.280149,synthetic_track_0,0.2970763641438839,48.73964449082712
33.539512,336,3992.777129,synthetic_track_0,0.23490483462015432,38.53951209332037
35.144924,346,3993.427793,synthetic_track_0,0.24469009084842896,40.14492392469301
40.644898,382,3994.160307,synthetic_track_0,0.2782133600766573,45.64489774140088
41.305054,394,3994.866446,synthetic_track_0,0.2822371229627986,46.305053836790975
40.873469,388,3997.0257,synthetic_track_0,0.27960654018953846,45.873468949376985
33.865444,345,3997.501809,synthetic_track_0,0.23689144611239235,38.86544424262517
38.084437,370,3998.018825,synthetic_track_0,0.2626069178240378,43.08443673215381
35.973404,362,3998.604159,synthetic_track_0,0.2497398146375644,40.97340364225185
35.000951,345,3999.207397,synthetic_track_0,0.24381255156415085,40.00095100087692
38.202971,371,4001.078092,synthetic_track_0,0.2633294070284289,43.202971463356555
44.384702,414,4001.737329,synthetic_track_0,0.30100809918340177,49.38470209616867
39.244166,376,4002.317915,synthetic_track_0,0.26967566254452374,44.244165833005574
38.992406,378,4002.913607,synthetic_track_0,0.26814114343109463,43.992405931916
40.53203,494,4003.617654,synthetic_track_0,0.27752541106342293,45.53202982466342
36.728102,359,4005.4152,synthetic_track_0,0.25433982904290064,41.72810207615413
26.552225,295,4005.862128,synthetic_track_0,0.19231614168213362,31.552225308960878
41.925671,394,4006.396545,synthetic_track_0,0.2860198920811571,46.92567144314613
40.44988,386,4006.915113,synthetic_track_0,0.27702469121830564,45.4498795421566
39.155189,376,4007.44517,synthetic_track_0,0.26913333087444175,44.155188532936315
39.032175,374,4007.933381,synthetic_track_0,0.2683835443204116,44.03217527944931
38.984193,372,4009.725277,synthetic_track_0,0.26809108460934744,43.9841930632059
40.533737,388,4010.264065,synthetic_track_0,0.27753581671962163,45.53373702202084
37.726366,483,4010.953333,synthetic_track_0,0.2604244189778712,42.72636644887716
36.369885,355,4011.422186,synthetic_track_0,0.25215643401680776,41.3698847616886
39.401762,379,4011.969883,synthetic_track_0,0.27063623582845475,44.4017616770947
37.755804,388,4013.812034,synthetic_track_0,0.2606038439060767,42.75580368545681
39.349802,379,4014.345413,synthetic_track_0,0.27031953130309666,44.34980175083441
39.418381,380,4014.878595,synthetic_track_0,0.2707375353118152,44.41838131231987
39.617488,379,4015.403039,synthetic_track_0,0.27195112293273627,44.617487792475636
35.030336,346,4015.987089,synthetic_track_0,0.24399165902467765,40.03033615232405
38.926528,373,4016.526273,synthetic_track_0,0.26773960887979675,43.92652842147372
36.60956,354,4018.331769,synthetic_track_0,0.25361729614929135,41.60956017710763
38.559919,368,4018.90168,synthetic_track_0,0.26550506238024596,43.559918973091015
39.666104,379,4019.461334,synthetic_track_0,0.2722474458286673,44.66610381968397
37.410914,368,4020.18642,synthetic_track_0,0.25850168034554455,42.410913559656414
39.329978,375,4020.741574,synthetic_track_0,0.2701987037866289,44.329978261293874
45.492708,428,4022.638788,synthetic_track_0,0.30776158430478473,50.492708331665995
40.675814,388,4023.175005,synthetic_track_0,0.2784017980492737,45.67581369737187
42.133926,388,4023.728831,synthetic_track_0,0.287289241508366,47.13392644853873
37.163918,359,4024.253963,synthetic_track_0,0.2569962036415405,42.16391848297357
38.767201,372,4024.825045,synthetic_track_0,0.26676848408659254,43.76720145073539
37.974641,366,4025.397811,synthetic_track_0,0.2619376928249003,42.974640758864815
35.54108,349,4027.17523,synthetic_track_0,0.24710473043886064,40.54108023133919
37.928468,382,4027.741642,synthetic_track_0,0.26165626186697705,42.928467967981824
38.616921,368,4028.331731,synthetic_track_0,0.2658524994938538,43.61692102187052
38.600307,367,4028.846153,synthetic_track_0,0.2657512330339493,43.60030680461762
39.31851,377,4029.357067,synthetic_track_0,0.2701288035138285,44.31851011755271
36.462434,356,4031.16537,synthetic_track_0,0.25272053596854865,41.46243378915386
36.064856,353,4031.697635,synthetic_track_0,0.2502972346254869,41.06485639757865
34.675387,342,4032.415988,synthetic_track_0,0.24182818681158355,39.67538746148536
36.748365,357,4032.924065,synthetic_track_0,0.2544633327331533,41.74836463044238
40.489798,384,4033.44494,synthetic_track_0,0.27726800377207794,45.48979846133818
37.295706,360,4033.959576,synthetic_track_0,0.25779946926285957,42.29570574557731
38.237576,365,4035.745051,synthetic_track_0,0.26354032853400766,43.23757616584443
38.171758,367,4036.24312,synthetic_track_0,0.2631391548974423,43.17175786864789
37.074254,357,4036.761266,synthetic_track_0,0.2564496849776026,42.07425424642383
34.464582,348,4037.244191,synthetic_track_0,0.24054329176040995,39.46458197319719
36.89522,359,4037.726128,synthetic_track_0,0.2553584391843021,41.89521970030351
36.548171,355,4038.179604,synthetic_track_0,0.2532431183833079,41.54817094022585
38.12752,365,4039.967089,synthetic_track_0,0.2628695198788245,43.12752037103484
37.76019,362,4040.471504,synthetic_track_0,0.2606305789195445,42.76018994841527
38.102273,364,4040.955005,synthetic_track_0,0.26271563163358413,43.10227279408288
41.491303,483,4041.679575,synthetic_track_0,0.2833723428130737,46.491302958564056
40.454107,386,4042.198812,synthetic_track_0,0.2770504585331972,45.454107040264425
40.539208,386,4044.079643,synthetic_track_0,0.27756916162233625,45.53920773224908
43.174856,417,4044.704442,synthetic_track_0,0.293633881368683,48.17485574665148
39.307287,378,4045.289586,synthetic_track_0,0.2700603984545409,44.307287285064305
39.129253,373,4045.952138,synthetic_track_0,0.2689752465491486,44.129252528782764
38.625381,367,4046.465461,synthetic_track_0,0.2659040671410269,43.625381435063225
35.196808,345,4048.267433,synthetic_track_0,0.24500633049054094,40.19680758017958
42.752932,405,4048.84874,synthetic_track_0,0.2910621862426824,47.75293222358266
39.451289,379,4049.393296,synthetic_track_0,0.27093811058350187,44.451288566533215
38.222975,365,4050.145943,synthetic_track_0,0.2634513318034525,43.222974973923264
40.139307,379,4050.705365,synthetic_track_0,0.27513169744459975,45.13930672422253
36.558348,357,4051.195661,synthetic_track_0,0.2533051483535218,41.55834784778535
36.506291,359,4053.036084,synthetic_track_0,0.25298785098022075,41.50629065630486
39.435432,379,4053.579626,synthetic_track_0,0.2708414635669805,44.43543223531709
37.310603,421,4054.168084,synthetic_track_0,0.2578902708579822,42.31060305145431
37.890584,365,4054.678407,synthetic_track_0,0.26142535319848764,42.8905840843398
36.172596,470,4055.353276,synthetic_track_0,0.25095392292688323,41.172595545536716
38.827221,371,4057.281687,synthetic_track_0,0.2671343107373601,43.827220567217665
38.124042,522,4058.101637,synthetic_track_0,0.26284831916406326,43.12404208926917
39.660918,380,4058.659567,synthetic_track_0,0.27221583684571415,44.66091791202587
41.712611,393,4059.321598,synthetic_track_0,0.2847212546876222,46.712611326210244
41.72481,390,4059.967385,synthetic_track_0,0.28479561015476407,46.72481040857375
37.008823,363,4061.841631,synthetic_track_0,0.2560508718366067,42.00882322242962
38.195954,368,4062.361229,synthetic_track_0,0.26328663720500334,43.195954459514105
37.200519,359,4062.855592,synthetic_track_0,0.257219292069651,42.20051934385813
37.145176,358,4063.37411,synthetic_track_0,0.2568819629319507,42.14517565370867
37.019347,363,4063.903366,synthetic_track_0,0.25611501823463434,42.01934736037053
42.183427,389,4065.732374,synthetic_track_0,0.28759095773135396,47.183427328515926
46.060405,429,4066.384384,synthetic_track_0,0.31122179192301525,51.06040509092525
40.58062,388,4066.971813,synthetic_track_0,0.27782157813803654,45.580620287146544
40.412197,388,4067.512332,synthetic_track_0,0.2767950118661292,45.412197345512574
39.384842,371,4068.038765,synthetic_track_0,0.27053310635106265,44.38484180506415
40.329858,383,4068.614447,synthetic_track_0,0.27629313834595665,45.329857786042524
37.158347,357,4070.408583,synthetic_track_0,0.25696224262150436,42.158346689849346
40.077226,379,4070.992273,synthetic_track_0,0.27475330637490725,45.07722623435096
36.594234,458,4071.617028,synthetic_track_0,0.2535238798848482,41.594233897173716
42.588689,399,4072.194399,synthetic_track_0,0.2900610931840082,47.58868852845523
38.487705,368,4072.737195,synthetic_track_0,0.2650649039846094,43.48770466622483
40.694775,386,4074.635252,synthetic_track_0,0.2785173683700594,45.694774668450876
39.618817,383,4075.201457,synthetic_track_0,0.27195922493177,44.618817041787366
41.966613,405,4075.787441,synthetic_track_0,0.2862694380208255,46.96661303881504
40.476821,384,4076.312162,synthetic_track_0,0.2771889051689899,45.47682119939632
38.801638,370,4076.829929,synthetic_track_0,0.2669783783205759,43.80163761456319
37.38601,360,4078.758073,synthetic_track_0,0.25834988676279075,42.38600964217133
36.789374,466,4079.474332,synthetic_track_0,0.25471328975309276,41.78937366973416
44.440942,411,4080.062183,synthetic_track_0,0.30135088822686923,49.4409415622807
37.391649,359,4080.566725,synthetic_track_0,0.2583842616326155,42.39164933329757
36.579182,360,4081.12812,synthetic_track_0,0.25343213661064523,41.57918209531811
40.707207,392,4082.987322,synthetic_track_0,0.27859314785112854,45.70720738075248
27.020826,570,4083.892385,synthetic_track_0,0.19517234440715636,32.020826390075214
44.121698,409,4084.536283,synthetic_track_0,0.2994050448142738,49.1216980019994
40.024476,376,4085.111884,synthetic_track_0,0.27443178693801074,45.024476352695494
43.889618,519,4085.901523,synthetic_track_0,0.2979904782686223,48.88961804255072
41.441784,392,4087.900573,synthetic_track_0,0.2830705169582368,46.44178409190738
38.419709,367,4088.51641,synthetic_track_0,0.2646504581192848,43.4197088692693
38.199892,366,4089.131672,synthetic_track_0,0.26331063564369084,43.19989174807402
40.398529,379,4089.711145,synthetic_track_0,0.27671169928802136,45.39852872044275
36.617167,364,4090.259673,synthetic_track_0,0.2536636634317995,41.61716739578343
40.50009,379,4092.186359,synthetic_track_0,0.27733073407636444,45.500090268761284
39.236983,377,4092.727132,synthetic_track_0,0.2696318821865321,44.236983036453104
39.560852,501,4093.506471,synthetic_track_0,0.2716059194632883,44.56085220510275
33.940942,338,4093.959815,synthetic_track_0,0.2373516146740999,38.94094150464437
42.310776,410,4094.477813,synthetic_track_0,0.2883671672301653,47.31077564561107
40.88546,390,4096.35499,synthetic_track_0,0.27967962777862293,45.88546001813446
34.608365,342,4096.778905,synthetic_track_0,0.24141967362747782,39.60836500609579
37.688988,437,4097.354169,synthetic_track_0,0.2601965896154107,42.688987769617704
30.376464,328,4097.878885,synthetic_track_0,0.21562552320708867,35.37646414432348
34.871383,351,4098.289811,synthetic_track_0,0.24302281113838747,39.871382740868526
35.826616,377,4098.843439,synthetic_track_0,0.2488451166288996,40.826615583246756
38.650884,366,4100.771329,synthetic_track_0,0.2660595092689196,43.650883948782955
39.509563,375,4101.267318,synthetic_track_0,0.2712933022825516,44.50956286643475
37.144285,375,4101.828737,synthetic_track_0,0.2568765313601356,42.144284526337906
36.605548,354,4102.457994,synthetic_track_0,0.25359284303942603,41.60554829321049
13.002528,230,4102.880836,synthetic_track_0,0.10972844677591843,18.00252773996734
37.433255,392,4103.581634,synthetic_track_0,0.25863785240140946,42.433254541281016
40.326522,381,4105.503161,synthetic_track_0,0.27627280381884006,45.326521614801145
40.230609,388,4106.11711,synthetic_track_0,0.27568819812491424,45.23060865393207
41.826805,417,4106.774227,synthetic_track_0,0.28541728503265984,46.826805101503425
34.165064,344,4107.365427,synthetic_track_0,0.23871767929396367,39.16506402652703
39.051183,396,4107.911581,synthetic_track_0,0.2684993978820468,44.0511827202579
35.854503,352,4109.662455,synthetic_track_0,0.24901509237604827,40.85450254595401
24.559949,295,4110.081023,synthetic_track_0,0.18017288272559043,29.55994926166379
38.655232,387,4110.677001,synthetic_track_0,0.2660860139050199,43.65523241502534
35.307985,360,4111.167568,synthetic_track_0,0.24568397336447179,40.307984626735646
29.684921,325,4111.704126,synthetic_track_0,0.21141045007259243,34.68492085487255
29.131032,321,4112.157584,synthetic_track_0,0.20803440563661085,34.13103227450982
38.45947,369,4113.872333,synthetic_track_0,0.2648928092187928,43.45947004806931
28.69605,315,4114.309881,synthetic_track_0,0.20538311442795698,33.69604987083109
7.882845,188,4114.560333,synthetic_track_0,0.07852311576201457,12.882844980218685
38.001146,370,4115.051857,synthetic_track_0,0.2620992458385277,43.0011458511609
39.471026,374,4115.571005,synthetic_track_0,0.2710584134968703,44.47102598740037
39.394178,373,4116.024019,synthetic_track_0,0.2705900108689351,44.394177808549365
37.552805,361,4117.743677,synthetic_track_0,0.2593665356696181,42.5528054976193
41.872261,401,4118.288869,synthetic_track_0,0.2856943437307308,46.87226056035821
36.763937,377,4118.837325,synthetic_track_0,0.25455825199052107,41.76393749795329
41.157382,402,4119.383308,synthetic_track_0,0.28133703723127235,46.15738184446576
28.504047,319,4119.774095,synthetic_track_0,0.20421282430150242,33.50404696653106
29.333427,322,4120.211309,synthetic_track_0,0.20926803726567514,34.33342726209662
38.645789,374,4121.959584,synthetic_track_0,0.2660284562327191,43.64578925217478
35.011108,350,4122.407424,synthetic_track_0,0.24387446258391254,40.011108392906216
40.138207,376,4122.935804,synthetic_track_0,0.2751249970244909,45.13820742406452
38.930942,369,4123.41314,synthetic_track_0,0.26776651152694003,43.93094218714439
40.031311,380,4123.919983,synthetic_track_0,0.2744734445244871,45.03131087809119
38.237725,367,4125.693483,synthetic_track_0,0.26354123396207957,43.23772471432443
40.411242,388,4126.201773,synthetic_track_0,0.27678918880066483,45.41124198798556
37.289793,433,4126.817254,synthetic_track_0,0.25776343197271845,42.28979331052058
38.266575,371,4127.289097,synthetic_track_0,0.2637170804272107,43.266574852638726
37.950707,365,4127.872339,synthetic_track_0,0.2617918105295556,42.9507066729839
38.164631,365,4128.349623,synthetic_track_0,0.2630957159622715,43.16463108741309
39.355194,373,4130.077201,synthetic_track_0,0.2703523957450608,44.35519363457561
38.296658,374,4130.573279,synthetic_track_0,0.26390044416182656,43.29665830698368
37.434395,362,4131.107344,synthetic_track_0,0.2586448027350501,42.43439484334346
37.520087,360,4131.625099,synthetic_track_0,0.25916710866045994,42.52008663236643
38.638829,375,4132.276225,synthetic_track_0,0.26598603232230467,43.63882900033022
34.9314,344,4134.136439,synthetic_track_0,0.2433886272875927,39.93140013441866
38.03839,365,4134.775174,synthetic_track_0,0.2623262568114123,43.03839026185577
29.380398,323,4135.307363,synthetic_track_0,0.20955433136245713,34.380397920759385
37.938346,364,4135.851334,synthetic_track_0,0.26171647070873183,42.938346093260456
29.218246,318,4136.29058,synthetic_track_0,0.20856598649381083,34.21824574931022
37.888669,508,4137.117502,synthetic_track_0,0.2614136798878103,42.88866891005764
40.434318,382,4139.207258,synthetic_track_0,0.2769298403605352,45.43431789658206
39.800231,377,4139.799549,synthetic_track_0,0.27306497293734533,44.80023088412886
38.40472,367,4140.523295,synthetic_track_0,0.26455910088342627,43.404720402548826
39.814809,376,4141.192181,synthetic_track_0,0.2731538282535804,44.814808874999656
41.256439,454,4142.039784,synthetic_track_0,0.281940808163979,46.25643913803007
37.254591,366,4144.009963,synthetic_track_0,0.25754886582568565,42.254590652253626
38.214092,363,4144.571832,synthetic_track_0,0.2633971901798956,43.214092262934386
38.271215,366,4145.101586,synthetic_track_0,0.26374536174447477,43.27121480894476
40.439917,386,4145.69127,synthetic_track_0,0.27696396926447514,45.439917233472045
42.399484,399,4146.36981,synthetic_track_0,0.28890785662999796,47.39948350765774
36.878631,357,4146.886471,synthetic_track_0,0.2552573257264995,41.87863058524301
39.041996,370,4148.885312,synthetic_track_0,0.26844340108580367,44.04199564154371
35.506276,348,4149.38808,synthetic_track_0,0.2468925902799945,40.506275591275816
36.872844,356,4149.871515,synthetic_track_0,0.2552220553254668,41.87284396935946
39.866607,375,4150.42834,synthetic_track_0,0.2734695494088467,44.86660746527209
37.191693,360,4150.94641,synthetic_track_0,0.2571654947968489,42.191693128556544
40.971887,383,4152.905319,synthetic_track_0,0.2802064120431993,45.97188654302076
37.52455,362,4153.398786,synthetic_track_0,0.2591943132166272,42.52454993054885
38.466085,365,4153.935381,synthetic_track_0,0.2649331280738802,43.46608493535225
39.084748,371,4154.459844,synthetic_track_0,0.2687039824749955,44.084747761210764
36.896485,357,4155.051774,synthetic_track_0,0.2553661534020547,41.896485328526296
40.207071,378,4155.559665,synthetic_track_0,0.27554472959397963,45.20707058077191
41.231331,392,4157.456329,synthetic_track_0,0.2817877709333906,46.23133118225501
36.802998,356,4157.947468,synthetic_track_0,0.2547963345753179,41.80299836560562
36.992049,358,4158.49333,synthetic_track_0,0.2559486328964503,41.992049455823505
37.772835,362,4159.001899,synthetic_track_0,0.260707650053966,42.77283457500155
38.624071,368,4159.577311,synthetic_track_0,0.2658960783422023,43.62407075787172
36.379922,352,4161.400116,synthetic_track_0,0.2522176134834291,41.379922131917816
36.880228,356,4161.966333,synthetic_track_0,0.25526706171189306,41.88022791348626
37.18104,361,4162.489798,synthetic_track_0,0.25710056505958395,42.18104047256252
37.120479,361,4163.001634,synthetic_track_0,0.25673143296944895,42.120479051275495
37.784217,365,4163.510444,synthetic_track_0,0.26077702932267494,42.78421724053824
39.169734,370,4164.123208,synthetic_track_0,0.2692219901119303,44.169734354272435
38.164633,366,4166.015172,synthetic_track_0,0.26309572520185504,43.16463260329948
37.409117,362,4166.633349,synthetic_track_0,0.25849072859177996,42.409116767149634
41.613385,396,4167.215873,synthetic_track_0,0.2841164522881991,46.61338480571599
38.577111,513,4167.993308,synthetic_track_0,0.26560984978382546,43.57711085172566
37.157599,362,4168.506447,synthetic_track_0,0.2569576857187961,42.15759906450857
37.140942,358,4170.334368,synthetic_track_0,0.2568561594145715,42.14094221606277
38.848936,369,4170.866069,synthetic_track_0,0.26726666934570736,43.848935898003866
38.221328,368,4171.436298,synthetic_track_0,0.2634412922250677,43.22132783688925
37.43223,364,4171.944128,synthetic_track_0,0.2586316058841992,42.43222971041299
40.357433,382,4172.527794,synthetic_track_0,0.27646121570943977,45.35743329164268
36.830975,356,4173.007212,synthetic_track_0,0.2549668590879388,41.830975361170594
36.96889,358,4174.806374,synthetic_track_0,0.25580747196244663,41.96888997708423
39.171117,372,4175.356386,synthetic_track_0,0.26923042056814595,44.17111749170254
37.998418,360,4175.910667,synthetic_track_0,0.26208262043220854,42.998418214461005
38.304811,364,4176.445132,synthetic_track_0,0.26395013375130805,43.30481059783725
39.463527,376,4176.978688,synthetic_track_0,0.2710127064702878,44.463527093192525
36.782969,355,4178.825425,synthetic_track_0,0.2546742491774681,41.7829685025572
48.731192,506,4179.58154,synthetic_track_0,0.3275006898243824,53.73119210793217
40.048948,375,4180.286492,synthetic_track_0,0.2745809476315177,45.04894830688305
39.436651,375,4180.8418,synthetic_track_0,0.2708488924711972,44.436651053756314
40.299933,382,4181.416318,synthetic_track_0,0.27611074081506864,45.29993285129686
38.687377,367,4181.937991,synthetic_track_0,0.2662819383687745,43.687376637397165
36.6733,355,4183.855052,synthetic_track_0,0.2540057986870667,41.67329959855074
39.170149,370,4184.368096,synthetic_track_0,0.26922451457152585,44.17014852812828
38.565594,367,4184.927881,synthetic_track_0,0.2655396526735977,43.56559400754102
37.032554,358,4185.483408,synthetic_track_0,0.25619551482898445,42.032553982858495
39.416224,372,4186.014064,synthetic_track_0,0.2707243862707103,44.41622402326494
48.508922,522,4188.0642,synthetic_track_0,0.3261459183671258,53.50892239158065
40.246834,378,4188.537432,synthetic_track_0,0.27578709510265803,45.246834123603286
47.465002,444,4189.197913,synthetic_track_0,0.31978305017404285,52.465002473661315
38.393337,366,4189.725322,synthetic_track_0,0.2644897197882794,43.39333743735876
39.502523,373,4190.247005,synthetic_track_0,0.2712503908892688,44.502522636023826
39.627993,372,4192.203139,synthetic_track_0,0.27201515432102724,44.62799306141734
42.517916,407,4192.807106,synthetic_track_0,0.28962972267715076,47.51791600096504
38.473911,367,4193.34769,synthetic_track_0,0.2649808304573371,43.47391119651495
40.146496,376,4193.923213,synthetic_track_0,0.27517551497736875,45.14649561983118
39.197462,371,4194.424276,synthetic_track_0,0.26939099230344404,44.197461591194454
38.992126,368,4196.028991,synthetic_track_0,0.2681394384305989,43.99212620209549
42.059717,391,4196.747336,synthetic_track_0,0.2868369232420213,47.0597171402288
38.059079,362,4197.21416,synthetic_track_0,0.26245235693695596,43.059078798646496
38.111459,363,4197.767106,synthetic_track_0,0.26277162423585715,43.11145918471603
39.137006,371,4198.273505,synthetic_track_0,0.2690225045077718,44.137005875668144
38.98778,370,4198.875122,synthetic_track_0,0.26811294858615636,43.98778016263703
36.886846,359,4200.627763,synthetic_track_0,0.2553073973699613,41.886845557539544
43.236494,401,4201.208143,synthetic_track_0,0.29400957964833996,48.236494445640766
38.740933,365,4201.699008,synthetic_track_0,0.2666083763949071,43.74093348426326
42.494722,406,4202.229861,synthetic_track_0,0.2894883508814039,47.49472192732815
40.535854,375,4202.766353,synthetic_track_0,0.27754871786743524,45.53585364062081
41.579503,381,4204.696599,synthetic_track_0,0.28390993529502123,46.579502726750164
39.137198,370,4205.177204,synthetic_track_0,0.2690236760644501,44.13719808636847
39.992398,385,4205.711116,synthetic_track_0,0.2742362638351081,44.99239797933623
39.998872,375,4206.248122,synthetic_track_0,0.2742757210834852,44.99887150766296
39.712023,379,4206.767172,synthetic_track_0,0.2725273321091818,44.71202318405161
39.376535,372,4207.299601,synthetic_track_0,0.2704824722656531,44.376534556087634
40.536979,381,4209.061674,synthetic_track_0,0.277555575669471,45.536978761544425
39.385035,379,4209.605063,synthetic_track_0,0.2705342837236191,44.385034969942815
39.029505,369,4210.227809,synthetic_track_0,0.2683672674059639,44.02950481784636
39.603891,375,4210.782356,synthetic_track_0,0.27186824691420886,44.603890791275354
37.9888,366,4211.297459,synthetic_track_0,0.2620239959642296,42.9888000284569
38.974944,370,4213.175276,synthetic_track_0,0.2680347088485221,43.974943809908865
38.974574,369,4213.706291,synthetic_track_0,0.26803245377098167,43.97457383204834
39.640413,376,4214.231947,synthetic_track_0,0.2720908546280101,44.64041278407291
39.195312,369,4214.839563,synthetic_track_0,0.26937788949660374,44.1953118875347
37.989004,360,4215.301725,synthetic_track_0,0.2620252366417597,42.989003579425756
37.745183,358,4215.74508,synthetic_track_0,0.2605391110603165,42.74518333234214
39.272249,371,4217.431551,synthetic_track_0,0.26984683243491225,44.27224871206299
39.654717,375,4217.903536,synthetic_track_0,0.27217803958015196,44.654716727722516
41.136383,382,4218.386281,synthetic_track_0,0.2812090437122134,46.13638266927375
38.223739,368,4218.833178,synthetic_track_0,0.26345598631812445,43.22373861390871
39.426975,374,4219.279317,synthetic_track_0,0.2707899142438353,44.426974828444344
41.316914,390,4220.746928,synthetic_track_0,0.28230941118408254,46.316913757779325
39.836355,379,4221.168887,synthetic_track_0,0.2732851530017713,44.83635458617771
39.325254,370,4221.785285,synthetic_track_0,0.27016991070677987,44.325254342985254
38.448607,366,4222.184196,synthetic_track_0,0.2648265944778434,43.448606568764156
35.018137,344,4222.546108,synthetic_track_0,0.2439173036613951,40.01813708700015
37.688168,362,4222.975221,synthetic_track_0,0.2601915939843401,42.688168164587566
36.348328,367,4224.586183,synthetic_track_0,0.25202504332974407,41.348328232291365
37.665824,453,4225.13896,synthetic_track_0,0.2600554032200331,42.66582411357434
39.948813,373,4225.557482,synthetic_track_0,0.27397060317959016,44.9488125330741
41.633758,394,4226.179618,synthetic_track_0,0.284240628733696,46.633757735164934
40.121731,380,4226.593651,synthetic_track_0,0.27502456767152816,45.1217305462289
36.794484,363,4228.228374,synthetic_track_0,0.2547444355497796,41.79448358503245
40.854306,523,4228.803213,synthetic_track_0,0.2794897369531394,45.854305700783065
38.72129,370,4229.231719,synthetic_track_0,0.26648864898482943,43.72129048297701
38.581675,366,4229.745095,synthetic_track_0,0.2656376710749976,43.58167533414388
37.601137,362,4230.123276,synthetic_track_0,0.2596611253408387,42.60113716441931
36.860794,360,4231.58108,synthetic_track_0,0.2551486116654604,41.86079448205294
35.740592,346,4231.946431,synthetic_track_0,0.24832079097678936,40.740592429048945
37.726348,359,4232.32504,synthetic_track_0,0.2604243040934072,42.726347600430735
37.119462,360,4232.835215,synthetic_track_0,0.25672523199145547,42.11946169177008
37.592343,360,4233.241251,synthetic_track_0,0.2596075254139033,42.59234332654166
39.671124,373,4233.637283,synthetic_track_0,0.2722780468685706,44.67112435980749
35.938118,348,4235.066869,synthetic_track_0,0.2495247404341294,40.93811763003483
36.453833,353,4235.454359,synthetic_track_0,0.2526681098041743,41.45383252388328
34.536406,340,4235.84647,synthetic_track_0,0.24098106954073878,39.536405705929006
37.861678,364,4236.233183,synthetic_track_0,0.2612491633664349,42.861677611750174
39.161398,370,4236.623126,synthetic_track_0,0.2691711787862113,44.16139802647742
38.180939,368,4237.004358,synthetic_track_0,0.2631951155050062,43.180939010089475
37.583833,361,4238.494685,synthetic_track_0,0.25955565342206194,42.58383298123477
39.332924,377,4238.924452,synthetic_track_0,0.27021665963814584,44.33292417663785
34.052926,337,4239.319947,synthetic_track_0,0.23803417661930013,39.05292559549555
39.126471,383,4239.793122,synthetic_track_0,0.26895829098704976,44.126470725285124
40.24359,376,4240.23117,synthetic_track_0,0.27576732379486174,45.243590356581
35.069415,344,4241.625121,synthetic_track_0,0.24422985233795474,40.069415186573956
36.732517,500,4242.229338,synthetic_track_0,0.2543667384298063,41.73251694757962
37.803196,363,4242.628017,synthetic_track_0,0.26089270713131946,42.80319584654435
36.578572,353,4243.016417,synthetic_track_0,0.25342841796588217,41.578571998233265
36.911103,354,4243.354337,synthetic_track_0,0.25545525245859946,41.911103308495775
39.0025,368,4243.780975,synthetic_track_0,0.26820266873377346,44.00250004151774
38.069928,363,4245.211613,synthetic_track_0,0.26251848344680234,43.06992780237192
39.490746,378,4245.613487,synthetic_track_0,0.27117860767095925,44.49074556802686
36.824348,500,4246.158998,synthetic_track_0,0.2549264656008915,41.82434822944268
34.350456,344,4246.606145,synthetic_track_0,0.23984767350158528,39.3504558065661
39.194365,377,4247.016323,synthetic_track_0,0.26937211685888907,44.194364803404326
37.513766,360,4248.484815,synthetic_track_0,0.25912858287251705,42.51376592350264
39.397249,371,4249.006237,synthetic_track_0,0.2706087272989324,44.397248507717364
38.139032,367,4249.483524,synthetic_track_0,0.2629396868798529,43.13903227537287
38.776549,365,4249.90541,synthetic_track_0,0.2668254608798886,43.77654931204197
39.400976,378,4250.350611,synthetic_track_0,0.270631446791594,44.40097596681203
38.485269,365,4250.924439,synthetic_track_0,0.265050059615853,43.48526923431841
36.552872,352,4252.487404,synthetic_track_0,0.2532717708415038,41.55287178753252
38.302649,364,4253.033154,synthetic_track_0,0.2639369582345677,43.30264896507404
39.726418,375,4253.472072,synthetic_track_0,0.2726150694553696,44.72641775587857
37.386897,360,4253.873121,synthetic_track_0,0.2583552947784417,42.38689690481502
37.448274,364,4254.314328,synthetic_track_0,0.25872939638697484,42.44827364697321
38.917851,369,4255.85408,synthetic_track_0,0.2676867215543304,43.91785149610226
38.379931,363,4256.237253,synthetic_track_0,0.26440800574348494,43.37993107463897
35.283161,347,4256.623071,synthetic_track_0,0.24553266705906263,40.283160654097784
39.760676,380,4257.027995,synthetic_track_0,0.27282387619286436,44.760675500287526
36.589299,362,4257.451266,synthetic_track_0,0.2534938007990017,41.589298991110105
40.036587,381,4257.98099,synthetic_track_0,0.2745056013114186,45.03658666086013
38.928016,366,4259.474128,synthetic_track_0,0.2677486743528776,43.9280157425414
29.490723,320,4259.946067,synthetic_track_0,0.21022678155324104,34.4907230330619
37.466568,359,4260.351874,synthetic_track_0,0.2588409006784085,42.466567527536
39.546425,378,4260.784513,synthetic_track_0,0.27151798225004353,44.546424842214364
38.924325,380,4261.230524,synthetic_track_0,0.26772617908704,43.92432507107782
38.434931,365,4262.686408,synthetic_track_0,0.2647432423342852,43.43493145241391
37.296229,355,4263.037341,synthetic_track_0,0.2578026579521351,42.296228895852586
37.014414,497,4263.567469,synthetic_track_0,0.25608494817777355,42.01441393564171
37.146095,356,4263.978648,synthetic_track_0,0.25688756656403483,42.14609501003789
37.139905,355,4264.421394,synthetic_track_0,0.25684983560117347,42.13990470364492
37.794531,361,4264.829016,synthetic_track_0,0.2608398916626537,42.79453071031311
38.982886,370,4266.17713,synthetic_track_0,0.2680831164514901,43.98288577246153
38.475236,369,4266.625448,synthetic_track_0,0.26498890378857304,43.47523574246269
37.192014,358,4267.003124,synthetic_track_0,0.2571674495311713,42.19201383079828
40.294492,377,4267.407486,synthetic_track_0,0.27607757590110865,45.294491670809016
39.453132,373,4267.831013,synthetic_track_0,0.270949345098041,44.4531317500064
37.63552,359,4269.219893,synthetic_track_0,0.259870696410126,42.63552030843705
36.187545,350,4269.614341,synthetic_track_0,0.2510450435428492,41.1875451913652
38.277522,364,4269.986295,synthetic_track_0,0.2637838060617057,43.27752215136807
37.236516,365,4270.349063,synthetic_track_0,0.25743869605984765,42.236515719782794
38.807129,371,4270.726212,synthetic_track_0,0.2670118499957839,43.807129123639825
37.117587,354,4271.151729,synthetic_track_0,0.2567138083894839,42.1175874857877
39.442969,373,4272.635413,synthetic_track_0,0.2708873992574505,44.44296864512
39.770479,382,4273.030574,synthetic_track_0,0.2728836319655527,44.77047929307831
38.892948,369,4273.447111,synthetic_track_0,0.2675349324392582,43.89294831160451
39.963943,375,4273.843066,synthetic_track_0,0.27406282426603434,44.963942726890764
37.718732,359,4274.229729,synthetic_track_0,0.26037788507819115,42.71873189426116
39.248085,373,4275.641073,synthetic_track_0,0.26969955105168464,44.24808508571958
39.308852,371,4276.033488,synthetic_track_0,0.27006993291969744,44.30885155101821
39.902316,383,4276.447191,synthetic_track_0,0.2736871960837215,44.902315528377606
39.659397,376,4276.833287,synthetic_track_0,0.2722065650001592,44.659396732589656
35.880033,348,4277.207189,synthetic_track_0,0.24917070642608094,40.880033265970155
38.98782,376,4277.598736,synthetic_track_0,0.26811319334459177,43.987820318773856
39.410229,370,4279.162111,synthetic_track_0,0.270687848468154,44.410229471957564
40.592401,380,4279.559176,synthetic_track_0,0.2778933807633599,45.59240053914287
38.668095,368,4280.010104,synthetic_track_0,0.2661644154070671,43.66809530752888
38.940889,368,4280.423069,synthetic_track_0,0.26782714126200285,43.94088936601556
36.863839,364,4280.813482,synthetic_track_0,0.2551671699773134,41.86383923966828
36.47813,493,4282.526196,synthetic_track_0,0.25281620962584234,41.47813042680819
38.402189,373,4282.976298,synthetic_track_0,0.2645436702950641,43.402188792896126
38.572247,367,4283.405123,synthetic_track_0,0.2655802012874481,43.57224659004908
39.072583,377,4283.859721,synthetic_track_0,0.2686298386904277,44.07258340841396
39.510336,374,4284.307154,synthetic_track_0,0.27129801223686867,44.51033560209025
37.493088,369,4284.851609,synthetic_track_0,0.2590025445346348,42.493087523865235
40.219321,379,4286.386132,synthetic_track_0,0.27561939756379855,45.21932093368812
39.544359,378,4286.862403,synthetic_track_0,0.2715053928769928,44.54435937474231
40.267688,383,4287.259638,synthetic_track_0,0.2759142019527899,45.26768782802244
35.079205,376,4287.631063,synthetic_track_0,0.24428952594757902,40.07920549933395
39.227019,376,4288.030188,synthetic_track_0,0.26957114696666645,44.227018551284935
37.076145,354,4289.487262,synthetic_track_0,0.2564612085560964,42.076144854990645
40.309285,384,4289.899629,synthetic_track_0,0.27616774307809844,45.30928489127907
40.587042,390,4290.311822,synthetic_track_0,0.2778607220187444,45.58704240300618
36.449076,352,4290.696389,synthetic_track_0,0.2526391180061113,41.44907600299742
28.976815,601,4291.395612,synthetic_track_0,0.20709442471096381,33.97681490256836
6.529942,180,4291.578902,synthetic_track_0,0.07027694371633339,11.529942015100815
39.470724,382,4293.124288,synthetic_track_0,0.27105657449033443,44.47072427196422
39.264061,379,4293.697513,synthetic_track_0,0.2697969264596875,44.26406092002025
37.642984,362,4294.115355,synthetic_track_0,0.25991619178360015,42.642984477912464
38.742093,371,4294.549587,synthetic_track_0,0.2666154424144896,43.74209276626608
39.845345,376,4294.976475,synthetic_track_0,0.27333995339453354,44.84534537771673
39.360968,372,4296.527136,synthetic_track_0,0.27038759365793424,44.36096835773548
38.821329,370,4296.957196,synthetic_track_0,0.26709840016638464,43.82132892226014
38.142996,362,4297.359946,synthetic_track_0,0.2629638465262008,43.14299601236492
38.626048,369,4297.773518,synthetic_track_0,0.2659081270406087,43.62604751990257
37.948228,360,4298.225113,synthetic_track_0,0.26177669972581014,42.948227528590685
40.169938,457,4299.740535,synthetic_track_0,0.2753183975570951,45.16993755927951
39.834591,380,4300.143097,synthetic_track_0,0.2732744047403907,44.834591179519315
41.136587,389,4300.608787,synthetic_track_0,0.2812102866467377,46.136586590534925
44.955026,548,4301.146112,synthetic_track_0,0.30448432130643377,49.955026264959386
33.223774,513,4301.702471,synthetic_track_0,0.23298035501869915,38.223773573108296
39.537641,381,4303.183127,synthetic_track_0,0.2714644438628756,44.53764110081946
40.245515,396,4303.621721,synthetic_track_0,0.2757790565131884,45.24551527754131
37.418716,367,4304.115561,synthetic_track_0,0.25854923577287653,42.418715710556064
37.900909,363,4304.583256,synthetic_track_0,0.26148828232324356,42.900908511116604
41.009117,389,4305.099101,synthetic_track_0,0.280433340019385,46.00911733691508
40.304522,383,4306.587175,synthetic_track_0,0.27613871463128864,45.304522357639925
39.71026,386,4307.112586,synthetic_track_0,0.27251658543857443,44.7102600383824
40.42919,393,4307.536283,synthetic_track_0,0.2768985870915217,45.42919034890494
39.021442,373,4307.921852,synthetic_track_0,0.2683181255472717,44.021442390095906
38.050878,366,4308.317061,synthetic_track_0,0.2624023719867053,43.05087804961643
39.43742,376,4308.71127,synthetic_track_0,0.2708535791360603,44.437419968442384
37.654632,360,4310.057364,synthetic_track_0,0.25998718380105007,42.65463173804427
40.639418,388,4310.456325,synthetic_track_0,0.2781799615500208,45.63941823339803
37.442336,358,4310.845475,synthetic_track_0,0.2586932026450595,42.44233554375578
39.409783,386,4311.24154,synthetic_track_0,0.2706851295846402,44.40978340006538
39.158746,377,4311.693126,synthetic_track_0,0.2691550152886293,44.158746172540326
39.647922,379,4313.119592,synthetic_track_0,0.2721366228105766,44.64792171179832
39.075922,375,4313.537256,synthetic_track_0,0.26865019063781087,44.075922437700285
39.243321,372,4313.958757,synthetic_track_0,0.26967051145766757,44.24332072322097
38.501936,366,4314.38025,synthetic_track_0,0.26515164865532287,43.50193637538228
39.390759,375,4314.825956,synthetic_track_0,0.27056917086167054,44.39075870602942
40.37066,380,4315.236211,synthetic_track_0,0.27654183618528877,45.37066023866987
39.791081,379,4316.715427,synthetic_track_0,0.27300920260743966,44.791080960470104
40.617694,378,4317.101578,synthetic_track_0,0.27804755063072484,45.617694320249356
41.417811,390,4317.540227,synthetic_track_0,0.282924396354637,46.41781090813436
39.518369,373,4317.926532,synthetic_track_0,0.27134697712195344,44.518368994778506
39.744829,373,4318.378799,synthetic_track_0,0.27272728765232956,44.74482876289689
39.570277,374,4319.843212,synthetic_track_0,0.2716633678738729,44.57027744199941
40.431007,382,4320.461548,synthetic_track_0,0.2769096612981314,45.43100723155977
39.899361,380,4320.91738,synthetic_track_0,0.2736691865945205,44.899360813001145
39.209932,374,4321.399549,synthetic_track_0,0.2694670024675781,44.2099321503662
40.263764,384,4321.916532,synthetic_track_0,0.2758902873741228,45.26376429790337
-1.636934,242,4322.211807,synthetic_track_0,0.02049845462619136,3.3630659038496455
39.359315,376,4323.812132,synthetic_track_0,0.2703775151155698,44.35931482810095
39.898883,380,4324.306583,synthetic_track_0,0.2736662762314693,44.898883326140606
39.73061,376,4324.813584,synthetic_track_0,0.27264061997411926,44.73060968546544
39.335459,376,4325.388955,synthetic_track_0,0.27023211155188637,44.33545928502517
38.904852,371,4325.897031,synthetic_track_0,0.2676074863821509,43.904851828039384
40.423417,382,4327.461471,synthetic_track_0,0.2768633986339882,45.423417177029386
40.413083,383,4327.919745,synthetic_track_0,0.2768004113193153,45.41308320336093
41.585919,392,4328.367265,synthetic_track_0,0.28394904182334724,46.58591871441506
38.788978,371,4328.742075,synthetic_track_0,0.2669012145975967,43.78897779749415
5.303531,163,4328.906203,synthetic_track_0,0.06280176130149433,10.303530972763978
40.626962,383,4329.306572,synthetic_track_0,0.27810404117192833,45.62696240491603
0.635024,211,4329.584453,synthetic_track_0,0.034346424110158626,5.635024198187357
39.537713,372,4331.065517,synthetic_track_0,0.27146488488241005,44.53771345640852
37.934485,360,4331.463427,synthetic_track_0,0.26169293716549874,42.934485077477206
40.375694,380,4331.966185,synthetic_track_0,0.2765725186598952,45.3756941393261
39.927723,374,4332.361195,synthetic_track_0,0.2738420583888493,44.92772291384467
-41.762473,965,4334.517473,synthetic_track_0,-0.2240734808893521,-36.762472941400475
37.923456,360,4334.940124,synthetic_track_0,0.2616257156355435,42.92345641997498
39.824081,379,4335.359857,synthetic_track_0,0.27321034401968114,44.824081098173025
39.885334,379,4335.757568,synthetic_track_0,0.27358368933068095,44.88533375885805
38.737426,373,4336.226804,synthetic_track_0,0.26658699707521794,43.73742589979383
3.991785,204,4336.469753,synthetic_track_0,0.05480645056334148,8.99178540830526
3.953483,205,4337.693366,synthetic_track_0,0.054572989241024286,8.953482725138628
40.940266,384,4338.16647,synthetic_track_0,0.2800136773661056,45.94026565096605
0.108333,213,4338.443141,synthetic_track_0,0.031136154767894608,5.10833340300189
2.747755,204,4338.661676,synthetic_track_0,0.04722387274771148,7.747754607932187
40.898523,378,4339.081069,synthetic_track_0,0.2797592486924436,45.89852297265404
4.855973,200,4339.312854,synthetic_track_0,0.06007382127995785,9.85597323041329
4.85681,200,4339.556409,synthetic_track_0,0.06007892281221221,9.856810210053702
-2.167514,242,4339.89115,synthetic_track_0,0.017264481136241027,2.832486102769958
40.009453,377,4341.407228,synthetic_track_0,0.27434021623481436,45.00945286359219
0.117351,218,4341.664368,synthetic_track_0,0.031191116319292396,5.117350634929823
40.096263,379,4342.108949,synthetic_track_0,0.27486934020689074,45.09626325109944
43.525495,393,4342.553279,synthetic_track_0,0.2957710842597629,48.52549457790347
40.163763,379,4342.978707,synthetic_track_0,0.2752807637055285,45.16376318538928
41.500684,383,4344.386344,synthetic_track_0,0.2834295241726106,46.50068438190065
40.473641,379,4344.769913,synthetic_track_0,0.2771695231749488,45.473641304887344
40.985724,379,4345.232287,synthetic_track_0,0.2802907560321341,45.985724385851064
5.28841,202,4345.455554,synthetic_track_0,0.06270959453004604,10.288409690102522
41.480686,387,4345.838953,synthetic_track_0,0.28330762939549925,46.4806857929223
47.012614,427,4346.342012,synthetic_track_0,0.31702566490788414,52.01261381600382
40.580162,379,4347.969604,synthetic_track_0,0.2778187837048924,45.58016182025238
1.212361,223,4348.230594,synthetic_track_0,0.037865390082805366,6.212361109443784
3.7308,201,4348.435513,synthetic_track_0,0.05321570146110256,8.730800169911554
39.092162,374,4348.901981,synthetic_track_0,0.26874917455934005,44.09216217174828
39.31312,376,4349.35728,synthetic_track_0,0.2700959488454717,44.31311983731218
4.673344,205,4349.633515,synthetic_track_0,0.05896066323362376,9.67334366445378
40.790041,383,4350.122473,synthetic_track_0,0.2790980319804545,45.79004087389598
40.00226,377,4351.639856,synthetic_track_0,0.27429637728106765,45.002260453564475
40.085351,385,4352.096376,synthetic_track_0,0.27480282881482154,45.08535110191725
3.825375,159,4352.271661,synthetic_track_0,0.05379215314391132,8.825375348139566
40.697768,381,4352.737569,synthetic_track_0,0.2785356149677455,45.69776828487993
3.541093,203,4352.965583,synthetic_track_0,0.0520594013802137,8.541092533527724
0.285425,218,4353.259602,synthetic_track_0,0.03221555743707604,5.285424914505889
3.555239,200,4353.491689,synthetic_track_0,0.052145623648372615,8.555238535042752
4.249528,203,4353.738807,synthetic_track_0,0.05637743533368529,9.249528024173468
41.267094,385,4355.539614,synthetic_track_0,0.2820057500155625,46.267093781552035
4.61717,202,4355.807439,synthetic_track_0,0.05861827589323536,9.617170103501593
-15.546101,337,4356.226586,synthetic_track_0,-0.06428026611429458,-10.546100923293462
1.212361,218,4356.553491,synthetic_track_0,0.03786539008280535,6.2123611094437825
39.545588,372,4356.975229,synthetic_track_0,0.27151287998142726,44.5455877417632
41.125478,383,4357.456416,synthetic_track_0,0.2811425808535768,46.12547848269827
1.45611,209,4357.737453,synthetic_track_0,0.03935108229453132,6.456110256000735
3.766739,206,4359.125202,synthetic_track_0,0.05343475288463778,8.766738702211434
1.312144,214,4359.400265,synthetic_track_0,0.038473581655620544,6.31214367251222
2.96919,209,4359.611378,synthetic_track_0,0.04857355945262311,7.9691900976284575
0.733539,219,4359.878851,synthetic_track_0,0.034946888078149156,5.733538936691545
0.997816,204,4360.115234,synthetic_track_0,0.036557698500915295,5.997815522861542
1.312361,222,4360.383294,synthetic_track_0,0.038474906901334455,6.312361098106293
42.036442,388,4360.836541,synthetic_track_0,0.2866950590093503,47.03644227524155
43.01095,399,4362.481972,synthetic_track_0,0.2926348510513142,48.010950473862664
40.223628,380,4362.965626,synthetic_track_0,0.2756456504118628,45.223628090486706
0.218912,221,4363.275462,synthetic_track_0,0.031810149764036635,5.218911962811678
42.050878,390,4363.797644,synthetic_track_0,0.28678304560700646,47.050877740351936
-5.369387,257,4364.095824,synthetic_track_0,-0.002251473857842687,-0.3693866246407096
3.525137,203,4364.357279,synthetic_track_0,0.05196214775744119,8.525136679843312
40.628446,385,4364.818815,synthetic_track_0,0.27811308449280064,45.62844609159573
3.483148,203,4365.054239,synthetic_track_0,0.05170622055572737,8.483148146480818
39.071884,372,4366.696781,synthetic_track_0,0.2686255732450993,44.07188360084259
5.681346,207,4366.950945,synthetic_track_0,0.06510460649017012,10.681345802082099
39.500416,375,4367.426268,synthetic_track_0,0.27123755100483726,44.50041606856163
40.122889,379,4367.900934,synthetic_track_0,0.2750316314693918,45.122889463726835
40.126188,378,4368.371175,synthetic_track_0,0.275051738567367,45.12618832195098
-5.572672,269,4368.696475,synthetic_track_0,-0.003490529970998101,-0.5726715767553501
39.477206,377,4370.33985,synthetic_track_0,0.2710960834307604,44.47720628111402
38.789035,370,4370.75966,synthetic_track_0,0.2669015626691427,43.789034903630686
39.528719,372,4371.207286,synthetic_track_0,0.27141006497174064,44.52871946267648
3.836878,213,4371.461734,synthetic_track_0,0.05386226248221406,8.836877792079225
40.377078,381,4371.892027,synthetic_track_0,0.27658095469332333,45.377078191778025
4.00827,202,4372.166398,synthetic_track_0,0.05490692672560676,9.008269965879286
39.897134,374,4373.804292,synthetic_track_0,0.2736556167782985,44.897134489744595
6.852985,179,4374.023746,synthetic_track_0,0.07224594681269036,11.852985254149264
39.446832,375,4374.499615,synthetic_track_0,0.2709109455917151,44.446831759455684
40.067137,377,4374.944372,synthetic_track_0,0.2746918131076319,45.06713738061729
39.535096,374,4375.372379,synthetic_track_0,0.271448931885653,44.535096138155204
40.289661,379,4375.800279,synthetic_track_0,0.2760481315112831,45.289660895743886
39.389942,376,4377.456471,synthetic_track_0,0.27056419585813907,44.38994248524335
6.816908,220,4377.719575,synthetic_track_0,0.07202604946888401,11.816907936478822
-1.635211,234,4377.988784,synthetic_track_0,0.020508958580379537,3.3647892284041085
39.458408,376,4378.640993,synthetic_track_0,0.2709815021908347,44.45840758295643
39.821027,378,4379.159553,synthetic_track_0,0.2731917308526618,44.82102734077975
40.118445,379,4379.634629,synthetic_track_0,0.2750045414158445,45.11844495134385
39.014363,373,4381.249949,synthetic_track_0,0.2682749764258375,44.01436315696723
40.696897,382,4381.69863,synthetic_track_0,0.2785303035958729,45.696896878036185
3.95151,204,4381.946494,synthetic_track_0,0.05456096686925999,8.95151028237154
1.925172,236,4382.232562,synthetic_track_0,0.04221009040548707,6.9251716009715665
5.127994,214,4382.589538,synthetic_track_0,0.06173183564352693,10.127994301069394
4.453893,208,4382.826491,synthetic_track_0,0.0576230721511981,9.453892635357597
-42.704933,903,4385.071615,synthetic_track_0,-0.22981793592673375,-37.70493329876474
40.939204,389,4385.59326,synthetic_track_0,0.28000720755869724,45.93920418613387
4.452042,205,4385.888828,synthetic_track_0,0.05761179242452343,9.452042034184188
3.57195,254,4386.2064,synthetic_track_0,0.05224748074338607,8.571949654468664
2.583538,241,4386.507401,synthetic_track_0,0.04622294665088962,7.583538305294725
39.085335,376,4386.956248,synthetic_track_0,0.26870755880914193,44.085334510194926
39.321562,377,4387.423535,synthetic_track_0,0.2701474065000357,44.32156220463752
39.269687,378,4389.342515,synthetic_track_0,0.2698312166054874,44.26968671095331
36.203792,362,4389.757252,synthetic_track_0,0.25114406803588923,41.203791581752284
40.623972,383,4390.256875,synthetic_track_0,0.2780858133912293,45.62397187568396
0.326801,257,4390.551664,synthetic_track_0,0.03246775248743541,5.326801134833227
40.204727,382,4390.976873,synthetic_track_0,0.2755304473557826,45.204727374457725
40.069669,380,4392.637304,synthetic_track_0,0.27470724280557857,45.069668844184534
4.887864,200,4392.917469,synthetic_track_0,0.06026820346612359,9.887864419994699
4.633092,199,4393.193433,synthetic_track_0,0.058715319694059825,9.633091532881725
3.464705,203,4393.557137,synthetic_track_0,0.051593805789024644,8.464704889372836
40.527641,380,4394.001251,synthetic_track_0,0.27749866025436504,45.527640970211536
0.156292,213,4394.232273,synthetic_track_0,0.031428468563465,5.156291679712738
3.803998,206,4394.514724,synthetic_track_0,0.05366185470961769,8.803998018497458
0.251787,211,4394.793282,synthetic_track_0,0.032010527707603736,5.251786842512755
40.881331,383,4396.42319,synthetic_track_0,0.27965446120810605,45.88133108076988
38.335134,368,4396.924611,synthetic_track_0,0.2641349577863932,43.335133635448706
41.902692,388,4397.390533,synthetic_track_0,0.28587982949905816,46.90269216481263
-0.794594,232,4397.673555,synthetic_track_0,0.02563266031223258,4.205406090022225
6.793893,179,4397.890451,synthetic_track_0,0.07188576659671417,11.79389251639512
4.199494,216,4398.14742,synthetic_track_0,0.0560724693979714,9.199493982147464
40.876608,386,4398.646273,synthetic_track_0,0.27962567112666187,45.87660765439264
5.727203,208,4398.908676,synthetic_track_0,0.06538411657614517,10.727203446332203
39.845425,379,4400.621736,synthetic_track_0,0.27334043927357415,44.8454250931521
3.215451,200,4400.854435,synthetic_track_0,0.05007456355961145,8.215451380530284
-13.66724,507,4401.514627,synthetic_track_0,-0.05282828986839858,-8.667239733676809
3.02522,242,4401.797624,synthetic_track_0,0.04891506950266065,8.02521972649793
40.452128,379,4402.25629,synthetic_track_0,0.2770383974348262,45.45212824384128
8.890112,198,4402.49571,synthetic_track_0,0.08466258080705008,13.890112402927418
38.384575,370,4404.130109,synthetic_track_0,0.26443631068909945,43.38457490751527
40.101059,378,4404.55188,synthetic_track_0,0.2748985714435224,45.101059055321564
39.166369,373,4405.020678,synthetic_track_0,0.2692014763472965,44.16636877654194
39.830461,376,4405.469601,synthetic_track_0,0.2732492313029343,44.83046111553468
4.007674,208,4405.900804,synthetic_track_0,0.05490329507179104,9.007674140908822
39.243023,376,4406.354247,synthetic_track_0,0.2696686961837248,44.24302290145761
0.970778,233,4407.796592,synthetic_track_0,0.03639289812069754,5.970777653433882
39.945652,375,4408.291718,synthetic_track_0,0.27395133659248355,44.94565157273034
39.164717,379,4408.739661,synthetic_track_0,0.26919141032145316,44.164717300422474
4.427312,210,4409.010001,synthetic_track_0,0.05746106021844524,9.427312250787448
0.150965,261,4409.30662,synthetic_track_0,0.031395999811204243,5.150964714550732
39.885074,385,4409.885293,synthetic_track_0,0.27358210458242405,44.88507375814453
38.316855,368,4411.514477,synthetic_track_0,0.2640235456134341,43.31685486824478
38.076011,368,4411.969697,synthetic_track_0,0.2625555609405627,43.076010897772996
40.027551,384,4412.474471,synthetic_track_0,0.27445052903805156,45.02755126340283
38.936005,374,4412.941756,synthetic_track_0,0.26779736738734267,43.93600453423086
40.275503,385,4413.403294,synthetic_track_0,0.27596183960172405,45.27550346855689
1.013219,310,4413.794794,synthetic_track_0,0.03665158327972931,6.013218669307346
39.534687,376,4415.436172,synthetic_track_0,0.2714464396102953,44.53468724458584
39.212081,373,4415.867325,synthetic_track_0,0.26948009734819467,44.21208055361511
38.294957,369,4416.315546,synthetic_track_0,0.26389007278690246,43.29495673396175
4.483904,206,4416.614559,synthetic_track_0,0.0578059963294691,9.483903974170763
5.758519,223,4416.871354,synthetic_track_0,0.06557498887791456,10.758518788965386
37.504949,364,4417.362104,synthetic_track_0,0.2590748435722178,42.5049492194228
39.031126,375,4418.921577,synthetic_track_0,0.2683771498519099,44.03112617504688
3.165922,200,4419.170614,synthetic_track_0,0.0497726708417588,8.165921544035513
39.290516,373,4419.66446,synthetic_track_0,0.269958177392327,44.29051645159145
39.182077,374,4420.136402,synthetic_track_0,0.2692972177189175,44.182076523704254
40.965802,384,4420.659764,synthetic_track_0,0.2801693274580382,45.96580228417354
39.775365,377,4421.231222,synthetic_track_0,0.27291341331409047,44.77536535105997
39.94239,382,4422.940289,synthetic_track_0,0.2739314559252161,44.942389863716066
39.723604,377,4423.465423,synthetic_track_0,0.2725979184110426,44.72360388071366
39.104193,370,4424.023424,synthetic_track_0,0.268822507227663,44.10419344927492
38.224886,369,4424.558788,synthetic_track_0,0.2634629816810699,43.22488630367537
4.583684,205,4424.820068,synthetic_track_0,0.05841417517941604,9.583684449869924
40.937202,385,4425.290032,synthetic_track_0,0.27999500439909625,45.937202082525495
39.497902,373,4427.06961,synthetic_track_0,0.2712222260797682,44.49790179448981
4.772288,205,4427.408653,synthetic_track_0,0.05956374863932097,9.772288487465858
0.315427,220,4427.762546,synthetic_track_0,0.03239842722645178,5.31542733003959
5.761931,224,4428.04539,synthetic_track_0,0.06559578647973992,10.761930934263955
39.08408,379,4428.553336,synthetic_track_0,0.2686999137766707,44.084080232811246
4.280887,200,4428.803284,synthetic_track_0,0.056568574863079056,9.280887209336662
3.144689,203,4429.059838,synthetic_track_0,0.04964325739230928,8.144689408868253
1.306676,298,4429.429822,synthetic_track_0,0.038440253054246525,6.30667563675304
45.445337,562,4431.39056,synthetic_track_0,0.30747284878020126,50.4453371217058
1.25458,212,4431.679749,synthetic_track_0,0.03812271845033215,6.254579524183053
4.449705,206,4431.983271,synthetic_track_0,0.05759754511362423,9.44970455819488
40.168133,382,4432.488263,synthetic_track_0,0.2753073997835385,45.16813321656487
5.644675,206,4432.76221,synthetic_track_0,0.06488109081629975,10.64467484539403
41.308307,387,4433.272116,synthetic_track_0,0.28225695135057094,46.308306968603176
2.666391,205,4433.517244,synthetic_track_0,0.046727948706715434,7.6663911459743215
39.934889,379,4435.19776,synthetic_track_0,0.27388573668619454,44.93488896588219
40.255141,383,4435.687394,synthetic_track_0,0.27583772884748187,45.25514131670182
39.788639,381,4436.157501,synthetic_track_0,0.2729943175088389,44.788638846247714
39.911595,377,4436.628178,synthetic_track_0,0.2737437547916425,44.91159479677337
40.129265,381,4437.079929,synthetic_track_0,0.27507049169704684,45.12926504222901
40.881273,387,4438.85158,synthetic_track_0,0.27965410828745546,45.881273179068096
39.790555,377,4439.373553,synthetic_track_0,0.2730059950145701,44.790554708788704
38.617129,371,4439.952395,synthetic_track_0,0.26585376482942813,43.617128618345696
3.895658,211,4440.253529,synthetic_track_0,0.05422053876617999,8.89565816244062
39.014141,370,4440.685332,synthetic_track_0,0.26827362119439396,44.01414081178353
39.270231,371,4441.205468,synthetic_track_0,0.2698345333094651,44.27023086387918
40.440497,380,4443.110961,synthetic_track_0,0.2769675030859972,45.44049700764956
40.543437,380,4443.59754,synthetic_track_0,0.2775949404181903,45.54343711397371
39.045734,373,4444.239189,synthetic_track_0,0.26846618910697445,44.04573434372459
40.193863,377,4444.776653,synthetic_track_0,0.27546422548793514,45.19386272588259
37.959506,366,4445.265403,synthetic_track_0,0.2618454435510011,42.95950594049129
39.807886,379,4445.834286,synthetic_track_0,0.2731116341316364,44.807886323254145
39.861606,376,4447.537236,synthetic_track_0,0.27343906175528315,44.86160552780618
39.004998,371,4448.025552,synthetic_track_0,0.2682178941301322,44.00499798647508
39.746663,382,4448.548665,synthetic_track_0,0.27273846514874667,44.7466625917282
38.844597,370,4449.031756,synthetic_track_0,0.26724022262436614,43.84459693350956
39.116212,371,4449.447168,synthetic_track_0,0.2688957649144787,44.11621242500835
40.119749,378,4450.891783,synthetic_track_0,0.27501249075741063,45.119749155005366
38.936682,372,4451.445335,synthetic_track_0,0.267801495714892,43.93668184566113
39.089731,376,4451.949098,synthetic_track_0,0.2687343580127306,44.08973130446468
39.385806,382,4452.379869,synthetic_track_0,0.27053898042945856,44.38580553199528
3.462325,207,4452.631598,synthetic_track_0,0.051579298751037235,8.462324801424208
37.589172,369,4453.064629,synthetic_track_0,0.259588196031504,42.58917206372819
39.449493,373,4454.515184,synthetic_track_0,0.27092716754917,44.44949320457461
39.353971,375,4454.858638,synthetic_track_0,0.2703449420186617,44.353970743700835
39.447491,379,4455.26124,synthetic_track_0,0.27091496469163445,44.4474911505244
37.590816,364,4455.689702,synthetic_track_0,0.25959821343117023,42.59081556202487
39.378958,377,4456.017297,synthetic_track_0,0.27049724262811975,44.378957846199256
3.983148,203,4456.207478,synthetic_track_0,0.05475380493502499,8.98314813682277
40.790013,388,4457.428817,synthetic_track_0,0.279097862690476,45.79001309944346
38.912927,374,4457.79456,synthetic_track_0,0.26765670590144885,43.912926997127656
38.811498,375,4458.16653,synthetic_track_0,0.2670384807705488,43.81149828474188
41.25637,388,4458.55459,synthetic_track_0,0.2819403862215468,46.256369912313644
39.335314,379,4458.882559,synthetic_track_0,0.27023122500027075,44.33531383349896
1.472499,225,4459.080918,synthetic_track_0,0.039450977101245704,6.472499433846539
39.16995,377,4460.311658,synthetic_track_0,0.2692233046215241,44.1699500184518
40.344294,384,4460.678878,synthetic_track_0,0.2763811267321714,45.344293544591636
38.955739,377,4461.001987,synthetic_track_0,0.26791765445179716,43.95573935485603
3.275681,211,4461.195853,synthetic_track_0,0.05044167516825977,8.275681312808938
39.159743,372,4461.534324,synthetic_track_0,0.2691610891179597,44.15974267148132
39.558345,375,4461.848019,synthetic_track_0,0.2715906347483484,44.558344528080156
40.513975,384,4463.1867,synthetic_track_0,0.27741536593894167,45.513975341397405
39.571034,375,4463.552546,synthetic_track_0,0.27166797891964745,44.57103395028787
40.072641,384,4463.942495,synthetic_track_0,0.27472536062213426,45.072641332219455
38.819602,377,4464.322585,synthetic_track_0,0.2670878767159192,43.819602399061374
39.954942,381,4464.734169,synthetic_track_0,0.2740079619430679,44.954941774812234
39.317573,377,4466.086592,synthetic_track_0,0.2701230896233985,44.317572671758185
39.756679,375,4466.524349,synthetic_track_0,0.27279951753779014,44.75667911305553
38.185846,369,4466.9798,synthetic_track_0,0.26322502662391295,43.18584635876408
39.201176,376,4467.324331,synthetic_track_0,0.2694136348175477,44.201176420851034
39.201653,375,4467.680293,synthetic_track_0,0.2694165407247055,44.20165317665826
39.441928,373,4469.2414,synthetic_track_0,0.27088105866242623,44.44192837943534
39.92789,379,4469.620913,synthetic_track_0,0.2738430771377541,44.92789005423494
38.133449,380,4470.062569,synthetic_track_0,0.2629056579832696,43.13344934612615
38.429472,374,4470.409904,synthetic_track_0,0.26470996870584557,43.4294724357542
39.471419,374,4470.719575,synthetic_track_0,0.27106080951189854,44.47141908808007
38.875616,375,4471.07718,synthetic_track_0,0.26742928928266424,43.875616034396536
