time/fps,rollout/ep_rew_mean,time/iterations,time/total_timesteps,time/time_elapsed,rollout/ep_len_mean,train/approx_kl,train/clip_range,train/explained_variance,train/clip_fraction,train/learning_rate,train/policy_gradient_loss,train/n_updates,train/entropy_loss,train/loss,train/value_loss,train/std
564,0.8567726666666665,1,2048,3,164.33333333333334,,,,,,,,,,,
532,0.6703749599999999,2,4096,7,159.48,0.008841876,0.2,-0.3526571989059448,0.060302734375,0.0003,-0.012265806335926754,10,-2.847998482733965,0.0466189831495285,0.2246737646171823,1.0108041763305664
518,1.070040861111111,3,6144,11,166.13888888888889,0.00847161,0.2,0.4633243680000305,0.073828125,0.0003,-0.013308505428722129,20,-2.8667426221072674,0.037744469940662384,0.16474857458961195,1.0204495191574097
514,1.6730226086956526,4,8192,15,175.6304347826087,0.0073757675,0.2,0.5750112533569336,0.07734375,0.0003,-0.01498461589217186,30,-2.884651979804039,-0.014509126543998718,0.1882690140628256,1.028202772140503
509,2.050709875,5,10240,20,180.10714285714286,0.008466905,0.2,0.8055883646011353,0.0814453125,0.0003,-0.015326009991986212,40,-2.8810244381427763,0.004296169616281986,0.106787604856072,1.0164461135864258
507,2.85319509375,6,12288,24,189.71875,0.008776522,0.2,0.8371523022651672,0.08837890625,0.0003,-0.016844861858407965,50,-2.8711218021810057,0.015248827636241913,0.13616537281195634,1.0175774097442627
498,3.7304274571428575,7,14336,28,199.74285714285713,0.009264993,0.2,0.716740071773529,0.080517578125,0.0003,-0.01675979176652618,60,-2.860962900519371,0.017663290724158287,0.24966222835937515,1.0068210363388062
496,4.395603637500001,8,16384,33,204.725,0.011743818,0.2,0.7097407579421997,0.107763671875,0.0003,-0.021795815270161258,70,-2.854998553544283,0.049004361033439636,0.31372236569877715,1.0086414813995361
493,4.755227511627907,9,18432,37,207.40697674418604,0.0097731,0.2,0.7283364534378052,0.08583984375,0.0003,-0.020912117550324183,80,-2.86232583373785,-0.01320938766002655,0.26443773666396736,1.01788330078125
493,5.97955706451613,10,20480,41,219.78494623655914,0.009154104,0.2,0.6865254044532776,0.087353515625,0.0003,-0.014910097052052151,90,-2.864114513248205,0.07094032317399979,0.2668863847269677,1.0082526206970215
492,6.464305636363637,11,22528,45,223.92929292929293,0.008885045,0.2,0.7781636714935303,0.08623046875,0.0003,-0.01864762612422055,100,-2.8388519905507565,0.19178014993667603,0.3534397337352857,0.9924163818359375
491,7.94142384,12,24576,50,238.51,0.011211784,0.2,0.7389302253723145,0.11337890625,0.0003,-0.01958490691613406,110,-2.8116742044687273,0.06639724969863892,0.3695793269434944,0.9816445708274841
488,9.165640250000001,13,26624,54,251.0,0.013854963,0.2,0.7901675701141357,0.12509765625,0.0003,-0.017892084989216527,120,-2.7851960711181163,0.018877722322940826,0.23975362845230846,0.9648315906524658
485,10.39424943,14,28672,59,263.61,0.009773425,0.2,0.7234330773353577,0.081591796875,0.0003,-0.015811519874114312,130,-2.75931708663702,0.0689321830868721,0.25499000495765356,0.9582220911979675
483,12.21366688,15,30720,63,282.19,0.011082855,0.2,0.6679112315177917,0.1263671875,0.0003,-0.01869889251029235,140,-2.7446938693523406,0.11291565001010895,0.5136717413784936,0.9519107341766357
475,13.706332210000003,16,32768,68,296.33,0.011059489,0.2,0.8077278137207031,0.086181640625,0.0003,-0.0188619735170505,150,-2.7297585010528564,-0.004268966615200043,0.3705449686152861,0.9428529739379883
473,15.11473392,17,34816,73,309.44,0.011198423,0.2,0.8160796165466309,0.090283203125,0.0003,-0.01880295361188473,160,-2.7205005325376987,0.050860024988651276,0.37278258805163206,0.941259503364563
471,16.85517292,18,36864,78,325.43,0.012093173,0.2,0.8563084602355957,0.1021484375,0.0003,-0.01840006592537975,170,-2.7192062668502333,0.08114635199308395,0.5113981454400346,0.9436536431312561
468,17.87641845,19,38912,83,332.78,0.013620261,0.2,0.853208065032959,0.116650390625,0.0003,-0.01944542583296425,180,-2.7070482477545736,0.14957669377326965,0.523155190423131,0.9285265207290649
463,19.05376955,20,40960,88,342.28,0.012954529,0.2,0.7917675375938416,0.10966796875,0.0003,-0.020889224996062696,190,-2.6858943581581114,0.018963240087032318,0.6637458794750273,0.9243661761283875
460,20.545667740000003,21,43008,93,353.2,0.01423614,0.2,0.817061722278595,0.13681640625,0.0003,-0.018768081669986714,200,-2.6679370544850824,0.13489893078804016,0.4793844439322129,0.9147745370864868
458,21.90843729,22,45056,98,364.35,0.012194817,0.2,0.5630645751953125,0.11474609375,0.0003,-0.023092567499406868,210,-2.657170756161213,0.6874174475669861,0.8108242295682431,0.9127688407897949
456,23.49030863,23,47104,103,377.02,0.0144717,0.2,0.8621938228607178,0.122314453125,0.0003,-0.023563747777370737,220,-2.6438700929284096,0.045619603246450424,0.3598577815108001,0.9007900357246399
451,24.65085251,24,49152,108,385.35,0.017131269,0.2,0.8929128050804138,0.14462890625,0.0003,-0.023559594747348457,230,-2.6090442039072514,-0.011298306286334991,0.3304963323636912,0.8837121725082397
447,26.080965879999997,25,51200,114,395.83,0.01281719,0.2,0.7701852917671204,0.121630859375,0.0003,-0.02354147329897387,240,-2.5846186496317385,0.14439570903778076,0.7751442377222701,0.8782612681388855
444,27.133244240000003,26,53248,119,400.1,0.015479175,0.2,0.8951268792152405,0.11376953125,0.0003,-0.020737465425918346,250,-2.56895257383585,0.09318061918020248,0.3339936919743195,0.8678426146507263
441,28.179508200000004,27,55296,125,406.54,0.013864007,0.2,0.8885619044303894,0.125,0.0003,-0.024738258408615366,260,-2.561448509991169,0.04300224035978317,0.5851601374568418,0.8748000860214233
439,29.560401910000007,28,57344,130,417.05,0.015484054,0.2,0.7556835412979126,0.12939453125,0.0003,-0.02261414745116781,270,-2.5694499209523203,0.1292935311794281,0.6538575617596507,0.8721909523010254
439,30.910616289999997,29,59392,135,427.26,0.014086017,0.2,0.8172399997711182,0.113916015625,0.0003,-0.023499558071489447,280,-2.553931598365307,0.10191468894481659,0.6818588198628277,0.8609576225280762
437,32.748083730000005,30,61440,140,441.86,0.012069611,0.2,0.8688355684280396,0.122509765625,0.0003,-0.019901217042206553,290,-2.5425180748105047,0.060770392417907715,0.5326606736052781,0.8626649975776672
437,32.944598809999995,31,63488,145,441.02,0.013447253,0.2,0.9475744366645813,0.13828125,0.0003,-0.02463694384205155,300,-2.5186944022774695,0.020763903856277466,0.1989812512183562,0.8442156314849854
437,34.79175731,32,65536,149,460.59,0.016081553,0.2,0.8992505073547363,0.129638671875,0.0003,-0.0192012410130701,310,-2.4870416820049286,0.05088144540786743,0.3994788466952741,0.8348492383956909
437,35.96074723000001,33,67584,154,468.74,0.014257455,0.2,0.906908392906189,0.118212890625,0.0003,-0.0190096761645691,320,-2.4663085736334325,0.059919603168964386,0.29804998415056616,0.8247262835502625
437,37.176627280000005,34,69632,159,477.44,0.013013098,0.2,0.8934379816055298,0.127392578125,0.0003,-0.016847153617709408,330,-2.4481635123491285,0.07565437257289886,0.2603395588463172,0.8216298818588257
437,37.637588910000005,35,71680,163,477.47,0.015010422,0.2,0.958943247795105,0.1453125,0.0003,-0.022512625242234206,340,-2.429282812029123,-0.03193806856870651,0.12868090828415008,0.8090861439704895
437,38.176968790000004,36,73728,168,478.25,0.0154648265,0.2,0.7166780233383179,0.12802734375,0.0003,-0.017252291235490703,350,-2.4176884911954404,0.08956243097782135,0.42881678419653324,0.8131701946258545
436,38.38557746,37,75776,173,475.55,0.01286291,0.2,0.9062626361846924,0.128515625,0.0003,-0.017870495923853015,360,-2.41219624876976,0.06505321711301804,0.24524499371182173,0.8031868934631348
435,38.48527847,38,77824,178,471.74,0.01805965,0.2,0.9373630285263062,0.169482421875,0.0003,-0.025024880783166736,370,-2.381299402564764,0.07068082690238953,0.3262054863618687,0.7882217168807983
435,38.92966187,39,79872,183,473.28,0.018264592,0.2,0.9683676958084106,0.147509765625,0.0003,-0.02619875545206014,380,-2.3418628685176373,-0.011070705950260162,0.13629772388376296,0.7735486030578613
435,39.38165308,40,81920,188,473.17,0.01906614,0.2,0.9468491077423096,0.146630859375,0.0003,-0.022697355516720565,390,-2.306334548443556,-0.00626865029335022,0.1827064608456567,0.7603585720062256
435,39.151559569999996,41,83968,193,467.72,0.015109921,0.2,0.9084323644638062,0.1173828125,0.0003,-0.023922923125792295,400,-2.2772925443947316,0.062231145799160004,0.4769724879763089,0.752923309803009
433,40.03294638,42,86016,198,472.54,0.016482003,0.2,0.8889890313148499,0.14013671875,0.0003,-0.02349567103665322,410,-2.2663968071341514,0.10890784859657288,0.3219009719672613,0.7480885982513428
431,40.73263078,43,88064,203,477.28,0.013194003,0.2,0.898739755153656,0.120361328125,0.0003,-0.024959012628823985,420,-2.248235161602497,0.08818744868040085,0.5946149750845506,0.7423242926597595
430,41.05079755,44,90112,209,477.81,0.018251928,0.2,0.8906072378158569,0.14732862903225807,0.0003,-0.025971725224066645,430,-2.239275718504383,0.0821988433599472,0.29125533108749696,0.7424709796905518
431,42.261673650000006,45,92160,213,485.95,0.033542037,0.2,0.9223230481147766,0.1073951198630137,0.0003,-0.02552521772912308,440,-2.2401632315491975,-0.012779396027326584,0.25088929901639484,0.7417196035385132
430,41.753573239999994,46,94208,218,479.47,0.01402923,0.2,0.9359698295593262,0.114794921875,0.0003,-0.016843386023538187,450,-2.2307663433253766,0.025023486465215683,0.2895024127792567,0.7359609603881836
430,41.93541084,47,96256,223,478.04,0.011218861,0.2,0.8837475776672363,0.111474609375,0.0003,-0.02228185115964152,460,-2.2288499914109705,0.055349864065647125,0.38273256085813046,0.7400584816932678
430,41.77716386,48,98304,228,475.07,0.012476807,0.2,0.8786180019378662,0.115478515625,0.0003,-0.01988170120821451,470,-2.2258071042597294,0.14565274119377136,0.9746378133073449,0.7342276573181152
430,41.59866825,49,100352,232,472.02,0.015339432,0.2,0.7957146167755127,0.12255859375,0.0003,-0.026151873081107623,480,-2.2112675458192825,0.1392471194267273,0.7740853425115347,0.7280662059783936
430,41.92981177000001,50,102400,237,474.77,0.014438228,0.2,0.8106116056442261,0.125244140625,0.0003,-0.024418625983526,490,-2.201492202281952,0.14274537563323975,0.9111532007344068,0.7291988134384155
430,42.44259327999999,51,104448,242,476.48,0.021585004,0.2,0.9235459566116333,0.16708984375,0.0003,-0.02739431733643869,500,-2.188104743510485,-0.025065109133720398,0.36207218915224076,0.7159183025360107
430,42.775179619999996,52,106496,247,478.12,0.017224826,0.2,0.9262765049934387,0.14345703125,0.0003,-0.020254416092211614,510,-2.1533532604575156,0.04468056559562683,0.2251832976937294,0.7041155695915222
427,42.733059499999996,53,108544,253,478.03,0.017083745,0.2,0.9556007385253906,0.157080078125,0.0003,-0.027342611162748654,520,-2.121103874593973,0.005834765732288361,0.2487023050663993,0.6956812739372253
425,41.71303127000001,54,110592,260,462.57,0.01922159,0.2,0.9608646035194397,0.171630859375,0.0003,-0.03029534803063143,530,-2.0974899604916573,-0.010110817849636078,0.28715251889079807,0.687534749507904
423,41.52840472999999,55,112640,266,461.12,0.01844018,0.2,0.8984179496765137,0.154248046875,0.0003,-0.025058346336300018,540,-2.0867381505668163,0.16170689463615417,0.5098248831694946,0.6881755590438843
424,41.24842774,56,114688,270,455.92,0.014086835,0.2,0.9122551083564758,0.11505681818181818,0.0003,-0.012270935480136518,544,-2.0871293406841183,0.18897317349910736,0.7319890040257746,0.6880719661712646
423,41.02542678,57,116736,275,453.53,0.015854202,0.2,0.8918882012367249,0.143994140625,0.0003,-0.02014117672952125,554,-2.0910249456763266,0.07104087620973587,0.4728303057607263,0.6906801462173462
422,40.354569,58,118784,280,446.43,0.013285886,0.2,0.8672740459442139,0.09874221991701244,0.0003,-0.023342291490248253,562,-2.0950757922967935,0.26402777433395386,0.9773909192362267,0.6904999613761902
422,40.06206733,59,120832,286,442.38,0.013159438,0.2,0.8694711327552795,0.138037109375,0.0003,-0.022468980828125495,572,-2.09334217607975,0.02385731413960457,0.6199152532732114,0.6887667179107666
421,39.620181710000004,60,122880,291,438.58,0.01595602,0.2,0.9000979661941528,0.130908203125,0.0003,-0.023131176945753396,582,-2.091947856545448,0.15017567574977875,0.747772105736658,0.6876838207244873
421,39.29479504,61,124928,296,435.34,0.022316406,0.2,0.9197785258293152,0.17006714876033058,0.0003,-0.02061662458610713,590,-2.085918099427026,0.12010680139064789,0.4594497366939202,0.6858270168304443
421,39.54065231,62,126976,301,438.3,0.021095105,0.2,0.895858645439148,0.16953125,0.0003,-0.025375341094331816,600,-2.067968155443668,0.06603792309761047,0.5703630667179823,0.6765105724334717
421,39.853626809999994,63,129024,306,440.43,0.02375479,0.2,0.9571288228034973,0.1937359865470852,0.0003,-0.027807736378831313,607,-2.0514812790224903,0.04228883236646652,0.43310599503495767,0.6732820272445679
420,39.28372059,64,131072,311,434.39,0.018527802,0.2,0.931980311870575,0.163818359375,0.0003,-0.025533199763594895,617,-2.045248121023178,0.5971044301986694,0.4766845375299454,0.671033501625061
420,38.579963649999996,65,133120,316,428.59,0.01690457,0.2,0.9009058475494385,0.142333984375,0.0003,-0.020310882311605383,627,-2.04191050902009,0.05671340599656105,0.37354224899318067,0.6736091375350952
420,38.08815583,66,135168,321,425.64,0.021999229,0.2,0.9378709197044373,0.17182539682539683,0.0003,-0.028296521900310404,637,-2.0447765743921673,0.0843992680311203,0.4204918582524572,0.6714439392089844
419,37.380978490000004,67,137216,326,418.55,0.016600981,0.2,0.9336845278739929,0.15625,0.0003,-0.02164634348155232,647,-2.035662815719843,0.05001202970743179,0.6043792409822345,0.6701353788375854
419,37.79621083,68,139264,331,420.4,0.016660798,0.2,0.8624021410942078,0.146142578125,0.0003,-0.019101203781610822,657,-2.014952452853322,0.20602737367153168,1.103270854614675,0.6588855981826782
419,38.1620059,69,141312,336,423.02,0.017492399,0.2,0.8735400438308716,0.184765625,0.0003,-0.01715194531570887,667,-2.005923170596361,0.08304294943809509,0.5687334464164451,0.6626028418540955
418,39.11634987,70,143360,342,431.63,0.01636894,0.2,0.885500431060791,0.159228515625,0.0003,-0.018612976603617427,677,-2.009778966009617,0.1339036375284195,0.45492917774245145,0.6631565093994141
418,38.0652252,71,145408,347,420.87,0.02215093,0.2,0.9459300637245178,0.18046875,0.0003,-0.026805803245224524,687,-2.0046454947441816,0.056047890335321426,0.2688539259019308,0.6540433168411255
418,37.79906738,72,147456,352,419.86,0.0148613285,0.2,0.8385066986083984,0.133056640625,0.0003,-0.025629769764782394,697,-1.9865925960242747,0.21028657257556915,0.8808522928971797,0.6549001932144165
417,37.60314613,73,149504,357,416.64,0.02717452,0.2,0.9237760305404663,0.18399874581939799,0.0003,-0.029780310092736847,707,-1.9730749046523435,0.03663557395339012,0.28927674625430216,0.6428334712982178
416,37.11868112,74,151552,363,412.53,0.0230192,0.2,0.929155707359314,0.1841276978417266,0.0003,-0.024598546227333037,716,-1.9483071724287897,0.07244622707366943,0.4336176339081294,0.6402071714401245
415,36.43151055,75,153600,369,405.71,0.014867319,0.2,0.8859657049179077,0.139111328125,0.0003,-0.018143167352536693,726,-1.941110046952963,0.2776118516921997,0.8988349391147494,0.6381170153617859
412,35.78413056,76,155648,376,401.58,0.017057331,0.2,0.8692476749420166,0.1505859375,0.0003,-0.0206924498474109,736,-1.9304777696728705,0.14603039622306824,0.7920249026268721,0.6355565786361694
410,35.54007119,77,157696,384,399.63,0.020773258,0.2,0.9010748267173767,0.174365234375,0.0003,-0.023043873887945664,746,-1.9238652154803275,0.3194543421268463,0.756533800251782,0.6311322450637817
409,35.348025150000005,78,159744,390,396.91,0.020847198,0.2,0.8906506896018982,0.17998046875,0.0003,-0.02006568666547537,756,-1.9106771614402533,0.2037721872329712,0.611966363992542,0.6262497305870056
407,35.547705670000006,79,161792,397,398.12,0.018169224,0.2,0.903006374835968,0.159228515625,0.0003,-0.021688244855613447,766,-1.9007956117391587,0.09257474541664124,0.5916045321850106,0.6254211664199829
406,35.5271965,80,163840,403,397.5,0.019790832,0.2,0.8962334394454956,0.1625434027777778,0.0003,-0.01839989228675323,775,-1.882099635899067,0.06896477192640305,0.5300513077268584,0.6148556470870972
406,34.829868870000006,81,165888,408,390.96,0.016753348,0.2,0.9278793931007385,0.13237359550561797,0.0003,-0.016124036885128264,781,-1.8618257521243577,0.15385612845420837,0.65470210203294,0.6131865382194519
405,34.27998381,82,167936,413,387.03,0.016953997,0.2,0.8350262641906738,0.14697265625,0.0003,-0.017617186409188433,791,-1.860593641549349,0.1718726009130478,0.8580844546668231,0.6138256788253784
404,34.540725470000005,83,169984,419,388.63,0.018870726,0.2,0.9038261771202087,0.17763671875,0.0003,-0.022816703774151393,801,-1.8568945962935686,0.12774419784545898,0.671671433141455,0.6107829809188843
405,34.7413127,84,172032,424,389.7,0.02080694,0.2,0.8613297343254089,0.16502339572192512,0.0003,-0.017620255866830043,807,-1.8427381235010483,0.11936160922050476,0.5752646930635295,0.6052460670471191
404,34.22780351,85,174080,430,383.72,0.023497645,0.2,0.9461389183998108,0.18030265748031496,0.0003,-0.022612789192962952,815,-1.8191687154957628,0.0885457769036293,0.5018452089133225,0.5970081686973572
403,34.64837726,86,176128,436,388.03,0.017473541,0.2,0.8979575037956238,0.15289826498422712,0.0003,-0.016951265005242043,825,-1.802043119815622,0.18693417310714722,0.8416655943126709,0.5958148837089539
403,34.70888551,87,178176,441,391.9,0.018350292,0.2,0.8714973330497742,0.1603515625,0.0003,-0.022437305003404618,835,-1.785036037117243,0.7936780452728271,0.8373555509373546,0.5841135382652283
404,34.39620916,88,180224,446,389.79,0.030992998,0.2,0.9466628432273865,0.1450628698224852,0.0003,-0.019650248397340083,841,-1.7653861610141732,0.2993263900279999,0.6651217532757472,0.5860156416893005
404,33.97869951,89,182272,451,384.12,0.018645542,0.2,0.8836147785186768,0.16005859375,0.0003,-0.017958586453460157,851,-1.7642772510647773,0.20502515137195587,0.7920932295266538,0.583767294883728
404,34.29227676000001,90,184320,455,388.92,0.025408229,0.2,0.8588226437568665,0.18195734797297297,0.0003,-0.017078700506858325,861,-1.7616191329182804,0.23965522646903992,0.6478127670046445,0.5847773551940918
404,34.485154060000006,91,186368,460,390.57,0.029972468,0.2,0.9215283393859863,0.18850235849056604,0.0003,-0.018413938424673003,870,-1.7537613567316308,0.11934351921081543,0.5943283979622823,0.5779979228973389
404,34.265971040000004,92,188416,465,388.64,0.034050215,0.2,0.9363197088241577,0.19048187022900764,0.0003,-0.023757707135652312,879,-1.73457508960753,0.09733254462480545,0.39755020142739056,0.5728156566619873
405,34.17628009,93,190464,469,387.2,0.055572234,0.2,0.9383177161216736,0.1878238341968912,0.0003,-0.017882181120399444,886,-1.7188768961269003,0.04289793223142624,0.32992883690589453,0.5699220299720764
405,34.809224799999996,94,192512,474,390.9,0.015993169,0.2,0.8330881595611572,0.164794921875,0.0003,-0.018095757380797294,896,-1.7121301278471948,0.09270797669887543,0.6692163195693865,0.5678430795669556
405,34.98837584,95,194560,480,391.75,0.018951394,0.2,0.8988111019134521,0.155615234375,0.0003,-0.022646873443591176,906,-1.7014814659953117,0.10510353744029999,0.5381581652443856,0.5644423961639404
405,35.458305700000004,96,196608,484,393.42,0.020778697,0.2,0.9417086839675903,0.15715144230769232,0.0003,-0.017368323981570892,911,-1.6978687116732964,0.11337679624557495,0.540903736765568,0.5662152767181396
406,35.37444680000001,97,198656,488,393.27,0.015294699,0.2,0.8871649503707886,0.11624313186813187,0.0003,-0.004105629900900217,914,-1.699417891083183,0.36573687195777893,0.8364005521103576,0.5660185813903809
406,35.2709526,98,200704,493,391.62,0.018202284,0.2,0.9086674451828003,0.17458417338709678,0.0003,-0.020481987608476512,922,-1.69520704063677,1.0750577449798584,1.0085380341737502,0.5639239549636841
407,34.173386670000006,99,202752,498,380.93,0.029757395,0.2,0.8828356862068176,0.15410850253807107,0.0003,-0.013537503419642521,929,-1.6935343094888677,0.13069012761116028,0.6707664365090694,0.5650750398635864
407,34.47243798,100,204800,502,382.79,0.01647709,0.2,0.8754268288612366,0.129150390625,0.0003,-0.010170932226174045,933,-1.696295098401606,0.13887958228588104,0.7208518539555371,0.5652698278427124
407,35.19175192,101,206848,507,387.02,0.0150948865,0.2,0.8511139154434204,0.14609375,0.0003,-0.014269701010198333,943,-1.6894374426454306,0.09287486970424652,0.6202874973183498,0.5607585906982422
407,34.065549260000004,102,208896,512,376.23,0.025196407,0.2,0.9363445043563843,0.1984375,0.0003,-0.02083546139037935,953,-1.6688695020973683,0.03366392105817795,0.4225283660925925,0.5524767637252808
407,34.69889566,103,210944,517,380.02,0.019101799,0.2,0.8775972723960876,0.16318359375,0.0003,-0.009300437126512406,963,-1.6646505374461413,0.030810222029685974,0.29806981267174704,0.560575008392334
407,34.894150249999996,104,212992,522,382.09,0.0190812,0.2,0.9101812839508057,0.18131127450980392,0.0003,-0.018369450286834264,971,-1.6758717139561972,0.24568721652030945,0.6428884916737968,0.5589044094085693
407,34.786440049999996,105,215040,527,378.31,0.023401657,0.2,0.911874532699585,0.20546875,0.0003,-0.022654349121876294,981,-1.6660295147448778,0.33853596448898315,0.555565433925949,0.5553731918334961
407,34.8247021,106,217088,532,375.35,0.020147817,0.2,0.7952192425727844,0.16259765625,0.0003,-0.017676447056874166,991,-1.6471840109676124,0.16090737283229828,0.6831339438911528,0.5482689142227173
408,35.414738469999996,107,219136,536,381.01,0.019220212,0.2,0.9100064635276794,0.14854600694444445,0.0003,-0.01300451878988598,996,-1.6302869907683797,0.5524444580078125,0.8972683780723147,0.5446226000785828
408,34.69317031,108,221184,541,373.15,0.07593061,0.2,0.9561315774917603,0.17429748062015504,0.0003,-0.010671526994989362,1001,-1.6139948294144268,0.08670692145824432,0.37785912842251534,0.5409661531448364
409,33.981178969999995,109,223232,545,367.32,0.023173252,0.2,0.8746481537818909,0.19692460317460317,0.0003,-0.005088484934752896,1003,-1.6106638813775682,0.7956240773200989,1.0535109222881378,0.5422379970550537
409,33.90004773,110,225280,549,364.56,0.020653984,0.2,0.8460459113121033,0.13474628712871287,0.0003,-0.012074410122367416,1010,-1.618344498742925,0.37218379974365234,0.8601674720792487,0.5436087250709534
410,34.39542081,111,227328,553,369.01,0.020108163,0.2,0.888477623462677,0.11665239726027397,0.0003,-0.0024721937521985948,1013,-1.6191759713708538,0.13099399209022522,0.7189367115497589,0.5439891815185547
410,34.15034603000001,112,229376,558,365.78,0.025921816,0.2,0.942710816860199,0.21067831753554503,0.0003,-0.017325526143102003,1020,-1.6141250754984635,0.03530895337462425,0.44145145567390026,0.540037989616394
410,33.917691260000005,113,231424,564,364.12,0.021124804,0.2,0.8915927410125732,0.1896484375,0.0003,-0.014337543422880118,1030,-1.5895331177860499,0.16715069115161896,0.6823536024894565,0.532069981098175
410,34.24789257,114,233472,568,364.65,0.025508951,0.2,0.8738727569580078,0.1774418016194332,0.0003,-0.013262509275039257,1038,-1.573848460367334,0.053175415843725204,0.5793788917211868,0.5298316478729248
411,34.822071269999995,115,235520,573,372.12,0.01820747,0.2,0.9238594174385071,0.1409684065934066,0.0003,-0.0029583430419174526,1041,-1.5595009916431302,0.23238129913806915,0.39917505688064703,0.5251941680908203
411,34.96843924,116,237568,577,372.86,0.02411659,0.2,0.9420828819274902,0.1862914364640884,0.0003,-0.022635290273130763,1047,-1.5483021064357863,0.1927560418844223,0.7206304827447754,0.5251707434654236
412,35.44230039999999,117,239616,581,375.74,0.022556055,0.2,0.8844155669212341,0.15346927966101695,0.0003,-0.008979601959176993,1051,-1.5518613871881517,0.11241932213306427,0.6118442583513461,0.5264829397201538
412,35.349870949999996,118,241664,586,374.29,0.03210447,0.2,0.8813267350196838,0.20104562737642587,0.0003,-0.01568375651710472,1060,-1.5569378287166697,0.15744419395923615,0.6790054502539309,0.5257948040962219
412,35.18980028000001,119,243712,591,372.14,0.020789163,0.2,0.8951752781867981,0.171923828125,0.0003,-0.017973227295442484,1070,-1.5466456223279237,0.052750930190086365,0.5456319859018549,0.5234891772270203
412,35.47532626,120,245760,596,374.41,0.014648236,0.2,0.8769697546958923,0.1570020053475936,0.0003,-0.010458013296804645,1076,-1.5458579254660376,0.09724700450897217,0.49989935759713944,0.5251235961914062
412,35.23969023,121,247808,601,372.83,0.01837486,0.2,0.8237892389297485,0.143896484375,0.0003,-0.016833266675530468,1086,-1.5340522740036249,0.2497403770685196,0.9090829100459814,0.5175108909606934
412,35.208659659999995,122,249856,605,372.86,0.026130145,0.2,0.9098473191261292,0.15632659313725492,0.0003,-0.011379076345988056,1093,-1.5150346715076297,0.2685948610305786,0.7050485704459396,0.5166243314743042
412,34.360616269999994,123,251904,610,368.15,0.045967944,0.2,0.8532074093818665,0.17374170353982302,0.0003,-0.01816669348380075,1101,-1.5164817044165282,0.33668115735054016,0.7137741464297328,0.5169358849525452
413,34.59984469,124,253952,614,372.2,0.01728727,0.2,0.9339507222175598,0.171875,0.0003,-0.010419165778905153,1105,-1.5173933420181274,0.24878302216529846,0.8847553815841674,0.517646849155426
413,34.30810349,125,256000,619,368.09,0.026949434,0.2,0.8565174341201782,0.17439138576779026,0.0003,-0.022624156274745583,1114,-1.5160193188806599,0.2461804300546646,0.9905194713828269,0.5154203176498413
413,35.22463353,126,258048,623,374.19,0.019312559,0.2,0.9102216362953186,0.1516426282051282,0.0003,-0.005688864230297697,1117,-1.5117287696936192,0.3880445957183838,0.6361639711719292,0.5168128609657288
414,35.55172133,127,260096,627,376.17,0.023800954,0.2,0.9579442143440247,0.17366071428571428,0.0003,-0.009721473384914654,1122,-1.5143634685448237,0.032169219106435776,0.23328984888004406,0.5146178603172302
414,35.37363069,128,262144,631,375.0,0.015085398,0.2,0.9237055778503418,0.15042162698412698,0.0003,-0.00922091667436891,1126,-1.5064384085791451,0.11206278204917908,0.46722081853520303,0.514850378036499
415,35.581990790000006,129,264192,635,375.04,0.018810084,0.2,0.951606035232544,0.137939453125,0.0003,-0.010077474169520428,1128,-1.5064301621168852,0.21778108179569244,0.7524435259401798,0.5141026973724365
415,35.53077312,130,266240,640,374.32,0.019580388,0.2,0.9063125848770142,0.1740924092409241,0.0003,-0.02072463726022407,1138,-1.4917457520765047,0.18844936788082123,0.5180736757052613,0.5078678727149963
415,35.69728413,131,268288,645,375.03,0.024525829,0.2,0.8624129295349121,0.16240808823529412,0.0003,-0.01426884639350807,1144,-1.4723326795241412,0.13233819603919983,0.67257590670796,0.5029686689376831
416,35.76716907,132,270336,649,377.16,0.02063152,0.2,0.9334145784378052,0.11842105263157894,0.0003,-0.012529817634474551,1148,-1.4588055704769336,0.07923112064599991,0.5220401006701746,0.5017295479774475
416,35.8200544,133,272384,653,374.78,0.023274401,0.2,0.9605757594108582,0.13473360655737704,0.0003,-0.006789362554239934,1150,-1.4532725420154509,0.2310275435447693,0.6031872268582954,0.5001931190490723
417,35.95639181,134,274432,657,373.57,0.022194417,0.2,0.9177903532981873,0.17025353773584906,0.0003,-0.009556314754211958,1154,-1.448058936955794,0.04396925866603851,0.46610098866359245,0.4981837868690491
417,36.20231521,135,276480,662,375.21,0.021321377,0.2,0.9378278851509094,0.189697265625,0.0003,-0.02124503277736949,1164,-1.438657407835126,0.13589413464069366,0.30196901598246767,0.4964398145675659
417,35.96022972,136,278528,666,373.21,0.01813067,0.2,0.8935933113098145,0.14868421052631578,0.0003,-0.003595825902333385,1167,-1.436099312179967,0.21687376499176025,0.6739126094862035,0.4966070055961609
417,36.3686867,137,280576,671,376.27,0.01746746,0.2,0.8169824481010437,0.1814453125,0.0003,-0.02416051699547097,1177,-1.4403682675212621,0.22054708003997803,1.0783521197736263,0.4987623989582062
417,36.30469314,138,282624,676,378.2,0.027504344,0.2,0.8736457228660583,0.17468398876404495,0.0003,-0.013073519131252438,1183,-1.4458886338083932,0.3172054886817932,1.0464534633949902,0.4989669919013977
418,36.07817515,139,284672,680,378.45,0.025313672,0.2,0.9083573818206787,0.15724031690140844,0.0003,-0.009521649848722237,1188,-1.445627187339353,0.05620875954627991,0.6723944689081588,0.498635858297348
418,36.335673310000004,140,286720,685,383.64,0.019195694,0.2,0.9156895279884338,0.15973045023696683,0.0003,-0.007393224568710932,1195,-1.44756586348276,0.046222567558288574,0.5091320704227376,0.5006328225135803
418,36.120543209999994,141,288768,690,388.6,0.019917216,0.2,0.9137998819351196,0.190087890625,0.0003,-0.018102669522340874,1205,-1.4549459625035523,0.2122705727815628,0.9755937442183494,0.5004302263259888
418,35.99946486,142,290816,694,388.3,0.021189943,0.2,0.9146736860275269,0.16063084112149534,0.0003,-0.017951119282047883,1212,-1.4505886201546572,0.16132426261901855,1.0714398104453755,0.5001043081283569
418,35.47136321,143,292864,699,381.86,0.02233516,0.2,0.904015302658081,0.17706058951965065,0.0003,-0.019302430147850096,1220,-1.434736353861713,0.6422204375267029,1.0002140456151754,0.49147161841392517
418,34.701689730000005,144,294912,704,375.76,0.023439683,0.2,0.7958232164382935,0.15924202127659576,0.0003,-0.015059130367367191,1228,-1.4138399357491351,0.27633997797966003,0.9981600391737958,0.49026644229888916
419,34.470036,145,296960,708,376.32,0.04216929,0.2,0.7888894081115723,0.10873724489795919,0.0003,-0.009745688914150303,1232,-1.409276772518547,0.6532493829727173,1.600271818589191,0.48961323499679565
419,34.65720327,146,299008,712,379.92,0.03225334,0.2,0.933603823184967,0.1589330808080808,0.0003,-0.010061455359023929,1236,-1.4066357684857917,0.21813015639781952,0.6486058346550874,0.4884033799171448
419,34.71399304,147,301056,717,382.95,0.025094936,0.2,0.9524917602539062,0.20772946859903382,0.0003,-0.021673580406656588,1243,-1.395783824045301,0.12762948870658875,0.5809843707919696,0.48379456996917725
419,35.28456565,148,303104,721,393.6,0.025841575,0.2,0.9416006803512573,0.21194094036697247,0.0003,-0.025414617448071136,1250,-1.3719128430436511,0.06224782019853592,0.6462050609358954,0.4773409962654114
420,35.15006157,149,305152,725,392.7,0.018561482,0.2,0.9673538208007812,0.1416843220338983,0.0003,-0.0032624493795052425,1252,-1.3557878187147236,0.26464614272117615,0.7059047095856424,0.4764275550842285
420,35.41212068,150,307200,730,398.8,0.027391216,0.2,0.9417130947113037,0.19673295454545456,0.0003,-0.0222030087035488,1259,-1.34610177712007,0.1957872211933136,0.4929775722663511,0.4716455936431885
421,35.49313591,151,309248,734,402.42,0.018894674,0.2,0.9615740180015564,0.07131410256410256,0.0003,-0.0018644527866481207,1261,-1.3306346520399437,0.427704393863678,0.7038807356968905,0.46997255086898804
421,35.73908722,152,311296,738,409.2,0.023801249,0.2,0.9775136113166809,0.16545138888888888,0.0003,-0.009103076040951742,1264,-1.3258192698160807,0.22201791405677795,0.48903529908921983,0.47003722190856934
421,35.635339450000004,153,313344,742,411.18,0.024733571,0.2,0.9562809467315674,0.2158734309623431,0.0003,-0.027772605121057777,1272,-1.3328570745978894,0.08692032098770142,0.6418028681472754,0.4720297157764435
422,35.095559200000004,154,315392,746,407.72,0.017966585,0.2,0.9300415515899658,0.1524658203125,0.0003,-0.009907133027809323,1276,-1.3401724928990006,0.1046925038099289,0.6229268399765715,0.47398191690444946
422,35.40450101,155,317440,751,410.63,0.020176683,0.2,0.8847647905349731,0.16173986486486486,0.0003,-0.014633622416924383,1283,-1.3432135195345491,1.1367902755737305,0.7278844755444978,0.47352027893066406
422,35.9464211,156,319488,756,415.25,0.020608995,0.2,0.9469175338745117,0.14786931818181817,0.0003,-0.009945113110271367,1287,-1.3416126522150906,0.449516236782074,0.697095816785639,0.47283437848091125
422,36.23012946,157,321536,760,420.02,0.022349847,0.2,0.9658202528953552,0.14005055147058823,0.0003,-0.014076112940743127,1292,-1.3437544273979523,0.4020312428474426,0.5121226017637288,0.4740199148654938
423,36.28519745,158,323584,764,420.1,0.02591168,0.2,0.9637349247932434,0.20725806451612902,0.0003,-0.021774086208953974,1297,-1.339365448490266,0.15143409371376038,0.6176887533357066,0.47115403413772583
423,36.688057900000004,159,325632,768,420.61,0.01596911,0.2,0.9608606696128845,0.13519021739130435,0.0003,-0.011636032307844447,1300,-1.3321472432302393,0.17804816365242004,0.7710480393598909,0.4711530804634094
424,37.09561832,160,327680,772,418.82,0.015205759,0.2,0.9301074743270874,0.11051136363636363,0.0003,0.00038063136691396886,1302,-1.330376393144781,0.258171945810318,0.9064864903688431,0.4706540107727051
424,37.90129222,161,329728,777,426.42,0.033207536,0.2,0.9045205116271973,0.18359375,0.0003,-0.023716095434693135,1312,-1.3247958331891936,0.5979965925216675,0.7810450519294772,0.4674316942691803
424,38.67241124,162,331776,781,428.53,0.031527713,0.2,0.9711505770683289,0.2224942396313364,0.0003,-0.024759875923772837,1319,-1.2961331869600006,0.0697578564286232,0.3266267901810084,0.45790961384773254
424,39.25198527,163,333824,785,433.58,0.050993256,0.2,0.9764331579208374,0.16752577319587628,0.0003,-0.011624082049220493,1323,-1.2731500347864997,0.10145971179008484,0.4417636124129148,0.45601367950439453
425,39.69526591000001,164,335872,789,436.48,0.023001391,0.2,0.9733031392097473,0.1818576388888889,0.0003,-0.01647119997424953,1328,-1.2698639490538173,0.03003745526075363,0.3290112894545827,0.45751720666885376
425,40.37205381,165,337920,793,443.16,0.017289488,0.2,0.957597553730011,0.16184413580246915,0.0003,-0.0037523118871045703,1331,-1.2741848877918573,0.3874054551124573,0.6800792498721017,0.4577730894088745
425,41.200879410000006,166,339968,798,445.6,0.021755502,0.2,0.9665772914886475,0.16557017543859648,0.0003,-0.014691569491109828,1335,-1.2704021470588551,0.11975505203008652,0.4370864536286446,0.4560448229312897
425,41.37484807999999,167,342016,803,445.95,0.04847295,0.2,0.9331406950950623,0.2034897859922179,0.0003,-0.019571631864177114,1344,-1.2670010068537196,0.09964858740568161,0.35045991956839767,0.45511141419410706
425,41.418558559999994,168,344064,807,445.89,0.026059307,0.2,0.9275156855583191,0.19507929104477612,0.0003,-0.017431157524697483,1353,-1.2584788416748616,0.2511991560459137,0.41405343400564654,0.452453076839447
426,41.43935138999999,169,346112,811,441.27,0.024168948,0.2,0.9672770500183105,0.130830223880597,0.0003,-0.005521731645758472,1356,-1.2494940437487703,0.23215052485466003,0.6116963480390719,0.4516444504261017
426,41.62652484,170,348160,816,438.16,0.018297095,0.2,0.9573960900306702,0.15810751748251747,0.0003,-0.017577907555717063,1361,-1.2437029009932405,0.08540831506252289,0.5486753053077451,0.45013487339019775
426,41.63558047000001,171,350208,821,437.01,0.026283478,0.2,0.9385979175567627,0.20217347756410256,0.0003,-0.025260874552305978,1371,-1.2391096842594636,0.07437004894018173,0.269862572555072,0.4479328393936157
426,41.43691595999999,172,352256,825,435.29,0.02593866,0.2,0.9701291918754578,0.13903985507246377,0.0003,-0.009022508349701546,1374,-1.2315363555714705,0.1270885020494461,0.5815414002408152,0.4478577971458435
427,41.39324442,173,354304,829,431.56,0.019309511,0.2,0.9614058136940002,0.07401315789473684,0.0003,0.00032285002893523167,1376,-1.2301202981095565,0.21994513273239136,0.9360007557429766,0.44785013794898987
427,41.70749196999999,174,356352,833,434.68,0.023113247,0.2,0.9551514983177185,0.17629977876106195,0.0003,-0.012558519057270172,1380,-1.2281636105174512,0.128395214676857,0.6188168801301348,0.4466243386268616
427,41.78351291999999,175,358400,837,437.15,0.018155921,0.2,0.9727048873901367,0.1333984375,0.0003,-0.009773965389467777,1383,-1.2241648361086845,0.15151117742061615,0.4391467470675707,0.4456435441970825
428,42.04536561999999,176,360448,841,437.13,0.014749454,0.2,0.9680851101875305,0.131591796875,0.0003,-0.004385447628010297,1385,-1.2210999634116888,0.30373692512512207,0.6059684767387807,0.44560420513153076
428,42.07739762999999,177,362496,845,436.29,0.022378905,0.2,0.9212943315505981,0.17620894160583941,0.0003,-0.010630587336818015,1390,-1.2148883542875304,0.11538393050432205,0.6294382168863811,0.443326473236084
428,42.09862037999999,178,364544,850,434.27,0.018461512,0.2,0.9512884616851807,0.13512073863636365,0.0003,-0.006477242790755223,1393,-1.206026098944924,0.17360083758831024,0.6379806677048857,0.441100537776947
429,42.046769989999994,179,366592,854,429.22,0.048858993,0.2,0.9419906735420227,0.13047680412371135,0.0003,-0.0014723973665578464,1397,-1.1986545017085124,0.1157134473323822,0.45172923204210613,0.44040489196777344
429,42.12802915,180,368640,858,431.73,0.029894799,0.2,0.9087707996368408,0.16050091911764705,0.0003,-0.014877486778834067,1402,-1.1968127243659075,0.12633201479911804,0.4958113674622248,0.440189927816391
429,42.133998160000004,181,370688,862,434.13,0.026057819,0.2,0.9476669430732727,0.19812753036437247,0.0003,-0.022858915560188806,1410,-1.187303165192546,0.046688832342624664,0.4579357852940617,0.43540138006210327
430,42.113116340000005,182,372736,866,432.27,0.02557709,0.2,0.9469677209854126,0.13116776315789475,0.0003,4.8022508915317686e-05,1412,-1.173189269868951,0.488216370344162,0.7323724529460857,0.43537867069244385
430,41.975239630000004,183,374784,870,431.16,0.035099816,0.2,0.9642564058303833,0.1466884328358209,0.0003,-0.0001627499960474114,1415,-1.1763090446813782,0.13728095591068268,0.4291753851210893,0.43574845790863037
431,42.243021639999995,184,376832,874,431.62,0.02370674,0.2,0.9647979736328125,0.2039695945945946,0.0003,-0.02052823152720324,1420,-1.1745598243700492,0.06502723693847656,0.613267775725674,0.4356413781642914
431,42.5159963,185,378880,878,436.86,0.017588016,0.2,0.964601457118988,0.16151315789473683,0.0003,-0.010121909577987696,1423,-1.1714635472548636,0.11100819706916809,0.3077375254348705,0.43348217010498047
431,42.72843986,186,380928,882,440.47,0.028402712,0.2,0.9678808450698853,0.2220486111111111,0.0003,-0.02273121279043456,1429,-1.1606329904662238,0.0987091213464737,0.4445999149233103,0.43068641424179077
431,43.045811279999995,187,382976,886,443.56,0.022673024,0.2,0.9860414266586304,0.16019917582417584,0.0003,-0.014399544714571355,1432,-1.1510701821400569,0.023673132061958313,0.26576960455257814,0.42983657121658325
432,43.08350083000001,188,385024,890,449.59,0.018490838,0.2,0.9611644744873047,0.1728515625,0.0003,-0.0043236684941803105,1434,-1.1475264262408018,0.12910230457782745,0.46776265429798514,0.42966508865356445
432,43.42558476999999,189,387072,894,452.41,0.024349099,0.2,0.9874384999275208,0.14783653846153846,0.0003,-0.001970121489228824,1436,-1.1450424698682933,0.036848023533821106,0.3278939832861607,0.4287974536418915
432,43.54757444,190,389120,898,452.54,0.014689895,0.2,0.9729784727096558,0.11603009259259259,0.0003,-0.0019424091679630456,1438,-1.1426962658211037,0.0496501624584198,0.29117616017659503,0.42840492725372314
433,43.56526476,191,391168,902,452.62,0.02038269,0.2,0.9648722410202026,0.1615728021978022,0.0003,-0.006458746801529612,1441,-1.1355603134239114,0.279983252286911,0.47134860007317514,0.4257284998893738
433,43.54745323,192,393216,907,455.08,0.031262405,0.2,0.971943199634552,0.21167599502487564,0.0003,-0.01269424581131087,1448,-1.1231249505607643,0.07113438844680786,0.30618826766957097,0.4221285581588745
433,43.253271719999994,193,395264,911,452.43,0.022608992,0.2,0.9834164977073669,0.1768465909090909,0.0003,-0.01129314314404672,1452,-1.110989767854864,0.15147799253463745,0.40327663428404115,0.4218868017196655
434,43.51188374000001,194,397312,915,454.55,0.01762977,0.2,0.9458203911781311,0.14583333333333334,0.0003,-0.00837645602102081,1455,-1.1129348116156497,0.10983577370643616,0.6778188154653266,0.4230266213417053
434,43.704919409999995,195,399360,919,450.68,0.030299427,0.2,0.9588019251823425,0.19860692771084337,0.0003,-0.018599374396502073,1461,-1.1193520771451744,0.06740421056747437,0.5429777909204903,0.4237021803855896
434,43.55267062000001,196,401408,924,446.08,0.02188958,0.2,0.9541929364204407,0.19693047337278108,0.0003,-0.01766010414059522,1467,-1.1142418342229177,0.07756737619638443,0.2827297186798598,0.42212778329849243
434,43.72378132999998,197,403456,928,445.71,0.02134678,0.2,0.9529202580451965,0.18098958333333334,0.0003,-0.0032895209054307393,1469,-1.1104007586836815,0.5107467174530029,0.6925690565258265,0.4219127297401428
435,43.56493222000001,198,405504,932,444.73,0.016293308,0.2,0.9515095949172974,0.10183189655172414,0.0003,-0.00736487973160271,1471,-1.1081760443490127,0.3916158974170685,0.649633814548624,0.4212389886379242
435,43.794949460000005,199,407552,936,449.96,0.033450685,0.2,0.9024563431739807,0.17246685606060605,0.0003,-0.00979860739387346,1476,-1.1029844085375469,0.23476508259773254,0.8893868355362704,0.4203023910522461
435,43.93439536999999,200,409600,940,453.38,0.031236613,0.2,0.9912710189819336,0.16674440298507462,0.0003,-0.006276107740713589,1479,-1.1014725734938438,0.05726417899131775,0.23228807702882967,0.41995471715927124
435,44.25182271,201,411648,944,458.4,0.019186296,0.2,0.961697518825531,0.13208333333333333,0.0003,-0.0038344500275949637,1482,-1.0961872069040934,0.10917752981185913,0.5109890353679657,0.4186824858188629
436,44.17356541,202,413696,948,457.99,0.021259485,0.2,0.9822179079055786,0.19490131578947367,0.0003,-0.010640618447704534,1485,-1.0949075573369076,0.07177950441837311,0.29895675362725005,0.4189291000366211
436,44.206726259999996,203,415744,952,457.45,0.02912872,0.2,0.9678289294242859,0.1994154676258993,0.0003,-0.01768804884435301,1490,-1.0963600179274304,0.09165898710489273,0.39988677745028367,0.41897574067115784
436,43.87462997999999,204,417792,957,454.28,0.022916196,0.2,0.9510608911514282,0.18279733009708737,0.0003,-0.02027197341317112,1497,-1.0996061910703345,0.05457105487585068,0.4376598262381785,0.42043250799179077
436,43.96153414000001,205,419840,962,452.12,0.02038218,0.2,0.8493142127990723,0.160205078125,0.0003,-0.015937805842258967,1507,-1.1115204017609357,0.0655800849199295,0.7535462946165353,0.4245411455631256
436,43.821842260000004,206,421888,967,451.75,0.029398102,0.2,0.9230180978775024,0.19989426691729323,0.0003,-0.016731063495705228,1516,-1.111283460505923,0.046310849487781525,0.4790883357811691,0.42089855670928955
436,43.656537469999996,207,423936,971,444.12,0.023500625,0.2,0.9646777510643005,0.1600609756097561,0.0003,-0.01261529425817837,1520,-1.0986403905279267,0.13078251481056213,0.4691571489097626,0.41855448484420776
436,43.55420775,208,425984,975,443.47,0.028925948,0.2,0.9801743626594543,0.1293402777777778,0.0003,0.00417292769998312,1522,-1.0905564427375793,0.09845215827226639,0.3237506674809588,0.41817450523376465
437,43.33400157999999,209,428032,978,435.23,0.02073575,0.2,0.9739580750465393,0.1400122549019608,0.0003,-0.005005928103392031,1524,-1.0908230963875265,0.1953735202550888,0.40624334867678435,0.418050616979599
437,43.208306279999995,210,430080,982,433.5,0.04501071,0.2,0.940407395362854,0.12644974226804123,0.0003,-0.00883966785154699,1528,-1.0864780674275665,0.0353592112660408,0.2819891807805632,0.4171786308288574
437,42.931017759999996,211,432128,986,428.01,0.018586872,0.2,0.967553973197937,0.14944556451612903,0.0003,0.0006796962491446925,1530,-1.0843233696876033,0.026342373341321945,0.38875437035195287,0.41706663370132446
438,43.077808559999994,212,434176,991,426.1,0.026344243,0.2,0.9469454884529114,0.189208984375,0.0003,-0.01956251282535959,1536,-1.0800341702997684,0.046292513608932495,0.3952281483798288,0.4157301187515259
438,42.95072955,213,436224,995,422.34,0.031664655,0.2,0.9792248010635376,0.1764423076923077,0.0003,-0.011893180931488482,1541,-1.079072551543896,0.09509380161762238,0.2876502963785942,0.41563737392425537
438,42.93297842999999,214,438272,999,419.11,0.019935558,0.2,0.9532150030136108,0.13951612903225807,0.0003,-0.013540584050239094,1546,-1.080620781836971,0.05543791502714157,0.32805698912951253,0.4165152907371521
438,42.99178526,215,440320,1005,419.38,0.021454366,0.2,0.9291137456893921,0.1896484375,0.0003,-0.017888155311811715,1556,-1.0846414025872946,0.020629284903407097,0.47695439980598164,0.4177556037902832
438,42.79544059,216,442368,1009,418.15,0.023152782,0.2,0.978452205657959,0.15316611842105263,0.0003,-0.004777174265319972,1559,-1.0869834658346678,0.08816815912723541,0.2549956511510046,0.4176025390625
438,42.91760915,217,444416,1012,419.11,0.016998377,0.2,0.9533928632736206,0.12907608695652173,0.0003,0.0013576822061820524,1561,-1.0882368606069814,0.0639810562133789,0.6608260113583959,0.41799476742744446
438,43.12083192,218,446464,1017,419.85,0.01933308,0.2,0.951768696308136,0.15733506944444445,0.0003,-0.009271189751517441,1566,-1.089338931772444,0.1056126058101654,0.28641211422574187,0.41796284914016724
438,43.297297609999994,219,448512,1021,422.33,0.023907132,0.2,0.9769989252090454,0.19716796875,0.0003,-0.011372212902642787,1571,-1.0820966526865958,0.07221076637506485,0.18531235451810063,0.41461366415023804
439,43.075723450000005,220,450560,1025,415.89,0.023598032,0.2,0.9911696910858154,0.1515625,0.0003,-0.008500044429674745,1573,-1.0714427971839904,0.05529392138123512,0.21815947234630584,0.4133320450782776
439,43.02251283000001,221,452608,1029,414.39,0.018888257,0.2,0.9713015556335449,0.1524122807017544,0.0003,-0.005913683597259877,1575,-1.0651107921934964,0.018160313367843628,0.3104367837832685,0.41279858350753784
439,42.63140095999999,222,454656,1033,409.83,0.019787472,0.2,0.981106698513031,0.10751488095238096,0.0003,-0.0027666400641291624,1577,-1.063789699758802,0.07304129004478455,0.4173933927501951,0.4120826721191406
439,42.689469909999985,223,456704,1038,410.2,0.020590352,0.2,0.8848837018013,0.15458887043189368,0.0003,-0.018693467032820283,1587,-1.064585461568991,0.5847336053848267,0.6319333121824106,0.4136309027671814
440,43.11312292999999,224,458752,1042,412.2,0.015899898,0.2,0.9441443085670471,0.10096153846153846,0.0003,-0.0024777448449570397,1589,-1.0695783152030065,0.3868934214115143,0.8556065516403089,0.4132572412490845
440,43.06066223999999,225,460800,1046,412.69,0.023177447,0.2,0.9498596787452698,0.1430619266055046,0.0003,-0.01143703155151201,1593,-1.0691764584375083,0.18022780120372772,0.4469447786654901,0.4143751263618469
440,42.9443069,226,462848,1049,409.0,0.016607504,0.2,0.9658681154251099,0.10319010416666667,0.0003,-0.0012346041621640325,1595,-1.0719522659977276,0.6412686109542847,0.6267118848239382,0.4138869643211365
441,42.44252957000001,227,464896,1054,403.99,0.021026682,0.2,0.9710369110107422,0.18823406040268456,0.0003,-0.01581486683001354,1600,-1.0676740631961184,0.066739521920681,0.3411665147532953,0.41224485635757446
440,42.09399967,228,466944,1059,398.98,0.025505539,0.2,0.9330090880393982,0.21826001742160278,0.0003,-0.022525698553368396,1609,-1.0601638065397947,0.14126743376255035,0.7846354338038674,0.4116082787513733
440,42.085173160000004,229,468992,1064,398.52,0.020026863,0.2,0.8935856223106384,0.16880580357142858,0.0003,-0.016758383964077524,1615,-1.0595826279549372,0.01507304236292839,0.7208880364362683,0.41137486696243286
440,41.780335689999994,230,471040,1068,396.74,0.023465564,0.2,0.9464386701583862,0.1695995145631068,0.0003,-0.010513341149260986,1619,-1.060298082897964,0.10511365532875061,0.5490057817072544,0.41145002841949463
441,41.86589909,231,473088,1071,394.61,0.024486903,0.2,0.9445256590843201,0.12001811594202899,0.0003,-0.007319927100848028,1622,-1.0593063969543015,0.38248467445373535,0.6983234094104905,0.4118218421936035
441,42.064505309999994,232,475136,1076,396.06,0.018919094,0.2,0.9571811556816101,0.18419715447154472,0.0003,-0.0098504651171284,1626,-1.061173525283007,0.022760435938835144,0.5389648754058814,0.41129833459854126
441,41.60885193,233,477184,1079,393.52,0.030961227,0.2,0.9824086427688599,0.1389358108108108,0.0003,0.0022523685836711447,1628,-1.055594521599847,0.02197149023413658,0.19985050708055496,0.4105968773365021
441,41.74268072999999,234,479232,1084,394.01,0.026199453,0.2,0.8893482685089111,0.19322253184713375,0.0003,-0.023601122723245743,1638,-1.0606979750523902,0.028849534690380096,0.8153032718380545,0.4124487042427063
441,41.73295068,235,481280,1090,395.42,0.021816764,0.2,0.9448692202568054,0.200439453125,0.0003,-0.014849385303386952,1648,-1.0603803489357233,0.12042079865932465,0.3032623411156237,0.4104217290878296
441,41.67889166,236,483328,1094,394.83,0.028916819,0.2,0.9674345254898071,0.1754217791411043,0.0003,-0.017248101813855804,1654,-1.047348960777002,0.047998327761888504,0.45791427962527687,0.40750229358673096
441,41.36145546000001,237,485376,1098,392.37,0.018799435,0.2,0.9700119495391846,0.10334429824561403,0.0003,0.0006083571842234386,1656,-1.0406329339010674,0.08394142985343933,0.3290934477720344,0.40701740980148315
442,41.14349196,238,487424,1102,387.39,0.01998737,0.2,0.9555850028991699,0.13754401408450703,0.0003,-0.002804332891557838,1659,-1.038505795975806,0.2064855396747589,0.5540639958541158,0.40737029910087585
442,41.11612913,239,489472,1107,387.36,0.024862919,0.2,0.9612958431243896,0.1700053418803419,0.0003,-0.008272246573056675,1663,-1.047793134664878,0.07063642144203186,0.416689349609053,0.41066521406173706
442,41.07314949,240,491520,1111,384.74,0.0277229,0.2,0.9663428068161011,0.20638329383886256,0.0003,-0.017739650422610095,1670,-1.0652855064066666,0.022851768881082535,0.3344031121069786,0.41382932662963867
442,41.847572660000004,241,493568,1115,391.24,0.023890533,0.2,0.9690071940422058,0.2087912087912088,0.0003,-0.020282879292678375,1676,-1.0589135570840522,-0.03340766206383705,0.16441324514920239,0.4084433615207672
442,41.84757653,242,495616,1120,390.11,0.04945375,0.2,0.9871789813041687,0.10511363636363637,0.0003,0.010444586899018648,1678,-1.0435619968356509,0.09575764089822769,0.28600301887049817,0.40773576498031616
442,41.92880052,243,497664,1123,393.82,0.015847167,0.2,0.9550434947013855,0.15028409090909092,0.0003,-0.0007954606871035966,1680,-1.040920901298523,0.07982910424470901,0.45544883744283154,0.4077243208885193
443,42.063087530000004,244,499712,1127,394.15,0.019154731,0.2,0.9786311388015747,0.15482954545454544,0.0003,0.0008417244746603749,1682,-1.041737513108687,0.2481202930212021,0.47526620789007706,0.4073811173439026
443,42.203190209999995,245,501760,1131,396.07,0.021487353,0.2,0.9766044020652771,0.1955030487804878,0.0003,-0.010222670616491175,1685,-1.0370784968864628,0.042842477560043335,0.24645044259363558,0.40645673871040344
443,42.58690162999999,246,503808,1136,397.2,0.02574068,0.2,0.9700116515159607,0.217724609375,0.0003,-0.030014352587750183,1695,-1.0186503294855356,0.025328177958726883,0.3800044252711814,0.3992096781730652
443,42.8653717,247,505856,1140,399.43,0.025702298,0.2,0.9821605682373047,0.19324448529411764,0.0003,-0.002163734780076672,1698,-0.999951075981645,-0.01419007033109665,0.17106003007468054,0.39948803186416626
443,42.97502669999999,248,507904,1144,400.9,0.027887944,0.2,0.9594616889953613,0.212625,0.0003,-0.021578474392648785,1706,-1.006807523727417,-0.018125347793102264,0.24061254720389844,0.3994213938713074
443,43.23807246999999,249,509952,1148,402.64,0.023343142,0.2,0.9676951766014099,0.1348458904109589,0.0003,-0.00594248093843256,1709,-1.0017689417486322,0.04438455402851105,0.43242633506043315,0.39951473474502563
444,43.13601053999999,250,512000,1152,402.49,0.021424327,0.2,0.9674434065818787,0.16054258241758243,0.0003,-0.008196391390411409,1712,-1.002585999258272,0.062413908541202545,0.4071417367392844,0.3998783230781555
444,43.083579060000005,251,514048,1157,402.39,0.043137867,0.2,0.9339163303375244,0.18328220858895705,0.0003,-0.014025231430512722,1718,-1.0008493497327793,0.007206380367279053,0.5097074665906239,0.39830487966537476
444,43.29835209000001,252,516096,1161,404.97,0.024356982,0.2,0.9505067467689514,0.1759765625,0.0003,-0.01643956365296617,1723,-0.9885895695537329,0.14806559681892395,0.5180431452114135,0.3956117630004883
444,43.49265636999999,253,518144,1165,407.64,0.03279057,0.2,0.9866208434104919,0.1873468137254902,0.0003,-0.011674598500808226,1727,-0.9815815909236085,-0.021857284009456635,0.15857099661347912,0.39479905366897583
444,43.61914221000001,254,520192,1169,411.67,0.028607989,0.2,0.9821652173995972,0.12626689189189189,0.0003,0.004495488731442271,1729,-0.9772027714832409,0.16625277698040009,0.4033666939751522,0.3946768343448639
445,43.97597308,255,522240,1173,412.49,0.05268132,0.2,0.9882354736328125,0.19362113402061856,0.0003,-0.01103621697264541,1733,-0.975806854434849,0.0221051424741745,0.23312437265496894,0.3938966691493988
445,43.970914199999996,256,524288,1176,414.85,0.021589903,0.2,0.980731725692749,0.16951650943396226,0.0003,-0.004353052708056738,1735,-0.9714123629174143,0.15927699208259583,0.2238625799709896,0.3931635618209839
445,44.19129455,257,526336,1181,417.47,0.03767958,0.2,0.9821131825447083,0.20500753012048192,0.0003,-0.017317904187478573,1741,-0.9727090966988758,0.0757138654589653,0.2259038588009685,0.3939204812049866
445,44.490981520000005,258,528384,1185,420.01,0.02288278,0.2,0.9830778241157532,0.10671542553191489,0.0003,-0.004503354251860304,1743,-0.9744673802497539,0.10825076699256897,0.26694612569631415,0.3943793773651123
445,44.49831403000001,259,530432,1189,421.04,0.039431028,0.2,0.978004515171051,0.18605324074074073,0.0003,-0.01951755875905539,1749,-0.9640118373029026,0.059345513582229614,0.1829265107366222,0.3904062509536743
446,44.77913719,260,532480,1193,422.99,0.030954055,0.2,0.9653820991516113,0.18953125,0.0003,-0.010515539362095296,1753,-0.951960740685463,0.032863568514585495,0.3143012909591198,0.3895372748374939
446,44.81314195,261,534528,1197,423.82,0.023549285,0.2,0.9930583238601685,0.16796875,0.0003,-0.007043813965061591,1756,-0.9546971413351241,0.02080336958169937,0.07392039334046699,0.39083388447761536
446,44.449150069999995,262,536576,1201,422.09,0.021989292,0.2,0.989514946937561,0.13633578431372548,0.0003,-0.0006331510056613707,1758,-0.9569078508545371,0.05015140399336815,0.21957927883840075,0.39067474007606506
446,44.68486543000001,263,538624,1205,425.15,0.021690834,0.2,0.9189453721046448,0.14862351190476192,0.0003,-0.008055140380747616,1761,-0.956200896984055,0.19760534167289734,0.8970201780043897,0.39115431904792786
447,44.577325849999994,264,540672,1209,421.65,0.02627992,0.2,0.9841129183769226,0.1663510101010101,0.0003,-0.014720851959980498,1765,-0.9528253879209961,0.05939100682735443,0.23755285053542166,0.3882918953895569
447,44.53250822,265,542720,1214,421.87,0.027860006,0.2,0.9598722457885742,0.20125932835820895,0.0003,-0.016083349655637173,1772,-0.9442876488415163,0.05378590524196625,0.47092680229031625,0.3881191611289978
447,44.32809091000001,266,544768,1217,420.22,0.028720226,0.2,0.9380314946174622,0.06893382352941177,0.0003,0.0012430442729964852,1774,-0.943609332337099,0.19785484671592712,0.840502440052874,0.3885599374771118
447,44.287255669999986,267,546816,1221,420.22,0.016738739,0.2,0.9738074541091919,0.13060461956521738,0.0003,-0.010059768738953964,1777,-0.9467288845259211,0.04268781468272209,0.23860395756428657,0.3890076279640198
447,44.31497499,268,548864,1225,421.5,0.020994073,0.2,0.9418059587478638,0.13975694444444445,0.0003,-0.001329829276073724,1780,-0.9455674414833387,0.16266821324825287,0.4321643761876557,0.38818567991256714
447,44.26439291,269,550912,1229,421.65,0.03395401,0.2,0.9787378907203674,0.21758828996282528,0.0003,-0.023691850079078102,1789,-0.9306591751407071,0.01246723160147667,0.2919708453949721,0.38270998001098633
447,44.33842912,270,552960,1234,423.2,0.027368898,0.2,0.9716172218322754,0.20752427184466019,0.0003,-0.017148124720919335,1796,-0.9083552131953748,-0.03326526656746864,0.22871708951311784,0.37865936756134033
448,44.61540853,271,555008,1238,425.61,0.019908275,0.2,0.9827107191085815,0.10054347826086957,0.0003,-0.005444527755531928,1798,-0.8939365083756654,0.3218820095062256,0.32568634098962596,0.3792034685611725
448,44.76045413999999,272,557056,1242,426.22,0.019021297,0.2,0.9729951620101929,0.18423202614379086,0.0003,-0.014152353031414688,1803,-0.8886304447074341,-0.012917846441268921,0.1305012748594962,0.37498706579208374
448,44.719664460000004,273,559104,1246,425.47,0.02387787,0.2,0.9735777974128723,0.21969918224299065,0.0003,-0.01689925121152164,1810,-0.8739651402580404,0.18164101243019104,0.23778891723568193,0.37457841634750366
448,44.82499439,274,561152,1250,426.51,0.022498924,0.2,0.9835642576217651,0.15926535087719298,0.0003,-0.0021669703797159486,1812,-0.871279892168547,0.05762530490756035,0.17981686894046633,0.37407761812210083
448,44.829428549999996,275,563200,1255,425.36,0.052335557,0.2,0.9813294410705566,0.18234536082474226,0.0003,-0.014810200991857913,1816,-0.8699611634323278,0.015097230672836304,0.2061320568828546,0.37382030487060547
448,44.81615415000001,276,565248,1259,425.39,0.027028823,0.2,0.9402227997779846,0.1435032894736842,0.0003,-0.0064748342296010565,1819,-0.8643669093910017,0.06357146799564362,0.43532547550766093,0.3722107410430908
449,44.947325360000015,277,567296,1263,426.41,0.02269858,0.2,0.9871302247047424,0.16710526315789473,0.0003,-0.008068799938222295,1822,-0.8538071651207774,-0.007946010679006577,0.12643624257884528,0.36992132663726807
449,45.011702140000004,278,569344,1266,427.35,0.02904291,0.2,0.9893673658370972,0.1754981884057971,0.0003,-0.010392197858258758,1825,-0.8479352584783582,0.002804439514875412,0.17661226886338083,0.3698107600212097
449,45.00832381,279,571392,1270,427.21,0.02069085,0.2,0.9900113344192505,0.1747159090909091,0.0003,-0.01430012903768908,1829,-0.8426338138659138,-0.01828288845717907,0.10521680789360822,0.36776232719421387
449,45.0487582,280,573440,1275,428.31,0.02545058,0.2,0.9915062785148621,0.17113095238095238,0.0003,-0.009209711642359338,1833,-0.8317494125593277,-0.03189302235841751,0.05961456776020073,0.36631491780281067
449,45.06498711000001,281,575488,1279,428.89,0.024686206,0.2,0.9918296337127686,0.18991361788617886,0.0003,-0.0180306988086824,1837,-0.8276625188385568,0.01035444438457489,0.10564507725762158,0.36659306287765503
450,45.13402927999999,282,577536,1282,428.22,0.02098808,0.2,0.9922779202461243,0.17252604166666666,0.0003,-0.005415435485904002,1840,-0.8270747736096382,-0.00042475759983062744,0.09974846789716846,0.3657076358795166
450,45.65707086,283,579584,1286,431.3,0.022187525,0.2,0.9938265681266785,0.1951593137254902,0.0003,-0.021118785202917125,1845,-0.8214501582719143,-0.0199798122048378,0.06618761686376887,0.3640232980251312
450,45.67764933,284,581632,1290,431.06,0.017750273,0.2,0.993126630783081,0.16037735849056603,0.0003,-0.002315759509450422,1847,-0.8140011947110014,0.05755815654993057,0.12487060773485112,0.36408889293670654
450,45.71494246,285,583680,1295,432.55,0.02341761,0.2,0.9917628765106201,0.18935546875,0.0003,-0.02108437557471916,1852,-0.8173113737255335,0.004454083740711212,0.10519670429639519,0.36353635787963867
450,46.032243009999995,286,585728,1298,434.46,0.01933553,0.2,0.9921738505363464,0.13501602564102563,0.0003,-0.018824485528609183,1856,-0.8120120738306617,0.004851695150136948,0.11858414290234065,0.36279648542404175
450,46.276256239999995,287,587776,1303,436.94,0.026170284,0.2,0.9919862151145935,0.19735863095238096,0.0003,-0.02208557758352808,1862,-0.8012565722068151,-0.02456790953874588,0.08980662807533961,0.3606756627559662
451,45.978481949999995,288,589824,1307,435.04,0.022055695,0.2,0.9868810176849365,0.15594161184210525,0.0003,-0.012750036337437402,1867,-0.7914608591481259,-0.002913597971200943,0.12275066192408926,0.35853612422943115
451,45.87524889000001,289,591872,1311,434.05,0.024066765,0.2,0.9289231300354004,0.16335227272727273,0.0003,-0.015187761519563856,1872,-0.7916485187295196,0.045226454734802246,0.35555286959490995,0.3613094687461853
451,46.06205731,290,593920,1316,435.94,0.024184618,0.2,0.9403698444366455,0.19073705179282868,0.0003,-0.021401697751208842,1880,-0.8183602766686702,0.17824748158454895,0.4774651276875302,0.3673170506954193
451,46.24052336,291,595968,1320,436.37,0.027656913,0.2,0.9794621467590332,0.1600060096153846,0.0003,-0.0065002041519619524,1884,-0.8280196997981805,0.047992125153541565,0.14252303440410358,0.3660573363304138
451,46.151701980000006,292,598016,1324,435.73,0.020502683,0.2,0.9832980632781982,0.15443313953488372,0.0003,-0.007015103669187357,1887,-0.8230660322100617,0.06060198321938515,0.18379998874179151,0.3653520345687866
451,46.16860267999999,293,600064,1328,436.18,0.018016985,0.2,0.9570178985595703,0.15969488188976377,0.0003,-0.015503219338903923,1891,-0.8254444758723102,0.006635844707489014,0.2684970573177488,0.36633896827697754
451,46.17413793,294,602112,1333,436.33,0.023815991,0.2,0.9861798286437988,0.15913228155339806,0.0003,-0.009669012914511185,1895,-0.8244162184520832,0.03275131434202194,0.11729383707335851,0.36476972699165344
451,46.38695473999999,295,604160,1337,438.03,0.028103068,0.2,0.9662234783172607,0.17046370967741936,0.0003,-0.015235117249070637,1900,-0.815670031885947,-0.015699205920100212,0.29183767815270734,0.36285945773124695
451,46.403724280000006,296,606208,1341,437.87,0.029522534,0.2,0.983788013458252,0.18568638392857142,0.0003,-0.013496788873453625,1904,-0.8024776556662151,0.028690451756119728,0.20529557757877878,0.3606267273426056
451,46.495339730000005,297,608256,1345,437.69,0.018158821,0.2,0.9821991920471191,0.1388561320754717,0.0003,-0.007258076853347274,1906,-0.7973988348583005,0.026683930307626724,0.19957698045193023,0.3611909747123718
452,46.488170010000005,298,610304,1350,436.48,0.023100503,0.2,0.974553644657135,0.17991071428571428,0.0003,-0.014494005065145237,1911,-0.7966125620262964,-0.017821766436100006,0.24637337201940163,0.35961657762527466
452,46.48412553,299,612352,1354,436.04,0.022500325,0.2,0.9884775280952454,0.19655257936507936,0.0003,-0.016997125347159685,1915,-0.7869151121094113,-0.005587872117757797,0.1385259541372458,0.3578373193740845
452,46.49214888,300,614400,1358,437.02,0.033502962,0.2,0.9900152087211609,0.20161897590361447,0.0003,-0.017976039655910558,1921,-0.7767983789903572,-0.014722168445587158,0.08590797422431319,0.35619980096817017
452,46.51657011,301,616448,1363,436.81,0.019247677,0.2,0.98779296875,0.18536184210526316,0.0003,-0.012061402880537666,1924,-0.7715144188780534,0.05717683583498001,0.19901079723709508,0.355448842048645
451,46.554619970000005,302,618496,1368,436.13,0.030284273,0.2,0.993377149105072,0.19866071428571427,0.0003,-0.019130396334311135,1930,-0.7773398082334917,-0.014936985448002815,0.05727481243845362,0.3581729531288147
451,46.55365313,303,620544,1373,437.07,0.02273203,0.2,0.9863411784172058,0.17060810810810811,0.0003,-0.013072395690943341,1934,-0.7845445382702458,0.055507220327854156,0.15051249532146496,0.3586101830005646
452,46.43785127,304,622592,1377,436.05,0.02255243,0.2,0.9897369742393494,0.14807412790697674,0.0003,-0.012087557107470063,1937,-0.7831564982270085,0.059925951063632965,0.16308068873923878,0.35746902227401733
451,46.37083361,305,624640,1381,434.45,0.023979016,0.2,0.9587039351463318,0.18371815286624205,0.0003,-0.016347034401289977,1942,-0.7812451112801861,0.026249051094055176,0.2183574837911281,0.35804662108421326
452,46.334178220000005,306,626688,1386,432.75,0.022068907,0.2,0.9777874946594238,0.13809121621621623,0.0003,-0.0013388087721289816,1944,-0.7834578414221067,0.1437074840068817,0.3648155030567904,0.3584010601043701
452,46.41029094,307,628736,1390,432.66,0.016766349,0.2,0.9836896061897278,0.13039269911504425,0.0003,-0.010032416321337223,1948,-0.7849679330808926,-0.039097316563129425,0.1188411251600601,0.3586677312850952
452,46.44329087999999,308,630784,1394,431.38,0.017496454,0.2,0.986427903175354,0.10852272727272727,0.0003,0.0022625561930577865,1950,-0.7857355063611811,0.04752006381750107,0.16231473609805108,0.35910308361053467
452,46.713082019999995,309,632832,1399,433.46,0.017227473,0.2,0.9818341732025146,0.1617943548387097,0.0003,-0.00501805868360304,1953,-0.7840614357302266,0.079658143222332,0.162265713056249,0.3572196960449219
452,46.86220903,310,634880,1402,434.61,0.03444231,0.2,0.9730920791625977,0.10431985294117647,0.0003,0.003543851992991917,1955,-0.7773666136405047,0.18876704573631287,0.5488005311173552,0.3571974039077759
452,46.95463785,311,636928,1406,434.28,0.01359465,0.2,0.9523297548294067,0.1025390625,0.0003,-0.0015993717897799797,1957,-0.777677065692842,0.05792775750160217,0.5186764934333041,0.3573284149169922
452,46.92039635000001,312,638976,1411,433.39,0.020557545,0.2,0.9861606955528259,0.15023053278688525,0.0003,-0.012346334381364897,1961,-0.7798648979820189,-0.03338943421840668,0.07266820725969604,0.35758548974990845
452,46.70232644000001,313,641024,1415,431.37,0.02871121,0.2,0.9870153069496155,0.1408514492753623,0.0003,-0.009831413403963265,1964,-0.7768020984055339,0.021878119558095932,0.1467727431892485,0.35650503635406494
453,46.768215770000005,314,643072,1419,431.26,0.010853983,0.2,0.9346421957015991,0.109375,0.0003,-0.00016124965623021126,1966,-0.7746925791725516,0.07111798971891403,0.32998627464985475,0.35722899436950684
453,46.91488091000001,315,645120,1423,432.19,0.031026531,0.2,0.9561088681221008,0.13258272058823528,0.0003,-0.0037933438468505352,1969,-0.7781095697599298,0.08021839708089828,0.3355943539782482,0.3569737672805786
453,46.903270620000015,316,647168,1428,431.2,0.022786181,0.2,0.9910299777984619,0.23308367768595042,0.0003,-0.015725518061109812,1973,-0.772008016582363,-0.042948104441165924,0.092750160931802,0.35526466369628906
453,46.96496102000001,317,649216,1432,431.02,0.024782829,0.2,0.9908425807952881,0.16152597402597402,0.0003,-0.013919931921091947,1976,-0.7644330263137817,-0.0010108649730682373,0.1267229774362081,0.3546113967895508
453,47.00535423,318,651264,1436,430.77,0.017573196,0.2,0.9919374585151672,0.13831967213114754,0.0003,-0.004058661053842697,1978,-0.758529073879367,0.027596190571784973,0.12343185639283696,0.35298359394073486
453,47.11513338000002,319,653312,1440,431.61,0.015149119,0.2,0.9839462041854858,0.09664351851851852,0.0003,-0.0035588216053804864,1980,-0.7519070594399063,0.12868067622184753,0.3063436465130912,0.35210174322128296
453,47.07552970999999,320,655360,1444,431.02,0.020468486,0.2,0.9878864288330078,0.13620283018867924,0.0003,-0.0006648385018672583,1982,-0.7478702484436754,0.027608919888734818,0.1888129199099428,0.35206758975982666
453,47.09935327,321,657408,1448,431.61,0.026698269,0.2,0.9885761737823486,0.1328125,0.0003,0.0016241630202987129,1984,-0.7487281643682056,0.01003088429570198,0.21847274754610327,0.3523407578468323
453,46.93788158,322,659456,1452,430.24,0.020580055,0.2,0.9920028448104858,0.08742559523809523,0.0003,-0.0007136194368026086,1986,-0.7509485866342273,0.04253524914383888,0.18109105403224626,0.35267236828804016
453,47.067237,323,661504,1457,430.28,0.024130149,0.2,0.9672232866287231,0.16743827160493827,0.0003,-0.008084134606897463,1989,-0.7508256862192978,0.04129456356167793,0.2937293509826248,0.3516666293144226
453,47.01958539,324,663552,1461,428.75,0.03243297,0.2,0.9701489210128784,0.1963068181818182,0.0003,-0.01726384385291374,1995,-0.7383823759628064,0.14480146765708923,0.24546041398337393,0.3484067916870117
454,47.18093311,325,665600,1465,430.52,0.035703715,0.2,0.9830509424209595,0.10707720588235294,0.0003,0.007082047694198349,1997,-0.7250298454481012,0.3254947066307068,0.3110215343973216,0.3476068377494812
454,47.18244603,326,667648,1470,430.24,0.020574952,0.2,0.9865918755531311,0.181884765625,0.0003,-0.017309287730313372,2001,-0.720866012852639,-0.005106661468744278,0.16148519575654063,0.34665852785110474
454,46.696373040000005,327,669696,1474,427.83,0.02465249,0.2,0.946254312992096,0.1712962962962963,0.0003,-0.01597344083711505,2005,-0.7153538035021888,0.017001260071992874,0.47607219039841936,0.3456062972545624
453,46.61396598,328,671744,1480,427.85,0.036283858,0.2,0.9323168992996216,0.17986778846153847,0.0003,-0.024446817249274597,2014,-0.7222299871536402,-0.012551967054605484,0.357428466843871,0.3488031029701233
453,46.55918024,329,673792,1484,428.38,0.018670755,0.2,0.96204674243927,0.16629464285714285,0.0003,-0.009369173848036942,2018,-0.7286015413701534,0.0456453375518322,0.30605241869177136,0.34843841195106506
454,46.539789930000005,330,675840,1488,428.25,0.0555192,0.2,0.9751583933830261,0.1387310606060606,0.0003,0.008822398838784658,2020,-0.727394775910811,0.11035989224910736,0.35537444122812967,0.3484484553337097
454,46.31994884999999,331,677888,1492,425.78,0.056774646,0.2,0.9436862468719482,0.11947115384615385,0.0003,-0.002712602039369253,2023,-0.7284126180868883,0.15657047927379608,0.6749299331353261,0.3483603596687317
454,46.153133909999994,332,679936,1496,426.21,0.03575964,0.2,0.965497612953186,0.14583333333333334,0.0003,-0.0025962464102177005,2026,-0.728647973501321,0.08552411198616028,0.42815493950338074,0.3487532138824463
454,46.17664654,333,681984,1501,426.53,0.027733546,0.2,0.9770777225494385,0.1089527027027027,0.0003,-0.0021500756359986357,2028,-0.7319291362891326,0.09001879394054413,0.46542397826104553,0.34947913885116577
454,46.50678386999999,334,684032,1505,430.85,0.02382169,0.2,0.9717730283737183,0.140625,0.0003,-0.001058257557451725,2030,-0.7353468573093415,0.1340213268995285,0.2730491407215595,0.3497350811958313
454,46.32434550000001,335,686080,1509,430.4,0.01684254,0.2,0.98685222864151,0.1385216346153846,0.0003,-0.003697008342267229,2032,-0.7339603132926501,0.09263169765472412,0.26115455492757833,0.34916365146636963
454,46.23393039,336,688128,1513,429.17,0.022846319,0.2,0.973425567150116,0.14407703488372092,0.0003,-0.011680155765091958,2035,-0.7319661025391069,0.05098208785057068,0.3137117353116357,0.34934312105178833
454,46.19997090999999,337,690176,1517,428.78,0.0339324,0.2,0.9581775069236755,0.18995098039215685,0.0003,-0.011252539761948819,2039,-0.7319527093101951,0.018847305327653885,0.3103104728986235,0.3493391275405884
454,46.12796528999999,338,692224,1521,429.35,0.020237753,0.2,0.9827843308448792,0.15882120253164558,0.0003,-0.010054285387520361,2042,-0.7306741091269481,0.07203016430139542,0.1738044877972784,0.3485359847545624
455,45.92372358999999,339,694272,1525,427.39,0.020015014,0.2,0.9916325807571411,0.15153301886792453,0.0003,-0.009637334946332113,2044,-0.7229188433233297,0.02441585622727871,0.14868016063042408,0.3466242551803589
455,45.93280591999999,340,696320,1530,427.28,0.02614006,0.2,0.9811308979988098,0.16051136363636365,0.0003,-0.006214410647169336,2047,-0.7139134198040157,0.039649032056331635,0.2269028595031856,0.3457990884780884
455,45.84420231,341,698368,1534,429.54,0.024194255,0.2,0.9818031787872314,0.19222689075630253,0.0003,-0.015716802426653,2051,-0.7093834616556889,0.05038701742887497,0.2734941322387767,0.34441158175468445
455,45.97875929,342,700416,1538,428.35,0.026921988,0.2,0.9866132736206055,0.1704009433962264,0.0003,-0.016235260899125966,2055,-0.7046041432416664,0.02636575698852539,0.20720068765979893,0.3449534773826599
455,46.05919927,343,702464,1542,428.22,0.025692374,0.2,0.9682832956314087,0.18070652173913043,0.0003,-0.002017093235221894,2057,-0.7079803697440935,0.098420150578022,0.35133499263421347,0.3453689217567444
455,46.12823266,344,704512,1547,428.43,0.027445283,0.2,0.990359365940094,0.1918658088235294,0.0003,-0.010934031332212994,2062,-0.7096357314902193,-0.018724258989095688,0.09180272691061392,0.3452815115451813
455,46.25264360000001,345,706560,1551,430.41,0.019503243,0.2,0.9939781427383423,0.16475694444444444,0.0003,-0.01041856792031063,2065,-0.7041757338576846,-0.02971208095550537,0.06865135935238666,0.34385424852371216
455,45.975919760000004,346,708608,1556,427.43,0.022372091,0.2,0.9930234551429749,0.21254485645933013,0.0003,-0.025140363110327406,2072,-0.6948542671910883,-0.015474880114197731,0.103650580521263,0.34137505292892456
455,46.086341530000006,347,710656,1561,428.1,0.022263493,0.2,0.9574815034866333,0.1583406690140845,0.0003,-0.012095474887272003,2077,-0.692216481541244,0.09795067459344864,0.44428457172823627,0.3427034914493561
455,46.43256167,348,712704,1565,430.67,0.021388888,0.2,0.9542381167411804,0.1501953125,0.0003,-0.011425762152066454,2080,-0.6954104185104371,0.11445041000843048,0.34318365789949895,0.3433423638343811
455,46.56325578,349,714752,1569,432.27,0.049394563,0.2,0.981902539730072,0.09466911764705882,0.0003,0.0007020000176613822,2082,-0.698138845317504,0.09000846743583679,0.35572296687785315,0.34309446811676025
455,46.674321920000004,350,716800,1573,432.13,0.026011765,0.2,0.9898557066917419,0.15182783018867924,0.0003,-0.01751282307174373,2086,-0.6875228409497243,0.02208239585161209,0.14489789040021175,0.3398763835430145
455,46.926797029999996,351,718848,1577,433.3,0.03574109,0.2,0.9928670525550842,0.17140858208955223,0.0003,-0.00426336493926929,2089,-0.672109297852018,-0.006680790334939957,0.08887384203610135,0.33805638551712036
455,47.06999347000001,352,720896,1582,433.98,0.022340959,0.2,0.9808018803596497,0.2205010775862069,0.0003,-0.010517357639839938,2093,-0.6619218628982018,0.0784783586859703,0.1659516300684933,0.3365090489387512
455,47.05902355999999,353,722944,1586,432.3,0.025589472,0.2,0.9917224645614624,0.14641203703703703,0.0003,-0.006440430189724322,2096,-0.6597165516865107,0.0015048645436763763,0.11146487245037232,0.3369761109352112
455,47.30975727,354,724992,1590,434.8,0.034002393,0.2,0.970150887966156,0.16322115384615385,0.0003,-0.008522113860369876,2101,-0.6631203573483687,-0.030142519623041153,0.16080885323194358,0.3367272615432739
455,47.343318149999995,355,727040,1594,433.83,0.017953306,0.2,0.9888929128646851,0.10318396226415094,0.0003,-0.00945909126257559,2103,-0.6569024841740446,0.13151051104068756,0.22745299367409832,0.3358669579029083
456,47.48862665000001,356,729088,1598,433.21,0.026330775,0.2,0.9914425611495972,0.17617753623188406,0.0003,-0.013024392470285513,2106,-0.657307631727578,0.009969852864742279,0.1694320222713809,0.336536169052124
456,47.62495134000001,357,731136,1602,433.42,0.028305532,0.2,0.9852566719055176,0.065625,0.0003,0.002410510421863624,2108,-0.6587733251707895,0.04664911329746246,0.2362875663808414,0.3365495204925537
456,47.56689028000001,358,733184,1606,432.65,0.04125379,0.2,0.9869999289512634,0.20959595959595959,0.0003,-0.016188815692345603,2112,-0.6610635332386903,-0.007488822564482689,0.11262022141329568,0.3372345268726349
456,47.582072190000005,359,735232,1611,431.39,0.025727132,0.2,0.9661073088645935,0.15625,0.0003,0.003245309034877635,2114,-0.6621307324855885,0.1778109073638916,0.4222269552819272,0.3369925022125244
456,47.78055973000001,360,737280,1615,431.77,0.03286803,0.2,0.9848726391792297,0.14607007575757575,0.0003,-0.005938416678514896,2117,-0.6606558191053795,0.04741416871547699,0.19595495464675355,0.3362978994846344
456,47.820559010000004,361,739328,1619,431.69,0.01601787,0.2,0.9933542609214783,0.1880387931034483,0.0003,0.004254626977289545,2118,-0.6558211343041782,0.03689750283956528,0.1196728057131685,0.3358765244483948
456,48.05752350000001,362,741376,1623,430.45,0.033010215,0.2,0.990878164768219,0.10135135135135136,0.0003,-0.0019597338663565147,2120,-0.6549809188456148,0.061376169323921204,0.16073485302764015,0.3359808623790741
456,47.955302720000006,363,743424,1627,432.11,0.02388395,0.2,0.9929438829421997,0.1784690366972477,0.0003,-0.016383179681324356,2124,-0.6531368565121922,0.022724926471710205,0.12674287563070244,0.33486950397491455
456,47.88309244,364,745472,1632,438.34,0.036915235,0.2,0.9917054176330566,0.15602022058823528,0.0003,-0.0025420307578957256,2127,-0.6478633643949733,0.0681033506989479,0.2106478216455263,0.33472299575805664
456,47.833647199999994,365,747520,1636,437.92,0.025362458,0.2,0.9891685247421265,0.19482421875,0.0003,-0.004914036057016347,2129,-0.6478056889027357,0.1609598696231842,0.36802644142881036,0.33509504795074463
457,47.80341103,366,749568,1640,436.24,0.022954727,0.2,0.9903230667114258,0.13622359154929578,0.0003,-0.006137508216878058,2132,-0.6471392554296574,0.010691113770008087,0.12628454756988605,0.33372604846954346
457,47.98946403,367,751616,1644,436.94,0.034484558,0.2,0.9817447066307068,0.15890625,0.0003,-0.009362693903967738,2136,-0.635210776925087,0.028121091425418854,0.1935386823117733,0.3314765393733978
457,48.07094048999999,368,753664,1648,436.75,0.032538902,0.2,0.9831598997116089,0.15080492424242425,0.0003,-0.007949241070133267,2139,-0.6302579794869279,0.014945736154913902,0.2287290379630797,0.33221346139907837
457,47.8955542,369,755712,1652,433.96,0.030387111,0.2,0.9874974489212036,0.1918402777777778,0.0003,-0.002698264110626446,2142,-0.6313860043883324,0.02509569190442562,0.13660306328286728,0.33183354139328003
457,47.86941138,370,757760,1657,433.25,0.02593532,0.2,0.9635580778121948,0.18796296296296297,0.0003,-0.02021420946068786,2147,-0.632237665741532,-0.01325182244181633,0.2937673489252726,0.332084059715271
457,47.821566860000004,371,759808,1661,433.22,0.023657933,0.2,0.9878925681114197,0.16339285714285715,0.0003,-0.00640921943954059,2150,-0.6279422385351998,0.03834901005029678,0.19159544200769493,0.3310612440109253
457,47.78674195999999,372,761856,1665,434.57,0.025261544,0.2,0.9895955324172974,0.17291666666666666,0.0003,-0.005039617895252175,2152,-0.6248484796947903,0.07756254822015762,0.218267752809657,0.3310949206352234
457,47.728952259999986,373,763904,1669,436.04,0.027163506,0.2,0.9918661713600159,0.22144039735099338,0.0003,-0.01807889412003045,2157,-0.6228221050950865,0.013872511684894562,0.12480517417587192,0.32939332723617554
457,47.73174275,374,765952,1672,436.64,0.023320435,0.2,0.9907785058021545,0.15205439814814814,0.0003,-0.008636650568978102,2161,-0.6116479083343789,0.033346157521009445,0.18474282793424748,0.3285522162914276
458,47.87678427999998,375,768000,1676,440.17,0.022455482,0.2,0.9919261932373047,0.11875,0.0003,-0.0032624330670971958,2164,-0.6104003012180328,0.05063207820057869,0.1343136834778956,0.32874584197998047
458,47.842064499999985,376,770048,1680,442.3,0.018656973,0.2,0.9907998442649841,0.1607521186440678,0.0003,-0.008310102861595609,2166,-0.6064373537645502,0.11460067331790924,0.23041404392254555,0.3273322880268097
458,47.7688375,377,772096,1684,442.18,0.022854114,0.2,0.9938978552818298,0.11086309523809523,0.0003,-0.0007768718836208185,2168,-0.6007266441980997,0.003470243886113167,0.19172091817572004,0.32706218957901
458,47.89021848,378,774144,1688,443.59,0.007127009,0.2,0.9907581806182861,0.06625,0.0003,0.012398977912962437,2169,-0.602174642086029,0.3061341643333435,0.15139190062880517,0.32771867513656616
458,47.81332982000001,379,776192,1692,444.4,0.017106494,0.2,0.9948989152908325,0.1431818181818182,0.0003,-0.003880401819267056,2171,-0.6047495755282315,0.030366506427526474,0.10438477938825434,0.32736408710479736
458,47.742874660000005,380,778240,1696,443.81,0.01806887,0.2,0.9948900938034058,0.125,0.0003,-0.006353143503532764,2173,-0.5985819456425119,0.06659825891256332,0.13428496395019776,0.326110303401947
459,47.65180673999999,381,780288,1699,443.87,0.01465854,0.2,0.9626325964927673,0.10546875,0.0003,-0.003397705425000326,2175,-0.5930734967643564,0.10550466179847717,0.39028723300857976,0.3259916305541992
459,47.56544802999999,382,782336,1703,444.15,0.025559891,0.2,0.9718536138534546,0.1316747572815534,0.0003,-0.013999305159142874,2179,-0.5885277141645117,0.05298565328121185,0.280411744454098,0.32378455996513367
459,47.45545334000001,383,784384,1707,443.25,0.026129575,0.2,0.9647948741912842,0.19747340425531915,0.0003,-0.01267260084331617,2184,-0.57974965902085,0.013717733323574066,0.23579252817740676,0.3231925964355469
459,47.49265484000001,384,786432,1711,442.3,0.017820593,0.2,0.9821103811264038,0.1345703125,0.0003,-0.00988860941142775,2187,-0.5769166857004165,0.02009681984782219,0.13909557461738586,0.3230054974555969
459,47.38241852000001,385,788480,1715,436.81,0.030721195,0.2,0.9909217953681946,0.17631172839506173,0.0003,-0.00900811483554634,2190,-0.5786721470915241,0.06069650873541832,0.14880828511107852,0.3237461447715759
459,47.39054422,386,790528,1719,435.12,0.022064433,0.2,0.9822854995727539,0.12340561224489796,0.0003,-0.0008412505956176592,2192,-0.58154375090891,0.017947010695934296,0.24329517637284434,0.3245221674442291
460,47.29950978,387,792576,1722,435.78,0.015579579,0.2,0.9663972854614258,0.13427734375,0.0003,-0.005792688330984674,2194,-0.5864309398457408,0.14742907881736755,0.2865732404170558,0.32496100664138794
460,47.24151597000001,388,794624,1726,435.27,0.016247248,0.2,0.9773704409599304,0.13802083333333334,0.0003,0.0013423445479323467,2196,-0.588157269358635,0.083853580057621,0.2959092481682698,0.3250822424888611
460,47.25729571,389,796672,1730,436.9,0.023343947,0.2,0.9896246790885925,0.19293478260869565,0.0003,-0.01058457563833698,2200,-0.593092117620551,0.028830982744693756,0.12307940141662307,0.32675790786743164
460,47.35322485999999,390,798720,1734,437.65,0.025733389,0.2,0.9861747026443481,0.1565448113207547,0.0003,-0.007183666569444368,2202,-0.6025284461255344,0.10810688138008118,0.2739470024716179,0.32772788405418396
460,47.423888549999994,391,800768,1738,438.96,0.029171119,0.2,0.9954867362976074,0.1897662213740458,0.0003,-0.012323554957157555,2207,-0.6082195157313165,-0.047085847705602646,0.04769711399038557,0.3282754719257355
460,47.39654632999999,392,802816,1742,442.26,0.020824049,0.2,0.9819232821464539,0.1691468253968254,0.0003,-0.0027432345031272796,2209,-0.6110163047200158,0.16537736356258392,0.3039626457270176,0.3291327953338623
461,47.383150969999996,393,804864,1745,444.44,0.024737675,0.2,0.9866256713867188,0.1545138888888889,0.0003,0.0008125771483820346,2211,-0.6136084761884477,0.07240650057792664,0.3481597378849983,0.3292788863182068
461,47.36702826,394,806912,1748,439.98,0.032260757,0.2,0.9912766218185425,0.15357142857142858,0.0003,0.0034231929374592645,2213,-0.6178093722888401,0.06694602966308594,0.2494855523109436,0.3299289345741272
461,47.11950000000001,395,808960,1752,440.36,0.018272411,0.2,0.9869704246520996,0.134375,0.0003,-0.00924436709679225,2216,-0.6208870705436258,0.012752648442983627,0.16918450703515725,0.330619215965271
462,47.08341907,396,811008,1755,441.7,0.018974308,0.2,0.9761871099472046,0.19580078125,0.0003,0.00692030118079856,2217,-0.6222729831933975,0.20636053383350372,0.5986386435106397,0.3304769694805145
462,46.929693390000004,397,813056,1758,436.82,0.04655911,0.2,0.9830994606018066,0.195715206185567,0.0003,-0.012269122230810756,2221,-0.6204151769274289,0.09027747064828873,0.3596426830002942,0.329719215631485
462,46.83430628,398,815104,1762,434.94,0.023539292,0.2,0.9687116146087646,0.1467869718309859,0.0003,0.000260899272996565,2224,-0.6173935247139192,0.05506395921111107,0.26579633843101247,0.32982081174850464
462,46.84188189,399,817152,1765,435.5,0.018718045,0.2,0.9714970588684082,0.16036184210526316,0.0003,0.0012036276564590242,2226,-0.6201031678601315,0.06904032826423645,0.44173301128964676,0.33046475052833557
463,46.88588036,400,819200,1768,433.97,0.020422947,0.2,0.9889799952507019,0.16049382716049382,0.0003,-0.007267425480632134,2229,-0.6198884521001651,0.03153263032436371,0.20177550972611816,0.32971346378326416
463,47.097714829999994,401,821248,1771,437.26,0.01772039,0.2,0.9884617328643799,0.15213815789473684,0.0003,-0.005774584835754675,2231,-0.6142955641997488,0.06636065989732742,0.16784696405132613,0.3287420868873596
463,47.00382418,402,823296,1775,435.93,0.010512928,0.2,0.988285481929779,0.1078125,0.0003,-0.004502115864306688,2232,-0.6107705891132355,0.06676870584487915,0.32856242507696154,0.3286067843437195
464,47.23072730999999,403,825344,1778,436.45,0.022848612,0.2,0.9604377150535583,0.06770833333333333,0.0003,0.0013069291488223133,2234,-0.6112014438424792,0.1637553572654724,0.3995270835501807,0.32918599247932434
464,47.115149979999984,404,827392,1781,437.21,0.03360986,0.2,0.9859066009521484,0.18798076923076923,0.0003,-0.01860829267041901,2239,-0.6097521181289967,-0.03203728422522545,0.17193606266608605,0.3270869851112366
464,47.06990003,405,829440,1785,442.18,0.015174661,0.2,0.9824460744857788,0.140625,0.0003,-0.0015503855732580025,2241,-0.5976143700105173,0.08034433424472809,0.3311512227411623,0.3260548412799835
464,47.145062120000006,406,831488,1788,443.8,0.02407796,0.2,0.9862695336341858,0.1373546511627907,0.0003,-0.0038209888044484826,2243,-0.5960138301516689,0.14357832074165344,0.3747241786399553,0.32650190591812134
465,47.25855395999999,407,833536,1791,444.45,0.021304863,0.2,0.9914539456367493,0.1825132978723404,0.0003,-0.006123210382746889,2245,-0.5977881753698309,0.05157605558633804,0.19238300566026506,0.3264341354370117
465,47.30732754,408,835584,1795,444.28,0.02171061,0.2,0.9859926104545593,0.1857358870967742,0.0003,-0.0008092509965682703,2247,-0.5982247639086938,0.09367921203374863,0.32385266001426405,0.3271295428276062
465,47.46412544999999,409,837632,1799,444.92,0.027860686,0.2,0.9948593974113464,0.18994565217391304,0.0003,-0.01740868697752771,2251,-0.5974734280420386,-0.002777460962533951,0.08090795136016349,0.32541424036026
465,47.41903928,410,839680,1802,443.99,0.02066688,0.2,0.9909603595733643,0.15401785714285715,0.0003,-0.010863315203182754,2254,-0.5888191638957887,-0.03824269771575928,0.08960172057240492,0.32429301738739014
466,47.453708580000004,411,841728,1806,446.37,0.027516553,0.2,0.992765486240387,0.20296052631578948,0.0003,-0.012110416223540118,2257,-0.5843877302972894,0.03623393550515175,0.11109732212988954,0.3248477876186371
466,47.424932580000004,412,843776,1809,447.71,0.024152722,0.2,0.9923175573348999,0.15911091549295775,0.0003,-0.007520750348626728,2260,-0.5853094643270466,0.03260913863778114,0.20575277675205553,0.32414478063583374
466,47.380959419999996,413,845824,1812,445.75,0.020896932,0.2,0.9927645921707153,0.1640625,0.0003,-0.010979183053132146,2263,-0.5826110742986202,0.02342100441455841,0.14774316414259375,0.32402941584587097
466,47.33573099999999,414,847872,1816,446.19,0.047033686,0.2,0.9800387024879456,0.14014423076923077,0.0003,-0.001883043979222958,2266,-0.5824269899955162,0.1937602311372757,0.3351414956725561,0.32408303022384644
467,47.35741677,415,849920,1819,445.89,0.024752503,0.2,0.987322211265564,0.17398648648648649,0.0003,-0.018361942116842344,2270,-0.5837772322130633,0.06565971672534943,0.2618970779349675,0.3245995044708252
467,47.456375900000005,416,851968,1822,445.12,0.018972108,0.2,0.9836331009864807,0.1650390625,0.0003,-0.0025113531009992585,2272,-0.588777263648808,0.05485084652900696,0.23906375735532492,0.32570162415504456
467,47.77742793,417,854016,1825,445.72,0.024666144,0.2,0.9701223373413086,0.09416118421052631,0.0003,0.0020118629755942444,2274,-0.591042520184266,0.13594013452529907,0.35309683413882004,0.3252214193344116
468,47.51275553000001,418,856064,1828,446.35,0.026043136,0.2,0.9913970828056335,0.19639008620689655,0.0003,-0.013480881807105294,2278,-0.5972711932042549,0.03712184354662895,0.15915218133736272,0.3275327682495117
468,47.639868830000005,419,858112,1831,448.33,0.033301596,0.2,0.983736515045166,0.18174342105263158,0.0003,0.0007310016080737114,2280,-0.6051542915795979,0.09650801122188568,0.3736304154521541,0.3283725380897522
468,47.57418594,420,860160,1835,447.27,0.022394832,0.2,0.9919400215148926,0.1932357594936709,0.0003,-0.00654263121865784,2283,-0.6088759446445899,-0.005527157336473465,0.13024989279765117,0.3286057114601135
468,47.41981727000001,421,862208,1838,449.82,0.021672955,0.2,0.9764552712440491,0.1757373595505618,0.0003,-0.009608092508540394,2286,-0.6095729363098573,0.00986352190375328,0.24468254143100107,0.32843440771102905
469,47.395034190000004,422,864256,1842,450.72,0.02272234,0.2,0.9757971167564392,0.16966145833333332,0.0003,-0.008967173309065402,2290,-0.6109469597538312,0.07082157582044601,0.5002588169028361,0.32930561900138855
469,47.285446900000004,423,866304,1845,450.37,0.014729167,0.2,0.9884428381919861,0.11650815217391304,0.0003,-0.0008870381457002267,2292,-0.6133479113164155,0.061636582016944885,0.21458948525073734,0.3295523524284363
469,47.37519421000001,424,868352,1849,450.77,0.0299442,0.2,0.9894117116928101,0.16666666666666666,0.0003,0.003153842275163957,2294,-0.6133252538385845,0.1875726878643036,0.23847194902953647,0.3293352723121643
469,47.26736923000001,425,870400,1852,449.84,0.020717213,0.2,0.9631121754646301,0.1493252840909091,0.0003,-0.007475894526578486,2297,-0.6116972084749829,0.07057651877403259,0.39743982581421733,0.3289056420326233
469,47.34126905,426,872448,1856,447.41,0.024597218,0.2,0.9912571907043457,0.158203125,0.0003,-0.0010544817528820463,2299,-0.6104321628808975,0.044985391199588776,0.11046894839299577,0.3289775550365448
470,47.35769311,427,874496,1860,442.49,0.021160543,0.2,0.962471067905426,0.17369791666666667,0.0003,-0.0031490895664319394,2301,-0.610382255911827,0.07477721571922302,0.3781866729259491,0.3292962908744812
470,46.791546870000005,428,876544,1863,437.5,0.022911124,0.2,0.9894638061523438,0.16534810126582278,0.0003,-0.009905143263690833,2304,-0.6177613305140145,-0.01480812206864357,0.14251931346481359,0.3304457366466522
470,46.81805275000001,429,878592,1866,442.14,0.026165297,0.2,0.9618799686431885,0.11225328947368421,0.0003,-0.002414600482504619,2306,-0.6186756334806743,0.04708343371748924,0.5212700161102571,0.33041641116142273
471,46.73212841999999,430,880640,1869,441.8,0.020596765,0.2,0.9923571348190308,0.1293402777777778,0.0003,-0.0067539559073608235,2308,-0.6190319193734063,0.19434693455696106,0.2575269134508239,0.33035755157470703
471,46.84675914999999,431,882688,1872,443.04,0.020217191,0.2,0.9906579256057739,0.14445754716981132,0.0003,-0.004453357291530888,2310,-0.6174483074332183,0.05953053757548332,0.1704586241042839,0.32931435108184814
471,46.920211120000005,432,884736,1875,442.34,0.019600896,0.2,0.992804765701294,0.10208333333333333,0.0003,-0.0013163889835899076,2312,-0.6101559254858229,-0.018980052322149277,0.15876453531285126,0.3290497660636902
471,46.86617839,433,886784,1879,443.54,0.02135253,0.2,0.9930871725082397,0.1738108407079646,0.0003,-0.017165664641137144,2316,-0.6118045417608413,0.020689386874437332,0.14546436864256332,0.32923567295074463
472,46.76123273999999,434,888832,1882,441.48,0.01833386,0.2,0.9933183193206787,0.15859375,0.0003,-0.006515791511628777,2319,-0.6135232798755169,0.15285708010196686,0.13864460196346046,0.3302896022796631
472,46.95503887999999,435,890880,1886,441.68,0.022098871,0.2,0.9607307314872742,0.19948422330097088,0.0003,-0.019509093280434067,2326,-0.622692927862834,-0.01559000089764595,0.17554145140880809,0.3315388560295105
472,46.9585618,436,892928,1889,441.94,0.027558392,0.2,0.9914187788963318,0.14995335820895522,0.0003,-0.0021157575590508198,2329,-0.6201560559557445,0.09656812250614166,0.15413297245751567,0.3304930329322815
472,46.92947025,437,894976,1892,441.73,0.022249583,0.2,0.9928732514381409,0.17789909638554216,0.0003,-0.007804988984422511,2332,-0.6161568085831332,0.04887016490101814,0.19342710486198045,0.3298541307449341
473,46.94186992000001,438,897024,1895,439.97,0.027057124,0.2,0.9947646260261536,0.14397321428571427,0.0003,-0.004506639012002519,2335,-0.6105041086673737,0.044119372963905334,0.1172121474519372,0.32845431566238403
473,46.83874256000001,439,899072,1898,441.13,0.021439288,0.2,0.9917844533920288,0.20016447368421053,0.0003,-0.014039942283967608,2338,-0.6037475347518921,0.09612637013196945,0.12511264556332638,0.32832658290863037
473,47.106134059999995,440,901120,1902,436.49,0.025079887,0.2,0.9835634231567383,0.1644021739130435,0.0003,-0.003263879526892434,2340,-0.6038896609907565,0.2382112294435501,0.3618513766838157,0.3283773362636566
473,47.16908504,441,903168,1905,440.28,0.023288403,0.2,0.9768303632736206,0.16031901041666666,0.0003,-0.007460046518341794,2343,-0.603402174388369,0.08907408267259598,0.17946133797522634,0.3275606334209442
474,47.37259064,442,905216,1908,443.53,0.067926176,0.2,0.9846163392066956,0.09706439393939394,0.0003,0.007000372265324448,2345,-0.5982411666349932,0.09542415291070938,0.5187144293026491,0.32717084884643555
474,47.53564389,443,907264,1912,447.11,0.07238847,0.2,0.992551863193512,0.19023840206185566,0.0003,-0.015280136003245398,2349,-0.592005992673107,0.06189510226249695,0.20710435394466536,0.32524731755256653
474,47.574549450000006,444,909312,1915,446.1,0.021113269,0.2,0.9927051067352295,0.125,0.0003,-0.001829507123983028,2351,-0.5824134593107262,0.11601367592811584,0.18712742421395925,0.32473352551460266
475,47.53521106,445,911360,1918,447.72,0.010299336,0.2,0.9913557171821594,0.099609375,0.0003,0.010903959861025214,2352,-0.5828871925671896,0.0991927981376648,0.15356546624874076,0.32491374015808105
475,47.51578452999999,446,913408,1921,452.07,0.045207385,0.2,0.9869922995567322,0.14543269230769232,0.0003,-0.007430455625916903,2355,-0.58455475293673,0.03415251895785332,0.33033479784543696,0.32531705498695374
475,47.45800125999999,447,915456,1924,457.18,0.02892507,0.2,0.9916123747825623,0.1659873188405797,0.0003,-0.008745446031832176,2358,-0.5830556249272996,0.043465301394462585,0.23098609240158743,0.3239569365978241
475,47.44651645,448,917504,1927,463.12,0.026696399,0.2,0.9784451723098755,0.1921875,0.0003,-0.01305908024078235,2361,-0.5790687441825867,0.1869012713432312,0.47012906316667796,0.3247121572494507
476,47.45619505999999,449,919552,1930,462.57,0.021713596,0.2,0.9922788143157959,0.16735692771084337,0.0003,-0.015108260875904417,2364,-0.5845986611871834,0.04315221682190895,0.24071859361895595,0.32551079988479614
476,47.53085099999999,450,921600,1933,465.89,0.019371545,0.2,0.9787741303443909,0.15073529411764705,0.0003,-0.001105733243200709,2366,-0.5892234666674745,0.06490177661180496,0.20884105818820933,0.3262973427772522
476,48.10428662,451,923648,1936,467.01,0.016771069,0.2,0.9866951704025269,0.09928385416666667,0.0003,0.005757787749947359,2368,-0.5912330610056719,0.12075896561145782,0.33075698573763174,0.3260495662689209
477,48.15307279999999,452,925696,1940,465.04,0.016497554,0.2,0.9924213290214539,0.1545138888888889,0.0003,-0.014055145036337185,2371,-0.59092683998155,0.033181723207235336,0.13080758084025648,0.3264588415622711
477,47.946074900000006,453,927744,1943,464.54,0.02447006,0.2,0.9912731051445007,0.21045353982300885,0.0003,-0.013019496855218854,2375,-0.5874845200935296,-0.0033942200243473053,0.16126118369598305,0.3249986171722412
477,47.86765827999999,454,929792,1946,464.68,0.018804269,0.2,0.9595499634742737,0.10537790697674419,0.0003,-0.0008308906541314235,2377,-0.5812931532083556,0.0415077805519104,0.4054640070643536,0.324939101934433
477,47.8594492,455,931840,1950,462.19,0.021536628,0.2,0.9877395629882812,0.19569052419354838,0.0003,-0.015242628171108663,2381,-0.5859651680915586,0.04935364052653313,0.19683908737234532,0.32577598094940186
478,47.966726949999995,456,933888,1953,465.43,0.02368434,0.2,0.9921008348464966,0.17541666666666667,0.0003,-0.008715489134192466,2384,-0.588073590596517,-0.027345826849341393,0.09550600322584311,0.3260536193847656
478,47.84150800999999,457,935936,1957,466.29,0.03473698,0.2,0.9772902727127075,0.1720266990291262,0.0003,-0.012200101332974087,2388,-0.5879095740688657,0.07581354677677155,0.3941176018306931,0.3253682255744934
478,47.65768389,458,937984,1960,467.22,0.023150986,0.2,0.9887322187423706,0.17950994318181818,0.0003,-0.01573962283278392,2391,-0.5765138512307947,0.017587952315807343,0.1555316765496338,0.3226664066314697
478,47.679326329999995,459,940032,1963,462.28,0.023985788,0.2,0.9851308465003967,0.1728515625,0.0003,-0.009456077008508146,2394,-0.5660217992961407,0.17203831672668457,0.3143611869774759,0.32214826345443726
479,47.695405410000006,460,942080,1966,464.56,0.027236238,0.2,0.9875776171684265,0.21571180555555555,0.0003,-0.005393164730372114,2397,-0.5643455245428615,-0.0010000020265579224,0.1452150145649082,0.3219260573387146
479,47.74049415999999,461,944128,1969,468.64,0.022505928,0.2,0.9924231171607971,0.13994565217391305,0.0003,-0.0024107583474529824,2399,-0.5643696396247201,0.10182219743728638,0.19544679290898467,0.3222354054450989
479,47.84819474999999,462,946176,1973,472.89,0.023070447,0.2,0.972504734992981,0.19618055555555555,0.0003,-0.012640302002223002,2402,-0.5642897725105286,0.3383486866950989,0.5717592411571079,0.321040540933609
479,47.80967967000001,463,948224,1976,474.78,0.021902934,0.2,0.9674149751663208,0.154296875,0.0003,0.0025685090804472566,2404,-0.559342206766208,0.25606438517570496,0.6811194385712346,0.32141005992889404
480,47.580691420000015,464,950272,1979,467.42,0.03537239,0.2,0.9677609205245972,0.19903621495327103,0.0003,-0.01126481490818975,2408,-0.5554683169471883,0.10331959277391434,0.32415065844760876,0.3191315531730652
480,47.58263924999999,465,952320,1982,465.29,0.020207314,0.2,0.9673636555671692,0.1224563953488372,0.0003,-0.0005466963900902937,2410,-0.5459330054216607,0.1685398519039154,0.35226506479950837,0.318573534488678
480,47.494817839999996,466,954368,1985,462.59,0.023599034,0.2,0.9898363351821899,0.14142628205128205,0.0003,0.004310257577647765,2412,-0.541955156204028,0.09728707373142242,0.22450473923713732,0.3176599144935608
480,47.472775370000015,467,956416,1988,461.84,0.029899543,0.2,0.9794746041297913,0.1875,0.0003,-0.00471182000758343,2414,-0.5360286332840143,0.13655906915664673,0.34587731359656465,0.3170369565486908
481,47.39636209,468,958464,1991,458.18,0.03315568,0.2,0.9911270141601562,0.19484375,0.0003,-0.011527753225527704,2418,-0.5340512657165527,0.030160970985889435,0.14947134973481296,0.3169007897377014
481,47.52546676,469,960512,1995,450.13,0.028332772,0.2,0.9808396697044373,0.164375,0.0003,-0.005099373335639636,2421,-0.5349684556325277,0.03628319501876831,0.1795285412669182,0.31725525856018066
481,47.48776653000001,470,962560,1998,443.92,0.021996066,0.2,0.976844310760498,0.16331335616438356,0.0003,-0.003439543819794916,2424,-0.5363916305646504,0.012485750019550323,0.17596712922804977,0.317318856716156
481,47.43424382,471,964608,2001,442.59,0.016275093,0.2,0.9778745174407959,0.159912109375,0.0003,-0.005364994922274491,2426,-0.5378313018009067,0.06214657425880432,0.24421999091282487,0.3180028796195984
482,47.44259180000001,472,966656,2004,439.54,0.039884236,0.2,0.968200147151947,0.13125,0.0003,0.0018601025986884321,2428,-0.5428403411592756,0.11053618043661118,0.4161847519023078,0.3186698853969574
482,47.39877782000001,473,968704,2008,436.45,0.027920691,0.2,0.9908804297447205,0.15671641791044777,0.0003,-0.004221573534574526,2431,-0.5458087164964249,0.022893011569976807,0.13338404273920096,0.3187742233276367
482,47.606630939999995,474,970752,2011,439.04,0.01815062,0.2,0.9940162301063538,0.1321875,0.0003,-0.0013703348021954298,2433,-0.5422085869312286,0.00023038312792778015,0.11481884509325027,0.31788209080696106
482,47.64008391,475,972800,2014,438.85,0.02127147,0.2,0.994645893573761,0.14873798076923078,0.0003,-0.0015467332470087479,2435,-0.5408896402670786,0.00396504532545805,0.1168178331751663,0.317937970161438
483,47.617894299999996,476,974848,2018,436.02,0.019350601,0.2,0.9812818169593811,0.1560594512195122,0.0003,-0.006643336459358291,2438,-0.5402652912023591,0.004126448184251785,0.2574473241934689,0.31772109866142273
483,47.74198128,477,976896,2021,440.77,0.034503464,0.2,0.9829556941986084,0.1455357142857143,0.0003,0.004550885542162827,2440,-0.537795867238726,0.06380466371774673,0.20899989775248937,0.31737032532691956
483,47.615946,478,978944,2024,435.07,0.040042263,0.2,0.9933987855911255,0.203125,0.0003,-0.016342867151585245,2445,-0.5338986902746535,0.02377733588218689,0.1517816697538809,0.31609517335891724
483,47.749340840000016,479,980992,2027,437.95,0.023306593,0.2,0.9826765060424805,0.16726434426229508,0.0003,-0.0001583064402468869,2447,-0.5297936132696809,0.020765986293554306,0.24552751992081032,0.31632477045059204
484,47.73332286000001,480,983040,2030,438.63,0.027715022,0.2,0.9858591556549072,0.20372596153846154,0.0003,-0.015180237443508724,2451,-0.5284347998408171,-0.00043926388025283813,0.24855346289964822,0.31539589166641235
484,47.76693244999999,481,985088,2033,436.83,0.024949165,0.2,0.985272228717804,0.17430555555555555,0.0003,9.80137950844235e-05,2453,-0.5221600108676486,0.11482904106378555,0.31349814004368254,0.31490233540534973
484,47.79872194000001,482,987136,2037,432.9,0.021992993,0.2,0.993299663066864,0.18080357142857142,0.0003,-0.006215248960165345,2455,-0.519077865444884,0.05112446844577789,0.10812973915314188,0.31431543827056885
484,47.549321260000006,483,989184,2040,425.06,0.023309471,0.2,0.9821008443832397,0.19657939189189189,0.0003,-0.002094955032540334,2458,-0.5124283134937286,-0.01658317819237709,0.23824404864697843,0.31268247961997986
485,47.629290470000015,484,991232,2043,424.64,0.025258666,0.2,0.9539387226104736,0.11738782051282051,0.0003,0.0011666297602156799,2460,-0.507284769645104,0.08082900941371918,0.5887334482410015,0.31271791458129883
485,47.538147980000005,485,993280,2046,426.58,0.02375663,0.2,0.9798403978347778,0.18375,0.0003,0.0001502319797873497,2462,-0.5080140411853791,0.136163592338562,0.2953926704823971,0.3131883144378662
485,47.62489773,486,995328,2049,428.55,0.030922493,0.2,0.9889513254165649,0.17890625,0.0003,-0.0036067823646590115,2464,-0.5092923298478127,0.10585238039493561,0.26999024748802186,0.3130471110343933
485,47.67057016,487,997376,2052,430.86,0.045869578,0.2,0.9937115907669067,0.18173076923076922,0.0003,-0.006114604417234659,2467,-0.5072095375794631,0.004840157926082611,0.14073039476688093,0.31228482723236084
486,47.74960481,488,999424,2055,431.26,0.023097716,0.2,0.9907259345054626,0.18407012195121952,0.0003,-0.012844575566194224,2470,-0.5006170403666612,0.04227350652217865,0.20002814718499418,0.3110206127166748
486,47.89772756,489,1001472,2060,432.1,0.025764495,0.2,0.9890362620353699,0.2150404676258993,0.0003,-0.026865907445576764,2475,-0.48805526134779126,0.003817211836576462,0.17445488196375558,0.3083382248878479
486,47.82970351,490,1003520,2063,434.13,0.024807926,0.2,0.9901943802833557,0.1900592672413793,0.0003,-0.01587262326562456,2479,-0.48305615936887675,0.03541775792837143,0.12494520114028249,0.3091392517089844
486,47.83479757,491,1005568,2066,435.86,0.022244878,0.2,0.9893803596496582,0.1538665254237288,0.0003,-0.009927014551930508,2481,-0.48518420882144214,0.10121408849954605,0.2593007647132469,0.3092457056045532
486,47.878349740000004,492,1007616,2069,441.47,0.0360351,0.2,0.992811918258667,0.1490625,0.0003,-0.013811237206682562,2485,-0.4883249366283417,-0.013509850949048996,0.19322921723127365,0.3099232316017151
487,47.81292272,493,1009664,2072,441.17,0.0519449,0.2,0.9928367137908936,0.11742424242424243,0.0003,0.0010422915784698544,2487,-0.4910345095576662,0.0395190566778183,0.1938509726614663,0.31016576290130615
487,47.82489316,494,1011712,2075,449.01,0.016641939,0.2,0.9846588969230652,0.18950320512820512,0.0003,-0.006500313959968014,2490,-0.4902167442517403,0.007736802101135254,0.16576757640219653,0.30955660343170166
487,47.617354559999995,495,1013760,2078,449.3,0.021699741,0.2,0.9884984493255615,0.16875,0.0003,-0.005106995373286984,2492,-0.4872539054263722,0.15188753604888916,0.3110494911670685,0.3094349503517151
487,47.48532478999999,496,1015808,2082,450.88,0.022911854,0.2,0.9684978127479553,0.1905570652173913,0.0003,-0.01575997817006124,2497,-0.4834659851115683,0.15086106956005096,0.4214077696636103,0.30843716859817505
488,47.22321265999999,497,1017856,2085,451.57,0.022833979,0.2,0.974965512752533,0.15533088235294118,0.0003,-0.0011928998591268763,2499,-0.4777507057376936,0.21781101822853088,0.4074799206619169,0.3082091212272644
488,47.21229576999999,498,1019904,2088,452.55,0.020119658,0.2,0.9761703610420227,0.18422379032258066,0.0003,-0.019611673872737635,2503,-0.4814901549008585,0.08149152249097824,0.3744207746799915,0.30868256092071533
488,47.09768718000001,499,1021952,2091,448.05,0.017361116,0.2,0.9852992296218872,0.128173828125,0.0003,-0.008428689347056206,2505,-0.4791654013097286,0.07738962769508362,0.2755552987800911,0.30779269337654114
488,47.046824669999985,500,1024000,2094,450.17,0.0376642,0.2,0.9478843212127686,0.14607007575757575,0.0003,0.0027336647705824084,2508,-0.4734580453598138,0.17006690800189972,0.42237125291968836,0.30730122327804565
489,47.15129146,501,1026048,2097,448.44,0.033730034,0.2,0.9819999933242798,0.1579861111111111,0.0003,-0.002400397355409546,2510,-0.47206362585226697,0.1624746173620224,0.37852657048238647,0.30706411600112915
489,47.21634606,502,1028096,2101,448.18,0.021839777,0.2,0.9914186000823975,0.18616452991452992,0.0003,-0.016018657212774467,2514,-0.4593639699821798,0.04533830285072327,0.1479720006036198,0.303403377532959
489,47.244816359999994,503,1030144,2104,449.03,0.02757375,0.2,0.9862744808197021,0.18303571428571427,0.0003,0.0020853428702269283,2516,-0.44537082861880867,0.09227201342582703,0.22623991190778966,0.3029906451702118
489,47.27656662,504,1032192,2107,449.2,0.02285315,0.2,0.9782260060310364,0.17378048780487804,0.0003,-0.005098167426384441,2519,-0.44363803325629814,0.0727534368634224,0.296776343773051,0.30244195461273193
489,47.55824422,505,1034240,2111,449.54,0.018693697,0.2,0.9930292367935181,0.16567887931034483,0.0003,-0.00426102546043694,2521,-0.4387237645428756,-0.02186453714966774,0.10472065801250524,0.3016749322414398
490,47.69449972,506,1036288,2114,451.48,0.018692141,0.2,0.9854723215103149,0.14485677083333334,0.0003,-0.002263196491791556,2523,-0.4367507224281629,0.00864371657371521,0.17076945048756897,0.302148699760437
490,47.51962566,507,1038336,2117,449.86,0.024240185,0.2,0.9839109182357788,0.15422453703703703,0.0003,-0.00583088813625552,2525,-0.4394497374693553,0.2261507213115692,0.3495691489014361,0.3025422692298889
490,47.23748600999999,508,1040384,2121,444.47,0.027243515,0.2,0.9663832783699036,0.18161764705882352,0.0003,-0.016403443737448578,2531,-0.44665777648196503,0.04411964491009712,0.39479273467817727,0.30323320627212524
490,47.11957661,509,1042432,2124,442.11,0.053488687,0.2,0.9624068737030029,0.16033653846153847,0.0003,-0.007638839030495057,2534,-0.44867141521894016,0.004434376955032349,0.3313025644192329,0.30370718240737915
490,47.075236700000005,510,1044480,2127,440.23,0.01812156,0.2,0.9446884989738464,0.16455078125,0.0003,-0.001670306701271329,2536,-0.4512014891952276,0.38334688544273376,0.7376513157505542,0.30406081676483154
491,47.158509089999995,511,1046528,2130,440.64,0.077005185,0.2,0.983579158782959,0.13020833333333334,0.0003,0.00624041005291722,2538,-0.45257993539174396,0.04311685636639595,0.27444746683944354,0.3042343258857727
491,47.26473656,512,1048576,2133,442.22,0.02673681,0.2,0.9916801452636719,0.20367324561403508,0.0003,-0.004700382044048686,2540,-0.45483527162618803,0.020434115082025528,0.18516022986487338,0.3044325113296509
491,47.19636368000001,513,1050624,2137,439.92,0.020889873,0.2,0.9886058568954468,0.13654891304347827,0.0003,0.002855554810198753,2542,-0.4548097447208736,0.04952017217874527,0.23560933857832267,0.3047516644001007
491,47.320445869999986,514,1052672,2140,440.91,0.022406649,0.2,0.9861479997634888,0.1555232558139535,0.0003,-0.009013221534185632,2545,-0.4594789064207742,0.06162075698375702,0.21221358931168569,0.30527636408805847
491,47.29982502,515,1054720,2144,436.72,0.019677281,0.2,0.9891713261604309,0.140625,0.0003,0.0037997405085226765,2547,-0.4590949675311213,0.1127319484949112,0.2048230401199797,0.3050997853279114
491,47.45509026999999,516,1056768,2148,433.01,0.023052026,0.2,0.9923833012580872,0.19661458333333334,0.0003,-0.0002046757775436466,2549,-0.45645788311958313,0.026041345670819283,0.12530651836035153,0.30428826808929443
492,47.434142760000015,517,1058816,2151,428.89,0.016173778,0.2,0.9866042137145996,0.11768617021276596,0.0003,0.009506393382523922,2551,-0.45060147630407454,0.2891234755516052,0.1701568454662536,0.30344319343566895
492,47.53771001000002,518,1060864,2155,427.26,0.020580256,0.2,0.9680901765823364,0.1625,0.0003,-0.005826636175201697,2553,-0.4482636180790988,0.4465239644050598,0.5889195161786946,0.30352604389190674
492,47.21432868,519,1062912,2160,425.31,0.02223891,0.2,0.9593248963356018,0.1567508012820513,0.0003,-0.013374846834593859,2558,-0.45273269483676326,0.041767384856939316,0.31498664565002304,0.304538369178772
492,47.075005530000006,520,1064960,2164,426.93,0.019566253,0.2,0.9689767360687256,0.14307598039215685,0.0003,0.002890040066239296,2560,-0.45361654898699594,0.36887264251708984,0.6424010460283242,0.30377766489982605
492,46.704880409999994,521,1067008,2168,425.5,0.023968285,0.2,0.960287868976593,0.13768564356435645,0.0003,-0.009214826292441329,2564,-0.45032261503805027,0.06274209916591644,0.48707318866606986,0.30372074246406555
492,46.36694853,522,1069056,2172,425.51,0.017333442,0.2,0.968650758266449,0.13685344827586207,0.0003,-0.015067505976720446,2567,-0.4486783290731496,0.14341780543327332,0.7612910609820793,0.30329298973083496
492,46.14339234,523,1071104,2175,424.69,0.027007043,0.2,0.9648984670639038,0.11348684210526316,0.0003,0.0034697481038931167,2569,-0.4477613976127223,0.19007617235183716,0.7572301175249251,0.3031713664531708
492,46.03421626,524,1073152,2179,422.51,0.020887014,0.2,0.9693416953086853,0.1813380281690141,0.0003,-0.00936735189900222,2572,-0.44311140204819155,0.25887513160705566,0.5131494266466355,0.3016313910484314
492,45.89611443,525,1075200,2183,423.09,0.025765039,0.2,0.9753222465515137,0.19224016853932585,0.0003,-0.00823605473393972,2575,-0.4358668930075142,0.026553766801953316,0.30808244101452026,0.30195945501327515
492,45.926221289999994,526,1077248,2187,422.4,0.022877809,0.2,0.987044095993042,0.13213315217391305,0.0003,-0.002051916436555431,2577,-0.4385254020276277,0.12083201110363007,0.277223231513863,0.30179542303085327
492,46.09324214000001,527,1079296,2190,422.8,0.02554295,0.2,0.9859293699264526,0.16865808823529413,0.0003,-0.013731167907370072,2581,-0.43627704709183934,0.0103226900100708,0.15672913781714207,0.3011416792869568
492,45.80690946000001,528,1081344,2194,418.16,0.020538747,0.2,0.9933407306671143,0.16939484126984128,0.0003,-0.003323920381565889,2583,-0.43331954025086905,-0.0009663384407758713,0.09130959177301043,0.30108851194381714
492,46.16213814999999,529,1083392,2197,419.75,0.020101499,0.2,0.9573166966438293,0.17351973684210525,0.0003,-0.00012730892845674564,2585,-0.43355105634321245,0.08596537262201309,0.43658615857885597,0.3011009097099304
493,46.26354179,530,1085440,2201,421.96,0.01724954,0.2,0.9895099997520447,0.16471354166666666,0.0003,-0.001102691739409541,2587,-0.4339437397817771,0.038871265947818756,0.16572440741583705,0.3016267716884613
493,46.242444139999996,531,1087488,2205,421.71,0.025051797,0.2,0.9686629772186279,0.18083079268292682,0.0003,-0.013415963326512678,2590,-0.4382152237543246,0.03481892868876457,0.43740711779129215,0.30249306559562683
493,46.104181010000005,532,1089536,2209,418.2,0.025162846,0.2,0.9932712912559509,0.15625,0.0003,-0.009657938770262652,2594,-0.439143901889764,0.0171812791377306,0.1441523072861352,0.3013147711753845
493,46.041051509999996,533,1091584,2212,417.67,0.034776192,0.2,0.9711353182792664,0.15378289473684212,0.0003,-0.0014474339734174702,2596,-0.4339222860963721,0.08027415722608566,0.4028449231072476,0.3014039397239685
493,45.835698080000014,534,1093632,2216,416.29,0.031869173,0.2,0.9861876964569092,0.12946428571428573,0.0003,-6.10384824020522e-05,2598,-0.43428211552756174,0.09785659611225128,0.20426389425992966,0.3010544776916504
493,45.4162534,535,1095680,2220,413.87,0.021049637,0.2,0.9845389127731323,0.14552696078431374,0.0003,0.0022735566371029207,2600,-0.4342464605967204,0.06351117044687271,0.3550098402535214,0.301690936088562
493,45.19781327,536,1097728,2224,414.19,0.024104584,0.2,0.9542372226715088,0.19864649681528662,0.0003,-0.014576570512015065,2605,-0.4445449618776892,0.09017901122570038,0.38915835081297123,0.30328112840652466
493,44.89473491,537,1099776,2227,412.62,0.016669933,0.2,0.9733529686927795,0.17674180327868852,0.0003,0.001838517863853056,2607,-0.4489499262121857,0.14643001556396484,0.6578317054959594,0.30333584547042847
493,44.87709793999999,538,1101824,2231,412.32,0.04520343,0.2,0.947275698184967,0.10726351351351351,0.0003,0.0023031684670698,2609,-0.4475603474153055,0.23616960644721985,0.7137238822273306,0.30317386984825134
493,44.76041149,539,1103872,2235,410.4,0.035862718,0.2,0.9659295678138733,0.1396780303030303,0.0003,-0.001863802359862761,2612,-0.44733960068587103,0.11008670926094055,0.4903408269764799,0.3030126392841339
493,45.27523715,540,1105920,2239,413.01,0.022826515,0.2,0.9462975859642029,0.17432598039215685,0.0003,-0.0047353394786078555,2614,-0.44351594822079526,0.1671665906906128,0.5366342304384007,0.302162766456604
493,45.400747499999994,541,1107968,2243,410.17,0.033753153,0.2,0.9727545380592346,0.19323979591836735,0.0003,-0.011832797842822512,2618,-0.4367840995593947,0.0885060578584671,0.40497417443869066,0.30172115564346313
493,45.562960060000016,542,1110016,2247,409.38,0.01748595,0.2,0.9524717330932617,0.17147435897435898,0.0003,-0.0050002582466755156,2621,-0.44019004244070786,0.3763134181499481,0.5610816827378212,0.3028114438056946
494,45.38112528,543,1112064,2251,407.41,0.04506072,0.2,0.9693730473518372,0.14384664948453607,0.0003,-0.007723187005204945,2625,-0.4410571419086653,0.04983609542250633,0.3406783790164387,0.3020021915435791
494,45.27347966,544,1114112,2255,406.87,0.02119593,0.2,0.9741259217262268,0.20586444805194806,0.0003,-0.006203021572951179,2630,-0.4400697768508614,0.036607250571250916,0.14781996861777522,0.3026726543903351
494,45.17712358,545,1116160,2258,404.75,0.028542584,0.2,0.9796646237373352,0.22411151960784315,0.0003,0.0014175736372742582,2634,-0.4456925234373878,0.16768237948417664,0.29220352197686833,0.3033357262611389
494,44.966119549999995,546,1118208,2262,403.82,0.026959447,0.2,0.9810661673545837,0.17475728155339806,0.0003,-0.0025099649645605134,2638,-0.442662707810263,0.01973586529493332,0.19536666474440723,0.3016279339790344
494,44.57143143999999,547,1120256,2266,401.81,0.022072602,0.2,0.9789037704467773,0.16787790697674418,0.0003,-0.0037151857950659685,2640,-0.43767033482706824,0.04566764086484909,0.28030225513286366,0.30213430523872375
494,44.688877049999995,548,1122304,2269,402.7,0.008556301,0.2,0.9832578897476196,0.0791015625,0.0003,0.007577466778457165,2641,-0.43939704075455666,0.2647392749786377,0.27780650090426207,0.30204397439956665
494,44.37707601,549,1124352,2272,401.28,0.025414165,0.2,0.9778345227241516,0.1753125,0.0003,0.007677497062832117,2643,-0.4344086134433746,0.11727899312973022,0.31003898561000826,0.30060234665870667
494,44.1015408,550,1126400,2275,397.21,0.021828415,0.2,0.9756339192390442,0.21003170289855072,0.0003,-0.002540298447390829,2648,-0.42774403268012445,0.03227511793375015,0.14840092140155425,0.3003425598144531
495,43.886072940000005,551,1128448,2278,398.66,0.042929653,0.2,0.9829619526863098,0.14866071428571428,0.0003,0.008503723423928022,2650,-0.4273963144847325,0.14915859699249268,0.3572781537260328,0.3001633584499359
495,44.105231690000004,552,1130496,2281,399.83,0.01998045,0.2,0.9805467128753662,0.15590277777777778,0.0003,0.00039941232858432666,2652,-0.4238396459155612,0.1853334903717041,0.3966592674454053,0.2992783784866333
495,43.66432411000001,553,1132544,2284,394.43,0.026289485,0.2,0.9802186489105225,0.2159375,0.0003,-0.01269241829868406,2657,-0.42309123555819195,0.05528825521469116,0.16471382434169451,0.2999110817909241
495,43.84467742,554,1134592,2288,394.98,0.03169873,0.2,0.9586375951766968,0.21190828402366865,0.0003,-0.009878790546098404,2663,-0.41603009199955054,0.017810475081205368,0.2955850149179704,0.29709428548812866
495,43.95931457,555,1136640,2291,393.89,0.021252716,0.2,0.9882641434669495,0.1796875,0.0003,-0.0066042054516809254,2667,-0.3952828897484418,0.013328339904546738,0.12403146877627948,0.2937576174736023
496,44.184505279999996,556,1138688,2294,395.21,0.014759402,0.2,0.9807888269424438,0.16489361702127658,0.0003,0.00465878473713677,2669,-0.38019569883955284,0.08420993387699127,0.25364183650371874,0.2936559319496155
496,43.94910857000001,557,1140736,2297,394.12,0.020113222,0.2,0.9726237058639526,0.1784957627118644,0.0003,-0.003036744987307969,2671,-0.38373567694324556,0.08877773582935333,0.38912404846336884,0.29443517327308655
496,43.870737219999995,558,1142784,2301,393.67,0.028640054,0.2,0.9596672654151917,0.20442708333333334,0.0003,-0.01262281708433434,2676,-0.38148185881701385,0.19029036164283752,0.43832482380623167,0.292621374130249
496,43.96358601,559,1144832,2303,393.97,0.013173873,0.2,0.9702674746513367,0.1416015625,0.0003,0.008063557572313584,2677,-0.3724710941314697,0.34786248207092285,0.5041688242927194,0.2921728193759918
497,43.98599714,560,1146880,2307,391.4,0.020099284,0.2,0.9833698868751526,0.130859375,0.0003,-0.0012774144764989615,2680,-0.36735089868307114,0.05595315992832184,0.19645011350512503,0.29110264778137207
497,44.00473004,561,1148928,2310,389.93,0.029078852,0.2,0.9674433469772339,0.1730885922330097,0.0003,-0.008096193112613797,2684,-0.36202823884278823,0.08585992455482483,0.5432346338785968,0.2911228537559509
497,43.931438560000004,562,1150976,2313,389.63,0.023512077,0.2,0.9780331254005432,0.1504360465116279,0.0003,-0.00014337886471387952,2686,-0.3649879998938982,0.07653596252202988,0.34699346229087474,0.2913867235183716
497,44.022893319999994,563,1153024,2317,390.17,0.024111448,0.2,0.9155198335647583,0.1747159090909091,0.0003,-0.01368770549412478,2691,-0.36464595711314596,0.13415095210075378,0.6942317388639166,0.29039889574050903
497,43.93669219,564,1155072,2320,390.03,0.0320995,0.2,0.9814517498016357,0.1782178217821782,0.0003,-0.004972523650025377,2695,-0.3591257746856992,0.05043438822031021,0.20862376771055827,0.2906997501850128
497,44.02862386000001,565,1157120,2323,390.57,0.01907723,0.2,0.9735071659088135,0.1485969387755102,0.0003,0.005554553311394185,2697,-0.36080149728424693,0.04819607734680176,0.2784867662252212,0.29059624671936035
498,44.37429161999999,566,1159168,2326,393.49,0.023334151,0.2,0.9634525775909424,0.18306587837837837,0.0003,-0.004697303728175325,2700,-0.3582543730735779,0.10189685225486755,0.33199183079036504,0.2898743152618408
498,44.524441350000004,567,1161216,2329,397.29,0.012449902,0.2,0.9866585731506348,0.13068181818181818,0.0003,0.002145879478617148,2701,-0.3543242974714799,0.18224778771400452,0.2911620180715214,0.2898617684841156
498,44.82198864000001,568,1163264,2332,401.09,0.023607276,0.2,0.9815328121185303,0.13599537037037038,0.0003,-0.0031773911495865496,2703,-0.35632278742613616,0.08832957595586777,0.38587036149369347,0.2904680669307709
498,44.938215340000006,569,1165312,2336,402.0,0.024964556,0.2,0.9811293482780457,0.19994212962962962,0.0003,-0.010166620518753512,2707,-0.3552591127377969,0.047045353800058365,0.26148976426985526,0.2891785502433777
498,45.17338149000001,570,1167360,2339,403.74,0.018264974,0.2,0.9648958444595337,0.15810381355932204,0.0003,0.003313205358809081,2709,-0.3507791797993547,0.20308993756771088,0.38796274717581475,0.28941500186920166
499,45.34490889,571,1169408,2343,402.39,0.047184277,0.2,0.9891126155853271,0.13373161764705882,0.0003,0.0030367636217680924,2711,-0.3527987038387972,0.06347335129976273,0.2725006153478342,0.28926151990890503
499,45.453516689999994,572,1171456,2346,402.96,0.022493152,0.2,0.9919920563697815,0.17103794642857142,0.0003,-0.004530096060729453,2713,-0.3471150036369051,0.016231779009103775,0.10853267188317009,0.28800255060195923
499,45.83274292,573,1173504,2349,405.25,0.039430052,0.2,0.9849017858505249,0.14756944444444445,0.0003,0.0028734466888838345,2715,-0.3424389594131046,0.07441173493862152,0.20247540747125944,0.2878548502922058
499,46.07094576,574,1175552,2352,406.63,0.025696615,0.2,0.9820630550384521,0.16786858974358973,0.0003,0.003818159952807503,2717,-0.3421561228923308,0.0694027841091156,0.2182975068497352,0.2878935933113098
499,46.20243654000001,575,1177600,2355,407.35,0.022074668,0.2,0.9908871054649353,0.078125,0.0003,0.00741339965856501,2719,-0.34292385578155515,0.049721598625183105,0.1638022888983999,0.28807854652404785
500,46.39393502,576,1179648,2358,408.29,0.017583909,0.2,0.9886476993560791,0.17643229166666666,0.0003,0.008648439116465548,2720,-0.3440585881471634,0.19826658070087433,0.2020402622098724,0.2881969213485718
500,46.676609420000005,577,1181696,2361,412.05,0.017986527,0.2,0.9867382645606995,0.15376420454545456,0.0003,0.004527831667060541,2722,-0.3441224910996177,0.08428062498569489,0.1958470641720024,0.28836584091186523
500,46.72719403,578,1183744,2364,412.25,0.017083518,0.2,0.9860647916793823,0.1325,0.0003,-0.0017673764377832413,2724,-0.34678183317184447,0.09826134145259857,0.26562481462955473,0.28856903314590454
500,46.92185273999999,579,1185792,2367,415.86,0.02062675,0.2,0.9857567548751831,0.1318359375,0.0003,-0.00030945595547867316,2726,-0.34876901159683865,0.07542110979557037,0.20370238941783705,0.2892627418041229
501,47.08291025,580,1187840,2370,417.02,0.020174129,0.2,0.9952391982078552,0.11647727272727272,0.0003,0.0028814550023525953,2728,-0.34949309717525134,0.019520524889230728,0.13525365614755588,0.28855276107788086
501,47.446515260000005,581,1189888,2373,418.68,0.017463448,0.2,0.9947211146354675,0.13169642857142858,0.0003,-0.004046266128746223,2730,-0.3441945873961157,0.00790092721581459,0.08189675166290633,0.2878987193107605
501,47.496279990000005,582,1191936,2376,418.88,0.01638767,0.2,0.9897845387458801,0.12855113636363635,0.0003,0.0038264629917896605,2732,-0.3404181084849618,0.08077587932348251,0.16335175901820714,0.2871969938278198
501,47.73834061,583,1193984,2379,421.11,0.023329277,0.2,0.966219425201416,0.16818181818181818,0.0003,0.0009516230403360996,2734,-0.33874166662042793,0.12513940036296844,0.35289801332083615,0.28772658109664917
502,48.03880875000001,584,1196032,2382,423.33,0.023293503,0.2,0.9932736754417419,0.15625,0.0003,0.003551337474750148,2736,-0.34266607231563995,0.007193122059106827,0.12528016132613023,0.2879907190799713
502,47.93625143,585,1198080,2385,423.42,0.02761502,0.2,0.9899272322654724,0.19860197368421054,0.0003,0.0024642559062493475,2738,-0.340139207087065,0.0886901319026947,0.2203022614121437,0.2871744632720947
502,47.917069790000006,586,1200128,2388,426.27,0.02110427,0.2,0.9832493662834167,0.1828804347826087,0.0003,-0.010166460686646726,2742,-0.3356115185696146,0.02113277278840542,0.29973048891710197,0.28684765100479126
502,47.91699844,587,1202176,2391,427.12,0.024838274,0.2,0.9877455234527588,0.146875,0.0003,0.0021523789269849657,2744,-0.333773136138916,0.05922866612672806,0.21857433449476957,0.28665944933891296
502,46.94183527,588,1204224,2395,418.82,0.02823098,0.2,0.9799259305000305,0.174609375,0.0003,-0.007439855945267482,2747,-0.33549649864435194,0.08859747648239136,0.30511397365480664,0.2870812714099884
502,47.125148160000016,589,1206272,2399,417.42,0.017584814,0.2,0.9349817037582397,0.15014204545454546,0.0003,-4.864973862740127e-05,2751,-0.3379510781981728,0.08030791580677032,0.3920564629137516,0.28754734992980957
502,47.20693843,590,1208320,2402,417.43,0.038627353,0.2,0.9879096150398254,0.2080357142857143,0.0003,0.002197804594678538,2753,-0.33948707580566406,0.030448317527770996,0.1832923018506595,0.28742238879203796
503,47.13758573,591,1210368,2405,416.7,0.02471093,0.2,0.9881763458251953,0.13411458333333334,0.0003,-0.00018618348985910416,2755,-0.33949535422854954,0.012773826718330383,0.16872426598436302,0.2874803841114044
503,46.921989990000014,592,1212416,2408,416.73,0.02424876,0.2,0.9939994812011719,0.17297149122807018,0.0003,-0.007792388652696421,2757,-0.3412421795359829,0.07786402106285095,0.17360337745202215,0.2877405881881714
503,46.851631319999996,593,1214464,2411,417.49,0.019482994,0.2,0.98628169298172,0.1708156779661017,0.0003,-0.002338256971058199,2759,-0.34223724825907564,0.06621537357568741,0.28008795037107953,0.2878463864326477
503,46.669694449999994,594,1216512,2414,416.57,0.023370812,0.2,0.9897075295448303,0.14630681818181818,0.0003,0.0002165347422388467,2761,-0.34663851152766834,0.0904817208647728,0.24133893339471382,0.2891356945037842
504,46.441408509999995,595,1218560,2417,419.72,0.031435512,0.2,0.9878602623939514,0.18888888888888888,0.0003,-0.007752838986063445,2766,-0.35386986997392444,0.05582865700125694,0.10499186197088825,0.28993743658065796
504,46.22997687000001,596,1220608,2420,421.52,0.0459723,0.2,0.9778308272361755,0.20818014705882354,0.0003,0.0016984972308444627,2768,-0.35524101117077994,0.08075393736362457,0.5479704093407182,0.289783775806427
504,46.24004537999999,597,1222656,2423,421.28,0.020005163,0.2,0.9731060862541199,0.1795550847457627,0.0003,-0.003050841454227092,2770,-0.3544252181457261,0.38964492082595825,0.5506822108212164,0.2895103991031647
504,46.08147357,598,1224704,2426,418.54,0.038242865,0.2,0.9903590679168701,0.13471283783783783,0.0003,1.971983678034834e-05,2772,-0.3520949209058607,0.043145157396793365,0.1674139707072361,0.28944292664527893
504,46.078245460000005,599,1226752,2429,418.67,0.02237244,0.2,0.9856530427932739,0.17393543956043955,0.0003,-0.005785798055252859,2775,-0.3567198043341165,0.0570300929248333,0.17378685512876774,0.29061469435691833
505,45.68390018,600,1228800,2432,413.83,0.019016273,0.2,0.9842048287391663,0.1293402777777778,0.0003,0.0034726973260856336,2777,-0.35900455050998265,0.046271514147520065,0.22892780464004586,0.289996474981308
505,45.45274184,601,1230848,2436,414.32,0.025546793,0.2,0.954340934753418,0.17214209401709402,0.0003,-0.008156523876624484,2781,-0.355684168318398,0.11229623109102249,0.49873431937562096,0.2902472913265228
505,45.43578493,602,1232896,2439,414.41,0.015527898,0.2,0.9880920052528381,0.12780448717948717,0.0003,-0.004428891477007897,2784,-0.35590289800595015,0.03610740974545479,0.222200389760427,0.2898925840854645
505,45.37036593,603,1234944,2442,412.61,0.018005531,0.2,0.9850741028785706,0.17864583333333334,0.0003,-0.004274394937480489,2786,-0.3510997633139292,0.03286363556981087,0.19319519686202208,0.2889276444911957
505,44.95987612,604,1236992,2445,409.65,0.017330356,0.2,0.9739128351211548,0.16136853448275862,0.0003,-0.007672694090207846,2790,-0.34841263705286485,0.11353649199008942,0.27739579917798785,0.2891426682472229
506,45.12464407999999,605,1239040,2448,407.49,0.021196643,0.2,0.9664350748062134,0.13088474025974026,0.0003,-0.008392037932652158,2793,-0.3487054419207883,0.020476635545492172,0.4985953072061786,0.2884964346885681
506,45.007637900000006,606,1241088,2451,406.15,0.050929632,0.2,0.9890734553337097,0.15056818181818182,0.0003,0.004471440108097864,2795,-0.3440854043671579,0.056910812854766846,0.2092640186575326,0.28819388151168823
506,44.72477993,607,1243136,2454,404.53,0.025575709,0.2,0.9841651320457458,0.18719951923076922,0.0003,-0.00506135007330718,2799,-0.34006893176298875,0.040811341255903244,0.2254357090792977,0.2873833179473877
506,45.8019649,608,1245184,2458,411.65,0.017983492,0.2,0.9740522503852844,0.17212301587301587,0.0003,-0.0014019222885725043,2801,-0.336951146050105,0.0945092961192131,0.26097312368570813,0.28792065382003784
506,45.76790184000001,609,1247232,2461,411.58,0.024491716,0.2,0.98185795545578,0.18568638392857142,0.0003,-0.00896757610358431,2805,-0.3382315327014242,0.003705998882651329,0.1486123236494937,0.28727781772613525
506,45.482631819999995,610,1249280,2464,412.02,0.024915172,0.2,0.9919673800468445,0.17800245098039216,0.0003,-0.0035555267651729726,2807,-0.33461939587312584,0.029468007385730743,0.09079833799863563,0.28724879026412964
507,45.56479047999999,611,1251328,2467,409.89,0.033000037,0.2,0.9692898392677307,0.14930555555555555,0.0003,0.005581119576365584,2809,-0.3339955045117272,0.07883885502815247,0.5205599235163795,0.2871389389038086
507,45.658865930000005,612,1253376,2470,409.94,0.022342011,0.2,0.9863438010215759,0.18052455357142858,0.0003,-3.417366783001593e-05,2811,-0.33752187873635975,0.05994971841573715,0.17507827481521027,0.28812530636787415
507,45.69061092,613,1255424,2473,408.46,0.045177393,0.2,0.9745413661003113,0.18701923076923077,0.0003,0.0001889175448853236,2814,-0.339493465423584,0.03334649279713631,0.39454999279517394,0.28786638379096985
507,45.866285389999994,614,1257472,2476,411.74,0.02636586,0.2,0.9844076633453369,0.15096830985915494,0.0003,-0.00561857556688114,2817,-0.3367574617896282,0.01192350871860981,0.19445412553532024,0.2873048186302185
507,46.035745610000006,615,1259520,2479,407.88,0.024818536,0.2,0.9900978207588196,0.228125,0.0003,-0.003816520550753921,2820,-0.33556274473667147,0.04520402476191521,0.16644329424016177,0.28732767701148987
508,45.862011540000005,616,1261568,2482,403.52,0.011587841,0.2,0.9825648665428162,0.13134765625,0.0003,0.00036306223773863167,2821,-0.33440299332141876,0.11158561706542969,0.2393946471856907,0.2869518995285034
508,45.65864508,617,1263616,2485,402.14,0.022623822,0.2,0.9638172388076782,0.16984247967479674,0.0003,-0.00152277449009622,2825,-0.33616128297356085,0.05766623467206955,0.19821243236462274,0.2883946895599365
508,45.80644859,618,1265664,2488,402.61,0.013653127,0.2,0.9697840213775635,0.13267543859649122,0.0003,-0.0024934956934629824,2827,-0.342302027501558,0.06461050361394882,0.34353991859314736,0.28829145431518555
508,44.80692846000001,619,1267712,2491,396.14,0.049434964,0.2,0.9876017570495605,0.12310606060606061,0.0003,0.0036210344017793736,2829,-0.34156163894768915,0.029734883457422256,0.2104579878575874,0.28858524560928345
508,44.89732087999999,620,1269760,2494,394.77,0.021767128,0.2,0.9110214710235596,0.1923913043478261,0.0003,-0.002786783809247224,2833,-0.34859578091165294,0.24439842998981476,0.7468944241171298,0.28999489545822144
509,44.6725515,621,1271808,2497,393.44,0.018405944,0.2,0.9831107258796692,0.1792452830188679,0.0003,0.001069423821666893,2835,-0.3546426408695725,0.0866740494966507,0.2541529846922407,0.2902226150035858
509,44.61590056,622,1273856,2500,393.5,0.021990163,0.2,0.9635673761367798,0.140625,0.0003,0.005312478672222872,2837,-0.3542755779467131,0.21264789998531342,0.5748366058657044,0.28996962308883667
509,44.723403760000004,623,1275904,2503,394.33,0.022629613,0.2,0.9782312512397766,0.1317806603773585,0.0003,-0.006809210615619173,2839,-0.35371553897857666,0.032041966915130615,0.27638978342402654,0.2897065281867981
509,44.815496,624,1277952,2506,395.5,0.0076722824,0.2,0.9727293252944946,0.07291666666666667,0.0003,0.006642835852862509,2840,-0.35194875575878004,0.25398123264312744,0.4738989301301815,0.289706826210022
509,44.66518771,625,1280000,2510,393.98,0.02573269,0.2,0.9733856916427612,0.21744791666666666,0.0003,-0.01833962192284633,2847,-0.3472707238462236,0.024845268577337265,0.17455169605091214,0.2880866527557373
510,44.866604779999996,626,1282048,2513,395.42,0.030696617,0.2,0.9789435267448425,0.1484375,0.0003,-0.0031966432487886202,2849,-0.33884640430149277,0.11859886348247528,0.3928884256042932,0.2878323197364807
510,45.035871529999994,627,1284096,2516,395.4,0.010124386,0.2,0.9884657859802246,0.10193452380952381,0.0003,0.009865678580743926,2850,-0.3385413828350249,0.2275041937828064,0.20956475039323172,0.28775450587272644
510,44.94336173,628,1286144,2519,396.9,0.03403948,0.2,0.9879196286201477,0.17566287878787878,0.0003,-0.008012090353389281,2854,-0.3413681923741042,0.017239101231098175,0.15771888027136977,0.28837209939956665
510,44.914350430000006,629,1288192,2522,396.61,0.026804319,0.2,0.9836872816085815,0.13948170731707318,0.0003,0.0027303839579406308,2856,-0.3425554793055465,0.05241187661886215,0.38767581124131273,0.28824788331985474
510,44.535825339999995,630,1290240,2525,393.1,0.018882606,0.2,0.9806742072105408,0.15241477272727272,0.0003,-0.004451079281385649,2860,-0.340101391618902,0.08079363405704498,0.2330499597571113,0.2874944806098938
511,44.36497002,631,1292288,2528,392.6,0.037177816,0.2,0.9296407699584961,0.17219387755102042,0.0003,-0.002351859399136536,2864,-0.33596672208941714,0.009159930050373077,0.5633160453669879,0.28757113218307495
511,44.365014290000005,632,1294336,2531,392.72,0.022717457,0.2,0.9748494625091553,0.09809027777777778,0.0003,0.005814316165116098,2866,-0.336755202876197,0.21110428869724274,0.47375830511252087,0.28754502534866333
511,44.28561959999999,633,1296384,2534,389.98,0.020074023,0.2,0.9817694425582886,0.15081521739130435,0.0003,0.007567551796850951,2868,-0.33929657417794934,0.24642062187194824,0.26190494616394455,0.28792238235473633
511,43.86186099000001,634,1298432,2538,387.89,0.022290172,0.2,0.9788046479225159,0.169015522875817,0.0003,-0.009233884662511497,2873,-0.33016809606863784,0.03239574283361435,0.20657511174776197,0.28467631340026855
511,43.92610285,635,1300480,2541,388.43,0.023805141,0.2,0.967208743095398,0.1558689024390244,0.0003,0.007680044168742691,2875,-0.31773322966040635,0.2565975785255432,0.4722204426439797,0.28492605686187744
511,43.86555999,636,1302528,2545,388.46,0.021830691,0.2,0.9759696125984192,0.18939667630057805,0.0003,-0.006032417557939801,2881,-0.3261054602661574,0.06286424398422241,0.1377219112719156,0.2861974835395813
511,43.7197361,637,1304576,2548,392.41,0.02832736,0.2,0.9772108197212219,0.10803571428571429,0.0003,0.004267810072217669,2883,-0.32811639649527413,0.10338696837425232,0.36039766094514303,0.28612780570983887
511,44.45350436999999,638,1306624,2552,399.48,0.018240731,0.2,0.9890082478523254,0.14732142857142858,0.0003,-0.005541197556470122,2885,-0.3256946802139282,0.11929904669523239,0.3075170535889883,0.2857263684272766
512,45.06221434,639,1308672,2555,405.82,0.01981456,0.2,0.9867494106292725,0.1527777777777778,0.0003,-0.006388482334654009,2887,-0.3247693568941147,-0.01754216104745865,0.19482015942533812,0.2858482599258423
512,45.05745426000001,640,1310720,2558,405.35,0.03566066,0.2,0.9854463934898376,0.1693840579710145,0.0003,-0.004476892640409263,2890,-0.3264081599055857,0.09944111108779907,0.31481532860493316,0.28618890047073364
512,45.38375829,641,1312768,2561,407.02,0.022068407,0.2,0.9847719669342041,0.15169270833333334,0.0003,0.001756124115975884,2892,-0.3255024130145709,0.04381686449050903,0.18038359098136425,0.28592056035995483
512,45.30506213999999,642,1314816,2564,406.09,0.01791464,0.2,0.9886581897735596,0.13863636363636364,0.0003,0.0029806227338584988,2894,-0.327516787702387,0.029300173744559288,0.14640207608992403,0.28654545545578003
512,45.098139530000005,643,1316864,2567,406.78,0.020937098,0.2,0.9837961196899414,0.16882621951219512,0.0003,-0.004762503335524987,2897,-0.3298247005881333,0.0053381361067295074,0.16535943119627675,0.2873903512954712
512,44.93196218,644,1318912,2571,404.9,0.02433139,0.2,0.9841722249984741,0.1922123015873016,0.0003,-0.011621977622982942,2901,-0.3426165949730646,0.03253546357154846,0.16746759323018884,0.28893670439720154
513,45.020349130000014,645,1320960,2574,404.87,0.017040357,0.2,0.9608066082000732,0.15056818181818182,0.0003,0.0031438238241455773,2903,-0.34492228464646774,0.12616702914237976,0.4791437967257066,0.28849297761917114
513,44.9136477,646,1323008,2577,403.6,0.022057543,0.2,0.977867603302002,0.16979166666666667,0.0003,-0.009667603816423152,2906,-0.3399040102958679,0.0419413186609745,0.2983260138167275,0.28786635398864746
513,44.772943930000004,647,1325056,2580,400.7,0.022725176,0.2,0.9743951559066772,0.15453296703296704,0.0003,-0.005901681069939674,2909,-0.33795526656475694,0.002750413492321968,0.2904409430921078,0.2877510190010071
513,44.48356356,648,1327104,2584,398.99,0.020564293,0.2,0.9688583016395569,0.15433902877697842,0.0003,-0.009566399508336787,2914,-0.3368963620645537,0.03845654055476189,0.21336392256960596,0.28801292181015015
513,44.70643283,649,1329152,2587,400.28,0.022441538,0.2,0.968441367149353,0.1540798611111111,0.0003,0.003849653384855224,2916,-0.342757695251041,0.3212597966194153,0.4314938183459971,0.28879308700561523
513,44.90253893999999,650,1331200,2590,400.96,0.018116554,0.2,0.9886305332183838,0.17252604166666666,0.0003,0.008401193229171136,2917,-0.3433714310328166,0.19262561202049255,0.20823815620193878,0.28855597972869873
513,44.99713165,651,1333248,2593,401.19,0.024664447,0.2,0.9863837361335754,0.14634146341463414,0.0003,0.0026431828282955216,2919,-0.3429214692697292,0.033288031816482544,0.26940567864150533,0.2888413667678833
514,44.883936479999996,652,1335296,2597,403.21,0.022456154,0.2,0.9824239015579224,0.16879401408450703,0.0003,-0.0016068945192849972,2922,-0.34749764791676696,0.061711907386779785,0.224486369036243,0.28993767499923706
514,44.8551688,653,1337344,2600,404.86,0.032621175,0.2,0.9867451190948486,0.18566176470588236,0.0003,0.004955115591121071,2924,-0.35209593001533956,0.26082324981689453,0.38656196765163364,0.29006558656692505
514,45.133889659999994,654,1339392,2604,406.12,0.0184512,0.2,0.9836092591285706,0.11141304347826086,0.0003,-0.0030477539960132994,2926,-0.352815972722095,0.07060182839632034,0.32780862874958827,0.290068119764328
514,45.69029687000001,655,1341440,2607,409.42,0.023788616,0.2,0.9816732406616211,0.15752551020408162,0.0003,0.0036624513414441322,2928,-0.3507071076607218,0.10490309447050095,0.29160817940624395,0.2896222472190857
514,45.730229550000004,656,1343488,2611,412.25,0.050174914,0.2,0.9843776226043701,0.20846826424870465,0.0003,-0.016382803094520237,2935,-0.3425403073661686,0.002083921805024147,0.1330063377984756,0.2870974540710449
514,45.730917909999995,657,1345536,2615,405.61,0.024840066,0.2,0.9823817610740662,0.12053571428571429,0.0003,0.004869813378900289,2937,-0.334178182056972,0.2557089030742645,0.5521956648145403,0.2877049446105957
514,45.53907572999999,658,1347584,2618,403.37,0.027654456,0.2,0.979784369468689,0.1730324074074074,0.0003,-0.009511502666605843,2939,-0.33699636106137876,0.05543987452983856,0.23933234355515903,0.28768688440322876
514,45.52571650000001,659,1349632,2621,402.12,0.050567273,0.2,0.9668340086936951,0.11672794117647059,0.0003,0.0061199842020869255,2941,-0.3357601481325486,0.11523439735174179,0.4757488001795376,0.2875773012638092
514,45.19638260000001,660,1351680,2624,400.72,0.021118432,0.2,0.9774985909461975,0.158984375,0.0003,-0.0028676027664914726,2943,-0.33461766839027407,0.10059022158384323,0.38113159537315366,0.2873471975326538
515,45.52941803999999,661,1353728,2627,403.68,0.01825513,0.2,0.9469203352928162,0.14155505952380953,0.0003,-0.005013403344145488,2946,-0.3330707379749843,0.11234552413225174,0.5874401085256111,0.2870503067970276
515,45.468995559999996,662,1355776,2631,401.32,0.020386307,0.2,0.9870240688323975,0.16789772727272728,0.0003,0.0017295718870379707,2948,-0.33111874623732135,0.06702223420143127,0.2086316156116399,0.2871064841747284
515,45.534373689999995,663,1357824,2634,401.77,0.023979438,0.2,0.9716104865074158,0.1767857142857143,0.0003,-0.012938898310641803,2952,-0.33643634092240104,0.06291641294956207,0.3230172566714741,0.28822287917137146
515,45.459053999999995,664,1359872,2638,400.52,0.023084644,0.2,0.9744098782539368,0.21341463414634146,0.0003,0.005124361401923546,2954,-0.3398277643250256,0.2879120707511902,0.4161640267546584,0.28824466466903687
515,45.594649520000004,665,1361920,2641,401.37,0.023107825,0.2,0.9703442454338074,0.16599264705882352,0.0003,-0.0035600633716539425,2957,-0.3402820068247178,0.13402219116687775,0.48191398329594554,0.28855299949645996
515,45.687482409999994,666,1363968,2644,401.81,0.027286002,0.2,0.9828534722328186,0.17512175324675325,0.0003,-0.007621111142654698,2960,-0.3418032612119402,0.004828721284866333,0.2264197203149269,0.2881280481815338
515,45.895577190000004,667,1366016,2647,404.11,0.025721906,0.2,0.9868466258049011,0.17505787037037038,0.0003,-0.006208335799682472,2962,-0.33989428811603123,0.054628852754831314,0.19507528544852026,0.28832441568374634
515,46.22849142,668,1368064,2651,406.56,0.034941778,0.2,0.9756841063499451,0.2046232876712329,0.0003,-0.008943132246040727,2965,-0.3418166457790218,0.051399197429418564,0.2943880636602232,0.28847840428352356
516,46.36519448000001,669,1370112,2654,407.26,0.024095597,0.2,0.981613039970398,0.1444359756097561,0.0003,-0.0005015641246445295,2967,-0.3425683219258378,0.09202668070793152,0.3220253873889039,0.28863877058029175
516,46.332342829999995,670,1372160,2657,406.2,0.024845608,0.2,0.9719423055648804,0.21608231707317074,0.0003,-0.007937359782617266,2970,-0.34098826675880245,0.24629682302474976,0.322776726106318,0.2878493070602417
516,45.63604571,671,1374208,2661,401.9,0.02642239,0.2,0.9698542356491089,0.16577743902439024,0.0003,-0.0010326427702860134,2972,-0.3365344623240029,0.18803367018699646,0.5207952148303753,0.28774046897888184
516,45.96131579000001,672,1376256,2664,399.45,0.025752269,0.2,0.9095138907432556,0.16038602941176472,0.0003,-0.001448469332364552,2975,-0.3384975808508256,0.046507686376571655,0.5750311259180307,0.28804928064346313
516,46.101553870000004,673,1378304,2667,400.66,0.016053755,0.2,0.9751023054122925,0.1396329365079365,0.0003,0.0014961339267236845,2977,-0.336976861196851,0.13079071044921875,0.26073157645407175,0.28745996952056885
516,46.03542301999999,674,1380352,2670,401.2,0.025944727,0.2,0.9729962944984436,0.20997431506849315,0.0003,-0.004089151005171342,2980,-0.3338279773111213,-0.00015761330723762512,0.272479189177082,0.2871629297733307
517,46.04759032,675,1382400,2673,401.2,0.021089343,0.2,0.9613785743713379,0.1826603982300885,0.0003,-0.0009051312206197629,2984,-0.33559197873140856,0.057124845683574677,0.3214990489712331,0.2883146405220032
517,46.08753627000001,676,1384448,2677,399.61,0.023539284,0.2,0.9892728924751282,0.1553125,0.0003,0.0009125581942498684,2986,-0.34076097249984744,0.07980404794216156,0.14190723519772291,0.28855037689208984
517,45.95246654,677,1386496,2680,399.31,0.020563835,0.2,0.9569841027259827,0.1975328947368421,0.0003,-0.004904355000900595,2989,-0.3461891211961445,0.17118176817893982,0.4521251816498606,0.2897118926048279
517,46.245916109999996,678,1388544,2684,401.7,0.022570392,0.2,0.940857470035553,0.15747282608695654,0.0003,-0.0055290450625445535,2993,-0.3536322572956914,0.034617919474840164,0.47162833362817763,0.2905583679676056
517,46.29518186,679,1390592,2687,400.71,0.024523018,0.2,0.9724076986312866,0.16517857142857142,0.0003,-0.007732286729982921,2996,-0.35728726387023924,0.09149462729692459,0.33407391107508116,0.29064881801605225
517,46.251056750000004,680,1392640,2691,400.69,0.02107751,0.2,0.9720767736434937,0.19784118357487923,0.0003,-0.014694835887187056,3003,-0.3635497594225234,0.12063199281692505,0.21300688744095211,0.2916184663772583
517,45.85283114999999,681,1394688,2695,397.81,0.021257905,0.2,0.9807695746421814,0.205078125,0.0003,-0.005322666613210458,3005,-0.3589001018553972,0.10947887599468231,0.293872713111341,0.29087358713150024
517,45.61548559,682,1396736,2698,396.79,0.018260902,0.2,0.9524998664855957,0.20033482142857142,0.0003,0.01234335103072226,3006,-0.3558233806065151,0.49206602573394775,0.695020138153008,0.2908667325973511
517,46.028730079999995,683,1398784,2702,399.16,0.022579988,0.2,0.9593266248703003,0.1778590425531915,0.0003,-0.016970346057589385,3011,-0.3551873678856708,0.4929979741573334,0.35526710946826223,0.2909753918647766
517,45.64533383999999,684,1400832,2705,397.7,0.027870094,0.2,0.9796572923660278,0.20013786764705882,0.0003,-0.009940811585265157,3016,-0.3535534011967042,-0.0024707764387130737,0.2134894489803735,0.2894357144832611
517,45.048343779999996,685,1402880,2709,395.27,0.009690588,0.2,0.9512734413146973,0.10714285714285714,0.0003,0.005064725809331451,3017,-0.34426879031317575,0.15973396599292755,0.6813377115343299,0.28940871357917786
517,44.87009728000001,686,1404928,2712,393.11,0.015340295,0.2,0.9249522686004639,0.13685344827586207,0.0003,0.0034430295084442557,3018,-0.3440285016750467,0.7935962080955505,1.2375207543373108,0.2891480624675751
517,44.812075430000014,687,1406976,2716,393.33,0.027333127,0.2,0.9658156037330627,0.19008152173913043,0.0003,-0.009550487574027933,3022,-0.3417674157930457,0.12428711354732513,0.40575256023717965,0.2893664538860321
518,44.50900416,688,1409024,2719,391.64,0.021148438,0.2,0.9689005017280579,0.17879098360655737,0.0003,-0.003085038285000158,3024,-0.34293161650173,0.08731584250926971,0.4064500145003444,0.28935176134109497
518,44.44792832999999,689,1411072,2722,391.51,0.0174502,0.2,0.963987410068512,0.18522727272727274,0.0003,-0.0027521291239695116,3026,-0.3412475217472423,0.20768946409225464,0.4664712033488534,0.28910180926322937
518,44.95545287000001,690,1413120,2725,395.01,0.03551022,0.2,0.9675371646881104,0.17927003816793893,0.0003,-0.008368034530715406,3031,-0.34262612848791457,0.12192476540803909,0.35051104329697047,0.2897019386291504
518,44.52913491,691,1415168,2729,392.38,0.019574927,0.2,0.9692838191986084,0.15597098214285715,0.0003,-0.002697089603835983,3033,-0.3451895053897585,0.4681292772293091,0.3603697062603065,0.29009541869163513
518,44.45390483,692,1417216,2732,392.19,0.014889896,0.2,0.9168293476104736,0.14011548913043478,0.0003,-0.008639019205356422,3036,-0.3510324307109999,0.1282842606306076,0.6372929639790369,0.2908859848976135
518,44.62632515,693,1419264,2735,392.9,0.01773916,0.2,0.9655197262763977,0.13601434426229508,0.0003,-0.003335407977068766,3038,-0.3521409796886757,0.10166312009096146,0.415402602953989,0.2905048131942749
518,44.663199700000014,694,1421312,2739,393.23,0.025937034,0.2,0.9799397587776184,0.19701086956521738,0.0003,-0.006362351543351036,3041,-0.345880600421325,0.04980239272117615,0.18625675107392928,0.2891942262649536
519,44.66718223,695,1423360,2742,392.97,0.034053747,0.2,0.9859694838523865,0.12239583333333333,0.0003,0.0022010784078803328,3043,-0.3403938247097863,0.11325611174106598,0.20298353313571876,0.28909483551979065
519,44.94328307999999,696,1425408,2745,394.94,0.016953772,0.2,0.9636116027832031,0.13834635416666666,0.0003,-0.0003933899133699015,3045,-0.34139500310023624,0.015882279723882675,0.43136968680967885,0.2892288565635681
519,44.96478226999999,697,1427456,2748,394.81,0.10133435,0.2,0.9767284393310547,0.17740384615384616,0.0003,-0.006668492951072179,3048,-0.33981933410351095,0.13841953873634338,0.23863560121793012,0.2886863946914673
519,44.629014700000006,698,1429504,2751,393.42,0.032866895,0.2,0.9814973473548889,0.18963068181818182,0.0003,-0.004645830810521588,3051,-0.33758928378423053,0.04353989288210869,0.2326635353718743,0.28868567943573
519,44.58764512999999,699,1431552,2755,393.65,0.021884473,0.2,0.9393031001091003,0.14980811403508773,0.0003,-0.012407530066475533,3055,-0.3476851446586743,0.024052157998085022,0.3598284992275008,0.2911747395992279
519,44.8667122,700,1433600,2758,394.76,0.018209564,0.2,0.9843593835830688,0.1848404255319149,0.0003,-0.0009166130181798276,3057,-0.3569447563049641,0.06760590523481369,0.24595730117660888,0.2914196252822876
519,44.89678071999999,701,1435648,2761,395.0,0.021243805,0.2,0.9732261300086975,0.17688679245283018,0.0003,-0.004923644519569176,3059,-0.3573897087349082,0.16652905941009521,0.3643150804740078,0.29142653942108154
519,44.96750724,702,1437696,2764,395.28,0.029985098,0.2,0.9647189974784851,0.1777012711864407,0.0003,-0.009131943230848696,3061,-0.35824670225886973,0.084052175283432,0.545259313563169,0.29194220900535583
520,45.106421409999996,703,1439744,2767,397.67,0.010410166,0.2,0.9859644174575806,0.1103515625,0.0003,0.0020494503842201084,3062,-0.36075669154524803,0.19217564165592194,0.256187328370288,0.2919844090938568
520,45.34358723,704,1441792,2771,398.96,0.031339247,0.2,0.986061155796051,0.14151785714285714,0.0003,0.0021536557669086117,3064,-0.3604320117405483,0.045510802417993546,0.273368658551148,0.29189181327819824
520,45.36412107999999,705,1443840,2774,399.08,0.014104515,0.2,0.9667937159538269,0.1494140625,0.0003,0.013573611329775304,3065,-0.36152810230851173,0.13683995604515076,0.632909826003015,0.2921158969402313
520,45.4680438,706,1445888,2778,401.54,0.025219355,0.2,0.9591889977455139,0.20874110320284697,0.0003,-0.018221175433567383,3074,-0.35540274114371195,0.00574135035276413,0.21370389895825198,0.2895275354385376
520,45.39219910999999,707,1447936,2782,400.22,0.023870166,0.2,0.9766913652420044,0.17904713114754098,0.0003,-0.016534795610570027,3078,-0.3414539333249702,0.04863424971699715,0.3713294976070279,0.28823864459991455
520,45.54163066000002,708,1449984,2786,401.08,0.023982503,0.2,0.9551789164543152,0.1791015625,0.0003,-0.008580982382409275,3081,-0.3353091269731522,0.3510095477104187,0.5846741987392307,0.2882004976272583
520,45.44846602,709,1452032,2790,400.58,0.028621577,0.2,0.9646259546279907,0.18460323033707865,0.0003,-0.02192249759675914,3087,-0.3317522982533058,0.06252138316631317,0.34629790095633334,0.28620755672454834
520,45.443050850000006,710,1454080,2794,400.45,0.035885982,0.2,0.9577239751815796,0.15755208333333334,0.0003,0.003038096526223752,3089,-0.3223260972234938,0.22612757980823517,0.6138099218822188,0.28648465871810913
520,45.60338136,711,1456128,2798,401.02,0.031665277,0.2,0.9216998815536499,0.15777439024390244,0.0003,0.002931268192918562,3091,-0.3239858644764598,0.3678096532821655,1.0191284352686347,0.28677570819854736
520,45.18577424,712,1458176,2803,398.78,0.02138947,0.2,0.9784837961196899,0.15035377358490565,0.0003,-0.00416787127735761,3093,-0.3264770732735688,0.3479670584201813,0.3561603080411002,0.2871588468551636
520,44.680807939999994,713,1460224,2807,395.73,0.026842007,0.2,0.9521338939666748,0.19089226973684212,0.0003,-0.01599447626167124,3098,-0.3321501667562284,0.1785728931427002,0.4902399659254833,0.2883721590042114
520,44.06443372,714,1462272,2811,392.94,0.025244346,0.2,0.9484162330627441,0.18055555555555555,0.0003,-0.012202382957339924,3102,-0.3369480544685299,0.09673773497343063,0.6934122077674947,0.288216769695282
520,43.784707340000004,715,1464320,2814,390.94,0.021954274,0.2,0.9357624053955078,0.108203125,0.0003,0.003852671559434384,3104,-0.3341786891222,0.4682469964027405,1.081162543594837,0.2882043421268463
520,43.673057390000004,716,1466368,2819,392.26,0.028171096,0.2,0.9659488797187805,0.19176136363636365,0.0003,-0.009312152079391208,3109,-0.335387748299223,0.0815495103597641,0.2785970631873969,0.2886018753051758
520,43.997055180000004,717,1468416,2822,393.5,0.07784511,0.2,0.9743134379386902,0.0771780303030303,0.0003,0.005287054446384762,3111,-0.337986505392826,0.2139832079410553,0.5496520955454219,0.2887187600135803
520,44.23890937,718,1470464,2825,393.73,0.09659063,0.2,0.970480740070343,0.13825757575757575,0.0003,0.006322109338008996,3113,-0.3386127840388905,0.10288514196872711,0.3917040219812682,0.2891274094581604
520,44.16559272000001,719,1472512,2828,393.05,0.014211875,0.2,0.9805647730827332,0.16573660714285715,0.0003,0.0066992297236408505,3114,-0.3394399455615452,0.20264899730682373,0.3135627071772303,0.28879624605178833
520,44.052805549999995,720,1474560,2832,392.15,0.011130438,0.2,0.9708242416381836,0.13375,0.0003,0.010000855214893817,3115,-0.3384749507904053,0.4111540615558624,0.48716003835201266,0.288773775100708
520,43.93808750000001,721,1476608,2835,391.34,0.030134408,0.2,0.944119930267334,0.1125,0.0003,0.000628593417682818,3117,-0.3403229100363595,0.38026830554008484,0.8844278863498143,0.289315402507782
520,43.85460002,722,1478656,2839,389.1,0.019549971,0.2,0.968887984752655,0.1521516393442623,0.0003,-0.0028769986505513307,3119,-0.34150814032945476,0.1154278889298439,0.433968038832555,0.2887759208679199
520,43.64570686000001,723,1480704,2843,387.58,0.026669586,0.2,0.9538403749465942,0.21412037037037038,0.0003,-0.015176003777763113,3127,-0.33804269043015844,0.11433911323547363,0.38219913480029183,0.289154052734375
520,43.61594105000001,724,1482752,2846,386.07,0.032372702,0.2,0.9449536800384521,0.20055970149253732,0.0003,-0.014892388958789742,3132,-0.3377564318144499,0.49062395095825195,0.7735142952470637,0.2892068922519684
520,43.59147529,725,1484800,2850,387.43,0.023200072,0.2,0.9369782209396362,0.15591397849462366,0.0003,-0.005658267651714625,3135,-0.3341534791454192,0.0989423394203186,0.5825170850561511,0.2884155213832855
521,43.37403091,726,1486848,2853,386.17,0.021217063,0.2,0.9773662686347961,0.15828804347826086,0.0003,-0.008610177488214727,3138,-0.3301886596541474,0.09120330214500427,0.4047827471209609,0.2875671982765198
521,43.115443250000006,727,1488896,2857,386.38,0.019030109,0.2,0.9557380676269531,0.15144230769230768,0.0003,0.004692587150762288,3140,-0.32574430108070374,0.2456853687763214,0.5360052998249347,0.2873881459236145
521,43.013498399999996,728,1490944,2860,387.26,0.032681126,0.2,0.95893394947052,0.15904850746268656,0.0003,0.0023890525213818054,3143,-0.32605465846275217,0.5013431310653687,0.935800485201736,0.28727221488952637
521,43.32238206000001,729,1492992,2864,388.86,0.038441982,0.2,0.9717650413513184,0.18400186567164178,0.0003,-0.005156002396634265,3146,-0.32608520095028093,0.08258641511201859,0.5967322371121663,0.2877780497074127
521,43.08066461000001,730,1495040,2867,387.97,0.02141223,0.2,0.9716413617134094,0.1201923076923077,0.0003,-0.007543103142569845,3148,-0.32633432058187634,0.09252791851758957,0.3838930448087362,0.28702491521835327
521,43.188331260000005,731,1497088,2870,388.64,0.023145415,0.2,0.9729433655738831,0.18571428571428572,0.0003,-0.010352402007473366,3152,-0.3166518143245152,0.060360152274370193,0.3482038878968784,0.28502047061920166
521,43.308758690000005,732,1499136,2874,389.05,0.019226845,0.2,0.9556488394737244,0.16774764150943397,0.0003,-0.004798360419336636,3154,-0.30856245643687696,0.36202681064605713,0.6859287495883006,0.28545358777046204
521,43.814374400000005,733,1501184,2877,390.6,0.021486782,0.2,0.9776628017425537,0.184326171875,0.0003,-0.001330496947048232,3156,-0.3135392442345619,0.09690693020820618,0.2513569954317063,0.2859172224998474
521,44.12660816,734,1503232,2881,394.98,0.022058634,0.2,0.9487394094467163,0.15183423913043478,0.0003,0.005005124865261757,3158,-0.31661792682564777,0.08825280517339706,0.5862985159391942,0.28603431582450867
521,44.05861877,735,1505280,2884,392.28,0.034086913,0.2,0.9775842428207397,0.08869485294117647,0.0003,0.011194436317857574,3160,-0.31575139480478626,0.17652790248394012,0.48827185350305896,0.2859671711921692
522,43.95788747,736,1507328,2887,392.47,0.008580462,0.2,0.9541338682174683,0.084375,0.0003,-0.003118170207987229,3161,-0.31500027179718015,0.1558452546596527,0.7023811678091685,0.28598806262016296
522,43.601199650000005,737,1509376,2890,390.85,0.026951576,0.2,0.9619117975234985,0.17786458333333333,0.0003,-0.0026205185024688643,3163,-0.3154769162336985,0.4760480225086212,0.595377956579129,0.285774827003479
522,43.49617976000001,738,1511424,2894,391.96,0.014041817,0.2,0.962447464466095,0.14947916666666666,0.0003,0.013572116677338878,3164,-0.31337492863337196,0.36502695083618164,0.6036295612653096,0.28570982813835144
522,43.906578100000004,739,1513472,2897,394.27,0.021917753,0.2,0.9757797122001648,0.18212890625,0.0003,-0.003962603674153797,3166,-0.31335808895528316,0.13004082441329956,0.42751917720306665,0.2853022813796997
522,43.94506724,740,1515520,2900,397.72,0.023613952,0.2,0.975430428981781,0.18430397727272727,0.0003,-0.0047158668166957796,3169,-0.3092714141715657,0.08170967549085617,0.3911090912297368,0.28475552797317505
522,43.83888854999999,741,1517568,2904,396.63,0.026947424,0.2,0.9899687170982361,0.19301470588235295,0.0003,-0.007067264349875497,3171,-0.30559688923405665,0.07217587530612946,0.24248992257258473,0.2846929430961609
522,44.07053218000001,742,1519616,2907,397.79,0.021532731,0.2,0.9516858458518982,0.19298537234042554,0.0003,-0.009348208280379309,3174,-0.31030147633654004,0.06189597770571709,0.4934523413155941,0.28608185052871704
522,44.2815331,743,1521664,2910,404.15,0.051293924,0.2,0.9682601094245911,0.14659926470588236,0.0003,0.00391556163701941,3176,-0.3140344023704529,0.028288980945944786,0.47133617607109685,0.2859095335006714
522,44.664856580000006,744,1523712,2914,407.4,0.027178172,0.2,0.9909660220146179,0.13653273809523808,0.0003,-0.007555194221259583,3178,-0.31565808682214647,0.028793398290872574,0.2992221221682571,0.286348819732666
522,44.85659383,745,1525760,2917,406.35,0.01992817,0.2,0.9847975373268127,0.221875,0.0003,-0.0003422575257718563,3179,-0.3167381191253662,0.04592778533697128,0.2914474168419838,0.2862355411052704
523,44.96424591,746,1527808,2921,411.64,0.028791027,0.2,0.9585011601448059,0.18150252525252525,0.0003,-0.005841654499597622,3183,-0.31925932686738295,0.6315600275993347,0.6029346209734378,0.28694114089012146
523,45.0863246,747,1529856,2924,410.58,0.028331662,0.2,0.9886570572853088,0.13581730769230768,0.0003,0.003961031492321919,3185,-0.32315465120168835,0.010252006351947784,0.35299208263556164,0.2876301109790802
523,44.88841472,748,1531904,2927,408.04,0.006045034,0.2,0.9720346331596375,0.015625,0.0003,0.027194186858832837,3186,-0.32636610269546507,0.4336909353733063,0.5615617960691452,0.2877095341682434
523,44.65113889,749,1533952,2931,406.47,0.025400534,0.2,0.9260783195495605,0.18351715686274508,0.0003,-0.010151873141819355,3190,-0.3323538011195613,0.2606264352798462,0.7217164848949394,0.28918570280075073
523,44.72628572000001,750,1536000,2934,409.94,0.012715312,0.2,0.952057957649231,0.1331845238095238,0.0003,0.004597123867521684,3191,-0.3402200937271118,0.660356342792511,0.7847495518979573,0.289672315120697
523,44.70539741000002,751,1538048,2937,410.74,0.020881057,0.2,0.9778451323509216,0.15148305084745764,0.0003,-0.0038618643341933267,3193,-0.3440528219029055,0.3535110652446747,0.6141423732042313,0.290056049823761
523,44.896568040000005,752,1540096,2941,414.33,0.025467739,0.2,0.963878333568573,0.18529211956521738,0.0003,-0.013927039310700544,3196,-0.34483861404916516,0.45437759160995483,0.6913580559194088,0.29026666283607483
523,44.85306687,753,1542144,2944,418.33,0.023456004,0.2,0.9894403219223022,0.13424744897959184,0.0003,-0.0035341669596275506,3198,-0.3454904288661723,0.05580022931098938,0.2660076107297625,0.2899961471557617
523,44.76693128,754,1544192,2948,420.36,0.046774708,0.2,0.9885572791099548,0.18669458762886598,0.0003,-0.01384199443081221,3202,-0.3436694980896625,0.06715694814920425,0.3143269345164299,0.2898002862930298
523,44.66038276000001,755,1546240,2951,421.23,0.022024535,0.2,0.9840741157531738,0.16160102739726026,0.0003,-0.009023151787839932,3205,-0.3455068656843003,0.11740881949663162,0.37341060540447496,0.290719598531723
523,44.64117737000001,756,1548288,2955,421.77,0.025904417,0.2,0.9843360185623169,0.18805803571428573,0.0003,-0.015175757497282965,3209,-0.35020072545324055,0.029415518045425415,0.37051008521978346,0.2910235524177551
524,44.746030219999994,757,1550336,2958,427.54,0.021476986,0.2,0.9748973250389099,0.17400568181818182,0.0003,-0.00507231607017192,3211,-0.3487242378971793,0.21028253436088562,0.5125002007592808,0.29105594754219055
524,44.701178520000006,758,1552384,2961,429.73,0.03436236,0.2,0.9845897555351257,0.12901785714285716,0.0003,0.006057986337691545,3213,-0.34963462693350655,0.1335296928882599,0.5336359194346837,0.2910084128379822
524,44.88065292,759,1554432,2964,431.04,0.024023307,0.2,0.974071204662323,0.171875,0.0003,-0.00695314584299922,3215,-0.3476443688074748,0.24587751924991608,0.45721808038651945,0.290180504322052
524,44.80529348000001,760,1556480,2968,430.37,0.02197943,0.2,0.9867015480995178,0.1779513888888889,0.0003,-0.008056981725126712,3218,-0.34476882716019946,0.0987236350774765,0.3349663939120041,0.2902277708053589
524,44.70939239000001,761,1558528,2972,430.04,0.026638033,0.2,0.9844962358474731,0.18996710526315788,0.0003,-0.023172893422949863,3224,-0.33339058035298397,0.11754501610994339,0.22402407961260332,0.28678959608078003
524,44.71852115000001,762,1560576,2975,433.52,0.023206605,0.2,0.9760739803314209,0.11480978260869565,0.0003,0.0007300789508482684,3226,-0.31785203581270965,0.13151851296424866,0.4931609332561493,0.28671911358833313
524,44.795751960000004,763,1562624,2978,436.76,0.011297867,0.2,0.9893895983695984,0.1171875,0.0003,-0.002848501258995384,3227,-0.31813202798366547,0.11691240221261978,0.38388896035030484,0.2868176996707916
524,44.58921900999999,764,1564672,2982,430.12,0.02835516,0.2,0.9882063269615173,0.14444444444444443,0.0003,-0.006121097825881508,3229,-0.318051094479031,0.14051023125648499,0.326786090599166,0.2865716218948364
524,44.16040271999999,765,1566720,2985,430.29,0.028082931,0.2,0.9820502996444702,0.2107843137254902,0.0003,0.002134252513083173,3231,-0.3172456610436533,0.15683263540267944,0.2607424866188975,0.28682535886764526
524,44.06959434000001,766,1568768,2988,429.55,0.017192353,0.2,0.9790040850639343,0.1519281914893617,0.0003,0.003369100045095733,3233,-0.31866078427497374,0.09622495621442795,0.539214956950634,0.28652897477149963
524,43.96341773,767,1570816,2992,423.83,0.05235321,0.2,0.9646353125572205,0.0928030303030303,0.0003,0.008489612800379595,3235,-0.318618528770678,0.12223207205533981,0.48747991160912946,0.2866111993789673
525,43.89697871000001,768,1572864,2995,428.55,0.02049012,0.2,0.9850833415985107,0.1524390243902439,0.0003,0.0008201163898154003,3237,-0.31966255932319454,0.13648542761802673,0.31740988282168786,0.28697413206100464
525,43.575601989999996,769,1574912,2999,426.31,0.023785088,0.2,0.9865259528160095,0.15463362068965517,0.0003,-0.01311484558357932,3240,-0.32426091994362316,0.21093633770942688,0.37704637329811336,0.28746360540390015
525,43.415304150000004,770,1576960,3003,425.34,0.021716323,0.2,0.9415905475616455,0.1525607638888889,0.0003,-0.003987835907739484,3243,-0.32616054515043896,0.10279565304517746,0.46041744843953186,0.2882438004016876
525,43.399985779999994,771,1579008,3007,426.1,0.025248742,0.2,0.9691256284713745,0.18769778481012658,0.0003,-0.016184407161088966,3248,-0.3247702634787258,0.17012670636177063,0.43744943555020077,0.28680139780044556
525,43.34868284,772,1581056,3011,426.99,0.021376107,0.2,0.9810791015625,0.16236413043478262,0.0003,-0.0018608313377784646,3250,-0.3177686903787696,0.07113683968782425,0.4515633631659591,0.2866068184375763
525,43.14106541,773,1583104,3015,421.44,0.025947819,0.2,0.9739201068878174,0.15977112676056338,0.0003,-0.007602129679199466,3253,-0.31573332195550624,0.3070690631866455,0.502642681900884,0.2861662805080414
525,43.15599299,774,1585152,3019,423.29,0.054502454,0.2,0.9768434166908264,0.16655927835051546,0.0003,-0.011000244426973088,3257,-0.3123959180006047,0.10683438926935196,0.26877120859229686,0.2859346270561218
524,43.04410221000001,775,1587200,3024,417.92,0.04846199,0.2,0.9865559339523315,0.10653409090909091,0.0003,0.012648307323230036,3259,-0.3132944901784261,0.022339895367622375,0.42040593922138214,0.2863101363182068
524,43.239400669999995,776,1589248,3027,417.1,0.04580004,0.2,0.9691349267959595,0.1389423076923077,0.0003,-0.0041965644717073215,3262,-0.3152283191680908,0.13717609643936157,0.37039892226457594,0.28622907400131226
524,43.153110469999994,777,1591296,3031,412.1,0.02418755,0.2,0.981704831123352,0.15625,0.0003,7.196413163019686e-05,3264,-0.3154824388270475,0.05701502040028572,0.23886706687662065,0.2865033745765686
524,42.720814329999996,778,1593344,3035,407.16,0.02075022,0.2,0.9869459867477417,0.15,0.0003,-0.009656214658170938,3266,-0.3143716645240784,0.06007352098822594,0.2892542177438736,0.2860108017921448
525,42.472706450000004,779,1595392,3038,403.5,0.017858675,0.2,0.9683954119682312,0.13105867346938777,0.0003,0.004356895031749594,3268,-0.3120243427704792,0.11314226686954498,0.331097349980656,0.2861408293247223
525,42.441297760000005,780,1597440,3042,401.07,0.030087464,0.2,0.9454866647720337,0.17921875,0.0003,-0.01767571427160874,3275,-0.31482301354408265,0.07720892876386642,0.5173227487877011,0.28578484058380127
525,42.34761114,781,1599488,3045,400.69,0.020159243,0.2,0.9771937131881714,0.14029947916666666,0.0003,0.0016168577906986077,3277,-0.30897675454616547,0.14858180284500122,0.34704025462269783,0.28457796573638916
522,42.022272439999995,782,1601536,3067,396.02,0.02472755,0.2,0.9796201586723328,0.1747159090909091,0.0003,0.00025448695841160686,3279,-0.3072303533554077,0.1317102164030075,0.42008218982002954,0.2853371500968933
522,42.109586039999996,783,1603584,3071,399.04,0.016346645,0.2,0.9620257019996643,0.1175717213114754,0.0003,-0.0037788291019005852,3281,-0.3132387731896072,0.21365965902805328,0.43715248513417165,0.2858465015888214
522,42.18056084999999,784,1605632,3074,400.25,0.02572751,0.2,0.9889383316040039,0.16178385416666666,0.0003,-0.0030284536575588086,3283,-0.31407272318998974,0.05361662805080414,0.26329930654416484,0.2858317792415619
522,42.395305689999994,785,1607680,3078,398.77,0.032101646,0.2,0.9866319894790649,0.22872596153846153,0.0003,-0.018034687645446797,3288,-0.30393205972818227,0.03254283219575882,0.20493447545629281,0.2827785313129425
522,42.58503097,786,1609728,3082,399.85,0.021372678,0.2,0.9862446188926697,0.15255681818181818,0.0003,-0.005753727451982824,3290,-0.29297133792530405,0.2257647067308426,0.21560818762941794,0.2832009792327881
522,42.45124274,787,1611776,3085,393.9,0.025131442,0.2,0.9800747632980347,0.149609375,0.0003,-0.002075999608496204,3292,-0.29541441798210144,0.08922497183084488,0.2994287732988596,0.2832036018371582
522,42.5879274,788,1613824,3089,399.11,0.050915226,0.2,0.9805817604064941,0.13352272727272727,0.0003,0.007089243446843642,3294,-0.2950154181682702,0.08635617792606354,0.2777802144939249,0.2831903398036957
522,43.248139809999984,789,1615872,3092,404.92,0.027843133,0.2,0.9909514784812927,0.17989864864864866,0.0003,-0.011476846097188222,3297,-0.2949304113516936,0.047422152012586594,0.24809752304006266,0.2829914093017578
522,43.56191038999999,790,1617920,3096,406.83,0.025127996,0.2,0.9892517924308777,0.20416666666666666,0.0003,-0.006593415252864361,3300,-0.29152149518330894,0.02448105439543724,0.21021378030379614,0.28236958384513855
522,43.61963658,791,1619968,3099,404.83,0.012550579,0.2,0.9871655702590942,0.14111328125,0.0003,0.006772239285055548,3301,-0.2890768498182297,0.20378689467906952,0.29527099593542516,0.28215789794921875
522,43.7987601,792,1622016,3103,408.33,0.050672397,0.2,0.9793487787246704,0.15673076923076923,0.0003,-0.0010172967440806903,3304,-0.28712969376490666,0.030204974114894867,0.21517348203521508,0.2821427583694458
522,43.66397004,793,1624064,3106,404.98,0.026306698,0.2,0.9911768436431885,0.201171875,0.0003,-0.014018327434314415,3307,-0.28822979480028155,0.07307019084692001,0.23604758153669536,0.2817465662956238
522,43.71472980000001,794,1626112,3110,403.64,0.032583874,0.2,0.9831047058105469,0.22901785714285713,0.0003,0.003199422359466553,3309,-0.2873553616659982,0.20879000425338745,0.28772485362631933,0.2823535203933716
522,43.98574759000002,795,1628160,3114,404.92,0.020294147,0.2,0.9822145700454712,0.16985887096774194,0.0003,-0.012692077128562115,3313,-0.2881964925796755,-0.0006059221923351288,0.21366057626061863,0.2811862528324127
522,43.948896639999994,796,1630208,3117,406.8,0.024987128,0.2,0.9794072508811951,0.22079613095238096,0.0003,-0.02193947723190788,3319,-0.2745456908430372,-0.008595000952482224,0.13454169695753426,0.2784566879272461
522,44.182163900000006,797,1632256,3121,408.6,0.036982708,0.2,0.9761279225349426,0.1410845588235294,0.0003,0.011411728501758155,3321,-0.2622012285625233,0.0856534019112587,0.4536304600975093,0.27817651629447937
523,44.259329980000004,798,1634304,3124,409.1,0.023683067,0.2,0.9892826080322266,0.16095890410958905,0.0003,-0.006008827739892757,3324,-0.260602791015416,0.1931813359260559,0.25281832642751195,0.2773298919200897
523,44.335967450000005,799,1636352,3128,409.61,0.016272577,0.2,0.9543613195419312,0.11466733870967742,0.0003,-0.0025512868268114906,3326,-0.25342531550315117,0.07934404909610748,0.40590432226177187,0.27685412764549255
523,44.40644886999999,800,1638400,3131,409.88,0.018254466,0.2,0.9540722966194153,0.19106359649122806,0.0003,-0.006289392333935227,3328,-0.2527532514772917,0.23425474762916565,0.6013349660655909,0.27700769901275635
523,44.61245256,801,1640448,3134,412.78,0.020216262,0.2,0.9896555542945862,0.17520491803278687,0.0003,-0.00881984457373619,3330,-0.25478368704436255,0.06552795320749283,0.20372662626084734,0.27719569206237793
523,44.92419219000001,802,1642496,3137,413.97,0.048384838,0.2,0.9926095008850098,0.16666666666666666,0.0003,0.0012595665669350913,3332,-0.25307927348396997,0.0549502894282341,0.1485624864245906,0.27662962675094604
523,45.21299872,803,1644544,3140,412.92,0.026328474,0.2,0.9890738725662231,0.16811342592592593,0.0003,-0.006003458992819543,3334,-0.25003472301695084,0.048063866794109344,0.24521112442016602,0.2763218879699707
523,45.172812019999995,804,1646592,3144,411.66,0.016176121,0.2,0.989581823348999,0.11336436170212766,0.0003,-0.003352838766543155,3336,-0.24863510689836868,0.008706070482730865,0.13301397764936407,0.2764626145362854
523,45.24630609,805,1648640,3147,414.16,0.020816922,0.2,0.9866721034049988,0.14930555555555555,0.0003,-0.0033485023391053633,3338,-0.2510001438635367,0.11935298889875412,0.27213346696010343,0.2770417034626007
523,44.63112383999998,806,1650688,3150,410.18,0.0349266,0.2,0.9831025004386902,0.1534090909090909,0.0003,-0.0012292027558115396,3341,-0.25433402169834485,0.08446850627660751,0.3167156818689722,0.27731338143348694
523,44.86162039,807,1652736,3154,411.36,0.021233905,0.2,0.945533037185669,0.1725933908045977,0.0003,-0.004006232402619274,3344,-0.25659966331788864,0.061494097113609314,0.4291977604915356,0.27777498960494995
524,44.83863959999999,808,1654784,3157,407.92,0.010379991,0.2,0.9774177074432373,0.1140625,0.0003,-0.0027383633074350654,3345,-0.26001060009002686,0.20327551662921906,0.3641995504498482,0.27784162759780884
524,44.63063050999999,809,1656832,3161,404.71,0.02355163,0.2,0.9801305532455444,0.1905757874015748,0.0003,-0.008085397145468888,3349,-0.25770576263037254,0.14397233724594116,0.28770219035974637,0.276775062084198
524,44.36497201,810,1658880,3165,401.55,0.029751608,0.2,0.9616695642471313,0.17866161616161616,0.0003,-0.008320129909223378,3353,-0.2549026313454214,0.10359016060829163,0.5460284231889128,0.27766162157058716
524,44.42752181,811,1660928,3168,401.76,0.016438657,0.2,0.9517399072647095,0.14993351063829788,0.0003,-0.002167354392363353,3355,-0.26056861370167833,0.6434490084648132,0.8690504241496959,0.2781417667865753
524,44.50786287,812,1662976,3172,397.3,0.022872547,0.2,0.9868988394737244,0.20202850877192982,0.0003,-0.011667156865689577,3359,-0.26112969298111766,0.1644427329301834,0.1902953782037162,0.2778890132904053
524,44.46235866,813,1665024,3175,399.91,0.026058715,0.2,0.9882624745368958,0.20190972222222223,0.0003,-0.014079780418736238,3362,-0.25886343982484605,0.08552050590515137,0.19463071674108506,0.27767348289489746
524,44.39419956,814,1667072,3179,399.62,0.023035169,0.2,0.9811993837356567,0.19670758928571427,0.0003,-0.003935121731566531,3364,-0.2538873084953853,0.13035385310649872,0.3379589949867555,0.27748727798461914
524,44.277735359999994,815,1669120,3182,400.09,0.08586431,0.2,0.9907112717628479,0.09611742424242424,0.0003,0.004480387761511586,3366,-0.25585118929545086,0.055588290095329285,0.1869791488755833,0.27777737379074097
524,44.233839829999994,816,1671168,3186,401.12,0.019553581,0.2,0.9370140433311462,0.1484375,0.0003,-0.007388284250807304,3368,-0.25626808863419753,0.2947837710380554,1.0177978850328004,0.2778676152229309
524,44.26539887,817,1673216,3189,399.49,0.02118868,0.2,0.9882955551147461,0.14248511904761904,0.0003,-0.0005106933725376924,3370,-0.25637789851143244,0.13284361362457275,0.3375427501187438,0.2777177691459656
524,44.53188603,818,1675264,3193,401.52,0.02424918,0.2,0.9795430898666382,0.16239754098360656,0.0003,-0.013359195495512887,3374,-0.25547603310131634,0.05981651693582535,0.20357408023393544,0.2773721218109131
524,44.592662100000005,819,1677312,3196,401.68,0.062022828,0.2,0.9739692211151123,0.10464015151515152,0.0003,0.0025788101395874314,3376,-0.25144394600030145,0.03507663309574127,0.49840937396793655,0.27699512243270874
524,44.485919249999995,820,1679360,3200,401.9,0.029696602,0.2,0.9886599779129028,0.12316176470588236,0.0003,6.901546764899703e-05,3378,-0.25024303618599386,-0.002576831728219986,0.2612714906606604,0.27702081203460693
524,44.27277837,821,1681408,3203,396.0,0.030875245,0.2,0.9848345518112183,0.19325657894736842,0.0003,0.005369689879252722,3380,-0.2523002969591241,0.12314923107624054,0.3350198425744709,0.2772843837738037
524,43.928921249999995,822,1683456,3206,394.22,0.021127619,0.2,0.9770364165306091,0.15695224719101122,0.0003,-0.004774109868521101,3383,-0.25582578209009066,0.10866936296224594,0.273645516317547,0.27775323390960693
525,43.942580219999996,823,1685504,3210,399.09,0.020252002,0.2,0.9695718884468079,0.15943877551020408,0.0003,-0.0043523600039889615,3385,-0.2575788060013129,0.07762357592582703,0.4149552316081767,0.2780693769454956
525,43.90324332,824,1687552,3213,397.59,0.01923718,0.2,0.990852415561676,0.13736979166666666,0.0003,-0.0028900941785347336,3387,-0.2584354653954506,0.1232389509677887,0.29351975629106164,0.27774661779403687
525,43.95106665000001,825,1689600,3217,399.6,0.017163385,0.2,0.9847000241279602,0.1640625,0.0003,-0.005745941727992988,3389,-0.2544720038290947,0.045444827526807785,0.29499536001634213,0.27697324752807617
525,44.362528139999995,826,1691648,3220,402.51,0.025853032,0.2,0.9887809753417969,0.16236413043478262,0.0003,-0.008199304821428614,3392,-0.2474860315737517,0.007371917366981506,0.22097450106040292,0.2758738398551941
525,44.293798910000014,827,1693696,3224,404.6,0.016352111,0.2,0.97443026304245,0.1566358024691358,0.0003,-0.007438094889814103,3395,-0.2467498911751641,0.03548267111182213,0.20661614494927136,0.2769780158996582
525,44.419798539999995,828,1695744,3227,406.55,0.034353666,0.2,0.9952480792999268,0.1488715277777778,0.0003,0.008556146853758642,3397,-0.2524187167485555,0.08878470212221146,0.17102854181494978,0.2775035500526428
525,44.46256616000001,829,1697792,3230,406.8,0.052753884,0.2,0.988937497138977,0.1377840909090909,0.0003,0.010700499257919464,3399,-0.25806768735249835,0.07235278189182281,0.2633186867742827,0.27821704745292664
525,44.782994660000014,830,1699840,3233,409.19,0.014599133,0.2,0.9727027416229248,0.170625,0.0003,-0.00043214183300733567,3400,-0.2594321298599243,0.22037610411643982,0.2979928711056709,0.2779843211174011
525,44.63048508,831,1701888,3237,411.89,0.021270275,0.2,0.9938358664512634,0.13444767441860464,0.0003,-0.00010525738430577655,3402,-0.2562371714170589,0.03190603852272034,0.15399780193733614,0.2773939371109009
525,44.29742354999999,832,1703936,3241,412.73,0.019909965,0.2,0.9828528165817261,0.1640625,0.0003,-0.002826967539832644,3404,-0.2558791430100151,0.09697110950946808,0.4259649952468665,0.2780497670173645
525,44.26717353,833,1705984,3244,409.64,0.013383561,0.2,0.984420895576477,0.03298611111111111,0.0003,-0.003255389320353667,3405,-0.25985270076327854,0.06392841041088104,0.4594372601972686,0.278130441904068
525,44.16842665,834,1708032,3247,408.61,0.027108034,0.2,0.9867831468582153,0.18639964788732394,0.0003,-0.005713566521208891,3408,-0.2611377457497825,0.06246187537908554,0.20164846020265365,0.27846574783325195
525,44.32622285,835,1710080,3251,409.68,0.018689938,0.2,0.9789524078369141,0.1567622950819672,0.0003,0.0016050996243587284,3410,-0.26383733163114453,0.11350538581609726,0.2266660107940924,0.27848026156425476
526,44.30407144,836,1712128,3254,407.48,0.023394339,0.2,0.985249400138855,0.1462823275862069,0.0003,-0.00312063478110037,3412,-0.2589663678202136,0.11474752426147461,0.28767479840537596,0.2772029638290405
526,44.10116216,837,1714176,3258,406.45,0.02512278,0.2,0.9890825152397156,0.19849537037037038,0.0003,-0.003680525110448124,3414,-0.2506773869196574,0.028968384489417076,0.20540462586062927,0.2765699028968811
526,44.21880488000001,838,1716224,3261,411.72,0.024309397,0.2,0.9823427796363831,0.12393465909090909,0.0003,-0.0002386177974668416,3416,-0.24526463042606006,0.11150959134101868,0.33807773634114047,0.2758523225784302
526,44.26412520000001,839,1718272,3264,414.24,0.015406324,0.2,0.9885449409484863,0.15104166666666666,0.0003,0.006335814604190765,3417,-0.24311918241006356,0.20513805747032166,0.39068551306371335,0.2757295072078705
526,44.09173267999999,840,1720320,3268,418.14,0.036761682,0.2,0.9873656630516052,0.17915239726027396,0.0003,-0.007501063128448513,3420,-0.23980917669322394,0.09739275276660919,0.3574588847895191,0.2748851180076599
526,43.96234062000001,841,1722368,3271,417.29,0.029135725,0.2,0.982668936252594,0.15625,0.0003,0.003716525848250131,3422,-0.23682282099852692,0.2660385072231293,0.5030728262421247,0.27513086795806885
526,43.86092725,842,1724416,3275,416.64,0.019905493,0.2,0.9868358373641968,0.1451271186440678,0.0003,-0.0016256648834037074,3424,-0.2421498823974092,0.029361985623836517,0.1629872986952127,0.2760956883430481
526,43.67682445999999,843,1726464,3278,412.17,0.015881866,0.2,0.9672107100486755,0.14080255681818182,0.0003,-0.003455957101488655,3427,-0.24823693253777243,0.11720012873411179,0.3984250048683448,0.2771861255168915
526,43.449979170000006,844,1728512,3282,407.14,0.046578314,0.2,0.9904715418815613,0.14134615384615384,0.0003,-0.004355241401264301,3430,-0.25482810460604155,0.05444151908159256,0.19052593762484882,0.2775896489620209
526,43.48775259,845,1730560,3285,410.08,0.020843307,0.2,0.9660648107528687,0.1921073717948718,0.0003,-0.0012643158925362886,3433,-0.2570274594502571,0.4232552945613861,0.46626018102352434,0.2779967486858368
526,43.45306281,846,1732608,3288,415.41,0.023616314,0.2,0.9836686849594116,0.16615853658536586,0.0003,0.005564015017958676,3435,-0.2581215253690394,0.0701560452580452,0.4113187651808669,0.27837663888931274
526,43.342493729999994,847,1734656,3292,414.33,0.029667446,0.2,0.9860776662826538,0.18940548780487804,0.0003,-0.0028676979198324973,3437,-0.2598128144334002,0.07769070565700531,0.32669055371022804,0.27836933732032776
526,43.37697462,848,1736704,3295,413.03,0.020103712,0.2,0.9895840287208557,0.1515827922077922,0.0003,-0.004164397855615848,3440,-0.2626536465310431,0.10365431010723114,0.23119929515115625,0.2794985771179199
527,43.34681466999999,849,1738752,3299,414.71,0.047555327,0.2,0.9816779494285583,0.18239795918367346,0.0003,-0.010290232691343645,3444,-0.2629691824621084,0.03013460338115692,0.25053740346005987,0.2781652808189392
527,43.16914465000001,850,1740800,3302,412.31,0.027663836,0.2,0.9869229197502136,0.19902912621359223,0.0003,-0.014242824727615106,3448,-0.2577390346712279,0.06273908168077469,0.2302686603902613,0.27793824672698975
527,43.26107736000001,851,1742848,3306,411.86,0.021464847,0.2,0.9754214286804199,0.19196428571428573,0.0003,-0.008409117092634295,3451,-0.2575882227866204,0.03938053920865059,0.29237718929301254,0.27795612812042236
527,43.60016535,852,1744896,3309,414.17,0.027878206,0.2,0.9902810454368591,0.17526355421686746,0.0003,-0.00994731092556234,3454,-0.25866430064281787,0.025820862501859665,0.1715073734970696,0.27843549847602844
527,43.71551722,853,1746944,3313,417.38,0.027563218,0.2,0.9888489246368408,0.2279296875,0.0003,-0.012317680823616683,3457,-0.25977593660354614,0.03242703154683113,0.2351416396908462,0.278457909822464
527,43.64286039,854,1748992,3317,418.47,0.025712905,0.2,0.9868102073669434,0.20589717741935484,0.0003,-0.014034955585826068,3461,-0.2578290672071518,0.0021381042897701263,0.20829302390977258,0.27822428941726685
527,43.85215462,855,1751040,3320,422.07,0.028631119,0.2,0.9794917106628418,0.20234375,0.0003,-0.01283612345079226,3466,-0.2500023058482579,0.16170534491539001,0.28466197313474756,0.27683499455451965
527,43.64279581000001,856,1753088,3323,423.94,0.008373995,0.2,0.9757809638977051,0.07291666666666667,0.0003,0.0022780729457736017,3467,-0.24665842056274415,0.43034183979034424,0.8581996083259582,0.2767152786254883
527,43.486286269999994,857,1755136,3327,423.93,0.013247595,0.2,0.9742649793624878,0.13333333333333333,0.0003,-0.0034035372547805308,3468,-0.24635306199391682,0.16576792299747467,0.7085235158602396,0.276719331741333
527,43.38686127,858,1757184,3330,421.24,0.011659367,0.2,0.9827636480331421,0.11548913043478261,0.0003,0.01297342194163281,3469,-0.2473890833232714,0.2512977421283722,0.46857595443725586,0.27697688341140747
527,43.3600247,859,1759232,3333,414.14,0.027142033,0.2,0.9766408205032349,0.13677536231884058,0.0003,-0.004609215269000202,3472,-0.2472594699997833,0.08776911348104477,0.3184019646782806,0.2765228748321533
527,43.593193819999996,860,1761280,3337,415.65,0.024418797,0.2,0.9845974445343018,0.17993951612903225,0.0003,-0.004110296361989552,3475,-0.2407281296227568,0.113441601395607,0.20221338465168912,0.2744993567466736
527,43.33347315,861,1763328,3340,411.86,0.025580287,0.2,0.9922075271606445,0.1981907894736842,0.0003,-0.004325428101430206,3478,-0.23195504828503258,0.038972754031419754,0.18175713360113532,0.2746281027793884
527,43.42694074999999,862,1765376,3343,415.19,0.014516998,0.2,0.9558502435684204,0.15625,0.0003,0.010535607474946206,3479,-0.23345446586608887,0.2538573145866394,0.5002777888890235,0.27470654249191284
527,43.53618444,863,1767424,3347,414.78,0.025836911,0.2,0.9729413390159607,0.176625,0.0003,-0.015918832236900927,3483,-0.23113990592956543,0.1059403270483017,0.4674512449502945,0.2737099826335907
528,43.67611257999999,864,1769472,3350,415.6,0.027737096,0.2,0.9582942724227905,0.17442602040816327,0.0003,-0.004752936202804653,3485,-0.22466525982837288,0.08679866045713425,0.39236314990082566,0.2737000286579132
528,43.55532909000001,865,1771520,3354,415.39,0.013689714,0.2,0.9681253433227539,0.16041666666666668,0.0003,0.00608899500221014,3486,-0.22503902117411295,0.41017138957977295,0.5048223569989204,0.2736099064350128
528,43.57788571000001,866,1773568,3357,409.99,0.048341423,0.2,0.9804754257202148,0.1728078358208955,0.0003,-0.004316168635694393,3489,-0.22846304836557874,0.21452675759792328,0.44773304751559867,0.27457013726234436
528,43.51390262999999,867,1775616,3361,408.15,0.03709722,0.2,0.9790509939193726,0.16652960526315788,0.0003,0.0046981508157363065,3491,-0.2322633611528497,0.4400530159473419,0.31958673580696706,0.27437978982925415
528,43.401770000000006,868,1777664,3364,406.97,0.020078009,0.2,0.9706496596336365,0.165625,0.0003,0.004999262159690261,3493,-0.22959054708480836,0.3658462166786194,0.39076027542352676,0.2735484838485718
528,43.472846499999996,869,1779712,3367,406.85,0.020123968,0.2,0.988640546798706,0.15163352272727273,0.0003,-0.0021107856776903977,3495,-0.2233127789063887,0.06648845225572586,0.24818616021763196,0.27311915159225464
528,43.494872220000005,870,1781760,3371,407.54,0.024018222,0.2,0.9724500775337219,0.17538623595505617,0.0003,-0.005183334373398109,3498,-0.22599349396952081,0.09096107631921768,0.35349896073006515,0.2740134596824646
528,43.45591035,871,1783808,3374,407.25,0.061725296,0.2,0.9799520373344421,0.16524621212121213,0.0003,0.007255212488499555,3500,-0.23312339638218735,0.12724529206752777,0.48292071259383,0.2745961546897888
528,43.36971316,872,1785856,3377,401.11,0.03441425,0.2,0.9753172397613525,0.15665064102564102,0.0003,-0.0038562220258590504,3502,-0.23375318294916397,0.07893841713666916,0.3364972846630292,0.2744867205619812
528,43.414636410000014,873,1787904,3381,406.29,0.026991386,0.2,0.9828885197639465,0.17857142857142858,0.0003,-0.016633182427936925,3507,-0.23363387315793144,0.006031155586242676,0.1754890290838211,0.2737370729446411
528,43.24368455999999,874,1789952,3384,406.38,0.028671881,0.2,0.9873718023300171,0.11473214285714285,0.0003,0.004277057466762406,3509,-0.22811077662876675,0.13115902245044708,0.39498211145401,0.27360624074935913
528,43.09784471,875,1792000,3388,398.69,0.030492298,0.2,0.9840467572212219,0.20067401960784315,0.0003,-0.015564889154013465,3513,-0.23094262445674224,0.11447159200906754,0.2911151270656025,0.2747078537940979
528,43.093469799999994,876,1794048,3392,399.86,0.020651078,0.2,0.9705966114997864,0.1793435534591195,0.0003,-0.014058719993914542,3518,-0.24083970852617947,0.1104101613163948,0.254002054110638,0.27556082606315613
528,43.16442146,877,1796096,3395,397.44,0.02192976,0.2,0.9868659377098083,0.1427283653846154,0.0003,-0.003691505963126054,3520,-0.24184207503612226,0.038926444947719574,0.26789501782220143,0.27574124932289124
528,43.205513270000004,878,1798144,3399,398.97,0.02738384,0.2,0.9878154397010803,0.1232638888888889,0.0003,0.006614171233700795,3522,-0.2416884568002489,0.06491269916296005,0.22355678563730585,0.27562516927719116
529,42.981215770000006,879,1800192,3402,396.19,0.01532803,0.2,0.9866074919700623,0.10823170731707317,0.0003,0.005605587042958998,3524,-0.24332459379987018,0.10344614088535309,0.2983154763535755,0.2759002447128296
529,43.23932807999999,880,1802240,3405,397.3,0.023604391,0.2,0.9869060516357422,0.1629971590909091,0.0003,0.004682644037529826,3526,-0.24436633424325424,0.09717364609241486,0.22908495053310285,0.27636003494262695
529,42.93471106,881,1804288,3409,395.64,0.032036908,0.2,0.9920809864997864,0.16306089743589744,0.0003,0.00322857778519392,3528,-0.2481683278695131,0.1377963274717331,0.2082805346028927,0.2766191065311432
529,43.02998650000001,882,1806336,3412,396.13,0.02607785,0.2,0.9831777215003967,0.1533717105263158,0.0003,-0.006146805694841437,3531,-0.24945527001431114,0.08702075481414795,0.3673310381801505,0.2766677141189575
529,42.99633487,883,1808384,3415,398.16,0.019086335,0.2,0.9788692593574524,0.15364583333333334,0.0003,-0.001757296461922427,3533,-0.2498875930905342,0.05832109972834587,0.32305960714196164,0.27696141600608826
529,42.99933583999999,884,1810432,3419,396.62,0.020575458,0.2,0.9761233329772949,0.1484375,0.0003,-0.004354102777627608,3535,-0.2521651287873586,0.07063570618629456,0.40653013524909815,0.2769121825695038
529,43.09245174000001,885,1812480,3422,400.73,0.023469884,0.2,0.9749648571014404,0.17668269230769232,0.0003,-0.0028732010246947026,3538,-0.2537742975430611,0.07803657650947571,0.41272039539538896,0.2779921293258667
529,43.02620474999999,886,1814528,3426,402.3,0.032161146,0.2,0.9902143478393555,0.1724877450980392,0.0003,-0.015205790991803594,3542,-0.25845729252871347,0.04817970097064972,0.21585963158776947,0.2777688205242157
529,43.094340089999996,887,1816576,3430,402.64,0.019813031,0.2,0.9705185294151306,0.14827473958333334,0.0003,-0.00678151400037071,3545,-0.2560363883773486,0.32432693243026733,0.489964544850712,0.27807697653770447
529,42.92228983,888,1818624,3433,400.27,0.022412423,0.2,0.9653997421264648,0.1294070512820513,0.0003,0.000646390629789004,3547,-0.25606563763740736,0.22533409297466278,0.49957018823195726,0.2781910002231598
529,43.07684170999999,889,1820672,3437,400.02,0.029145375,0.2,0.9858832359313965,0.19572368421052633,0.0003,-0.010191075913468026,3552,-0.25299389649154547,0.05658113211393356,0.12831488816081582,0.27693772315979004
529,42.95286313999999,890,1822720,3440,402.21,0.01626409,0.2,0.9789568781852722,0.1487771739130435,0.0003,-0.0021801876187648463,3554,-0.24955753398978192,0.0428338348865509,0.3564437221249808,0.2771764397621155
529,43.00888992,891,1824768,3443,403.16,0.011331245,0.2,0.9895220994949341,0.10416666666666667,0.0003,0.009164006371671954,3555,-0.2507532040278117,0.16642719507217407,0.3730469662696123,0.27716150879859924
529,43.03190472,892,1826816,3446,403.02,0.024164684,0.2,0.9829512238502502,0.158125,0.0003,-0.0013018903136253358,3557,-0.2502980160713196,0.1190163642168045,0.314226865619421,0.2772320508956909
530,42.88461877999999,893,1828864,3450,398.59,0.019909427,0.2,0.9756009578704834,0.1729343220338983,0.0003,-0.011209453542922007,3561,-0.25392066826254633,0.0438266284763813,0.23220495330327648,0.27816736698150635
530,42.82347949000001,894,1830912,3453,401.36,0.024949301,0.2,0.9629167318344116,0.1471875,0.0003,-0.003574009072035551,3563,-0.2574572539329529,0.1769377589225769,0.8250821650028228,0.27824291586875916
530,42.84617069000001,895,1832960,3456,400.29,0.021227289,0.2,0.9728212356567383,0.20113636363636364,0.0003,-0.0047738241370428695,3565,-0.25636164275082673,0.27144697308540344,0.5501912761818278,0.2775692939758301
530,42.82890042,896,1835008,3460,399.99,0.014960056,0.2,0.9549220204353333,0.11135912698412699,0.0003,-0.0036130262804882868,3567,-0.2515668112134177,0.2317468672990799,0.4924501446740968,0.2771942615509033
530,43.02919652,897,1837056,3463,403.94,0.01417284,0.2,0.9640408754348755,0.12834821428571427,0.0003,-0.00020512955961748958,3569,-0.24863609671592712,0.1687830090522766,0.5513982534674662,0.27661868929862976
530,43.21970824,898,1839104,3466,405.05,0.024595039,0.2,0.9881519079208374,0.14127604166666666,0.0003,0.003190420917235315,3571,-0.24720007181167603,0.05404363572597504,0.2807790568719308,0.27675265073776245
530,43.35693165,899,1841152,3469,408.17,0.021561233,0.2,0.987225353717804,0.14095052083333334,0.0003,-0.004404005070682615,3573,-0.2466796487569809,0.15447883307933807,0.2360841519354532,0.2762083113193512
530,43.35225390999998,900,1843200,3473,406.63,0.012726681,0.2,0.9898980259895325,0.12946428571428573,0.0003,0.00978597364432755,3574,-0.24445400351569765,0.23431240022182465,0.2506233411175864,0.2762725353240967
530,43.61218023999999,901,1845248,3476,409.21,0.027229385,0.2,0.9371365904808044,0.1141826923076923,0.0003,-0.000631758322318395,3576,-0.2460857140712249,0.008926980197429657,0.5185773991621457,0.2765944004058838
530,43.265953980000006,902,1847296,3480,410.29,0.011592052,0.2,0.9903072118759155,0.10075431034482758,0.0003,0.004810106426734349,3577,-0.2475398326742238,0.2031567394733429,0.2712981716312211,0.27679914236068726
530,42.86787043,903,1849344,3484,403.77,0.022262761,0.2,0.9533575177192688,0.16613247863247863,0.0003,-0.012817917662298577,3581,-0.24841903009985247,0.11551228165626526,0.8032887749947034,0.27688220143318176
530,42.58498528999999,904,1851392,3487,401.81,0.013206088,0.2,0.9293968081474304,0.12648809523809523,0.0003,0.0014601418792846658,3583,-0.2511208757521614,0.16163760423660278,0.7359199244824667,0.2775890827178955
530,42.53326684999999,905,1853440,3490,400.07,0.01640625,0.2,0.9328649640083313,0.17489035087719298,0.0003,0.00298259084586773,3585,-0.25604894077568724,0.21375562250614166,0.8039614772587492,0.27797234058380127
531,42.22938411,906,1855488,3494,398.82,0.02351371,0.2,0.9659588932991028,0.19264481707317074,0.0003,-0.008338446041750835,3588,-0.26046041453756935,0.2641427516937256,0.610771817223328,0.27887970209121704
531,42.29522889,907,1857536,3497,399.07,0.018914226,0.2,0.957311749458313,0.1663306451612903,0.0003,-0.002703290147286269,3590,-0.2641383659455084,0.6257303357124329,0.8495895117521286,0.2789188027381897
531,42.36613484,908,1859584,3500,399.71,0.016471572,0.2,0.9434565901756287,0.1340625,0.0003,-0.0007591946003958583,3592,-0.26438140153884887,0.28781238198280334,0.6152980154752732,0.27887365221977234
531,42.46269466,909,1861632,3503,399.56,0.018179586,0.2,0.9300978779792786,0.11650219298245613,0.0003,-0.0062941775918660455,3594,-0.26167827949189304,0.251625120639801,1.0900784636798657,0.27793675661087036
531,42.24118335999999,910,1863680,3506,395.18,0.023562703,0.2,0.9626678824424744,0.15895432692307693,0.0003,-0.0026800740116204205,3596,-0.2566257875699263,0.0769449919462204,0.5634433357761457,0.27744489908218384
531,42.13710977999999,911,1865728,3509,396.88,0.02961334,0.2,0.9529772996902466,0.17652027027027026,0.0003,-0.002601881539826659,3599,-0.2577491144876222,0.21809767186641693,0.4215647594348804,0.2780173122882843
531,42.12736346,912,1867776,3512,396.34,0.021783123,0.2,0.9801287651062012,0.16032608695652173,0.0003,0.00013723523032082164,3601,-0.2557893421338952,0.09089261293411255,0.4710310146860454,0.27704524993896484
531,42.11574586,913,1869824,3515,396.25,0.011480658,0.2,0.9835561513900757,0.10085227272727272,0.0003,0.005657232027839531,3602,-0.251008846543052,0.438517302274704,0.4890068932013078,0.27681729197502136
531,42.2070569,914,1871872,3518,393.62,0.04062105,0.2,0.9805347919464111,0.1938701923076923,0.0003,-0.007457246703024094,3607,-0.2545542414371784,0.037462055683135986,0.19710770743684128,0.27838748693466187
532,42.21954359,915,1873920,3521,393.73,0.020227155,0.2,0.9813125729560852,0.17075892857142858,0.0003,0.004173637201477375,3609,-0.2597429837499346,0.052816230803728104,0.21828045403318747,0.2781926989555359
532,42.34240884,916,1875968,3524,393.25,0.022523403,0.2,0.9870133996009827,0.14423076923076922,0.0003,-0.0006571063691248688,3611,-0.2573497203680185,0.044136710464954376,0.16235921467439487,0.27787479758262634
532,42.20658336,917,1878016,3527,391.03,0.02785258,0.2,0.9848637580871582,0.1368936567164179,0.0003,-0.0005204631432668487,3614,-0.2536398243548265,0.09674103558063507,0.28977023348657055,0.27732905745506287
532,41.71175977000001,918,1880064,3530,385.98,0.021050971,0.2,0.9872791171073914,0.20220588235294118,0.0003,0.011407114592764308,3615,-0.24966629813699162,0.1171632930636406,0.27452270160703096,0.2769811749458313
532,41.81026621,919,1882112,3533,386.5,0.032140173,0.2,0.9704430103302002,0.13856907894736842,0.0003,-0.0016065853231243398,3617,-0.2471407965609902,0.09918531030416489,0.5119400718494466,0.27681964635849
532,41.69642012,920,1884160,3537,379.03,0.030016145,0.2,0.942457914352417,0.1585144927536232,0.0003,-0.0028677870370987534,3620,-0.24686654927074045,0.1950959861278534,0.5399633726995924,0.27631881833076477
532,41.98135279,921,1886208,3540,383.17,0.022206452,0.2,0.983949601650238,0.1240234375,0.0003,-0.0027915201402114085,3622,-0.2448114181558291,0.09229806065559387,0.2251571003968517,0.27700483798980713
532,42.283917419999995,922,1888256,3543,387.47,0.012118241,0.2,0.9708805084228516,0.1083984375,0.0003,0.00525240707793273,3623,-0.25043631345033646,0.8857814073562622,0.8094545556232333,0.2772829532623291
533,42.66248907,923,1890304,3546,392.68,0.02620763,0.2,0.9801003336906433,0.19891826923076922,0.0003,-0.002004121027242106,3625,-0.2516828798330747,0.33852607011795044,0.5006835333143289,0.2774275541305542
533,42.53872957000001,924,1892352,3549,389.81,0.036384113,0.2,0.9871600866317749,0.149609375,0.0003,-0.0011526463087648154,3627,-0.2532778948545456,0.06050998345017433,0.3191701678559184,0.2777332663536072
533,42.74201289000001,925,1894400,3552,388.88,0.022944497,0.2,0.965930163860321,0.11005434782608696,0.0003,-0.00025599067220869273,3629,-0.25637807016787323,0.18936073780059814,0.5330443087479343,0.27833640575408936
533,42.67630308,926,1896448,3555,388.75,0.029230168,0.2,0.9841426014900208,0.23570261437908496,0.0003,-0.018384698749477277,3634,-0.2508044125987034,0.007217090576887131,0.16933141120411213,0.27493906021118164
533,42.735399740000005,927,1898496,3558,389.8,0.028841272,0.2,0.9775127172470093,0.18112864077669902,0.0003,-0.009730893996480888,3638,-0.2325497923545467,0.055525682866573334,0.2501305820221461,0.27467089891433716
533,42.68974481,928,1900544,3561,389.34,0.024011508,0.2,0.9744579792022705,0.18351715686274508,0.0003,-0.014072806373530743,3642,-0.2364431888449426,0.08574659377336502,0.3843332472092965,0.2753676176071167
533,42.826372,929,1902592,3564,390.17,0.023725014,0.2,0.9896384477615356,0.1671875,0.0003,0.0025628776871599256,3644,-0.2384946674108505,0.031946733593940735,0.25386288985610006,0.2757093608379364
533,42.85026498,930,1904640,3568,393.47,0.026662575,0.2,0.978664755821228,0.151875,0.0003,-0.005758510741094749,3647,-0.2412093432744344,0.14010532200336456,0.3114118116100629,0.27614036202430725
533,42.74492195,931,1906688,3570,388.72,0.014066936,0.2,0.9752042293548584,0.14921875,0.0003,0.00028641559183597567,3648,-0.24404019117355347,0.23073658347129822,0.6469464935362339,0.27626192569732666
534,43.12223138000001,932,1908736,3573,394.21,0.020358656,0.2,0.9670529365539551,0.16861979166666666,0.0003,-0.0021058089817718915,3650,-0.2451250155766805,0.31167781352996826,0.6233080206438899,0.27636969089508057
534,43.286933600000005,933,1910784,3576,400.39,0.018469062,0.2,0.980440080165863,0.13606770833333334,0.0003,-0.003576269722543657,3652,-0.24481489260991415,0.1638208031654358,0.46055471524596214,0.2761608362197876
534,43.282806220000005,934,1912832,3579,400.47,0.02488641,0.2,0.9828911423683167,0.1423141891891892,0.0003,-0.00021894364240201744,3654,-0.243052779017268,0.09878801554441452,0.4103287063740395,0.27618467807769775
534,43.347826409999996,935,1914880,3582,404.09,0.03797692,0.2,0.9765540957450867,0.14910714285714285,0.0003,0.0004778658106390919,3656,-0.2417975561959403,0.16326147317886353,0.35786285623908043,0.2759203612804413
534,43.22784075,936,1916928,3585,404.42,0.030943759,0.2,0.9713848829269409,0.18857020547945205,0.0003,0.00010522386084680688,3659,-0.24141717773594268,0.10389886796474457,0.5589408456054452,0.27559512853622437
534,43.21245033999999,937,1918976,3589,404.76,0.024720877,0.2,0.9739695191383362,0.15066964285714285,0.0003,0.002939319559594705,3661,-0.23954226289476668,0.17355115711688995,0.514389845054774,0.2758466303348541
534,43.433396980000005,938,1921024,3592,409.05,0.03175262,0.2,0.9753739833831787,0.1669642857142857,0.0003,-0.0011839822866022587,3664,-0.23999187776020595,0.0415293425321579,0.33244892773883683,0.2757054269313812
534,43.17486253,939,1923072,3595,410.82,0.017318137,0.2,0.9502941966056824,0.12911184210526316,0.0003,-0.008029751128337363,3666,-0.23909184807225278,0.22633479535579681,0.9534718467478167,0.2760283946990967
534,43.12470348000001,940,1925120,3599,413.37,0.031340275,0.2,0.9674871563911438,0.13310185185185186,0.0003,-0.001960472466803535,3668,-0.23796624828267982,0.16211509704589844,0.6235680116547478,0.27540379762649536
535,43.1002273,941,1927168,3601,411.16,0.028170593,0.2,0.9721154570579529,0.169140625,0.0003,0.0020986548508517442,3670,-0.23403074741363525,0.23613689839839935,0.6289589658379555,0.27489012479782104
535,43.03258876999999,942,1929216,3604,408.96,0.037221387,0.2,0.9548816084861755,0.15811567164179105,0.0003,-0.007770242461406473,3673,-0.23166500454518332,0.06416371464729309,0.46576042829164815,0.2748758792877197
535,43.25776539999999,943,1931264,3607,410.16,0.02083932,0.2,0.9406483173370361,0.16725352112676056,0.0003,-0.002776516063637297,3676,-0.23374999576890973,0.13507845997810364,0.635898377588937,0.2754373550415039
535,43.32944054000001,944,1933312,3610,411.05,0.023150388,0.2,0.98039311170578,0.171875,0.0003,-0.0016247308904341624,3678,-0.23724572097553925,0.03362042084336281,0.4147484790460736,0.2755090892314911
535,43.348224810000005,945,1935360,3613,411.1,0.027706651,0.2,0.962897002696991,0.18229166666666666,0.0003,-0.006529406220134762,3680,-0.23605097929636637,0.1507842093706131,0.5757236513826582,0.27539244294166565
535,43.46502934000001,946,1937408,3617,416.94,0.027709013,0.2,0.9746617674827576,0.17393867924528303,0.0003,-0.012786660519129824,3684,-0.23788865219871952,0.030542608350515366,0.25584733060930137,0.27529165148735046
535,43.572739520000006,947,1939456,3620,420.82,0.020500379,0.2,0.9864537119865417,0.14802631578947367,0.0003,0.0010844640997483542,3686,-0.23651257314180074,0.044029418379068375,0.37476287546910736,0.2751268744468689
535,43.57371248,948,1941504,3622,417.84,0.031983513,0.2,0.9811159372329712,0.1879340277777778,0.0003,0.0058431727035592,3688,-0.23744658297962612,0.22133688628673553,0.40166360119150746,0.2752474546432495
536,43.510292839999984,949,1943552,3625,417.73,0.032958627,0.2,0.961201012134552,0.15693933823529413,0.0003,-0.0033153906218050156,3691,-0.23883590452811299,0.113179050385952,0.4998580473749077,0.27525243163108826
536,43.5992668,950,1945600,3628,420.78,0.030491168,0.2,0.9566404223442078,0.1310763888888889,0.0003,0.00422994378540251,3693,-0.2370753288269043,0.29133203625679016,0.6190483263797231,0.2749010920524597
536,43.67959057000001,951,1947648,3632,423.01,0.042773742,0.2,0.9891164302825928,0.16130514705882354,0.0003,0.004654642057550304,3695,-0.2354765499339384,0.02424187958240509,0.26699340847485203,0.2745741605758667
536,43.91661328,952,1949696,3635,427.04,0.0271831,0.2,0.9882028102874756,0.215576171875,0.0003,-0.0040934900171123445,3697,-0.2355614621192217,0.19939415156841278,0.3141858207527548,0.2751777768135071
536,43.642266129999996,953,1951744,3638,422.25,0.024468154,0.2,0.9812090992927551,0.1845703125,0.0003,-0.006537826455314644,3699,-0.2354302555322647,0.2610291540622711,0.49038491817191243,0.2747806906700134
536,43.08140418,954,1953792,3641,415.09,0.019609075,0.2,0.9589558243751526,0.1625,0.0003,-0.008394687788354026,3702,-0.23535010947121515,0.14659300446510315,0.339466415055924,0.2746855616569519
536,43.128162819999986,955,1955840,3644,412.14,0.018559925,0.2,0.9593101143836975,0.18044354838709678,0.0003,-0.001077564500813042,3704,-0.23453802062619117,0.31005504727363586,0.6547230909908971,0.2749407887458801
536,42.96214835000001,956,1957888,3647,411.47,0.019199649,0.2,0.9733681082725525,0.14899553571428573,0.0003,0.0003720796001808984,3706,-0.23265124644551957,0.06927969306707382,0.316276148759893,0.27367788553237915
536,42.912344399999995,957,1959936,3650,411.11,0.024111204,0.2,0.9800348877906799,0.1653125,0.0003,0.0003462260216474533,3708,-0.22788047552108764,0.17442387342453003,0.5229563739895821,0.2738335132598877
536,43.02045561,958,1961984,3654,410.89,0.020695673,0.2,0.9814445376396179,0.14467592592592593,0.0003,0.000566174815132938,3710,-0.22624819367020219,0.32572922110557556,0.3134297989308834,0.273210346698761
537,42.88540889000001,959,1964032,3657,407.38,0.027585883,0.2,0.980135977268219,0.19078947368421054,0.0003,-0.006350292415733923,3712,-0.22046101093292236,0.166021928191185,0.47713608876393554,0.2726885676383972
537,43.18597027,960,1966080,3660,406.1,0.01505583,0.2,0.9597339630126953,0.1660487288135593,0.0003,0.0013818658683133328,3714,-0.21840548111220537,0.05325775966048241,0.5576385671304445,0.27265554666519165
537,42.88064197999999,961,1968128,3663,404.2,0.02615518,0.2,0.9707537889480591,0.19619030898876405,0.0003,-0.017014287247353894,3720,-0.2087127887800838,0.000530242919921875,0.21299112420738414,0.26958587765693665
537,43.21742433,962,1970176,3667,403.23,0.02671347,0.2,0.9608737230300903,0.19809322033898305,0.0003,-0.018329094485037743,3726,-0.20085017088442872,0.10190591216087341,0.38579087973819615,0.2703356444835663
537,43.13350894999999,963,1972224,3670,404.27,0.012639727,0.2,0.9589947462081909,0.14459325396825398,0.0003,-0.004099415777812874,3728,-0.20261563762785897,0.14544296264648438,0.4185656100984604,0.26970067620277405
537,43.20063979999999,964,1974272,3673,407.42,0.025936821,0.2,0.9898671507835388,0.1525,0.0003,-0.0030569216795265676,3730,-0.19675670862197875,0.0405103862285614,0.19341922372579576,0.2695222496986389
537,43.295995190000006,965,1976320,3676,407.99,0.02085827,0.2,0.9797375202178955,0.14903846153846154,0.0003,-0.0013061322903153128,3732,-0.19678184390068054,0.23776090145111084,0.4127275955218535,0.26963692903518677
537,43.10382003000001,966,1978368,3679,398.64,0.022978446,0.2,0.9775253534317017,0.1669034090909091,0.0003,-0.009874460758345032,3735,-0.1998427672819658,0.07174573093652725,0.28333665091883053,0.2699301540851593
537,42.98825978000001,967,1980416,3682,397.6,0.014169346,0.2,0.9598475694656372,0.12941176470588237,0.0003,-0.006751354482463177,3738,-0.20697372380424947,0.17426131665706635,0.4482452276874991,0.27196425199508667
537,42.98234362,968,1982464,3685,397.56,0.023163436,0.2,0.9853524565696716,0.1465625,0.0003,0.0015584920602850615,3740,-0.21793415069580077,0.07119154185056686,0.20966912738978863,0.27282044291496277
538,43.277594449999995,969,1984512,3688,396.42,0.02270727,0.2,0.9870700836181641,0.17636494252873564,0.0003,-0.005763742307350896,3743,-0.21760904514926604,0.015009965747594833,0.1337228662537775,0.27187269926071167
538,43.223796709999995,970,1986560,3691,393.04,0.025735,0.2,0.9898983240127563,0.16901676829268292,0.0003,-0.006708699289891051,3746,-0.21102319694146876,-0.018687885254621506,0.09459980515899455,0.2714992165565491
538,43.152786400000004,971,1988608,3695,389.38,0.023046628,0.2,0.9852656722068787,0.16638513513513514,0.0003,0.004356006311403739,3748,-0.20801140488804998,0.14757049083709717,0.316371355910559,0.2710822820663452
538,43.07769541,972,1990656,3698,388.78,0.018345697,0.2,0.9837759733200073,0.19579081632653061,0.0003,0.00016219260133042628,3750,-0.2045890506432981,0.32992249727249146,0.31607843281663195,0.2704199552536011
538,43.4206998,973,1992704,3701,391.98,0.021229077,0.2,0.9654365181922913,0.19050480769230768,0.0003,0.0038037250409475886,3752,-0.20351031651863685,0.07284119725227356,0.39789489785639137,0.27086615562438965
538,43.45885339,974,1994752,3704,393.66,0.024511088,0.2,0.9739965200424194,0.17038690476190477,0.0003,0.0005885122144328696,3754,-0.20722623098464238,0.2727893590927124,0.5903282137144179,0.27123966813087463
538,43.30307429999999,975,1996800,3707,389.66,0.025186729,0.2,0.9766693115234375,0.146484375,0.0003,-0.008908956117617587,3757,-0.20832570559448665,0.02531897835433483,0.3132675639871094,0.2706468105316162
538,43.353629549999994,976,1998848,3710,393.05,0.022824917,0.2,0.9657419323921204,0.1697048611111111,0.0003,-0.0034914604750358397,3760,-0.20049935910436842,0.18059083819389343,0.290480167294542,0.2700294256210327
538,43.27157191000001,977,2000896,3713,392.55,0.02933783,0.2,0.9876002073287964,0.15492021276595744,0.0003,-0.0028362381470171693,3762,-0.19785344854314277,0.0671074390411377,0.2805861822785215,0.26979541778564453
