#{"t_start": 1791259014.6408098, "env_id": "f1tenth-v0"}
r,l,t,track_name,laps,progress_m
-2.655355,99,4.555865,synthetic_track_0,0.014291004555822065,2.3446445612556426
-1.27446,130,4.737539,synthetic_track_0,0.02270779570727583,3.725540041303686
3.676154,224,5.040549,synthetic_track_0,0.052882620910095615,8.676153521432227
3.301261,202,5.310064,synthetic_track_0,0.05059758932390432,8.301261269461168
-0.046738,155,5.521954,synthetic_track_0,0.030190967035867863,4.953261779687682
3.118971,203,5.805479,synthetic_track_0,0.049486501740475905,8.118971392679708
2.747952,185,6.064697,synthetic_track_0,0.047225073522010726,7.747951612202882
2.189278,173,6.315701,synthetic_track_0,0.04381986247446961,7.18927783028933
-1.988716,128,6.490732,synthetic_track_0,0.01835428668604011,3.0112843562574403
0.944422,167,6.72599,synthetic_track_0,0.03623225548795021,5.944421922197104
-1.043858,121,6.891103,synthetic_track_0,0.024113353081347797,3.9561419167546332
1.312361,185,7.14277,synthetic_track_0,0.03847490690133445,6.312361098106292
-2.443262,98,8.584955,synthetic_track_0,0.01558374844228496,2.5567377637070328
0.201324,142,8.767995,synthetic_track_0,0.03170294614519892,5.20132366935946
2.147755,175,9.002243,synthetic_track_0,0.043566771431379034,7.147754609485157
2.607104,201,9.264112,synthetic_track_0,0.046366586128712375,7.6071044247472255
-2.100808,120,9.420511,synthetic_track_0,0.017671065667171484,2.8991921349045855
-0.432124,143,9.624077,synthetic_track_0,0.02784197865522354,4.567876496965434
-1.290198,119,9.789631,synthetic_track_0,0.022611868531618645,3.709801810320504
2.747755,203,10.067479,synthetic_track_0,0.04722387274771149,7.747754607932188
2.047755,199,10.348205,synthetic_track_0,0.042957254792196156,7.04775465024697
3.315451,220,10.645955,synthetic_track_0,0.05068408036594199,8.315451367191447
3.298964,202,10.939741,synthetic_track_0,0.05058358969712095,8.298964429608587
2.615451,198,11.215779,synthetic_track_0,0.04641746241042665,7.615451409506228
2.380722,194,12.813103,synthetic_track_0,0.044986745016772134,7.380721671465574
2.837006,197,13.112022,synthetic_track_0,0.04776787378358643,7.837005791437128
1.678792,170,13.344907,synthetic_track_0,0.04070836475508824,6.67879193850961
2.229512,201,13.600192,synthetic_track_0,0.0440650962672552,7.229511956326089
3.080022,205,13.865163,synthetic_track_0,0.04924909679542104,8.080021701560106
3.629398,227,14.171852,synthetic_track_0,0.052597640379035374,8.629398372093062
-1.454221,122,14.338075,synthetic_track_0,0.02161212006181189,3.5457787143093067
22.672738,433,14.914462,synthetic_track_0,0.16867001264495576,27.672738207462363
3.943958,225,15.221933,synthetic_track_0,0.05451493173031174,8.943957556617374
3.616091,224,16.82959,synthetic_track_0,0.05251653025960809,8.616091092004028
4.68091,217,17.120674,synthetic_track_0,0.05900678216558797,9.680910137655745
4.375836,220,17.407535,synthetic_track_0,0.05714730622402114,9.37583640150581
3.708992,207,17.702977,synthetic_track_0,0.053082779671790474,8.708992441199019
5.312279,235,18.025185,synthetic_track_0,0.06285508159399479,10.312278932596152
3.991582,224,18.307933,synthetic_track_0,0.054805211445508,8.99158211322704
4.10478,208,18.607461,synthetic_track_0,0.055495174245146925,9.104780420548485
3.890358,245,18.921454,synthetic_track_0,0.05418823267415503,8.89035788402661
5.703488,238,19.249823,synthetic_track_0,0.06523956596997425,10.703487843187512
3.940089,210,20.866269,synthetic_track_0,0.05449135086306277,8.940088776649596
5.871555,273,21.265485,synthetic_track_0,0.06626396215035833,10.871554750137737
4.884312,216,21.555973,synthetic_track_0,0.06024655142943932,9.884312092385146
3.880214,213,21.85108,synthetic_track_0,0.054126404652540365,8.88021410903544
4.801107,218,22.167323,synthetic_track_0,0.059739404603559726,9.801107371372568
3.969348,198,22.424152,synthetic_track_0,0.054669690048273156,8.969347881496214
6.757691,248,22.752052,synthetic_track_0,0.07166510963667344,11.757690572770944
3.662108,198,23.033887,synthetic_track_0,0.05279701108535476,8.66210800005655
-1.356606,111,23.184221,synthetic_track_0,0.022207099550342908,3.643393645183749
3.60329,231,23.499596,synthetic_track_0,0.05243850436429993,8.603289823180917
1.120913,150,25.003463,synthetic_track_0,0.03730799846559617,6.120913008740001
4.058912,224,25.29971,synthetic_track_0,0.055215598573575914,9.058912016039349
5.178226,232,25.619727,synthetic_track_0,0.06203800592687218,10.178225933622551
3.195598,197,25.885001,synthetic_track_0,0.04995355295533853,8.195597852805589
7.702179,246,26.200155,synthetic_track_0,0.07742192903100162,12.702179480483432
4.767542,216,26.504754,synthetic_track_0,0.059534816543819286,9.767541761642716
14.019609,332,26.963007,synthetic_track_0,0.11592773130889539,19.019609408869275
4.071624,197,27.237029,synthetic_track_0,0.05529307867619387,9.071623739732328
10.510823,293,27.631272,synthetic_track_0,0.09454108749036745,15.510823310820294
5.740794,235,29.323009,synthetic_track_0,0.06546695543463311,10.74079435089428
6.006707,239,29.668821,synthetic_track_0,0.06708773997682536,11.006707334615925
24.265764,415,30.255779,synthetic_track_0,0.17837977404505526,29.265764027929166
6.098827,226,30.589628,synthetic_track_0,0.06764922212052239,11.098826544942892
21.74385,381,31.19288,synthetic_track_0,0.16300827972445664,26.743849601523024
7.775301,236,31.576526,synthetic_track_0,0.07786761498132143,12.775300662088519
10.926472,278,32.058691,synthetic_track_0,0.0970745341478052,15.926471623252802
14.477602,319,33.895757,synthetic_track_0,0.11871927395112523,19.477602074678828
0.071863,132,34.096282,synthetic_track_0,0.030913859895962348,5.071862736406331
-0.325249,127,34.274981,synthetic_track_0,0.028493398604595984,4.674751296103841
1.793518,164,34.519764,synthetic_track_0,0.041407639262388364,6.793517965218349
4.859017,182,34.763889,synthetic_track_0,0.06009237637420973,9.859017460134954
20.538768,386,35.298063,synthetic_track_0,0.15566310573220443,25.538768308242318
24.116247,424,35.954818,synthetic_track_0,0.1774684432698183,29.116247124668945
5.523772,203,36.229472,synthetic_track_0,0.064144165927984,10.523771732901526
1.250484,148,36.431859,synthetic_track_0,0.03809775280858939,6.250483552069841
22.850676,424,38.32987,synthetic_track_0,0.16975457280055709,27.85067587869131
0.756816,145,38.559883,synthetic_track_0,0.03508876511874759,5.756815903003241
1.120015,134,38.75409,synthetic_track_0,0.03730252415880406,6.120014870082454
6.601446,213,39.061975,synthetic_track_0,0.07071277182885201,11.601445876824993
1.256872,137,39.241139,synthetic_track_0,0.03813668965889538,6.2568717016184445
13.315142,312,39.704794,synthetic_track_0,0.11163388637466222,18.31514247426016
17.79011,343,40.237771,synthetic_track_0,0.13890956868739485,22.79010992243942
1.40145,154,40.439829,synthetic_track_0,0.03901791646907971,6.401449617023951
25.392282,402,42.39722,synthetic_track_0,0.18524609391691307,30.392282424904575
0.295907,133,42.589712,synthetic_track_0,0.032279445222446086,5.295906623325827
23.17123,389,43.167011,synthetic_track_0,0.17170840566181397,28.171230222779194
27.664135,460,43.780979,synthetic_track_0,0.19909341668269853,32.66413461583565
10.164673,248,44.105158,synthetic_track_0,0.09243124016865238,15.164672553634809
42.348129,569,44.902745,synthetic_track_0,0.28859484019758447,47.34812866601766
14.070751,307,46.585121,synthetic_track_0,0.11623944870594802,19.070751125100166
13.127309,291,47.02399,synthetic_track_0,0.11048901014966646,18.127309085518174
14.986182,289,47.463,synthetic_track_0,0.12181915300856559,19.986181758086516
20.541531,354,47.94138,synthetic_track_0,0.15567994331158308,25.5415307549801
26.262697,392,48.482804,synthetic_track_0,0.19055142051418864,31.262697454400836
10.034067,257,48.816819,synthetic_track_0,0.09163517722489424,15.034066993738092
37.943666,517,50.837339,synthetic_track_0,0.2617488978280292,42.94366622793684
38.541272,542,51.654337,synthetic_track_0,0.2653914072366578,43.54127221433926
11.141281,240,51.987497,synthetic_track_0,0.09838383651131567,16.14128148169577
32.249392,472,52.631063,synthetic_track_0,0.227041333223319,37.24939174450242
37.764478,521,53.44356,synthetic_track_0,0.2606567154192779,42.76447801659905
11.981047,266,55.294955,synthetic_track_0,0.10350235079430375,16.981047267819473
24.106944,402,55.903454,synthetic_track_0,0.1774117381109958,29.106943828899293
43.133103,530,56.687927,synthetic_track_0,0.29337939194544355,48.13310310149874
13.788681,272,57.064976,synthetic_track_0,0.11452018262272512,18.788680830067083
24.638688,381,57.612164,synthetic_track_0,0.18065280694404626,29.638687722926047
21.568947,349,59.5047,synthetic_track_0,0.16194221984528223,26.568947166364204
28.084079,406,60.07251,synthetic_track_0,0.20165304884938584,33.084079037167
0.755075,133,60.250024,synthetic_track_0,0.03507815188523276,5.755074649605645
6.233097,188,60.562634,synthetic_track_0,0.06846762387300356,11.233097107266332
36.350396,481,61.305938,synthetic_track_0,0.2520376446904768,41.350395666514835
26.67378,394,61.956414,synthetic_track_0,0.19305703717254774,31.67377985575798
7.595437,209,62.309633,synthetic_track_0,0.07677131515554494,12.59543692934867
28.62232,426,64.326091,synthetic_track_0,0.20493371768573065,33.62231988051507
35.450066,459,65.037529,synthetic_track_0,0.24654998380406395,40.45006607799046
36.074907,449,65.726901,synthetic_track_0,0.25035849575800956,41.074907166271956
27.28276,410,66.342167,synthetic_track_0,0.19676887341424723,32.28275990487754
52.548259,631,69.141231,synthetic_track_0,0.3507663598524015,57.548259444387554
35.217267,474,70.036223,synthetic_track_0,0.2451310346198618,40.21726708373905
18.328672,314,70.599578,synthetic_track_0,0.14219219837392755,23.328672471424802
51.101356,585,71.479101,synthetic_track_0,0.34194724071796856,56.10135628003374
1.288765,134,71.688726,synthetic_track_0,0.038331086962285515,6.288765371397646
41.891915,506,73.951088,synthetic_track_0,0.2858141419068085,46.891915171823186
41.531368,504,74.883078,synthetic_track_0,0.2836165474814023,46.531368241952165
42.487463,532,75.711759,synthetic_track_0,0.28944410721310593,47.48746311806533
26.45347,364,76.18811,synthetic_track_0,0.19171420835674022,31.453469501270142
62.326065,735,78.68643,synthetic_track_0,0.4103637342569487,67.32606472161076
10.995835,227,79.081311,synthetic_track_0,0.09749731503639512,15.995834900492213
39.943563,464,79.856034,synthetic_track_0,0.2739386035675651,44.94356253710609
28.906407,396,80.45613,synthetic_track_0,0.20666527589870548,33.906406875987685
0.584889,132,80.649025,synthetic_track_0,0.03404084271768608,5.584889181640197
17.178519,269,81.046053,synthetic_track_0,0.1351818199099258,22.1785191932727
29.189278,406,83.15256,synthetic_track_0,0.20838942059621676,34.18927757776706
39.008397,454,83.863626,synthetic_track_0,0.2682386140775585,44.008397391454125
20.636941,301,84.28698,synthetic_track_0,0.15626148246746668,25.63694060623819
17.280023,290,84.706481,synthetic_track_0,0.13580050350577894,22.280023123419035
10.708054,221,85.073154,synthetic_track_0,0.09574324397092243,15.708054348211794
31.724207,397,85.869643,synthetic_track_0,0.22384024423196816,36.724207117743035
47.763495,548,88.58123,synthetic_track_0,0.32160241477770674,52.763495368703026
48.912872,543,89.524222,synthetic_track_0,0.32860806018994504,53.91287212173179
32.261368,401,90.18116,synthetic_track_0,0.22711433240558618,37.261368308851715
48.915707,549,91.184534,synthetic_track_0,0.3286253396662461,53.915707068006725
7.322295,178,91.508977,synthetic_track_0,0.07510646948025813,12.322295083886102
22.531987,330,93.628054,synthetic_track_0,0.167812111202419,27.531987153645247
50.034282,582,94.588752,synthetic_track_0,0.3354432452506288,55.034282405740065
34.324128,441,95.333111,synthetic_track_0,0.23968720254015266,39.324128240474245
29.41023,373,95.982157,synthetic_track_0,0.209736165792979,34.41023047080209
24.149167,340,96.54669,synthetic_track_0,0.17766909419969715,29.149166791695407
1.126309,125,98.18354,synthetic_track_0,0.037340889120036365,6.12630919301439
47.383197,522,99.177342,synthetic_track_0,0.31928443026956466,52.383196716578105
35.323568,427,99.975387,synthetic_track_0,0.2457789569863518,40.32356805416928
0.889521,120,100.152209,synthetic_track_0,0.03589762274616979,5.889520614527036
50.035233,536,101.018744,synthetic_track_0,0.3354490374056526,55.03523269196532
1.257432,126,101.207016,synthetic_track_0,0.03814010605570257,6.257432210584891
2.031591,128,101.423972,synthetic_track_0,0.042858736465853045,7.031591303776671
1.571758,125,101.607805,synthetic_track_0,0.04005597346254623,6.571757776572688
49.098889,566,103.861936,synthetic_track_0,0.32974186375036235,54.098888880811316
1.197524,127,104.076213,synthetic_track_0,0.03777495564890754,6.197524041639311
1.717099,121,104.26039,synthetic_track_0,0.0409418551795339,6.7170993962984165
0.555271,114,104.428688,synthetic_track_0,0.033860313650780946,5.555270795247951
44.040821,526,105.304271,synthetic_track_0,0.29891208870158786,49.040821471309606
1.317489,120,105.496145,synthetic_track_0,0.03850616157128214,6.317488875626791
42.986157,474,106.351128,synthetic_track_0,0.29248372836229614,47.98615662613108
39.012806,473,108.858833,synthetic_track_0,0.268265486625355,44.01280621889463
36.352677,433,109.653903,synthetic_track_0,0.25205154886331343,41.352676845776436
39.109433,455,110.432131,synthetic_track_0,0.26885444532210656,44.10943335240011
69.135972,725,111.797224,synthetic_track_0,0.45187127038257857,74.13597220207772
26.138012,348,114.112196,synthetic_track_0,0.18979144070574022,31.13801185111924
60.034049,623,115.297229,synthetic_track_0,0.39639350982522104,65.03404874712653
17.217696,290,115.815762,synthetic_track_0,0.1354206071461942,22.217695669119937
33.616875,424,116.717721,synthetic_track_0,0.23537637417915516,38.616874930768894
43.405323,485,119.415103,synthetic_track_0,0.2950386168446007,48.40532277790517
59.569339,651,120.764134,synthetic_track_0,0.39356102258730064,64.56933853230049
43.478385,487,121.737515,synthetic_track_0,0.2954839459198064,48.478385409021946
16.110073,272,122.218058,synthetic_track_0,0.12866945832710222,21.11007273757012
53.93224,606,124.66234,synthetic_track_0,0.35920195248565484,58.93223957757336
42.440798,467,125.400291,synthetic_track_0,0.28915967492544686,47.44079791593063
40.54169,475,126.238655,synthetic_track_0,0.2775842943901275,45.54169048015949
34.838446,411,127.171404,synthetic_track_0,0.2428220553645941,39.838445872692
1.063426,120,127.392515,synthetic_track_0,0.036957607281971575,6.063426302344499
30.312004,376,128.096035,synthetic_track_0,0.21523262546812694,35.3120036269968
43.636395,480,130.623973,synthetic_track_0,0.2964470383092182,48.636394548547486
47.385997,557,131.646505,synthetic_track_0,0.3193014954730387,52.385996508318144
39.350389,447,132.438926,synthetic_track_0,0.2703231077214128,44.35038851362782
42.668004,506,133.261303,synthetic_track_0,0.29054453517257617,47.66800413043065
32.910603,393,135.37083,synthetic_track_0,0.2310715278353377,37.91060305690255
47.57909,499,136.249109,synthetic_track_0,0.3204784358069669,52.579090474672164
43.618308,473,137.083091,synthetic_track_0,0.29633679928534673,48.61830825330149
49.421876,512,137.865048,synthetic_track_0,0.3317105259938525,54.42187619805124
48.25758,544,140.506098,synthetic_track_0,0.32461394617295003,53.25758034917637
48.98072,536,141.341123,synthetic_track_0,0.3290216071075604,53.980720433403896
37.037504,474,142.052046,synthetic_track_0,0.2562256872391072,42.03750420011006
54.943553,556,143.090463,synthetic_track_0,0.36536607992681597,59.94355322059625
36.647259,417,145.416128,synthetic_track_0,0.25384707643688864,41.647258933657206
54.804751,551,146.296875,synthetic_track_0,0.36452005927064063,59.80475138042727
39.723327,457,147.003116,synthetic_track_0,0.27259623358425805,44.72332746068024
47.219726,513,147.816921,synthetic_track_0,0.31828804623048385,52.219725603751336
50.058537,549,150.049123,synthetic_track_0,0.3355910816468865,55.058537089942796
50.497332,546,150.898939,synthetic_track_0,0.33826561168719577,55.497332157737475
58.070534,612,151.859573,synthetic_track_0,0.3844255553095505,63.07053391127897
26.278085,342,152.414198,synthetic_track_0,0.1906452109835274,31.278085128022646
36.753996,429,154.563865,synthetic_track_0,0.25449765709509137,41.75399603502435
48.631192,496,155.348134,synthetic_track_0,0.3268911730180519,53.63119212127101
45.482742,490,156.068851,synthetic_track_0,0.3077008390506213,50.48274220022715
47.535369,492,156.891676,synthetic_track_0,0.32021194394222185,52.53536865659754
48.698889,519,157.78972,synthetic_track_0,0.3273037961262804,53.6988888687444
47.892332,510,160.12723,synthetic_track_0,0.32238769776407705,52.8923323217561
42.068261,465,160.861122,synthetic_track_0,0.28688900196858375,47.06826140333604
39.476461,454,161.56302,synthetic_track_0,0.2710915427902954,44.47646132382783
26.491205,345,162.142501,synthetic_track_0,0.19194421099818038,31.49120473816134
28.236422,346,164.067683,synthetic_track_0,0.20258160749550957,33.23642242009273
26.978503,342,164.612222,synthetic_track_0,0.19491437875511639,31.97850341965814
39.415154,422,165.273537,synthetic_track_0,0.2707178636988879,44.41515390167278
43.104827,448,166.037503,synthetic_track_0,0.29320704274477893,48.10482673965191
47.922176,493,166.832125,synthetic_track_0,0.32256959852305656,52.92217575393497
48.75406,497,169.11719,synthetic_track_0,0.32764007108312704,53.75405960538346
41.006242,433,169.7948,synthetic_track_0,0.28041581485473016,46.00624208193685
24.459303,328,170.32511,synthetic_track_0,0.17955942613322368,29.459302896515638
44.029774,475,171.105174,synthetic_track_0,0.2988447503683848,49.029773650556926
43.346202,444,171.803555,synthetic_track_0,0.2946782651039495,48.34620189906446
42.560317,472,174.072396,synthetic_track_0,0.28988816518596233,47.560317206584656
32.132499,392,174.715782,synthetic_track_0,0.226328850347802,37.1324986952739
58.171676,600,175.695453,synthetic_track_0,0.3850420342355826,63.17167613367515
50.031616,505,176.584307,synthetic_track_0,0.33542699294776596,55.03161598202112
20.964715,284,178.686185,synthetic_track_0,0.15825932441085522,25.964715272358916
40.047906,444,179.445353,synthetic_track_0,0.27457459396616274,45.047905896822904
47.831788,486,180.253274,synthetic_track_0,0.3220186697194292,52.83178797062566
42.657575,442,180.959084,synthetic_track_0,0.29048096720933797,47.65757489302509
47.462788,505,181.929782,synthetic_track_0,0.319769549863507,52.46278755381089
47.613729,483,184.385635,synthetic_track_0,0.3206895659834905,52.613729412625716
49.128172,486,185.156952,synthetic_track_0,0.32992035000357933,54.12817211427677
49.895797,489,185.908045,synthetic_track_0,0.3345991542006808,54.895797145187906
48.263495,489,186.685386,synthetic_track_0,0.3246499991570043,53.263495359044974
49.166586,479,188.864812,synthetic_track_0,0.3301544871053281,54.16658566876548
28.625124,346,189.439564,synthetic_track_0,0.20495081219843203,33.625124480854815
29.999146,359,190.010044,synthetic_track_0,0.21332570616668678,34.999146126223444
49.510247,524,190.863022,synthetic_track_0,0.332249158184531,54.51024654538816
47.963495,462,191.647231,synthetic_track_0,0.3228214485139013,52.9634953622928
29.023483,375,193.765312,synthetic_track_0,0.2073788744331845,34.02348296509331
47.553724,480,194.570902,synthetic_track_0,0.3203238227197057,52.55372397697567
43.131343,473,195.349402,synthetic_track_0,0.29336866233762193,48.131342755224615
36.851265,398,195.990185,synthetic_track_0,0.25509052594416637,41.8512646851806
47.67764,472,198.184104,synthetic_track_0,0.32107910979830456,52.67763967052305
47.685761,458,199.020998,synthetic_track_0,0.3211286097744326,52.68576085258254
-0.296936,104,199.20799,synthetic_track_0,0.02866597230363194,4.703064490132988
0.216557,110,199.439385,synthetic_track_0,0.03179579291652627,5.2165565157680165
49.782235,502,200.430406,synthetic_track_0,0.3339069728354283,54.78223485031196
26.558715,352,201.09872,synthetic_track_0,0.19235569901529087,31.55871525763332
48.06749,486,203.791313,synthetic_track_0,0.32345531158302165,53.0674897030537
48.263495,466,204.703432,synthetic_track_0,0.3246499991570043,53.263495359044974
48.138697,481,205.543041,synthetic_track_0,0.32388933451687735,53.138697399290166
51.157494,496,206.413203,synthetic_track_0,0.34228941026017157,56.15749410806534
39.03267,395,207.157456,synthetic_track_0,0.26838655717151105,44.03266958094621
47.595799,491,209.744274,synthetic_track_0,0.3205802745879213,52.59579858941365
41.866236,451,210.549623,synthetic_track_0,0.28565762115142707,46.866235693771436
48.540796,498,211.498746,synthetic_track_0,0.3263401909202856,53.540795594292746
49.707389,486,212.318706,synthetic_track_0,0.33345077467781153,54.707388990111376
47.863495,462,214.512285,synthetic_track_0,0.3222119315962358,52.86349535736553
23.662198,295,214.979066,synthetic_track_0,0.17470093699124484,28.662197969555173
37.949401,401,215.680655,synthetic_track_0,0.26178385177942637,42.94940092571247
47.850199,468,216.466041,synthetic_track_0,0.3221308868991594,52.85019881075283
47.847917,459,217.178899,synthetic_track_0,0.32211697841523756,52.84791692419578
50.060698,489,219.399742,synthetic_track_0,0.33560425385521486,55.0606981799135
40.063734,395,220.063191,synthetic_track_0,0.2746710693122351,45.06373406303616
33.747174,373,220.688647,synthetic_track_0,0.23617057030711233,38.747174212720104
7.188974,167,220.947579,synthetic_track_0,0.07429385541098801,12.188974074122811
40.607889,415,221.663224,synthetic_track_0,0.2779877847968799,45.60788887678133
47.971883,483,222.501629,synthetic_track_0,0.3228725739095351,52.97188321776836
34.294113,393,224.573018,synthetic_track_0,0.23950425430903005,39.2941129554453
47.977212,464,225.364215,synthetic_track_0,0.3229050512320435,52.97721158900258
50.234282,483,226.170868,synthetic_track_0,0.3366622789868233,55.23428239932983
50.874809,488,227.018906,synthetic_track_0,0.3405663947516099,55.87480866595187
28.843214,347,229.108862,synthetic_track_0,0.2062801074098255,33.84321445315331
49.790036,504,229.925597,synthetic_track_0,0.3339545199105521,54.79003563091189
47.220038,454,230.625983,synthetic_track_0,0.3182899496812397,52.220037892187385
55.084867,521,231.417282,synthetic_track_0,0.36622741202266373,60.08486712236403
32.090999,356,231.984233,synthetic_track_0,0.22607590335533545,37.09099910804362
47.567355,467,234.035658,synthetic_track_0,0.3204069051405938,52.56735484144781
48.593234,457,234.701566,synthetic_track_0,0.3266598132279072,53.59323422464192
31.498926,354,235.209007,synthetic_track_0,0.22246711983996123,36.498926338839716
50.770439,476,235.957112,synthetic_track_0,0.339930242115365,55.77043868881877
49.666636,453,238.240813,synthetic_track_0,0.3332023809004487,54.666636423217376
48.263495,448,239.077301,synthetic_track_0,0.3246499991570044,53.26349535904498
0.908272,116,239.267697,synthetic_track_0,0.036011913786104466,5.908271701207918
49.70015,463,240.059805,synthetic_track_0,0.3334066491460791,54.70014956284894
42.210622,410,240.773978,synthetic_track_0,0.28775671364156524,47.21062196636345
13.853811,225,241.168022,synthetic_track_0,0.11491716236780514,18.853811059127946
28.983997,335,243.015543,synthetic_track_0,0.2071382006565817,33.98399697520754
42.291604,418,243.833616,synthetic_track_0,0.28825031198754053,47.29160386464885
36.282392,394,244.445557,synthetic_track_0,0.25162315017007064,41.28239188699434
47.095799,445,245.158122,synthetic_track_0,0.31753269015605784,52.095798590447515
48.327039,450,245.966089,synthetic_track_0,0.3250373080519616,53.327038946239306
25.652111,306,246.516902,synthetic_track_0,0.18682979287632162,30.652110986104688
47.963495,471,248.72573,synthetic_track_0,0.3228214485139013,52.9634953622928
38.611538,405,249.359534,synthetic_track_0,0.2658196869287662,43.61153764927602
45.874206,490,250.148901,synthetic_track_0,0.31008687817863745,50.874206190221265
0.959216,116,250.391397,synthetic_track_0,0.036322428615809324,5.959216118992748
48.463385,447,251.221092,synthetic_track_0,0.3258683575297885,53.46338454956691
48.297844,517,254.417434,synthetic_track_0,0.32485935969184204,53.29784396186232
49.514034,463,255.461347,synthetic_track_0,0.3322722407884214,54.51403357809533
48.568811,470,256.367432,synthetic_track_0,0.3265109469840884,53.56881057915493
34.345326,390,257.001006,synthetic_track_0,0.23981640454181066,39.34532568459425
50.185164,469,259.404247,synthetic_track_0,0.3363628961934803,55.185164352001294
24.307127,311,259.969995,synthetic_track_0,0.17863188822753792,29.307126980719815
48.131192,469,261.084702,synthetic_track_0,0.32384358850804995,53.13119210948515
48.163495,453,262.358849,synthetic_track_0,0.3240404822061519,53.16349534867292
46.329554,494,263.719446,synthetic_track_0,0.3128623017932077,51.32955429802321
47.021066,435,266.415691,synthetic_track_0,0.3170771836305511,52.02106620242859
42.664284,425,267.266089,synthetic_track_0,0.29052185930156654,47.66428382809453
21.730583,285,267.799438,synthetic_track_0,0.16292741466339536,26.730582526778743
48.268835,497,268.737044,synthetic_track_0,0.32468254694811477,53.26883529166552
24.680843,306,269.350955,synthetic_track_0,0.18090975271710336,29.680843367547297
49.566586,467,271.917445,synthetic_track_0,0.3325925544509274,54.56658563514332
30.170685,335,272.496206,synthetic_track_0,0.21437126677170157,35.17068536102219
53.485824,490,273.288045,synthetic_track_0,0.356480972357146,58.48582370563986
46.895799,448,274.112198,synthetic_track_0,0.316313656632406,51.89579863172843
0.615767,112,274.307124,synthetic_track_0,0.0342290456090777,5.615766569159758
0.979439,115,274.496149,synthetic_track_0,0.0364456899919762,5.979438918174826
47.495799,471,276.947661,synthetic_track_0,0.3199707577815908,52.49579860275249
33.481975,358,277.596453,synthetic_track_0,0.23455413411045004,38.4819746375386
47.670063,471,278.404877,synthetic_track_0,0.32103293155326906,52.67006346615982
7.70534,174,278.718884,synthetic_track_0,0.07744119364516369,12.705340117137306
49.550288,468,279.656462,synthetic_track_0,0.3324932194723292,54.550288305140874
47.911903,456,280.537452,synthetic_track_0,0.3225069866103204,52.911903370346174
30.918316,353,282.786295,synthetic_track_0,0.21892820016151202,35.918315735548276
48.62044,462,283.708832,synthetic_track_0,0.32682563909853923,53.62044034050131
68.582542,592,284.749676,synthetic_track_0,0.44849801953266394,73.58254194963398
28.98582,336,285.348976,synthetic_track_0,0.2071493150238875,33.985820446801405
54.352708,517,287.852076,synthetic_track_0,0.36176477901043286,59.352708079230545
49.543026,455,288.867248,synthetic_track_0,0.33244895522842716,54.54302612015467
44.61757,442,289.603562,synthetic_track_0,0.30242746616964516,49.6175696368459
50.759547,488,290.540044,synthetic_track_0,0.3398638577007316,55.75954737210871
0.809987,116,290.729043,synthetic_track_0,0.03541285312561082,5.809987195454512
51.275022,493,293.211129,synthetic_track_0,0.34300576052493426,56.27502165804752
46.996644,448,294.036875,synthetic_track_0,0.3169283260883431,51.99664398456584
50.628821,504,294.869832,synthetic_track_0,0.3390670554931559,55.628820525364574
51.960728,483,295.7897,synthetic_track_0,0.3471852593306261,56.96072846789859
43.503816,415,296.48399,synthetic_track_0,0.2956389468329394,48.50381553512311
48.363495,440,298.877336,synthetic_track_0,0.32525951611366744,53.36349537037035
42.949478,425,299.662287,synthetic_track_0,0.29226016874060595,47.949478459171935
48.460982,437,300.398696,synthetic_track_0,0.325853714619032,53.460982169738955
47.964875,448,301.137072,synthetic_track_0,0.3228298561543246,52.96487475646445
7.656407,169,301.423282,synthetic_track_0,0.07714293731607615,12.656406882449454
24.427623,318,303.540242,synthetic_track_0,0.17936632974264974,29.427622660169146
43.010199,429,304.285394,synthetic_track_0,0.29263026855561447,48.01019864962404
35.49699,365,304.93813,synthetic_track_0,0.2468359908408537,40.49698964033841
0.66038,113,305.111089,synthetic_track_0,0.03450097037038345,5.660379731948692
43.825628,424,305.806075,synthetic_track_0,0.2976004479864828,48.82562797270144
48.344544,440,306.592316,synthetic_track_0,0.32514400248422565,53.34454370032059
48.292157,448,308.895093,synthetic_track_0,0.32482469893811466,53.292157367375665
1.581634,118,309.126381,synthetic_track_0,0.040116169955683435,6.581633875883237
2.601861,125,309.325153,synthetic_track_0,0.04633462544339408,7.601860815264573
39.114059,411,309.99736,synthetic_track_0,0.26888263990266426,44.11405907830365
0.918802,118,310.174229,synthetic_track_0,0.03607609887467575,5.918802186888231
0.489932,111,310.377409,synthetic_track_0,0.033462060165158805,5.489931590756224
39.261993,392,311.086296,synthetic_track_0,0.2697843204149246,44.261992717314364
1.347336,120,311.314586,synthetic_track_0,0.03868808375465559,6.347335822785208
42.2093,412,313.615734,synthetic_track_0,0.28774865409656913,47.20929968224637
-0.237127,104,313.854067,synthetic_track_0,0.029030516934751952,4.762873272878234
0.552021,111,314.025132,synthetic_track_0,0.03384050628506008,5.552021112405235
49.329951,456,314.802074,synthetic_track_0,0.33115022416042095,54.329950634576306
25.679673,323,315.37438,synthetic_track_0,0.18699778963844724,30.679673267894454
1.579945,117,315.561097,synthetic_track_0,0.040105876760477326,6.579945129366946
44.720654,421,316.302087,synthetic_track_0,0.3030557839457986,49.72065419264769
47.795799,451,317.069588,synthetic_track_0,0.3217993084954369,52.79579861111109
47.492523,451,319.657004,synthetic_track_0,0.3199507919959261,52.492522928842575
22.622332,287,320.169537,synthetic_track_0,0.168362775461024,27.62233153454393
1.714644,120,320.37025,synthetic_track_0,0.04092688737697972,6.714643713304578
47.030935,452,321.181202,synthetic_track_0,0.3171373348887965,52.030934880305416
47.101519,440,321.992161,synthetic_track_0,0.3175675590112369,52.10151932696631
50.022165,464,324.255294,synthetic_track_0,0.335369386082144,55.02216474829966
43.022706,408,324.940263,synthetic_track_0,0.2927065004766605,48.02270559120233
43.497347,413,325.718936,synthetic_track_0,0.29559951769778575,48.497346619174486
47.414885,438,326.495141,synthetic_track_0,0.31947757518520453,52.41488491415864
43.287854,435,327.238723,synthetic_track_0,0.29432262365721734,48.28785381159583
50.199202,464,328.354038,synthetic_track_0,0.3364484580198526,55.199201998555196
47.909394,435,329.083025,synthetic_track_0,0.3224916924395088,52.90939414195203
49.038414,472,329.930916,synthetic_track_0,0.32937325764797065,54.038413755368424
46.845631,447,330.7639,synthetic_track_0,0.31600787517254675,51.84563079125288
41.8047,411,331.520132,synthetic_track_0,0.28528254964632105,46.804699826149694
6.437817,160,333.06548,synthetic_track_0,0.06971542837548239,11.437817358303924
48.263495,441,333.810251,synthetic_track_0,0.3246499991570043,53.263495359044974
47.85589,485,334.686046,synthetic_track_0,0.3221655754065724,52.85588995863024
44.93578,439,335.467526,synthetic_track_0,0.30436701121571896,49.935779859634934
34.493365,360,336.090325,synthetic_track_0,0.24071872990457222,39.49336512059177
33.985386,348,338.178898,synthetic_track_0,0.23762251136987791,38.985385998517216
46.762349,437,338.951064,synthetic_track_0,0.3155002612597019,51.76234943791481
48.982756,454,339.678896,synthetic_track_0,0.32903401469960797,53.98275607709143
48.641481,456,340.465744,synthetic_track_0,0.3269538830795973,53.6414806075817
33.223406,351,341.090898,synthetic_track_0,0.23297811690052675,38.22340637767568
40.486445,395,343.398409,synthetic_track_0,0.277247565231273,45.486445225157254
54.948031,512,344.257372,synthetic_track_0,0.36539337383099313,59.94803117760301
50.034282,464,345.033291,synthetic_track_0,0.3354432452506288,55.034282405740065
2.030423,124,345.230968,synthetic_track_0,0.04285161433127629,7.0304228153030515
48.942094,462,346.034549,synthetic_track_0,0.32878617446413394,53.9420943266949
39.845694,397,348.223171,synthetic_track_0,0.2733420781863166,44.84569398032746
45.492708,433,348.921419,synthetic_track_0,0.30776158430478473,50.492708331665995
42.102703,429,349.674326,synthetic_track_0,0.2870989317037998,47.10270339165096
50.234282,496,350.620431,synthetic_track_0,0.3366622789868234,55.234282399329835
54.882108,512,351.485643,synthetic_track_0,0.364991563327666,59.8821083932668
49.351364,489,353.905231,synthetic_track_0,0.33128074417197567,54.35136431715064
47.913015,451,354.695906,synthetic_track_0,0.32251376224302203,52.91301501021032
48.109923,459,355.658177,synthetic_track_0,0.3237139524852271,53.109923457959134
55.464409,488,356.578103,synthetic_track_0,0.368540786235072,60.464409389255444
50.852278,485,358.798996,synthetic_track_0,0.3404290648425671,55.85227772188301
47.295799,448,359.66143,synthetic_track_0,0.3187517239780053,52.295798598106266
60.510437,550,360.674026,synthetic_track_0,0.39929717483855715,65.51043669834675
49.0531,453,361.498155,synthetic_track_0,0.3294627706544786,54.05309964977498
48.24251,463,363.706444,synthetic_track_0,0.32452209288593037,53.24251049813805
51.278204,481,364.715467,synthetic_track_0,0.3430251552521497,56.27820364161663
51.085527,473,365.628115,synthetic_track_0,0.3418507611549467,56.08552742196936
50.920906,480,366.589713,synthetic_track_0,0.34084736332003335,55.92090559519604
47.495909,447,367.463414,synthetic_track_0,0.3199714295942002,52.49590882326041
47.401451,457,368.765928,synthetic_track_0,0.31939569595165385,52.40145144985076
49.063037,497,369.845235,synthetic_track_0,0.3295233432061604,54.06303744689116
46.716781,462,370.727715,synthetic_track_0,0.3152225128209777,51.71678081719902
49.466586,475,371.589775,synthetic_track_0,0.3319830376323983,54.46658564648081
44.357315,452,373.690386,synthetic_track_0,0.30084116906832375,49.357314813147475
46.494097,454,374.748116,synthetic_track_0,0.3138652145702438,51.49409654408482
48.363495,442,375.590533,synthetic_track_0,0.32525951611366744,53.36349537037035
47.695799,455,376.67889,synthetic_track_0,0.3211897915387738,52.69579859978571
41.452814,414,377.597338,synthetic_track_0,0.2831377435599874,46.45281358151047
40.474187,394,380.17898,synthetic_track_0,0.2771728487503523,45.474186913298034
43.722785,409,381.088599,synthetic_track_0,0.29697360472802947,48.72278533270707
51.687118,460,382.036903,synthetic_track_0,0.34551755959984315,56.68711837363864
43.273102,419,382.944265,synthetic_track_0,0.29423270651515443,48.27310161294682
51.922152,474,386.205904,synthetic_track_0,0.34695013152127085,56.922152373597356
48.236747,446,387.228009,synthetic_track_0,0.3244869654335534,53.236747335034664
53.145704,467,388.333244,synthetic_track_0,0.35440788604670354,58.14570412035764
47.595799,424,389.480377,synthetic_track_0,0.3205802745879213,52.59579858941365
51.001979,484,390.506815,synthetic_track_0,0.3413415202973044,56.00197914496921
67.71554,571,393.542313,synthetic_track_0,0.44321349774581703,72.7155402481112
50.293206,458,394.527284,synthetic_track_0,0.33702143061763,55.29320638291319
41.29532,406,395.40919,synthetic_track_0,0.2821777929654303,46.29531989855692
33.616239,344,396.260305,synthetic_track_0,0.23537249584872094,38.61623863495611
30.45202,327,396.935364,synthetic_track_0,0.21608604613727125,35.45201954558085
34.325956,354,399.807197,synthetic_track_0,0.23969834496668732,39.325956315587625
51.201979,449,400.901085,synthetic_track_0,0.34256055420482,56.20197916666665
36.996536,360,401.721029,synthetic_track_0,0.25597598128357874,41.996536351540975
27.322997,309,402.308825,synthetic_track_0,0.19701412341379607,32.322996689866585
51.166684,462,403.278734,synthetic_track_0,0.3423454266748178,56.166684405460344
66.899635,592,406.287315,synthetic_track_0,0.4382404187009923,71.89963520171665
47.310031,421,407.093796,synthetic_track_0,0.3188384716162387,52.31003079412798
54.752251,496,408.045275,synthetic_track_0,0.36420006170190694,59.75225118310273
1.001484,116,408.331761,synthetic_track_0,0.03658006018878991,6.001484278941699
8.085544,172,408.667455,synthetic_track_0,0.07975860076284062,13.085544040063265
49.84418,439,409.474752,synthetic_track_0,0.33428453599402164,54.84417950947629
49.164018,448,412.16897,synthetic_track_0,0.3301388395772105,54.16401846702996
1.921597,119,412.428908,synthetic_track_0,0.042188303505889216,6.921597147163983
50.4169,465,413.353342,synthetic_track_0,0.3377753648722683,55.416900126259016
49.289769,496,414.393498,synthetic_track_0,0.3309053122567524,54.28976931907254
42.129834,392,415.226457,synthetic_track_0,0.2872642945089429,47.129833534965826
48.004834,417,417.855333,synthetic_track_0,0.32307341513107846,53.00483410487557
11.539828,195,418.225425,synthetic_track_0,0.1008130445948311,16.539827958881823
41.684286,387,419.031782,synthetic_track_0,0.28454860699519685,46.68428599250279
10.961746,191,419.387319,synthetic_track_0,0.09728953771632608,15.961746046797622
13.359896,213,419.810259,synthetic_track_0,0.11190666883103138,18.35989635424345
13.705044,222,420.239484,synthetic_track_0,0.11401040349555965,18.705044242220414
9.699481,183,420.601464,synthetic_track_0,0.08959581940106223,14.699481051131707
20.085854,255,421.099629,synthetic_track_0,0.15290251668667545,25.08585402456276
57.695539,509,424.024729,synthetic_track_0,0.38213989725296293,62.695538877841315
49.012001,475,425.014814,synthetic_track_0,0.32921227008555626,54.012001433465485
53.303073,471,425.907367,synthetic_track_0,0.3553670745001228,58.303072763110784
13.728057,219,426.293157,synthetic_track_0,0.11415066734223353,18.728056540898237
47.316938,452,427.193441,synthetic_track_0,0.3188805706317893,52.31693774230363
47.51418,441,429.880413,synthetic_track_0,0.3200827958272187,52.514180053357244
40.66779,402,430.717836,synthetic_track_0,0.27835288964208765,45.667789570694104
54.516336,457,431.627916,synthetic_track_0,0.36276211976238115,59.51633615454464
32.100976,334,432.3433,synthetic_track_0,0.22613671175609218,37.100975599588075
26.95168,299,432.996417,synthetic_track_0,0.19475088638776752,31.951680148528812
47.295799,420,435.633877,synthetic_track_0,0.3187517239780053,52.295798598106266
43.559777,401,436.411075,synthetic_track_0,0.29598004066940214,48.559776878177495
47.683415,442,437.239166,synthetic_track_0,0.3211143107568318,52.68341489336616
48.107265,423,438.062045,synthetic_track_0,0.32369774729156525,53.10726476318125
48.163495,438,438.876443,synthetic_track_0,0.3240404822061519,53.16349534867292
47.622486,435,440.635211,synthetic_track_0,0.32074293632242284,52.622485583293866
54.527397,498,441.583182,synthetic_track_0,0.36282953888106856,59.52739722931637
38.688716,375,442.297295,synthetic_track_0,0.2662901002481969,43.688715710946724
47.609387,416,443.079952,synthetic_track_0,0.3206630968093185,52.60938676442202
42.171249,423,445.218015,synthetic_track_0,0.28751672741387735,47.17124877875254
44.511358,404,445.938956,synthetic_track_0,0.3017800913039926,49.511358491791896
38.51159,368,446.583602,synthetic_track_0,0.2652104917397358,43.511590428552395
36.967859,361,447.204201,synthetic_track_0,0.25580118837308075,41.967859063996606
53.404464,481,447.976984,synthetic_track_0,0.3559850703137847,58.40446385270993
48.120375,443,450.261427,synthetic_track_0,0.3237776537743077,53.12037456938412
48.46619,434,451.016687,synthetic_track_0,0.32588545657340035,53.466189893267604
49.097861,433,451.732992,synthetic_track_0,0.3297356015186999,54.0978614717617
44.958714,481,452.558831,synthetic_track_0,0.30450679835390465,49.958713947438234
52.625834,479,453.36026,synthetic_track_0,0.3512391894805846,57.62583393621488
43.771507,423,455.41325,synthetic_track_0,0.2972705738863782,48.771507388547384
41.639735,425,456.123904,synthetic_track_0,0.2842770625472766,46.639735225587245
53.08561,465,456.897446,synthetic_track_0,0.354041601777003,58.08560992491657
48.494271,448,457.671145,synthetic_track_0,0.3260566174849283,53.494271299213985
33.637252,341,458.238938,synthetic_track_0,0.23550057773093686,38.6372523073932
48.33807,432,460.461923,synthetic_track_0,0.32510454497312424,53.338070128890166
32.071893,332,461.0066,synthetic_track_0,0.22595944850636004,37.07189301741049
34.580909,355,461.599998,synthetic_track_0,0.24125232647514236,39.58090930212254
44.249562,425,462.322234,synthetic_track_0,0.3001843972528063,49.24956196349832
43.723748,404,463.00237,synthetic_track_0,0.2969794700623242,48.72374762504281
38.502395,374,465.102041,synthetic_track_0,0.265154442743814,43.50239478573117
31.744226,340,465.716575,synthetic_track_0,0.2239622630678415,36.744226060343166
48.985797,452,466.491234,synthetic_track_0,0.329052550913424,53.98579720920642
50.436377,459,467.314677,synthetic_track_0,0.33789408215559763,55.436377401743606
47.34743,414,468.02438,synthetic_track_0,0.31906642767626764,52.347430259943316
40.57961,402,469.788804,synthetic_track_0,0.27781542283512656,45.57961042129461
41.508892,411,470.477359,synthetic_track_0,0.28347955121781176,46.508892037211965
43.668095,446,471.247661,synthetic_track_0,0.2966402581630178,48.668095040809476
29.014528,318,471.813671,synthetic_track_0,0.20732429242514105,34.01452800270409
33.285621,340,472.385982,synthetic_track_0,0.23335732396524658,38.28562074325174
43.99957,402,474.528754,synthetic_track_0,0.2986606545827952,48.99957009273517
8.20794,179,474.838944,synthetic_track_0,0.08050462424491091,13.207939907545688
46.928102,430,475.532528,synthetic_track_0,0.3165105501633603,51.92810184349323
46.473488,418,476.263839,synthetic_track_0,0.31373960331799355,51.473488213979635
48.03411,453,477.09111,synthetic_track_0,0.32325185459903116,53.034109662546435
47.565914,476,477.952418,synthetic_track_0,0.32039812394474193,52.56591416014266
48.140464,455,480.246558,synthetic_track_0,0.3239001014076152,53.1404638623622
53.843644,505,481.193238,synthetic_track_0,0.3586619502965824,58.84364446232241
52.411255,458,482.063281,synthetic_track_0,0.34993129696181197,57.41125538305098
47.474885,436,482.912473,synthetic_track_0,0.31984328592886585,52.47488501441534
52.200575,465,484.338124,synthetic_track_0,0.34864716254040257,57.20057468700067
39.024531,383,484.985133,synthetic_track_0,0.26833695366968596,44.02453141400916
30.442387,349,485.574319,synthetic_track_0,0.21602733565402713,35.44238724753705
48.186273,478,486.355413,synthetic_track_0,0.32417931380862236,53.18627266711763
50.301979,461,487.125498,synthetic_track_0,0.3370749023417891,55.301979187284
50.094519,480,489.522437,synthetic_track_0,0.33581039716144945,55.09451895016896
47.118384,458,490.311412,synthetic_track_0,0.31767035041902164,52.11838373382203
54.020651,492,491.127516,synthetic_track_0,0.3597408330609145,59.020650675968405
44.608404,390,491.873152,synthetic_track_0,0.3023715986054407,49.60840376050384
50.325365,494,493.996402,synthetic_track_0,0.33721744296958905,55.32536502460731
54.571091,486,494.833265,synthetic_track_0,0.3630958620707643,59.571091373826455
30.445641,327,495.357207,synthetic_track_0,0.2160471680915787,35.445641043773705
39.952282,389,496.016872,synthetic_track_0,0.2739917506322754,44.95228207643119
45.127839,426,496.817544,synthetic_track_0,0.30553764325880506,50.12783886026937
46.828102,468,499.246707,synthetic_track_0,0.31590103327744035,51.82810184377428
46.583343,436,500.074369,synthetic_track_0,0.31440918560347875,51.58334280522573
0.060642,107,500.253385,synthetic_track_0,0.03084546958933773,5.060642324304181
7.484787,167,500.535162,synthetic_track_0,0.07609688639933186,12.484787204969065
45.012504,417,501.262542,synthetic_track_0,0.30483466054681047,50.012504449318996
46.63189,426,502.06003,synthetic_track_0,0.3147050907781927,51.631890299268605
45.786296,408,503.537325,synthetic_track_0,0.30955105214640255,50.7862962334823
48.061502,434,504.28147,synthetic_track_0,0.3234188143291781,53.06150180434505
46.932919,421,505.037291,synthetic_track_0,0.31653990946535593,51.932918658677735
48.444547,452,505.81758,synthetic_track_0,0.3257535402299465,53.44454712238949
32.415657,345,506.434412,synthetic_track_0,0.22805474820843982,37.41565702864513
48.231192,445,508.1614,synthetic_track_0,0.3244531053925189,53.23119210896604
46.255455,418,508.933798,synthetic_track_0,0.3124106521711905,51.25545469041906
33.438687,341,509.518748,synthetic_track_0,0.23429028665416043,38.43868667265313
46.233683,412,510.354106,synthetic_track_0,0.31227794798947595,51.23368266335842
48.849041,477,511.198772,synthetic_track_0,0.32821899826779943,53.84904092524822
47.075923,436,513.426295,synthetic_track_0,0.3174115456060577,52.07592308700239
31.114119,330,514.01994,synthetic_track_0,0.22012165225614774,36.114118693407306
49.198889,445,514.757462,synthetic_track_0,0.3303513806362824,54.198888880530276
47.495799,437,515.493367,synthetic_track_0,0.3199707577815908,52.49579860275249
38.091552,370,516.088098,synthetic_track_0,0.26265028566755616,43.091551849781936
46.13249,418,518.281173,synthetic_track_0,0.31166116410260436,51.132490407756315
46.328102,423,519.0323,synthetic_track_0,0.3128534490141755,51.328101872469176
45.560997,412,519.707338,synthetic_track_0,0.3081778157245881,50.56099707447995
45.583361,417,520.369826,synthetic_track_0,0.30831412690638227,50.58336088171153
48.9424,439,521.091452,synthetic_track_0,0.32878804061323036,53.94240049525796
47.621661,427,522.126221,synthetic_track_0,0.3207379074318824,52.621660521569986
45.769168,549,523.053229,synthetic_track_0,0.30944665016213,50.7691675884208
50.264998,495,523.917666,synthetic_track_0,0.3368494950826591,55.26499788886496
38.866368,366,524.576328,synthetic_track_0,0.26737292339322055,43.866368400641456
47.681845,413,525.245332,synthetic_track_0,0.3211047420686509,52.68184501263357
53.994585,551,527.735575,synthetic_track_0,0.3595819553507614,58.994584505633064
49.765711,443,528.477317,synthetic_track_0,0.333806254133484,54.76571050061996
50.134282,454,529.22533,synthetic_track_0,0.33605276206915785,55.134282394402575
41.597223,381,529.866221,synthetic_track_0,0.28401794158988136,46.597222710732815
48.063495,430,530.999652,synthetic_track_0,0.3234309653998213,53.06349536201175
49.162071,437,531.763341,synthetic_track_0,0.33012696954597953,54.16207101791546
37.22999,360,532.438785,synthetic_track_0,0.2573989184839251,42.22998963712132
44.757315,411,533.157265,synthetic_track_0,0.30327923649676886,49.75731479311736
49.302483,420,533.881159,synthetic_track_0,0.3309828054099416,54.30248318389918
49.935154,449,536.071448,synthetic_track_0,0.33483904148544996,54.93515409979186
47.795799,421,536.779697,synthetic_track_0,0.3217993084954369,52.79579861111109
47.673718,410,537.519492,synthetic_track_0,0.32105520878590105,52.67371836614438
51.809557,450,538.352582,synthetic_track_0,0.3462638427319738,56.809556840442866
17.838576,237,538.772287,synthetic_track_0,0.1392049806250637,22.83857649386061
50.890621,470,541.18022,synthetic_track_0,0.3406627748833111,55.89062121087995
37.897842,364,541.920928,synthetic_track_0,0.26146959411031995,42.89784244136484
38.96153,367,542.587281,synthetic_track_0,0.2679529492275447,43.96152996976165
47.281758,407,543.321556,synthetic_track_0,0.3186661441446608,52.28175799724994
46.662863,448,544.14048,synthetic_track_0,0.3148938724156639,51.66286263839515
36.021728,347,544.723199,synthetic_track_0,0.2500343588606936,41.02172785263969
42.012495,392,545.84698,synthetic_track_0,0.2865490986706998,47.01249538523538
47.854172,467,546.637118,synthetic_track_0,0.3221551027126152,52.854171762765674
47.295734,413,547.327783,synthetic_track_0,0.3187513292166497,52.295733831835875
28.932409,313,548.00958,synthetic_track_0,0.20682376435282127,33.93240918327916
47.095799,413,548.824347,synthetic_track_0,0.31753269015605784,52.095798590447515
46.060405,418,550.998685,synthetic_track_0,0.31122179192301525,51.06040509092525
47.019138,421,551.742332,synthetic_track_0,0.31706543096391354,52.01913800866136
34.37877,343,552.384398,synthetic_track_0,0.24002025245740305,39.37876986304581
42.30015,385,553.090999,synthetic_track_0,0.28830240237974813,47.30015004167273
43.537494,473,554.052134,synthetic_track_0,0.29584422506533437,48.537494377589994
47.189849,420,556.370929,synthetic_track_0,0.3181059444236305,52.18984918678108
51.670998,453,557.085231,synthetic_track_0,0.34541930130130555,56.67099768846466
45.58425,478,557.921177,synthetic_track_0,0.30831954890485314,50.584250438437664
42.922866,386,558.633127,synthetic_track_0,0.2920979624691108,47.92286619053979
47.174942,411,560.126195,synthetic_track_0,0.3180150817308338,52.1749418569531
49.498889,471,560.901253,synthetic_track_0,0.33217993135012847,54.49888888888887
47.533123,411,561.697053,synthetic_track_0,0.32019825563951776,52.533122893931754
44.124169,430,562.517827,synthetic_track_0,0.29942010300479205,49.124168514436995
47.395799,413,563.215652,synthetic_track_0,0.31936124089567075,52.395798603033526
29.961774,316,564.37797,synthetic_track_0,0.21309791941910927,34.961774438547636
46.429871,406,565.066125,synthetic_track_0,0.3134737519136948,51.42987147264025
50.95747,456,565.953427,synthetic_track_0,0.3410702317124505,55.9574703560647
11.262304,203,566.312689,synthetic_track_0,0.09912148946822921,16.262304044299103
46.948273,408,567.073837,synthetic_track_0,0.3166334970307392,51.948273042991296
53.098339,460,567.872347,synthetic_track_0,0.3541191888733141,58.09833920246168
41.755838,379,569.749822,synthetic_track_0,0.2849847305077783,46.755838318850145
47.195799,408,570.413278,synthetic_track_0,0.3181422071594762,52.19579860944376
46.845356,409,571.102497,synthetic_track_0,0.3160062015615134,51.84535621132453
32.879359,342,571.712345,synthetic_track_0,0.23088109113516392,37.87935918096775
47.803881,419,572.418322,synthetic_track_0,0.3218485740800579,52.80388133787725
29.294143,308,574.496167,synthetic_track_0,0.20902859605256988,34.29414349195613
50.058164,449,575.283423,synthetic_track_0,0.33558880538236285,55.05816363605336
48.158507,414,576.015007,synthetic_track_0,0.3240100766092233,53.15850687377657
49.979758,481,576.870467,synthetic_track_0,0.33511090884687145,54.979757845305336
48.99988,433,577.61586,synthetic_track_0,0.32913838859410216,53.99988011362134
47.557532,418,579.795227,synthetic_track_0,0.32034703385673546,52.55753209739049
47.128102,428,580.518719,synthetic_track_0,0.31772958392054335,52.128101840526455
46.895799,408,581.201428,synthetic_track_0,0.316313656632406,51.89579863172843
30.425687,313,581.743386,synthetic_track_0,0.21592554714133042,35.42568738002526
16.046302,226,582.10902,synthetic_track_0,0.1282807638194121,21.0463018207052
45.397549,498,584.516382,synthetic_track_0,0.30718157166219956,50.39754892684005
47.870284,413,585.251274,synthetic_track_0,0.3222533103353068,52.87028413383925
47.476586,418,585.951498,synthetic_track_0,0.31985365211415795,52.47658573600361
47.13202,406,586.674055,synthetic_track_0,0.3177534664510522,52.13202011268485
48.011553,416,587.3881,synthetic_track_0,0.3231143678073783,53.01155297963207
52.265167,454,589.484515,synthetic_track_0,0.349040866164452,57.26516742135104
14.136719,213,589.86081,synthetic_track_0,0.11664153353078505,19.136718915820204
47.41043,410,590.557586,synthetic_track_0,0.3194504203441722,52.41042977245817
47.185644,410,591.22767,synthetic_track_0,0.3180803109823022,52.185643652554155
46.876283,413,591.945253,synthetic_track_0,0.3161947070681944,51.876283247228834
47.20586,429,592.651459,synthetic_track_0,0.3182035312507541,52.20585970742516
49.796319,423,594.408954,synthetic_track_0,0.33399281755217214,54.796318909094516
41.349755,405,595.138737,synthetic_track_0,0.28250958436618384,46.34975504342091
47.347548,422,595.896594,synthetic_track_0,0.3190671447619474,52.34754790814869
34.683056,351,596.501541,synthetic_track_0,0.24187492996313517,39.6830563468764
47.548633,416,597.195755,synthetic_track_0,0.32029279017322304,52.548632642
47.563495,428,598.727094,synthetic_track_0,0.3203833808898194,52.56349535022588
11.780769,198,599.131074,synthetic_track_0,0.10228162290602655,16.780769324247185
32.59719,341,599.791166,synthetic_track_0,0.22916122011068676,37.59718963663304
11.444732,195,600.115045,synthetic_track_0,0.10023341767728766,16.444731837789206
48.333509,427,600.919442,synthetic_track_0,0.3250767455149433,53.333509228487735
51.401195,459,601.786091,synthetic_track_0,0.3437748063134804,56.40119466558019
38.782558,376,604.119326,synthetic_track_0,0.26686208628897506,43.78255823645892
62.090125,531,605.060414,synthetic_track_0,0.4089256406776548,67.09012481437068
47.387617,418,605.740328,synthetic_track_0,0.31931137236568186,52.38761695441956
46.995799,418,606.44096,synthetic_track_0,0.31692317327158886,51.995798590966615
52.020408,443,608.105155,synthetic_track_0,0.3475490181880129,57.02040833317671
16.784557,238,608.518699,synthetic_track_0,0.1327805534016897,21.78455693284032
48.131192,437,609.293232,synthetic_track_0,0.3238435885080499,53.13119210948514
48.263495,424,610.238879,synthetic_track_0,0.3246499991570043,53.263495359044974
35.317619,348,610.849675,synthetic_track_0,0.2457426982007597,40.31761927960244
47.453011,424,611.571329,synthetic_track_0,0.3197099578083462,52.45301062123202
43.543717,404,613.784128,synthetic_track_0,0.29588215370523413,48.54371711574038
46.143591,413,614.481296,synthetic_track_0,0.31172882405254726,51.143590994354604
32.464284,337,615.056377,synthetic_track_0,0.22835113772679425,37.46428398621892
46.90644,431,615.788759,synthetic_track_0,0.3163785201825543,51.9064404287753
52.866264,465,616.608747,synthetic_track_0,0.35270465040574367,57.8662638496255
37.420115,376,618.143277,synthetic_track_0,0.2585577651378542,42.420115075389226
47.963495,434,618.89423,synthetic_track_0,0.3228214485139013,52.9634953622928
47.293633,443,619.683362,synthetic_track_0,0.3187385265131759,52.293633364443814
47.187237,430,620.410326,synthetic_track_0,0.3180900229444846,52.18723703944457
32.907579,336,621.037497,synthetic_track_0,0.2310530983822313,37.90757944041541
51.4239,489,622.788807,synthetic_track_0,0.3439131961296111,56.42389950263042
0.883955,114,622.970709,synthetic_track_0,0.03586369878386509,5.883954901255917
47.462952,435,623.67636,synthetic_track_0,0.31977055088464856,52.46295178570699
51.644655,459,624.448965,synthetic_track_0,0.345258739958042,56.644655293935266
34.955415,356,625.022886,synthetic_track_0,0.24353499991619632,39.95541466651342
53.601119,471,626.45788,synthetic_track_0,0.3571837156315665,58.601118833417125
47.303512,422,627.191352,synthetic_track_0,0.3187987400137329,52.30351225406586
47.531504,429,627.909134,synthetic_track_0,0.32018838919675646,52.53150416228355
45.692708,420,628.625086,synthetic_track_0,0.30898061804097937,50.692708325255765
51.282749,459,629.42349,synthetic_track_0,0.3430528579624072,56.282748669132616
48.454757,428,631.2587,synthetic_track_0,0.3258157692385126,53.45475668504947
45.761956,402,632.016547,synthetic_track_0,0.3094026927942775,50.761955750858235
41.870164,381,632.827441,synthetic_track_0,0.28568156755483465,46.87016444519628
34.136558,347,633.392329,synthetic_track_0,0.2385439309326894,39.13655811228583
39.57904,372,634.035518,synthetic_track_0,0.27171677864617866,44.57904024634321
47.228102,429,635.532561,synthetic_track_0,0.3183391008772064,52.22810185185183
50.113097,435,636.301307,synthetic_track_0,0.3359236332113053,55.11309695057443
51.167206,440,637.007438,synthetic_track_0,0.3423486065864881,56.16720611564341
46.706837,421,637.702295,synthetic_track_0,0.31516190567917857,51.706837345077275
38.18714,364,638.297431,synthetic_track_0,0.26323291111110225,43.187139922133575
44.625012,415,640.350018,synthetic_track_0,0.302472826159484,49.6250115946914
46.520128,408,641.010453,synthetic_track_0,0.314023879620358,51.52012782448631
47.043134,412,641.696655,synthetic_track_0,0.31721169222434425,52.043134269207755
47.578639,419,642.396268,synthetic_track_0,0.32047568095964646,52.578638502400956
53.260516,443,643.209035,synthetic_track_0,0.3551076840026209,58.260516026330414
52.463573,453,644.576927,synthetic_track_0,0.35025017958525645,57.46357265758669
50.914032,448,645.426695,synthetic_track_0,0.34080546990311195,55.91403237842856
49.271127,447,646.196271,synthetic_track_0,0.33079168691955785,54.27112745048776
53.432976,450,647.137728,synthetic_track_0,0.3561588581426047,58.43297624216888
48.927124,441,648.743219,synthetic_track_0,0.3286949290829706,53.92712421134376
46.951228,416,649.484323,synthetic_track_0,0.31665150633629263,51.95122772823774
34.106165,339,650.043128,synthetic_track_0,0.2383586794303387,39.10616494252968
48.414481,449,650.789947,synthetic_track_0,0.32557027958886536,53.41448058201966
47.795799,424,651.489794,synthetic_track_0,0.3217993084954369,52.79579861111109
53.259134,456,653.019292,synthetic_track_0,0.35509925845105955,58.2591336935793
47.127992,415,653.754322,synthetic_track_0,0.3177289154546725,52.12799216909907
52.097137,455,654.562502,synthetic_track_0,0.3480166920983489,57.09713695543887
54.900543,466,655.375104,synthetic_track_0,0.36510392356787746,59.90054270452071
47.914656,429,656.144492,synthetic_track_0,0.32252376171374547,52.91465556700642
50.454338,437,658.432852,synthetic_track_0,0.33800355343476685,55.45433773744396
33.865917,339,659.038939,synthetic_track_0,0.23689432700140478,38.86591689384631
47.128102,418,659.834624,synthetic_track_0,0.31772958392054335,52.128101840526455
27.607101,303,660.380164,synthetic_track_0,0.19874578635842371,32.60710086807112
30.013325,316,660.935192,synthetic_track_0,0.21341212597118403,35.01332453641202
51.689054,460,661.757519,synthetic_track_0,0.34552936014544366,56.68905442263744
45.960405,414,663.685307,synthetic_track_0,0.31061227491959686,50.960405071929
36.341846,359,664.299777,synthetic_track_0,0.25198553154556896,41.34184575658367
48.71325,436,665.081322,synthetic_track_0,0.3273913321916738,53.713250417566016
33.375663,333,665.662129,synthetic_track_0,0.23390614651884534,38.37566296599147
46.825401,411,666.363258,synthetic_track_0,0.3158845712730549,51.825401015508575
42.677311,404,667.745364,synthetic_track_0,0.29060126123443764,47.67731085564408
33.407949,346,668.380091,synthetic_track_0,0.23410293652003042,38.40794919221061
52.896996,475,669.395319,synthetic_track_0,0.3528919693155447,57.89699620726836
42.766016,399,670.101236,synthetic_track_0,0.2911419344927592,47.76601606944402
47.992794,435,670.85993,synthetic_track_0,0.3230000284844668,52.99279397143535
45.521783,417,672.62543,synthetic_track_0,0.3079388003063871,50.52178316210925
52.148338,457,673.429587,synthetic_track_0,0.3483287698510895,57.14833779319621
1.177162,117,673.611375,synthetic_track_0,0.037650846264652135,6.1771621145502404
48.363495,431,674.374156,synthetic_track_0,0.32525951611366744,53.36349537037035
49.919898,439,675.085388,synthetic_track_0,0.33474605261944185,54.919897940709994
51.136196,443,677.383384,synthetic_track_0,0.34215959449873967,56.13619596783891
40.779493,381,678.042334,synthetic_track_0,0.27903374250778434,45.77949326250496
41.501235,407,678.750325,synthetic_track_0,0.2834328817764922,46.5012352450432
51.392365,460,679.512294,synthetic_track_0,0.3437209853223268,56.39236455894236
50.524795,454,680.279138,synthetic_track_0,0.33843300155775713,55.52479487024925
49.911884,438,681.735297,synthetic_track_0,0.3346972074028963,54.91188418136443
41.483633,390,682.429016,synthetic_track_0,0.28332559447509253,46.48363322226475
48.210325,425,683.143383,synthetic_track_0,0.32432591881208495,53.21032532364564
45.51047,412,683.857051,synthetic_track_0,0.30786984724272337,50.51047042163188
41.799422,380,684.498105,synthetic_track_0,0.28525038013251297,46.79942195535386
47.942488,413,686.757819,synthetic_track_0,0.3226934034696147,52.94248773364712
41.351292,383,687.409981,synthetic_track_0,0.2825189547377114,46.35129238745808
49.210998,443,688.226163,synthetic_track_0,0.33042518868301074,54.21099815071227
42.830712,388,688.891099,synthetic_track_0,0.2915362681860954,47.83071217571066
47.94828,452,689.666408,synthetic_track_0,0.3227287067018369,52.94827973595887
47.670686,410,691.087338,synthetic_track_0,0.3210367270883231,52.67068617820128
38.189792,366,691.707498,synthetic_track_0,0.2632490766964923,43.18979211860557
38.295792,371,692.344075,synthetic_track_0,0.26389516101332017,43.29579153058854
33.940479,348,692.984138,synthetic_track_0,0.23734879430838432,38.94047878313939
47.814659,432,693.783086,synthetic_track_0,0.32191426358404185,52.81465864451416
40.291817,380,695.978101,synthetic_track_0,0.2760612755511892,45.29181736428033
40.934072,387,696.656325,synthetic_track_0,0.2799759249245463,45.93407182068418
50.568459,469,697.502396,synthetic_track_0,0.33869914292453224,55.568459184097655
45.588576,464,698.297193,synthetic_track_0,0.3083459124192617,50.58857575163956
11.211003,194,698.636183,synthetic_track_0,0.0988088020729263,16.211003185923023
47.795799,473,701.107101,synthetic_track_0,0.3217993084954369,52.79579861111109
36.701182,360,701.747177,synthetic_track_0,0.2541757455301582,41.70118181913227
47.706153,420,702.547503,synthetic_track_0,0.3212529033150427,52.70615299316667
36.333415,355,703.208596,synthetic_track_0,0.2519341456289792,41.333415158903385
49.021159,443,704.036221,synthetic_track_0,0.32926808811421493,54.02115918278977
47.170625,430,706.274392,synthetic_track_0,0.3179887689002549,52.17062485916144
46.097902,432,707.063555,synthetic_track_0,0.3114503397834275,51.09790165009358
33.191932,336,707.612549,synthetic_track_0,0.2327862739302797,38.19193178293688
45.192708,410,708.302802,synthetic_track_0,0.3059330337777145,50.192708353950664
46.452386,412,708.994006,synthetic_track_0,0.31361097944439226,51.45238562007107
35.407429,352,709.635149,synthetic_track_0,0.24629010265525686,40.407428842816174
54.956639,504,712.065992,synthetic_track_0,0.36544583978542233,59.95663897100361
46.895799,419,712.774162,synthetic_track_0,0.316313656632406,51.89579863172843
35.568421,360,713.380256,synthetic_track_0,0.2472713771489579,40.5684210177027
48.65059,434,714.132392,synthetic_track_0,0.3270094083160262,53.65059032013529
41.638796,409,714.776609,synthetic_track_0,0.28427133597906606,46.63879569982073
47.095799,420,716.553562,synthetic_track_0,0.31753269015605784,52.095798590447515
47.128102,419,717.230044,synthetic_track_0,0.31772958392054335,52.12810184052646
47.790318,436,718.032375,synthetic_track_0,0.3217659015493262,52.790317721772574
45.592708,416,718.732348,synthetic_track_0,0.30837110112331384,50.592708320328505
68.200579,555,720.533041,synthetic_track_0,0.4461698890340049,73.20057870203635
47.4353,422,721.294159,synthetic_track_0,0.31960200566664076,52.435299521852194
46.164343,417,722.073411,synthetic_track_0,0.3118553089592367,51.164342660018974
47.920037,434,722.838968,synthetic_track_0,0.32255656472069916,52.92003737145175
43.199116,401,723.513346,synthetic_track_0,0.2937817527731801,48.199116174458716
45.04213,398,725.715452,synthetic_track_0,0.30501523227255684,50.042129834506866
48.124284,434,726.434089,synthetic_track_0,0.3238014834267427,53.124284166135
41.026889,381,727.123139,synthetic_track_0,0.2805416617781806,46.0268890772874
46.071785,413,727.819143,synthetic_track_0,0.3112911527428271,51.07178472965539
51.682501,465,728.616686,synthetic_track_0,0.34548941517387877,56.68250087631652
33.156462,333,730.743435,synthetic_track_0,0.23257008111341834,38.15646224612045
47.673515,440,731.551145,synthetic_track_0,0.32105396775919337,52.67351475788793
47.16084,421,732.493543,synthetic_track_0,0.3179291258652069,52.160839562599826
42.202595,397,733.157393,synthetic_track_0,0.2877077872929142,47.20259489613065
46.554794,415,733.889063,synthetic_track_0,0.31423517728459227,51.55479424120444
45.949185,418,734.859164,synthetic_track_0,0.31054388869620553,50.94918532973992
47.659211,413,735.518643,synthetic_track_0,0.3209667814564039,52.659210592645174
47.73958,425,736.245495,synthetic_track_0,0.32145664464984086,52.7395796855081
48.263495,427,736.981739,synthetic_track_0,0.3246499991570044,53.26349535904498
31.545592,338,737.547746,synthetic_track_0,0.22275155454025394,36.545591936801614
44.071071,393,739.726284,synthetic_track_0,0.2990964658590462,49.07107119222782
44.857315,399,740.408732,synthetic_track_0,0.30388875344762134,49.85731480348942
33.992399,336,740.952273,synthetic_track_0,0.23766525426882204,38.99239858501176
33.180881,347,741.544445,synthetic_track_0,0.2327189150185173,38.180880585975956
40.81325,384,742.174259,synthetic_track_0,0.279239497472077,45.81325031968703
51.701883,445,744.416664,synthetic_track_0,0.3456075545956896,56.701883345319075
47.963495,426,745.135228,synthetic_track_0,0.3228214485139013,52.9634953622928
45.919796,410,745.811266,synthetic_track_0,0.3103647576560092,50.91979630970932
47.998118,424,746.553427,synthetic_track_0,0.3230324802645678,52.99811815207078
41.051825,382,747.255269,synthetic_track_0,0.2806936510501603,46.05182510040071
46.472147,407,748.881707,synthetic_track_0,0.31373142855140806,51.472147026105866
52.238012,457,749.734014,synthetic_track_0,0.34887534636254475,57.23801152046205
41.71263,378,750.404615,synthetic_track_0,0.284721367091726,46.71262976771796
50.134282,453,751.174591,synthetic_track_0,0.33605276206915785,55.134282394402575
30.968457,316,751.769638,synthetic_track_0,0.21923381767464611,35.968456678208774
46.428102,408,752.495289,synthetic_track_0,0.31346296565335835,51.42810183170736
45.539643,414,754.79427,synthetic_track_0,0.30804765971141435,50.53964311106817
50.32364,440,755.597729,synthetic_track_0,0.3372069279716119,55.32363988816064
46.881814,415,756.351271,synthetic_track_0,0.3162284194874114,51.88181425381799
43.949965,408,757.074299,synthetic_track_0,0.298358300401362,48.949964546511936
33.732144,338,757.677474,synthetic_track_0,0.23607895719923305,38.7321437665195
47.195799,413,759.435382,synthetic_track_0,0.3181422071594762,52.19579860944376
28.896899,317,760.022561,synthetic_track_0,0.206607326452988,33.896899437081025
44.657315,409,760.808699,synthetic_track_0,0.3026697196904383,49.6573148064562
48.163495,433,761.603354,synthetic_track_0,0.32404048220615184,53.16349534867291
30.591681,316,762.188951,synthetic_track_0,0.21693730549721624,35.591680870347545
45.392708,407,764.392386,synthetic_track_0,0.3071520673013664,50.39270831266975
46.457165,409,765.097414,synthetic_track_0,0.31364010948126897,51.457164821019845
33.895122,335,765.727558,synthetic_track_0,0.23707233549148032,38.895121743406236
47.495799,418,766.439636,synthetic_track_0,0.3199707577815908,52.49579860275249
34.984856,344,767.001681,synthetic_track_0,0.24371444853672966,39.984855790159756
47.31799,429,768.93037,synthetic_track_0,0.3188869838443063,52.317989921930995
47.788664,434,769.607615,synthetic_track_0,0.3217558231438532,52.788664214597055
29.257582,317,770.196533,synthetic_track_0,0.2088057460006688,34.25758174011255
36.976311,354,770.767418,synthetic_track_0,0.2558527048022537,41.97631107414074
47.294234,423,771.458777,synthetic_track_0,0.31874218660755416,52.294233855497055
34.022703,335,771.98491,synthetic_track_0,0.237849965680674,39.02270314516419
52.294247,448,774.206966,synthetic_track_0,0.34921811212421405,57.29424716686069
50.308027,447,774.958175,synthetic_track_0,0.33711176333807735,55.30802676316518
44.618499,397,775.634348,synthetic_track_0,0.3024331325035037,49.618499280301805
40.577935,388,776.307179,synthetic_track_0,0.27780521125115115,45.57793506427291
45.125012,402,777.048682,synthetic_track_0,0.3055204104227488,50.1250115659965
33.896455,347,778.509749,synthetic_track_0,0.23708046388374088,38.896455322905915
41.516315,383,779.20146,synthetic_track_0,0.2835247978432763,46.51631539600358
46.260405,400,779.836224,synthetic_track_0,0.31244082565920983,51.26040508451502
44.306957,405,780.543183,synthetic_track_0,0.30053422959236903,49.30695698349871
52.820835,465,781.333029,synthetic_track_0,0.3524277559937802,57.820835344266314
51.70045,456,783.571969,synthetic_track_0,0.34559882067338865,56.700450419918944
49.663664,438,784.301353,synthetic_track_0,0.33318426314503785,54.663663945214154
44.479946,403,784.976224,synthetic_track_0,0.3015886241946501,49.47994556243303
51.729564,438,785.729284,synthetic_track_0,0.3457762758508485,56.72956449059696
39.430591,368,786.31822,synthetic_track_0,0.2708119555103722,44.430591014801784
59.742776,508,788.854625,synthetic_track_0,0.3946181535072583,64.74277604345181
51.882458,445,789.61558,synthetic_track_0,0.346708189637899,56.88245833258212
29.595205,310,790.117683,synthetic_track_0,0.21086361567908174,34.59520481835152
47.252694,408,790.831266,synthetic_track_0,0.31848899306171397,52.25269381764455
32.847548,332,791.363463,synthetic_track_0,0.2306871953969137,37.847547800153805
45.490888,399,792.902253,synthetic_track_0,0.3077504914442448,50.49088838856598
46.712266,413,793.624199,synthetic_track_0,0.3151949959328073,51.712266276465414
52.172428,453,794.371669,synthetic_track_0,0.3484756049340117,57.17242819756424
43.889618,398,795.089419,synthetic_track_0,0.2979904782686223,48.88961804255072
31.346724,325,795.626768,synthetic_track_0,0.22153942085246692,36.34672399525955
44.925012,416,797.82756,synthetic_track_0,0.3043013766865542,49.92501157240673
28.051893,300,798.349817,synthetic_track_0,0.20145686991508283,33.05189306524671
51.201979,432,799.324597,synthetic_track_0,0.34256055420482,56.20197916666665
35.912655,374,799.977741,synthetic_track_0,0.24936954316797363,40.91265528940003
51.964078,445,800.744221,synthetic_track_0,0.347205678237747,56.964078482891644
54.727012,449,802.192138,synthetic_track_0,0.3640462231020965,59.727011751196606
35.281722,347,802.769917,synthetic_track_0,0.24552389567302824,40.28172158223409
46.476505,409,803.43135,synthetic_track_0,0.313757992823074,51.47650527641934
50.237709,462,804.235667,synthetic_track_0,0.3366831634213521,55.23770879078059
50.47752,441,804.941627,synthetic_track_0,0.33814485599572075,55.477520452118625
48.763548,429,806.164521,synthetic_track_0,0.32769790440080443,53.76354799181718
45.218842,408,806.925494,synthetic_track_0,0.3060923257253771,50.21884248589919
47.731499,417,807.637972,synthetic_track_0,0.32140738890013365,52.7314985723008
47.664733,427,808.354383,synthetic_track_0,0.32100043997485556,52.6647327560396
34.30896,347,808.949491,synthetic_track_0,0.23959474737158024,39.30895964212228
46.97078,418,810.806551,synthetic_track_0,0.3167706792834801,51.97077976192302
45.125012,412,811.537269,synthetic_track_0,0.3055204104227488,50.1250115659965
43.601016,413,812.361443,synthetic_track_0,0.2962313982210314,48.601015694809035
54.208027,483,813.261125,synthetic_track_0,0.36088292064529187,59.208026548163275
42.24454,406,813.973142,synthetic_track_0,0.28796345037879134,47.2445400974966
46.905303,429,815.091466,synthetic_track_0,0.316371589498412,51.90530335049529
46.301078,403,815.826618,synthetic_track_0,0.3126887345878953,51.30107810501954
66.857117,532,816.726471,synthetic_track_0,0.4379812630258748,71.85711699092123
44.950586,425,817.438669,synthetic_track_0,0.3044572544197875,49.95058555343925
32.98767,336,817.990617,synthetic_track_0,0.2315412634056356,37.9876699240934
38.01265,364,819.729833,synthetic_track_0,0.26216936826436993,43.012650442299396
32.018629,332,820.319017,synthetic_track_0,0.2256347925802358,37.01862854964734
46.660405,417,821.091624,synthetic_track_0,0.31487889325897594,51.660405092592576
47.204855,413,821.814138,synthetic_track_0,0.31819740803731356,52.204855106311584
40.646953,382,822.505755,synthetic_track_0,0.27822588728402325,45.646953009699445
46.149223,404,824.071769,synthetic_track_0,0.3117631506087024,51.14922275892941
50.685189,475,824.969624,synthetic_track_0,0.3394106283624785,55.68518858936634
34.800923,341,825.591801,synthetic_track_0,0.24259334629651694,39.80092286509079
46.599501,416,826.300267,synthetic_track_0,0.3145076696419861,51.599500526284096
52.101272,459,827.159726,synthetic_track_0,0.34804189738797947,57.10127224523017
40.106528,378,829.25453,synthetic_track_0,0.27493190670935136,45.106528184480304
53.008622,480,830.094269,synthetic_track_0,0.3535723475490589,58.008622028852464
40.503044,379,830.702637,synthetic_track_0,0.277348735106193,45.5030435962562
39.58867,372,831.333416,synthetic_track_0,0.27177547496574955,44.58867022063299
44.925012,410,832.076476,synthetic_track_0,0.3043013766865542,49.92501157240673
46.084962,414,834.115006,synthetic_track_0,0.3113714704660188,51.08496200576067
47.478284,414,834.835255,synthetic_track_0,0.31986400096729417,52.478283614002756
45.125012,415,835.541591,synthetic_track_0,0.3055204104227488,50.1250115659965
49.669775,428,836.308165,synthetic_track_0,0.33322151127779653,54.66977503639381
51.737731,461,837.103446,synthetic_track_0,0.34582605136819405,56.73773087915082
55.062376,465,839.23909,synthetic_track_0,0.3660903237547065,60.062375822986
35.456728,351,839.848894,synthetic_track_0,0.24659059084374935,40.45672824609594
43.155524,385,840.501507,synthetic_track_0,0.29351605227987043,48.15552419223465
45.402952,402,841.26914,synthetic_track_0,0.3072145071393176,50.40295246491853
47.01534,413,842.16748,synthetic_track_0,0.31704228256550054,52.01534018141774
54.757118,452,844.07708,synthetic_track_0,0.3642297273117517,59.75711825248943
41.809708,394,844.743546,synthetic_track_0,0.28531307396571337,46.80970777917145
50.066586,472,845.588117,synthetic_track_0,0.335640138968359,55.066585648148134
52.179929,448,846.429713,synthetic_track_0,0.34852132146051773,57.17992865037098
47.42334,440,847.872432,synthetic_track_0,0.3195291099187277,52.42333992739434
54.643114,483,848.705217,synthetic_track_0,0.36353485442884487,59.64311437548361
47.436601,424,849.389699,synthetic_track_0,0.3196099371819845,52.4366008008659
39.806033,378,850.07466,synthetic_track_0,0.273100338444751,44.806033103578926
54.417759,453,850.909146,synthetic_track_0,0.3621612752362276,59.4177589800078
39.70235,384,852.043645,synthetic_track_0,0.27246837454726297,44.70235034920239
51.87509,443,852.902581,synthetic_track_0,0.3466632776322692,56.875089872980574
44.105373,395,853.568978,synthetic_track_0,0.2993055393252941,49.105372697319794
31.576231,327,854.117112,synthetic_track_0,0.22293830452082514,36.576230953432706
34.437971,348,854.829889,synthetic_track_0,0.24038109206727484,39.4379707838395
43.066445,403,855.527239,synthetic_track_0,0.29297310164378326,48.06644534190195
47.021103,423,857.714685,synthetic_track_0,0.317077410785225,52.021103470415504
42.454889,426,858.386291,synthetic_track_0,0.2892455614091762,47.454888827187055
40.052102,394,859.022664,synthetic_track_0,0.2746001682166844,45.05210171994784
42.1394,397,859.716477,synthetic_track_0,0.28732260146766964,47.13939962901666
48.363495,434,861.883735,synthetic_track_0,0.32525951611366744,53.36349537037035
47.750946,431,862.60159,synthetic_track_0,0.32152592210525743,52.75094564711182
40.602438,378,863.215343,synthetic_track_0,0.27795456375553235,45.602438487789385
33.279944,344,863.775186,synthetic_track_0,0.233322725524236,38.27994437206128
47.702346,416,864.526647,synthetic_track_0,0.3212297007482401,52.7023462788207
47.924275,433,865.257188,synthetic_track_0,0.3225823960601867,52.92427537371414
45.225012,415,867.51757,synthetic_track_0,0.3061299273086688,50.225011565715455
42.957213,412,868.179018,synthetic_track_0,0.29230731171671526,47.9572129415244
39.588803,363,868.830486,synthetic_track_0,0.27177628461562997,44.588803055324995
46.828102,413,869.493256,synthetic_track_0,0.3159010332774403,51.82810184377427
47.663495,421,870.167399,synthetic_track_0,0.3209928977742884,52.66349534970678
45.003123,407,871.776103,synthetic_track_0,0.30477747839566,50.00312289610683
31.152866,330,872.3316,synthetic_track_0,0.2203578234416268,36.15286596854782
59.850807,517,873.204322,synthetic_track_0,0.3952766218265902,64.85080722891887
35.552246,353,873.782292,synthetic_track_0,0.24717278743011495,40.55224595826738
40.4355,376,874.387686,synthetic_track_0,0.27693704584044854,45.435500059055244
53.720331,469,876.65906,synthetic_track_0,0.35791033426111174,58.72033105612797
41.957853,387,877.321416,synthetic_track_0,0.2862160433547086,46.95785287692285
36.799523,369,877.959769,synthetic_track_0,0.254775150311539,41.79952278285988
53.992279,484,878.749047,synthetic_track_0,0.35956790485495166,58.99227931998607
41.458709,389,879.383442,synthetic_track_0,0.2831736769547851,46.458708971043855
41.129062,404,881.021479,synthetic_track_0,0.2811644246898688,46.129062277788314
56.907739,481,881.856108,synthetic_track_0,0.3773381210072742,61.9077385160932
40.151012,385,882.570029,synthetic_track_0,0.27520304585465244,45.15101245567975
41.399997,385,883.174478,synthetic_track_0,0.2828158149995741,46.39999657726577
39.10536,402,883.819898,synthetic_track_0,0.2688296173908383,44.1053599736682
33.101587,348,885.537278,synthetic_track_0,0.23223560546951166,38.101586712612985
41.957698,388,886.187674,synthetic_track_0,0.2862151015698541,46.95769836359047
38.234625,366,886.856492,synthetic_track_0,0.26352233872261954,43.234624678895806
53.369707,451,887.689013,synthetic_track_0,0.35577322179324344,58.3697070601026
52.498464,452,888.423187,synthetic_track_0,0.35046284584030657,57.498463611285445
41.563215,391,890.67325,synthetic_track_0,0.28381065773390823,46.56321481691086
32.657229,350,891.256667,synthetic_track_0,0.22952717012527474,37.65722899272194
47.439385,429,892.080037,synthetic_track_0,0.3196269046370022,52.43938455556769
51.941577,473,892.921662,synthetic_track_0,0.34706853056012515,56.941577436504815
39.619864,379,893.702608,synthetic_track_0,0.2719656093557665,44.619864498244446
53.945701,462,896.088586,synthetic_track_0,0.3592840038781611,58.94570128703065
41.070845,385,896.786241,synthetic_track_0,0.28080957891722186,46.07084473208176
28.257253,309,897.286573,synthetic_track_0,0.2027085720165982,33.25725277338805
34.486375,348,897.933638,synthetic_track_0,0.24067612145539172,39.48637459251207
40.167992,377,898.736604,synthetic_track_0,0.2753065420894938,45.16799249953763
54.171008,481,900.574662,synthetic_track_0,0.360657286125391,59.1710079643506
41.37838,410,901.369768,synthetic_track_0,0.2826840568977149,46.37837976819411
44.001495,419,902.141152,synthetic_track_0,0.29867238937703494,49.00149535427883
36.778683,359,902.736479,synthetic_track_0,0.2546481278598666,41.778682925220224
46.861383,428,903.544671,synthetic_track_0,0.3161038867030595,51.86138286186173
36.291413,352,905.291679,synthetic_track_0,0.2516781337728737,41.29141273677203
34.953535,356,905.972682,synthetic_track_0,0.2435235449883337,39.953535321068685
46.439609,419,906.677654,synthetic_track_0,0.3135331058449715,51.43960933757574
48.234147,434,907.440047,synthetic_track_0,0.3244711160688733,53.234147019112065
42.936992,400,908.171669,synthetic_track_0,0.29218406380604856,47.93699235155104
34.779614,351,909.429788,synthetic_track_0,0.24246346388489132,39.779613789942765
47.924035,443,910.348747,synthetic_track_0,0.32258093087665,52.92403498931029
52.582232,481,911.172267,synthetic_track_0,0.35097342528084524,57.582231502036
49.669202,437,911.94992,synthetic_track_0,0.3332180213831098,54.66920246904456
50.458683,445,912.784806,synthetic_track_0,0.33803003992464814,55.45868322653847
53.970845,491,914.271496,synthetic_track_0,0.3594372602912301,58.9708452028398
53.440463,492,915.169212,synthetic_track_0,0.3562044909600118,58.440462961295616
53.140463,494,915.996351,synthetic_track_0,0.35437594043294157,58.140462983580285
42.392763,413,916.714726,synthetic_track_0,0.2888668967643686,47.39276345338846
55.141511,479,918.116176,synthetic_track_0,0.3665726633270429,60.14151055774445
41.290439,392,918.766619,synthetic_track_0,0.28214804055432086,46.29043858817601
41.97438,403,919.490016,synthetic_track_0,0.2863167761011137,46.974379530810374
45.860405,416,920.183288,synthetic_track_0,0.3100027580351279,50.8604050724481
47.609539,429,920.921202,synthetic_track_0,0.3206640273431794,52.609539431867304
41.599044,382,922.414718,synthetic_track_0,0.28402904524751804,46.59904442525164
51.666755,484,923.257687,synthetic_track_0,0.34539344084813733,56.666754909684784
41.122686,386,923.968813,synthetic_track_0,0.2811255587565859,46.12268576319594
63.440116,501,924.776163,synthetic_track_0,0.41715406683552153,68.44011631170571
38.20446,377,925.40645,synthetic_track_0,0.26333848088858675,43.20446016044468
49.058013,442,926.499038,synthetic_track_0,0.3294927181656594,54.05801296912485
53.027678,454,927.30067,synthetic_track_0,0.35368849400962404,58.02767752393746
50.877068,467,928.145483,synthetic_track_0,0.340580167716975,55.87706831874321
43.589618,404,928.897374,synthetic_track_0,0.29616192756220583,48.589618035411064
54.171364,509,930.946863,synthetic_track_0,0.3606594564039193,59.1713640297152
48.163495,462,931.717053,synthetic_track_0,0.32404048220615184,53.16349534867291
53.043674,455,932.573664,synthetic_track_0,0.353785993408905,58.043673700788204
46.328102,412,933.351165,synthetic_track_0,0.3128534490141755,51.328101872469176
42.46856,383,933.977685,synthetic_track_0,0.289328890640759,47.468560184498656
48.578257,443,935.44675,synthetic_track_0,0.32656852739046255,53.578257471856745
45.831319,412,936.252465,synthetic_track_0,0.309825473760048,50.83131904076023
46.328102,413,936.992335,synthetic_track_0,0.3128534490141755,51.328101872469176
47.678535,435,937.847048,synthetic_track_0,0.32108456869082463,52.67853528024787
46.312509,419,938.597597,synthetic_track_0,0.3127584066814862,51.312508812684
37.301231,362,940.13258,synthetic_track_0,0.2578331436334737,42.301230509746674
36.601296,367,940.728063,synthetic_track_0,0.2535669265456786,41.60129632016868
43.570321,409,941.441655,synthetic_track_0,0.2960443098377765,48.57032115835716
36.578679,359,942.095547,synthetic_track_0,0.25342907044460106,41.578679046738756
48.919998,428,942.940415,synthetic_track_0,0.3286514918636693,53.919997711622
48.055351,435,945.257216,synthetic_track_0,0.3233813271243881,53.05535148996483
14.409596,212,945.596208,synthetic_track_0,0.11830476272420817,19.409595554215258
53.076772,471,946.399432,synthetic_track_0,0.35398773076792983,58.076771612120616
37.185533,367,947.123243,synthetic_track_0,0.25712794543594614,42.185532616573255
38.319472,368,947.744583,synthetic_track_0,0.2640394958794156,43.319471738475144
33.388905,330,948.27524,synthetic_track_0,0.23398685684479864,38.3889046542188
43.278545,407,949.459854,synthetic_track_0,0.2942658841104463,48.278544873989304
39.787384,391,950.073221,synthetic_track_0,0.27298666658896426,44.787383602950946
32.545681,325,950.616813,synthetic_track_0,0.22884726481519438,37.54568076101983
37.666084,361,951.194711,synthetic_track_0,0.2600569846799082,42.66608357478159
35.478539,346,951.828696,synthetic_track_0,0.2467235318248742,40.478539123501015
34.711132,347,952.40984,synthetic_track_0,0.24204605395834403,39.71113169617039
32.705525,346,954.538898,synthetic_track_0,0.22982154266853924,37.705525036562115
40.294896,372,955.166301,synthetic_track_0,0.2760800387484878,45.294895736295814
46.628102,423,955.953573,synthetic_track_0,0.3146819995412457,51.62810185018451
49.609314,457,956.754637,synthetic_track_0,0.3328529882352282,54.60931353810793
48.133683,451,957.559625,synthetic_track_0,0.32385877190355933,53.13368316359988
47.398676,402,959.933413,synthetic_track_0,0.31937877729040787,52.398675700468054
40.261845,386,960.637859,synthetic_track_0,0.27587859024441547,45.26184521576723
43.84247,385,961.324916,synthetic_track_0,0.29770310363886443,48.842470106933405
52.877935,465,962.201255,synthetic_track_0,0.35277579020236927,57.87793535505365
31.259922,318,962.792676,synthetic_track_0,0.22101034512041698,36.25992152222151
43.855326,409,964.270168,synthetic_track_0,0.2977814630807422,48.855326098862044
49.05269,430,965.035375,synthetic_track_0,0.32946027147544327,54.052689623558145
43.89683,399,965.779812,synthetic_track_0,0.2980344373720727,48.896830164863054
49.263884,463,966.638863,synthetic_track_0,0.33074753781290656,54.26388415542128
49.380253,453,967.44714,synthetic_track_0,0.33145682625363737,54.38025311174098
30.120718,309,968.359631,synthetic_track_0,0.2140667059499625,35.120717783762466
29.432099,310,968.886494,synthetic_track_0,0.20986945653489883,34.43209873148925
35.937373,369,969.535677,synthetic_track_0,0.24952020014564805,40.93737273049661
35.92267,362,970.169657,synthetic_track_0,0.2494305817587461,40.92266954692282
49.683287,444,970.914771,synthetic_track_0,0.3333038692489073,54.68328704447461
30.496829,324,971.51082,synthetic_track_0,0.21635916605068176,35.49682879023872
47.899697,434,973.144835,synthetic_track_0,0.3224325875355944,52.89969713353214
40.354677,381,973.79793,synthetic_track_0,0.2764444168208235,45.354677192680185
45.47379,409,974.519637,synthetic_track_0,0.3076462752349329,50.473790222555074
36.033235,353,975.081449,synthetic_track_0,0.25010449713678495,41.03323504423922
33.085408,332,975.644533,synthetic_track_0,0.23213699177397504,38.08540771945669
47.389772,433,977.370517,synthetic_track_0,0.319324509053704,52.38977221677384
45.921179,415,978.063594,synthetic_track_0,0.3103731851957334,50.92117896864712
41.205104,390,978.787513,synthetic_track_0,0.2816279114429315,46.20510393675901
52.57876,450,979.646711,synthetic_track_0,0.35095226471364077,57.578759807053665
30.993066,324,980.158701,synthetic_track_0,0.21938381860330647,35.993066485041666
42.435216,414,982.333554,synthetic_track_0,0.2891256545079522,47.435216377800195
42.106466,400,983.026691,synthetic_track_0,0.2871218661519901,47.10646611728755
48.27877,446,983.792488,synthetic_track_0,0.3247431035467648,53.27877047145769
45.992708,413,984.459188,synthetic_track_0,0.31080916868408237,50.99270832200795
49.272004,450,985.224322,synthetic_track_0,0.33079702954212287,54.272003984456454
27.627585,303,987.278801,synthetic_track_0,0.1988706419172722,32.62758521581961
33.36,330,987.869473,synthetic_track_0,0.2338106763495101,38.35999971345945
47.095799,435,988.635661,synthetic_track_0,0.31753269015605784,52.095798590447515
53.544724,450,989.385556,synthetic_track_0,0.35683997861859823,58.54472383929266
31.698992,325,989.951262,synthetic_track_0,0.22368655589272424,36.69899233824107
49.536308,437,991.608914,synthetic_track_0,0.3324080049299328,54.5363076355113
48.542665,413,992.335372,synthetic_track_0,0.3263515863961846,53.542665185788934
49.352651,436,993.154343,synthetic_track_0,0.3312885860979528,54.35265089774197
41.715666,384,993.806661,synthetic_track_0,0.2847398708872042,46.71566558113898
36.364241,352,994.426617,synthetic_track_0,0.2521220360083974,41.36424127434505
43.344903,422,995.916923,synthetic_track_0,0.2946703496619662,48.3449032571164
38.855863,372,996.602576,synthetic_track_0,0.26730889078733056,43.85586293193514
48.885222,434,997.321687,synthetic_track_0,0.3284395292326702,53.88522219755507
34.977041,352,997.981498,synthetic_track_0,0.24366681334751886,39.977040553178256
37.838836,361,998.664602,synthetic_track_0,0.2611099399925815,42.83883601758302
33.177483,335,999.307694,synthetic_track_0,0.23269820608702801,38.1774829883196
43.253491,409,1001.724624,synthetic_track_0,0.2941131764468801,48.25349098841786
36.269637,351,1002.387865,synthetic_track_0,0.2515454055045482,41.26963675795692
49.491664,427,1003.186706,synthetic_track_0,0.3321358971402029,54.49166444428053
50.772652,453,1003.964937,synthetic_track_0,0.33994373489786067,55.77265237358608
44.616569,401,1004.703529,synthetic_track_0,0.30242136522766794,49.61656868968578
35.313205,356,1005.875426,synthetic_track_0,0.2457157918879415,40.313204912525144
30.746491,322,1006.432597,synthetic_track_0,0.21788090146976788,35.74649134265718
41.823749,391,1007.167521,synthetic_track_0,0.2853986601876955,46.82374942817554
37.74859,380,1007.850441,synthetic_track_0,0.26055987528712743,42.748590001990216
41.621419,398,1008.565832,synthetic_track_0,0.2841654217830408,46.62141895470107
35.003753,354,1010.439895,synthetic_track_0,0.243829631311655,40.003753178773984
42.978927,398,1011.078784,synthetic_track_0,0.29243965968281427,47.978926526296924
39.368414,371,1011.747878,synthetic_track_0,0.2704329744784972,44.36841373316046
37.434814,367,1012.373663,synthetic_track_0,0.25864735930597693,42.434814285524425
46.868995,411,1013.075696,synthetic_track_0,0.31615028659053945,51.86899542985145
51.375432,451,1013.872565,synthetic_track_0,0.34361777805430554,56.37543192424178
47.495799,422,1015.471702,synthetic_track_0,0.3199707577815908,52.49579860275249
42.703852,392,1016.171779,synthetic_track_0,0.29076303673414405,47.70385244997704
33.467048,335,1016.717182,synthetic_track_0,0.2344631546229207,38.467048145857184
25.277772,282,1017.220109,synthetic_track_0,0.18454813541613943,30.277772307968508
47.063482,409,1017.959753,synthetic_track_0,0.31733571659401677,52.06348224843343
50.248372,454,1019.775739,synthetic_track_0,0.3367481552258057,55.24837162978837
32.325338,338,1020.347098,synthetic_track_0,0.22750423823687974,37.32533796075221
34.800219,339,1021.033689,synthetic_track_0,0.24258905751350496,39.80021922863723
33.839667,351,1021.916012,synthetic_track_0,0.236734328351734,38.83966681728287
51.925136,453,1022.734637,synthetic_track_0,0.346968315763769,56.92513575976222
46.792831,419,1024.424689,synthetic_track_0,0.31568605290816115,51.79283122639827
46.160405,401,1025.117993,synthetic_track_0,0.31183130874154436,51.16040507958776
43.973186,401,1025.789973,synthetic_track_0,0.2984998373284524,48.97318571231754
43.821604,399,1026.481732,synthetic_track_0,0.2975759238946542,48.8216044431937
32.793426,336,1027.035802,synthetic_track_0,0.23035731449459063,37.79342609999811
33.5375,331,1027.845712,synthetic_track_0,0.23489257294623292,38.53750038959728
43.338362,396,1029.114364,synthetic_track_0,0.2946304825513524,48.33836248500283
47.350915,407,1029.815028,synthetic_track_0,0.3190876661085894,52.35091472981653
45.702378,411,1030.530358,synthetic_track_0,0.30903955454624066,50.70237770545788
43.040703,409,1031.25968,synthetic_track_0,0.2928161988653418,48.04070318748014
38.442984,367,1031.895298,synthetic_track_0,0.2647923269693655,43.44298449180892
47.228102,409,1033.618886,synthetic_track_0,0.3183391008772064,52.22810185185183
34.590753,344,1034.187722,synthetic_track_0,0.2413123236579704,39.590752701714145
41.547363,376,1034.869648,synthetic_track_0,0.2837140375335964,46.547362885279064
46.660405,429,1035.608728,synthetic_track_0,0.31487889325897594,51.660405092592576
45.960405,405,1036.276264,synthetic_track_0,0.31061227491959686,50.960405071929
26.874335,294,1037.975452,synthetic_track_0,0.1942794545228158,31.87433497983587
49.296081,422,1038.71256,synthetic_track_0,0.33094378036174577,54.29608056421994
32.725431,328,1039.302044,synthetic_track_0,0.2299428718420026,37.72543083013816
51.631493,456,1040.101038,synthetic_track_0,0.34517851184835385,56.63149272021238
32.842782,329,1040.627533,synthetic_track_0,0.23065814795870335,37.84278215070262
34.830375,344,1041.21769,synthetic_track_0,0.24277286142477147,39.83037490028405
40.131436,379,1042.908888,synthetic_track_0,0.27508372670824405,45.13143643591239
46.186913,416,1043.690721,synthetic_track_0,0.3119928818207271,51.186913463926416
39.728285,373,1044.349026,synthetic_track_0,0.2726264523710906,44.72828528669715
43.193528,406,1045.0354,synthetic_track_0,0.2937476905185142,48.19352777233942
52.438651,464,1045.864985,synthetic_track_0,0.3500982757130813,57.43865064553792
46.528102,410,1047.454536,synthetic_track_0,0.31407248253782744,51.528101831188266
36.840148,372,1048.096699,synthetic_track_0,0.2550227658571768,41.840147669661526
42.426483,396,1048.783592,synthetic_track_0,0.2890724204775986,47.42648257051221
31.964513,327,1049.330812,synthetic_track_0,0.22530495181443644,36.96451343446484
52.672766,443,1050.0344,synthetic_track_0,0.3515252494538939,57.672766183559204
51.067352,432,1051.240029,synthetic_track_0,0.34173997620676966,56.06735155999984
40.11655,379,1051.822819,synthetic_track_0,0.27499299312245296,45.11655028794306
51.908456,460,1052.572757,synthetic_track_0,0.346866648725374,56.908455821854375
38.245202,371,1053.20552,synthetic_track_0,0.26358680829371917,43.24520183802096
41.528969,391,1053.882135,synthetic_track_0,0.2836019228969306,46.52896886881445
50.743031,452,1056.132373,synthetic_track_0,0.33976318628604407,55.74303078057038
0.645906,112,1056.311961,synthetic_track_0,0.03441274931301802,5.645905800355421
51.00352,428,1057.034406,synthetic_track_0,0.3413509108359408,56.003519797710254
50.722442,432,1057.770617,synthetic_track_0,0.3396376923369463,55.72244169573221
42.045907,391,1058.48376,synthetic_track_0,0.286752751144632,47.04590749867543
64.817642,503,1059.695479,synthetic_track_0,0.4255503175642839,69.81764184038602
40.91787,377,1060.369848,synthetic_track_0,0.27987716929370104,45.91786954100186
25.681338,287,1060.83352,synthetic_track_0,0.1870079388850157,30.681338397569185
39.94302,379,1061.440857,synthetic_track_0,0.2739352983728474,44.94302027243964
39.281326,367,1062.090579,synthetic_track_0,0.2699021570925897,44.28132551679145
45.125012,398,1062.76564,synthetic_track_0,0.30552041042274874,50.125011565996495
51.648742,448,1064.39992,synthetic_track_0,0.34528365135973116,56.648742367188625
44.715868,459,1065.166694,synthetic_track_0,0.30302661199915726,49.71586811580008
26.590517,318,1065.734435,synthetic_track_0,0.1925495386823016,31.59051743915506
50.924587,430,1066.416402,synthetic_track_0,0.340869804304143,55.92458736096249
24.45949,282,1066.829903,synthetic_track_0,0.179560566061413,29.45948991810806
46.092708,404,1067.79532,synthetic_track_0,0.31141868564074543,51.09270833333332
38.70417,364,1068.391751,synthetic_track_0,0.2663842977659789,43.70417016671214
38.292593,375,1069.021711,synthetic_track_0,0.2638756666591482,43.292593201786254
47.703578,406,1069.721406,synthetic_track_0,0.32123720585552096,52.703577599467124
53.472766,445,1070.41325,synthetic_track_0,0.35640138467774196,58.47276620370368
28.361806,300,1070.946048,synthetic_track_0,0.20334583875445142,33.361805534892
40.537911,386,1073.018498,synthetic_track_0,0.2775612589481767,45.53791118504589
45.572127,415,1073.785365,synthetic_track_0,0.30824565328079007,50.57212679993603
26.824276,319,1074.311316,synthetic_track_0,0.19397433539673112,31.82427580472924
32.900378,331,1074.898754,synthetic_track_0,0.23100920264410207,37.90037771409415
39.226773,365,1075.517707,synthetic_track_0,0.26956964759907254,44.226772558495504
35.626518,362,1077.248792,synthetic_track_0,0.24762549095357286,40.626518473540244
47.217984,439,1078.053588,synthetic_track_0,0.31827742802521614,52.21798353466627
40.308889,371,1078.712298,synthetic_track_0,0.2761653298214867,45.308888961869954
36.53524,348,1079.271418,synthetic_track_0,0.25316430510642696,41.53524049014645
46.493601,408,1079.934774,synthetic_track_0,0.3138621917902746,51.49360061361422
38.880148,375,1080.593771,synthetic_track_0,0.26745691102829267,43.88014777850222
45.292708,393,1082.074281,synthetic_track_0,0.30654255041689743,50.292708313188854
51.234049,440,1082.869088,synthetic_track_0,0.34275602435835756,56.23404885292205
38.533635,361,1083.45707,synthetic_track_0,0.26534485769629007,43.5336350936438
43.184661,392,1084.141293,synthetic_track_0,0.29369364749472016,48.18466123805784
46.763246,408,1084.877383,synthetic_track_0,0.31550572336371574,51.76324557453132
43.680009,408,1086.124183,synthetic_track_0,0.2967128755498334,48.68000896613115
52.652007,430,1086.840049,synthetic_track_0,0.3513987193536609,57.6520071032449
31.726038,328,1087.416904,synthetic_track_0,0.22385140281935495,36.72603784427633
41.582048,380,1088.077775,synthetic_track_0,0.2839254489083603,46.58204795784283
51.148948,442,1088.827262,synthetic_track_0,0.3422373196650599,56.14894789775212
38.180505,355,1090.56053,synthetic_track_0,0.2631924730668875,43.18050548016235
45.255051,396,1091.22526,synthetic_track_0,0.3063130239651056,50.25505120204905
49.691928,407,1092.053644,synthetic_track_0,0.3333565352726576,54.69192766212095
28.007855,308,1092.633558,synthetic_track_0,0.2011884527768937,33.00785537841058
47.668609,419,1093.408349,synthetic_track_0,0.3210240634400704,52.66860852481552
34.581421,344,1094.101433,synthetic_track_0,0.2412554425121255,39.58142053274574
50.617878,448,1095.448766,synthetic_track_0,0.3390003601247578,55.61787819222314
50.534282,430,1096.210515,synthetic_track_0,0.3384908296299264,55.53428239608201
45.960349,411,1096.992625,synthetic_track_0,0.31061193118583136,50.960348677467664
49.372361,444,1097.717249,synthetic_track_0,0.33140872316824926,54.37236110967112
50.234282,461,1099.348979,synthetic_track_0,0.3366622789868234,55.234282399329835
14.740076,222,1099.73017,synthetic_track_0,0.12031909689193454,19.74007600661893
30.72672,338,1100.280221,synthetic_track_0,0.21776038985702326,35.726719681659795
52.691658,444,1101.071051,synthetic_track_0,0.35164040028746957,57.69165833173624
52.116075,435,1101.81626,synthetic_track_0,0.3481321240460381,57.116075224423916
36.417813,351,1102.404615,synthetic_track_0,0.25244856683078043,41.41781334576888
35.874167,345,1104.539632,synthetic_track_0,0.24913494851259643,40.87416666666667
51.602495,464,1105.453597,synthetic_track_0,0.34500176552740713,56.60249494762677
47.417176,417,1106.201576,synthetic_track_0,0.3194915416146573,52.41717630751233
53.140463,438,1106.906309,synthetic_track_0,0.35437594043294157,58.140462983580285
52.171431,454,1107.715549,synthetic_track_0,0.34846952711396434,57.171431043888816
28.778897,307,1108.82871,synthetic_track_0,0.20588808353413723,33.77889730564807
46.928102,421,1109.552359,synthetic_track_0,0.3165105501633603,51.92810184349324
51.763248,469,1110.525565,synthetic_track_0,0.34598158326127615,56.76324812013919
47.304728,407,1111.191468,synthetic_track_0,0.31880615231095644,52.30472834788933
48.114261,416,1111.869719,synthetic_track_0,0.32374039162659635,53.11426117885017
45.492971,409,1114.018772,synthetic_track_0,0.3077631877087999,50.49297139312461
44.064122,382,1114.671402,synthetic_track_0,0.2990541098475027,49.06412208016827
43.961024,395,1115.354634,synthetic_track_0,0.29842571261518996,48.9610244884423
38.684787,374,1115.961411,synthetic_track_0,0.2662661520435502,43.68478666400272
37.566665,364,1116.577363,synthetic_track_0,0.25945101423177463,42.56666541911952
52.041211,441,1118.07673,synthetic_track_0,0.34767581639379835,57.04121140005774
51.946964,442,1118.843677,synthetic_track_0,0.34710136541293446,56.946964465720164
32.344856,353,1119.514891,synthetic_track_0,0.2276232023332276,37.34485572945749
31.571864,324,1120.070894,synthetic_track_0,0.22291168644925527,36.57186387647226
32.618495,328,1120.726412,synthetic_track_0,0.2292910804160853,37.618495084936995
43.419316,384,1123.059718,synthetic_track_0,0.295123907151391,48.41931587777177
53.770872,456,1123.964499,synthetic_track_0,0.35821839025986885,58.77087206737926
27.746158,298,1124.527355,synthetic_track_0,0.19959336564987454,32.74615842474397
36.843985,358,1125.110167,synthetic_track_0,0.2550461573380784,41.84398537807883
54.039283,458,1125.888006,synthetic_track_0,0.35985440198841856,59.03928328973324
44.853279,402,1126.615608,synthetic_track_0,0.30386415531542893,49.85327912659655
51.122038,457,1127.560256,synthetic_track_0,0.3420732979813463,56.1220377846705
54.303369,444,1128.365242,synthetic_track_0,0.36146404809203325,59.30336885262315
44.925012,398,1129.045177,synthetic_track_0,0.3043013766865542,49.92501157240673
29.017463,318,1129.566782,synthetic_track_0,0.20734217879726488,34.01746251895569
68.568275,562,1131.405821,synthetic_track_0,0.44841106276434806,73.56827544281846
32.978834,328,1131.900442,synthetic_track_0,0.23148740814520133,37.978834195087856
51.681807,433,1132.649804,synthetic_track_0,0.34548518783710414,56.681807321000754
42.218311,386,1133.367431,synthetic_track_0,0.2878035789684823,47.218310896378014
67.900579,562,1134.299899,synthetic_track_0,0.4443413385069347,72.90057872432102
53.601674,445,1136.25752,synthetic_track_0,0.35718710234658124,58.6016744726592
52.112481,463,1137.016903,synthetic_track_0,0.348110217165859,57.112481086078674
47.872175,413,1137.785434,synthetic_track_0,0.322264834398195,52.87217482187793
38.573652,371,1138.397593,synthetic_track_0,0.2655887680171854,43.57365208510774
40.895869,375,1139.03576,synthetic_track_0,0.27974307147218014,45.89586886731394
43.558568,400,1140.895272,synthetic_track_0,0.29597267063644594,48.558567718414125
43.89717,397,1141.542331,synthetic_track_0,0.29803651035792483,48.89717026796671
52.369697,454,1142.322339,synthetic_track_0,0.34967799367177393,57.36969734008654
53.364071,453,1143.038884,synthetic_track_0,0.3557388681269657,58.3640708477228
24.612925,294,1143.559046,synthetic_track_0,0.18049577634604705,29.612924597869902
44.957315,401,1145.438823,synthetic_track_0,0.30449827040428445,49.9573148148148
42.960849,381,1146.057186,synthetic_track_0,0.2923294711365624,47.96084851262945
47.312087,414,1146.798127,synthetic_track_0,0.3188510020248704,52.31208658764018
23.977168,276,1147.252716,synthetic_track_0,0.17662073058648492,28.977167683141843
46.953165,418,1147.941755,synthetic_track_0,0.31666331213666343,51.95316463935708
47.97936,408,1148.613458,synthetic_track_0,0.32291814713761036,52.97936016040931
26.604099,296,1149.817806,synthetic_track_0,0.19263232070617842,31.60409901918286
51.967914,444,1150.560579,synthetic_track_0,0.3472290563211232,56.96791399325248
40.091971,366,1151.188869,synthetic_track_0,0.27484317882400244,45.09197110047669
52.17736,427,1152.049958,synthetic_track_0,0.34850566414968814,57.17735984364105
32.947975,325,1152.573438,synthetic_track_0,0.23129931904326548,37.94797547636289
34.911424,348,1154.110658,synthetic_track_0,0.24326686816886878,39.91142380214725
31.778008,318,1154.69168,synthetic_track_0,0.22416816757596553,36.778007652338694
32.481416,326,1155.263563,synthetic_track_0,0.22845556126957306,37.481416168263024
48.313651,413,1156.008632,synthetic_track_0,0.32495570920004485,53.31365148256563
31.273861,314,1156.537533,synthetic_track_0,0.22109531162525906,36.273861497727694
43.920091,396,1157.194581,synthetic_track_0,0.29817621387072946,48.92009063582511
29.116257,312,1159.055478,synthetic_track_0,0.20794434946104823,34.11625726541822
45.544455,398,1159.727653,synthetic_track_0,0.3080769881380318,50.544454860703425
47.284399,409,1160.423019,synthetic_track_0,0.31868224021483316,52.284398788752014
52.8873,437,1161.195827,synthetic_track_0,0.3528328671667632,57.8872996508676
31.811121,321,1161.710791,synthetic_track_0,0.2243699985519522,36.811120922878324
35.345461,338,1162.392482,synthetic_track_0,0.24591239706009552,40.34546081488702
48.751548,415,1164.562624,synthetic_track_0,0.32762475941621677,53.75154750650303
34.90647,354,1165.209786,synthetic_track_0,0.24323667329459983,39.906469899329856
35.569073,346,1165.801407,synthetic_track_0,0.2472753504997643,40.56907290297233
44.028468,393,1166.496778,synthetic_track_0,0.29883678952319137,49.028467559560106
47.432793,421,1167.192703,synthetic_track_0,0.3195867266620156,52.43279278168877
31.615886,323,1168.008672,synthetic_track_0,0.2231800071709912,36.615885744804395
44.925012,398,1168.674676,synthetic_track_0,0.3043013766865542,49.92501157240673
47.148401,408,1169.39872,synthetic_track_0,0.31785331353800805,52.148401461418864
46.828102,428,1170.141796,synthetic_track_0,0.3159010332774403,51.82810184377427
30.438098,314,1170.653585,synthetic_track_0,0.2160011943324607,35.4380983882623
39.116838,364,1172.135475,synthetic_track_0,0.2688995774017547,44.11683791830531
42.194686,376,1172.736429,synthetic_track_0,0.28765957866301006,47.19468557796699
46.560405,400,1173.357449,synthetic_track_0,0.3142693763023129,51.560405081267206
36.779303,358,1174.009781,synthetic_track_0,0.2546519100340528,41.77930344521941
46.139672,399,1174.696238,synthetic_track_0,0.31170493734174337,51.13967203635877
49.883172,426,1175.379953,synthetic_track_0,0.3345222009371099,54.88317185700767
34.018406,330,1176.891267,synthetic_track_0,0.23782377427421925,39.018406068744135
44.710294,401,1177.598893,synthetic_track_0,0.30299263677045357,49.710293991539864
27.864884,301,1178.147205,synthetic_track_0,0.20031701854523798,32.86488407616499
43.885938,390,1178.896615,synthetic_track_0,0.29796804531784316,48.88593759476752
35.295988,334,1179.477249,synthetic_track_0,0.24561085492960558,40.29598849728464
49.466586,404,1181.522485,synthetic_track_0,0.3319830376323983,54.46658564648081
34.83219,341,1182.053579,synthetic_track_0,0.24278392525981587,39.83219008133463
41.261742,370,1182.618733,synthetic_track_0,0.2819731305403378,46.261742088122936
51.914473,439,1183.390534,synthetic_track_0,0.3469033257901045,56.914473221121675
40.611134,369,1183.984739,synthetic_track_0,0.2780075625820047,45.611133706502386
45.420077,398,1184.707649,synthetic_track_0,0.30731888355110937,50.42007691444726
45.270849,404,1186.648954,synthetic_track_0,0.30640931298950536,50.27084879951574
46.528102,411,1187.367602,synthetic_track_0,0.3140724825378274,51.52810183118826
38.544185,369,1188.123342,synthetic_track_0,0.26540915960869466,43.544184745951924
36.152176,344,1188.755639,synthetic_track_0,0.2508294627678354,41.152176068804714
51.688954,438,1189.518087,synthetic_track_0,0.34552874511688214,56.68895351836817
29.412351,304,1190.63168,synthetic_track_0,0.2097490921788895,34.41235123007436
30.401914,315,1191.209968,synthetic_track_0,0.21578064146310483,35.401913522210045
54.506887,444,1192.003766,synthetic_track_0,0.36270452819391585,59.506887430541454
51.006672,439,1192.83752,synthetic_track_0,0.341370121639193,56.00667160591146
54.040463,455,1193.606567,synthetic_track_0,0.3598615922959725,59.04046296296294
33.794569,330,1194.635522,synthetic_track_0,0.23645945256185757,38.794569495870846
51.126041,414,1195.371513,synthetic_track_0,0.3420977008698829,56.126041429037336
46.585727,403,1196.02159,synthetic_track_0,0.31442371891126913,51.58572720311285
43.424921,387,1196.67272,synthetic_track_0,0.29515807192989135,48.42492110039867
52.169586,435,1197.461825,synthetic_track_0,0.3484582805558755,57.16958588449832
33.744711,326,1199.231607,synthetic_track_0,0.23615555632200674,38.74471095281538
42.301829,376,1199.950636,synthetic_track_0,0.28831263697014015,47.30182917322752
31.214819,318,1200.47645,synthetic_track_0,0.22073543941822873,36.2148192932651
68.371966,537,1201.33574,synthetic_track_0,0.4472145251357749,73.371966258799
31.561472,322,1201.93075,synthetic_track_0,0.22284834565993325,36.561471910210585
45.595558,404,1202.597533,synthetic_track_0,0.3083884690503895,50.59555777822345
44.725012,398,1204.706841,synthetic_track_0,0.3030823427986669,49.72501155392959
50.206643,445,1205.431729,synthetic_track_0,0.336493814209548,55.20664333293258
42.125125,370,1206.029884,synthetic_track_0,0.28723559315811603,47.125124666120804
38.689226,362,1206.728859,synthetic_track_0,0.2662932082280904,43.68922561968864
42.556193,389,1207.383054,synthetic_track_0,0.2898630246123726,47.55619253438938
25.348325,286,1208.24271,synthetic_track_0,0.18497816716762913,30.348325193411878
50.318791,434,1209.005528,synthetic_track_0,0.33717737077429183,55.31879060540576
46.560405,404,1209.680515,synthetic_track_0,0.31426937630231283,51.5604050812672
36.389904,350,1210.257463,synthetic_track_0,0.25227845190040166,41.3899035480536
52.287072,459,1211.115617,synthetic_track_0,0.3491743767898666,57.28707175708374
45.225012,437,1212.40161,synthetic_track_0,0.30612992730866884,50.22501156571546
49.098889,416,1213.128944,synthetic_track_0,0.3297418637503623,54.09888888081131
33.060714,327,1213.823634,synthetic_track_0,0.2319864812038491,38.060714298621306
52.07015,436,1214.600627,synthetic_track_0,0.34785220381415155,57.07015028984604
37.382786,354,1215.195505,synthetic_track_0,0.25833023916820974,42.38278617207892
35.024651,343,1216.574634,synthetic_track_0,0.24395700723365282,40.02465102829748
45.591303,400,1217.231393,synthetic_track_0,0.30836253544173353,50.59130299723507
38.408647,359,1217.831177,synthetic_track_0,0.26458303392955773,43.40864696252068
45.960405,395,1218.54271,synthetic_track_0,0.31061227491959686,50.960405071929
39.135671,368,1219.161616,synthetic_track_0,0.2690143689113645,44.135671114224714
46.846926,416,1219.867632,synthetic_track_0,0.3160157721778425,51.846926408397536
43.732095,384,1221.471597,synthetic_track_0,0.29703034839900977,48.732094946949374
45.792708,397,1222.127221,synthetic_track_0,0.30959013492689935,50.79270832497472
39.793534,370,1222.796104,synthetic_track_0,0.2730241523432904,44.79353367936175
50.134282,430,1223.473814,synthetic_track_0,0.33605276206915785,55.13428239440257
40.983582,374,1224.096632,synthetic_track_0,0.28027769622551507,45.98358173699522
43.940127,394,1225.125265,synthetic_track_0,0.2982983392112197,48.94012705203739
45.20602,401,1225.747831,synthetic_track_0,0.3060141681290512,50.20601960963248
40.756342,374,1226.330747,synthetic_track_0,0.2788926338847046,45.7563423661241
33.588832,329,1226.874487,synthetic_track_0,0.2352054456339853,38.58883164786108
45.867415,413,1227.58338,synthetic_track_0,0.31004548383497,50.867414853589366
40.573899,371,1228.749601,synthetic_track_0,0.27778061041773844,45.573898944206036
32.531819,323,1229.281412,synthetic_track_0,0.2287627747772035,37.531818956744154
31.549804,325,1229.839307,synthetic_track_0,0.22277722851255763,36.549804120717205
44.357315,393,1230.465441,synthetic_track_0,0.30084116906832375,49.357314813147475
36.883961,351,1231.027575,synthetic_track_0,0.25528981378911814,41.88396071854658
51.001158,457,1231.796669,synthetic_track_0,0.3413365130617665,56.00115763605953
35.485041,348,1233.012595,synthetic_track_0,0.24676316195932127,40.485041016270706
50.849356,444,1233.72106,synthetic_track_0,0.34041125920613396,55.84935645148109
32.222324,323,1234.314359,synthetic_track_0,0.22687634899309844,37.222323711841135
37.60167,358,1234.8879,synthetic_track_0,0.2596643714051583,42.60166972789467
32.852059,323,1235.420254,synthetic_track_0,0.23071468916293228,37.8520585473663
47.269485,419,1237.335461,synthetic_track_0,0.3185913358357975,52.26948461969779
31.905126,321,1237.854398,synthetic_track_0,0.2249429771891816,36.90512629809516
35.287816,336,1238.420203,synthetic_track_0,0.24556104117422337,40.28781583523164
47.13316,409,1239.153735,synthetic_track_0,0.31776041693565443,52.13316043951472
33.389316,327,1239.722489,synthetic_track_0,0.23398936683323907,38.389316453873796
44.957315,402,1240.39279,synthetic_track_0,0.30449827040428445,49.9573148148148
49.481151,433,1241.746634,synthetic_track_0,0.3320718175088704,54.48115126037493
50.856677,443,1242.537557,synthetic_track_0,0.3404558801682394,55.85667716121216
44.32439,398,1243.269256,synthetic_track_0,0.30064048926494213,49.324390409008174
31.781977,324,1243.862656,synthetic_track_0,0.22419236102931098,36.78197693585427
50.801637,415,1244.602672,synthetic_track_0,0.34012040133414606,55.801637039945604
46.995799,408,1246.448002,synthetic_track_0,0.31692317327158886,51.995798590966615
37.897568,352,1247.064078,synthetic_track_0,0.2614679222165128,42.897568143172116
45.736743,416,1247.774575,synthetic_track_0,0.3092490150357452,50.73674270727398
46.060405,409,1248.487652,synthetic_track_0,0.31122179192301525,51.06040509092525
35.956907,357,1249.062804,synthetic_track_0,0.24963926340302686,40.95690676799329
52.332708,440,1249.958925,synthetic_track_0,0.3494525358158723,57.332707740540386
38.792812,364,1250.589926,synthetic_track_0,0.2669245839993512,43.792811883510254
50.352312,445,1251.386387,synthetic_track_0,0.3373816905028331,55.35231219154831
38.826906,366,1251.998813,synthetic_track_0,0.2671323916895814,43.82690571986599
49.614113,422,1252.737703,synthetic_track_0,0.33288224055527743,54.61411280136754
49.510473,412,1254.178833,synthetic_track_0,0.3322505403782376,54.510473314118386
32.771397,325,1254.828755,synthetic_track_0,0.23022304303099034,37.77139693783302
24.50076,286,1255.408813,synthetic_track_0,0.17981211436417677,29.500760030203008
48.427932,421,1256.141206,synthetic_track_0,0.32565226980996065,53.42793225542836
52.385467,444,1256.916005,synthetic_track_0,0.34977410948956406,57.38546652052112
53.940463,454,1257.745446,synthetic_track_0,0.35925207533930936,58.94046295163756
41.085102,387,1258.729901,synthetic_track_0,0.28089648103349785,46.08510227244515
42.893478,389,1259.499757,synthetic_track_0,0.2919188365104324,47.8934780042052
34.277764,343,1260.080448,synthetic_track_0,0.23940460320144158,39.27776375994139
19.80789,251,1260.550249,synthetic_track_0,0.15120828154120036,24.807890414390375
31.792058,328,1261.131653,synthetic_track_0,0.2242538046466025,36.79205764379496
49.180897,422,1261.943646,synthetic_track_0,0.3302417192742568,54.18089735900715
37.544667,363,1263.481978,synthetic_track_0,0.25931692793545136,42.54466663630581
43.626234,392,1264.144126,synthetic_track_0,0.29638510921711814,48.62623419149149
48.373406,419,1264.85974,synthetic_track_0,0.32531992161678774,53.37340576077067
39.417359,373,1265.472495,synthetic_track_0,0.2707313032128909,44.41735884697876
34.472507,338,1266.048747,synthetic_track_0,0.24059159327445628,39.472506530338485
39.127152,369,1267.339629,synthetic_track_0,0.2689624453826492,44.127152313553424
46.995799,410,1268.001239,synthetic_track_0,0.3169231732715889,51.99579859096662
41.043755,390,1268.775042,synthetic_track_0,0.2806444640198483,46.043755261597234
43.92621,464,1269.536654,synthetic_track_0,0.29821350941108316,48.926209504901664
34.772469,341,1270.086691,synthetic_track_0,0.24241991798247225,39.7724694591945
46.294266,405,1271.17175,synthetic_track_0,0.31264721218022756,51.294265757648986
45.143552,404,1271.864856,synthetic_track_0,0.3056334184339883,50.143552153391596
49.949093,444,1272.626754,synthetic_track_0,0.3349240037999699,54.94909338781551
44.524153,446,1273.423624,synthetic_track_0,0.30185807429141015,49.52415272095926
36.004876,355,1274.047525,synthetic_track_0,0.2499316411617764,41.00487553878239
48.713774,434,1275.214264,synthetic_track_0,0.32739452177696715,53.713773714845885
48.690972,423,1276.001739,synthetic_track_0,0.32725553876085395,53.690971554818304
19.913051,273,1276.526753,synthetic_track_0,0.15184925098835694,24.913050658538115
51.643926,457,1277.278817,synthetic_track_0,0.34525429233103283,56.643925596842465
38.856272,365,1277.927612,synthetic_track_0,0.2673113860988801,43.85627232363539
33.652181,340,1278.497623,synthetic_track_0,0.23559156886753377,38.65218071027146
51.624345,447,1279.479764,synthetic_track_0,0.345134946956299,56.6243452739416
48.639148,428,1280.239021,synthetic_track_0,0.32693966378794953,53.639147728553034
47.044158,416,1280.936629,synthetic_track_0,0.31721793138610566,52.04415789330874
52.019833,441,1281.674664,synthetic_track_0,0.3475455111838745,57.01983295877617
39.690729,379,1282.779042,synthetic_track_0,0.2723975434842406,44.69072949595624
39.439301,371,1283.412485,synthetic_track_0,0.2708650447392073,44.439301065320855
46.651434,412,1284.10008,synthetic_track_0,0.31482421290857104,51.651433995726464
33.329734,341,1284.654718,synthetic_track_0,0.23362620402963102,38.32973437977929
47.824274,425,1285.413945,synthetic_track_0,0.32197287370249456,52.82427447627237
52.220482,444,1286.130737,synthetic_track_0,0.34876850321112446,57.22048236686711
50.561273,449,1287.512518,synthetic_track_0,0.3386553432101786,55.561273211855976
45.990924,404,1288.240067,synthetic_track_0,0.31079829561658034,50.99092443911272
30.124297,315,1288.749906,synthetic_track_0,0.21408852426894706,35.12429739237172
47.967017,410,1289.461122,synthetic_track_0,0.3228429127208864,52.96701687374237
46.898131,401,1290.101756,synthetic_track_0,0.3163278747745149,51.89813132215874
47.831081,419,1291.472853,synthetic_track_0,0.3220143605377547,52.83108098747852
47.863495,413,1292.203945,synthetic_track_0,0.32221193159623585,52.86349535736554
53.400802,464,1292.969176,synthetic_track_0,0.3559627491946486,58.40080175251402
50.094456,437,1293.756849,synthetic_track_0,0.3358100108927342,55.094455577238186
48.175271,416,1295.105634,synthetic_track_0,0.3241122572728074,53.17527107927396
52.205069,439,1295.886795,synthetic_track_0,0.3486745587201325,57.205069423780856
50.595361,432,1296.671073,synthetic_track_0,0.33886311586654866,55.595361300403766
51.369676,426,1297.380465,synthetic_track_0,0.3435826942232844,56.369675917848355
46.660405,406,1298.069607,synthetic_track_0,0.31487889325897594,51.660405092592576
53.074725,454,1299.254508,synthetic_track_0,0.35397525410031333,58.07472463559385
61.096389,501,1300.045634,synthetic_track_0,0.40286865481532375,66.09638928624567
46.628102,407,1300.749199,synthetic_track_0,0.3146819995412457,51.62810185018451
34.907755,345,1301.341648,synthetic_track_0,0.24324450893349445,39.90775544843499
45.292708,391,1301.972668,synthetic_track_0,0.30654255041689743,50.292708313188854
52.092118,448,1303.634896,synthetic_track_0,0.3479860992273263,57.09211775553755
54.317275,449,1304.396869,synthetic_track_0,0.36154880762451647,59.317274871341084
43.31988,390,1305.059886,synthetic_track_0,0.2945178266034351,48.31987965865248
48.098206,431,1305.866729,synthetic_track_0,0.3236425310006122,53.09820573757041
35.254092,350,1306.518014,synthetic_track_0,0.24535549052379124,40.25409229867298
52.804878,461,1307.928738,synthetic_track_0,0.35233049348848433,57.80487803327637
35.264572,342,1308.506032,synthetic_track_0,0.2454193644825133,40.264571739032725
52.535389,449,1309.287232,synthetic_track_0,0.35068790983578413,57.535388592371945
41.122704,381,1309.951264,synthetic_track_0,0.2811256719281818,46.122704330621744
52.696082,463,1310.739631,synthetic_track_0,0.3516673616222087,57.696081725949945
52.770927,448,1312.39368,synthetic_track_0,0.35212355659081396,57.770927062947386
50.710758,451,1313.158752,synthetic_track_0,0.3395664779270866,55.71075794893132
33.211465,338,1313.731688,synthetic_track_0,0.23290532946898848,38.21146455407487
25.469271,285,1314.205782,synthetic_track_0,0.18571535389760688,30.469271264789903
49.306885,441,1314.935791,synthetic_track_0,0.33100963442894227,54.30688486981552
47.550602,430,1315.850213,synthetic_track_0,0.3203047915878868,52.55060164645373
46.560405,428,1316.564704,synthetic_track_0,0.31426937630231283,51.5604050812672
51.269676,446,1317.379738,synthetic_track_0,0.3429731773056189,56.269675912921095
46.360405,403,1318.130525,synthetic_track_0,0.3130503425451298,51.360405084233975
47.921826,428,1318.845866,synthetic_track_0,0.32256746885243265,52.92182635088034
32.763434,331,1320.23256,synthetic_track_0,0.23017450547754917,37.763433655038725
52.492735,456,1321.063113,synthetic_track_0,0.3504279300752368,57.4927351785253
43.125439,397,1321.833669,synthetic_track_0,0.29333267703103794,48.125438848817076
41.846727,383,1322.480282,synthetic_track_0,0.2855387128371359,46.84672707691376
48.766278,422,1323.210246,synthetic_track_0,0.3277145420016965,53.76627762921191
50.592347,425,1324.467914,synthetic_track_0,0.33884474151238075,55.59234672368887
51.904843,444,1325.20128,synthetic_track_0,0.3468446266630611,56.90484278622571
40.553144,374,1325.827446,synthetic_track_0,0.2776541028916366,45.55314356750218
52.78798,458,1326.654049,synthetic_track_0,0.35222749729042013,57.78798002763387
36.759763,352,1327.275569,synthetic_track_0,0.25453280946727863,41.759763286580544
27.432477,311,1327.920049,synthetic_track_0,0.1976814250408015,32.43247710633163
48.671405,411,1328.684335,synthetic_track_0,0.32713627530650524,53.67140467213326
35.688985,351,1329.268808,synthetic_track_0,0.2480062322977575,40.6889845596996
32.50538,329,1329.829073,synthetic_track_0,0.22860162461461345,37.50537995794695
49.124188,427,1330.569728,synthetic_track_0,0.32989606446787995,54.12418772332845
44.966358,416,1331.302919,synthetic_track_0,0.30455338782051294,49.96635761860692
32.671059,336,1333.117253,synthetic_track_0,0.22961146663085227,37.67105904522547
34.267213,351,1333.803205,synthetic_track_0,0.23934029643543778,39.2672133113306
41.344704,375,1334.547397,synthetic_track_0,0.28247879665530945,46.3447038772434
29.161169,306,1335.123606,synthetic_track_0,0.20821809339413214,34.1611688894664
46.798441,414,1335.889622,synthetic_track_0,0.31572024356704803,51.798440695074305
32.885683,327,1336.47053,synthetic_track_0,0.23091963462611986,37.885682794265094
49.967146,441,1338.047331,synthetic_track_0,0.335034038328909,54.96714613273065
50.234282,444,1338.8449,synthetic_track_0,0.3366622789868233,55.23428239932983
30.345857,322,1339.371511,synthetic_track_0,0.21543896957305883,35.34585734116265
46.242887,413,1340.19984,synthetic_track_0,0.3123340481278854,51.242886696839314
10.754298,197,1340.548868,synthetic_track_0,0.09602510776948991,15.75429815281942
53.296596,442,1342.962647,synthetic_track_0,0.3553275971095699,58.29659593017082
47.169132,424,1343.670317,synthetic_track_0,0.3179796705148075,52.1691321383473
32.064895,333,1344.249053,synthetic_track_0,0.22591679358661354,37.06489486516697
38.74503,367,1344.89616,synthetic_track_0,0.2666333481944909,43.74503046665874
46.573873,425,1345.633736,synthetic_track_0,0.31435146561865357,51.57387301267424
45.247525,412,1347.739594,synthetic_track_0,0.3062671477397646,50.247524548354654
45.125012,411,1348.462774,synthetic_track_0,0.3055204104227488,50.1250115659965
27.550611,302,1349.065675,synthetic_track_0,0.19840146933733532,32.5506107152838
35.119196,350,1349.683256,synthetic_track_0,0.24453327268597994,40.11919565274012
52.621573,433,1350.411894,synthetic_track_0,0.35121321539958006,57.621572515156416
40.17236,368,1351.039781,synthetic_track_0,0.27533316100840294,45.172359715516265
52.214244,434,1352.918887,synthetic_track_0,0.34873048123100614,57.214244314913216
45.015955,403,1353.73355,synthetic_track_0,0.3048556920140438,50.01595496359679
52.516017,446,1354.511252,synthetic_track_0,0.35056983886586923,57.516017353886106
47.804983,414,1355.205716,synthetic_track_0,0.32185528696636817,52.804982683294654
51.144203,437,1356.532601,synthetic_track_0,0.3422083973372435,56.14420277445805
27.726412,301,1357.03675,synthetic_track_0,0.1994730079498539,32.72641201533962
60.741624,471,1357.816882,synthetic_track_0,0.40070630107620026,65.74162409712667
31.713812,320,1358.429698,synthetic_track_0,0.2237768829533748,36.71381178992211
47.584932,415,1359.117131,synthetic_track_0,0.3205140381582277,52.584931551758494
53.451422,442,1359.89479,synthetic_track_0,0.3562712868420043,58.451421785135906
46.867058,406,1360.951868,synthetic_track_0,0.3161384770796039,51.86705790996067
62.479325,498,1361.943681,synthetic_track_0,0.4112978818826878,67.47932505691774
53.330397,450,1362.822932,synthetic_track_0,0.3555336177789983,58.33039658009677
45.87303,420,1363.727901,synthetic_track_0,0.3100797072551507,50.8730296972262
31.905279,324,1364.39894,synthetic_track_0,0.22494390998818342,36.90527933716935
51.215483,432,1365.691677,synthetic_track_0,0.3426428600772724,56.215482627214236
29.226503,309,1366.25793,synthetic_track_0,0.20861631471715644,34.226502817222
56.58452,462,1367.172658,synthetic_track_0,0.37536804862590534,61.584519845480244
47.356856,409,1368.035543,synthetic_track_0,0.31912387951612103,52.35685605946078
34.278792,340,1368.698664,synthetic_track_0,0.23941086913519868,39.2787917763728
53.44296,460,1370.855655,synthetic_track_0,0.3562197124294017,58.44296026197731
51.562327,436,1371.774778,synthetic_track_0,0.34475693221215564,56.5623265256816
48.828438,421,1372.605955,synthetic_track_0,0.32809341901002004,53.828437844295514
32.49718,327,1373.208007,synthetic_track_0,0.2285516462888804,37.497180295764146
30.10856,317,1373.777958,synthetic_track_0,0.21399260463482847,35.108560398686265
47.06395,404,1375.201083,synthetic_track_0,0.3173385693317599,52.063950281034494
51.292389,451,1376.094481,synthetic_track_0,0.34311161466254975,56.292388549722425
33.463938,331,1376.702465,synthetic_track_0,0.2344441954697245,38.46393762446215
47.763495,418,1377.518907,synthetic_track_0,0.32160241477770674,52.763495368703026
49.811132,427,1378.277903,synthetic_track_0,0.3340831031082498,54.81113155135424
36.842425,359,1379.166856,synthetic_track_0,0.2550366494168996,41.84242546704572
37.068557,351,1379.883267,synthetic_track_0,0.2564149601201118,42.06855713479404
53.580506,449,1380.639026,synthetic_track_0,0.357058075384763,58.58050574633903
37.677063,352,1381.288906,synthetic_track_0,0.26012390857290163,42.67706340066522
39.247473,371,1382.035271,synthetic_track_0,0.2696958229755516,44.247473441283034
54.684519,473,1383.492563,synthetic_track_0,0.36378722409021913,59.684519243255906
52.338541,436,1384.387415,synthetic_track_0,0.3494880888595195,57.33854072800448
52.872766,458,1385.207206,synthetic_track_0,0.3527442833417812,57.872766202036345
38.425162,372,1385.861655,synthetic_track_0,0.2646836952359419,43.42516189564665
34.842913,343,1386.514024,synthetic_track_0,0.24284928448821652,39.8429132015183
53.98319,452,1387.627798,synthetic_track_0,0.3595125045972545,58.98319011198851
31.531594,320,1388.180542,synthetic_track_0,0.22266623405565839,36.53159388583261
32.238606,327,1388.787478,synthetic_track_0,0.22697559259383043,37.23860604999216
52.362718,441,1389.671129,synthetic_track_0,0.3496354513518536,57.36271766146179
37.263386,354,1390.352415,synthetic_track_0,0.257602472650138,42.263385621768016
32.552921,327,1390.928717,synthetic_track_0,0.22889139577447634,37.55292107874972
47.969187,420,1392.327925,synthetic_track_0,0.3228561389410747,52.96918682513447
33.741341,364,1393.076038,synthetic_track_0,0.23613501590717997,38.74134100273795
41.423268,380,1393.790863,synthetic_track_0,0.2829576574464013,46.42326786797241
46.060405,404,1394.528826,synthetic_track_0,0.31122179192301525,51.06040509092525
53.470052,451,1395.345904,synthetic_track_0,0.3563848402986622,58.47005186068621
52.793629,460,1396.552762,synthetic_track_0,0.3522619284034606,57.793628946267475
60.28783,488,1397.429568,synthetic_track_0,0.39794035090053026,65.28783024304475
50.978133,443,1398.31088,synthetic_track_0,0.3411961734745243,55.9781329110536
43.041533,387,1399.070904,synthetic_track_0,0.2928212560649964,48.041532893720806
51.385164,434,1399.873703,synthetic_track_0,0.34367709697110915,56.38516404455004
40.839915,370,1401.651937,synthetic_track_0,0.27940202543432174,45.83991536630714
52.88097,443,1402.465667,synthetic_track_0,0.3527942851412793,57.88096971542746
64.388344,538,1403.502965,synthetic_track_0,0.42293367641656865,69.38834427688836
50.901979,442,1404.259628,synthetic_track_0,0.34073200349097393,55.90197915830806
28.479518,300,1404.787926,synthetic_track_0,0.20406331750179788,33.47951822865061
54.245141,457,1406.365931,synthetic_track_0,0.36110913707158876,59.24514060207824
50.898784,440,1407.137695,synthetic_track_0,0.34071253080189434,55.89878438397536
48.431757,412,1407.912083,synthetic_track_0,0.3256755793726178,53.43175652398106
25.99049,295,1408.426332,synthetic_track_0,0.18889227003437498,30.9904899875566
48.063495,419,1409.142856,synthetic_track_0,0.3234309653998213,53.06349536201175
60.634184,484,1410.375164,synthetic_track_0,0.4000514381386864,65.6341844263315
47.490716,421,1411.070039,synthetic_track_0,0.3199397801695442,52.49071628056009
52.440536,464,1411.877691,synthetic_track_0,0.35010976685246786,57.44053593200327
34.170037,338,1412.582513,synthetic_track_0,0.2387479885869157,39.170036701372794
52.527949,431,1413.577833,synthetic_track_0,0.3506425648539921,57.527949096812094
48.625376,419,1414.340106,synthetic_track_0,0.3268557200062867,53.625375545473936
44.982986,406,1415.144887,synthetic_track_0,0.30465473959738915,49.98298583333446
52.587127,443,1415.875648,synthetic_track_0,0.3510032639784903,57.58712696896243
32.289156,326,1416.415006,synthetic_track_0,0.2272837017129939,37.28915577640908
44.051542,397,1417.603954,synthetic_track_0,0.2989774313015862,49.051541863365046
51.64166,449,1418.411916,synthetic_track_0,0.34524048296584836,56.641659972137944
45.772789,409,1419.23174,synthetic_track_0,0.30946872443793066,50.77278919042208
46.360405,406,1420.010286,synthetic_track_0,0.3130503425451298,51.360405084233975
40.587501,371,1420.710593,synthetic_track_0,0.2778635142205496,45.58750050381715
32.090392,325,1421.32663,synthetic_track_0,0.2260722058329306,37.09039247638503
53.872535,446,1422.969754,synthetic_track_0,0.3588380400222099,58.87253451101513
22.997151,270,1423.434539,synthetic_track_0,0.1706473619637259,27.997150764175753
33.271574,334,1424.102617,synthetic_track_0,0.2332717040240809,38.271573562131266
48.363495,426,1424.910615,synthetic_track_0,0.32525951611366744,53.36349537037035
52.305512,446,1425.668539,synthetic_track_0,0.3492867721314536,57.305511827222475
61.098149,493,1427.429031,synthetic_track_0,0.40287937790111766,66.09814856248748
32.514293,323,1427.982895,synthetic_track_0,0.22865595033613967,37.51429287285193
33.882186,347,1428.611963,synthetic_track_0,0.2369934870809646,38.88218552914941
54.982771,452,1429.481938,synthetic_track_0,0.3656051207471424,59.98277130055048
39.4609,384,1430.156784,synthetic_track_0,0.270996694813549,44.46090015092666
33.123956,329,1432.080273,synthetic_track_0,0.23237194819818008,38.1239556955624
31.831944,325,1432.677741,synthetic_track_0,0.22449692130070176,36.831944422821444
48.023155,417,1433.504254,synthetic_track_0,0.3231850826210222,53.02315476049799
47.787146,408,1434.231201,synthetic_track_0,0.3217465672149629,52.78714564651829
47.851094,413,1434.94673,synthetic_track_0,0.32213634492183807,52.85109427776767
53.883215,456,1436.833547,synthetic_track_0,0.3589031387284135,58.883214888790455
54.395608,463,1437.665557,synthetic_track_0,0.3620262624153191,59.39560818752806
41.563938,384,1438.42225,synthetic_track_0,0.28381506585867927,46.56393803309412
41.962501,386,1439.150845,synthetic_track_0,0.2862443723237783,46.96250065119203
47.695799,418,1439.90918,synthetic_track_0,0.32118979153877386,52.69579859978572
29.652985,321,1440.615777,synthetic_track_0,0.21121579448446928,34.652984809773116
55.166515,456,1442.194529,synthetic_track_0,0.3667250667632027,60.16651453044022
47.678633,424,1443.140167,synthetic_track_0,0.3210851665340812,52.67863336502102
33.163352,329,1443.805812,synthetic_track_0,0.23261207709881265,38.16335229071911
39.603233,375,1444.492939,synthetic_track_0,0.27186423829979395,44.60323312050424
47.151518,424,1445.314223,synthetic_track_0,0.31787231239974917,52.15151849757104
53.272766,469,1446.95778,synthetic_track_0,0.35518235077022636,58.27276618200624
47.295799,423,1447.759997,synthetic_track_0,0.31875172397800533,52.29579859810627
55.731426,466,1448.594864,synthetic_track_0,0.37016829697167014,60.73142590177873
47.195799,409,1449.32274,synthetic_track_0,0.3181422071594762,52.19579860944376
41.998155,408,1450.365976,synthetic_track_0,0.28646169014497996,46.99815476112909
48.615685,422,1451.222107,synthetic_track_0,0.3267966571923567,53.61568544252053
42.084922,383,1452.00016,synthetic_track_0,0.28699055383075955,47.08492244493083
50.340915,446,1452.854796,synthetic_track_0,0.33731222345853895,55.34091512516613
43.015127,387,1453.583781,synthetic_track_0,0.2926603078703679,48.01512703066859
24.809316,289,1454.110199,synthetic_track_0,0.18169281223819275,29.80931552918507
33.731981,346,1455.161732,synthetic_track_0,0.23607796301790204,38.73198065679257
33.140018,337,1455.722347,synthetic_track_0,0.232469851848787,38.140018195649496
46.733721,419,1456.461456,synthetic_track_0,0.3153257637743731,51.73372061911269
54.4577,469,1457.345865,synthetic_track_0,0.3624047211606139,59.45769978055422
47.495799,442,1458.091609,synthetic_track_0,0.31997075778159084,52.495798602752494
30.224762,319,1459.786958,synthetic_track_0,0.21470087401780688,35.224762163944796
33.579461,345,1460.375738,synthetic_track_0,0.23514833167492052,38.57946128254002
47.395799,422,1461.240644,synthetic_track_0,0.31936124089567075,52.395798603033526
51.27073,451,1462.141356,synthetic_track_0,0.34297959999488903,56.270729647345924
35.122467,347,1462.786131,synthetic_track_0,0.24455321067196806,40.122466765713796
35.953732,359,1463.852765,synthetic_track_0,0.2496199123868513,40.9537319558481
46.552952,403,1464.591415,synthetic_track_0,0.31422394595798026,51.55295158075649
47.954355,412,1465.361263,synthetic_track_0,0.32276573635583694,52.954354982560126
52.782067,468,1466.309364,synthetic_track_0,0.3521914590393009,57.78206743491487
42.460632,382,1466.995907,synthetic_track_0,0.2892805671822473,47.460632027052625
25.540407,287,1467.487554,synthetic_track_0,0.18614894125069584,30.540407497745278
41.187477,384,1469.147381,synthetic_track_0,0.28152047418690646,46.187477311770444
39.119663,373,1469.77529,synthetic_track_0,0.26891679769730903,44.11966315512873
34.995059,347,1470.413332,synthetic_track_0,0.24377663916213543,39.99505905551099
47.251982,418,1471.196003,synthetic_track_0,0.3184846539009885,52.251981916003515
32.380166,340,1471.800433,synthetic_track_0,0.22783842180393188,37.380165574856534
47.88465,426,1473.874982,synthetic_track_0,0.3223408748204831,52.88465034533445
38.583163,369,1474.585441,synthetic_track_0,0.2656467379738073,43.58316288912286
37.356773,355,1475.193811,synthetic_track_0,0.2581716846558605,42.356773026985444
54.573462,456,1476.095955,synthetic_track_0,0.36311030862286525,59.573461538196646
41.727892,379,1476.888991,synthetic_track_0,0.2848143914098223,46.72789174322408
51.818411,445,1478.441152,synthetic_track_0,0.34631780751075303,56.818410537505926
53.824093,472,1479.338969,synthetic_track_0,0.358542779208894,58.82409273371467
52.640637,455,1480.16268,synthetic_track_0,0.3513294164370177,57.64063696436124
50.260708,444,1481.089785,synthetic_track_0,0.3368233504973494,55.26070849412625
34.86949,339,1481.659816,synthetic_track_0,0.24301127657328994,39.86949032979156
49.306297,432,1483.324652,synthetic_track_0,0.33100605140909917,54.3062970239468
48.384837,419,1484.194577,synthetic_track_0,0.32538959809714896,53.38483718814781
50.81296,457,1485.072598,synthetic_track_0,0.34018941646709827,55.812959963781275
48.277878,430,1485.861602,synthetic_track_0,0.32473766170859414,53.27787765974385
0.72736,112,1486.082543,synthetic_track_0,0.03490922498208053,5.727359764820707
48.009765,415,1487.495919,synthetic_track_0,0.3231034696464419,53.00976497979851
45.517939,408,1488.295851,synthetic_track_0,0.30791537019199217,50.51793911531247
46.91138,416,1489.032972,synthetic_track_0,0.31640862944760917,51.91138028617151
31.190643,318,1489.552262,synthetic_track_0,0.22058808094546545,36.190643019276116
48.156032,412,1490.356957,synthetic_track_0,0.32399499447707836,53.15603243337123
30.114002,316,1490.896914,synthetic_track_0,0.2140257741318681,35.11400233109415
53.805611,464,1492.129762,synthetic_track_0,0.358430127974134,58.80561068062546
49.695601,417,1492.916426,synthetic_track_0,0.33337892365243915,54.695600797391826
47.240278,410,1493.613444,synthetic_track_0,0.31841331795193745,52.2402782289526
37.163503,353,1494.251902,synthetic_track_0,0.25699366823240266,42.16350251268804
46.990273,417,1495.141282,synthetic_track_0,0.31688949481048895,51.99027315569431
27.554805,302,1496.764827,synthetic_track_0,0.19842703282006408,32.55480477179765
52.355531,454,1497.607864,synthetic_track_0,0.3495916449057972,57.35553058478759
47.895154,417,1498.429349,synthetic_track_0,0.322404896240503,52.89515397883811
50.726062,415,1499.344203,synthetic_track_0,0.33965975932525255,55.72606210211536
33.792348,334,1500.019007,synthetic_track_0,0.23644591191973918,38.79234795904502
55.570943,452,1501.645688,synthetic_track_0,0.3691901269367827,60.57094305795039
39.143947,377,1502.371952,synthetic_track_0,0.26906481191339154,44.143947013227766
52.305069,444,1503.244736,synthetic_track_0,0.34928407572355075,57.305069442777096
38.62888,360,1503.994379,synthetic_track_0,0.2659253895251115,43.62887967842896
47.748201,410,1504.833972,synthetic_track_0,0.3215091929097224,52.74820098230032
53.212266,459,1505.973413,synthetic_track_0,0.35481358894141873,58.212265507408084
32.863798,330,1506.724758,synthetic_track_0,0.2307862418703039,37.86379779673303
46.728102,416,1507.437852,synthetic_track_0,0.3152915163597748,51.72810183884702
52.137373,444,1508.213447,synthetic_track_0,0.3482619355337654,57.137372663487724
37.298556,350,1508.898761,synthetic_track_0,0.25781683906738073,42.29855551149416
53.10312,447,1509.947214,synthetic_track_0,0.35414832944167834,58.103120131252254
31.62428,327,1510.567978,synthetic_track_0,0.22323117366242662,36.624280342636474
36.737581,348,1511.281909,synthetic_track_0,0.25439760477261747,41.73758101445578
54.005915,446,1512.138888,synthetic_track_0,0.3596510189316667,59.0059153780513
42.50953,381,1512.842669,synthetic_track_0,0.289578605791204,47.50952954162585
51.448496,445,1514.113271,synthetic_track_0,0.34406311346112833,56.448495594151275
42.447157,386,1514.74096,synthetic_track_0,0.28919843591419886,47.44715721286538
37.479689,359,1515.355898,synthetic_track_0,0.2589208795111543,42.4796892037961
46.060405,413,1516.131802,synthetic_track_0,0.31122179192301525,51.06040509092525
37.239886,346,1516.717582,synthetic_track_0,0.25745923781926155,42.239885890459064
33.872946,329,1517.257009,synthetic_track_0,0.2369371726524317,38.87294633829588
45.930197,401,1518.257686,synthetic_track_0,0.31042815199668267,50.930197061839365
47.695799,409,1518.920893,synthetic_track_0,0.32118979153877386,52.69579859978572
42.163723,374,1519.528769,synthetic_track_0,0.2874708577035113,47.16372319393336
46.746907,410,1520.344465,synthetic_track_0,0.3154061360498527,51.74690684530434
47.878248,408,1521.133924,synthetic_track_0,0.3223018522529769,52.87824813264799
47.595799,428,1522.351878,synthetic_track_0,0.3205802745879214,52.595798589413654
48.660203,410,1523.13884,synthetic_track_0,0.3270679999445247,53.660203118350935
51.769676,439,1523.878878,synthetic_track_0,0.34602076182305047,56.76967592592591
43.113283,383,1524.533866,synthetic_track_0,0.2932585848666063,48.11328296504503
38.564111,364,1525.256538,synthetic_track_0,0.2655306124879356,43.564110835237585
53.37212,452,1527.074667,synthetic_track_0,0.3557879271586841,58.372119686518545
46.877235,414,1527.81897,synthetic_track_0,0.3162005098608569,51.8772352787115
39.569346,362,1528.456917,synthetic_track_0,0.271657691221209,44.569346105595265
30.910859,318,1529.055916,synthetic_track_0,0.2188827474206299,35.910858560561934
36.869609,349,1529.74299,synthetic_track_0,0.25520233858064795,41.86960915417731
39.627749,363,1530.372919,synthetic_track_0,0.272013664518337,44.62774863788774
36.064896,343,1532.568918,synthetic_track_0,0.2502974766095854,41.06489609854566
50.982195,459,1533.479371,synthetic_track_0,0.3412209332348534,55.9821951053638
43.989618,384,1534.124723,synthetic_track_0,0.2985999951862878,48.98961804747798
35.271324,337,1534.762941,synthetic_track_0,0.24546051872690774,40.271323683930305
33.105695,324,1535.278014,synthetic_track_0,0.2322606466512206,38.10569507814264
51.9703,439,1536.386828,synthetic_track_0,0.34724359977293706,56.97030005541235
48.340931,415,1537.161748,synthetic_track_0,0.3251219821982911,53.340930956132304
41.931266,381,1537.84575,synthetic_track_0,0.2860539911317689,46.93126588216885
48.976556,426,1538.601551,synthetic_track_0,0.32899622241577653,53.976555710112564
47.711955,411,1539.339662,synthetic_track_0,0.32128826906297925,52.71195525207928
42.122374,377,1540.510545,synthetic_track_0,0.2872188280342364,47.122374106748325
48.882453,411,1541.233132,synthetic_track_0,0.3284226525438873,53.88245333435779
51.451011,437,1542.017153,synthetic_track_0,0.34407844748391087,56.45101136083365
47.577138,412,1542.764847,synthetic_track_0,0.3204665332865535,52.57713769524064
45.192708,393,1543.476034,synthetic_track_0,0.3059330337777145,50.192708353950664
42.185902,379,1544.909116,synthetic_track_0,0.2876060435671239,47.18590237655413
47.05834,400,1545.652944,synthetic_track_0,0.31730437625038455,52.05834041491444
51.023713,431,1546.455803,synthetic_track_0,0.34147399447418453,56.023713436433155
0.556693,111,1546.656745,synthetic_track_0,0.03386898263410198,5.556693066475693
45.141753,396,1547.364844,synthetic_track_0,0.3056224541220926,50.14175330054303
43.433161,383,1548.045291,synthetic_track_0,0.2952082973284912,48.433161298434015
33.641736,327,1549.198825,synthetic_track_0,0.23552790662164527,38.641736004442926
53.627254,436,1549.972944,synthetic_track_0,0.3573430165256622,58.62725443315651
51.397621,431,1550.821883,synthetic_track_0,0.34375302123601,56.39762051071879
47.667514,407,1551.522627,synthetic_track_0,0.3210173928980727,52.66751412659078
51.669503,424,1552.268196,synthetic_track_0,0.34541019086056235,56.669502989806084
55.137911,450,1553.722811,synthetic_track_0,0.36655072501400415,60.13791126238712
50.434282,428,1554.546696,synthetic_track_0,0.33788131267907395,55.434282385709956
51.487824,431,1555.456939,synthetic_track_0,0.34430282835667003,56.487824265826404
51.775467,437,1556.251944,synthetic_track_0,0.3460560576977657,56.77546672113296
44.131363,380,1556.873961,synthetic_track_0,0.2994639519742244,49.13136256768179
50.171954,418,1558.630845,synthetic_track_0,0.3362823765358068,55.17195394564385
53.399293,444,1559.564811,synthetic_track_0,0.35595355607649015,58.39929348943797
50.855134,423,1560.370692,synthetic_track_0,0.34044647447043913,55.85513402139256
51.567615,433,1561.193855,synthetic_track_0,0.3447891640273429,56.567614617913534
42.34239,385,1561.939303,synthetic_track_0,0.28855986499205727,47.34239048119672
42.40453,376,1563.63086,synthetic_track_0,0.2889386153866277,47.40452992347555
43.61273,378,1564.345656,synthetic_track_0,0.2963028003651345,48.612730242109016
49.896648,444,1565.196751,synthetic_track_0,0.33460433822850927,54.896647659412146
48.787881,407,1565.937064,synthetic_track_0,0.3278462197399082,53.78788125347294
51.521643,425,1566.765565,synthetic_track_0,0.34450896080194315,56.52164325418514
39.951349,367,1568.173944,synthetic_track_0,0.2739860620484386,44.95134878254677
47.563495,396,1568.855702,synthetic_track_0,0.32038338088981944,52.563495350225885
51.937373,430,1569.695857,synthetic_track_0,0.3470429018415149,56.93737267710761
43.169286,372,1570.382903,synthetic_track_0,0.293599933477806,48.169286107554385
54.12506,434,1571.142847,synthetic_track_0,0.3603772249350351,59.12505990351122
53.834954,451,1572.495932,synthetic_track_0,0.3586089828515467,58.834954392184834
50.743766,426,1573.246859,synthetic_track_0,0.33976767052392365,55.74376648420232
40.069402,359,1573.864591,synthetic_track_0,0.27470561565734797,45.06940188714633
40.418579,361,1574.648129,synthetic_track_0,0.276833910493712,45.418579224074435
52.677597,433,1575.386239,synthetic_track_0,0.3515546943975447,57.677597049487325
52.463693,429,1576.950398,synthetic_track_0,0.3502509105950895,57.4636925902494
43.244144,378,1577.635891,synthetic_track_0,0.2940562069109082,48.24414431777956
51.831211,417,1578.362418,synthetic_track_0,0.34639582574134714,56.831210548822604
48.793364,421,1579.216424,synthetic_track_0,0.32787963622234284,53.79336370738236
37.579746,359,1579.878974,synthetic_track_0,0.2595307443105204,42.57974628371303
41.305242,365,1581.093085,synthetic_track_0,0.2822382702246678,46.30524206157891
53.140463,429,1581.83893,synthetic_track_0,0.35437594043294157,58.140462983580285
50.614363,418,1582.752082,synthetic_track_0,0.33897893457038514,55.61436302228981
42.211851,375,1583.466804,synthetic_track_0,0.2877642056659078,47.21185114056593
42.516953,373,1584.144846,synthetic_track_0,0.28962385178959005,47.51695279753625
48.063495,402,1585.619741,synthetic_track_0,0.3234309653998213,53.06349536201175
49.014482,408,1586.357969,synthetic_track_0,0.3292273898935373,54.01448205513287
39.779244,356,1586.980083,synthetic_track_0,0.27293705253128303,44.779243704174085
40.894296,367,1587.59392,synthetic_track_0,0.27973348684736116,45.894296371946965
48.147642,404,1588.395586,synthetic_track_0,0.32394385482645793,53.14764223916037
51.966045,425,1589.561645,synthetic_track_0,0.34721766283815986,56.96604472872601
51.751704,420,1590.483004,synthetic_track_0,0.34591121973392186,56.75170397283466
7.742607,172,1590.796931,synthetic_track_0,0.0776683414260478,12.742606973149483
41.75395,368,1591.455906,synthetic_track_0,0.28497322058995106,46.753949951511885
41.900222,376,1592.077848,synthetic_track_0,0.28586477312850594,46.90022195096659
33.330464,335,1592.745997,synthetic_track_0,0.23363064993479363,38.330463794378424
37.60402,353,1594.362928,synthetic_track_0,0.25967869529207954,42.604019767280256
53.940276,446,1595.160634,synthetic_track_0,0.35925093405683844,58.94027570785579
45.696649,396,1595.862946,synthetic_track_0,0.30900463673140877,50.69664893640482
53.431892,444,1596.680146,synthetic_track_0,0.3561522502988895,58.431892130497936
52.967268,432,1597.631392,synthetic_track_0,0.35332028762738515,57.96726797832687
39.727262,364,1598.94742,synthetic_track_0,0.27262021464241554,44.72726189771456
43.306947,380,1599.717015,synthetic_track_0,0.29443899993907396,48.306947012164656
34.882352,340,1600.29792,synthetic_track_0,0.24308967234108572,39.8823522815088
53.172766,426,1601.080925,synthetic_track_0,0.35457283396389583,58.172766195345076
45.540133,389,1601.804754,synthetic_track_0,0.3080506444960647,50.54013280786098
49.345912,415,1602.529732,synthetic_track_0,0.33124750985853835,54.34591175068174
35.842968,340,1604.621388,synthetic_track_0,0.24894478766420955,40.8429680481796
42.615159,382,1605.252739,synthetic_track_0,0.2902224379184347,47.61515944955687
40.588155,366,1605.873818,synthetic_track_0,0.2778675036618416,45.58815502896205
42.398362,377,1606.604664,synthetic_track_0,0.28890102203735335,47.3983621945681
47.763495,412,1607.741401,synthetic_track_0,0.32160241477770674,52.763495368703026
45.004519,384,1608.825113,synthetic_track_0,0.30478599001161133,50.00451934895728
48.312247,408,1609.550977,synthetic_track_0,0.3249471506285295,53.31224732598048
43.055501,381,1610.24495,synthetic_track_0,0.2929063956570688,48.05550126667319
43.071703,373,1610.995954,synthetic_track_0,0.2930051470275983,48.07170284738952
52.78889,437,1611.959171,synthetic_track_0,0.35223304322578997,57.7888899179884
44.925012,388,1612.958778,synthetic_track_0,0.30430137668655416,49.925011572406724
53.63257,433,1613.730947,synthetic_track_0,0.35737541620907004,58.632570066581145
41.55476,371,1614.411892,synthetic_track_0,0.28375912485165017,46.55476010740179
45.102109,396,1615.183921,synthetic_track_0,0.30538081493493247,50.102108921189
47.563495,402,1615.957217,synthetic_track_0,0.32038338088981944,52.563495350225885
38.959895,365,1617.337876,synthetic_track_0,0.26794298660391214,43.95989545826005
39.889463,366,1618.103128,synthetic_track_0,0.2736088583261572,44.88946309407205
39.922597,373,1618.84714,synthetic_track_0,0.2738108172821369,44.92259736156773
45.671221,397,1619.547461,synthetic_track_0,0.30884965184225244,50.67122143926718
54.965629,447,1620.376769,synthetic_track_0,0.3655006367710614,59.965629203555146
47.955944,410,1621.162432,synthetic_track_0,0.32277542340328796,52.95594428183101
51.515294,436,1622.781052,synthetic_track_0,0.3444702622759727,56.515294205166875
44.620612,391,1623.55965,synthetic_track_0,0.30244600847054115,49.620611767633775
45.292708,399,1624.292868,synthetic_track_0,0.3065425504168974,50.29270831318885
40.512989,367,1624.962675,synthetic_track_0,0.27740935172698405,45.51298862354271
34.51579,338,1625.672908,synthetic_track_0,0.2408554110224131,39.51578962114526
39.593897,382,1626.911957,synthetic_track_0,0.27180733046613714,44.59389657301697
42.737951,377,1627.662466,synthetic_track_0,0.29097087022963686,47.737950520056756
47.853775,409,1628.433633,synthetic_track_0,0.3221526866568663,52.85377537411789
39.573442,374,1629.076766,synthetic_track_0,0.27168265512091055,44.5734417919016
47.198266,401,1629.842674,synthetic_track_0,0.3181572454749166,52.19826586108937
48.980003,414,1630.822057,synthetic_track_0,0.3290172351755934,53.98000315516998
47.444465,401,1631.520594,synthetic_track_0,0.3196578718116007,52.44446516534682
45.103948,389,1632.308944,synthetic_track_0,0.30539202221532685,50.10394763650957
40.205461,369,1632.983887,synthetic_track_0,0.2755349166731887,45.20546063017168
41.947073,378,1633.67508,synthetic_track_0,0.28615033881229224,46.9470731030151
39.840385,361,1635.003878,synthetic_track_0,0.27330971955127464,44.840385081476825
34.352119,331,1635.558153,synthetic_track_0,0.23985780809871315,39.35211853278969
53.821055,443,1636.335846,synthetic_track_0,0.35852426461666553,58.821055148931684
41.175643,371,1637.001367,synthetic_track_0,0.2814483443823001,46.175643381313414
43.596829,380,1637.648724,synthetic_track_0,0.29620588243581714,48.59682946375754
32.610244,330,1638.242044,synthetic_track_0,0.2292407890500815,37.61024406400153
38.471455,358,1639.313234,synthetic_track_0,0.2649658601458439,43.47145510189362
39.693896,359,1639.943928,synthetic_track_0,0.2724168428646509,44.69389583651248
43.326272,383,1640.591459,synthetic_track_0,0.29455679198841145,48.3262724897236
42.486077,381,1641.24909,synthetic_track_0,0.28943565631490725,47.4860766268343
31.214122,322,1641.937796,synthetic_track_0,0.22073118772253655,36.214121741519044
53.447182,438,1643.215719,synthetic_track_0,0.35624544637006594,58.44718228456379
52.778889,438,1644.09348,synthetic_track_0,0.3521720856485492,57.77888895189909
52.622436,427,1644.863569,synthetic_track_0,0.35121847636333425,57.62243565182432
53.698204,429,1645.66396,synthetic_track_0,0.3577754676234205,58.69820424710468
48.208104,409,1646.450234,synthetic_track_0,0.3243123823648167,53.208104475045225
46.628102,405,1647.467802,synthetic_track_0,0.3146819995412457,51.62810185018451
1.159017,113,1647.656447,synthetic_track_0,0.0375402511492276,6.159017397370374
31.927143,322,1648.224044,synthetic_track_0,0.22507717132864405,36.927142774124825
43.300791,381,1648.934192,synthetic_track_0,0.29440147790143173,48.300790982954716
47.298798,407,1649.682884,synthetic_track_0,0.3187700044602532,52.29879777378439
49.721024,412,1650.409879,synthetic_track_0,0.3335338799643676,54.72102360602478
31.490302,315,1650.977409,synthetic_track_0,0.2224145530601186,36.490302003581874
53.676468,444,1653.272103,synthetic_track_0,0.35764298295347646,58.676468234102884
48.296441,403,1653.995656,synthetic_track_0,0.32485080736215766,53.29644082933918
47.197729,402,1654.754101,synthetic_track_0,0.3181539702574719,52.19772851462512
37.199587,356,1655.451834,synthetic_track_0,0.2572136077568211,42.19958675069375
49.11763,417,1656.294076,synthetic_track_0,0.32985609161881757,54.117629603303655
48.954634,410,1657.995902,synthetic_track_0,0.32886260377668186,53.95463365318424
47.570635,413,1658.730659,synthetic_track_0,0.32042690031491544,52.57063533698901
42.860612,380,1659.376818,synthetic_track_0,0.29171851071130933,47.86061167954913
42.311747,374,1660.11644,synthetic_track_0,0.2883730897407238,47.31174731853411
53.13487,448,1660.924435,synthetic_track_0,0.3543418510707313,58.134870134078994
41.262965,385,1662.575092,synthetic_track_0,0.2819805868818068,46.2629654080375
40.798907,373,1663.19476,synthetic_track_0,0.2791520751922162,45.798907439016354
46.385815,397,1663.996018,synthetic_track_0,0.3132052190015202,51.38581479141893
49.784247,421,1664.756686,synthetic_track_0,0.33391923487611164,54.78424661420762
43.243957,388,1665.422445,synthetic_track_0,0.2940550647360011,48.24395692758081
49.234603,407,1666.47561,synthetic_track_0,0.33056906367533817,54.23460290970199
1.626701,117,1666.680951,synthetic_track_0,0.04039085997577082,6.6267007190931295
49.314621,410,1667.480338,synthetic_track_0,0.3310567861279653,54.314620783287275
41.24736,382,1668.167988,synthetic_track_0,0.28188546791372715,46.24735977511582
42.732953,389,1668.82588,synthetic_track_0,0.2909404091140209,47.73295293652232
42.931775,381,1669.505441,synthetic_track_0,0.29215226587289317,47.931775443898346
48.923243,422,1671.583979,synthetic_track_0,0.3286712699923078,53.92324259770141
42.628169,377,1672.17412,synthetic_track_0,0.29030173585262087,47.6281694146284
48.071499,408,1672.772976,synthetic_track_0,0.3234797460299831,53.071498525033405
47.696943,405,1673.360896,synthetic_track_0,0.32119676844060047,52.696943260740674
48.320083,409,1674.001122,synthetic_track_0,0.3249949097297082,53.320082892500075
49.041666,408,1675.23403,synthetic_track_0,0.3293930777106321,54.0416655213266
52.893633,428,1675.860045,synthetic_track_0,0.3528714685918467,57.89363276909069
41.799731,385,1676.468754,synthetic_track_0,0.2852522632621266,46.79973090981465
47.900918,408,1677.107131,synthetic_track_0,0.32244002657549653,52.90091761487615
48.063495,405,1677.834008,synthetic_track_0,0.3234309653998213,53.06349536201175
41.912001,372,1679.251981,synthetic_track_0,0.2859365682920087,46.912000978744075
46.828102,404,1679.87815,synthetic_track_0,0.31590103327744035,51.82810184377428
47.996712,416,1680.604847,synthetic_track_0,0.32302390748216586,52.99671166398556
47.495799,413,1681.484817,synthetic_track_0,0.3199707577815908,52.49579860275249
44.050796,387,1682.267972,synthetic_track_0,0.29897288535570643,49.050796035649356
43.989618,395,1683.901457,synthetic_track_0,0.2985999951862878,48.98961804747798
48.006654,409,1684.54801,synthetic_track_0,0.3230845062714077,53.00665376575032
44.046605,391,1685.161652,synthetic_track_0,0.2989473381338755,49.04660464696935
47.5245,412,1685.882483,synthetic_track_0,0.3201456967830783,52.524499858622015
45.214385,396,1686.524947,synthetic_track_0,0.30606515712676796,50.214385087070646
36.6158,346,1687.529058,synthetic_track_0,0.2536553283835146,41.61579991139473
31.965815,326,1688.073863,synthetic_track_0,0.22531288355642926,36.96581475066358
47.663495,410,1688.727108,synthetic_track_0,0.3209928977742884,52.66349534970678
46.217805,396,1689.357912,synthetic_track_0,0.31218117114945476,51.21780503273247
49.099884,414,1690.145323,synthetic_track_0,0.32974792765279226,54.09988375110169
45.425012,394,1690.948981,synthetic_track_0,0.30734896106585186,50.425011562748686
39.862079,375,1692.779976,synthetic_track_0,0.273441946993969,44.86207889265371
40.795889,368,1693.512006,synthetic_track_0,0.2791336765019252,45.79588886961094
49.188978,420,1694.284981,synthetic_track_0,0.33029096974526323,54.18897760616777
48.377149,406,1695.128036,synthetic_track_0,0.325342735449107,53.377148697641196
48.842831,411,1695.921796,synthetic_track_0,0.32818114815335514,53.842831070326675
50.15613,424,1697.554347,synthetic_track_0,0.3361859276611805,55.15613012245154
47.175349,408,1698.225015,synthetic_track_0,0.31801756525702257,52.17534931509563
33.649478,332,1698.843073,synthetic_track_0,0.23557509451964656,38.649477856877
47.437063,407,1699.504592,synthetic_track_0,0.31961275535206124,52.437063162144796
48.063495,407,1700.287279,synthetic_track_0,0.32343096539982136,53.06349536201176
47.706734,403,1702.355525,synthetic_track_0,0.3212564438073944,52.706733861789594
46.660405,405,1703.007692,synthetic_track_0,0.31487889325897594,51.660405092592576
51.564298,440,1703.741327,synthetic_track_0,0.344768951267158,56.56429842428625
47.475268,408,1704.482878,synthetic_track_0,0.3198456205973447,52.4752680503125
32.306578,327,1705.013051,synthetic_track_0,0.2273898932187289,37.30657801816967
47.292014,401,1707.06635,synthetic_track_0,0.3187286578485024,52.292014268258995
43.258057,381,1707.747023,synthetic_track_0,0.2941410043558118,48.258056556574594
41.375139,376,1708.365973,synthetic_track_0,0.282664301310296,46.375138580325526
47.053457,405,1709.125651,synthetic_track_0,0.3172746099678993,52.05345682873509
41.062992,368,1709.709032,synthetic_track_0,0.28076171597641303,46.062992129179364
40.7841,371,1710.858837,synthetic_track_0,0.2790618222106816,45.7841001410783
46.728102,400,1711.575732,synthetic_track_0,0.3152915163597748,51.72810183884702
49.728589,415,1712.260881,synthetic_track_0,0.33357999417014916,54.72858930382859
36.529382,348,1712.822749,synthetic_track_0,0.2531285951345316,41.52938175634926
43.256906,385,1713.45763,synthetic_track_0,0.29413399026327497,48.25690579394944
47.695799,414,1714.115911,synthetic_track_0,0.32118979153877386,52.69579859978572
47.963495,407,1715.52912,synthetic_track_0,0.32282144851390127,52.96349536229279
47.563495,416,1716.317976,synthetic_track_0,0.3203833808898194,52.56349535022588
46.996998,403,1717.038966,synthetic_track_0,0.3169304840892636,51.99699803561255
44.318001,384,1717.678283,synthetic_track_0,0.30060154180892534,49.318000519440375
42.817733,378,1718.336761,synthetic_track_0,0.2914571603891921,47.81773340539135
52.202198,434,1719.884725,synthetic_track_0,0.34865705501787103,57.20219769001653
40.731929,368,1720.539027,synthetic_track_0,0.2787438307791252,45.73192907937215
43.730764,382,1721.188075,synthetic_track_0,0.2970222367542541,48.73076411511842
40.85332,370,1721.791455,synthetic_track_0,0.2794837297416302,45.85332013145249
48.116938,424,1722.484707,synthetic_track_0,0.323756709558023,53.116938369877644
39.565432,361,1723.801689,synthetic_track_0,0.2716338362090506,44.56543234821752
47.795799,413,1724.485155,synthetic_track_0,0.3217993084954369,52.79579861111109
48.287091,417,1725.218927,synthetic_track_0,0.3247938178106691,53.287090874867886
52.230679,426,1725.90769,synthetic_track_0,0.3488306529399521,57.2306789225473
43.121049,381,1726.514855,synthetic_track_0,0.293305918922581,48.12104879679393
43.458764,393,1727.502363,synthetic_track_0,0.2953643525771095,48.45876440341514
33.880385,333,1728.054522,synthetic_track_0,0.2369825151770624,38.88038543072313
40.294835,368,1728.64683,synthetic_track_0,0.27607966616475066,45.29483460858226
39.65,366,1729.237742,synthetic_track_0,0.27214928995439047,44.6499999386811
32.551151,327,1729.791985,synthetic_track_0,0.22888060763889953,37.55115113015671
40.826484,363,1730.335142,synthetic_track_0,0.27932015885342854,45.82648397784944
47.772647,400,1731.6127,synthetic_track_0,0.3216581933175587,52.772646639321394
47.999146,405,1732.299966,synthetic_track_0,0.3230387466675649,52.99914624548775
36.314858,356,1732.934137,synthetic_track_0,0.2518210363451935,41.314857956292485
48.745376,408,1733.740437,synthetic_track_0,0.32758714511418,53.74537633999396
43.238889,383,1734.464455,synthetic_track_0,0.29402417239558964,48.238888595424925
43.728932,385,1735.43101,synthetic_track_0,0.29701106923696613,48.72893192350657
47.068298,410,1736.329548,synthetic_track_0,0.31736507021292054,52.06829813122509
48.309604,417,1737.205024,synthetic_track_0,0.3249310397112731,53.30960409860101
37.434596,353,1737.868013,synthetic_track_0,0.25864602708081547,42.43459571485173
36.262161,346,1738.501969,synthetic_track_0,0.2514998400378455,41.26216108868061
39.187326,361,1739.610564,synthetic_track_0,0.2693292131174342,44.18732582838569
47.506033,405,1740.334974,synthetic_track_0,0.32003313933371585,52.506033192374325
40.662835,377,1740.93676,synthetic_track_0,0.278322692584629,45.66283530969308
49.148268,409,1741.651927,synthetic_track_0,0.3300428406025739,54.14826845639294
46.998894,425,1742.345052,synthetic_track_0,0.31694203999298093,51.99889394759657
39.624529,365,1742.93495,synthetic_track_0,0.27199404022175444,44.624528990166624
47.195799,410,1744.198103,synthetic_track_0,0.31814220715947616,52.195798609443756
40.404728,366,1744.743935,synthetic_track_0,0.27674948383888714,45.404727818717525
51.413783,443,1745.366976,synthetic_track_0,0.3438515346402578,56.413783049648664
51.829925,436,1746.051795,synthetic_track_0,0.346387990453763,56.829925057355
50.35826,437,1746.674085,synthetic_track_0,0.33741794223439414,55.35825980880003
48.199325,408,1747.417956,synthetic_track_0,0.32425886722780073,53.19932454817171
48.03646,403,1748.084818,synthetic_track_0,0.323266178971512,53.03645978159506
47.156402,400,1748.683151,synthetic_track_0,0.317902078011106,52.15640197364213
48.063495,416,1749.264481,synthetic_track_0,0.3234309653998213,53.06349536201175
47.795799,407,1749.858756,synthetic_track_0,0.3217993084954369,52.79579861111109
44.142935,395,1750.8647,synthetic_track_0,0.2995344864118214,49.14293475526644
42.203994,377,1751.439936,synthetic_track_0,0.28771631765576894,47.20399442467988
48.098685,408,1752.118993,synthetic_track_0,0.3236454498260437,53.09868461280598
36.306013,347,1752.703005,synthetic_track_0,0.25176712660016676,41.30601328830698
41.277608,372,1753.26131,synthetic_track_0,0.28206983708424554,46.27760818566181
48.21427,410,1754.548662,synthetic_track_0,0.3243499593256248,53.21426951518941
46.745939,406,1755.1979,synthetic_track_0,0.3154002367092617,51.745938973747265
48.197774,411,1755.770781,synthetic_track_0,0.3242494136726667,53.19777355666911
51.206942,431,1756.397638,synthetic_track_0,0.34259080245830603,56.20694182711131
47.358646,411,1757.03203,synthetic_track_0,0.31913478677894475,52.358645552589685
43.651036,387,1758.326975,synthetic_track_0,0.29653628239128293,48.65103632203653
46.74352,402,1758.939968,synthetic_track_0,0.31538549210916667,51.74351991032274
47.123464,406,1759.572466,synthetic_track_0,0.3177013146623843,52.12346386268981
46.273582,400,1760.113083,synthetic_track_0,0.31252114270768605,51.273582249923535
35.809418,359,1760.597464,synthetic_track_0,0.24874029395054786,40.80941791727907
48.223232,411,1761.60921,synthetic_track_0,0.3244045892589094,53.22323234040279
42.390712,384,1762.123341,synthetic_track_0,0.28885439311763683,47.390712050550334
48.766488,414,1762.732019,synthetic_track_0,0.3277158248042862,53.76648809140185
48.163495,429,1763.322856,synthetic_track_0,0.3240404822061519,53.16349534867292
33.500431,332,1763.932877,synthetic_track_0,0.23466662696251497,38.5004307056718
48.447334,404,1765.434063,synthetic_track_0,0.32577052445314036,53.44733362815142
48.605416,412,1766.080599,synthetic_track_0,0.32673406027355767,53.60541551890248
41.314967,373,1766.64904,synthetic_track_0,0.28229754525504314,46.314966981688265
47.395799,401,1767.182491,synthetic_track_0,0.31936124089567075,52.395798603033526
45.411258,394,1767.745669,synthetic_track_0,0.30726512907678083,50.41125772084997
46.660405,407,1769.187594,synthetic_track_0,0.31487889325897594,51.660405092592576
46.160405,398,1769.74596,synthetic_track_0,0.31183130874154436,51.16040507958776
47.705591,413,1770.340015,synthetic_track_0,0.32124947499874945,52.70559052863733
36.943687,348,1770.849659,synthetic_track_0,0.25565385261705315,41.94368651701439
38.050323,356,1771.364161,synthetic_track_0,0.2623989905814251,43.05032328151257
47.351179,408,1771.924379,synthetic_track_0,0.3190892796954882,52.35117946192348
33.469252,337,1773.056476,synthetic_track_0,0.23447658763731472,38.46925202480895
46.060405,406,1773.604023,synthetic_track_0,0.31122179192301525,51.06040509092525
47.07124,406,1774.21057,synthetic_track_0,0.3173830005094683,52.07123985390933
35.650911,348,1774.675672,synthetic_track_0,0.24777416600504104,40.650910751175985
34.691978,337,1775.230989,synthetic_track_0,0.24192930653971,39.691977605282545
49.387384,417,1776.927963,synthetic_track_0,0.3315002885660574,54.387383728349285
39.738048,366,1777.443946,synthetic_track_0,0.27268595696245046,44.73804786958324
46.562847,419,1778.114992,synthetic_track_0,0.314284260095631,51.56284698133923
47.150573,411,1778.715081,synthetic_track_0,0.31786654725160923,52.150572642212985
35.057394,345,1779.251287,synthetic_track_0,0.2441565819730067,40.05739413081083
31.46671,317,1779.72611,synthetic_track_0,0.22227075362043475,36.4667096400885
47.028102,408,1781.72547,synthetic_track_0,0.31712006696969086,52.02810183015439
43.046762,391,1782.355506,synthetic_track_0,0.29285312581366574,48.04676158374006
43.670826,388,1782.976997,synthetic_track_0,0.2966569033799473,48.67082592772454
47.593209,409,1783.600197,synthetic_track_0,0.32056448796799986,52.593208567669905
48.163975,410,1784.2578,synthetic_track_0,0.32404340271967763,53.1639745008646
47.473485,411,1785.182979,synthetic_track_0,0.3198347524625977,52.47348497670658
33.455493,331,1785.689051,synthetic_track_0,0.2343927223139539,38.45549271394121
47.128102,410,1786.317035,synthetic_track_0,0.31772958392054335,52.12810184052646
47.813119,402,1787.055514,synthetic_track_0,0.32190487984054217,52.8131191066129
47.195799,402,1787.630612,synthetic_track_0,0.3181422071594762,52.19579860944376
44.189618,389,1789.372977,synthetic_track_0,0.29981902887853834,49.1896180338581
48.890875,410,1789.965223,synthetic_track_0,0.3284739868693551,53.890875467773505
34.512819,341,1790.467958,synthetic_track_0,0.2408373067449935,39.51281935440009
42.31528,378,1791.133084,synthetic_track_0,0.2883946221975723,47.31528002735406
46.95902,405,1791.799006,synthetic_track_0,0.31669900355708086,51.959020329517855
47.545847,412,1793.030629,synthetic_track_0,0.3202758127584847,52.545847253262984
42.607417,400,1793.613043,synthetic_track_0,0.29017524531741545,47.60741682552515
47.906667,419,1794.211991,synthetic_track_0,0.32247507259963337,52.906667418507176
37.880441,359,1794.699025,synthetic_track_0,0.26136352950962843,42.88044102019939
32.314337,323,1795.198983,synthetic_track_0,0.22743718697067905,37.31433723746444
40.096604,368,1795.756516,synthetic_track_0,0.27487141895446504,45.09660429949637
49.140528,421,1796.897078,synthetic_track_0,0.329995663743866,54.14052841511352
47.318749,403,1797.589556,synthetic_track_0,0.31889160897518537,52.31874874108316
41.926322,380,1798.293985,synthetic_track_0,0.2860238578119894,46.92632207824957
50.168042,407,1799.090013,synthetic_track_0,0.33625853220429647,55.16804194057982
47.233668,416,1799.746032,synthetic_track_0,0.3183730287922269,52.23366821362274
40.825158,371,1800.581021,synthetic_track_0,0.2793120768038639,45.82515800153466
46.582865,424,1801.207027,synthetic_track_0,0.31440627149329414,51.58286470359414
47.395799,418,1801.880192,synthetic_track_0,0.31936124089567075,52.395798603033526
37.949255,364,1802.382981,synthetic_track_0,0.2617829651904616,42.94925546805859
42.13073,391,1803.072408,synthetic_track_0,0.2872697570543645,47.130729744001606
34.3221,336,1803.879628,synthetic_track_0,0.23967483878711712,39.3220997892063
45.425012,407,1804.523034,synthetic_track_0,0.3073489610658518,50.42501156274868
33.136241,331,1805.017217,synthetic_track_0,0.2324468266828212,38.13624058645885
47.766309,436,1805.628775,synthetic_track_0,0.3216195673749926,52.766309498653136
42.404953,400,1806.171011,synthetic_track_0,0.2889411968154469,47.404953443950795
48.325642,424,1807.75311,synthetic_track_0,0.3250287907182883,53.325641555314434
48.40825,430,1808.34801,synthetic_track_0,0.32553230244942544,53.4082498868231
45.963093,404,1808.921108,synthetic_track_0,0.3106286569844158,50.96309278496063
36.340239,346,1809.504453,synthetic_track_0,0.25197574095653674,41.34023946982922
41.687238,376,1810.007191,synthetic_track_0,0.28456659981696214,46.687237973347024
48.388562,422,1810.616044,synthetic_track_0,0.325412300416249,53.388561829673044
49.955939,411,1811.835203,synthetic_track_0,0.3349657295356199,54.95593909406199
29.813472,314,1812.311952,synthetic_track_0,0.21219398835761408,34.81347156460997
32.073434,328,1812.768977,synthetic_track_0,0.2259688426530717,37.073434262108094
41.121135,380,1813.335985,synthetic_track_0,0.28111610407984244,46.12113458767722
33.47643,335,1813.825184,synthetic_track_0,0.23452033603101222,38.47642957715986
48.222182,436,1814.974015,synthetic_track_0,0.3243981895461262,53.22218237560066
48.163495,432,1815.573019,synthetic_track_0,0.32404048220615184,53.16349534867291
54.097569,445,1816.190804,synthetic_track_0,0.3602096621563646,59.09756882294063
60.291765,491,1816.913778,synthetic_track_0,0.3979643329855164,65.29176484854507
47.736143,418,1817.506938,synthetic_track_0,0.3214356970203159,52.73614292601054
47.784577,436,1818.649668,synthetic_track_0,0.3217309088947861,52.784576674190454
48.241064,418,1819.22663,synthetic_track_0,0.3245132732303482,53.241063506961744
54.992225,461,1819.917069,synthetic_track_0,0.3656627444773057,59.99222530114216
44.189618,402,1820.497186,synthetic_track_0,0.29981902887853834,49.189618033858096
42.360439,382,1821.063847,synthetic_track_0,0.2886698755969436,47.360439301027384
42.538652,400,1821.859581,synthetic_track_0,0.2897561095455987,47.53865158204775
27.10281,294,1822.274971,synthetic_track_0,0.1956720499637226,32.10281026397685
47.563495,413,1822.830632,synthetic_track_0,0.32038338088981944,52.563495350225885
47.768979,419,1823.440985,synthetic_track_0,0.3216358361574598,52.76897862608787
32.494498,333,1823.907941,synthetic_track_0,0.22853529535718797,37.494497690569084
37.474398,357,1825.066047,synthetic_track_0,0.25888862725414696,42.47439775778997
38.882093,358,1825.586614,synthetic_track_0,0.26746876537317316,43.88209265404562
37.708238,354,1826.07227,synthetic_track_0,0.2603139201907524,42.70823753573942
48.056373,416,1826.644049,synthetic_track_0,0.32338755211330567,53.05637278880722
47.45794,407,1827.197999,synthetic_track_0,0.3197400060243917,52.45794046266137
48.378706,425,1828.026981,synthetic_track_0,0.3253522251912327,53.37870562613952
47.595799,414,1828.622057,synthetic_track_0,0.3205802745879213,52.59579858941365
43.048735,399,1829.174253,synthetic_track_0,0.292865156746829,48.04873543112762
46.140123,404,1829.783923,synthetic_track_0,0.3117076884457191,51.14012339448051
47.620563,424,1830.432764,synthetic_track_0,0.3207312172488972,52.62056290095915
33.187623,329,1830.945914,synthetic_track_0,0.2327600123712059,38.18762319697205
44.094006,400,1832.130606,synthetic_track_0,0.2992362558096921,49.09400574145561
48.657643,422,1832.742558,synthetic_track_0,0.3270523927608568,53.65764253570186
47.633942,419,1833.327151,synthetic_track_0,0.3208127647015632,52.63394193184748
45.192708,403,1833.901005,synthetic_track_0,0.3059330337777145,50.192708353950664
54.409736,452,1834.542006,synthetic_track_0,0.3621123749519106,59.40973618600337
47.552645,414,1835.276035,synthetic_track_0,0.32031724622500973,52.5526450085616
48.526891,425,1835.902053,synthetic_track_0,0.3262554420509737,53.526891325021225
47.37159,421,1836.44883,synthetic_track_0,0.3192136866909961,52.37159021641315
46.928102,409,1837.046059,synthetic_track_0,0.3165105501633603,51.92810184349323
55.325185,451,1837.876826,synthetic_track_0,0.36769219301206374,60.32518548254734
46.564024,401,1838.454604,synthetic_track_0,0.31429143688243166,51.56402443629516
39.243543,372,1839.001041,synthetic_track_0,0.2696718675240462,44.24354320538777
47.969344,421,1839.591577,synthetic_track_0,0.32285709822695335,52.96934420976123
36.659066,356,1840.179637,synthetic_track_0,0.25391904329024506,41.659066129621195
48.428662,417,1840.864117,synthetic_track_0,0.3256567151605507,53.42866157904191
41.38095,382,1842.356504,synthetic_track_0,0.2826997248976979,46.38095032863318
24.526257,284,1842.79386,synthetic_track_0,0.17996752253498316,29.526256972775002
35.956219,348,1843.278739,synthetic_track_0,0.24963506954503695,40.956218705353024
47.540884,408,1843.905026,synthetic_track_0,0.3202455626485072,52.54088428823424
47.963495,417,1844.507885,synthetic_track_0,0.32282144851390127,52.96349536229279
47.095799,404,1845.48554,synthetic_track_0,0.31753269015605784,52.095798590447515
42.57043,390,1846.058976,synthetic_track_0,0.2899498040039445,47.57042994000235
48.47534,405,1846.622099,synthetic_track_0,0.3259412280387518,53.47534000321256
40.78984,373,1847.111961,synthetic_track_0,0.27909680617376015,45.78983976270133
47.295799,407,1847.651003,synthetic_track_0,0.31875172397800533,52.29579859810627
43.288862,383,1848.843027,synthetic_track_0,0.29432876676744196,48.288861677062606
42.400739,387,1849.405941,synthetic_track_0,0.28891551030454665,47.40073920289835
34.902203,337,1849.97065,synthetic_track_0,0.24321066576019618,39.90220298976076
49.084306,415,1850.764105,synthetic_track_0,0.3296529762686279,54.08430561272835
39.693949,365,1851.350959,synthetic_track_0,0.27241716854348125,44.69394926880238
43.508897,382,1851.942677,synthetic_track_0,0.29566992092562966,48.50889727991455
30.900947,317,1854.112082,synthetic_track_0,0.21882233263531675,35.900946647284556
54.782257,460,1854.84888,synthetic_track_0,0.36438295294740364,59.782257118821256
38.584345,361,1855.436244,synthetic_track_0,0.26565394541702414,43.58434537370419
31.403562,316,1855.964705,synthetic_track_0,0.22188585517361967,36.40356152153353
42.833523,380,1856.577008,synthetic_track_0,0.2915534004158624,47.833522964076764
43.008037,388,1857.675059,synthetic_track_0,0.2926170923991541,48.00803691190558
1.391137,119,1857.852129,synthetic_track_0,0.038955057689171596,6.391136731329804
48.063495,422,1858.515167,synthetic_track_0,0.3234309653998213,53.06349536201175
1.505515,116,1858.679143,synthetic_track_0,0.03965220953352655,6.505514504694258
47.850285,412,1859.327959,synthetic_track_0,0.32213141525758787,52.85028549554191
46.475093,408,1859.989598,synthetic_track_0,0.31374938623747434,51.47509324243402
0.492187,110,1860.144112,synthetic_track_0,0.03347580525305983,5.492186669849176
1.718225,118,1860.323081,synthetic_track_0,0.04094871387388112,6.718224663618548
0.472012,110,1860.493181,synthetic_track_0,0.03335283775672738,5.472012085874977
46.928102,414,1861.581543,synthetic_track_0,0.3165105501633603,51.92810184349323
41.464765,378,1862.217269,synthetic_track_0,0.28321058761335755,46.46476469473607
36.098834,342,1862.766025,synthetic_track_0,0.2505043338372523,41.09883399786625
47.891324,409,1863.45613,synthetic_track_0,0.3223815510848641,52.89132387074553
47.920294,414,1864.239572,synthetic_track_0,0.3225581284664477,52.92029392640212
42.206282,385,1865.823107,synthetic_track_0,0.2877302609721339,47.20628202599952
1.170176,113,1865.95335,synthetic_track_0,0.037608263430152035,6.170175788926768
29.005517,302,1866.436999,synthetic_track_0,0.2072693685643867,34.00551695446757
36.987677,350,1866.921546,synthetic_track_0,0.25592197994744026,41.987676656718044
1.179491,113,1867.066169,synthetic_track_0,0.03766504120757481,6.179490998820831
1.716905,118,1867.211936,synthetic_track_0,0.04094067214472013,6.716905302445109
32.02489,321,1867.675078,synthetic_track_0,0.22567295751894584,37.02489005601154
47.095799,408,1868.18585,synthetic_track_0,0.31753269015605784,52.095798590447515
46.473918,412,1869.944866,synthetic_track_0,0.3137422253613504,51.473918397853126
40.371416,373,1870.447552,synthetic_track_0,0.2765464397858175,45.37141552545882
41.510061,380,1870.979865,synthetic_track_0,0.2834866763755317,46.51006102167565
40.104867,370,1871.54883,synthetic_track_0,0.27492178327691186,45.1048672899842
41.827567,382,1872.090662,synthetic_track_0,0.2854219300315847,46.827567180293876
47.232966,415,1873.207119,synthetic_track_0,0.31836874786139635,52.232965865432334
42.302209,385,1873.722136,synthetic_track_0,0.2883149515813153,47.302208918435916
1.722201,118,1873.889124,synthetic_track_0,0.04097295003867501,6.722200954560709
47.514445,417,1874.495027,synthetic_track_0,0.32008440934375904,52.51444477392087
49.120167,409,1875.083797,synthetic_track_0,0.3298715566644381,54.12016686616451
51.249091,438,1875.681513,synthetic_track_0,0.34284770760233707,56.24909080595727
48.12274,412,1876.785127,synthetic_track_0,0.323792069854914,53.12273973446794
51.806239,446,1877.342118,synthetic_track_0,0.3462436198800041,56.80623899111334
44.700922,389,1877.985784,synthetic_track_0,0.3029355122630602,49.70092189561399
42.6379,385,1878.567279,synthetic_track_0,0.2903610435284208,47.637899690688556
47.162967,401,1879.145971,synthetic_track_0,0.31794209435139364,52.1629672290271
47.395799,409,1880.170557,synthetic_track_0,0.31936124089567075,52.395798603033526
47.609691,421,1880.754586,synthetic_track_0,0.3206649494138594,52.6096907108062
33.902307,333,1881.195676,synthetic_track_0,0.23711612829580853,38.90230658195899
35.772839,345,1881.678109,synthetic_track_0,0.2485173419482603,40.77283943901026
40.161151,365,1882.187645,synthetic_track_0,0.2752648393350484,45.16115056368787
50.879071,438,1883.433049,synthetic_track_0,0.3405923771507681,55.87907145172293
46.528102,407,1883.970613,synthetic_track_0,0.31407248253782744,51.528101831188266
46.456557,400,1884.526797,synthetic_track_0,0.3136364030452527,51.45655672695528
44.22413,398,1885.09554,synthetic_track_0,0.3000293826367708,49.224129589239176
47.13819,409,1885.819011,synthetic_track_0,0.31779107566553144,52.138190444507046
47.095799,401,1887.185001,synthetic_track_0,0.31753269015605784,52.095798590447515
40.353622,369,1887.671012,synthetic_track_0,0.2764379845049149,45.35362187886705
38.213325,361,1888.177024,synthetic_track_0,0.2633925110853465,43.21332459026706
46.654333,404,1888.852012,synthetic_track_0,0.31484188049119366,51.654332616417875
51.333575,452,1889.473033,synthetic_track_0,0.3433626528941792,56.33357497732156
43.016891,390,1890.066587,synthetic_track_0,0.2926710573903221,48.01689064381407
46.202027,416,1891.609558,synthetic_track_0,0.31208500276439854,51.20202722788285
37.556384,361,1892.091861,synthetic_track_0,0.25938834754792706,42.55638404954321
48.096964,412,1892.630648,synthetic_track_0,0.3236349616154461,53.096963871213674
48.434049,413,1893.173122,synthetic_track_0,0.32568955367445157,53.43404920891191
43.598574,393,1893.746094,synthetic_track_0,0.2962165187177415,48.59857449857777
48.013034,409,1894.64508,synthetic_track_0,0.3231233965080144,53.01303426765203
27.591174,296,1895.006099,synthetic_track_0,0.19864870938921786,32.59117399694162
44.197716,399,1895.631331,synthetic_track_0,0.2998683853396748,49.1977156702219
47.465333,407,1896.183864,synthetic_track_0,0.31978506602442075,52.46533320286978
40.638851,368,1896.715792,synthetic_track_0,0.2781765055371297,45.63885122484402
47.595799,410,1897.428981,synthetic_track_0,0.3205802745879214,52.595798589413654
46.69668,404,1897.985862,synthetic_track_0,0.315099997077961,51.69668034984487
48.329438,415,1898.503935,synthetic_track_0,0.3250519336680323,53.329438488625655
47.839775,415,1899.046085,synthetic_track_0,0.3220673507089555,52.839774786169905
47.095799,406,1899.808943,synthetic_track_0,0.3175326901560579,52.09579859044752
47.322705,402,1900.695459,synthetic_track_0,0.3189157257683112,52.32270544738862
49.583321,428,1901.306095,synthetic_track_0,0.33269455863595254,54.583320886798326
48.063495,406,1902.008919,synthetic_track_0,0.3234309653998213,53.06349536201175
47.32861,410,1902.779562,synthetic_track_0,0.3189517123402237,52.328609561391474
40.780884,375,1903.297046,synthetic_track_0,0.27904221905426985,45.78088396170584
42.068472,389,1904.104779,synthetic_track_0,0.28689028674199313,47.06847218886724
46.853438,409,1904.664557,synthetic_track_0,0.316055461224865,51.8534379666214
47.856231,405,1905.234066,synthetic_track_0,0.3221676558378996,52.85623128327102
46.844106,406,1905.860703,synthetic_track_0,0.31599858186690133,51.84410609098059
47.695799,419,1906.454122,synthetic_track_0,0.32118979153877386,52.69579859978572
48.831857,425,1907.786622,synthetic_track_0,0.32811425705240493,53.83185662444873
42.792682,380,1908.313804,synthetic_track_0,0.29130446624284617,47.79268173751404
47.59367,413,1908.861543,synthetic_track_0,0.3205673009440963,52.59367007680173
37.222809,349,1909.389621,synthetic_track_0,0.2573551535792373,42.2228093759053
40.588259,371,1909.884971,synthetic_track_0,0.2778681374843781,45.588259016652856
51.392546,435,1910.923033,synthetic_track_0,0.3437220904769186,56.39254587542665
0.790327,113,1911.095115,synthetic_track_0,0.03529302254156471,5.790327266996834
49.246645,415,1911.761317,synthetic_track_0,0.3306424593150539,54.2466445185901
47.817682,408,1912.359668,synthetic_track_0,0.32193268895746285,52.817681591670315
48.634779,405,1912.929614,synthetic_track_0,0.3269130348086949,53.634778862030224
47.720055,409,1913.476349,synthetic_track_0,0.3213376376488768,52.720054877684284
47.028102,407,1914.545897,synthetic_track_0,0.31712006696969086,52.02810183015439
47.972832,420,1915.110966,synthetic_track_0,0.32287835832757306,52.972832234629955
45.892708,404,1915.679004,synthetic_track_0,0.3101996517332299,50.89270831163588
43.859988,392,1916.238148,synthetic_track_0,0.29780987605942383,48.8599876561147
45.244099,401,1916.809083,synthetic_track_0,0.3062462714617148,50.244099495091426
47.399818,409,1918.258748,synthetic_track_0,0.31938573964166017,52.3998179741923
46.983698,402,1918.830557,synthetic_track_0,0.3168494176854518,51.983697927698124
38.615176,366,1919.356617,synthetic_track_0,0.2658418652644513,43.61517632379598
47.831099,407,1919.911979,synthetic_track_0,0.32201447012757334,52.831098967262335
42.935567,377,1920.504187,synthetic_track_0,0.2921753790299879,47.935567489297526
48.38082,406,1921.508617,synthetic_track_0,0.32536511377510735,53.38082018344485
34.399199,335,1921.982975,synthetic_track_0,0.24014476853695743,39.39919851434011
47.741712,414,1922.531462,synthetic_track_0,0.3214696396885254,52.741711708254016
40.636168,373,1923.091506,synthetic_track_0,0.2781601517629828,45.63616815330347
32.413277,320,1923.531186,synthetic_track_0,0.22804024107769172,37.413276925477774
47.102225,421,1924.097128,synthetic_track_0,0.3175718601966552,52.102224998212755
48.747624,413,1924.981753,synthetic_track_0,0.32760084235618736,53.74762356928083
51.480752,434,1925.62211,synthetic_track_0,0.34425972456083964,56.48075246901405
43.329836,378,1926.123192,synthetic_track_0,0.29457850915394834,48.32983550265688
47.703134,408,1926.651062,synthetic_track_0,0.32123450039903656,52.703133730471976
46.928102,411,1927.197107,synthetic_track_0,0.3165105501633603,51.92810184349323
48.188167,414,1927.947138,synthetic_track_0,0.3241908619380574,53.18816730361899
47.595799,415,1928.489118,synthetic_track_0,0.3205802745879213,52.59579858941365
44.334016,386,1929.03213,synthetic_track_0,0.3006991561221159,49.33401554956853
47.628849,412,1929.64933,synthetic_track_0,0.32078172110474795,52.62884878390603
42.834652,391,1930.156846,synthetic_track_0,0.2915602843685681,47.8346523753934
47.557361,401,1931.487609,synthetic_track_0,0.3203459886011169,52.55736060819311
51.129571,429,1932.175163,synthetic_track_0,0.3421192168244489,56.129571430420825
47.758271,412,1932.706987,synthetic_track_0,0.32157057299478586,52.75827126686648
43.47593,387,1933.232148,synthetic_track_0,0.2954689797933242,48.47593000101178
50.343644,428,1933.763257,synthetic_track_0,0.3373288544443075,55.34364367725483
47.530392,406,1935.110992,synthetic_track_0,0.3201816099312066,52.53039192639847
40.894482,369,1935.629092,synthetic_track_0,0.2797346197415843,45.89448223951621
43.296287,383,1936.143966,synthetic_track_0,0.2943740265462372,48.29628719384706
48.359426,423,1936.784182,synthetic_track_0,0.32523471200557996,53.35942590017342
47.595799,408,1937.298768,synthetic_track_0,0.3205802745879213,52.59579858941365
47.206294,401,1938.047347,synthetic_track_0,0.3182061773265949,52.206293834172826
50.53649,434,1938.712272,synthetic_track_0,0.33850428303305263,55.53648962009815
42.947971,380,1939.284059,synthetic_track_0,0.292250981546285,47.94797116798651
48.444204,413,1939.903971,synthetic_track_0,0.32575145174434217,53.444204476328856
45.398867,401,1940.560027,synthetic_track_0,0.3071896037334291,50.398866703491116
46.350535,398,1941.844169,synthetic_track_0,0.3129901852938884,51.350535423120064
48.061915,412,1942.375596,synthetic_track_0,0.3234213315998665,53.06191479875743
47.475127,404,1942.887713,synthetic_track_0,0.31984476197664896,52.47512718125486
47.518352,405,1943.668063,synthetic_track_0,0.3201082236056702,52.518351845635266
41.368163,373,1944.237983,synthetic_track_0,0.2826217839373673,46.36816299461308
43.162089,383,1945.521471,synthetic_track_0,0.29355606637223425,48.16208907881543
41.718886,371,1946.020149,synthetic_track_0,0.2847594976994346,46.718885641588265
38.999765,358,1946.542089,synthetic_track_0,0.26818599935964077,43.99976519126652
48.063495,412,1947.08963,synthetic_track_0,0.3234309653998213,53.06349536201175
48.292192,410,1947.673065,synthetic_track_0,0.3248249082930353,53.292191715057385
49.418127,423,1948.325128,synthetic_track_0,0.33168767357847895,54.41812693107649
46.687883,401,1949.457574,synthetic_track_0,0.3150463730361248,51.68788255557138
46.895799,402,1950.173198,synthetic_track_0,0.316313656632406,51.89579863172843
51.158981,443,1950.856729,synthetic_track_0,0.3422984738636722,56.158981122401535
45.960405,396,1951.629536,synthetic_track_0,0.31061227491959686,50.960405071929
47.921178,407,1952.826021,synthetic_track_0,0.322563520014222,52.92117848725412
42.686241,387,1953.373965,synthetic_track_0,0.29065569011528536,47.68624069531745
47.862362,415,1953.944093,synthetic_track_0,0.32220502578283505,52.86236235948789
48.093178,401,1954.572499,synthetic_track_0,0.323611884450322,53.09317773081424
36.129529,345,1955.029897,synthetic_track_0,0.2506914253507381,41.129529047877476
47.509857,403,1955.703203,synthetic_track_0,0.3200564465680214,52.50985707892751
34.514878,333,1956.892079,synthetic_track_0,0.240849852219644,39.51487761970906
46.35013,400,1957.406088,synthetic_track_0,0.3129877117429704,51.350129601563985
48.481837,418,1957.954212,synthetic_track_0,0.3259808311287547,53.48183745895274
34.80082,336,1958.457179,synthetic_track_0,0.24259271704727772,39.80081962771509
48.120067,415,1959.129578,synthetic_track_0,0.32377577987484235,53.12006712926173
47.863495,415,1960.327102,synthetic_track_0,0.3222119315962358,52.86349535736553
31.349925,315,1960.728677,synthetic_track_0,0.22155893415036343,36.34992543205194
46.160405,408,1961.352401,synthetic_track_0,0.31183130874154436,51.16040507958776
45.535791,409,1961.893056,synthetic_track_0,0.3080241824514894,50.53579132937003
47.00749,411,1962.42215,synthetic_track_0,0.31699443215620926,52.007489634490796
39.178361,356,1964.179399,synthetic_track_0,0.26927456973454234,44.17836079657106
50.124174,439,1964.807089,synthetic_track_0,0.3359911499395842,55.12417403960162
48.39499,412,1965.37308,synthetic_track_0,0.32545148257509604,53.39499022561121
40.478815,364,1965.925151,synthetic_track_0,0.27720106027940744,45.478815419846015
8.210051,173,1966.150782,synthetic_track_0,0.08051749388276991,13.210051356485025
42.469965,383,1966.716002,synthetic_track_0,0.2893374520628881,47.469964808767934
47.173585,407,1968.29587,synthetic_track_0,0.3180068130765667,52.173585265456644
48.376217,406,1968.852058,synthetic_track_0,0.3253370569043051,53.376217050804634
40.974843,369,1969.353453,synthetic_track_0,0.28022443026181665,45.97484269058335
47.863495,416,1969.884181,synthetic_track_0,0.32221193159623585,52.86349535736554
42.78067,374,1970.441055,synthetic_track_0,0.2912312512052621,47.78066975899965
40.444021,382,1971.127206,synthetic_track_0,0.27698898148430035,45.444020847388686
42.556846,381,1971.654181,synthetic_track_0,0.2898670077771405,47.556846029780345
48.189868,405,1972.271137,synthetic_track_0,0.3242012294342455,53.18986824027857
48.557836,399,1972.94875,synthetic_track_0,0.3264440547440446,53.557835946392316
43.745871,379,1973.503217,synthetic_track_0,0.2971143187539771,48.745871489760745
48.993242,406,1974.069127,synthetic_track_0,0.32909792649779834,53.99324172555944
54.788815,434,1975.878053,synthetic_track_0,0.3644229227558448,59.78881473998847
48.207603,405,1976.425166,synthetic_track_0,0.32430932770273896,53.2076033138568
46.946212,395,1976.999663,synthetic_track_0,0.31662093597879665,51.94621222200382
47.864571,402,1977.605992,synthetic_track_0,0.32221848711641343,52.864570884608604
43.587665,375,1978.143214,synthetic_track_0,0.2961500229354574,48.58766491040501
53.339511,434,1978.877519,synthetic_track_0,0.3555891744952324,58.339511457364544
47.725837,403,1979.475588,synthetic_track_0,0.3213728799361182,52.72583688109657
47.757646,405,1979.998822,synthetic_track_0,0.3215667616954682,52.75764596847115
42.446716,373,1980.478929,synthetic_track_0,0.2891957476569627,47.44671616565394
49.81867,414,1981.033591,synthetic_track_0,0.33412905157818623,54.81867005781217
50.044449,407,1981.825174,synthetic_track_0,0.3355052130578806,55.04444911457277
41.521164,376,1982.305044,synthetic_track_0,0.2835543528326625,46.5211643165152
34.663673,335,1982.739717,synthetic_track_0,0.24175678347556465,39.66367271863447
47.381347,411,1983.352048,synthetic_track_0,0.3192731543956182,52.3813467475001
40.529395,363,1983.922047,synthetic_track_0,0.27750935149819433,45.52939502232169
43.359159,378,1985.288912,synthetic_track_0,0.2947572394136791,48.359158768895625
47.010272,399,1985.884145,synthetic_track_0,0.31701138872278894,52.01027160278794
42.615329,378,1986.47956,synthetic_track_0,0.2902234723795587,47.61532916776238
47.128102,427,1987.044022,synthetic_track_0,0.31772958392054335,52.12810184052646
49.061471,417,1987.56235,synthetic_track_0,0.3295137966989651,54.06147120526783
49.225566,427,1988.428779,synthetic_track_0,0.3305139840264293,54.225566302181115
48.280674,404,1988.982221,synthetic_track_0,0.32475470439216586,53.28067375677045
45.025012,391,1989.50897,synthetic_track_0,0.3049108935050833,50.02501156106924
47.987391,414,1990.082114,synthetic_track_0,0.32296709837212134,52.98739131352487
48.558325,413,1990.643165,synthetic_track_0,0.326447032782932,53.558324536445824
29.790095,306,1991.504068,synthetic_track_0,0.21205150165459774,34.79009457442194
34.845128,339,1992.010611,synthetic_track_0,0.24286278556353827,39.84512824684283
48.501958,415,1992.596879,synthetic_track_0,0.32610347049484245,53.50195820844731
50.234293,410,1993.175519,synthetic_track_0,0.3366623427963178,55.2342928681939
48.182433,404,1993.723279,synthetic_track_0,0.32415591018100054,53.18243296585641
50.055703,423,1994.346146,synthetic_track_0,0.3355738059687543,55.05570276681202
42.71073,385,1995.128795,synthetic_track_0,0.29080495707115117,47.71073008337124
49.012229,431,1995.771597,synthetic_track_0,0.32921365434054695,54.01222854037897
48.248751,415,1996.30109,synthetic_track_0,0.32456013066003264,53.24875114132187
48.238393,402,1996.978694,synthetic_track_0,0.32449699378771013,53.23839263057286
43.194108,380,1997.475077,synthetic_track_0,0.29375122572695367,48.194107774060654
28.660193,300,1998.849555,synthetic_track_0,0.20516455923546492,33.66019275236128
47.135462,408,1999.437367,synthetic_track_0,0.3177744428340037,52.13546158959503
47.145656,400,2000.004292,synthetic_track_0,0.31783657913118735,52.1456559416211
48.28875,407,2000.541079,synthetic_track_0,0.324803932838758,53.288750390509556
49.18475,439,2001.127648,synthetic_track_0,0.3302652018956957,54.18475002033867
32.556944,326,2002.249129,synthetic_track_0,0.22891591336341183,37.55694354136445
47.62026,401,2002.767224,synthetic_track_0,0.3207293701074868,52.62025985088
51.640065,426,2003.311034,synthetic_track_0,0.34523075932337777,56.64006466892849
47.695799,403,2003.808021,synthetic_track_0,0.3211897915387738,52.69579859978571
43.197243,387,2004.374404,synthetic_track_0,0.2937703327026837,48.19724254786557
44.534435,390,2005.183125,synthetic_track_0,0.3019207466629682,49.534435023686164
49.215185,410,2005.828928,synthetic_track_0,0.3304507060879809,54.21518464750799
47.768424,402,2006.398036,synthetic_track_0,0.3216324568750684,52.768424206274425
48.159783,413,2007.051197,synthetic_track_0,0.324017854416616,53.15978293479317
43.13899,390,2007.595044,synthetic_track_0,0.2934152712159735,48.1389896111686
50.947615,439,2008.563211,synthetic_track_0,0.341010159935931,55.94761471830661
45.969144,397,2009.152034,synthetic_track_0,0.3106655387755302,50.96914377253173
37.906921,360,2009.687926,synthetic_track_0,0.26152493167223967,42.90692136321959
47.050038,407,2010.278823,synthetic_track_0,0.31725377257512977,52.0500381551606
45.785826,410,2010.878109,synthetic_track_0,0.30954818814800844,50.7858263534097
37.34136,351,2012.715935,synthetic_track_0,0.2580777384779996,42.34135980714411
48.536696,407,2013.275909,synthetic_track_0,0.32631520193266006,53.53669579195215
46.033632,397,2013.85318,synthetic_track_0,0.3110586055784994,51.03363202723713
46.832884,399,2014.379633,synthetic_track_0,0.31593017964624415,51.83288372421028
47.362588,410,2014.976033,synthetic_track_0,0.3191588195555768,52.362588474782605
47.385589,404,2015.632108,synthetic_track_0,0.3192990135685419,52.38558931623747
45.563031,395,2017.140795,synthetic_track_0,0.3081902147526851,50.56303131312839
37.259079,348,2017.657326,synthetic_track_0,0.257576225961202,42.259079475462876
46.782973,400,2018.249825,synthetic_track_0,0.31562596606007637,51.78297311593342
47.725908,399,2018.80209,synthetic_track_0,0.32137331224740723,52.72590780797289
46.674276,399,2019.413125,synthetic_track_0,0.3149634366245634,51.67427564602642
49.83753,410,2020.584133,synthetic_track_0,0.33424400830108975,54.83753035934539
42.231287,372,2021.130612,synthetic_track_0,0.28788266917537175,47.231286780802904
48.063495,408,2021.768043,synthetic_track_0,0.3234309653998213,53.06349536201175
48.816391,414,2022.33796,synthetic_track_0,0.3280199893180801,53.81639064865093
45.238624,393,2022.873213,synthetic_track_0,0.3062128951321266,50.238623628833174
47.963495,408,2024.195032,synthetic_track_0,0.3228214485139013,52.9634953622928
45.636534,397,2024.739637,synthetic_track_0,0.3086382251805394,50.63653385865984
48.163495,404,2025.318135,synthetic_track_0,0.32404048220615184,53.16349534867291
47.950297,402,2025.866106,synthetic_track_0,0.322740999302061,52.95029651358612
37.986859,358,2026.345873,synthetic_track_0,0.2620121627467607,42.98685861916883
45.649864,396,2027.807062,synthetic_track_0,0.3087194725569975,50.64986365773622
47.634994,401,2028.356877,synthetic_track_0,0.32081917458087184,52.63499356461413
48.087101,407,2028.9271,synthetic_track_0,0.3235748479015817,53.087101353031805
46.092708,396,2029.458934,synthetic_track_0,0.31141868564074543,51.09270833333332
44.129928,385,2030.004157,synthetic_track_0,0.2994552099583569,49.12992831441582
46.105585,400,2031.057361,synthetic_track_0,0.31149716983054365,51.10558479195008
48.650255,413,2031.666723,synthetic_track_0,0.327007361805938,53.65025456076098
40.891422,367,2032.169643,synthetic_track_0,0.27971596445827324,45.89142157234035
47.216604,408,2032.697897,synthetic_track_0,0.31826901802784124,52.21660375380284
46.808288,421,2033.235988,synthetic_track_0,0.3157802630050735,51.8082877459507
46.550102,398,2034.087553,synthetic_track_0,0.3142065769410359,51.55010194405293
53.833829,444,2034.708987,synthetic_track_0,0.3586021255068742,58.83382934629823
42.329977,377,2035.192065,synthetic_track_0,0.2884842031313847,47.32997706621057
48.60991,412,2035.725119,synthetic_track_0,0.32676145604540224,53.60991018876323
47.750892,408,2036.295186,synthetic_track_0,0.3215255922589545,52.75089153108819
51.674657,426,2037.766309,synthetic_track_0,0.34544160455856476,56.67465685816311
46.12376,400,2038.469704,synthetic_track_0,0.31160794856878377,51.12375963509024
49.012791,416,2039.065052,synthetic_track_0,0.32921708138426486,54.012790796124044
41.591901,371,2039.605027,synthetic_track_0,0.28398550315814475,46.59190072008829
37.72698,353,2040.17893,synthetic_track_0,0.2604281570413614,42.7269797318831
44.059492,389,2040.836454,synthetic_track_0,0.2990258868488968,49.05949169187574
47.395799,408,2042.485127,synthetic_track_0,0.3193612408956708,52.39579860303353
48.682492,409,2043.033062,synthetic_track_0,0.3272038570450594,53.68249242702986
45.042803,398,2043.55656,synthetic_track_0,0.3050193349318165,50.04280293468553
45.852141,394,2044.034384,synthetic_track_0,0.30995238848600065,50.85214122444828
47.473666,406,2044.553458,synthetic_track_0,0.3198358566766612,52.473666138883694
47.210346,408,2045.44309,synthetic_track_0,0.3182308761737012,52.210346034793915
48.280708,413,2045.957618,synthetic_track_0,0.32475491444287086,53.28070821860559
45.860405,398,2046.45788,synthetic_track_0,0.31000275803512795,50.86040507244811
48.410208,407,2047.201906,synthetic_track_0,0.3255442378575845,53.41020806196168
49.062035,421,2047.797092,synthetic_track_0,0.3295172301771374,54.06203451667757
47.493716,434,2049.42714,synthetic_track_0,0.31995806469651406,52.49371611983293
40.626513,372,2049.903324,synthetic_track_0,0.2781013004247321,45.62651274597271
47.280883,422,2050.427176,synthetic_track_0,0.3186608114145835,52.28088308628595
46.323749,409,2051.054142,synthetic_track_0,0.31282691854881733,51.32374916856605
47.049645,420,2051.706839,synthetic_track_0,0.317251377893381,52.049645273224534
41.731959,374,2052.693063,synthetic_track_0,0.28483918107201656,46.731958843364744
52.017303,432,2053.331027,synthetic_track_0,0.3475300905396287,57.017302980598586
49.942945,434,2053.954548,synthetic_track_0,0.3348865259391615,54.94294460644968
47.563495,417,2054.532975,synthetic_track_0,0.32038338088981944,52.563495350225885
45.476324,411,2055.148663,synthetic_track_0,0.30766172078316434,50.47632428658921
43.953447,386,2056.200305,synthetic_track_0,0.2983795250468176,48.95344675445173
47.960737,412,2056.759671,synthetic_track_0,0.32280463313148844,52.96073655728606
47.93171,412,2057.319733,synthetic_track_0,0.3226277118502835,52.931710079957114
48.530297,411,2057.991106,synthetic_track_0,0.3262761994707029,53.53029687786978
28.342319,309,2058.393284,synthetic_track_0,0.20322706703922733,33.34231932907327
43.897086,392,2059.898901,synthetic_track_0,0.29803599919218154,48.89708640388457
46.382497,402,2060.422103,synthetic_track_0,0.313184999148418,51.382497434096685
47.539293,413,2061.04219,synthetic_track_0,0.320235860836433,52.53929256661487
46.214876,409,2061.56312,synthetic_track_0,0.31216331573182754,51.214875595010646
49.126378,417,2062.163083,synthetic_track_0,0.32990941463960316,54.12637801075019
51.012738,431,2063.114296,synthetic_track_0,0.3414070989800239,56.01273826978594
47.133024,420,2063.737263,synthetic_track_0,0.31775958656588027,52.133024205426544
47.862465,417,2064.354558,synthetic_track_0,0.32220565300720294,52.86246526465436
45.99889,403,2064.931051,synthetic_track_0,0.31084684572616744,50.99888978192309
47.763495,419,2065.537138,synthetic_track_0,0.32160241477770674,52.763495368703026
54.033299,453,2066.986509,synthetic_track_0,0.3598179280147097,59.03329921046507
48.111691,412,2067.541032,synthetic_track_0,0.32372472766619165,53.11169128116194
46.925657,418,2068.123135,synthetic_track_0,0.31649564562858834,51.925656540487786
48.222076,415,2068.686718,synthetic_track_0,0.3243975418567353,53.222076112853216
52.135496,441,2069.248025,synthetic_track_0,0.34825049738855596,57.13549607147829
41.520969,374,2070.113243,synthetic_track_0,0.28355316345960474,46.52096918278193
47.603521,407,2070.673037,synthetic_track_0,0.3206273447860147,52.60352113148728
31.417402,326,2071.121074,synthetic_track_0,0.2219702128851207,36.41740161574792
47.395799,413,2071.707647,synthetic_track_0,0.31936124089567075,52.395798603033526
48.124927,424,2072.321923,synthetic_track_0,0.3238054007602651,53.124926860964614
48.84034,409,2073.281909,synthetic_track_0,0.32816596217872473,53.8403395930701
53.089538,429,2073.897942,synthetic_track_0,0.35406554374904053,58.08953794931152
47.695799,412,2074.481545,synthetic_track_0,0.3211897915387738,52.69579859978571
49.094102,415,2075.041405,synthetic_track_0,0.32971268675561405,54.09410197574924
30.353726,312,2075.450937,synthetic_track_0,0.21548693077819997,35.35372606574014
43.620253,391,2076.447255,synthetic_track_0,0.29634865322544846,48.620253062435125
48.586146,410,2077.000125,synthetic_track_0,0.32661661104020956,53.58614628523052
49.671811,416,2077.542118,synthetic_track_0,0.3332339180442664,54.671810544633466
53.530276,445,2078.117215,synthetic_track_0,0.35675191444238463,58.53027564630566
47.495799,412,2078.648859,synthetic_track_0,0.3199707577815908,52.49579860275249
53.284788,430,2079.616716,synthetic_track_0,0.35525562358958696,58.28478764045099
59.058486,457,2080.227248,synthetic_track_0,0.3904472875645545,64.05848557876905
46.53859,408,2080.763065,synthetic_track_0,0.314136408935827,51.53858987496468
44.948542,394,2081.35561,synthetic_track_0,0.3044447964406185,49.948541643020725
52.604505,438,2081.948007,synthetic_track_0,0.35110918654066897,57.604505086669725
54.302588,444,2083.308052,synthetic_track_0,0.36145928927117604,59.30258809970985
48.193485,419,2083.910553,synthetic_track_0,0.324223276734833,53.19348541660868
50.635053,422,2084.484945,synthetic_track_0,0.3391050417767795,55.6350527207958
42.984981,381,2085.016192,synthetic_track_0,0.29247656234402303,47.98498093790676
53.093422,433,2085.597977,synthetic_track_0,0.35408921778592245,58.09342201509579
47.661008,402,2087.107836,synthetic_track_0,0.32097773752111025,52.661008092423884
48.641919,405,2087.63897,synthetic_track_0,0.3269565555476204,53.64191906434595
46.643368,399,2088.204101,synthetic_track_0,0.3147750478799966,51.64336776662404
48.058592,410,2088.792104,synthetic_track_0,0.3234010815729754,53.05859249099173
47.79564,404,2089.325163,synthetic_track_0,0.32179834229298615,52.79564009172133
52.726955,431,2090.505954,synthetic_track_0,0.3518555386742576,57.7269548741542
42.149657,373,2091.033358,synthetic_track_0,0.2873851226628496,47.14965712908738
47.755427,411,2091.59231,synthetic_track_0,0.3215532361005059,52.7554269003474
39.664621,364,2092.110723,synthetic_track_0,0.2722384087952832,44.664621164557026
44.359862,385,2092.692951,synthetic_track_0,0.30085669358361694,49.3598618328623
52.671439,433,2093.869678,synthetic_track_0,0.351517161191864,57.67143918800026
48.774183,408,2094.373892,synthetic_track_0,0.32776272371045634,53.77418253057519
46.303809,398,2094.950773,synthetic_track_0,0.3127053783385944,51.30380875137845
46.325669,404,2095.492092,synthetic_track_0,0.3128386191412831,51.32566881881745
50.50234,414,2096.060634,synthetic_track_0,0.33829613283633103,55.50233959063303
47.395799,402,2097.126281,synthetic_track_0,0.3193612408956708,52.39579860303353
47.408611,405,2097.743165,synthetic_track_0,0.31943933664645313,52.40861133265053
50.851428,430,2098.375959,synthetic_track_0,0.3404238847713684,55.851427856800726
42.01305,375,2098.916008,synthetic_track_0,0.28655248123763605,47.0130503439256
43.334637,378,2099.481123,synthetic_track_0,0.294607772184066,48.33463652305703
47.35908,404,2100.799569,synthetic_track_0,0.31913743729169025,52.35908040727531
47.757561,408,2101.349552,synthetic_track_0,0.3215662427239052,52.75756082373217
47.638037,406,2101.931962,synthetic_track_0,0.3208377278151094,52.638037489173726
47.073881,396,2102.474138,synthetic_track_0,0.317399100942438,52.07388136119097
47.889678,405,2103.096183,synthetic_track_0,0.3223715217134236,52.889678408307326
46.266437,394,2104.311581,synthetic_track_0,0.31247759121446284,51.26643700192354
48.039167,404,2104.884103,synthetic_track_0,0.32328268248925873,53.03916742072395
29.308992,306,2105.558689,synthetic_track_0,0.20911910010593265,34.30899198183378
48.263495,411,2106.205232,synthetic_track_0,0.3246499991570043,53.263495359044974
42.952496,378,2106.937329,synthetic_track_0,0.29227855982765166,47.95249578115577
42.92195,374,2107.468101,synthetic_track_0,0.29209238104948687,47.92195047848371
46.904953,395,2108.909815,synthetic_track_0,0.3163694544431103,51.90495306400692
39.80207,366,2109.393006,synthetic_track_0,0.27307618385367777,44.802070195977294
47.469194,405,2109.939853,synthetic_track_0,0.319808601220411,52.46919448981158
46.66538,396,2110.480276,synthetic_track_0,0.31490921370658975,51.665379597520825
49.566995,410,2111.048944,synthetic_track_0,0.33259505112724114,54.56699525075273
47.595799,408,2112.328672,synthetic_track_0,0.3205802745879213,52.59579858941365
49.109777,409,2112.914663,synthetic_track_0,0.32980822762401335,54.10977682747818
42.662509,380,2113.41422,synthetic_track_0,0.29051103920084365,47.662508635160194
63.824017,481,2114.223177,synthetic_track_0,0.41949400435994166,68.82401667146556
47.968085,404,2114.69414,synthetic_track_0,0.3228494235770337,52.96808507320976
46.995799,412,2115.768152,synthetic_track_0,0.31692317327158886,51.995798590966615
48.815046,420,2116.321078,synthetic_track_0,0.32801179569278777,53.81504636673544
46.460394,401,2116.831253,synthetic_track_0,0.31365978973681674,51.46039364961297
47.984902,403,2117.386702,synthetic_track_0,0.32295192740651235,52.98490229871382
47.60436,402,2117.957654,synthetic_track_0,0.32063245958541553,52.60436028779363
54.768209,443,2119.009726,synthetic_track_0,0.3642973244380874,59.76820853197261
47.891569,406,2119.596213,synthetic_track_0,0.3223830463142298,52.891569184599184
45.192708,388,2120.149988,synthetic_track_0,0.3059330337777145,50.192708353950664
52.6716,426,2120.737283,synthetic_track_0,0.3515181392433066,57.671599651387325
44.97523,391,2121.280575,synthetic_track_0,0.3046074676550094,49.97523019221296
47.795799,407,2121.949674,synthetic_track_0,0.3217993084954369,52.79579861111109
47.879868,406,2122.505174,synthetic_track_0,0.3223117266735085,52.879868173164
49.372194,412,2123.034261,synthetic_track_0,0.33140770738997877,54.37219445665607
48.258552,415,2123.572946,synthetic_track_0,0.3246198673095306,53.25855179667859
48.514672,402,2124.13319,synthetic_track_0,0.3261809616065443,53.51467173833863
48.063495,404,2125.099999,synthetic_track_0,0.3234309653998213,53.06349536201175
47.17805,408,2125.622216,synthetic_track_0,0.31803402347450127,52.178049522064896
46.4069,394,2126.147972,synthetic_track_0,0.31333373713067386,51.40690003643203
46.532054,400,2126.716124,synthetic_track_0,0.3140965746515535,51.53205448848372
47.863495,402,2127.234064,synthetic_track_0,0.3222119315962358,52.86349535736553
27.003391,290,2127.879846,synthetic_track_0,0.19506607361057623,32.00339113951262
47.186866,406,2128.450712,synthetic_track_0,0.3180877621145381,52.1868661178192
47.763049,402,2129.055231,synthetic_track_0,0.3215996919098678,52.76304864312508
46.628102,404,2129.59214,synthetic_track_0,0.3146819995412457,51.62810185018451
45.860405,395,2130.186524,synthetic_track_0,0.31000275803512795,50.86040507244811
46.360405,395,2130.84527,synthetic_track_0,0.31305034254512987,51.36040508423398
45.435091,392,2131.375002,synthetic_track_0,0.30741039417914295,50.43509054735724
42.761283,372,2131.869558,synthetic_track_0,0.2911130872985545,47.7612832728981
47.763495,401,2132.425212,synthetic_track_0,0.32160241477770674,52.763495368703026
49.855831,403,2132.970309,synthetic_track_0,0.33435555225451846,54.85583074702816
47.322682,405,2133.793146,synthetic_track_0,0.3189155800580462,52.3226815415268
49.048733,415,2134.421808,synthetic_track_0,0.32943615677086957,54.04873325990966
47.495799,402,2135.032244,synthetic_track_0,0.3199707577815908,52.49579860275249
47.795799,401,2135.696662,synthetic_track_0,0.3217993084954369,52.79579861111109
52.388977,426,2136.384095,synthetic_track_0,0.34979550716104696,57.388977115865906
41.631056,368,2136.97867,synthetic_track_0,0.28422415915887644,46.63105566486078
49.443485,410,2138.004356,synthetic_track_0,0.3318422348166036,54.44348492217742
46.449981,395,2138.595942,synthetic_track_0,0.3135963233913683,51.44998108406537
49.167156,404,2139.230633,synthetic_track_0,0.3301579621895638,54.16715580624751
34.97054,334,2139.734071,synthetic_track_0,0.24362719158103796,39.9705400332936
47.163969,402,2140.435231,synthetic_track_0,0.31794820107946237,52.163969125478644
42.479611,375,2142.293699,synthetic_track_0,0.2893962451502433,47.47961065920263
47.274486,402,2142.96891,synthetic_track_0,0.31862181746437773,52.27448556867864
46.584068,395,2143.589328,synthetic_track_0,0.3144136032689745,51.58406758670191
46.797833,402,2144.203012,synthetic_track_0,0.31571654254314657,51.797833488944896
47.851381,415,2144.882114,synthetic_track_0,0.3221380928453386,52.85138104972363
46.428102,393,2145.989006,synthetic_track_0,0.3134629656533584,51.428101831707366
43.758633,377,2146.645772,synthetic_track_0,0.2971921012840896,48.758632831028024
50.15687,410,2147.304156,synthetic_track_0,0.336190439108406,55.1568702901675
57.599729,451,2148.019778,synthetic_track_0,0.3815559185443149,62.59972878291255
59.235367,465,2148.729832,synthetic_track_0,0.3915254088433401,64.2353668597738
46.628102,401,2150.382227,synthetic_track_0,0.3146819995412457,51.62810185018451
45.939425,399,2150.996538,synthetic_track_0,0.3104843951960315,50.93942456652217
47.882926,419,2151.671811,synthetic_track_0,0.32233036266496756,52.88292567523444
46.060405,407,2152.308619,synthetic_track_0,0.31122179192301525,51.06040509092525
47.551718,411,2152.958958,synthetic_track_0,0.3203115986860694,52.55171844868198
48.063495,411,2154.365242,synthetic_track_0,0.3234309653998213,53.06349536201175
46.455377,403,2155.123081,synthetic_track_0,0.3136292106301976,51.455376707959736
39.895562,361,2155.728762,synthetic_track_0,0.27364603028176143,44.89556168729538
47.795799,412,2156.424293,synthetic_track_0,0.3217993084954369,52.79579861111109
44.468145,386,2157.183983,synthetic_track_0,0.3015166963168669,49.46814476097165
47.291901,402,2158.515826,synthetic_track_0,0.31872796801506814,52.29190109117592
46.828102,399,2159.251194,synthetic_track_0,0.3159010332774403,51.82810184377427
46.935201,400,2159.960741,synthetic_track_0,0.3165538185037991,51.935200636211974
42.880528,383,2160.589728,synthetic_track_0,0.2918399027912675,47.88052779383918
45.963772,399,2161.283121,synthetic_track_0,0.31063279956274525,50.963772434436066
54.428032,442,2162.314737,synthetic_track_0,0.3622238900614702,59.42803184143511
47.963495,412,2162.944279,synthetic_track_0,0.32282144851390127,52.96349536229279
46.428102,403,2163.561092,synthetic_track_0,0.31346296565335835,51.42810183170736
49.062378,407,2164.234047,synthetic_track_0,0.32951932246103915,54.06237778590344
47.095799,398,2164.971246,synthetic_track_0,0.31753269015605784,52.095798590447515
46.092292,399,2167.127226,synthetic_track_0,0.311416147886619,51.09229197831872
47.057147,400,2167.878891,synthetic_track_0,0.31729710390604626,52.05714728237196
43.361889,387,2168.548119,synthetic_track_0,0.294773881758591,48.36188918461495
55.399706,443,2169.415069,synthetic_track_0,0.36814640652647984,60.39970573352513
49.075329,415,2170.184304,synthetic_track_0,0.3295982633600841,54.07532917423191
48.3181,415,2171.773364,synthetic_track_0,0.324982823035491,53.31809989671071
43.060508,381,2172.480911,synthetic_track_0,0.2929369099458701,48.06050757403243
50.095695,406,2173.12873,synthetic_track_0,0.33581756354453807,55.0956946982465
47.118408,406,2173.879023,synthetic_track_0,0.31767050052362883,52.11840836063881
48.348988,407,2174.599607,synthetic_track_0,0.3251710939900968,53.348988450978176
46.901417,396,2175.86878,synthetic_track_0,0.31634790157241544,51.90141700600226
45.642087,393,2176.602233,synthetic_track_0,0.3086720723820811,50.64208697822526
46.804422,399,2177.258765,synthetic_track_0,0.31575670004354117,51.804421903672925
47.763495,414,2177.879272,synthetic_track_0,0.32160241477770674,52.763495368703026
47.963495,411,2178.582884,synthetic_track_0,0.32282144851390127,52.96349536229279
45.657777,392,2179.934297,synthetic_track_0,0.30876770359242306,50.657776651847485
48.927462,410,2180.65041,synthetic_track_0,0.3286969872517622,53.92746188349582
46.660405,397,2181.337101,synthetic_track_0,0.31487889325897594,51.660405092592576
47.729232,409,2182.012977,synthetic_track_0,0.3213935763673084,52.72923242789931
47.305074,413,2182.677146,synthetic_track_0,0.3188082561602968,52.30507351459153
43.356663,376,2183.952046,synthetic_track_0,0.29474202503516816,48.35666263157448
43.20929,374,2184.560923,synthetic_track_0,0.2938437638199482,48.20928997735512
45.860405,394,2185.27676,synthetic_track_0,0.31000275803512795,50.86040507244811
46.197554,398,2185.987624,synthetic_track_0,0.3120577388142728,51.19755418526845
48.174312,405,2186.674155,synthetic_track_0,0.3241064138861613,53.17431238776521
46.428102,407,2187.344277,synthetic_track_0,0.3134629656533584,51.428101831707366
46.628102,401,2188.721279,synthetic_track_0,0.3146819995412457,51.6281018501845
46.160405,400,2189.361999,synthetic_track_0,0.3118313087415443,51.160405079587754
46.815918,396,2190.00722,synthetic_track_0,0.31582676799423154,51.81591755738032
45.96342,401,2190.697209,synthetic_track_0,0.3106306529639982,50.963420254079686
47.168089,404,2191.431379,synthetic_track_0,0.3179733138811028,52.168089241286744
41.238601,371,2193.139024,synthetic_track_0,0.28183208404041993,46.23860138393907
48.523506,414,2193.776788,synthetic_track_0,0.3262348053265235,53.52350557396676
48.70798,409,2194.399913,synthetic_track_0,0.32735920705123916,53.70797982685943
46.328102,394,2195.064228,synthetic_track_0,0.3128534490141755,51.328101872469176
47.495799,405,2195.70128,synthetic_track_0,0.31997075778159084,52.495798602752494
46.360405,405,2196.816003,synthetic_track_0,0.3130503425451298,51.360405084233975
48.263495,407,2197.554371,synthetic_track_0,0.3246499991570043,53.263495359044974
46.807062,404,2198.167186,synthetic_track_0,0.3157727933209138,51.807062236976094
47.574611,418,2198.79529,synthetic_track_0,0.3204511309453549,52.57461071994083
47.745852,406,2199.473265,synthetic_track_0,0.3214948783144583,52.74585246734453
55.868216,447,2201.510965,synthetic_track_0,0.37100205659929,60.86821614410616
43.458586,385,2202.193375,synthetic_track_0,0.29536326709841865,48.458586315045004
47.34107,406,2202.873122,synthetic_track_0,0.31902766038825825,52.34106992952491
46.909391,402,2203.501446,synthetic_track_0,0.31639650524067614,51.909391135882316
45.500693,391,2204.113025,synthetic_track_0,0.3078102545817046,50.500693389653286
47.106012,404,2205.644665,synthetic_track_0,0.31759494366342744,52.10601217248809
46.11557,394,2206.309836,synthetic_track_0,0.311558033777554,51.11557039665525
46.260405,398,2207.009771,synthetic_track_0,0.3124408256592098,51.260405084515014
48.66296,404,2207.676212,synthetic_track_0,0.32708480353134844,53.66295998812185
47.663495,408,2208.356394,synthetic_track_0,0.3209928977742884,52.66349534970678
41.827335,377,2209.545355,synthetic_track_0,0.2854205128278701,46.827334667668985
48.100536,405,2210.195799,synthetic_track_0,0.3236567352555778,53.100536149615394
42.862589,374,2210.791262,synthetic_track_0,0.29173056041137235,47.862588605916145
43.537043,385,2211.538746,synthetic_track_0,0.29584147408653627,48.537043040005436
46.789977,405,2212.167213,synthetic_track_0,0.31566865634623203,51.78997707054433
47.801766,403,2213.30532,synthetic_track_0,0.3218356813362627,52.80176609807721
47.487427,413,2214.007175,synthetic_track_0,0.31991972984695993,52.4874267371543
47.028102,400,2214.659024,synthetic_track_0,0.31712006696969086,52.02810183015439
50.552982,417,2215.259608,synthetic_track_0,0.3386048085429359,55.552982273857694
45.043919,389,2215.849735,synthetic_track_0,0.30502613530084427,50.04391863289927
41.948151,371,2217.159652,synthetic_track_0,0.28615690735861243,46.948150767383964
47.024991,408,2217.832255,synthetic_track_0,0.317101106088325,52.024991025228296
45.559558,400,2218.549643,synthetic_track_0,0.30816904494000746,50.55955810129338
42.713278,377,2219.171051,synthetic_track_0,0.29082048483506145,47.713277636068355
57.939108,458,2219.942221,synthetic_track_0,0.3836244927703726,62.93910809594368
47.99138,406,2221.312375,synthetic_track_0,0.3229914122428173,52.991380353236366
46.702806,398,2221.957829,synthetic_track_0,0.3151373322412389,51.70280571963124
45.177568,391,2222.614279,synthetic_track_0,0.30584074792724814,50.17756753466594
47.141991,414,2223.375081,synthetic_track_0,0.31781424201795366,52.14199121736375
51.826387,435,2224.045367,synthetic_track_0,0.34636642408035667,56.826386784036586
46.60887,401,2225.97215,synthetic_track_0,0.3145647782371578,51.60887001158145
46.928102,401,2226.555902,synthetic_track_0,0.3165105501633603,51.92810184349323
46.328102,394,2227.221149,synthetic_track_0,0.3128534490141755,51.328101872469176
44.557315,396,2227.828859,synthetic_track_0,0.3020602028045183,49.55731480673724
45.292708,394,2228.496221,synthetic_track_0,0.30654255041689743,50.292708313188854
42.653391,376,2229.05969,synthetic_track_0,0.2904554672435014,47.65339125736972
47.486189,412,2229.959472,synthetic_track_0,0.3199121868817024,52.486189205363054
48.102755,409,2230.584079,synthetic_track_0,0.3236702606585544,53.102755186241126
48.534239,413,2231.361332,synthetic_track_0,0.3263002254677056,53.53423868776712
48.021928,404,2232.045738,synthetic_track_0,0.3231776037145714,53.02192773847406
48.13055,406,2232.834284,synthetic_track_0,0.32383967712106915,53.1305503902711
46.995799,407,2233.950316,synthetic_track_0,0.3169231732715889,51.99579859096662
31.854936,323,2234.517287,synthetic_track_0,0.2246370559915829,36.854935531636386
30.150692,310,2235.04332,synthetic_track_0,0.21424940169723783,35.1506916451898
44.938248,389,2235.726806,synthetic_track_0,0.3043820566239287,49.93824827495123
58.944399,472,2236.676423,synthetic_track_0,0.3897519085979716,63.94439867146722
48.087217,407,2238.388902,synthetic_track_0,0.32357555049861797,53.08721662416712
41.256474,371,2239.053563,synthetic_track_0,0.28194102317472547,46.25647441363126
50.940432,416,2239.747209,synthetic_track_0,0.34096638244356414,55.94043239190104
53.120893,436,2240.467727,synthetic_track_0,0.35425666100246045,58.120893479781245
48.893626,420,2241.132161,synthetic_track_0,0.3284907491850525,53.89362556642336
45.843774,400,2243.025374,synthetic_track_0,0.3099013871622017,50.84377372473929
47.917843,413,2243.790929,synthetic_track_0,0.32254319048487035,52.91784313596785
47.705824,416,2244.552446,synthetic_track_0,0.32125089901028314,52.70582415818273
46.374978,399,2245.229587,synthetic_track_0,0.3131391653448644,51.37497774030582
49.863253,411,2245.960604,synthetic_track_0,0.3344007951787109,54.86325349857293
48.029381,410,2246.897178,synthetic_track_0,0.3232230347237933,53.02938134806942
46.965597,408,2247.604173,synthetic_track_0,0.31673909138890405,51.96559731411608
47.068767,413,2248.310429,synthetic_track_0,0.317367929079696,52.06876716938194
42.999717,391,2248.933243,synthetic_track_0,0.2925663835779737,47.999717401452415
46.767228,400,2249.591015,synthetic_track_0,0.3155299988026969,51.767228308968
27.07709,292,2250.584521,synthetic_track_0,0.1955152793352617,32.077089790657446
46.928102,402,2251.196029,synthetic_track_0,0.3165105501633603,51.92810184349323
46.356289,400,2251.831165,synthetic_track_0,0.313025257221577,51.356289476600814
47.437709,401,2252.424422,synthetic_track_0,0.31961668980616575,52.4377086658518
44.389618,385,2253.03377,synthetic_track_0,0.3010380627860539,49.38961805555554
43.745059,389,2253.659773,synthetic_track_0,0.29710936587464964,48.74505889876812
47.216032,401,2255.471225,synthetic_track_0,0.31826553380191996,52.216032116495995
49.245758,415,2256.127087,synthetic_track_0,0.33063705546822225,54.2457579399011
46.328102,402,2256.781072,synthetic_track_0,0.3128534490141755,51.328101872469176
46.428102,403,2257.449945,synthetic_track_0,0.3134629656533584,51.428101831707366
47.104684,402,2258.120314,synthetic_track_0,0.3175868507152937,52.10468440810651
46.392488,399,2259.255403,synthetic_track_0,0.31324589113691315,51.392487639410206
41.746099,378,2259.898166,synthetic_track_0,0.2849253661233284,46.746098738921454
46.921217,409,2260.480636,synthetic_track_0,0.31646858662113536,51.92121712166249
42.957587,387,2261.09953,synthetic_track_0,0.2923095898851918,47.957586707784664
46.139693,398,2261.748343,synthetic_track_0,0.3117050626748017,51.13969259904716
25.017515,279,2262.447055,synthetic_track_0,0.1829618210844192,30.017514657375674
46.966669,414,2263.076348,synthetic_track_0,0.3167456215041827,51.96666867332058
44.534204,384,2263.700966,synthetic_track_0,0.3019193388657422,49.534204054330836
46.460405,414,2264.346203,synthetic_track_0,0.3136598593514604,51.46040507089514
47.968366,419,2265.018725,synthetic_track_0,0.32285113575545843,52.96836598067261
48.091585,406,2266.202236,synthetic_track_0,0.3236021792133096,53.09158544728456
45.9885,397,2266.890076,synthetic_track_0,0.31078352027796385,50.988500332592245
46.008587,402,2267.529079,synthetic_track_0,0.31090595445010083,51.00858741707196
47.963495,416,2268.173445,synthetic_track_0,0.32282144851390127,52.96349536229279
53.843534,459,2268.919703,synthetic_track_0,0.35866127585111557,58.84353380985642
46.545313,400,2269.915725,synthetic_track_0,0.314177387391051,51.54531297912396
49.807528,429,2270.565305,synthetic_track_0,0.33406113600521986,54.80752753258533
46.688992,404,2271.314333,synthetic_track_0,0.31505313307422217,51.6889916369167
53.884255,434,2271.964322,synthetic_track_0,0.3589094755419299,58.88425453406444
48.400334,418,2272.717016,synthetic_track_0,0.3254840560974832,53.40033437981728
37.166487,349,2273.39705,synthetic_track_0,0.2570118585145086,42.16648688973731
46.276073,402,2273.981758,synthetic_track_0,0.31253632186067304,51.27607260799153
46.828102,408,2274.543067,synthetic_track_0,0.3159010332774403,51.82810184377427
48.203607,418,2275.11059,synthetic_track_0,0.3242849698302645,53.20360705502154
47.702938,403,2275.683759,synthetic_track_0,0.32123330882038253,52.70293823487896
47.816317,406,2276.583084,synthetic_track_0,0.3219243724076272,52.81631714221791
47.495799,407,2277.132358,synthetic_track_0,0.3199707577815908,52.49579860275249
47.525954,439,2277.75181,synthetic_track_0,0.320154561468332,52.5259542375627
48.095854,413,2278.301083,synthetic_track_0,0.32362819509459695,53.095853726279806
45.992708,401,2278.826839,synthetic_track_0,0.31080916868408237,50.99270832200794
48.144347,412,2279.969571,synthetic_track_0,0.323923771418178,53.14434726757099
45.492708,400,2280.573326,synthetic_track_0,0.30776158430478473,50.492708331665995
48.015138,416,2281.143223,synthetic_track_0,0.32313621768241513,53.01513776546495
47.884123,420,2281.697212,synthetic_track_0,0.32233765923763813,52.884122782782825
48.951463,439,2282.306963,synthetic_track_0,0.3288432760092473,53.95146265532893
49.101694,421,2283.185064,synthetic_track_0,0.3297589598604415,54.101693743223834
45.102854,401,2283.756693,synthetic_track_0,0.30538535561913743,50.102853885651356
46.363602,403,2284.289732,synthetic_track_0,0.3130698256742723,51.36360157140894
47.627124,415,2284.862191,synthetic_track_0,0.3207712053892587,52.62712352974119
54.719945,458,2285.429587,synthetic_track_0,0.3640031476043236,59.71994459708704
28.27848,307,2286.319037,synthetic_track_0,0.20283795303928887,33.278479588479776
47.377362,410,2286.876079,synthetic_track_0,0.319248869629304,52.37736248278046
47.308915,418,2287.434085,synthetic_track_0,0.31883166931886153,52.30891477954083
46.728102,408,2287.996018,synthetic_track_0,0.31529151635977476,51.72810183884701
48.24428,414,2288.545253,synthetic_track_0,0.32453287647204704,53.24427970032678
48.460127,426,2289.417042,synthetic_track_0,0.32584850112367375,53.46012682094321
45.692708,392,2289.935433,synthetic_track_0,0.30898061804097937,50.692708325255765
46.460405,401,2290.497678,synthetic_track_0,0.31365985935146035,51.460405070895135
28.048903,299,2290.937463,synthetic_track_0,0.2014386424127977,33.048902581692445
58.897187,473,2291.649776,synthetic_track_0,0.3894641473286912,63.89718730208288
40.941606,377,2292.5824,synthetic_track_0,0.2800218472230402,45.94160603334107
46.409128,404,2293.089017,synthetic_track_0,0.3133473148849059,51.40912766203315
47.518578,411,2293.660947,synthetic_track_0,0.3201096021101711,52.5185780090983
44.370261,402,2294.178732,synthetic_track_0,0.3009200767908937,49.37026075839871
28.843516,308,2294.606182,synthetic_track_0,0.20628194505345396,33.843515944984915
49.337454,422,2295.158715,synthetic_track_0,0.3311959613089521,54.33745447072247
47.78745,433,2295.922081,synthetic_track_0,0.321748420363663,52.787449682179606
48.056351,417,2296.472423,synthetic_track_0,0.3233874215352647,53.05635136560408
53.22596,452,2297.074029,synthetic_track_0,0.35489705666896904,58.22595958697239
47.453445,404,2297.625275,synthetic_track_0,0.31971260533102863,52.453444985354835
46.928102,402,2298.489259,synthetic_track_0,0.3165105501633603,51.92810184349323
46.764639,411,2299.072855,synthetic_track_0,0.3155142160444412,51.76463892078599
52.346614,448,2299.659943,synthetic_track_0,0.3495372954453097,57.346613775165046
46.562282,400,2300.20201,synthetic_track_0,0.3142808178768643,51.56228223590944
46.628102,405,2300.74301,synthetic_track_0,0.3146819995412457,51.62810185018451
47.228102,414,2301.500953,synthetic_track_0,0.3183391008772064,52.22810185185183
46.328102,397,2302.072527,synthetic_track_0,0.3128534490141755,51.328101872469176
47.139462,411,2302.656837,synthetic_track_0,0.3177988261481202,52.13946202249709
46.919697,411,2303.178766,synthetic_track_0,0.31645932224457884,51.91969716762274
51.262107,433,2303.797242,synthetic_track_0,0.3429270414835462,56.26210666865423
45.727633,403,2304.785028,synthetic_track_0,0.3091934891035489,50.727632880569764
47.095799,409,2305.321318,synthetic_track_0,0.31753269015605784,52.095798590447515
47.561203,407,2305.869936,synthetic_track_0,0.3203694066666396,52.561202678199336
43.378929,389,2306.403056,synthetic_track_0,0.2948777444633974,48.378929353134275
24.392631,279,2306.822369,synthetic_track_0,0.1791530520227991,29.392631386887302
54.378127,441,2307.437554,synthetic_track_0,0.3619197090831868,59.378126582950046
49.730495,423,2308.513018,synthetic_track_0,0.33359160707639063,54.73049456789544
48.299838,419,2309.143532,synthetic_track_0,0.32487151672309367,53.299838497452434
43.391231,394,2309.720886,synthetic_track_0,0.2949527231191866,48.391230678546336
27.415563,295,2310.122267,synthetic_track_0,0.1975783297760797,32.41556284738105
24.657946,280,2310.528763,synthetic_track_0,0.1807701864781004,29.657945521427735
25.032586,283,2310.906142,synthetic_track_0,0.18305368532289368,30.03258630515745
41.35167,379,2312.150587,synthetic_track_0,0.28252125595505867,46.35166993521664
51.823409,436,2312.867206,synthetic_track_0,0.3463482740934525,56.82340901799393
50.093952,444,2313.547378,synthetic_track_0,0.3358069400340262,55.09395175875993
47.130627,405,2314.137386,synthetic_track_0,0.31774497289792314,52.13062662329984
48.275134,422,2316.073772,synthetic_track_0,0.32472094022042636,53.27513425943665
47.533198,419,2316.622412,synthetic_track_0,0.3201987116148605,52.533197703235984
50.230517,436,2317.217444,synthetic_track_0,0.3366393290539863,55.23051713321454
48.063495,408,2317.759816,synthetic_track_0,0.3234309653998213,53.06349536201175
46.995799,421,2318.34086,synthetic_track_0,0.3169231732715889,51.99579859096662
45.149334,399,2319.461479,synthetic_track_0,0.3056686600389832,50.149334044871544
33.335361,330,2319.898986,synthetic_track_0,0.23366050132435254,38.335361343595615
49.197827,425,2320.492321,synthetic_track_0,0.33034490945083606,54.19782718961118
51.386507,429,2321.084452,synthetic_track_0,0.34368528470126514,56.38650735928374
63.329158,484,2321.765352,synthetic_track_0,0.41647775550968247,68.32915772473933
24.6167,283,2322.164269,synthetic_track_0,0.18051878873955637,29.616700111555616
50.131394,439,2323.760863,synthetic_track_0,0.3360351561397232,55.131393888802165
45.892708,398,2324.305834,synthetic_track_0,0.3101996517332299,50.89270831163588
36.262346,370,2324.858732,synthetic_track_0,0.25150096974009867,41.26234643256133
46.59356,396,2325.427056,synthetic_track_0,0.3144714609991567,51.59355997835768
25.105118,282,2325.808759,synthetic_track_0,0.18349577735467085,30.10511785280562
48.263495,418,2327.392094,synthetic_track_0,0.3246499991570044,53.26349535904498
43.495927,411,2327.935066,synthetic_track_0,0.29559086647074806,48.495927261120066
46.576775,405,2328.478032,synthetic_track_0,0.3143691540517245,51.57677505418118
45.561333,403,2329.040421,synthetic_track_0,0.3081798628557445,50.56133293574942
47.874143,420,2329.642018,synthetic_track_0,0.32227683266560203,52.874143309979
59.323262,465,2330.432226,synthetic_track_0,0.39206114417893867,64.3232619364269
48.951569,406,2331.03225,synthetic_track_0,0.3288439260949061,53.951569311218535
47.983018,408,2331.633071,synthetic_track_0,0.32294043928970345,52.98301750814576
35.897543,344,2332.095422,synthetic_track_0,0.2492774298340125,40.89754277392587
48.541055,420,2332.634198,synthetic_track_0,0.3263417735627068,53.54105524951368
47.576789,412,2334.023833,synthetic_track_0,0.3204644061060592,52.57678870072753
25.540345,283,2334.406137,synthetic_track_0,0.18614855960080742,30.54034488259939
47.346231,417,2334.986839,synthetic_track_0,0.3190591155099089,52.3462305940264
28.004376,296,2335.36237,synthetic_track_0,0.20116724818101167,33.0043764598913
48.105597,418,2335.963249,synthetic_track_0,0.32368758237229445,53.10559706217459
44.127899,394,2336.635802,synthetic_track_0,0.2994428391949904,49.12789871300239
41.897471,377,2337.978834,synthetic_track_0,0.28584800345608025,46.8974706453398
46.815752,412,2338.665792,synthetic_track_0,0.31582575921839345,51.81575205321487
53.041365,452,2339.299098,synthetic_track_0,0.3537719230113922,58.04136524998098
49.364099,418,2340.007357,synthetic_track_0,0.3313583665756257,54.364099387371816
45.392708,406,2340.666968,synthetic_track_0,0.30715206730136646,50.392708312669754
50.590974,448,2341.781312,synthetic_track_0,0.3388363743706423,55.59097397390815
46.990708,414,2342.428238,synthetic_track_0,0.31689214436707575,51.99070785350836
47.970447,421,2343.074455,synthetic_track_0,0.32286382244844286,52.970447414877604
47.745594,404,2343.647228,synthetic_track_0,0.32149330478410093,52.74559430708855
49.035653,410,2344.636548,synthetic_track_0,0.32935642772716917,54.03565256513022
47.788951,421,2345.294115,synthetic_track_0,0.32175757292388346,52.788951291143384
47.982738,426,2345.912705,synthetic_track_0,0.32293873617549024,52.98273808779699
58.462309,470,2346.575564,synthetic_track_0,0.3868134880744602,63.46230857960406
46.260405,411,2347.137024,synthetic_track_0,0.3124408256592098,51.260405084515014
37.818215,359,2348.025211,synthetic_track_0,0.26098425437597705,42.818215486937426
46.428102,447,2348.582524,synthetic_track_0,0.3134629656533584,51.428101831707366
47.353796,420,2349.134367,synthetic_track_0,0.319105227855645,52.353795986663044
46.465268,414,2349.735123,synthetic_track_0,0.313689498534436,51.46526780457439
46.828102,403,2350.283043,synthetic_track_0,0.31590103327744035,51.82810184377428
48.363495,433,2351.153321,synthetic_track_0,0.32525951611366744,53.36349537037035
43.457033,385,2351.766446,synthetic_track_0,0.29535379687036234,48.45703258811004
47.495799,409,2352.378932,synthetic_track_0,0.31997075778159084,52.495798602752494
48.262696,424,2352.968654,synthetic_track_0,0.3246451264102548,53.26269591495271
46.895799,400,2353.584127,synthetic_track_0,0.316313656632406,51.89579863172843
29.789464,309,2354.494367,synthetic_track_0,0.2120476612177876,34.78946449560246
43.571868,406,2355.048087,synthetic_track_0,0.2960537398473753,48.57186828687651
46.660405,413,2355.605377,synthetic_track_0,0.31487889325897594,51.660405092592576
47.838583,417,2356.217039,synthetic_track_0,0.32206008918829987,52.838583429408025
50.459656,425,2356.82879,synthetic_track_0,0.3380359710653501,55.4596563153605
49.150418,433,2357.804856,synthetic_track_0,0.3300559440315655,54.15041826212557
50.246803,432,2358.349642,synthetic_track_0,0.33673859294115194,55.246802799646375
45.624994,410,2358.957703,synthetic_track_0,0.3085678854740828,50.62499361951573
46.728102,408,2359.479639,synthetic_track_0,0.3152915163597748,51.72810183884702
47.5731,427,2360.059731,synthetic_track_0,0.320441921523262,52.573099781970164
46.609684,408,2361.026256,synthetic_track_0,0.3145697393596813,51.60968395498879
46.361159,405,2361.560578,synthetic_track_0,0.31305493798734857,51.361159032535
47.14664,418,2362.13627,synthetic_track_0,0.31784257659101256,52.14663991104785
48.621892,449,2362.745153,synthetic_track_0,0.3268344866983731,53.62189191633348
47.795799,404,2363.411586,synthetic_track_0,0.3217993084954369,52.79579861111109
46.698036,416,2364.446094,synthetic_track_0,0.31510825966210826,51.69803594545098
46.528102,405,2364.954156,synthetic_track_0,0.3140724825378274,51.52810183118826
26.033775,292,2365.363096,synthetic_track_0,0.18915610024631424,31.033775123258714
58.325559,466,2365.992837,synthetic_track_0,0.385979976414594,63.32555901994821
15.296499,220,2366.297256,synthetic_track_0,0.12371058992316956,20.296499150923513
45.760405,404,2366.899829,synthetic_track_0,0.30939324139594504,50.76040511320992
54.929678,449,2368.515213,synthetic_track_0,0.3652815080238141,59.92967798518968
26.635425,292,2368.943413,synthetic_track_0,0.19282325983345638,31.63542532550055
45.831145,410,2369.534299,synthetic_track_0,0.30982441054058324,50.831144604335854
25.643809,293,2369.989189,synthetic_track_0,0.18677919346308652,30.643809425596398
46.796869,438,2370.580996,synthetic_track_0,0.3157106612264863,51.79686857447253
45.953935,404,2371.71867,synthetic_track_0,0.3105728406266469,50.95393530976981
46.716198,418,2372.310608,synthetic_track_0,0.3152189598929659,51.71619790832744
50.333649,445,2372.908984,synthetic_track_0,0.3372679374980248,55.333649377257785
54.006815,454,2373.508064,synthetic_track_0,0.35965649942132955,59.006814531097596
28.721655,312,2373.917198,synthetic_track_0,0.20553918072081645,33.7216547877786
54.214312,458,2374.761382,synthetic_track_0,0.3609212289394226,59.21431157404328
52.472387,435,2375.367156,synthetic_track_0,0.3503039074983689,57.47238749343498
47.295799,419,2375.982071,synthetic_track_0,0.31875172397800533,52.29579859810627
45.760405,400,2376.557285,synthetic_track_0,0.30939324139594504,50.76040511320992
45.592708,407,2377.108954,synthetic_track_0,0.30837110112331384,50.592708320328505
44.01854,396,2377.991388,synthetic_track_0,0.2987762767706835,49.01853957335732
46.360405,420,2378.569652,synthetic_track_0,0.3130503425451298,51.360405084233975
53.847609,482,2379.208751,synthetic_track_0,0.3586861172080909,58.84760939126841
48.263495,418,2379.735883,synthetic_track_0,0.3246499991570043,53.263495359044974
49.956815,442,2380.39014,synthetic_track_0,0.33497106552437234,54.95681453965844
44.766227,398,2381.278056,synthetic_track_0,0.30333355852702254,49.76622710241607
49.601338,416,2381.832363,synthetic_track_0,0.33280437536528124,54.601337898559095
53.95338,446,2382.427752,synthetic_track_0,0.35933080752663804,58.95338009781121
46.919284,420,2383.023243,synthetic_track_0,0.31645680402135107,51.9192840169326
46.360405,406,2383.626086,synthetic_track_0,0.3130503425451298,51.360405084233975
48.436972,433,2385.073106,synthetic_track_0,0.3257073682695938,53.436971949118735
46.843403,409,2385.690834,synthetic_track_0,0.3159942946121214,51.84340270525545
46.016132,408,2386.2376,synthetic_track_0,0.31095193739204846,51.01613157915846
63.444464,488,2386.902844,synthetic_track_0,0.41718056824972405,68.44446424934948
46.905118,421,2388.41169,synthetic_track_0,0.3163704611107489,51.90511822229195
45.392708,402,2389.01262,synthetic_track_0,0.3071520673013664,50.39270831266975
47.144126,411,2389.621152,synthetic_track_0,0.31782725309153226,52.14412587086435
44.982518,396,2390.226532,synthetic_track_0,0.3046518886261155,49.982518090548076
51.348548,426,2390.801151,synthetic_track_0,0.3434539168647017,56.34854814252407
47.398992,412,2391.662223,synthetic_track_0,0.31938070565179677,52.398992075851254
48.249959,432,2392.248106,synthetic_track_0,0.3245674924121948,53.24995894250204
46.895799,419,2392.845259,synthetic_track_0,0.316313656632406,51.89579863172843
47.919783,421,2393.44626,synthetic_track_0,0.32255501263919695,52.91978273018853
46.328102,408,2394.052459,synthetic_track_0,0.3128534490141755,51.328101872469176
46.728102,411,2395.109189,synthetic_track_0,0.3152915163597748,51.72810183884702
45.667175,414,2395.722366,synthetic_track_0,0.30882498824590937,50.667175022040105
49.504331,415,2396.294415,synthetic_track_0,0.33221310092348294,54.5043308338173
46.260405,406,2396.886774,synthetic_track_0,0.3124408256592098,51.260405084515014
50.691089,414,2397.45244,synthetic_track_0,0.3394465929224306,55.69108909199094
46.150428,408,2398.569707,synthetic_track_0,0.31177049811606,51.150428223044784
47.195799,411,2399.19347,synthetic_track_0,0.3181422071594762,52.19579860944376
52.353449,443,2399.92905,synthetic_track_0,0.3495789568429064,57.353448925829774
51.152023,440,2400.643286,synthetic_track_0,0.34225606573224604,56.15202345932663
54.580624,470,2401.400299,synthetic_track_0,0.36315396408115613,59.58062384315925
47.595799,410,2402.252312,synthetic_track_0,0.3205802745879213,52.59579858941365
46.660405,407,2402.931008,synthetic_track_0,0.31487889325897594,51.660405092592576
44.957315,397,2403.573786,synthetic_track_0,0.30449827040428445,49.9573148148148
46.989005,414,2404.177989,synthetic_track_0,0.3168817631969713,51.9890046734464
46.307829,402,2404.792352,synthetic_track_0,0.3127298819512212,51.30782892097899
47.154368,404,2405.995164,synthetic_track_0,0.3178896814025523,52.15436813195453
45.994566,415,2406.550601,synthetic_track_0,0.3108204929085818,50.994566223688636
45.3885,396,2407.099669,synthetic_track_0,0.3071264193280861,50.38850039426737
32.196893,328,2407.517476,synthetic_track_0,0.22672134483289946,37.196893053012154
61.107397,495,2408.249556,synthetic_track_0,0.4029357501289219,66.10739723614165
15.830776,223,2408.527038,synthetic_track_0,0.12696709873102116,20.830776194583105
51.061664,440,2409.55886,synthetic_track_0,0.3417053085080614,56.06166382608932
24.858142,281,2409.916282,synthetic_track_0,0.18199041915858155,29.858142219048336
25.300912,292,2410.37065,synthetic_track_0,0.18468917744619465,30.300912278807207
58.149214,457,2410.988856,synthetic_track_0,0.38490512263232185,63.149213818678035
26.297246,284,2411.328727,synthetic_track_0,0.1907619971848662,31.297245581770255
43.929418,384,2412.159687,synthetic_track_0,0.29823306475557765,48.929417840042376
50.500179,437,2412.754878,synthetic_track_0,0.33828296528113366,55.50017926407529
49.220935,405,2413.308692,synthetic_track_0,0.33048575307499767,54.22093460911331
46.377212,400,2413.83957,synthetic_track_0,0.3131527822262288,51.37721178527499
46.928102,399,2414.368876,synthetic_track_0,0.3165105501633603,51.92810184349323
42.774066,383,2415.057315,synthetic_track_0,0.29119100272153103,47.774066417148475
43.358989,397,2415.569931,synthetic_track_0,0.29475620654928697,48.35898931265691
47.523169,404,2416.102477,synthetic_track_0,0.320137587020709,52.52316933562357
49.663941,432,2416.697275,synthetic_track_0,0.33318595073375873,54.663940818382905
47.695799,411,2417.268784,synthetic_track_0,0.3211897915387738,52.69579859978571
48.163495,410,2418.393167,synthetic_track_0,0.32404048220615184,53.16349534867291
44.389618,393,2418.931114,synthetic_track_0,0.3010380627860539,49.38961805555554
48.498989,425,2419.507238,synthetic_track_0,0.32608537436616564,53.49898927862043
53.506109,447,2420.075131,synthetic_track_0,0.35660461469352195,58.506109006816025
47.739823,451,2420.690665,synthetic_track_0,0.3214581276742093,52.73982299695664
47.719702,413,2421.615463,synthetic_track_0,0.32133548607901896,52.71970188174578
46.895799,426,2422.171131,synthetic_track_0,0.316313656632406,51.89579863172843
55.322939,458,2422.745337,synthetic_track_0,0.3676785000729376,60.322938959209935
45.860405,398,2423.279802,synthetic_track_0,0.3100027580351279,50.8604050724481
51.199808,425,2423.88765,synthetic_track_0,0.342547322613934,56.19980833413445
47.331094,410,2424.692343,synthetic_track_0,0.31896685452465734,52.33109385423732
46.0332,409,2425.274471,synthetic_track_0,0.31105597361920767,51.033200216512085
61.448504,469,2425.941209,synthetic_track_0,0.40501485092477585,66.44850358414259
46.360405,405,2426.457506,synthetic_track_0,0.3130503425451298,51.360405084233975
45.192708,392,2426.974076,synthetic_track_0,0.3059330337777145,50.192708353950664
43.042704,382,2427.799728,synthetic_track_0,0.29282839619094453,48.04270433393731
42.035115,381,2428.339857,synthetic_track_0,0.2866869670196996,47.03511466811288
46.274012,411,2428.867273,synthetic_track_0,0.31252376117802844,51.27401184759269
19.263293,244,2429.202871,synthetic_track_0,0.1478888699362155,24.26329326337863
41.673452,374,2429.722168,synthetic_track_0,0.28448257046661074,46.67345175149553
24.746439,278,2430.099312,synthetic_track_0,0.18130957070560694,29.746439251207917
51.521856,434,2431.620384,synthetic_track_0,0.3445102583542306,56.521856136274835
42.009706,387,2432.218858,synthetic_track_0,0.28653209513901584,47.009705711638325
47.595799,417,2432.808128,synthetic_track_0,0.3205802745879213,52.59579858941365
46.560405,411,2433.375096,synthetic_track_0,0.3142693763023129,51.560405081267206
61.74997,486,2434.020563,synthetic_track_0,0.4068523389705079,66.74996989016533
47.626165,417,2434.997612,synthetic_track_0,0.32076536021668883,52.62616454522601
25.220635,282,2435.360707,synthetic_track_0,0.18419987409711466,30.22063503645218
63.822477,486,2435.997716,synthetic_track_0,0.4194846197284532,68.82247698787698
46.995799,410,2436.569868,synthetic_track_0,0.3169231732715889,51.99579859096662
50.039084,411,2437.171429,synthetic_track_0,0.3354725120393765,55.03908404279747
39.736769,369,2438.701175,synthetic_track_0,0.2726781622512675,44.73676903525705
55.191177,446,2439.302411,synthetic_track_0,0.3668753892520421,60.1911770938391
46.12184,416,2439.830622,synthetic_track_0,0.3115962466149688,51.12183976148996
25.268407,293,2440.22255,synthetic_track_0,0.18449105444062464,30.26840735407257
47.376115,421,2440.802089,synthetic_track_0,0.31924126608545306,52.376115012200856
43.489618,410,2441.847454,synthetic_track_0,0.295552410923023,48.48961807617288
47.873431,414,2442.365472,synthetic_track_0,0.3222724889736935,52.87343066493229
41.958391,368,2442.904169,synthetic_track_0,0.28621932573135805,46.95839139795747
43.620372,392,2443.44244,synthetic_track_0,0.2963493753289816,48.62037153389142
50.801979,431,2444.02309,synthetic_track_0,0.34012248660505384,55.80197915858909
45.892708,391,2445.025272,synthetic_track_0,0.3101996517332299,50.89270831163588
46.350206,411,2445.601846,synthetic_track_0,0.31298817960146263,51.350206360469556
45.960405,398,2446.118688,synthetic_track_0,0.31061227491959686,50.960405071929
56.492628,453,2446.733272,synthetic_track_0,0.37480795322081983,61.49262814954044
48.149495,418,2447.286639,synthetic_track_0,0.3239551485035007,53.14949512909203
46.380558,402,2447.992888,synthetic_track_0,0.31317317561162117,51.3805576130619
26.353735,290,2448.407607,synthetic_track_0,0.1911063126670893,31.35373548208462
56.000622,458,2449.006514,synthetic_track_0,0.37180908993836703,61.0006215549244
42.508864,375,2449.507645,synthetic_track_0,0.28957455048157493,47.50886420983418
33.061143,323,2449.945481,synthetic_track_0,0.23198909463120468,38.061143068916046
26.894618,291,2450.353793,synthetic_track_0,0.1944030843477526,31.89461822833074
47.649886,399,2452.119791,synthetic_track_0,0.3209099487877656,52.6498863770588
46.979002,402,2452.647392,synthetic_track_0,0.3168207924627641,51.97900154876778
26.235684,283,2453.046161,synthetic_track_0,0.1903867714859813,31.23568441644438
54.85384,455,2453.71634,synthetic_track_0,0.36481926219790617,59.85383991814235
51.020712,433,2454.331484,synthetic_track_0,0.34145569927386155,56.020711846043426
47.987627,415,2455.25338,synthetic_track_0,0.32296853642231327,52.987627246313785
47.404406,420,2455.786869,synthetic_track_0,0.31941370718939904,52.404406452101014
42.065283,384,2456.305548,synthetic_track_0,0.2868708505655337,47.065283404954315
47.128102,408,2456.887884,synthetic_track_0,0.31772958392054335,52.128101840526455
48.203833,433,2457.497515,synthetic_track_0,0.324286345453891,53.203832745835754
46.528102,399,2458.532862,synthetic_track_0,0.31407248253782744,51.528101831188266
42.337227,373,2459.127548,synthetic_track_0,0.2885283913322527,47.33722677524482
47.495799,415,2459.712753,synthetic_track_0,0.3199707577815908,52.49579860275249
27.810778,297,2460.117471,synthetic_track_0,0.1999872333033463,32.81077807047705
48.477244,427,2460.743376,synthetic_track_0,0.32595283563260885,53.47724439570644
47.522965,402,2461.65452,synthetic_track_0,0.3201363423762689,52.52296513382616
45.40496,390,2462.204423,synthetic_track_0,0.30722674495346575,50.40496025410312
48.526887,412,2462.717317,synthetic_track_0,0.3262554164900697,53.526887131387795
46.528102,406,2463.26744,synthetic_track_0,0.3140724825378274,51.52810183118826
35.71006,341,2463.717651,synthetic_track_0,0.24813468810634642,40.710059580128934
46.535334,404,2464.302162,synthetic_track_0,0.3141165647212572,51.53533414653903
41.611289,377,2465.156525,synthetic_track_0,0.2841036795087594,46.61128924779154
46.573324,401,2465.733109,synthetic_track_0,0.3143481168170363,51.57332359366958
54.180009,454,2466.35644,synthetic_track_0,0.36071214859620876,59.18000894068627
29.678566,307,2466.735309,synthetic_track_0,0.2113717174038398,34.67856620424047
47.49696,400,2467.257605,synthetic_track_0,0.31997783792643303,52.496960202207056
46.328102,411,2468.016277,synthetic_track_0,0.3128534490141755,51.328101872469176
41.264345,372,2468.528182,synthetic_track_0,0.281988994436975,46.264344788221834
35.076758,336,2468.963891,synthetic_track_0,0.24427460714843835,40.076757856053945
46.351542,412,2469.522395,synthetic_track_0,0.31299632190218674,51.35154222185245
43.189003,381,2470.042438,synthetic_track_0,0.29372011159004385,48.18900305300352
28.021875,295,2470.673238,synthetic_track_0,0.20127390241252072,33.02187461846131
47.331315,405,2471.2161,synthetic_track_0,0.31896820173123797,52.331314882827
52.72466,433,2471.822199,synthetic_track_0,0.3518415518871996,57.724660140842985
46.492214,393,2472.379894,synthetic_track_0,0.31385374232663316,51.49221435774291
46.714256,428,2473.047877,synthetic_track_0,0.31520712258804806,51.71425582843466
47.763495,418,2473.840726,synthetic_track_0,0.32160241477770674,52.763495368703026
46.633467,400,2474.427284,synthetic_track_0,0.31471469934428115,51.63346672254471
47.260247,415,2474.988997,synthetic_track_0,0.31853503020902363,52.26024687289925
46.428102,403,2475.555832,synthetic_track_0,0.31346296565335835,51.42810183170736
47.516768,413,2476.089163,synthetic_track_0,0.32009856728740577,52.51676758792882
45.505092,396,2476.863449,synthetic_track_0,0.30783706427700847,50.505091905239624
47.087111,401,2477.384332,synthetic_track_0,0.317479738598193,52.0871111268285
50.509482,433,2477.983329,synthetic_track_0,0.33833966429354917,55.509481551438604
45.760405,408,2478.536618,synthetic_track_0,0.30939324139594504,50.76040511320992
42.561387,391,2479.072443,synthetic_track_0,0.28989468520303685,47.56138690903373
47.071958,415,2480.014443,synthetic_track_0,0.3173873806112257,52.07195847251469
46.362541,398,2480.566138,synthetic_track_0,0.3130633632306819,51.36254131471688
36.495469,354,2481.041669,synthetic_track_0,0.25292188830056145,41.495468531274746
21.072556,259,2481.394607,synthetic_track_0,0.15891663321889607,26.072556223344446
41.179165,373,2481.912493,synthetic_track_0,0.2814698096278245,46.17916506315028
20.038749,253,2482.233307,synthetic_track_0,0.15261540313848826,25.03874892312707
46.331738,404,2483.376204,synthetic_track_0,0.31287561159385574,51.33173796199022
45.141071,392,2483.885365,synthetic_track_0,0.305618294957981,50.141070929931814
47.783714,412,2484.483074,synthetic_track_0,0.32172565161745037,52.78371414233245
45.525012,397,2485.024118,synthetic_track_0,0.3079584780225149,50.52501157407406
46.092708,399,2485.643337,synthetic_track_0,0.31141868564074543,51.09270833333332
45.963775,400,2486.203444,synthetic_track_0,0.31063281497961226,50.96377496379453
46.660949,403,2487.127384,synthetic_track_0,0.3148822112003003,51.660949448522935
28.312876,305,2487.50875,synthetic_track_0,0.20304760571667915,33.31287612147896
45.042771,399,2488.05613,synthetic_track_0,0.30501914027864263,50.04277099903653
50.744975,433,2488.622791,synthetic_track_0,0.33977503927470215,55.744975433606015
2.03212,122,2488.790662,synthetic_track_0,0.04286196124124566,7.032120374497769
52.097118,442,2489.999861,synthetic_track_0,0.3480165767354353,57.09711802849592
47.829593,400,2490.517882,synthetic_track_0,0.3220052938052141,52.82959345977838
26.098105,285,2490.898228,synthetic_track_0,0.18954819884654642,31.09810453039866
54.034064,435,2491.42621,synthetic_track_0,0.3598225923402304,59.03406446006115
50.150444,417,2491.963887,synthetic_track_0,0.33615126743129714,55.150443613909026
47.97278,412,2492.542071,synthetic_track_0,0.3228780388043224,52.97277981225133
24.573239,276,2493.581506,synthetic_track_0,0.1802538835326072,29.57323860748181
54.964116,447,2494.145354,synthetic_track_0,0.36549141205188224,59.964115755877756
47.82015,409,2494.708817,synthetic_track_0,0.32194773359750484,52.82014988095766
45.806433,392,2495.209897,synthetic_track_0,0.309673786306826,50.80643253534919
47.026371,407,2495.797119,synthetic_track_0,0.3171095202778343,52.026371493871586
30.491958,310,2496.957205,synthetic_track_0,0.2163294748465019,35.49195752173373
52.947836,443,2497.537368,synthetic_track_0,0.35320184550302725,57.947835846623704
46.449746,408,2498.099016,synthetic_track_0,0.31359489227139514,51.449746288278384
47.295799,407,2498.606461,synthetic_track_0,0.31875172397800533,52.29579859810627
54.179342,433,2499.197402,synthetic_track_0,0.3607080863523473,59.17934247123417
41.296182,381,2499.912157,synthetic_track_0,0.2821830452847619,46.296181616983134
51.207123,440,2500.501655,synthetic_track_0,0.34259190569467957,56.20712282888433
47.361071,405,2501.040683,synthetic_track_0,0.31914957231524294,52.36107133218631
46.86359,403,2501.607687,synthetic_track_0,0.31611733668904024,51.863589525246056
53.548158,459,2502.244309,synthetic_track_0,0.35686090743890486,58.548157512867796
46.06639,403,2503.68699,synthetic_track_0,0.3112582710662506,51.06639001832849
46.410014,399,2504.328863,synthetic_track_0,0.3133527170353977,51.41001396241323
45.503186,388,2504.889286,synthetic_track_0,0.30782544828866065,50.503186135508955
46.967561,406,2505.450594,synthetic_track_0,0.31675106218787696,51.96756129562599
45.649049,411,2506.06211,synthetic_track_0,0.3087145083163501,50.649049202755876
46.289377,401,2507.089593,synthetic_track_0,0.3126174142651224,51.28937698168399
47.495799,401,2507.59913,synthetic_track_0,0.3199707577815908,52.49579860275249
49.481783,407,2508.154908,synthetic_track_0,0.3320756655555381,54.48178258770084
47.757544,404,2508.675312,synthetic_track_0,0.32156614106701814,52.75754414545973
46.528102,393,2509.225546,synthetic_track_0,0.3140724825378274,51.52810183118826
36.397053,358,2510.0699,synthetic_track_0,0.25232202966511524,41.397053106268935
25.536438,281,2510.469772,synthetic_track_0,0.18612474504718202,30.53643776302508
24.302939,272,2510.836479,synthetic_track_0,0.17860635948260306,29.30293862344
18.389255,239,2511.161461,synthetic_track_0,0.14256145901920123,23.389254984028785
62.313446,480,2511.764292,synthetic_track_0,0.41028682246803827,67.31344623794428
45.962656,392,2512.252291,synthetic_track_0,0.3106259922668745,50.96265559977424
46.413753,406,2513.158915,synthetic_track_0,0.3133755054189105,51.41375272404153
47.795799,408,2513.709037,synthetic_track_0,0.3217993084954369,52.79579861111109
46.330257,414,2514.26639,synthetic_track_0,0.31286658186620425,51.33025650547364
45.78909,391,2514.78412,synthetic_track_0,0.3095680830036342,50.78909039022794
47.795799,411,2515.343829,synthetic_track_0,0.3217993084954369,52.79579861111109
47.600022,413,2516.245593,synthetic_track_0,0.3206060179594076,52.600022159261925
38.540109,349,2516.76353,synthetic_track_0,0.26538431698833437,43.540108957263485
55.790106,446,2517.435609,synthetic_track_0,0.3705259592168173,60.79010553025237
46.828102,405,2518.071592,synthetic_track_0,0.31590103327744035,51.82810184377428
48.1257,402,2518.625499,synthetic_track_0,0.32381011444333924,53.12570020837627
46.428102,411,2519.403777,synthetic_track_0,0.31346296565335835,51.42810183170736
51.297605,427,2520.033012,synthetic_track_0,0.34314341233899537,56.2976054152582
44.950202,392,2520.615621,synthetic_track_0,0.3044549142249465,49.95020161086301
44.578825,387,2521.117563,synthetic_track_0,0.3021913084072195,49.5788245639501
44.827203,384,2521.713158,synthetic_track_0,0.3037052194838473,49.82720342060605
46.75071,393,2522.730593,synthetic_track_0,0.31542931751084513,51.750710096939
47.028102,404,2523.256162,synthetic_track_0,0.31712006696969086,52.02810183015439
46.995799,412,2523.804515,synthetic_track_0,0.3169231732715889,51.99579859096662
50.601979,429,2524.374599,synthetic_track_0,0.33890345286885926,55.60197916499932
46.559137,404,2524.935323,synthetic_track_0,0.3142616447676008,51.55913661194848
21.80912,260,2525.281021,synthetic_track_0,0.1634061111240942,26.809119556746495
53.314945,434,2526.221098,synthetic_track_0,0.3554394378043539,58.31494500253505
52.453117,439,2526.888851,synthetic_track_0,0.3501864497649493,57.45311686520419
46.384142,405,2527.523547,synthetic_track_0,0.31319502465428234,51.38414226233159
46.027393,404,2528.117579,synthetic_track_0,0.31102057770774,51.027393008838956
1.939342,121,2528.263444,synthetic_track_0,0.042296459662965295,6.9393417181956565
46.369553,400,2529.064488,synthetic_track_0,0.31310610344865336,51.36955346135935
47.725796,398,2529.589121,synthetic_track_0,0.3213726320490813,52.72579621166773
47.442171,407,2530.104473,synthetic_track_0,0.3196438913340926,52.442171467207885
44.725012,385,2530.65418,synthetic_track_0,0.30308234279866686,49.72501155392958
46.360507,398,2531.157362,synthetic_track_0,0.31305096221211104,51.36050674950261
40.543427,374,2531.716168,synthetic_track_0,0.277594878639091,45.54342697822513
46.27007,401,2532.622953,synthetic_track_0,0.3124997324144609,51.27006958380064
47.126697,401,2533.170044,synthetic_track_0,0.3177210198573516,52.12669678295291
50.419068,427,2533.751158,synthetic_track_0,0.3377885778259416,55.419067901088795
46.925451,399,2534.30878,synthetic_track_0,0.3164943923696564,51.92545092535925
50.969676,443,2534.912308,synthetic_track_0,0.34114462659920247,55.96967590578144
49.838621,411,2536.072382,synthetic_track_0,0.3342506577619157,54.83862129890112
45.780792,394,2536.77888,synthetic_track_0,0.30951750516677257,50.78079236963362
44.157315,385,2537.321026,synthetic_track_0,0.2996221351804364,49.15731479467033
46.998251,405,2538.116869,synthetic_track_0,0.3169381203899982,51.9982508804294
46.611137,398,2538.740505,synthetic_track_0,0.3145785961251299,51.611137034571705
45.760405,400,2539.522501,synthetic_track_0,0.30939324139594504,50.76040511320992
47.61407,404,2540.001005,synthetic_track_0,0.3206916410652392,52.614069859591304
1.428944,116,2540.151771,synthetic_track_0,0.039185497567383994,6.4289437031935845
19.835717,253,2540.481341,synthetic_track_0,0.15137788738786553,24.83571668961038
43.886684,385,2541.044461,synthetic_track_0,0.29797259232866163,48.886683597201696
61.196786,490,2541.779678,synthetic_track_0,0.40348059137319686,66.19678626790265
45.492708,434,2543.035512,synthetic_track_0,0.30776158430478473,50.492708331665995
46.313854,398,2543.562235,synthetic_track_0,0.3127666051542462,51.3138538898962
47.627184,404,2544.124261,synthetic_track_0,0.32077157558401986,52.62718426550893
48.286253,401,2544.778737,synthetic_track_0,0.3247887135937568,53.28625345477077
46.828102,399,2545.321405,synthetic_track_0,0.31590103327744035,51.82810184377428
50.979206,432,2546.647562,synthetic_track_0,0.34120271681203507,55.9792064395552
45.872326,392,2547.216154,synthetic_track_0,0.3100754201581968,50.87232633739468
47.394918,415,2547.892606,synthetic_track_0,0.3193558751851233,52.3949182811497
46.254994,400,2548.55504,synthetic_track_0,0.31240784159913765,51.25499357570511
62.224891,465,2549.327465,synthetic_track_0,0.40974706596549987,67.22489143109807
45.927426,397,2550.338812,synthetic_track_0,0.31041126099803845,50.9274258509038
51.487,426,2550.994211,synthetic_track_0,0.34429780511254565,56.48700013047818
46.092708,393,2551.548657,synthetic_track_0,0.31141868564074543,51.09270833333332
46.513149,408,2552.096438,synthetic_track_0,0.31398134376330905,51.51314920618844
47.217723,410,2552.664442,synthetic_track_0,0.3182758426275291,52.2177234274044
47.640962,400,2553.734187,synthetic_track_0,0.3208555546536282,52.64096223808233
51.152554,427,2554.347537,synthetic_track_0,0.34225930141857297,56.15255432014322
60.786197,465,2555.05588,synthetic_track_0,0.40097798231203313,65.78619730606398
50.842339,427,2555.72917,synthetic_track_0,0.34036848475033354,55.84233868763101
24.758374,278,2556.125489,synthetic_track_0,0.1813823128683981,29.75837364782056
47.866388,404,2557.177369,synthetic_track_0,0.32222956174011147,52.86638783569278
45.125012,390,2557.714387,synthetic_track_0,0.3055204104227488,50.1250115659965
48.158933,410,2558.357181,synthetic_track_0,0.32401267469523937,53.158933127104206
47.028048,403,2558.932648,synthetic_track_0,0.31711973655196,52.02804762037981
50.095317,410,2559.567584,synthetic_track_0,0.3358152628281383,55.095317232675576
52.257038,433,2561.074584,synthetic_track_0,0.34899131582225196,57.25703797601402
51.269676,423,2561.624265,synthetic_track_0,0.3429731773056188,56.26967591292109
56.778947,455,2562.286862,synthetic_track_0,0.37655311343046194,61.778946747933865
49.763222,412,2562.890614,synthetic_track_0,0.33379108373978816,54.76322157963948
51.932761,428,2563.438865,synthetic_track_0,0.34701479462043516,56.93276128378119
47.872833,397,2564.404273,synthetic_track_0,0.3222688458726867,52.87283296188572
61.746465,477,2565.063387,synthetic_track_0,0.40683097709678073,66.74646516795654
46.720816,397,2565.547327,synthetic_track_0,0.31524710775509146,51.720815969401166
34.535546,335,2565.997701,synthetic_track_0,0.24097583096717332,39.535546242693165
0.533372,111,2566.155177,synthetic_track_0,0.03372683922074409,5.533372397886856
41.246526,367,2566.635483,synthetic_track_0,0.281880386930146,46.24652616678039
46.360405,395,2568.075127,synthetic_track_0,0.31305034254512987,51.36040508423398
45.322567,398,2568.66733,synthetic_track_0,0.3067245423192662,50.32256669874984
49.809054,419,2569.221297,synthetic_track_0,0.3340704408928597,54.80905413305016
46.092708,396,2569.779648,synthetic_track_0,0.31141868564074543,51.09270833333332
46.417065,397,2570.29625,synthetic_track_0,0.3133956929157717,51.4170647728577
48.354871,408,2571.414402,synthetic_track_0,0.32520694948976064,53.35487106069603
49.158976,411,2571.974204,synthetic_track_0,0.33010810709154353,54.158976361340926
47.742914,403,2572.44757,synthetic_track_0,0.32147696610769055,52.742913712548535
21.325114,256,2572.760048,synthetic_track_0,0.16045601302707438,26.325113591222525
43.509508,374,2573.348732,synthetic_track_0,0.29567364259446033,48.50950787314112
48.161897,401,2574.184493,synthetic_track_0,0.32403074029199563,53.16189704773099
46.660405,400,2574.744207,synthetic_track_0,0.31487889325897594,51.660405092592576
48.295674,415,2575.344336,synthetic_track_0,0.3248461313700997,53.29567366568009
47.665178,406,2575.917152,synthetic_track_0,0.3210031537697732,52.66517799307448
31.145294,314,2576.374605,synthetic_track_0,0.22031167299273044,36.14529432454045
46.024628,394,2577.575515,synthetic_track_0,0.31100372347492483,51.024627829865715
49.281836,412,2578.108744,synthetic_track_0,0.3308569594484547,54.28183634637256
50.954738,419,2578.693658,synthetic_track_0,0.34105357611721887,55.954737766440104
51.174555,427,2579.263859,synthetic_track_0,0.3423933987021942,56.174554905580976
46.28644,395,2579.830633,synthetic_track_0,0.3125995102299171,51.28643956755018
42.809166,372,2580.673557,synthetic_track_0,0.2914049399490541,47.809165892136576
62.392936,475,2581.298828,synthetic_track_0,0.4107713238766908,67.39293565300117
51.967346,431,2581.919456,synthetic_track_0,0.34722559559365423,56.96734621120424
47.492159,404,2582.493177,synthetic_track_0,0.3199485715952064,52.49215864021256
48.587756,411,2583.106219,synthetic_track_0,0.32662642294571265,53.58775606925819
53.230732,427,2584.134594,synthetic_track_0,0.3549261433734722,58.230731678622895
23.820586,275,2584.553424,synthetic_track_0,0.17566633669166096,28.820585656591234
51.450876,431,2585.182231,synthetic_track_0,0.3440776227666438,56.45087605412044
55.707331,444,2585.775125,synthetic_track_0,0.3700214368769559,60.70733139386696
23.619601,274,2586.141588,synthetic_track_0,0.17444130416715098,28.619601475616815
20.281487,253,2586.485622,synthetic_track_0,0.1540949338099105,25.281487180498058
43.938487,381,2587.427009,synthetic_track_0,0.2982883412831469,48.938486748335286
51.003131,418,2587.967549,synthetic_track_0,0.34134853962849043,56.00313076707
45.695225,394,2588.51047,synthetic_track_0,0.30899595600795327,50.69522473903939
45.527729,390,2589.05715,synthetic_track_0,0.30797504152852545,50.52772905513924
50.277856,406,2589.681318,synthetic_track_0,0.3369278678313269,55.277856063963625
47.082666,394,2590.731471,synthetic_track_0,0.31745264286849867,52.082665683192054
47.695799,406,2591.337426,synthetic_track_0,0.3211897915387738,52.69579859978571
46.328102,392,2592.030982,synthetic_track_0,0.3128534490141755,51.328101872469176
47.228102,400,2592.751634,synthetic_track_0,0.3183391008772064,52.22810185185183
63.643382,482,2593.516467,synthetic_track_0,0.41839300452443884,68.64338183462314
50.871426,425,2594.987877,synthetic_track_0,0.3405457758416836,55.871425837625914
47.863199,399,2595.582519,synthetic_track_0,0.3222101261742643,52.863199151959556
45.511741,381,2596.197265,synthetic_track_0,0.30787759018453525,50.511740762449165
47.395799,404,2596.77745,synthetic_track_0,0.31936124089567075,52.395798603033526
51.772559,434,2597.41736,synthetic_track_0,0.3460383350891287,56.77255907263353
45.492708,395,2598.563618,synthetic_track_0,0.30776158430478473,50.492708331665995
47.133948,397,2599.154181,synthetic_track_0,0.31776521817332903,52.133948151516144
51.659281,425,2599.812166,synthetic_track_0,0.3453478872269175,56.65928118383008
50.671322,426,2600.431129,synthetic_track_0,0.3393261068453245,55.67132162048182
25.272557,280,2600.839926,synthetic_track_0,0.18451634768244973,30.27255707368466
19.230564,245,2601.243749,synthetic_track_0,0.14768937909624524,24.230563925764216
24.61499,276,2602.214279,synthetic_track_0,0.1805083624801198,29.6149895339411
47.791082,402,2602.831064,synthetic_track_0,0.3217705583977653,52.791081744646036
51.788564,425,2603.617023,synthetic_track_0,0.34613589014144003,56.78856438016327
20.975077,256,2604.005464,synthetic_track_0,0.15832247941045166,25.975076757147583
19.750179,250,2604.370632,synthetic_track_0,0.15085651962539778,24.750178819693037
45.811237,392,2604.960176,synthetic_track_0,0.30970307078329595,50.81123707433147
42.684095,372,2606.855115,synthetic_track_0,0.2906426112831898,47.684094925058915
47.595799,403,2607.412217,synthetic_track_0,0.3205802745879213,52.59579858941365
55.091322,440,2608.123778,synthetic_track_0,0.3662667543045716,60.091321788790204
19.996566,249,2608.520873,synthetic_track_0,0.15235829126062345,24.996566026626326
44.159171,386,2609.27966,synthetic_track_0,0.2996334494941393,49.1591710703425
47.228102,406,2610.013589,synthetic_track_0,0.3183391008772064,52.22810185185183
46.260405,401,2610.974586,synthetic_track_0,0.31244082565920983,51.26040508451502
51.362348,420,2611.630796,synthetic_track_0,0.34353802760905816,56.36234771823116
46.904913,397,2612.188804,synthetic_track_0,0.31636920870571933,51.904912747258365
23.204772,269,2612.630594,synthetic_track_0,0.17191284818856528,28.204771955731868
41.974376,371,2613.146527,synthetic_track_0,0.2863167520936514,46.97437559204136
46.528102,396,2615.164654,synthetic_track_0,0.31407248253782744,51.528101831188266
50.401979,421,2615.792213,synthetic_track_0,0.337684418980972,55.40197914652219
51.337538,424,2616.395637,synthetic_track_0,0.34338680843988784,56.33753804154484
45.892708,436,2617.027498,synthetic_track_0,0.3101996517332299,50.892708311635886
46.779174,404,2617.672276,synthetic_track_0,0.31560280696690324,51.77917353406079
44.085675,378,2618.543421,synthetic_track_0,0.29918547767660236,49.085674859388185
50.876806,427,2619.202244,synthetic_track_0,0.3405785684849541,55.87680594176017
47.873773,406,2619.738661,synthetic_track_0,0.32227457451137426,52.873772827343714
46.328102,396,2620.26748,synthetic_track_0,0.3128534490141755,51.328101872469176
22.902838,268,2620.654339,synthetic_track_0,0.1700725106479797,27.90283814915067
46.466482,399,2621.639088,synthetic_track_0,0.31369689626401287,51.466481508366186
43.796961,378,2622.173436,synthetic_track_0,0.2974257206325946,48.79696144066051
13.177953,208,2622.457161,synthetic_track_0,0.1107976941853746,18.177953135251872
46.828102,399,2623.083619,synthetic_track_0,0.3159010332774403,51.82810184377427
43.789618,381,2623.688787,synthetic_track_0,0.2973809614500932,48.789618053888205
45.292708,389,2624.27888,synthetic_track_0,0.3065425504168974,50.29270831318885
50.785694,413,2625.462646,synthetic_track_0,0.34002322632923937,55.78569408465128
48.507045,405,2626.123639,synthetic_track_0,0.3261344779889337,53.50704543321834
24.432015,278,2626.509368,synthetic_track_0,0.17939310117457993,29.432014898099446
24.418403,276,2626.875233,synthetic_track_0,0.17931013716933972,29.418403461415156
61.516616,470,2627.543663,synthetic_track_0,0.40543000706308846,66.51661591158356
50.684517,420,2628.130556,synthetic_track_0,0.3394065340656707,55.684516861168014
49.381662,406,2629.646511,synthetic_track_0,0.3314654135280739,54.381661977452616
24.430226,274,2629.986742,synthetic_track_0,0.17938219568624553,29.430225696100997
28.430949,298,2630.422869,synthetic_track_0,0.2037672816360333,33.430949292863744
48.368958,411,2630.956121,synthetic_track_0,0.3252928119853387,53.36895803635169
20.073477,249,2631.291281,synthetic_track_0,0.15282707750245192,25.07347714284641
50.199737,417,2631.869671,synthetic_track_0,0.3364517181368651,55.19973686757665
23.526043,271,2632.459622,synthetic_track_0,0.17387105137436182,28.526043314332117
46.761474,399,2633.036397,synthetic_track_0,0.31549492702029713,51.76147427932397
51.4462,420,2633.687119,synthetic_track_0,0.3440491225432517,56.44620018311993
48.15599,404,2634.328842,synthetic_track_0,0.323994735570991,53.15598995610889
52.137373,432,2634.952571,synthetic_track_0,0.34826193553376544,57.13737266348773
46.728102,394,2636.457098,synthetic_track_0,0.31529151635977476,51.72810183884701
22.231393,269,2636.836634,synthetic_track_0,0.16597993670931563,27.2313926122506
46.531885,394,2637.553128,synthetic_track_0,0.31409554378516197,51.5318853600457
43.022125,374,2638.110488,synthetic_track_0,0.2927029616640479,48.02212499816473
43.747458,385,2638.715878,synthetic_track_0,0.2971239862649689,48.747457583794876
42.488507,369,2639.276153,synthetic_track_0,0.2894504693110983,47.48850691162076
49.244626,414,2640.251166,synthetic_track_0,0.3306301564570965,54.24462605803436
33.505392,324,2640.775025,synthetic_track_0,0.2346968643287571,38.505391579907716
50.663609,417,2641.364631,synthetic_track_0,0.33927909518461685,55.66360868230709
62.071026,473,2642.089044,synthetic_track_0,0.4088092291064614,67.0710258240793
50.689564,426,2642.862538,synthetic_track_0,0.3394372948705526,55.68956361303101
30.078706,310,2643.31071,synthetic_track_0,0.21381063699686578,35.07870599404961
46.688492,410,2643.807443,synthetic_track_0,0.3150500861249806,51.68849174112982
49.934282,415,2644.398998,synthetic_track_0,0.3348337282472104,54.93428238674382
25.046684,281,2644.794641,synthetic_track_0,0.18313961388539493,30.0466841200408
36.994185,343,2645.341248,synthetic_track_0,0.2559616508247855,41.99418523394539
51.331571,422,2647.35256,synthetic_track_0,0.34335043928281356,56.331571158951064
47.795799,398,2647.916272,synthetic_track_0,0.3217993084954369,52.79579861111109
23.019754,269,2648.302467,synthetic_track_0,0.17078513443502047,28.0197543169386
24.84492,282,2648.686964,synthetic_track_0,0.18190982889592147,29.844920228928746
25.887251,284,2649.063416,synthetic_track_0,0.1882630086337409,30.887250616605332
51.088858,423,2649.677001,synthetic_track_0,0.3418710615904749,56.08885799999601
46.895799,397,2650.690405,synthetic_track_0,0.316313656632406,51.89579863172843
23.632174,275,2651.041009,synthetic_track_0,0.17451793335892352,28.632173595163838
20.99722,255,2651.400888,synthetic_track_0,0.15845744542784626,25.99721987083861
51.430254,428,2652.145487,synthetic_track_0,0.34395193065199003,56.43025445737653
47.982398,402,2652.74752,synthetic_track_0,0.32293666469894283,52.982398232316456
51.397393,432,2653.512199,synthetic_track_0,0.34375163487299165,56.39739305795309
24.649214,276,2654.881394,synthetic_track_0,0.18071696788182534,29.649214246322018
42.98466,378,2655.401516,synthetic_track_0,0.29247460869889946,47.98466041436374
36.155483,340,2655.879683,synthetic_track_0,0.25084961750403323,41.15548274276351
28.116316,294,2656.26457,synthetic_track_0,0.20184953997342606,33.11631622829771
50.070701,413,2656.880741,synthetic_track_0,0.3356652238709169,55.070701186711034
50.501979,411,2657.528672,synthetic_track_0,0.33829393586544093,55.50197914600308
33.043354,323,2659.277595,synthetic_track_0,0.23188066935385043,38.043354344837326
28.698796,298,2659.727522,synthetic_track_0,0.20539985369986574,33.69879618881643
29.928707,305,2660.166205,synthetic_track_0,0.21289637072039164,34.92870747964838
45.265043,395,2660.714679,synthetic_track_0,0.3063739231649323,50.265042590485095
27.779825,298,2661.178803,synthetic_track_0,0.19979857092876835,32.77982529814114
21.555896,264,2661.548821,synthetic_track_0,0.16186267128912168,26.555896083158046
30.235957,313,2662.882176,synthetic_track_0,0.2147691112571412,35.235957463159444
46.631485,394,2663.462577,synthetic_track_0,0.3147026199338216,51.63148492176042
45.003497,384,2663.995402,synthetic_track_0,0.3047797571082708,50.00349675164013
45.897764,393,2664.5288,synthetic_track_0,0.3102304685977946,50.89776426089504
34.255978,326,2664.945594,synthetic_track_0,0.2392718156946647,39.255978062207475
46.238028,395,2665.4572,synthetic_track_0,0.31230443206349745,51.238027756096436
42.683508,369,2667.158126,synthetic_track_0,0.2906390349998753,47.68350818441447
44.194146,386,2667.700322,synthetic_track_0,0.2998466295135788,49.19414631446861
45.792708,394,2668.278709,synthetic_track_0,0.30959013492689935,50.79270832497472
27.447325,297,2668.720306,synthetic_track_0,0.19777192262792237,32.44732453532943
56.846644,458,2669.342603,synthetic_track_0,0.3769657366693948,61.846643516851174
45.49563,395,2670.745673,synthetic_track_0,0.30777939117726266,50.495629804858815
51.098554,418,2671.368822,synthetic_track_0,0.34193016275052124,56.09855439418056
22.645018,267,2671.721184,synthetic_track_0,0.16850105247422634,27.64501786465356
17.167183,231,2672.032646,synthetic_track_0,0.13511272404945976,22.16718302492889
50.699099,421,2672.66396,synthetic_track_0,0.3394954159085585,55.69909920411719
50.387463,420,2673.279045,synthetic_track_0,0.33759594228383843,55.387463273553166
25.496724,283,2674.627299,synthetic_track_0,0.18588268088656032,30.496723660670717
53.317007,432,2675.222537,synthetic_track_0,0.3554520037315406,58.31700662337636
46.172111,395,2675.775457,synthetic_track_0,0.31190266059048755,51.172111375244356
21.206957,257,2676.112942,synthetic_track_0,0.15973582967844943,26.206957168777578
37.123525,344,2676.617224,synthetic_track_0,0.25674999665289266,42.12352469017745
46.012904,390,2677.247627,synthetic_track_0,0.31093226436534455,51.012903936561
43.512706,378,2678.080682,synthetic_track_0,0.29569313288556087,48.51270553533818
47.063272,394,2678.677898,synthetic_track_0,0.3173344370045943,52.06327231340973
46.174788,392,2679.461037,synthetic_track_0,0.31191897693190596,51.17478830540814
35.850628,336,2680.029571,synthetic_track_0,0.24899147517168438,40.85062780436062
49.195983,408,2680.699908,synthetic_track_0,0.33033366988960444,54.195983178155615
48.141654,406,2681.491032,synthetic_track_0,0.32390735515886004,53.141653944440655
46.328102,391,2682.041505,synthetic_track_0,0.3128534490141755,51.328101872469176
50.994099,416,2682.608097,synthetic_track_0,0.3412934886125522,55.99409885719921
46.360405,401,2683.115578,synthetic_track_0,0.31305034254512987,51.36040508423398
14.351957,213,2683.421234,synthetic_track_0,0.11795344542195961,19.35195690475751
44.335711,382,2683.990734,synthetic_track_0,0.3007094879071935,49.3357106273075
50.706097,427,2685.053126,synthetic_track_0,0.339538067922176,55.706096879568506
49.60208,415,2685.660051,synthetic_track_0,0.33280889638151334,54.60207963620802
45.11772,401,2686.267557,synthetic_track_0,0.3054759660709649,50.11771983172536
41.923043,369,2686.896472,synthetic_track_0,0.28600386868176764,46.92304257432977
51.593667,425,2687.48888,synthetic_track_0,0.3449479585887447,56.59366714650195
61.715336,483,2688.48067,synthetic_track_0,0.4066412418921057,66.71533638243399
51.837114,421,2689.089058,synthetic_track_0,0.3464318061001748,56.837113643479654
50.992732,435,2689.706682,synthetic_track_0,0.34128515851155067,55.99273218448341
26.786915,292,2690.136589,synthetic_track_0,0.1937466144788734,31.786914917364484
31.752381,318,2690.653122,synthetic_track_0,0.22401197124924738,36.75238140146897
50.848431,421,2691.456194,synthetic_track_0,0.34040562139956293,55.848431488336445
47.028102,395,2692.021233,synthetic_track_0,0.31712006696969086,52.0281018301544
45.792708,406,2692.673321,synthetic_track_0,0.30959013492689935,50.79270832497472
55.339217,442,2693.390143,synthetic_track_0,0.3677777175840328,60.339217016981316
42.621076,377,2693.907629,synthetic_track_0,0.2902584972889816,47.62107550722131
21.025811,259,2694.839006,synthetic_track_0,0.15863171177390145,26.02581076792301
51.144174,422,2695.476495,synthetic_track_0,0.3422082241761232,56.144174364889125
41.194664,377,2695.974784,synthetic_track_0,0.28156428047963883,46.19466436328964
42.331531,373,2696.495561,synthetic_track_0,0.288493672530577,47.33153065715849
46.160405,408,2697.059101,synthetic_track_0,0.31183130874154436,51.16040507958776
45.760405,395,2698.226674,synthetic_track_0,0.30939324139594504,50.76040511320992
14.190925,211,2698.52649,synthetic_track_0,0.11697192846115388,19.19092494965987
44.298229,380,2699.08268,synthetic_track_0,0.300481028736063,49.298228618889716
53.988575,434,2699.725834,synthetic_track_0,0.35954532786178683,58.98857523998059
38.22472,349,2700.301127,synthetic_track_0,0.263461966345993,43.224719723372594
51.376093,427,2701.014589,synthetic_track_0,0.3436218080641431,56.37609310523928
49.251259,399,2701.960324,synthetic_track_0,0.330670585914815,54.25125909126754
46.930951,419,2702.582677,synthetic_track_0,0.31652791888523785,51.93095143178684
49.488979,414,2703.146328,synthetic_track_0,0.3321195285573777,54.4889789431636
40.39974,376,2703.681551,synthetic_track_0,0.2767190829864411,45.39974012222169
50.876623,420,2704.304632,synthetic_track_0,0.34057745600959105,55.87662342419821
45.292708,416,2705.179772,synthetic_track_0,0.3065425504168974,50.29270831318885
44.8683,387,2705.711678,synthetic_track_0,0.3039557075378225,49.868299583658704
56.601217,443,2706.368977,synthetic_track_0,0.3754698205185995,61.6012169862419
16.828078,231,2706.709662,synthetic_track_0,0.13304582367934495,21.828078332007028
30.362193,309,2707.155152,synthetic_track_0,0.21553853873765014,35.36219309274092
45.669269,394,2707.743317,synthetic_track_0,0.30883775207953784,50.66926911227574
50.717134,423,2709.143643,synthetic_track_0,0.33960533910343843,55.717133683080824
39.268951,363,2709.815252,synthetic_track_0,0.26982673103030613,44.268950787917824
19.82204,246,2710.21556,synthetic_track_0,0.1512945242510507,24.82203976965849
40.973118,366,2710.737247,synthetic_track_0,0.28021391962564157,45.973118269752966
14.099613,212,2711.089701,synthetic_track_0,0.11641536797460628,19.09961320787878
47.763495,409,2711.77732,synthetic_track_0,0.32160241477770674,52.763495368703026
44.757315,387,2713.189823,synthetic_track_0,0.30327923649676886,49.75731479311736
16.144594,225,2713.915641,synthetic_track_0,0.12887987260408268,21.144594221921043
49.807055,407,2714.46323,synthetic_track_0,0.33405825865603633,54.80705546212397
30.138923,313,2714.897703,synthetic_track_0,0.21417767183742822,35.13892333142115
34.626047,326,2715.357151,synthetic_track_0,0.2415274512790173,39.62604747785765
49.216637,405,2715.912678,synthetic_track_0,0.33045956027828544,54.216637304601534
47.875179,401,2717.574651,synthetic_track_0,0.3222831479453305,52.87517942232577
45.024169,388,2718.157532,synthetic_track_0,0.30490575802327474,50.02416901151684
47.330498,393,2718.836112,synthetic_track_0,0.3189632240314648,52.330498219683754
48.675479,411,2719.454169,synthetic_track_0,0.3271611068428638,53.67547864233202
44.469761,376,2719.984611,synthetic_track_0,0.3015265503336497,49.469761453959606
60.498531,477,2720.976587,synthetic_track_0,0.39922460900581463,65.49853123121125
51.156724,420,2721.554292,synthetic_track_0,0.34228471867314725,56.15672438582803
19.637325,245,2721.879429,synthetic_track_0,0.15016865858341114,24.637325335902315
49.816051,418,2722.497509,synthetic_track_0,0.3341130862583676,54.81605071778361
45.714038,387,2723.132642,synthetic_track_0,0.30911062334794964,50.71403756315025
29.214859,300,2723.726244,synthetic_track_0,0.20854534672831088,34.21485949932786
46.828701,405,2724.316522,synthetic_track_0,0.315904684849936,51.82870093669028
48.272494,398,2724.842513,synthetic_track_0,0.32470484536410454,53.27249366708418
32.607615,324,2725.313598,synthetic_track_0,0.22922476156022586,37.607614524085434
51.389699,422,2725.862663,synthetic_track_0,0.3437047371679009,56.38969881583408
50.238294,413,2726.443427,synthetic_track_0,0.3366867279242918,55.23829359868534
46.968775,397,2727.505559,synthetic_track_0,0.31675845977756867,51.96877497646763
50.988731,420,2728.105726,synthetic_track_0,0.34126077147874606,55.988731141477146
46.081314,391,2728.609684,synthetic_track_0,0.31134923469587994,51.081313908293644
45.241823,389,2729.185546,synthetic_track_0,0.30623239531626245,50.24182291412478
45.715223,391,2729.765288,synthetic_track_0,0.30911784995976876,50.7152231926161
22.077085,261,2730.424621,synthetic_track_0,0.1650394081210932,27.07708538839748
47.395799,399,2730.981309,synthetic_track_0,0.31936124089567075,52.395798603033526
51.050164,414,2731.584424,synthetic_track_0,0.34163521230645294,56.05016353741305
46.728102,400,2732.11877,synthetic_track_0,0.3152915163597748,51.72810183884702
53.9082,432,2732.715647,synthetic_track_0,0.359055427202333,58.90820000027948
45.033462,379,2734.1137,synthetic_track_0,0.3049624008708246,50.03346208422723
46.580557,393,2734.624664,synthetic_track_0,0.3143922032520432,51.58055660655263
49.562464,402,2735.199619,synthetic_track_0,0.3325674335400215,54.56246418889374
46.270207,390,2735.802655,synthetic_track_0,0.3125005699279171,51.27020698991247
46.828102,400,2736.376729,synthetic_track_0,0.31590103327744035,51.82810184377428
45.992708,405,2737.357409,synthetic_track_0,0.31080916868408237,50.99270832200794
51.613481,420,2737.99469,synthetic_track_0,0.34506872488267976,56.613480591606645
42.508523,373,2738.582822,synthetic_track_0,0.2895724717985498,47.508523172027466
41.851746,371,2739.136535,synthetic_track_0,0.28556930687746346,46.85174646865635
45.792708,389,2739.695465,synthetic_track_0,0.30959013492689935,50.79270832497472
50.650917,410,2740.248715,synthetic_track_0,0.33920173597012915,55.650916792048214
42.587618,372,2740.980721,synthetic_track_0,0.29005456609725483,47.5876176661238
43.92394,378,2741.598974,synthetic_track_0,0.2981996751068631,48.92393978859015
32.528276,324,2742.072733,synthetic_track_0,0.22874117865817248,37.52827580322877
51.592723,417,2742.662652,synthetic_track_0,0.3449422066473006,56.59272345789203
46.628102,396,2743.269712,synthetic_track_0,0.3146819995412457,51.6281018501845
46.975242,404,2744.476298,synthetic_track_0,0.3167978776567313,51.97524204570925
48.282083,398,2745.024436,synthetic_track_0,0.32476329513655916,53.282083191778334
51.569676,428,2745.643028,synthetic_track_0,0.34480172791553493,56.569675904228475
50.684053,415,2746.19112,synthetic_track_0,0.3394037068359668,55.68405301352717
23.281551,271,2746.574687,synthetic_track_0,0.17238083186320008,28.281551399276434
45.446852,382,2747.282704,synthetic_track_0,0.30748208245887404,50.446852039316795
44.459185,376,2747.8676,synthetic_track_0,0.3014620870999836,49.45918533458145
54.00816,425,2748.417815,synthetic_track_0,0.3596646985782423,59.00815972055487
46.560405,406,2748.94574,synthetic_track_0,0.31426937630231283,51.5604050812672
41.293996,366,2749.507608,synthetic_track_0,0.28216972191736156,46.29399572719555
50.183975,401,2750.116646,synthetic_track_0,0.33635564979413124,55.18397547610694
46.40486,400,2751.094653,synthetic_track_0,0.31332130133118,51.40485976490778
46.061256,388,2751.690647,synthetic_track_0,0.3112269800142902,51.061256271816255
47.595799,398,2752.269994,synthetic_track_0,0.3205802745879214,52.595798589413654
51.442304,423,2752.883567,synthetic_track_0,0.3440253727683495,56.442303691425586
49.129639,407,2753.40165,synthetic_track_0,0.32992928825473483,54.1296385627603
45.925492,381,2754.26749,synthetic_track_0,0.31039947474852814,50.925492147383935
28.629671,301,2754.71669,synthetic_track_0,0.20497852210660866,33.62967068929282
41.284836,366,2755.22888,synthetic_track_0,0.28211389000383474,46.28483569985921
48.789656,401,2755.772685,synthetic_track_0,0.32785703513902836,53.78965567504183
46.850507,394,2756.393795,synthetic_track_0,0.3160375968186048,51.850507054185236
43.40765,380,2757.300746,synthetic_track_0,0.295052801469383,48.40764996933664
46.278131,392,2757.924618,synthetic_track_0,0.31254886785731795,51.27813095894119
45.892708,428,2758.546666,synthetic_track_0,0.3101996517332299,50.89270831163588
43.867901,376,2759.103602,synthetic_track_0,0.2978581120602971,48.86790146487898
62.253518,463,2759.769686,synthetic_track_0,0.40992155098614314,67.2535182048895
41.382387,366,2760.831205,synthetic_track_0,0.28270848141241733,46.38238696064406
47.395799,396,2761.42529,synthetic_track_0,0.3193612408956708,52.39579860303353
44.639927,377,2761.989984,synthetic_track_0,0.30256373858421065,49.639927083756795
47.721819,399,2762.514517,synthetic_track_0,0.3213483887456809,52.721818749534634
50.930581,418,2763.124591,synthetic_track_0,0.3409063391307046,55.9305814240152
46.303383,383,2764.13248,synthetic_track_0,0.31270278579678823,51.303383407658075
50.585691,420,2764.726752,synthetic_track_0,0.3388041714403342,55.58569062065552
42.959125,374,2765.288952,synthetic_track_0,0.2923189633759692,47.959124563579564
45.773536,383,2765.886684,synthetic_track_0,0.30947327577813977,50.77353590315498
46.260405,388,2766.390123,synthetic_track_0,0.31244082565920983,51.26040508451502
47.463495,394,2766.933635,synthetic_track_0,0.31977386425063653,52.463495390987696
47.994835,401,2767.946895,synthetic_track_0,0.32301247104736974,52.994835352594
51.75753,419,2768.506687,synthetic_track_0,0.3459467287062234,56.7575297297615
46.763738,392,2769.027393,synthetic_track_0,0.31550872195874097,51.76373753711448
25.42751,276,2769.420087,synthetic_track_0,0.185460810184804,30.427509712654516
23.675849,269,2769.825367,synthetic_track_0,0.17478414532626285,28.675849492048854
26.458205,282,2770.267965,synthetic_track_0,0.1917430692622218,31.45820454734797
48.223021,404,2772.020525,synthetic_track_0,0.3244033020392134,53.22302115352313
49.001306,400,2772.596358,synthetic_track_0,0.3291470805816249,54.00130615901878
51.847335,417,2773.177319,synthetic_track_0,0.34649410595651486,56.84733482973456
51.620572,429,2773.780704,synthetic_track_0,0.34511195062185285,56.620572394975866
50.968662,421,2774.377589,synthetic_track_0,0.3411384477604486,55.96866217853627
47.672707,396,2775.965572,synthetic_track_0,0.3210490421323354,52.67270663805435
43.689618,377,2776.57247,synthetic_track_0,0.29677144444667486,48.689618034891964
24.884019,276,2776.998847,synthetic_track_0,0.18214814157593281,29.88401884700589
51.469676,419,2777.553134,synthetic_track_0,0.3441922111092044,56.46967591756731
49.806121,410,2778.128654,synthetic_track_0,0.3340525648576717,54.80612131272136
43.040767,370,2779.572298,synthetic_track_0,0.29281659072004623,48.04076747687267
50.334282,409,2780.153027,synthetic_track_0,0.33727179587274336,55.33428239904879
43.299644,373,2780.67165,synthetic_track_0,0.2943944895682671,48.29964444652456
51.749986,418,2781.302466,synthetic_track_0,0.34590074714220226,56.74998579374363
51.594824,421,2781.923349,synthetic_track_0,0.34495501165615355,56.59482430351465
46.577929,393,2783.329749,synthetic_track_0,0.3143761881410192,51.57792909756167
50.549432,413,2783.937547,synthetic_track_0,0.3385831719478505,55.549432479664226
44.429267,376,2784.60564,synthetic_track_0,0.3012797302210943,49.42926706938005
30.630668,311,2785.191195,synthetic_track_0,0.2171749407172325,35.63066834138204
56.746643,448,2786.007628,synthetic_track_0,0.3763562196659765,61.746643497854926
29.69605,300,2786.564277,synthetic_track_0,0.21147828519521342,34.69605018106471
45.740459,384,2787.750675,synthetic_track_0,0.30927166364872516,50.74045853753882
57.705437,502,2788.697283,synthetic_track_0,0.3822002265327249,62.705436762704885
47.687972,403,2789.333445,synthetic_track_0,0.3211420898482261,52.68797245230472
21.780926,259,2789.747725,synthetic_track_0,0.16323426582247694,26.78092586677597
43.929952,372,2790.351684,synthetic_track_0,0.2982363184705451,48.929951658716384
48.04311,398,2791.530504,synthetic_track_0,0.3233067108098589,53.04310961184083
50.00867,404,2792.1912,synthetic_track_0,0.33528713043872127,55.00866952854584
42.203487,368,2792.895209,synthetic_track_0,0.2877132227478644,47.203486660585504
49.722502,402,2793.61038,synthetic_track_0,0.33354289204504833,54.72250216730233
49.209509,402,2794.321191,synthetic_track_0,0.3304161091114249,54.20950851658234
42.824445,370,2795.910217,synthetic_track_0,0.2914980670392198,47.824444728876834
43.028525,370,2796.497655,synthetic_track_0,0.2927419722865275,48.028525251098
51.190019,413,2797.172614,synthetic_track_0,0.3424876520193423,56.190018516033845
24.873362,275,2797.695623,synthetic_track_0,0.18208318933244,29.873362498541937
41.541652,365,2798.300683,synthetic_track_0,0.2836792294525545,46.541652119630385
48.49222,401,2799.014643,synthetic_track_0,0.32604411670916844,53.49222036740003
49.8025,403,2800.805738,synthetic_track_0,0.3340304945681464,54.8025003647258
50.334282,403,2801.579749,synthetic_track_0,0.33727179587274336,55.33428239904879
49.783336,402,2802.328383,synthetic_track_0,0.3339136860640051,54.783336251883114
49.561663,398,2803.117643,synthetic_track_0,0.33256254899456056,54.5616628090534
27.296353,288,2803.640735,synthetic_track_0,0.19685172479453325,32.29635286382044
44.883619,378,2805.217279,synthetic_track_0,0.3040490795565934,49.88361860445458
47.810971,395,2805.922296,synthetic_track_0,0.32189178467157975,52.81097065605671
51.796514,422,2806.61568,synthetic_track_0,0.34618434472722764,56.79651405092232
28.824115,302,2807.232618,synthetic_track_0,0.20616369491777392,33.82411531178191
50.75356,410,2808.056177,synthetic_track_0,0.33982736631031785,55.75356043537995
47.269694,397,2808.723798,synthetic_track_0,0.3185926102651616,52.2696937081398
47.864644,406,2810.415647,synthetic_track_0,0.32221893558410997,52.86464446217563
47.206352,400,2811.017405,synthetic_track_0,0.3182065337124149,52.206352304385426
47.901436,400,2811.640977,synthetic_track_0,0.32244318924780396,52.901436496694124
29.208873,303,2812.160713,synthetic_track_0,0.2085088571321944,34.208872856979326
30.739161,306,2812.658681,synthetic_track_0,0.2178362224512756,35.73916110794198
47.293653,402,2814.474186,synthetic_track_0,0.3187386490658874,52.29365347097637
16.209722,226,2814.841617,synthetic_track_0,0.12927683539494447,21.20972166939889
49.004649,401,2815.504714,synthetic_track_0,0.32916745586753765,54.0046490173261
51.211004,416,2816.14174,synthetic_track_0,0.34261555937596405,56.21100355504048
47.795799,402,2816.851601,synthetic_track_0,0.3217993084954369,52.79579861111109
51.271411,415,2817.469741,synthetic_track_0,0.34298375302225564,56.27141101113598
42.983298,368,2818.934328,synthetic_track_0,0.29246630652368527,47.98329832327444
47.350486,398,2819.677171,synthetic_track_0,0.3190850545594099,52.350486267663555
45.618098,386,2820.355257,synthetic_track_0,0.30852585623215595,50.61809811870523
45.501125,381,2821.053234,synthetic_track_0,0.30781288383611916,50.501124756604376
48.424939,403,2821.795355,synthetic_track_0,0.3256340255425838,53.42493902132
52.14358,419,2822.638803,synthetic_track_0,0.3482997713768609,57.143580176989516
44.125651,384,2823.196747,synthetic_track_0,0.2994291406362525,49.125651267686955
51.98298,427,2823.867553,synthetic_track_0,0.347320884676922,56.98297975396592
49.661099,403,2824.470883,synthetic_track_0,0.33316863111497685,54.661099286157416
49.018681,402,2825.027395,synthetic_track_0,0.32925298447810464,54.01868121435006
52.68266,432,2826.366523,synthetic_track_0,0.3515855513059046,57.68265956850623
43.877264,377,2826.915675,synthetic_track_0,0.2979151802421631,48.877264319793085
48.063495,403,2827.506653,synthetic_track_0,0.32343096539982136,53.06349536201176
41.810612,366,2828.080618,synthetic_track_0,0.28531858766009294,46.81061237992844
44.575775,381,2828.725711,synthetic_track_0,0.3021727225403854,49.575775285544324
49.862906,424,2829.614471,synthetic_track_0,0.3343986788297706,54.86290628113183
48.722821,403,2830.195822,synthetic_track_0,0.32744966457044694,53.72282068214058
52.690954,425,2830.899995,synthetic_track_0,0.35163610881218826,57.69095425357723
51.715041,423,2831.616492,synthetic_track_0,0.3456877524395754,56.715040953502374
47.763495,394,2832.237865,synthetic_track_0,0.32160241477770674,52.763495368703026
48.077642,400,2833.095402,synthetic_track_0,0.3235171891610718,53.0776416084899
50.741128,416,2833.677562,synthetic_track_0,0.33975158742172257,55.74112782028219
50.158081,410,2834.238021,synthetic_track_0,0.33619782076783766,55.15808135742115
51.518281,415,2834.844774,synthetic_track_0,0.3444884689138251,56.51828126561127
52.614703,426,2835.514152,synthetic_track_0,0.3511713422915817,57.61470263035947
44.586187,383,2836.457309,synthetic_track_0,0.3022361842374631,49.58618708845994
50.897333,415,2837.047304,synthetic_track_0,0.34070368169510024,55.897332560904715
50.870808,415,2837.667336,synthetic_track_0,0.3405420093075308,55.87080788359885
49.709148,414,2838.261281,synthetic_track_0,0.33346149483602877,54.70914778604217
50.16157,410,2838.860837,synthetic_track_0,0.33621908690917723,55.16157037335674
47.455745,393,2840.111092,synthetic_track_0,0.3197266224082651,52.45574468820489
43.340558,376,2840.761206,synthetic_track_0,0.2946438634547326,48.3405578143943
63.966988,473,2841.421502,synthetic_track_0,0.42036543641763624,68.9669876170416
43.981567,385,2842.056823,synthetic_track_0,0.2985509210757651,48.98156673478782
50.723707,420,2842.69066,synthetic_track_0,0.3396454036557385,55.72370684833891
49.599224,400,2844.131136,synthetic_track_0,0.3327914934062374,54.59922442815242
24.694659,279,2844.575784,synthetic_track_0,0.18099396271269708,29.694659226845427
49.656776,434,2845.199918,synthetic_track_0,0.33314228263126655,54.656776438957465
17.864116,235,2845.549726,synthetic_track_0,0.13936065099334982,22.864116453695136
49.611511,406,2846.140606,synthetic_track_0,0.3328663842450678,54.611511345931056
50.558109,407,2846.746483,synthetic_track_0,0.3386360574891257,55.5581091123135
26.101924,286,2847.647719,synthetic_track_0,0.18957148172008717,31.10192442021848
42.367376,372,2848.187098,synthetic_track_0,0.2887121556336442,47.36737594832272
48.48049,418,2848.845248,synthetic_track_0,0.3259726203289128,53.480490359305705
47.278508,408,2849.416741,synthetic_track_0,0.31864633393300096,52.278507847490054
52.137183,431,2850.047612,synthetic_track_0,0.34826077978281184,57.137183045943566
21.546538,261,2850.416724,synthetic_track_0,0.16180563065583714,26.546537747984424
48.735741,408,2852.039072,synthetic_track_0,0.327528418276161,53.735741358714435
29.777658,306,2852.478952,synthetic_track_0,0.21197569967027033,34.77765817013759
51.691542,426,2853.135465,synthetic_track_0,0.3455445227577704,56.69154206697255
49.619386,405,2853.817379,synthetic_track_0,0.33291437919769135,54.61938560726776
60.599995,471,2854.481815,synthetic_track_0,0.39984304747622884,65.59999494500855
51.90324,427,2856.396703,synthetic_track_0,0.3468348570851322,56.90323994664453
26.708994,291,2856.797375,synthetic_track_0,0.19327167451828836,31.708994195195586
24.907779,292,2857.221228,synthetic_track_0,0.18229296160525507,29.907778652888325
25.347125,285,2857.703494,synthetic_track_0,0.18497085300234714,30.347125199542898
48.758194,409,2858.351056,synthetic_track_0,0.3276652727591982,53.758194302318444
49.766586,407,2859.530785,synthetic_track_0,0.33381158825451285,54.76658563978953
15.47131,219,2859.861002,synthetic_track_0,0.12477608972216178,20.47130969688393
25.963467,284,2860.323561,synthetic_track_0,0.18872756250649658,30.963467351888863
16.444749,229,2860.648745,synthetic_track_0,0.13070936587271306,21.44474886993006
47.558179,406,2861.333422,synthetic_track_0,0.3203509766224936,52.55817896474367
50.489461,411,2861.952259,synthetic_track_0,0.33821763474487554,55.48946085124972
50.735079,419,2862.615441,synthetic_track_0,0.3397147200495411,55.73507919834414
49.135832,401,2863.971727,synthetic_track_0,0.3299670383993933,54.135832016202585
50.304657,419,2864.631602,synthetic_track_0,0.3370912240731624,55.304657001747294
44.825012,388,2865.222682,synthetic_track_0,0.3036918596831359,49.825011553410484
50.068561,404,2865.810938,synthetic_track_0,0.3356521761833641,55.06856052616208
48.03619,407,2866.42013,synthetic_track_0,0.323264532034322,53.03618957789383
44.948977,381,2867.225879,synthetic_track_0,0.3044474471784175,49.9489765346296
53.423707,439,2867.866599,synthetic_track_0,0.356102358073854,58.42370659437124
51.241005,419,2868.462724,synthetic_track_0,0.34279842195967847,56.24100478838194
47.28816,393,2869.033911,synthetic_track_0,0.3187051640901457,52.28815977975615
51.326384,429,2869.66654,synthetic_track_0,0.3433188254858735,56.32638446148927
52.508034,425,2870.483424,synthetic_track_0,0.3505211777445456,57.508033798005876
42.880688,378,2871.070894,synthetic_track_0,0.2918408793836778,47.880688017851035
48.263495,409,2871.722492,synthetic_track_0,0.3246499991570043,53.263495359044974
51.237452,432,2872.336414,synthetic_track_0,0.3427767654431206,56.23745172578478
18.02241,236,2872.685755,synthetic_track_0,0.14032547417523936,23.022409554586286
44.008157,384,2874.262589,synthetic_track_0,0.29871299364421006,49.008157067514176
20.315866,252,2874.672393,synthetic_track_0,0.15430448018273676,25.315866272706643
13.396259,207,2875.047662,synthetic_track_0,0.11212830354700763,18.396258712772504
50.102894,405,2875.706488,synthetic_track_0,0.33586144693451087,55.102894398675346
27.398278,299,2876.233619,synthetic_track_0,0.19747297516132237,32.398277909605746
51.431493,426,2876.865772,synthetic_track_0,0.3439594806794895,56.43149314783001
49.957723,410,2878.742757,synthetic_track_0,0.3349766015484688,54.957722803926224
51.513161,429,2879.380637,synthetic_track_0,0.3444572613151568,56.513161210810246
45.707757,389,2879.959806,synthetic_track_0,0.3090723411228832,50.707756814274674
48.163495,405,2880.620751,synthetic_track_0,0.32404048220615184,53.16349534867291
14.838818,218,2880.949961,synthetic_track_0,0.12092094837820119,19.838818387425455
51.370815,427,2881.61435,synthetic_track_0,0.34358963684989413,56.37081495546169
24.124884,277,2882.375659,synthetic_track_0,0.17752108686139662,29.124884061995285
27.915239,295,2882.863007,synthetic_track_0,0.20062394261889333,32.91523937884532
27.466754,300,2883.365742,synthetic_track_0,0.1978903498227735,32.46675421763258
51.224139,430,2883.992781,synthetic_track_0,0.3426956201197342,56.22413866998062
28.79687,301,2884.446065,synthetic_track_0,0.2059976286648708,33.796869757758294
52.637149,426,2885.08182,synthetic_track_0,0.3513081586174515,57.63714931373212
35.811977,336,2885.776716,synthetic_track_0,0.24875589359611153,40.811977263193874
50.355275,419,2886.398731,synthetic_track_0,0.33739975037719333,55.35527517333382
50.47635,422,2887.021127,synthetic_track_0,0.3381377194110858,55.47634959290541
18.821591,244,2887.410914,synthetic_track_0,0.14519662284964924,23.82159145967286
16.755914,228,2887.737438,synthetic_track_0,0.1326059698302225,21.755913990370722
48.340935,403,2888.338685,synthetic_track_0,0.3251220091556208,53.34093537886943
46.340377,397,2889.515742,synthetic_track_0,0.31292826652836075,51.3403767602866
48.86929,401,2890.137842,synthetic_track_0,0.3283424189514926,53.86928986111813
51.211461,415,2890.729798,synthetic_track_0,0.34261834565472377,56.21146068409075
51.582582,421,2891.314522,synthetic_track_0,0.3448803904338295,56.58258162019642
46.628102,397,2891.965515,synthetic_track_0,0.3146819995412457,51.62810185018451
50.806198,417,2892.771804,synthetic_track_0,0.3401482025554396,55.80619822961198
15.801359,224,2893.109659,synthetic_track_0,0.126787797953036,20.80135932663028
53.011308,442,2893.753207,synthetic_track_0,0.35358871845103806,58.0113079104599
46.630015,392,2894.38255,synthetic_track_0,0.31469366353212,51.630015495419116
50.969764,424,2894.996719,synthetic_track_0,0.34114516591430905,55.96976438817094
36.876728,349,2896.423805,synthetic_track_0,0.2552457274935092,41.87672772853376
52.906217,446,2897.162484,synthetic_track_0,0.35294817327970013,57.90621727485415
30.341635,316,2897.661288,synthetic_track_0,0.21541323352980724,35.34163497361652
51.207146,422,2898.289672,synthetic_track_0,0.342592049365336,56.207146400119086
47.438051,411,2898.945694,synthetic_track_0,0.3196187779676181,52.43805125873064
37.42983,356,2899.479876,synthetic_track_0,0.2586169817492109,42.42983041101948
51.465872,427,2900.621238,synthetic_track_0,0.3441690225628541,56.46587150347792
48.505767,426,2901.269898,synthetic_track_0,0.3261266864106932,53.50576711289636
20.074043,260,2901.646589,synthetic_track_0,0.15283052594039032,25.07404290862064
42.927825,376,2902.186533,synthetic_track_0,0.29212818448607253,47.927824546505796
51.786301,426,2902.802794,synthetic_track_0,0.3461220973138901,56.78630146869522
53.840463,448,2903.68088,synthetic_track_0,0.3586425583884569,58.8404629412655
51.219531,434,2904.272716,synthetic_track_0,0.3426675367109448,56.21953118340244
37.577891,355,2904.788828,synthetic_track_0,0.2595194376054893,42.57789125635274
47.459451,416,2905.367522,synthetic_track_0,0.3197492105179333,52.45945059203242
13.525061,217,2905.738854,synthetic_track_0,0.11291337345973075,18.525060708033347
51.537373,446,2906.653016,synthetic_track_0,0.344604834217433,56.5373726650407
47.939825,400,2907.262846,synthetic_track_0,0.3226771712018625,52.93982459697584
50.901979,415,2907.936492,synthetic_track_0,0.3407320034909739,55.90197915830805
47.864989,408,2908.530822,synthetic_track_0,0.32222103734213264,52.86498928576712
51.661394,429,2909.147651,synthetic_track_0,0.34536076459577136,56.66139390115016
18.445864,242,2909.489397,synthetic_track_0,0.14290649955173151,23.44586383926005
54.750293,486,2910.63996,synthetic_track_0,0.36418812447188964,59.750292709062144
52.487012,436,2911.326754,synthetic_track_0,0.350393048836759,57.48701241034848
43.837714,452,2911.962744,synthetic_track_0,0.29767411438141705,48.83771400287205
35.195596,342,2912.524555,synthetic_track_0,0.24499894354960236,40.19559564641885
38.801531,371,2913.47433,synthetic_track_0,0.26697773135252373,43.80153147016173
52.53541,421,2914.063639,synthetic_track_0,0.3506880413251889,57.535410165097396
51.71407,422,2914.739752,synthetic_track_0,0.3456818340758432,56.71406996092575
51.690879,426,2915.364555,synthetic_track_0,0.3455404836843584,56.690879398965485
51.101979,425,2915.993488,synthetic_track_0,0.3419510372481569,56.101979155341276
52.0834,427,2917.131632,synthetic_track_0,0.3479329630903733,57.083400009067994
47.509632,413,2917.72124,synthetic_track_0,0.3200550762481178,52.509632258265206
46.874503,408,2918.346376,synthetic_track_0,0.3161838583420184,51.87450335787775
46.579173,399,2918.976714,synthetic_track_0,0.3143837678303007,51.57917265445653
21.53681,261,2919.427072,synthetic_track_0,0.16174633866235658,26.53681004483401
25.013989,285,2919.87775,synthetic_track_0,0.1829403322636158,30.013989107675677
65.693136,558,2921.475859,synthetic_track_0,0.4308866042313446,70.69313631401472
4.96593,153,2921.700815,synthetic_track_0,0.060744026658849086,9.965930049082237
52.237373,445,2922.350947,synthetic_track_0,0.34887145248461787,57.23737267385979
46.203019,406,2922.914823,synthetic_track_0,0.3120910507037696,51.20301947920414
50.746915,420,2923.513454,synthetic_track_0,0.33978686176287237,55.74691508259854
48.315196,417,2924.362502,synthetic_track_0,0.32496512530660854,53.315196330092384
50.701979,419,2925.022708,synthetic_track_0,0.3395129696873884,55.70197915366184
65.465718,504,2925.784056,synthetic_track_0,0.4295004521176255,70.46571815024537
52.337373,432,2926.469797,synthetic_track_0,0.349480969441281,57.337372685185166
52.000692,436,2927.10568,synthetic_track_0,0.3474288421389431,57.00069172621993
25.136631,282,2927.79061,synthetic_track_0,0.18368785288711434,30.136630602713073
42.51506,378,2928.383958,synthetic_track_0,0.28961231684213495,47.51506032372804
51.326146,424,2929.124661,synthetic_track_0,0.3433173714017167,56.32614589809811
51.080142,419,2929.730048,synthetic_track_0,0.34181793314149916,56.08014151484954
49.41624,424,2930.399882,synthetic_track_0,0.33167617143858624,54.41623983982011
24.68106,285,2931.201602,synthetic_track_0,0.180911070607181,29.681059586343594
44.421436,377,2931.757184,synthetic_track_0,0.30123199631929765,49.42143563718102
46.110415,420,2932.399878,synthetic_track_0,0.31152660800628235,51.11041454750501
24.687404,280,2932.929825,synthetic_track_0,0.18094974152400378,29.68740410568463
52.099917,417,2933.565059,synthetic_track_0,0.34803363680473537,57.09991697790097
50.999464,427,2934.194561,synthetic_track_0,0.34132619229061534,55.99946436531337
42.962236,381,2935.207449,synthetic_track_0,0.29233792789854207,47.96223596589797
50.907455,438,2935.867796,synthetic_track_0,0.34076538269195095,55.90745549565888
33.873781,334,2936.350817,synthetic_track_0,0.23694226303680624,38.87378148896649
46.715523,397,2936.925675,synthetic_track_0,0.3152148466473042,51.71552307129746
42.822115,377,2937.501619,synthetic_track_0,0.2914838666760764,47.82211495534118
46.01228,390,2938.710417,synthetic_track_0,0.3109284633685112,51.0122803284362
47.169142,435,2939.393546,synthetic_track_0,0.3179797278781696,52.16914154963077
45.992708,399,2940.074777,synthetic_track_0,0.31080916868408237,50.99270832200795
42.171522,381,2940.679157,synthetic_track_0,0.28751839330057605,47.171522091392845
49.335694,423,2941.302838,synthetic_track_0,0.3311852320055257,54.33569417438874
53.180091,436,2942.210727,synthetic_track_0,0.3546174804468619,58.18009109213989
51.484602,421,2942.816683,synthetic_track_0,0.3442831853356179,56.484601546087106
43.826932,376,2943.356271,synthetic_track_0,0.29760839405427225,48.826931639252884
47.095799,400,2943.958914,synthetic_track_0,0.31753269015605784,52.095798590447515
52.500973,422,2944.640752,synthetic_track_0,0.3504781419703015,57.50097316111175
12.797184,212,2945.649715,synthetic_track_0,0.10847684071861687,17.797183789258767
44.777871,392,2946.231736,synthetic_track_0,0.30340453298222964,49.77787148120969
51.528803,442,2946.963234,synthetic_track_0,0.3445525978242684,56.528802534462784
46.460405,408,2947.539275,synthetic_track_0,0.3136598593514604,51.46040507089514
51.836177,423,2948.153174,synthetic_track_0,0.34642609813226966,56.836177169360404
50.540255,446,2949.266633,synthetic_track_0,0.3385272325242532,55.54025481375664
29.787189,311,2949.706636,synthetic_track_0,0.21203379154710092,34.787188976914116
51.994441,430,2950.329187,synthetic_track_0,0.34739074350787297,56.99444109857644
48.602342,404,2950.941753,synthetic_track_0,0.326715327303532,53.60234210610527
41.403554,363,2951.580865,synthetic_track_0,0.28283749567766076,46.40355360390876
49.478736,415,2952.2226,synthetic_track_0,0.33205709761768976,54.47873625080271
64.680077,481,2953.259704,synthetic_track_0,0.42471183362889686,69.68007650751342
53.072766,431,2953.917418,synthetic_track_0,0.35396331707797585,58.07276619562612
43.968643,381,2954.476683,synthetic_track_0,0.2984721511699798,48.968643400359596
46.160405,394,2955.029671,synthetic_track_0,0.31183130874154436,51.16040507958776
40.531929,360,2955.571115,synthetic_track_0,0.27752479527673296,45.531928796012295
45.515612,393,2956.854302,synthetic_track_0,0.3079011858178945,50.51561196500943
37.025104,342,2957.331096,synthetic_track_0,0.25615010595331605,42.0251040045905
59.484627,457,2958.012356,synthetic_track_0,0.39304469335597336,64.48462730578593
44.408724,382,2958.604754,synthetic_track_0,0.30115451798181453,49.408724203083764
46.713746,400,2959.190649,synthetic_track_0,0.31520401672955994,51.713746267739765
54.809339,442,2960.509986,synthetic_track_0,0.3645480219589742,59.80933906108073
49.723272,412,2961.105682,synthetic_track_0,0.3335475861595897,54.72327230421512
46.036871,396,2961.699191,synthetic_track_0,0.31107834698514303,51.03687088854584
52.396055,433,2962.326493,synthetic_track_0,0.34983864848315355,57.39605506940287
48.23296,408,2962.949652,synthetic_track_0,0.3244638796057439,53.23295977339726
43.939531,380,2963.573609,synthetic_track_0,0.29829470703666755,48.939531141632635
52.649476,427,2964.176424,synthetic_track_0,0.35138329230128135,57.64947607372093
51.930757,418,2964.827179,synthetic_track_0,0.3470025767305358,56.93075676345579
45.934406,394,2965.38876,synthetic_track_0,0.31045380908012093,50.934406474894004
45.13877,393,2965.9761,synthetic_track_0,0.3056042721861009,50.13877029279368
45.594492,393,2967.666646,synthetic_track_0,0.3083819758029357,50.59449246771514
49.734282,405,2968.249662,synthetic_track_0,0.3336146947235586,54.734282428024734
46.684634,399,2968.845412,synthetic_track_0,0.3150265716825501,51.68463385910759
47.308463,415,2969.504098,synthetic_track_0,0.31882891628928023,52.30846310549583
48.110746,405,2970.089788,synthetic_track_0,0.3237189645837023,53.11074576470352
26.20103,284,2971.067476,synthetic_track_0,0.19017554647939833,31.201029920257533
47.329483,406,2971.695708,synthetic_track_0,0.3189570341987226,52.32948268871689
50.394078,417,2972.33585,synthetic_track_0,0.337636262839372,55.39407843981872
51.527113,419,2972.964667,synthetic_track_0,0.34454230216922666,56.527113384375134
42.279582,371,2973.480706,synthetic_track_0,0.28817703507829395,47.27958173519954
47.763495,408,2974.359856,synthetic_track_0,0.3216024147777067,52.76349536870302
45.330628,392,2974.941594,synthetic_track_0,0.30677367662790395,50.33062788780541
43.319062,380,2975.473528,synthetic_track_0,0.29451284098675223,48.31906169662648
43.330312,378,2976.05259,synthetic_track_0,0.29458141499559587,48.3303122477162
44.625012,389,2976.659633,synthetic_track_0,0.302472826159484,49.6250115946914
52.20653,425,2978.071735,synthetic_track_0,0.3486834583511065,57.2065295360689
54.32372,436,2978.788083,synthetic_track_0,0.36158808901425393,59.32371954753209
47.310444,406,2979.383651,synthetic_track_0,0.31884098822033635,52.31044367917657
43.689618,380,2979.949937,synthetic_track_0,0.29677144444667486,48.689618034891964
48.381296,421,2980.550116,synthetic_track_0,0.32536801275575905,53.38129580285926
47.778764,412,2981.387274,synthetic_track_0,0.32169547829428374,52.77876377528293
33.178155,322,2981.841262,synthetic_track_0,0.23270230407037865,38.178155321348235
52.35525,430,2982.454113,synthetic_track_0,0.34958993682110856,57.355250348960936
47.175317,399,2983.105647,synthetic_track_0,0.3180173668507651,52.17531676369936
52.739028,420,2983.766548,synthetic_track_0,0.35192912496895806,57.73902776273096
43.609546,381,2984.314583,synthetic_track_0,0.29628339169481216,48.609545970972945
45.700748,401,2985.116083,synthetic_track_0,0.3090296197743417,50.700747763433206
44.02869,383,2985.745566,synthetic_track_0,0.2988381430957729,49.02868963258368
51.175486,424,2986.397385,synthetic_track_0,0.3423990721797379,56.17548572106104
46.394894,399,2987.014552,synthetic_track_0,0.31326055629337246,51.39489366896523
53.411882,438,2987.756491,synthetic_track_0,0.3560302878740941,58.411882442945384
51.908277,419,2988.997686,synthetic_track_0,0.3468655596588621,56.90827714485067
43.5516,381,2989.549154,synthetic_track_0,0.2959302003992828,48.551599866001034
51.754997,420,2990.212713,synthetic_track_0,0.3459312884594668,56.75499653551047
0.61826,113,2990.367736,synthetic_track_0,0.03424424215288174,5.6182597804410825
35.887403,340,2990.853205,synthetic_track_0,0.2492156253482691,40.887402860332436
43.219782,374,2991.394489,synthetic_track_0,0.29390771626090706,48.219782293853065
35.881499,335,2992.549109,synthetic_track_0,0.2491796387983119,40.881498749931666
46.127588,398,2993.114814,synthetic_track_0,0.31163128309996435,51.12758800008783
51.619002,419,2993.726436,synthetic_track_0,0.34510238163344775,56.61900246498717
46.628102,400,2994.39023,synthetic_track_0,0.3146819995412457,51.62810185018451
52.747294,434,2995.080007,synthetic_track_0,0.35197951173380343,57.74729443521661
53.260026,429,2996.34476,synthetic_track_0,0.355104697656288,58.26002607332116
45.676992,397,2996.996624,synthetic_track_0,0.30888482677159546,50.67699239164876
49.866586,405,2997.627489,synthetic_track_0,0.3344211050608434,54.86658562645069
45.810831,391,2998.261255,synthetic_track_0,0.30970059861835253,50.810831480164424
50.303974,416,2999.022551,synthetic_track_0,0.33708706199415783,55.30397415290603
54.019385,438,2999.922668,synthetic_track_0,0.3597331200153637,59.019385240062164
52.620892,432,3000.609882,synthetic_track_0,0.3512090679406671,57.620892064951164
45.782853,395,3001.282642,synthetic_track_0,0.3095300634679782,50.7828527393232
45.136909,389,3001.935874,synthetic_track_0,0.305592930165734,50.13690947144533
51.682423,426,3002.677494,synthetic_track_0,0.34548894181143763,56.68242321440907
47.315656,400,3003.723457,synthetic_track_0,0.31887275740828236,52.3156558707648
44.401027,375,3004.318894,synthetic_track_0,0.30110760045204205,49.40102670844097
54.820083,433,3005.061276,synthetic_track_0,0.36461351047855467,59.82008339333949
54.001786,434,3005.854641,synthetic_track_0,0.3596258486418345,59.001785830479626
42.984529,375,3006.474785,synthetic_track_0,0.29247380548777047,47.98452863604138
43.889871,382,3007.284429,synthetic_track_0,0.2979920193256722,48.889870875094196
54.692503,445,3008.096429,synthetic_track_0,0.36383588386632026,59.69250257843307
46.293174,397,3008.751659,synthetic_track_0,0.3126405592587031,51.29317425031598
46.546331,399,3009.394823,synthetic_track_0,0.31418359202189544,51.546330937932055
52.134202,429,3010.139248,synthetic_track_0,0.3482426086447506,57.134201809749804
54.62039,433,3011.332482,synthetic_track_0,0.3633963429145408,59.62038957210008
53.063667,428,3012.069149,synthetic_track_0,0.35390785338055675,58.06366657943099
45.760405,393,3012.770254,synthetic_track_0,0.30939324139594504,50.76040511320992
53.858777,432,3013.627736,synthetic_track_0,0.35875418403162185,58.85877673132281
47.965106,401,3014.378675,synthetic_track_0,0.3228312653140554,52.96510594935827
52.412444,432,3015.519771,synthetic_track_0,0.34993853878959674,57.41244350891454
52.707424,430,3016.236817,synthetic_track_0,0.35173649398702844,57.7074238833573
51.457562,416,3016.909878,synthetic_track_0,0.3441183772442997,56.45756241154267
44.887649,386,3017.526791,synthetic_track_0,0.30407364526022485,49.887648960976264
43.224029,376,3018.085704,synthetic_track_0,0.293933600744323,48.224029015140225
41.113271,364,3018.904641,synthetic_track_0,0.28106817650478705,46.11327138059833
41.281944,370,3019.567667,synthetic_track_0,0.2820962654549192,46.28194413946554
43.989618,376,3020.229637,synthetic_track_0,0.29859999518628777,48.989618047477975
45.309247,389,3020.843575,synthetic_track_0,0.30664335747950566,50.30924715971691
43.823271,381,3021.493844,synthetic_track_0,0.2975860847735391,48.823271481317015
47.115964,401,3022.785765,synthetic_track_0,0.3176555989047902,52.115963536034116
53.006321,432,3023.699179,synthetic_track_0,0.3535583245349244,58.006321351969014
53.029853,429,3024.71684,synthetic_track_0,0.3537017527137521,58.02985280478645
45.12764,386,3025.449004,synthetic_track_0,0.3055364307699956,50.12763993406502
42.613509,371,3026.506775,synthetic_track_0,0.2902123806542883,47.61350941091963
49.949283,407,3027.782392,synthetic_track_0,0.33492515713336174,54.94928260872395
47.868765,406,3028.47886,synthetic_track_0,0.32224405249112564,52.86876525152951
53.948999,442,3029.200267,synthetic_track_0,0.3593041062585797,58.948999371271874
50.276579,407,3029.827816,synthetic_track_0,0.3369200848442461,55.276579153144795
54.297249,432,3030.482598,synthetic_track_0,0.36142674483994575,59.2972487183259
53.272766,430,3031.813428,synthetic_track_0,0.35518235077022636,58.27276618200624
47.428874,396,3032.461458,synthetic_track_0,0.31956284075709074,52.42887395590896
52.705069,436,3033.177175,synthetic_track_0,0.35172214315199585,57.70506942274698
47.663495,397,3033.908671,synthetic_track_0,0.3209928977742884,52.66349534970678
27.347892,291,3034.425592,synthetic_track_0,0.19716586278415876,32.34789171303025
36.896946,340,3035.155828,synthetic_track_0,0.2553689635553162,41.8969463745315
50.288487,419,3036.509761,synthetic_track_0,0.3369926669972708,55.28848729785701
53.293633,434,3037.188171,synthetic_track_0,0.35530953730522663,58.29363295987259
45.760405,395,3068.870004,synthetic_track_0,0.30939324139594504,50.76040511320992
37.828997,354,3069.479703,synthetic_track_0,0.2610499677506423,42.82899670990247
40.405355,363,3070.166294,synthetic_track_0,0.2767533057918635,45.4053548649986
47.095799,394,3071.066277,synthetic_track_0,0.31753269015605784,52.095798590447515
47.56544,409,3071.787798,synthetic_track_0,0.3203952342414027,52.56544006280461
57.463988,487,3072.695806,synthetic_track_0,0.3807285543073415,62.46398779627862
46.864082,402,3073.360682,synthetic_track_0,0.3161203373939335,51.864081833983384
47.695799,414,3074.046727,synthetic_track_0,0.3211897915387738,52.69579859978571
64.114368,477,3075.280792,synthetic_track_0,0.42126374751208484,69.11436845466483
42.811513,372,3075.824656,synthetic_track_0,0.29141924736536146,47.8115132292814
40.025625,360,3076.352599,synthetic_track_0,0.2744387883155987,45.02562502925065
46.185985,391,3077.008682,synthetic_track_0,0.3119872241584021,51.18598524316013
52.151615,428,3077.67469,synthetic_track_0,0.3483487432205287,57.15161471133326
48.16339,408,3079.078979,synthetic_track_0,0.3240398426473109,53.16339041985897
52.290643,431,3079.74573,synthetic_track_0,0.34919614203424115,57.290642658040895
47.195799,419,3080.440293,synthetic_track_0,0.31814220715947616,52.195798609443756
53.331491,445,3081.183733,synthetic_track_0,0.35554028646536406,58.33149067387843
34.871654,336,3081.719163,synthetic_track_0,0.24302446465905597,39.87165402468396
6.672387,160,3082.575986,synthetic_track_0,0.07114516801654718,11.672386681988623
54.020934,432,3083.264239,synthetic_track_0,0.3597425606724214,59.02093411545006
6.272548,159,3083.52891,synthetic_track_0,0.06870808238143127,11.272547779316042
43.075338,384,3084.221342,synthetic_track_0,0.2930273012624476,48.075337567821194
45.532054,392,3084.848809,synthetic_track_0,0.30800140583851954,50.53205449886837
47.270932,410,3085.652371,synthetic_track_0,0.31860016069476466,52.27093246456415
53.0183,439,3086.947892,synthetic_track_0,0.35363133514403533,58.01829979105615
46.649195,402,3087.589693,synthetic_track_0,0.31481056427540893,51.649194741418825
40.161751,372,3088.201862,synthetic_track_0,0.2752684962839293,45.16175053867709
51.479544,419,3088.929826,synthetic_track_0,0.34425235812225297,56.47954389895863
55.304669,442,3089.636744,synthetic_track_0,0.3675671429791743,60.30466922853918
47.963495,422,3091.627823,synthetic_track_0,0.32282144851390127,52.96349536229279
41.113497,363,3092.17743,synthetic_track_0,0.2810695540904547,46.11349739331357
52.283795,428,3092.881895,synthetic_track_0,0.3491544033803462,57.28379483237079
52.424647,426,3093.570038,synthetic_track_0,0.3500129206082907,57.42464691462867
50.320744,407,3094.238818,synthetic_track_0,0.33718927454360853,55.320743589737816
50.96192,417,3095.346954,synthetic_track_0,0.3410973501338157,55.96191952259568
28.561937,307,3095.846555,synthetic_track_0,0.20456567421079858,33.56193706218803
52.337373,430,3096.517807,synthetic_track_0,0.349480969441281,57.337372685185166
47.159686,396,3097.142907,synthetic_track_0,0.3179220961165293,52.15968623135991
45.792708,397,3097.735729,synthetic_track_0,0.30959013492689935,50.79270832497472
45.7253,393,3098.767683,synthetic_track_0,0.30917927065903134,50.72530014052498
40.923348,365,3099.377908,synthetic_track_0,0.27991056212975984,45.923348115383696
43.979637,384,3099.990392,synthetic_track_0,0.2985391568885848,48.979636650910074
47.080661,404,3100.582717,synthetic_track_0,0.317440426812334,52.08066146371716
54.356253,433,3101.210983,synthetic_track_0,0.36178638618630826,59.35625304678006
52.050471,426,3102.238885,synthetic_track_0,0.34773225572066396,57.05047108227668
36.623212,348,3102.748768,synthetic_track_0,0.2537005066952013,41.62321206232989
52.474113,424,3103.404894,synthetic_track_0,0.3503144224157521,57.47411261665905
46.930753,398,3104.187583,synthetic_track_0,0.3165267064395894,51.930752512663666
53.83102,434,3104.812626,synthetic_track_0,0.3585850046618351,58.831020425760265
43.046371,379,3105.473771,synthetic_track_0,0.29285074498079305,48.04637097391103
45.33437,390,3106.304738,synthetic_track_0,0.30679648400611986,50.33436976578758
46.58944,395,3107.130939,synthetic_track_0,0.3144463505124299,51.589440242344416
46.660405,400,3107.715607,synthetic_track_0,0.31487889325897594,51.660405092592576
52.06006,424,3108.353809,synthetic_track_0,0.3477907016785383,57.06005998113415
48.316269,405,3108.915677,synthetic_track_0,0.3249716645472277,53.31626918644006
46.928102,402,3109.883891,synthetic_track_0,0.3165105501633603,51.92810184349323
43.082601,380,3110.48279,synthetic_track_0,0.29307157322746835,48.082601019567825
55.978947,450,3111.436845,synthetic_track_0,0.37167697852409415,60.97894677987659
46.799823,400,3112.037709,synthetic_track_0,0.3157286679975476,51.799822843899136
46.088845,391,3112.674453,synthetic_track_0,0.3113951358490718,51.08884465176002
42.01223,378,3113.75771,synthetic_track_0,0.2865474789703163,47.01222965012347
42.020304,396,3114.387786,synthetic_track_0,0.2865966941338609,47.020304104587844
52.237373,421,3115.085491,synthetic_track_0,0.34887145248461787,57.23737267385979
47.366666,404,3115.652474,synthetic_track_0,0.31918367318408414,52.36666606951568
45.856097,390,3116.296848,synthetic_track_0,0.3099764966747255,50.85609651907818
48.707832,415,3117.99765,synthetic_track_0,0.32735830694701956,53.70783215183387
46.560405,396,3118.618888,synthetic_track_0,0.31426937630231283,51.5604050812672
44.217265,381,3119.162818,synthetic_track_0,0.2999875430578041,49.21726520536145
1.338131,115,3119.458821,synthetic_track_0,0.03863197921414669,6.33813106707667
52.652021,438,3120.108872,synthetic_track_0,0.35139880325890915,57.65202086910602
42.337936,377,3120.69909,synthetic_track_0,0.2885327164891037,47.33793637934912
58.949734,465,3122.113723,synthetic_track_0,0.3897844269525315,63.94973377459884
49.074377,408,3122.703764,synthetic_track_0,0.3295924592088157,54.07437691985042
53.380253,435,3123.292761,synthetic_track_0,0.355837498541447,58.38025258386211
46.863479,402,3123.854732,synthetic_track_0,0.3161166636766829,51.86347910790226
46.922732,398,3124.994802,synthetic_track_0,0.3164778174571903,51.9227315729012
53.796091,435,3125.656808,synthetic_track_0,0.35837210456446783,58.79609110687066
47.376243,400,3126.344894,synthetic_track_0,0.3192420449145194,52.37624279029563
54.130474,452,3126.989813,synthetic_track_0,0.36041022579367915,59.13047416836813
46.528102,401,3127.551288,synthetic_track_0,0.3140724825378274,51.52810183118826
46.730451,404,3128.885637,synthetic_track_0,0.3153058335326393,51.730450776695164
47.602218,405,3129.478186,synthetic_track_0,0.3206194029932113,52.6022181663087
47.684338,408,3130.072893,synthetic_track_0,0.3211199375050405,52.68433804222764
48.00743,410,3130.665776,synthetic_track_0,0.3230892391941181,53.00743026970064
46.901444,398,3131.214763,synthetic_track_0,0.3163480676491461,51.901444253275315
51.758336,430,3132.121896,synthetic_track_0,0.34595164418509716,56.758336184672515
46.328102,400,3132.678889,synthetic_track_0,0.3128534490141755,51.328101872469176
47.949037,400,3133.295493,synthetic_track_0,0.32273331949719264,52.949036531291256
51.522615,422,3133.911011,synthetic_track_0,0.3445148854060369,56.52261527058271
42.748361,373,3134.469872,synthetic_track_0,0.29103432465808227,47.748361130448835
44.157315,386,3135.271352,synthetic_track_0,0.2996221351804364,49.157314794670334
11.938857,203,3135.723738,synthetic_track_0,0.10324519404983984,16.938857010308716
43.282784,386,3136.254765,synthetic_track_0,0.294291721673945,48.282783897390125
60.449732,470,3136.920038,synthetic_track_0,0.3989271682198672,65.44973179808929
45.482667,392,3137.492559,synthetic_track_0,0.3077003777139455,50.48266651131923
53.134267,425,3138.091736,synthetic_track_0,0.354338173239735,58.1342667330788
45.569364,389,3139.497564,synthetic_track_0,0.30822881292160736,50.56936389713147
54.426006,444,3140.181297,synthetic_track_0,0.3622115403986363,59.42600570186712
48.277433,410,3140.724691,synthetic_track_0,0.3247349533078072,53.277433307693585
56.349805,453,3141.33572,synthetic_track_0,0.3739374219583821,61.34980499236453
52.813386,434,3141.950788,synthetic_track_0,0.352382353593161,57.81338642832315
48.309462,411,3142.771716,synthetic_track_0,0.32493017594196594,53.30946238483972
61.875066,484,3143.450956,synthetic_track_0,0.40761482142275085,66.87506608810727
35.023871,335,3143.918738,synthetic_track_0,0.24395225231331116,40.02387091531978
0.945361,115,3144.303838,synthetic_track_0,0.036237981422177566,5.945361343949566
45.792708,392,3144.832867,synthetic_track_0,0.30959013492689935,50.79270832497472
53.182593,434,3146.091035,synthetic_track_0,0.35463272974239163,58.18259295809949
44.764685,392,3146.818892,synthetic_track_0,0.3033241603132673,49.76468519046155
51.34526,422,3147.55666,synthetic_track_0,0.3434338726526067,56.34525960163182
48.149478,409,3148.146957,synthetic_track_0,0.32395504627439337,53.149478356938644
52.066432,429,3148.791008,synthetic_track_0,0.34782953953672013,57.06643188960295
47.207857,401,3149.735678,synthetic_track_0,0.318215704545237,52.20785691123196
48.008406,415,3150.346742,synthetic_track_0,0.32309518915547064,53.008406446320734
47.432588,401,3150.939666,synthetic_track_0,0.3195854765286887,52.43258767936064
52.822625,431,3151.548162,synthetic_track_0,0.3524386624403567,57.82262470347814
53.019017,431,3152.165639,synthetic_track_0,0.353635704564265,58.01901665720348
51.424268,427,3153.311336,synthetic_track_0,0.34391544210996444,56.42426798796674
54.461315,438,3153.885876,synthetic_track_0,0.3624267570542564,59.46131508541117
53.748145,438,3154.512712,synthetic_track_0,0.35807986362135064,58.74814478265116
51.45469,422,3155.129088,synthetic_track_0,0.3441008685128556,56.45468985266868
47.563657,403,3155.752751,synthetic_track_0,0.32038436793688146,52.56365728947352
45.819258,395,3157.232522,synthetic_track_0,0.3097519566856084,50.81925750876149
43.554043,385,3157.85049,synthetic_track_0,0.29594509088124366,48.554042863440976
53.812111,439,3158.48785,synthetic_track_0,0.35846975130839226,58.81211145772651
29.101405,304,3158.923958,synthetic_track_0,0.20785382431082028,34.10140531429682
54.48489,438,3159.6059,synthetic_track_0,0.36257044945964384,59.48488988839087
54.60816,438,3160.466973,synthetic_track_0,0.363321799914203,59.6081597222222
48.326653,414,3161.067866,synthetic_track_0,0.3250349528566832,53.32665254262586
44.651924,385,3161.627885,synthetic_track_0,0.3026368589544911,49.65192353074031
48.025988,401,3162.234868,synthetic_track_0,0.32320235167051836,53.02598799610582
53.365342,437,3162.94922,synthetic_track_0,0.35574661850931216,58.36534240926666
51.444524,429,3164.020989,synthetic_track_0,0.3440389064564374,56.444524087342835
32.334465,318,3164.502983,synthetic_track_0,0.2275598661311024,37.334464515791346
28.809193,303,3164.953087,synthetic_track_0,0.20607274029524378,33.809192899560756
54.252027,437,3165.627709,synthetic_track_0,0.3611511087352399,59.252026656345606
46.573151,402,3166.218924,synthetic_track_0,0.31434706194806256,51.573150527263195
41.765828,378,3166.889124,synthetic_track_0,0.28504562155429963,46.76582836961934
52.059942,431,3168.031173,synthetic_track_0,0.3477899806539116,57.05994168668796
52.815147,430,3168.804952,synthetic_track_0,0.35239308548944737,57.81514715005278
54.61822,445,3169.586528,synthetic_track_0,0.3633831165418941,59.61821959569498
45.760405,396,3170.206579,synthetic_track_0,0.30939324139594504,50.76040511320992
46.759861,406,3170.83921,synthetic_track_0,0.31548509284153003,51.75986084104742
46.206618,406,3171.665603,synthetic_track_0,0.3121129831386991,51.20661781017323
46.006826,401,3172.269904,synthetic_track_0,0.31089521594730657,51.00682561144981
64.771763,506,3172.980799,synthetic_track_0,0.42527067776670996,69.77176291508505
53.731205,435,3173.669444,synthetic_track_0,0.35797661362848066,58.73120513832548
54.895274,460,3174.767502,synthetic_track_0,0.36507180942312256,59.89527391781332
39.781073,373,3175.288753,synthetic_track_0,0.27294820227151917,44.781072979205234
45.992708,438,3175.954382,synthetic_track_0,0.31080916868408237,50.99270832200794
51.674589,431,3176.56484,synthetic_track_0,0.3454411907296222,56.67458896358119
51.537373,429,3177.182872,synthetic_track_0,0.34460483421743293,56.53737266504069
52.104096,435,3178.506308,synthetic_track_0,0.34805910771723536,57.10409584693918
52.905069,433,3179.17198,synthetic_track_0,0.35294117705951145,57.90506944444442
30.345839,310,3179.620981,synthetic_track_0,0.2154388556578592,35.34583865173797
53.122725,430,3180.250806,synthetic_track_0,0.3542678233702781,58.12272482654852
47.495799,414,3180.894628,synthetic_track_0,0.3199707577815908,52.49579860275249
47.061628,408,3181.696904,synthetic_track_0,0.31732441642773696,52.06162829384922
46.260405,394,3182.263773,synthetic_track_0,0.31244082565920983,51.26040508451502
53.916265,445,3182.953778,synthetic_track_0,0.35910458398675404,58.91626487681012
46.546028,401,3183.555423,synthetic_track_0,0.3141817430233581,51.54602758316455
53.955376,470,3184.213693,synthetic_track_0,0.3593429706071604,58.95537562587109
52.053276,432,3185.746781,synthetic_track_0,0.34774935510715294,57.05327648223128
44.627449,385,3186.319757,synthetic_track_0,0.3024876802832133,49.62744862704123
46.298406,400,3187.005785,synthetic_track_0,0.3126724481127236,51.298406074842504
46.560585,393,3187.62093,synthetic_track_0,0.31427047487727094,51.560585318268075
51.652838,430,3188.23396,synthetic_track_0,0.34530861417299274,56.65283787524888
52.978151,432,3189.635184,synthetic_track_0,0.3533866208281493,57.978150892666086
47.665883,419,3190.29274,synthetic_track_0,0.32100745071826325,52.665882969192005
47.149493,408,3191.103485,synthetic_track_0,0.3178599679641944,52.149493215613276
46.927673,410,3191.726983,synthetic_track_0,0.31650793332939803,51.927672514295736
47.035067,408,3192.394711,synthetic_track_0,0.31716252028212616,52.03506690582279
53.094781,434,3193.916851,synthetic_track_0,0.3540974995326889,58.09478075460481
51.709214,416,3194.561079,synthetic_track_0,0.3456522381498508,56.7092143241759
53.655654,439,3195.206025,synthetic_track_0,0.35751611719700077,58.65565408456089
51.340321,418,3195.806703,synthetic_track_0,0.3434037699316561,56.34032081788991
52.157373,438,3196.489033,synthetic_track_0,0.34838384027110353,57.15737288658434
50.020784,419,3197.353968,synthetic_track_0,0.3353609671763256,55.02078350587812
49.072569,406,3197.971354,synthetic_track_0,0.3295814374321405,54.07256863907941
47.609618,400,3198.571498,synthetic_track_0,0.3206645081196811,52.60961831015788
44.357315,385,3199.225667,synthetic_track_0,0.30084116906832375,49.357314813147475
52.105069,434,3199.852818,synthetic_track_0,0.3480650418356634,57.10506942429995
48.190508,435,3201.395871,synthetic_track_0,0.3242051292850948,53.190508066824556
44.108577,392,3201.97441,synthetic_track_0,0.29932506962027716,49.10857692272837
52.87996,435,3202.599695,synthetic_track_0,0.3527881288557582,57.87995968836406
46.928102,398,3203.238485,synthetic_track_0,0.3165105501633603,51.92810184349323
47.795799,408,3203.820031,synthetic_track_0,0.3217993084954369,52.79579861111109
53.49674,442,3205.508993,synthetic_track_0,0.35654750843741906,58.4967399052765
54.323565,429,3206.127509,synthetic_track_0,0.36158714482394755,59.32356463955078
49.34101,403,3206.711091,synthetic_track_0,0.3312176349003804,54.34101033469737
46.656473,403,3207.297878,synthetic_track_0,0.3148549291360255,51.65647343402221
46.875478,398,3207.933013,synthetic_track_0,0.31618979997997804,51.87547816892568
53.103632,442,3208.99751,synthetic_track_0,0.3541514472858374,58.10363165836862
42.978935,375,3209.536589,synthetic_track_0,0.2924397142975277,47.9789354866251
53.056839,434,3210.196653,synthetic_track_0,0.3538662384213406,58.05683904764959
46.160405,396,3210.784746,synthetic_track_0,0.31183130874154436,51.16040507958776
53.974022,438,3211.736713,synthetic_track_0,0.3594566215203881,58.97402169057145
53.432712,442,3212.417707,synthetic_track_0,0.35615724829604206,58.43271212371781
51.779068,420,3213.032552,synthetic_track_0,0.3460780095456414,56.779068237074696
53.569145,428,3213.637545,synthetic_track_0,0.3569888272174153,58.569144589863676
48.971387,410,3214.242879,synthetic_track_0,0.32896472079157696,53.9713874162
51.569676,443,3215.201685,synthetic_track_0,0.34480172791553493,56.56967590422847
46.428102,402,3215.823687,synthetic_track_0,0.3134629656533584,51.428101831707366
47.120734,405,3216.397685,synthetic_track_0,0.3176846727348358,52.12073351544494
68.537805,506,3217.238928,synthetic_track_0,0.44822534329965286,73.53780549711828
46.847596,400,3217.815619,synthetic_track_0,0.3160198515434103,51.84759568691148
53.040923,431,3219.467849,synthetic_track_0,0.35376922897058805,58.04092325389214
51.041311,424,3220.109758,synthetic_track_0,0.3415812550564736,56.041311075557736
55.053114,437,3220.769748,synthetic_track_0,0.36603386967887436,60.05311372098725
54.345641,438,3221.46755,synthetic_track_0,0.3617217039778761,59.34564100144637
68.568275,513,3222.257663,synthetic_track_0,0.4484110627643481,73.56827544281848
43.858647,381,3223.651781,synthetic_track_0,0.29780170587608473,48.85864722018834
50.746408,427,3224.266835,synthetic_track_0,0.33978377016529693,55.7464078616112
51.335457,416,3224.951118,synthetic_track_0,0.34337412401081924,56.33545697876775
52.665361,438,3225.604995,synthetic_track_0,0.3514801144868106,57.66536114392879
54.495885,440,3226.708879,synthetic_track_0,0.3626374685332982,59.49588533002901
53.403306,444,3227.337661,synthetic_track_0,0.35597801254201306,58.403305923878946
52.98958,428,3227.963847,synthetic_track_0,0.35345628255380457,57.989579899321804
51.093401,417,3228.633886,synthetic_track_0,0.3418987541488993,56.09340136195796
47.739655,402,3229.224574,synthetic_track_0,0.32145710315823184,52.73965491039527
51.910277,426,3230.394658,synthetic_track_0,0.3468777490154249,56.91027698387238
52.727524,428,3231.051822,synthetic_track_0,0.3518590061486578,57.72752376313341
55.11728,466,3231.726899,synthetic_track_0,0.36642497256617124,60.11727976711859
46.63477,398,3232.312921,synthetic_track_0,0.314722644237109,51.634770196326826
51.669676,430,3233.066949,synthetic_track_0,0.3454112448663874,56.66967591460053
54.50816,438,3234.087008,synthetic_track_0,0.3627122829575399,59.50815971089682
48.16678,410,3234.689673,synthetic_track_0,0.32406050079642773,53.166779685937726
46.371488,406,3235.315716,synthetic_track_0,0.3131178965080274,51.371488282135175
50.998453,417,3235.915007,synthetic_track_0,0.3413200260558281,55.998452705929964
52.730286,430,3236.525604,synthetic_track_0,0.3518758443285903,57.730286308400686
54.496902,439,3237.407059,synthetic_track_0,0.3626436667013375,59.496902228521094
45.902313,391,3238.04982,synthetic_track_0,0.31025819368465424,50.90231295961401
40.45446,369,3238.631076,synthetic_track_0,0.277052609322284,45.45445990810622
49.032715,410,3239.289766,synthetic_track_0,0.32933852424302906,54.03271524140657
51.288111,421,3240.02288,synthetic_track_0,0.3430855435910091,56.288111215973416
54.758757,447,3240.953871,synthetic_track_0,0.3642397132697685,59.75875659233192
47.563495,408,3241.606539,synthetic_track_0,0.32038338088981944,52.563495350225885
51.169676,421,3242.349828,synthetic_track_0,0.34236366048708977,56.169675924258584
46.989108,398,3242.942968,synthetic_track_0,0.31688239388558476,51.989108146972114
45.392708,392,3243.501408,synthetic_track_0,0.3071520673013664,50.39270831266975
51.575674,424,3244.515731,synthetic_track_0,0.34483828542031886,56.57567368796928
45.17596,390,3245.077466,synthetic_track_0,0.30583094961022517,50.1759599800236
47.295799,397,3245.638714,synthetic_track_0,0.31875172397800533,52.29579859810627
53.428669,436,3246.265947,synthetic_track_0,0.3561326025180761,58.42866862985144
48.242589,415,3246.894,synthetic_track_0,0.32452257105496063,53.242588948635486
52.546833,430,3247.856608,synthetic_track_0,0.3507576656037241,57.546833028015214
54.384389,448,3248.551214,synthetic_track_0,0.36195788258511197,59.38438949423268
46.043637,394,3249.17385,synthetic_track_0,0.311119590619387,51.04363749913216
54.289054,437,3249.829398,synthetic_track_0,0.3613767969497175,59.28905404952482
60.184249,469,3250.49369,synthetic_track_0,0.3973090059195533,65.18424903081146
51.064916,423,3252.188916,synthetic_track_0,0.3417251339312019,56.06491647151109
51.65917,425,3252.791841,synthetic_track_0,0.34534720970495747,56.65917002662118
46.445794,411,3253.407125,synthetic_track_0,0.31357080246281893,51.44579400917587
47.228102,403,3253.987568,synthetic_track_0,0.3183391008772064,52.22810185185183
43.327695,376,3254.523841,synthetic_track_0,0.2945654638596782,48.32769523476032
41.82112,375,3255.375362,synthetic_track_0,0.28538263496314836,46.82112025991585
52.705069,431,3256.008426,synthetic_track_0,0.35172214315199585,57.70506942274698
51.390838,418,3256.633034,synthetic_track_0,0.3437116806485317,56.390837993561824
28.980537,302,3257.096869,synthetic_track_0,0.20711711096547444,33.98053690846695
55.824915,451,3257.77522,synthetic_track_0,0.37073812735253653,60.824914760320326
54.326228,438,3258.656569,synthetic_track_0,0.3616033773402238,59.326227816996
29.215874,301,3259.100607,synthetic_track_0,0.2085515326938098,34.21587439581792
46.338045,395,3259.683935,synthetic_track_0,0.31291405182886756,51.33804463466686
47.395169,405,3260.416984,synthetic_track_0,0.3193574028741748,52.39516892048103
51.595908,429,3261.261353,synthetic_track_0,0.3449616194730584,56.595908410786976
52.119045,425,3262.919929,synthetic_track_0,0.3481502280754926,57.11904545048685
51.480812,423,3263.503625,synthetic_track_0,0.3442600862943855,56.480811816597885
55.199514,450,3264.122914,synthetic_track_0,0.3669262041039062,60.19951400014885
54.193444,431,3264.768003,synthetic_track_0,0.360794039864098,59.19344437940024
55.109911,440,3265.409756,synthetic_track_0,0.3663800561681743,60.10991058688613
54.553692,437,3266.344036,synthetic_track_0,0.36298980916483253,59.553691871354324
46.659785,399,3266.953694,synthetic_track_0,0.3148751142645605,51.65978509428045
46.309575,392,3267.570856,synthetic_track_0,0.312740521706466,51.30957452564732
52.160618,420,3268.17096,synthetic_track_0,0.348403622478182,57.16061844179041
56.420684,441,3268.846979,synthetic_track_0,0.3743694433263962,61.4206843029759
51.356987,418,3269.695972,synthetic_track_0,0.3435053560944729,56.35698748699752
50.630375,406,3270.29878,synthetic_track_0,0.33907653054525555,55.63037504375313
45.892708,398,3270.843944,synthetic_track_0,0.3101996517332299,50.89270831163588
53.260297,431,3271.483944,synthetic_track_0,0.3551063488876076,58.26029698153603
51.532563,419,3272.139974,synthetic_track_0,0.3445755200507701,56.53256325495582
31.379777,321,3272.889307,synthetic_track_0,0.2217408829676252,36.379776748882286
53.881357,434,3273.575368,synthetic_track_0,0.3588918164395814,58.88135730468379
58.382037,463,3274.448796,synthetic_track_0,0.3863242193343009,63.38203701533957
41.817384,370,3275.011407,synthetic_track_0,0.28535985975675493,46.81738366018325
51.463861,430,3275.661872,synthetic_track_0,0.3441567685166144,56.463861051185575
51.983722,424,3277.659946,synthetic_track_0,0.3473254101098817,56.983722216242434
55.243553,444,3278.319024,synthetic_track_0,0.36719463063323243,60.24355322773591
50.829049,414,3278.953888,synthetic_track_0,0.34028748358590205,55.82904928317398
47.95229,404,3279.564835,synthetic_track_0,0.32275314895040913,52.95228983790488
48.954537,415,3280.730391,synthetic_track_0,0.32886201710224955,53.954537400817124
55.203812,434,3281.356658,synthetic_track_0,0.36695240197716317,60.2038121375407
47.595799,405,3281.944842,synthetic_track_0,0.3205802745879213,52.59579858941365
53.401332,431,3282.558007,synthetic_track_0,0.3559659840765885,58.40133248135937
51.158539,429,3283.228087,synthetic_track_0,0.34229577874131234,56.15853894886795
54.080022,443,3284.2594,synthetic_track_0,0.36010270907568687,59.08002163387208
55.134751,436,3284.86689,synthetic_track_0,0.3665314629969318,60.134751051823116
45.256766,392,3285.479023,synthetic_track_0,0.30632347509735436,50.256765860405665
43.90605,387,3286.022744,synthetic_track_0,0.2980906330547779,48.90604987375798
68.308528,502,3286.76382,synthetic_track_0,0.4468278574672018,73.30852787400303
52.205069,421,3287.877181,synthetic_track_0,0.3486745587201325,57.205069423780856
46.645273,397,3288.467838,synthetic_track_0,0.3147866582016232,51.645272606647694
52.641249,426,3289.079159,synthetic_track_0,0.3513331493843458,57.64124940798731
55.875152,445,3289.728384,synthetic_track_0,0.37104433330827474,60.87515224544191
52.920859,434,3290.397043,synthetic_track_0,0.35303741983692927,57.92085945442947
54.820607,435,3291.208403,synthetic_track_0,0.36461670474816477,59.8206074591488
52.230394,430,3291.859576,synthetic_track_0,0.348828914095664,57.230393640166554
53.408937,433,3292.539135,synthetic_track_0,0.3560123356018707,58.408937114835915
29.761043,303,3292.99374,synthetic_track_0,0.21187442640985243,34.76104283716279
45.824202,394,3293.599354,synthetic_track_0,0.30978209605035334,50.82420230444418
40.767747,360,3295.532902,synthetic_track_0,0.27896214520848506,45.76774669719201
58.750321,451,3296.205914,synthetic_track_0,0.3885689731956763,63.75032112803949
50.191459,416,3296.82913,synthetic_track_0,0.3364012635103193,55.19145906140434
53.259319,436,3297.47285,synthetic_track_0,0.3551003904602851,58.259319415951964
49.005657,402,3298.09886,synthetic_track_0,0.3291736025785605,54.00565747355554
54.168359,444,3299.928906,synthetic_track_0,0.36064113935007125,59.1683588539408
43.246453,378,3300.470682,synthetic_track_0,0.29407027743393593,48.246452789179315
47.963495,415,3301.070912,synthetic_track_0,0.32282144851390127,52.96349536229279
48.035502,417,3301.702664,synthetic_track_0,0.3232603419078662,53.03550212746533
46.260405,404,3302.306711,synthetic_track_0,0.31244082565920983,51.26040508451502
45.773632,390,3303.923701,synthetic_track_0,0.3094738594052904,50.773631655571755
47.354364,395,3304.520591,synthetic_track_0,0.31910868711337675,52.35436352757979
46.660405,404,3305.105931,synthetic_track_0,0.31487889325897594,51.660405092592576
51.288356,421,3305.741495,synthetic_track_0,0.3430870349718843,56.28835589842692
45.032964,390,3306.302945,synthetic_track_0,0.30495936678266944,50.032964298486306
52.040974,426,3307.25687,synthetic_track_0,0.34767436877223196,57.040973896947364
46.716137,401,3307.814604,synthetic_track_0,0.3152185901751369,51.71613725080728
51.802379,423,3308.485957,synthetic_track_0,0.34622009308312707,56.802379082166695
49.828663,410,3309.168851,synthetic_track_0,0.33418995724415296,54.82866250711136
53.009431,429,3309.809868,synthetic_track_0,0.35357727639930586,58.0094306775293
29.345605,303,3310.646132,synthetic_track_0,0.2093422618950452,34.34560487864443
54.989052,448,3311.347043,synthetic_track_0,0.36564340243517124,59.989051961317315
46.583596,403,3312.072912,synthetic_track_0,0.31441072661496516,51.583595630293864
52.401904,431,3312.792948,synthetic_track_0,0.3498742980268306,57.40190388908291
50.173904,415,3313.379885,synthetic_track_0,0.3362942618538123,55.17390390277328
62.544034,492,3314.816136,synthetic_track_0,0.4116922927266675,67.54403382085559
45.992708,402,3315.453932,synthetic_track_0,0.31080916868408237,50.99270832200794
34.989491,337,3315.977457,synthetic_track_0,0.24374269806888704,39.989490531662504
52.453046,431,3316.622874,synthetic_track_0,0.35018602049272457,57.45304643693002
46.45242,394,3317.232908,synthetic_track_0,0.313611190076657,51.452420177319446
51.200095,420,3318.565731,synthetic_track_0,0.34254907264787016,56.200095452337685
47.203135,397,3319.147833,synthetic_track_0,0.31818692380810804,52.20313501792384
31.064278,310,3319.662929,synthetic_track_0,0.21981786694047847,36.06427834905705
47.595799,406,3320.30957,synthetic_track_0,0.3205802745879214,52.595798589413654
47.57468,411,3320.921736,synthetic_track_0,0.3204515531101787,52.5746799821438
42.35485,386,3322.201583,synthetic_track_0,0.2886358081459479,47.35485004637556
47.563495,406,3322.818921,synthetic_track_0,0.3203833808898194,52.56349535022588
46.498636,407,3323.37882,synthetic_track_0,0.31389288617623284,51.4986364684988
56.31125,454,3324.080083,synthetic_track_0,0.37370242276889454,61.31124999999998
47.822316,407,3324.670904,synthetic_track_0,0.3219609354022945,52.822315826652925
48.273308,408,3325.376419,synthetic_track_0,0.32470981015519357,53.273308212372385
54.313332,431,3326.019713,synthetic_track_0,0.36152477769560504,59.31333241635764
48.503123,429,3326.702875,synthetic_track_0,0.32611057041683433,53.50312305262734
45.714779,393,3327.274446,synthetic_track_0,0.309115145464729,50.714779481359756
45.592708,393,3327.841531,synthetic_track_0,0.3083711011233138,50.5927083203285
50.252871,418,3328.636605,synthetic_track_0,0.3367755796428578,55.25287099930685
51.934776,433,3329.334912,synthetic_track_0,0.34702707465516014,56.93477599985783
44.357315,383,3329.932569,synthetic_track_0,0.30084116906832375,49.357314813147475
46.995799,396,3330.557556,synthetic_track_0,0.3169231732715889,51.99579859096662
46.660405,404,3331.281362,synthetic_track_0,0.31487889325897594,51.660405092592576
43.103038,374,3332.25673,synthetic_track_0,0.29319614171078046,48.10303826845126
62.609894,475,3333.032728,synthetic_track_0,0.41209372235316005,67.6098941168765
54.008344,445,3333.658929,synthetic_track_0,0.35966582402889435,59.008344366899365
24.512131,273,3334.04387,synthetic_track_0,0.17988142320344414,29.512131140778223
52.278954,422,3334.646071,synthetic_track_0,0.3491249006107689,57.27895447926886
51.073287,416,3335.930003,synthetic_track_0,0.34177615254445115,56.07328680780274
52.874098,425,3336.535113,synthetic_track_0,0.352752400982817,57.874098017643185
46.56162,396,3337.101465,synthetic_track_0,0.314276784298092,51.56162046937695
53.633634,428,3337.757469,synthetic_track_0,0.3573818983494157,58.633633554808824
44.239249,384,3338.317765,synthetic_track_0,0.3001215355501648,49.23924859828778
46.741997,392,3339.629133,synthetic_track_0,0.31537620977626846,51.74199701028723
45.57678,389,3340.231527,synthetic_track_0,0.3082740155013349,50.57678002958729
47.604362,396,3340.799386,synthetic_track_0,0.32063247278417595,52.60436245323986
53.275899,435,3341.437022,synthetic_track_0,0.3552014477269105,58.27589931204276
44.579933,381,3342.044607,synthetic_track_0,0.3021980622757772,49.57993263309383
38.240584,352,3342.574612,synthetic_track_0,0.2635586610716205,43.240583881952844
45.4207,387,3343.489643,synthetic_track_0,0.30732268311013927,50.42070028667976
30.591943,317,3343.952899,synthetic_track_0,0.21693890258775908,35.59194289599036
64.700658,478,3344.70377,synthetic_track_0,0.4248372829842112,69.70065827610091
51.539555,421,3345.289529,synthetic_track_0,0.34461813636469557,56.53955507335989
51.865222,427,3345.910914,synthetic_track_0,0.34660313100531354,56.86522195493335
42.67226,369,3346.720541,synthetic_track_0,0.2905704784182582,47.672260492511576
45.964445,391,3347.311091,synthetic_track_0,0.3106368964258099,50.96444458366569
58.319129,451,3347.962871,synthetic_track_0,0.3859407825923542,63.31912871046294
43.248627,375,3348.542868,synthetic_track_0,0.29408352944262456,48.2486269715453
68.874225,515,3349.362914,synthetic_track_0,0.45027587604125346,73.87422484549165
43.735168,377,3350.367801,synthetic_track_0,0.29704908048735407,48.735168215094085
36.55872,345,3350.866828,synthetic_track_0,0.2533074187365938,41.55872033673817
53.329938,444,3351.546724,synthetic_track_0,0.3555308197622103,58.32993752525436
55.380719,440,3352.19972,synthetic_track_0,0.3680306786289596,60.38071890971953
46.895799,400,3352.795799,synthetic_track_0,0.316313656632406,51.89579863172843
51.155439,417,3353.781604,synthetic_track_0,0.3422768832843627,56.155438877757035
52.890763,427,3354.367462,synthetic_track_0,0.35285397851800404,57.890763271264206
51.7785,421,3355.03106,synthetic_track_0,0.34607454721153563,56.77850019143462
53.698816,433,3355.668876,synthetic_track_0,0.3577791954992676,58.69881585868145
54.626994,438,3356.829518,synthetic_track_0,0.3634365970543174,59.62699384190676
53.189591,425,3357.468963,synthetic_track_0,0.354675386472454,58.18959140735133
52.102436,424,3358.181282,synthetic_track_0,0.34804898905380904,57.102435734868195
47.445106,400,3358.795884,synthetic_track_0,0.319661779764793,52.44510632119854
53.547545,435,3359.456987,synthetic_track_0,0.3568571731364956,58.547544846921205
49.607528,405,3360.311282,synthetic_track_0,0.3328421021624961,54.60752752151792
31.049744,316,3360.873871,synthetic_track_0,0.2197292754761755,36.04974364688546
52.520777,433,3361.600574,synthetic_track_0,0.35059885164968607,57.52077731778628
46.628279,407,3362.228032,synthetic_track_0,0.31468307980852117,51.628279083547085
64.277356,479,3363.039668,synthetic_track_0,0.42225718184348243,69.27735562557908
55.469616,438,3364.83759,synthetic_track_0,0.3685725241204387,60.46961644520593
47.763495,421,3365.489872,synthetic_track_0,0.32160241477770674,52.763495368703026
52.497478,425,3366.114085,synthetic_track_0,0.35045683937876315,57.497478164997524
53.158098,428,3366.719289,synthetic_track_0,0.35448342949267125,58.15809810771066
32.32155,318,3367.170958,synthetic_track_0,0.2274811508031943,37.32155013564779
47.834733,405,3368.03991,synthetic_track_0,0.3220366215935723,52.834733233424345
51.157752,427,3368.696846,synthetic_track_0,0.34229098333704805,56.15775219392127
54.352559,432,3369.345623,synthetic_track_0,0.3617638684086955,59.35255868193642
55.180997,435,3370.036599,synthetic_track_0,0.3668133409535998,60.18099717927049
69.040796,505,3370.75698,synthetic_track_0,0.45129115713485457,74.04079629153375
51.312595,410,3371.570568,synthetic_track_0,0.34323477409821035,56.31259462410026
46.444114,398,3372.217699,synthetic_track_0,0.31356056276502725,51.4441140396788
43.118566,373,3372.765033,synthetic_track_0,0.2932907880218224,48.11856635519705
44.201467,380,3373.295073,synthetic_track_0,0.2998912479626147,49.20146661189452
46.076792,393,3373.867924,synthetic_track_0,0.31132167119198934,51.07679171958159
49.276622,397,3374.867907,synthetic_track_0,0.3308251801079378,54.27662248910926
46.920879,397,3375.45296,synthetic_track_0,0.3164665242605057,51.92087876177919
43.52253,381,3375.987621,synthetic_track_0,0.29575301571373874,48.522530173406935
48.163495,408,3376.630636,synthetic_track_0,0.3240404822061519,53.16349534867292
45.692708,395,3377.181731,synthetic_track_0,0.3089806180409793,50.69270832525576
45.321386,390,3377.736602,synthetic_track_0,0.3067173479463777,50.32138635854361
53.940463,426,3378.730824,synthetic_track_0,0.35925207533930936,58.94046295163756
46.22284,390,3379.41978,synthetic_track_0,0.3122118571845456,51.22283951753731
54.007867,440,3380.114708,synthetic_track_0,0.35966291186048277,59.00786658384352
51.83273,418,3380.767597,synthetic_track_0,0.3464050865439914,56.83272991651071
56.583168,449,3381.865911,synthetic_track_0,0.3753598060459137,61.58316753184318
65.626994,483,3382.554839,synthetic_track_0,0.43048345358107076,70.62699365932316
46.160405,395,3383.207021,synthetic_track_0,0.3118313087415443,51.160405079587754
46.160405,401,3383.869081,synthetic_track_0,0.3118313087415443,51.160405079587754
58.849734,453,3384.559674,synthetic_track_0,0.3891749101462009,63.84973378793767
52.621589,431,3385.641077,synthetic_track_0,0.351213315434414,57.621588927307734
65.796401,495,3386.393699,synthetic_track_0,0.43151602080835266,70.79640114387897
52.154886,429,3387.005023,synthetic_track_0,0.34836867925576215,57.154885504257614
43.589618,372,3387.527668,synthetic_track_0,0.2961619275622059,48.58961803541107
46.495806,393,3388.17264,synthetic_track_0,0.3138756344301926,51.495806071771455
45.577324,386,3389.542681,synthetic_track_0,0.30827733232633314,50.57732420236832
55.163385,436,3390.190039,synthetic_track_0,0.36670599166399453,60.16338498643656
54.08657,439,3390.925906,synthetic_track_0,0.36014262540160824,59.08657048046375
46.895799,391,3391.580612,synthetic_track_0,0.316313656632406,51.89579863172843
49.586433,407,3392.204805,synthetic_track_0,0.33271352487251615,54.58643257032153
53.8986,432,3393.275476,synthetic_track_0,0.3589969117084252,58.89859969303695
51.069826,419,3393.924975,synthetic_track_0,0.34175505638438775,56.06982567973698
46.318502,391,3394.503002,synthetic_track_0,0.31279493607785636,51.31850198483581
47.901843,404,3395.151116,synthetic_track_0,0.3224456654552256,52.901842754087795
47.207621,405,3395.805954,synthetic_track_0,0.31821426872545916,52.2076213443745
55.213441,436,3396.828105,synthetic_track_0,0.3670110933772956,60.21344130472594
48.54726,408,3397.481805,synthetic_track_0,0.32637959223947766,53.54725994663335
48.363495,408,3398.066129,synthetic_track_0,0.32525951611366744,53.36349537037035
51.25167,417,3398.648954,synthetic_track_0,0.342863426013666,56.25166963710171
51.855284,421,3399.233951,synthetic_track_0,0.3465425564691178,56.855283832229155
52.069744,421,3400.242651,synthetic_track_0,0.3478497259266752,57.069743756815264
46.122572,391,3400.835021,synthetic_track_0,0.31160070974725906,51.122572002446816
1.327575,115,3400.989107,synthetic_track_0,0.038567639509785284,6.327575214455218
47.757526,398,3401.541557,synthetic_track_0,0.32156603145656654,52.7575261622908
43.453038,375,3402.147967,synthetic_track_0,0.29532944841686626,48.45303787459347
51.371394,424,3402.739471,synthetic_track_0,0.3435931668278082,56.3713940990401
46.928102,401,3403.655686,synthetic_track_0,0.3165105501633603,51.92810184349323
48.263495,402,3404.282711,synthetic_track_0,0.3246499991570043,53.263495359044974
53.167653,425,3404.901423,synthetic_track_0,0.35454166713256396,58.167652829011146
53.900675,438,3405.505959,synthetic_track_0,0.3590095613191045,58.900675043357175
52.980435,424,3407.02694,synthetic_track_0,0.3534005453520112,57.98043541080569
54.178709,425,3407.677606,synthetic_track_0,0.3607042254023383,59.17870902692978
45.930862,393,3408.259116,synthetic_track_0,0.3104322061065502,50.93086219679293
45.534015,392,3408.859613,synthetic_track_0,0.30801335284971193,50.53401457765122
45.995913,402,3409.516938,synthetic_track_0,0.31082870464845974,50.995913477562084
52.237289,422,3410.135106,synthetic_track_0,0.34887094446504513,57.23728932595212
52.226092,424,3411.054855,synthetic_track_0,0.34880269697288263,57.22609234461375
18.757703,247,3411.467119,synthetic_track_0,0.14480721029542962,23.75770273696136
54.636019,443,3412.099747,synthetic_track_0,0.3634916043934216,59.63601858596559
46.060405,392,3412.638068,synthetic_track_0,0.31122179192301525,51.06040509092525
45.707495,407,3413.208825,synthetic_track_0,0.30907074291055125,50.70749460458625
53.740463,445,3414.437757,synthetic_track_0,0.35803304158212634,58.74046295460434
54.665434,435,3415.077542,synthetic_track_0,0.36367089700190725,59.66543411359467
50.684718,413,3415.659019,synthetic_track_0,0.3394077595516627,55.684717919746845
47.295799,397,3416.313025,synthetic_track_0,0.31875172397800533,52.29579859810627
47.90709,409,3416.90617,synthetic_track_0,0.3224776482557479,52.9070899918873
17.202725,237,3417.523028,synthetic_track_0,0.13532935969665574,22.202725214422152
51.985768,433,3418.304384,synthetic_track_0,0.3473378774365316,56.98576766024946
65.87657,484,3419.081468,synthetic_track_0,0.43200466183215375,70.8765697222589
50.637494,411,3419.693627,synthetic_track_0,0.33911992150867076,55.63749395453241
35.009766,334,3420.195884,synthetic_track_0,0.2438662801115603,40.009765940790736
51.069676,417,3421.361842,synthetic_track_0,0.3417541434836715,56.06967590526234
54.775856,432,3421.990722,synthetic_track_0,0.36434393993266734,59.7758564734039
53.513072,433,3422.661024,synthetic_track_0,0.3566470556286446,58.513072051808514
46.399456,397,3423.23944,synthetic_track_0,0.3132883634699839,51.39945583568705
53.251926,429,3423.844747,synthetic_track_0,0.3550553278709797,58.2519262509356
45.617476,392,3425.008456,synthetic_track_0,0.3085220670683156,50.617476451952875
54.582117,434,3425.639998,synthetic_track_0,0.36316306398226095,59.582116812638766
51.001979,439,3426.289909,synthetic_track_0,0.34134152029730447,56.00197914496922
55.614682,441,3426.952799,synthetic_track_0,0.36945672053638245,60.614681567089164
14.771775,215,3427.340044,synthetic_track_0,0.12051231000258976,19.77177539257123
46.040604,401,3429.023982,synthetic_track_0,0.3111010980290811,51.04060352408059
51.537373,434,3429.703637,synthetic_track_0,0.344604834217433,56.5373726650407
46.043945,393,3430.269442,synthetic_track_0,0.31112146672209656,51.04394530072842
52.381696,424,3430.857801,synthetic_track_0,0.34975112867460845,57.38169618775071
53.718242,436,3431.487859,synthetic_track_0,0.35789760202621734,58.71824215011851
54.406666,443,3432.464643,synthetic_track_0,0.36209366050776376,59.40666581264267
45.692708,386,3433.018112,synthetic_track_0,0.30898061804097937,50.692708325255765
45.211082,389,3433.576452,synthetic_track_0,0.30604502179055226,50.21108159595756
48.009412,412,3434.222753,synthetic_track_0,0.3231013178604424,53.00941194839886
55.383223,433,3434.877356,synthetic_track_0,0.36804593886838755,60.38322257118283
33.30048,326,3435.838086,synthetic_track_0,0.23344789476053537,38.30048018310098
51.205646,413,3436.51317,synthetic_track_0,0.3425829028921785,56.20564578982541
38.067209,343,3437.00509,synthetic_track_0,0.2625019109172085,43.06720884085828
51.298824,426,3437.647103,synthetic_track_0,0.34315084056190925,56.298824121919914
47.863495,402,3438.205109,synthetic_track_0,0.3222119315962358,52.86349535736553
43.923573,375,3438.848849,synthetic_track_0,0.29819744126216174,48.92357329428184
45.960405,389,3439.665004,synthetic_track_0,0.31061227491959686,50.960405071929
64.839735,495,3440.402868,synthetic_track_0,0.42568497886790874,69.83973496140646
46.110206,396,3441.001521,synthetic_track_0,0.31152533988255243,51.110206493592855
51.218688,418,3441.67525,synthetic_track_0,0.3426623977201185,56.218688058145275
53.119834,430,3442.461597,synthetic_track_0,0.354250204571468,58.11983420954223
53.187459,424,3443.056839,synthetic_track_0,0.35466239116424014,58.18745934038526
48.642322,406,3443.685802,synthetic_track_0,0.3269590099471397,53.642321743840014
45.185494,392,3444.24701,synthetic_track_0,0.3058890593483166,50.185493717196515
54.30816,436,3444.855113,synthetic_track_0,0.36149324920035686,59.308159713863596
33.625868,330,3445.404639,synthetic_track_0,0.23543118974665134,38.62586821194098
63.054683,478,3446.54904,synthetic_track_0,0.4148047833321147,68.05468260985538
42.959716,372,3447.089966,synthetic_track_0,0.29232256591791994,47.95971561233044
54.299229,438,3447.737665,synthetic_track_0,0.36143881396467836,59.29922883158897
51.911027,423,3448.371621,synthetic_track_0,0.34688232009410447,56.91102693498486
46.328102,390,3449.150227,synthetic_track_0,0.3128534490141755,51.328101872469176
53.940463,433,3449.804973,synthetic_track_0,0.3592520753393094,58.94046295163757
51.480063,421,3450.458886,synthetic_track_0,0.3442555225099399,56.480063062209254
45.955612,390,3451.006113,synthetic_track_0,0.310583057362796,50.95561151207961
46.954551,406,3451.587836,synthetic_track_0,0.3166717593840973,51.9545505316277
5.552737,156,3451.806785,synthetic_track_0,0.06432071293593628,10.552736805327637
46.995799,408,3452.691823,synthetic_track_0,0.3169231732715889,51.99579859096662
53.487801,434,3453.307808,synthetic_track_0,0.35649302396231136,58.487800944566274
20.597374,258,3453.67078,synthetic_track_0,0.1560203147660942,25.597373580899646
54.800932,440,3454.318411,synthetic_track_0,0.3644967805735519,59.80093217581439
51.818337,419,3454.954404,synthetic_track_0,0.34631735682350756,56.818336595790015
56.546644,444,3456.153956,synthetic_track_0,0.3751371861423246,61.54664353913584
47.263962,405,3456.739602,synthetic_track_0,0.31855767257591483,52.26396167840351
32.073811,316,3457.239702,synthetic_track_0,0.22597113729285448,37.07381073072272
55.810656,443,3457.866023,synthetic_track_0,0.37065121995211686,60.81065635301726
49.189501,412,3458.447031,synthetic_track_0,0.3302941585598418,54.1895007770008
48.157104,405,3459.786041,synthetic_track_0,0.32400152570444424,53.157103975029614
36.975291,341,3460.316702,synthetic_track_0,0.25584648595612325,41.97529078311081
45.373577,384,3460.885942,synthetic_track_0,0.3070354609639044,50.37357736817453
42.840003,377,3461.412838,synthetic_track_0,0.2915928984129148,47.840003177808946
52.071576,430,3462.072955,synthetic_track_0,0.3478608948922516,57.07157618603963
22.925851,268,3462.443287,synthetic_track_0,0.17021277625076744,27.925850735944195
45.857667,388,3463.459738,synthetic_track_0,0.30998606808651236,50.85766684665745
47.795593,405,3464.076193,synthetic_track_0,0.32179805787771365,52.79559342931077
32.31426,319,3464.535494,synthetic_track_0,0.22743671689476522,37.31426011475901
45.792708,386,3465.066884,synthetic_track_0,0.30959013492689935,50.79270832497472
51.391336,417,3465.670858,synthetic_track_0,0.3437147185535798,56.391336405518864
46.360405,390,3466.421148,synthetic_track_0,0.3130503425451298,51.360405084233975
20.726633,260,3466.805072,synthetic_track_0,0.15680817302021338,25.726633043615884
47.7222,417,3467.400019,synthetic_track_0,0.3213507127635114,52.72220003803995
52.904254,429,3468.019658,synthetic_track_0,0.3529362078445471,57.90425417335593
45.231998,383,3468.612925,synthetic_track_0,0.30617250915681765,50.23199772951384
46.328102,391,3469.155127,synthetic_track_0,0.3128534490141755,51.328101872469176
47.127795,400,3469.949451,synthetic_track_0,0.31772771298678004,52.12779488697008
68.502723,504,3470.743053,synthetic_track_0,0.44801151200786604,73.50272340240927
47.067497,396,3471.365162,synthetic_track_0,0.31736018879076516,52.06749726380789
45.425989,393,3471.92293,synthetic_track_0,0.30735491987627434,50.42598919118579
45.449053,391,3472.472137,synthetic_track_0,0.3074954976913227,50.44905300088502
53.757503,433,3473.717684,synthetic_track_0,0.3581369059163626,58.75750339045503
45.551898,394,3474.256901,synthetic_track_0,0.30812235269585103,50.551897567991716
54.962437,442,3474.887687,synthetic_track_0,0.36548118124691775,59.96243724537673
14.593766,220,3475.256436,synthetic_track_0,0.11942731033593465,19.593765613241146
8.935631,179,3475.513968,synthetic_track_0,0.08494002616750851,13.935631299300553
53.696975,427,3476.346072,synthetic_track_0,0.3577679747319861,58.696974930643336
51.786467,420,3476.965053,synthetic_track_0,0.3461231071020949,56.78646713895396
52.670501,421,3477.655107,synthetic_track_0,0.35151144451105815,57.6705012844045
45.960405,389,3478.23159,synthetic_track_0,0.31061227491959686,50.960405071929
53.802923,455,3478.901636,synthetic_track_0,0.35841374325165304,58.8029225315662
45.160094,387,3479.636998,synthetic_track_0,0.30573424439697083,50.16009410079754
45.401411,400,3480.248108,synthetic_track_0,0.30720511176927495,50.401411019515905
52.194872,423,3480.846109,synthetic_track_0,0.34861240209257166,57.19487173626441
52.65403,428,3481.621446,synthetic_track_0,0.3514110470537376,57.654029639507115
46.40809,392,3482.40164,synthetic_track_0,0.3133409915229837,51.4080902236864
53.60117,432,3483.433865,synthetic_track_0,0.3571840270370535,58.601169923960036
47.552466,398,3484.11918,synthetic_track_0,0.3203161557575658,52.55246610171487
54.888686,442,3484.834728,synthetic_track_0,0.3650316522084323,59.8886855499592
51.359102,420,3485.477491,synthetic_track_0,0.34351824280836796,56.35910173750584
51.16074,420,3486.12804,synthetic_track_0,0.34230919352462286,56.16073983674861
45.392708,392,3487.022836,synthetic_track_0,0.3071520673013664,50.39270831266975
45.896645,413,3487.66192,synthetic_track_0,0.310223646153761,50.896644940959526
43.509856,405,3488.314868,synthetic_track_0,0.29567576478767704,48.5098560494197
47.195799,398,3488.899477,synthetic_track_0,0.31814220715947616,52.195798609443756
46.31128,394,3489.551567,synthetic_track_0,0.3127509169938027,51.311280021844006
53.850405,432,3491.154131,synthetic_track_0,0.3587031562063419,58.85040488366521
52.609261,425,3491.921628,synthetic_track_0,0.35113817410040205,57.60926091219667
45.892708,394,3492.532778,synthetic_track_0,0.3101996517332299,50.892708311635886
1.795053,116,3492.692877,synthetic_track_0,0.04141699577780577,6.7950530359616295
46.391509,399,3493.23403,synthetic_track_0,0.3132399261784728,51.39150900230246
51.486226,444,3493.930008,synthetic_track_0,0.3442930879576939,56.48622621347155
43.37825,379,3495.057023,synthetic_track_0,0.29487360156106973,48.37824965050229
46.528102,394,3495.57168,synthetic_track_0,0.3140724825378274,51.52810183118826
46.828102,400,3496.090174,synthetic_track_0,0.3159010332774403,51.82810184377427
31.149599,319,3496.569911,synthetic_track_0,0.2203379119474101,36.149599201929746
46.228588,399,3497.068961,synthetic_track_0,0.31224689276117557,51.22858760710478
55.155189,453,3498.377424,synthetic_track_0,0.3666560362193489,60.155189078224794
52.605069,435,3499.067161,synthetic_track_0,0.35111262634566537,57.60506943608582
48.854939,407,3499.56304,synthetic_track_0,0.3282549480906914,53.854939010046415
46.428102,401,3500.08978,synthetic_track_0,0.31346296565335835,51.42810183170736
47.253827,402,3500.590613,synthetic_track_0,0.3184959018220401,52.253827299007625
47.787541,409,3501.855655,synthetic_track_0,0.3217489788413248,52.78754130846151
52.505069,459,3502.44939,synthetic_track_0,0.35050310945974533,57.50506943636687
7.417599,167,3502.677179,synthetic_track_0,0.0756873614299464,12.41759875167193
48.263495,404,3503.293971,synthetic_track_0,0.3246499991570043,53.263495359044974
54.660128,450,3503.915761,synthetic_track_0,0.3636385580947393,59.66012845138513
46.846873,397,3504.496059,synthetic_track_0,0.31601544917873003,51.846873415753855
46.728102,400,3505.43601,synthetic_track_0,0.3152915163597748,51.72810183884702
46.635739,398,3505.979821,synthetic_track_0,0.3147285481193774,51.635738813011315
47.678203,408,3506.536121,synthetic_track_0,0.32108254323163127,52.67820297457522
43.374902,379,3507.041541,synthetic_track_0,0.29485319624264195,48.37490186492952
33.230456,329,3507.480531,synthetic_track_0,0.2330210873893559,38.23045630355977
51.708109,429,3508.283729,synthetic_track_0,0.3456455034006291,56.70810939183386
46.456365,396,3508.815749,synthetic_track_0,0.3136352352679779,51.45636513632038
51.665204,427,3509.388008,synthetic_track_0,0.3453839881594488,56.66520406033503
46.12943,394,3509.992874,synthetic_track_0,0.31164251244863705,51.12943033602644
50.008171,418,3510.604777,synthetic_track_0,0.33528409137414306,55.008170926351234
46.586197,397,3511.334166,synthetic_track_0,0.3144265845641684,51.58619735463079
46.298065,393,3511.873029,synthetic_track_0,0.3126703683869674,51.298064865960775
42.051847,368,3512.408054,synthetic_track_0,0.28678895156263906,47.051846697201604
53.859376,440,3513.006155,synthetic_track_0,0.35875783405023975,58.85937556930285
47.095799,415,3513.530957,synthetic_track_0,0.31753269015605784,52.095798590447515
45.792708,396,3514.887118,synthetic_track_0,0.30959013492689935,50.792708324974726
52.180839,430,3515.508728,synthetic_track_0,0.34852687146203176,57.18083920783487
46.54325,402,3516.015996,synthetic_track_0,0.3141648131232322,51.54324998988217
45.992708,393,3516.541122,synthetic_track_0,0.31080916868408237,50.99270832200794
53.902157,440,3517.22812,synthetic_track_0,0.3590185916491105,58.90215659869867
51.68116,422,3518.118104,synthetic_track_0,0.34548124128555496,56.68115983253419
57.882037,447,3518.66916,synthetic_track_0,0.38327663490243746,62.88203701637344
44.139655,378,3519.227931,synthetic_track_0,0.2995144958162545,49.13965501093572
52.490305,440,3519.832068,synthetic_track_0,0.35041311591255575,57.4903047023594
52.684337,428,3520.424073,synthetic_track_0,0.35159577534883735,57.68433696959884
61.224103,472,3521.814954,synthetic_track_0,0.40364708949386013,66.2241026760353
47.319777,396,3522.297815,synthetic_track_0,0.31889787387171004,52.31977658734169
35.617165,335,3522.710621,synthetic_track_0,0.24756848281599322,40.61716546975375
48.32989,405,3523.208084,synthetic_track_0,0.3250546849652901,53.3298898784581
51.101979,416,3523.787675,synthetic_track_0,0.3419510372481569,56.101979155341276
45.960405,392,3524.821462,synthetic_track_0,0.31061227491959686,50.960405071929
51.250162,422,3525.371702,synthetic_track_0,0.3428542336788577,56.25016150254551
53.940399,430,3526.042893,synthetic_track_0,0.35925168284256276,58.94039855690879
51.823585,427,3526.68163,synthetic_track_0,0.3463493454975071,56.82358479721783
54.746847,444,3527.234985,synthetic_track_0,0.3641671222061004,59.746846985700685
43.105079,376,3528.047907,synthetic_track_0,0.29320858196808697,48.1050792713437
50.769323,420,3528.597993,synthetic_track_0,0.3399234392002012,55.76932257287485
52.872766,432,3529.121502,synthetic_track_0,0.35274428334178126,57.87276620203635
52.261697,442,3529.709693,synthetic_track_0,0.3490197149931594,57.261697267902996
58.998573,478,3531.433989,synthetic_track_0,0.39008211240422785,63.99857334865107
47.968833,403,3531.965951,synthetic_track_0,0.3228539794513918,52.96883252983492
54.485976,434,3532.554222,synthetic_track_0,0.36257706822128816,59.485975791304895
54.708852,444,3533.135128,synthetic_track_0,0.36393553583695964,59.708851915532875
47.824638,398,3533.697992,synthetic_track_0,0.3219750915424364,52.82463834477001
46.526212,402,3534.572859,synthetic_track_0,0.3140609620480735,51.526211729373586
52.862266,436,3535.225125,synthetic_track_0,0.3526802842930571,57.862266238865075
46.69008,392,3535.758958,synthetic_track_0,0.3150597649800593,51.69007969632435
49.260627,431,3536.352812,synthetic_track_0,0.3307276843132877,54.26062690364997
47.812664,402,3537.003051,synthetic_track_0,0.32190210422653537,52.812663727268514
52.963663,436,3538.356,synthetic_track_0,0.35329831371019793,57.963662841597596
51.997501,455,3539.011694,synthetic_track_0,0.3474093956116115,56.99750124409775
53.438708,450,3539.70688,synthetic_track_0,0.3561937963852602,58.43870836269982
7.478211,166,3539.933988,synthetic_track_0,0.07605680370067114,12.478211062539872
24.876697,280,3540.333093,synthetic_track_0,0.1821035137506777,29.876697011276544
50.968565,420,3540.87553,synthetic_track_0,0.3411378547245729,55.968564882483
42.96515,394,3541.659255,synthetic_track_0,0.29235569142376444,47.96515032735092
29.767833,303,3542.076326,synthetic_track_0,0.21191581307244506,34.76783291360404
46.912078,395,3542.603801,synthetic_track_0,0.31641288446871324,51.91207838349914
45.960405,393,3543.113049,synthetic_track_0,0.31061227491959686,50.960405071929
52.413345,421,3543.720971,synthetic_track_0,0.3499440322792092,57.413344794789296
54.896622,437,3545.206979,synthetic_track_0,0.3650800245508135,59.89662172750615
52.867125,431,3545.788674,synthetic_track_0,0.35270989923885826,57.86712499608773
47.407772,403,3546.356833,synthetic_track_0,0.31943422170408364,52.407772152888114
47.13215,402,3546.898189,synthetic_track_0,0.3177542573457711,52.13214987032324
48.263495,427,3547.428091,synthetic_track_0,0.3246499991570043,53.263495359044974
54.529351,456,3548.657729,synthetic_track_0,0.3628414494829017,59.529351334620884
24.033195,277,3549.02595,synthetic_track_0,0.176962224787158,29.03319471169543
32.526528,330,3549.491179,synthetic_track_0,0.22873052301752198,37.52652759233147
25.444269,286,3549.931241,synthetic_track_0,0.18556296303239017,30.44426935453792
52.843417,464,3550.596151,synthetic_track_0,0.3525653953390086,57.84341705578589
46.816521,394,3551.161375,synthetic_track_0,0.3158304488116248,51.816521448341824
36.07039,355,3552.417015,synthetic_track_0,0.25033096209871714,41.0703898739949
46.892952,400,3552.895055,synthetic_track_0,0.31629630314817614,51.892951543389785
59.167487,453,3553.517828,synthetic_track_0,0.3911116673431405,64.16748662403394
46.139289,446,3554.054168,synthetic_track_0,0.3117026021408251,51.139288913107286
47.103316,404,3554.555126,synthetic_track_0,0.3175785118660389,52.1033163001141
55.416225,450,3555.628914,synthetic_track_0,0.368247095784443,60.416225252509115
46.107681,397,3556.097989,synthetic_track_0,0.3115099477611498,51.107681194997376
52.217248,434,3556.646142,synthetic_track_0,0.3487487881495112,57.21724782783903
63.50085,497,3557.295087,synthetic_track_0,0.4175242496063144,68.50085011224574
49.60152,440,3558.411552,synthetic_track_0,0.33280548770303797,54.60152039354476
51.404017,423,3558.969699,synthetic_track_0,0.3437920113241881,56.40401739470497
46.995799,394,3559.49206,synthetic_track_0,0.3169231732715889,51.99579859096662
43.223557,376,3559.979819,synthetic_track_0,0.29393072426551053,48.22355708747574
53.133524,428,3560.597178,synthetic_track_0,0.3543336456788019,58.13352392167768
47.778189,406,3561.347176,synthetic_track_0,0.321691973107833,52.77818869910016
49.182362,419,3561.884079,synthetic_track_0,0.33025064705318563,54.18236208937147
48.508272,447,3562.45968,synthetic_track_0,0.32614195525873624,53.50827218672661
45.744081,388,3562.929994,synthetic_track_0,0.3092937458622981,50.74408144184565
46.763819,401,3563.431844,synthetic_track_0,0.31550921938319443,51.76381914674066
9.594192,176,3563.648097,synthetic_track_0,0.08895406572751806,14.59419214338112
46.478827,401,3564.81056,synthetic_track_0,0.3137721421766072,51.47882668109578
48.900851,405,3565.468691,synthetic_track_0,0.3285347919147616,53.900851408824565
47.000276,408,3566.050988,synthetic_track_0,0.31695046179022496,52.00027566439802
49.015142,418,3566.669525,synthetic_track_0,0.3292314122284711,54.01514197695217
33.034924,327,3567.129102,synthetic_track_0,0.23182928543685452,38.03492407521912
51.803481,427,3568.150631,synthetic_track_0,0.3462268083693467,56.8034808213237
32.368963,323,3568.553062,synthetic_track_0,0.2277701388783963,37.368962780164374
47.128102,401,3569.151165,synthetic_track_0,0.31772958392054335,52.128101840526455
51.369676,426,3569.807151,synthetic_track_0,0.34358269422328436,56.36967591784835
47.013924,400,3570.365966,synthetic_track_0,0.3170336523327136,52.01392426777169
54.20816,440,3571.099625,synthetic_track_0,0.3608837323144369,59.20815971414464
47.058285,400,3571.619106,synthetic_track_0,0.3173040355281878,52.05828451454422
47.472159,399,3572.107195,synthetic_track_0,0.31982667220656125,52.472159294645856
52.079928,441,3572.658154,synthetic_track_0,0.34791180176920444,57.07992819038696
46.650698,398,3573.160321,synthetic_track_0,0.3148197288647898,51.650698323939146
50.741456,420,3573.877316,synthetic_track_0,0.33975358521646964,55.741455587205074
51.279214,416,3574.408916,synthetic_track_0,0.3430313138394556,56.279214046320895
48.257698,409,3574.899678,synthetic_track_0,0.32461466471039124,53.257698235564064
50.29209,414,3575.439084,synthetic_track_0,0.33701462686928174,55.29209013027338
47.395799,400,3576.021136,synthetic_track_0,0.3193612408956708,52.39579860303353
47.832268,413,3576.796087,synthetic_track_0,0.3220215964517323,52.83226814309709
38.851979,360,3577.233895,synthetic_track_0,0.2672852190738786,43.85197924734292
26.609223,288,3577.549633,synthetic_track_0,0.19266355368794516,31.609223238445765
50.493232,429,3578.153833,synthetic_track_0,0.3382406215433171,55.49323216569694
46.528102,401,3578.639571,synthetic_track_0,0.3140724825378274,51.52810183118826
46.060405,397,3579.098998,synthetic_track_0,0.31122179192301525,51.06040509092525
46.433601,395,3580.701865,synthetic_track_0,0.3134964841690258,51.43360102563414
47.808956,414,3581.247777,synthetic_track_0,0.32187950640459184,52.80895623000273
49.852919,419,3581.816046,synthetic_track_0,0.33433780304583366,54.852918734408824
51.120214,416,3582.323051,synthetic_track_0,0.3420621811901458,56.120213915401905
51.290758,438,3582.966831,synthetic_track_0,0.3431016789376068,56.290758451337204
52.569837,436,3583.667725,synthetic_track_0,0.3508978802566146,57.56983725574629
44.62931,394,3584.153878,synthetic_track_0,0.30249902806140566,49.62931039304355
51.737373,424,3584.699699,synthetic_track_0,0.3458238681053203,56.73737268351784
51.806853,426,3585.370837,synthetic_track_0,0.346247363470029,56.80685318082667
47.805927,406,3586.110893,synthetic_track_0,0.3218610428676332,52.80592702157007
42.086786,380,3586.610634,synthetic_track_0,0.2870019123035387,47.08678596553372
40.144736,356,3587.082099,synthetic_track_0,0.2751647899449497,45.14473602421756
51.421758,417,3587.673065,synthetic_track_0,0.3439001425191404,56.421757870341715
45.892708,391,3588.182761,synthetic_track_0,0.3101996517332299,50.892708311635886
54.327378,438,3588.901949,synthetic_track_0,0.361610389096635,59.32737819634618
53.305889,436,3590.266178,synthetic_track_0,0.3553842413961902,58.305889238981386
52.601702,430,3590.940053,synthetic_track_0,0.35109210410251407,57.60170246733275
42.251101,384,3591.501632,synthetic_track_0,0.2880034388687199,47.25110078363014
53.543989,432,3592.191509,synthetic_track_0,0.35683550189690594,58.5439893687992
48.233564,403,3593.076583,synthetic_track_0,0.32446756273302024,53.233564043328265
42.42471,374,3593.584068,synthetic_track_0,0.2890616145997008,47.42470971103661
52.378518,429,3594.198945,synthetic_track_0,0.34973175424216074,57.37851753382975
42.401905,373,3594.751687,synthetic_track_0,0.28892261449784934,47.40190474784826
42.594623,376,3595.242838,synthetic_track_0,0.2900972625523768,47.59462263284224
54.405834,433,3595.798864,synthetic_track_0,0.3620885933406121,59.40583447109095
51.79248,422,3597.215082,synthetic_track_0,0.34615975718234027,56.792480111028894
43.543855,384,3597.721845,synthetic_track_0,0.29588299278980207,48.54385477961564
51.986274,420,3598.296067,synthetic_track_0,0.34734096466957093,56.98627416517196
45.739506,391,3598.884205,synthetic_track_0,0.3092658599717168,50.7395063609665
41.254585,367,3599.376332,synthetic_track_0,0.28192950925642385,46.25458538995772
47.912508,418,3600.219574,synthetic_track_0,0.3225106739086376,52.91250832459633
47.086342,404,3600.804106,synthetic_track_0,0.3174750512311917,52.08634209694657
46.798829,397,3601.405217,synthetic_track_0,0.3157226083340406,51.79882866906494
52.58748,424,3602.036094,synthetic_track_0,0.35100541842862704,57.58748043745206
1.795683,116,3602.187123,synthetic_track_0,0.0414208351623768,6.795682942146172
46.561702,402,3602.654747,synthetic_track_0,0.31427728285759854,51.56170226522487
48.163495,399,3604.3731,synthetic_track_0,0.32404048220615184,53.16349534867291
51.246123,424,3604.933164,synthetic_track_0,0.3428296154175318,56.24612252317917
52.684423,439,3605.564024,synthetic_track_0,0.35159629955871885,57.684422973759204
47.763495,400,3606.025849,synthetic_track_0,0.32160241477770674,52.763495368703026
46.946804,402,3606.794167,synthetic_track_0,0.31662454154681696,51.94680376722488
43.772717,383,3607.285122,synthetic_track_0,0.29727794392406803,48.77271654908738
47.811987,406,3607.859634,synthetic_track_0,0.3218979801697061,52.81198711651122
53.659675,445,3608.425197,synthetic_track_0,0.3575406230970606,58.65967462944767
52.493478,424,3608.91721,synthetic_track_0,0.35043245659232686,57.49347781866898
46.044803,401,3609.690244,synthetic_track_0,0.3111266954903874,51.04480315526812
35.171864,338,3610.151821,synthetic_track_0,0.2448542950134649,40.171863976456564
50.88558,419,3610.668053,synthetic_track_0,0.34063204789192814,55.88558000660712
51.913616,431,3611.200733,synthetic_track_0,0.3468980997118572,56.91361580792225
47.908496,405,3611.765815,synthetic_track_0,0.3224862165034853,52.90849573599567
54.535257,430,3612.398127,synthetic_track_0,0.3628774429613751,59.53525658174425
50.806432,439,3613.17213,synthetic_track_0,0.34014962805049415,55.80643210255028
50.895422,428,3613.647257,synthetic_track_0,0.3406920337156902,55.8954215425808
53.888781,442,3614.266774,synthetic_track_0,0.35893706778795714,58.888781438336835
52.439529,434,3614.876581,synthetic_track_0,0.3501036321213714,57.43952944125282
52.536647,440,3615.837175,synthetic_track_0,0.35069558137648166,57.536647218810884
53.049857,423,3616.392381,synthetic_track_0,0.35382368096136707,58.04985688508166
53.047597,435,3617.015064,synthetic_track_0,0.3538099060828043,58.04759691840277
28.548743,305,3617.400815,synthetic_track_0,0.20448525689392605,33.54874344630893
46.66589,395,3617.937175,synthetic_track_0,0.31491232457200635,51.665889979674255
52.521415,434,3618.913114,synthetic_track_0,0.3506027414166573,57.52141548992723
43.668937,385,3619.499042,synthetic_track_0,0.2966453884454874,48.668936737335635
48.336421,400,3620.051647,synthetic_track_0,0.3250944955837794,53.336421382227236
51.656076,418,3620.580569,synthetic_track_0,0.34532835221638547,56.65607618476797
51.149786,411,3621.146231,synthetic_track_0,0.3422424288402215,56.14978613132125
52.705069,431,3622.324853,synthetic_track_0,0.35172214315199585,57.70506942274698
23.325754,271,3622.667801,synthetic_track_0,0.17265025536409206,28.325754194368507
35.054279,334,3623.123429,synthetic_track_0,0.24413759173699032,40.05427850983269
46.813881,397,3623.72306,synthetic_track_0,0.31581435768241806,51.813881467476115
52.243953,429,3624.230408,synthetic_track_0,0.34891155892265285,57.2439527110743
51.181418,427,3624.738091,synthetic_track_0,0.34243523306496104,56.18141843366619
45.978791,413,3625.896041,synthetic_track_0,0.31072433728212484,50.97879051207048
45.033127,388,3626.371879,synthetic_track_0,0.30496035645775016,50.03312666889815
53.868772,444,3626.939854,synthetic_track_0,0.3588151069309784,58.86877200800713
47.613947,406,3627.437433,synthetic_track_0,0.32069089021079805,52.6139466711356
51.876838,432,3628.011282,synthetic_track_0,0.3466739350234369,56.87683837107537
47.655741,420,3629.103192,synthetic_track_0,0.32094563316082364,52.65574091099905
48.829836,411,3629.605974,synthetic_track_0,0.32810194012304256,53.829835855276905
52.336628,437,3630.172974,synthetic_track_0,0.34947643249607485,57.336628334159265
51.275462,430,3630.810642,synthetic_track_0,0.34300844428975596,56.27546196821384
55.091435,441,3631.744915,synthetic_track_0,0.3662674436906138,60.091434892472186
46.462916,400,3632.281641,synthetic_track_0,0.3136751633157081,51.46291590604315
40.983214,392,3632.931002,synthetic_track_0,0.2802754546083057,45.98321396749534
45.007586,389,3633.485111,synthetic_track_0,0.30480468426766094,50.00758641017066
39.937022,360,3633.971634,synthetic_track_0,0.27389873835880335,44.93702207701867
52.979728,433,3634.626951,synthetic_track_0,0.35339623293075717,57.979727896159005
46.02169,395,3635.948045,synthetic_track_0,0.3109858183512098,51.02169023714625
46.151835,401,3636.458077,synthetic_track_0,0.31177907032610536,51.15183461722668
46.460405,398,3636.987195,synthetic_track_0,0.3136598593514604,51.46040507089514
47.553708,416,3637.63082,synthetic_track_0,0.3203237267703632,52.5537082351079
52.902346,437,3638.270023,synthetic_track_0,0.3529245747414431,57.90234559570369
43.737525,389,3638.933021,synthetic_track_0,0.29706344779508337,48.73752537828691
52.002227,432,3639.573072,synthetic_track_0,0.3474381991110655,57.00222687189222
51.761327,419,3640.147031,synthetic_track_0,0.3459698742503284,56.76132708871489
45.430922,400,3640.630655,synthetic_track_0,0.307384984645746,50.43092174844247
47.125371,408,3641.147786,synthetic_track_0,0.3177129366871881,52.125370622787784
34.375234,331,3641.877558,synthetic_track_0,0.23999869788419123,39.3752335257188
50.103475,438,3642.429034,synthetic_track_0,0.3358649873251399,55.10347525060921
49.206506,428,3642.952209,synthetic_track_0,0.3303978082102174,54.20650599088063
45.392708,394,3643.457304,synthetic_track_0,0.3071520673013664,50.39270831266975
42.553112,394,3643.960243,synthetic_track_0,0.2898442466893504,47.55311174640742
44.957315,386,3645.210646,synthetic_track_0,0.30449827040428445,49.9573148148148
51.677662,430,3645.899103,synthetic_track_0,0.345459921321765,56.677661986252566
47.025245,407,3646.454958,synthetic_track_0,0.31710265117348474,52.02524451864105
45.860405,398,3647.009826,synthetic_track_0,0.31000275803512795,50.86040507244811
51.188245,425,3647.588147,synthetic_track_0,0.34247683969335707,56.188244598656894
47.183454,412,3648.64992,synthetic_track_0,0.3180669628807723,52.18345370477736
52.219387,430,3649.214176,synthetic_track_0,0.34876182754933166,57.21938712866646
51.877804,434,3649.798989,synthetic_track_0,0.34667982201890335,56.877804217237454
46.160405,392,3650.331951,synthetic_track_0,0.31183130874154436,51.16040507958776
47.695799,403,3650.916098,synthetic_track_0,0.32118979153877386,52.69579859978572
51.012098,428,3651.81208,synthetic_track_0,0.34140319843100053,56.01209832869448
39.91213,366,3652.346999,synthetic_track_0,0.27374701715585564,44.91213003448037
53.13962,430,3652.931779,synthetic_track_0,0.3543708004081228,58.139619688681805
52.257049,424,3653.617755,synthetic_track_0,0.348991384034943,57.25704916728573
54.1126,439,3654.231623,synthetic_track_0,0.36030127904634723,59.11259988964962
54.71414,434,3655.143063,synthetic_track_0,0.36396776598239544,59.7141397338181
64.363007,490,3655.941556,synthetic_track_0,0.42277924344859236,69.36300733034763
53.293201,434,3656.493001,synthetic_track_0,0.3553069030656805,58.29320077503906
52.801614,440,3657.109651,synthetic_track_0,0.3523105973100778,57.801613779436934
52.993233,436,3658.063149,synthetic_track_0,0.3534785495653532,57.993233122390826
53.634718,438,3658.660964,synthetic_track_0,0.3573885110925921,58.63471847030675
47.425295,406,3659.245916,synthetic_track_0,0.319541028136365,52.42529528218091
53.501824,435,3659.908711,synthetic_track_0,0.35657849715470896,58.50182404944358
55.408949,445,3660.577334,synthetic_track_0,0.3682027459848344,60.40894903088041
51.473672,423,3661.539652,synthetic_track_0,0.34421656991646277,56.473672329767304
46.989353,395,3662.170025,synthetic_track_0,0.31688388920489663,51.989353475582725
28.74706,307,3662.602987,synthetic_track_0,0.20569402690928903,33.74705952907689
53.91488,435,3663.189876,synthetic_track_0,0.35909614062902967,58.9148796227022
47.477563,398,3663.7051,synthetic_track_0,0.3198596070154515,52.47756272309197
43.489618,377,3664.667203,synthetic_track_0,0.295552410923023,48.48961807617288
41.700462,372,3665.157235,synthetic_track_0,0.28464720488785333,46.70046239296962
40.55392,374,3665.654989,synthetic_track_0,0.2776588333928903,45.55391967417777
43.167934,386,3666.130882,synthetic_track_0,0.2935916949898869,48.16793446528061
51.894786,428,3666.784568,synthetic_track_0,0.34678333065181133,56.894786295176246
42.218041,368,3667.283829,synthetic_track_0,0.28780193367063395,47.21804096163432
54.171531,444,3669.2249,synthetic_track_0,0.36066047378434735,59.17153094558722
52.404561,423,3669.775682,synthetic_track_0,0.34989049427535523,57.40456111628255
53.647908,435,3670.327967,synthetic_track_0,0.3574689060900274,58.64790842436159
49.180745,415,3670.868078,synthetic_track_0,0.3302407890996334,54.18074475049994
53.039652,435,3671.864842,synthetic_track_0,0.3537614804631246,58.03965199994977
46.728102,396,3672.458637,synthetic_track_0,0.3152915163597748,51.72810183884702
52.818601,441,3673.016138,synthetic_track_0,0.352414138215726,57.8186011521823
52.921138,431,3673.642857,synthetic_track_0,0.35303911915461283,57.92113825190302
51.509489,425,3674.198146,synthetic_track_0,0.34443487899722874,56.509489070073506
65.486815,487,3675.211775,synthetic_track_0,0.42962904371199234,70.48681544828189
45.401453,395,3675.815165,synthetic_track_0,0.3072053675313201,50.40145298095296
51.959237,436,3676.423073,synthetic_track_0,0.34717616676752944,56.95923670232471
52.998701,436,3677.056302,synthetic_track_0,0.3535118781557301,57.998701156345774
46.360405,395,3677.656107,synthetic_track_0,0.3130503425451298,51.360405084233975
53.937796,444,3678.452238,synthetic_track_0,0.3592358222778778,58.93779640346452
51.944618,429,3679.073225,synthetic_track_0,0.34708706085168417,56.944617596988465
41.923114,366,3679.547102,synthetic_track_0,0.2860043036552031,46.92311393796944
53.198915,433,3680.095106,synthetic_track_0,0.3547322153125336,58.19891499480767
51.660997,419,3680.699886,synthetic_track_0,0.3453583452904746,56.66099697936738
31.852481,317,3681.378704,synthetic_track_0,0.22462209721976156,36.85248133026398
54.24622,435,3681.917192,synthetic_track_0,0.3611157169919931,59.24622013252896
53.02306,426,3682.456103,synthetic_track_0,0.3536603496427607,58.02306003631171
46.404803,396,3682.964282,synthetic_track_0,0.31332095623668044,51.404803147198486
51.88996,429,3683.511604,synthetic_track_0,0.34675391286008606,56.8899598839115
43.447003,376,3684.35894,synthetic_track_0,0.29529266253281555,48.4470026219537
51.877506,426,3684.941462,synthetic_track_0,0.3466780070732554,56.87750644933556
51.424555,427,3685.476664,synthetic_track_0,0.3439171918820622,56.42455506321163
52.96808,431,3686.043213,synthetic_track_0,0.35332523438546876,57.96807956504153
54.258688,441,3686.601591,synthetic_track_0,0.3611917080396576,59.25868755536931
51.716741,430,3687.391599,synthetic_track_0,0.3456981150293009,56.7167410851863
53.751316,439,3687.936093,synthetic_track_0,0.3580991903902723,58.75131561668608
46.590718,397,3688.498976,synthetic_track_0,0.314454138273453,51.59071793639705
51.737373,425,3689.104151,synthetic_track_0,0.34582386810532023,56.73737268351783
51.878959,421,3689.686157,synthetic_track_0,0.34668685805640165,56.87895858024872
47.829604,398,3690.7016,synthetic_track_0,0.3220053574132822,52.82960389559556
54.714822,438,3691.270786,synthetic_track_0,0.3639719251095748,59.71482209837006
53.849834,427,3691.885105,synthetic_track_0,0.3586996748397101,58.84983371546587
46.995799,401,3692.403134,synthetic_track_0,0.3169231732715889,51.99579859096662
46.101769,400,3692.924832,synthetic_track_0,0.31147391319242806,51.10176920642858
51.637373,431,3694.437001,synthetic_track_0,0.3452143511019019,56.63737266452159
53.091787,432,3695.007044,synthetic_track_0,0.3540792538892445,58.09178729473281
46.80238,399,3695.513204,synthetic_track_0,0.31574425390047034,51.8023799351363
55.037043,439,3696.054722,synthetic_track_0,0.36593591769819156,60.037043291657035
52.912267,430,3697.438709,synthetic_track_0,0.35298504628856436,57.91226682157096
46.092708,397,3697.908676,synthetic_track_0,0.31141868564074543,51.09270833333332
51.746406,433,3698.492356,synthetic_track_0,0.34587892492088335,56.746405544900384
52.872766,432,3699.070653,synthetic_track_0,0.35274428334178126,57.87276620203635
46.437059,399,3699.631632,synthetic_track_0,0.31351756375501927,51.437059434485676
36.17927,342,3700.043128,synthetic_track_0,0.25099460301211723,41.17926969781361
51.641152,431,3701.037351,synthetic_track_0,0.3452373893353071,56.64115241761337
52.865231,442,3701.575543,synthetic_track_0,0.35269835797986093,57.86523148678036
66.842182,492,3702.206218,synthetic_track_0,0.43789023443292685,71.84218244279059
52.246874,426,3702.721126,synthetic_track_0,0.34892936445941897,57.246873965124415
52.793573,422,3703.829096,synthetic_track_0,0.352261584652532,57.793572548990284
46.425062,398,3704.341349,synthetic_track_0,0.3134444378222336,51.425062074893276
50.665342,425,3704.932207,synthetic_track_0,0.3392896587676061,55.665341789822826
67.732718,492,3705.636069,synthetic_track_0,0.44331820205507,72.73271849392808
51.027079,420,3706.218616,synthetic_track_0,0.34149450792556574,56.02707896277007
49.269473,410,3706.93059,synthetic_track_0,0.3307816032303125,54.269473076433506
53.740242,435,3707.587293,synthetic_track_0,0.3580316931515999,58.740241725208755
55.253883,444,3708.19967,synthetic_track_0,0.3672575915663706,60.25388287313469
45.113983,380,3708.730004,synthetic_track_0,0.305453186513445,50.113982518127976
49.659169,413,3709.262858,synthetic_track_0,0.3331568660051857,54.65916905091211
34.696922,329,3709.973121,synthetic_track_0,0.2419594441966719,39.69692212077889
42.941039,377,3710.492996,synthetic_track_0,0.2922087289990795,47.941039030737684
51.101979,416,3711.048692,synthetic_track_0,0.3419510372481569,56.101979155341276
49.758919,409,3711.581639,synthetic_track_0,0.3337648579028525,54.7589188544045
53.878493,433,3712.173791,synthetic_track_0,0.3588743558075709,58.87849263721275
52.134025,428,3712.972816,synthetic_track_0,0.34824152836460964,57.13402457427645
45.536645,388,3713.497178,synthetic_track_0,0.30802938538223573,50.53664494488945
53.513407,424,3714.04312,synthetic_track_0,0.3566490968639323,58.51340694577603
51.596256,420,3714.650563,synthetic_track_0,0.3449637363948816,56.596255722217734
54.22395,440,3715.215117,synthetic_track_0,0.36097997861758724,59.22395030257676
46.828102,396,3715.935148,synthetic_track_0,0.3159010332774403,51.82810184377427
46.506562,395,3716.506115,synthetic_track_0,0.3139411940272692,51.50656206531434
49.244675,404,3717.064037,synthetic_track_0,0.3306304519453656,54.24467453712906
47.456793,397,3717.704032,synthetic_track_0,0.319733010373666,52.45679272568023
51.150179,417,3718.3571,synthetic_track_0,0.3422448216134516,56.15017870013741
52.70754,433,3719.450916,synthetic_track_0,0.351737199497768,57.70753963252748
46.96199,397,3720.015108,synthetic_track_0,0.31671710197303304,51.96198963460512
65.353229,487,3720.748097,synthetic_track_0,0.4288148098215964,70.35322868359717
51.631824,434,3721.447206,synthetic_track_0,0.34518052843771974,56.63182357066243
46.098427,393,3721.928645,synthetic_track_0,0.3114535408906987,51.09842683771941
46.428102,395,3722.608782,synthetic_track_0,0.3134629656533584,51.428101831707366
52.987831,426,3723.111866,synthetic_track_0,0.3534456228073709,57.9878310148118
47.012132,404,3723.681611,synthetic_track_0,0.31702272933980646,52.01213219389667
51.629356,430,3724.224158,synthetic_track_0,0.34516548523978646,56.629355517973735
55.205849,439,3724.777601,synthetic_track_0,0.3669648171186733,60.205849019826005
40.193586,374,3725.47595,synthetic_track_0,0.27546254104529955,45.19358636887431
53.652112,432,3726.037143,synthetic_track_0,0.35749452830765294,58.65211211717887
54.954244,435,3726.567128,synthetic_track_0,0.3654312419710411,59.954243989883736
53.59994,429,3727.141081,synthetic_track_0,0.35717653165712926,58.59994019922618
51.871524,421,3727.834496,synthetic_track_0,0.3466415423580578,56.87152388905914
54.474001,441,3729.043075,synthetic_track_0,0.3625040828625827,59.474001494909444
48.74041,411,3729.666105,synthetic_track_0,0.3275568762374557,53.74041029601086
53.596027,441,3730.284178,synthetic_track_0,0.35715267922704375,58.59602686547457
51.56959,442,3730.968816,synthetic_track_0,0.3448012020171464,56.56958962304428
52.607341,434,3732.421023,synthetic_track_0,0.35112647331713165,57.607341230641026
36.36953,335,3733.039656,synthetic_track_0,0.2521542734849997,41.36953029541344
31.856731,312,3733.581137,synthetic_track_0,0.22464800052373496,36.85673113933391
52.027356,419,3734.251616,synthetic_track_0,0.3475913650707896,57.02735594753095
44.965523,384,3734.936725,synthetic_track_0,0.3045483006065488,49.96552298808768
52.630291,427,3735.601187,synthetic_track_0,0.35126635763307296,57.630291261850914
31.23061,312,3736.833133,synthetic_track_0,0.22083168456380206,36.230609691780074
45.955216,414,3737.527298,synthetic_track_0,0.3105806475360613,50.95521614539107
53.703729,437,3738.203926,synthetic_track_0,0.35780914351916804,58.703729261494075
43.833707,378,3738.840564,synthetic_track_0,0.2976496938987448,48.83370747193456
52.342965,438,3739.561931,synthetic_track_0,0.3495150566243351,57.34296517716459
1.692751,115,3739.787301,synthetic_track_0,0.04079344610997048,6.692750756814489
53.197729,458,3741.985947,synthetic_track_0,0.3547249840029988,58.19772859461408
2.487708,123,3742.16618,synthetic_track_0,0.045638845755367634,7.487708163854301
51.275205,432,3742.890643,synthetic_track_0,0.3430068761627949,56.27520469446263
31.329046,309,3743.369693,synthetic_track_0,0.22143167129717392,36.32904613309048
49.851733,406,3744.124926,synthetic_track_0,0.33433057635930735,54.85173309268619
51.641855,431,3746.151042,synthetic_track_0,0.34524167024011376,56.641854761534184
43.235512,380,3746.738921,synthetic_track_0,0.29400358973212715,48.23551171385198
50.932085,420,3747.327345,synthetic_track_0,0.3409155048727258,55.93208519564272
43.818598,380,3747.872124,synthetic_track_0,0.29755759955447436,48.818598071991914
49.737799,410,3748.56316,synthetic_track_0,0.3336361295040902,54.73779911164197
51.229813,424,3749.510473,synthetic_track_0,0.34273020786194325,56.22981328587901
41.417645,373,3750.106252,synthetic_track_0,0.2829233822352894,46.41764452728944
54.504209,435,3750.796392,synthetic_track_0,0.3626882004264011,59.504208625762445
53.480969,434,3751.451929,synthetic_track_0,0.3564513833119987,58.48096919779149
52.105069,430,3752.156819,synthetic_track_0,0.3480650418356634,57.10506942429995
44.921368,389,3753.012947,synthetic_track_0,0.30427916631351143,49.92136764169809
46.929399,397,3753.668739,synthetic_track_0,0.31651845661426176,51.92939901032517
53.272766,432,3754.322108,synthetic_track_0,0.3551823507702264,58.272766182006244
53.730591,444,3754.987292,synthetic_track_0,0.35797287086245716,58.73059108380141
45.86313,392,3755.611593,synthetic_track_0,0.3100193638964122,50.86312950250431
47.480191,402,3756.474637,synthetic_track_0,0.3198756245294933,52.480190626332515
51.88123,418,3757.157623,synthetic_track_0,0.34670070211086107,56.881229896227055
37.408611,345,3757.724018,synthetic_track_0,0.2584876477069025,42.40861130373427
52.368206,448,3758.43493,synthetic_track_0,0.34966890238428566,57.368205783794544
56.136097,439,3759.115176,synthetic_track_0,0.3726348369411265,61.136097211056935
51.001979,425,3760.685239,synthetic_track_0,0.3413415202973044,56.00197914496921
40.998709,376,3761.219642,synthetic_track_0,0.28036989683469277,45.9987085712222
51.789591,430,3761.864043,synthetic_track_0,0.34614215033414836,56.78959145469317
49.250589,414,3762.503156,synthetic_track_0,0.33066649959761596,54.25058867223864
44.160203,392,3763.068921,synthetic_track_0,0.29963973951454126,49.160203038533965
52.175277,433,3763.926893,synthetic_track_0,0.3484929678396089,57.175276831613516
47.095799,396,3764.618691,synthetic_track_0,0.3175326901560579,52.09579859044752
54.016165,432,3765.239754,synthetic_track_0,0.3597134891755459,59.01616451882931
47.347501,398,3765.807072,synthetic_track_0,0.3190668602999294,52.34750123806887
51.094577,420,3766.40407,synthetic_track_0,0.3419059173922237,56.09457659491208
52.237373,431,3767.273181,synthetic_track_0,0.3488714524846179,57.237372673859795
53.955287,440,3767.868125,synthetic_track_0,0.3593424296794344,58.95528687890821
53.786496,433,3768.489657,synthetic_track_0,0.3583136219104889,58.78649618749016
53.064712,427,3769.108637,synthetic_track_0,0.35391422590949445,58.064712084332825
53.657874,426,3769.69227,synthetic_track_0,0.3575296501261125,58.65787435595718
52.112309,422,3770.56313,synthetic_track_0,0.348109168083503,57.11230896905005
46.117544,390,3771.154409,synthetic_track_0,0.3115700641901465,51.117544158635695
51.329483,424,3771.76094,synthetic_track_0,0.3433377118394716,56.329483039064606
33.752985,324,3772.23462,synthetic_track_0,0.2362059895511185,38.75298524843131
50.182686,440,3772.855131,synthetic_track_0,0.33634779215212157,55.18268631707475
52.949438,427,3773.697114,synthetic_track_0,0.3532116113221036,57.949438069511125
47.089687,398,3774.25194,synthetic_track_0,0.3174954384904136,52.089686919647235
54.40816,437,3774.873259,synthetic_track_0,0.3621027660066874,59.408159700524756
51.551064,431,3775.554133,synthetic_track_0,0.34468828811342966,56.55106447533996
51.081271,437,3776.275722,synthetic_track_0,0.34182481736585085,56.08127097073359
54.186782,439,3777.333221,synthetic_track_0,0.36075343441798885,59.186782472743836
44.314071,378,3777.899631,synthetic_track_0,0.30057759317136107,49.31407140147003
46.786048,405,3778.546131,synthetic_track_0,0.3156447093818309,51.786048227080435
52.997741,436,3779.171568,synthetic_track_0,0.3535060251192296,57.997740881639814
53.480493,439,3779.811596,synthetic_track_0,0.3564484821223828,58.48049321596477
52.000838,428,3780.781187,synthetic_track_0,0.34742973102297703,57.00083756041287
47.597429,404,3781.358055,synthetic_track_0,0.32059021218801337,52.59742899544401
51.53356,427,3781.972973,synthetic_track_0,0.3445815974589538,56.53356034105909
46.828102,401,3782.591269,synthetic_track_0,0.31590103327744035,51.82810184377428
54.009899,438,3783.22732,synthetic_track_0,0.3596752967723598,59.00989850652333
53.772981,443,3784.042971,synthetic_track_0,0.3582312467831216,58.772981364679076
52.023719,433,3784.693718,synthetic_track_0,0.34756919752792165,57.02371904372767
54.35968,436,3785.343173,synthetic_track_0,0.361807272406454,59.35967973118692
46.380365,390,3785.91391,synthetic_track_0,0.31317200008801904,51.380364751530756
45.578947,386,3786.487205,synthetic_track_0,0.30828722575764267,50.57894736187551
53.000365,457,3787.666188,synthetic_track_0,0.3535220170020575,58.00036457971158
52.415348,429,3788.273225,synthetic_track_0,0.3499562400223058,57.41534765038596
48.188497,417,3788.946198,synthetic_track_0,0.3241928743302352,53.188497465460046
52.92915,428,3789.660601,synthetic_track_0,0.3530879540123283,57.92915031173373
50.440106,424,3790.594231,synthetic_track_0,0.3379168074959867,55.44010582024195
52.387532,419,3791.234186,synthetic_track_0,0.3497867001151293,57.38753219348617
48.782798,402,3791.90586,synthetic_track_0,0.32781523947151586,53.78279849546887
46.728102,399,3792.484226,synthetic_track_0,0.3152915163597748,51.72810183884702
52.572766,428,3793.110185,synthetic_track_0,0.35091573281471106,57.57276622432102
45.292708,392,3794.081627,synthetic_track_0,0.3065425504168974,50.29270831318885
67.710639,502,3794.797144,synthetic_track_0,0.4431836253378331,72.71063925051949
49.900249,423,3795.452214,synthetic_track_0,0.33462629028272695,54.90024920920725
61.484063,469,3796.226502,synthetic_track_0,0.4052315945166263,66.48406348350684
53.134225,426,3796.957518,synthetic_track_0,0.3543379203370109,58.13422524075443
52.921661,432,3797.957095,synthetic_track_0,0.3530423047519739,57.921660894905315
47.350515,398,3798.591129,synthetic_track_0,0.3190852274971357,52.3505146405814
46.660405,402,3799.26328,synthetic_track_0,0.31487889325897594,51.660405092592576
53.708805,447,3799.935163,synthetic_track_0,0.3578400789751033,58.70880466737092
52.973248,441,3800.551709,synthetic_track_0,0.35335673980689564,57.97324848194377
47.134191,405,3801.498099,synthetic_track_0,0.317766698064536,52.134190948924555
53.545678,443,3802.11512,synthetic_track_0,0.3568457945586281,58.54567802778979
47.872165,410,3802.705754,synthetic_track_0,0.3222647725640677,52.87216467710122
55.259703,448,3803.41605,synthetic_track_0,0.3672930637304809,60.25970259114907
52.889569,431,3804.227727,synthetic_track_0,0.35284669781929706,57.88956876806755
51.362918,422,3804.80708,synthetic_track_0,0.3435415040161197,56.36291807274178
51.669676,418,3805.435275,synthetic_track_0,0.3454112448663874,56.66967591460054
47.195792,403,3805.998878,synthetic_track_0,0.3181421651211455,52.19579171245181
53.204228,429,3806.617205,synthetic_track_0,0.3547645969615536,58.20422766943195
43.253134,388,3807.494075,synthetic_track_0,0.2941110023901889,48.25313430319135
54.450908,433,3808.163891,synthetic_track_0,0.36236332562542933,59.450908248436825
52.997612,431,3808.755092,synthetic_track_0,0.35350523735161105,57.997611637047164
41.91378,372,3809.287186,synthetic_track_0,0.28594741384487904,46.91378034746879
47.763495,406,3809.891183,synthetic_track_0,0.32160241477770674,52.763495368703026
35.947265,340,3810.418823,synthetic_track_0,0.2495804977516689,40.947265418828025
52.361753,428,3811.267071,synthetic_track_0,0.34962956863096323,57.36175251660531
43.971639,390,3811.886129,synthetic_track_0,0.29849040949009426,48.9716389400214
46.060405,405,3812.63124,synthetic_track_0,0.31122179192301525,51.06040509092525
54.41878,443,3813.308488,synthetic_track_0,0.3621674985809424,59.4187800090951
46.341804,394,3813.934125,synthetic_track_0,0.31293696372727403,51.34180366068752
54.496903,434,3815.051655,synthetic_track_0,0.3626436721442724,59.49690312151274
52.900161,447,3815.725903,synthetic_track_0,0.3529112578826548,57.9001607737474
54.008812,433,3816.428935,synthetic_track_0,0.35966867136462916,59.00881151322337
68.445233,532,3817.327203,synthetic_track_0,0.44766109676127397,73.44523274813834
53.223316,441,3818.617298,synthetic_track_0,0.3548809451988093,58.223316268881184
51.288306,430,3819.263053,synthetic_track_0,0.3430867312952155,56.28830607590765
54.204089,441,3819.883966,synthetic_track_0,0.36085892300755423,59.2040893910107
51.248322,417,3820.517214,synthetic_track_0,0.3428430199515002,56.248321729508035
52.658147,429,3821.177814,synthetic_track_0,0.3514361433982329,57.65814705528419
46.544046,396,3821.99617,synthetic_track_0,0.3141696635700408,51.54404577534882
52.305069,431,3822.665157,synthetic_track_0,0.34928407572355075,57.30506944277709
43.810784,391,3823.351161,synthetic_track_0,0.29750996904530197,48.81078360283793
49.104555,406,3824.009658,synthetic_track_0,0.329776400317264,54.1045551006655
47.463495,402,3824.633029,synthetic_track_0,0.31977386425063653,52.463495390987696
52.817723,441,3825.664954,synthetic_track_0,0.3524087884915974,57.81772345310011
51.177025,442,3826.378788,synthetic_track_0,0.3424084572732931,56.17702548045829
38.369509,362,3826.919641,synthetic_track_0,0.26434448029066493,43.369508811678095
67.755028,502,3827.671968,synthetic_track_0,0.4434541800513201,72.75502763728555
49.317565,407,3828.319598,synthetic_track_0,0.3310747307702455,54.317564859594974
46.21743,399,3829.494952,synthetic_track_0,0.31217888603190264,51.21743012637655
54.531171,435,3830.14315,synthetic_track_0,0.3628525431911754,59.5311714168038
46.554149,396,3830.708848,synthetic_track_0,0.31423124270848457,51.55414871748106
51.971391,424,3831.302157,synthetic_track_0,0.3472502522730453,56.97139149360597
51.937373,418,3831.919944,synthetic_track_0,0.3470429018415149,56.93737267710761
41.676459,375,3833.071572,synthetic_track_0,0.28450089802771156,46.67645865113567
30.067611,308,3833.57711,synthetic_track_0,0.21374300914697972,35.06761067392671
59.937721,472,3834.256134,synthetic_track_0,0.3958063737942461,64.93772064812094
35.677112,336,3834.811035,synthetic_track_0,0.2479338652418042,40.67711170475142
53.272766,431,3835.424091,synthetic_track_0,0.3551823507702264,58.272766182006244
46.328102,395,3836.321599,synthetic_track_0,0.3128534490141755,51.328101872469176
47.563495,404,3836.920957,synthetic_track_0,0.32038338088981944,52.563495350225885
46.258756,394,3837.515278,synthetic_track_0,0.31243077232836614,51.25875569119259
52.007678,417,3838.178214,synthetic_track_0,0.3474714220613297,57.007677574069355
42.800973,402,3838.774675,synthetic_track_0,0.2913550004781959,47.80097260465408
66.323324,492,3839.953097,synthetic_track_0,0.4347277060879837,71.32332424392682
40.318671,358,3840.518645,synthetic_track_0,0.2762249530196205,45.31867100390087
46.506558,393,3841.115285,synthetic_track_0,0.3139411682014554,51.50655782821864
53.191146,431,3841.80628,synthetic_track_0,0.35468486389388587,58.19114631446287
52.580826,427,3842.457197,synthetic_track_0,0.35096486030265267,57.58082629434343
52.289461,421,3843.605906,synthetic_track_0,0.34918893882497504,57.2894608681
49.14238,413,3844.229686,synthetic_track_0,0.33000694969965966,54.14238003826337
52.65638,427,3844.885471,synthetic_track_0,0.35142537277996133,57.6563799806567
54.158796,442,3845.812097,synthetic_track_0,0.3605828522888241,59.15879602435727
52.507942,431,3846.435371,synthetic_track_0,0.35052061554655073,57.507941561349874
54.10816,436,3847.280632,synthetic_track_0,0.36027421539677135,59.10815970921738
50.587761,408,3847.855354,synthetic_track_0,0.3388167877659393,55.58776051008124
52.560693,427,3848.510633,synthetic_track_0,0.3508421454451054,57.560693159390624
52.349971,431,3849.125252,synthetic_track_0,0.3495577606267417,57.34997138212348
37.113261,342,3849.727166,synthetic_track_0,0.25668743951944223,42.113261293917276
46.140623,400,3850.518799,synthetic_track_0,0.3117107342883405,51.14062310871046
52.773756,435,3851.221662,synthetic_track_0,0.3521407984551326,57.77375583843638
51.152236,415,3851.911239,synthetic_track_0,0.342257361016423,56.15223596930022
54.292996,432,3852.579005,synthetic_track_0,0.3614008266428684,59.29299646582836
52.495055,423,3853.798754,synthetic_track_0,0.35044206832544966,57.495054761542555
44.925012,386,3854.333069,synthetic_track_0,0.30430137668655416,49.925011572406724
51.900112,417,3854.964111,synthetic_track_0,0.3468157907047042,56.900111833082
57.313191,457,3855.641247,synthetic_track_0,0.3798094198361942,62.313190584618646
52.727135,429,3856.243348,synthetic_track_0,0.35185663799437106,57.72713523340852
45.053098,380,3857.076109,synthetic_track_0,0.3050820849936362,50.05309798361574
51.186029,424,3857.672922,synthetic_track_0,0.3424633382652374,56.186029495450796
54.279296,448,3858.275634,synthetic_track_0,0.36131732098800123,59.27929616374298
41.307327,369,3858.83709,synthetic_track_0,0.28225097931983306,46.30732717118344
53.11598,436,3859.607078,synthetic_track_0,0.3542267145912984,58.11598034090525
47.580116,400,3860.435123,synthetic_track_0,0.32048468510262856,52.580115761385045
48.130363,402,3861.001251,synthetic_track_0,0.32383853200372137,53.1303625173227
53.23052,428,3861.661825,synthetic_track_0,0.35492485480168934,58.23052026991396
51.253602,416,3862.264105,synthetic_track_0,0.34287520587791454,56.25360229302767
68.302774,515,3862.978966,synthetic_track_0,0.4467927859779033,73.30277389244647
52.705069,428,3864.197661,synthetic_track_0,0.35172214315199585,57.70506942274698
53.460149,438,3864.976507,synthetic_track_0,0.35632447980575993,58.46014885485865
46.982487,401,3865.573897,synthetic_track_0,0.31684203538866057,51.98248675587647
52.225529,430,3866.299943,synthetic_track_0,0.3487992612734671,57.22552866877715
52.27673,424,3866.877617,synthetic_track_0,0.349111343006211,57.2767301595112
53.419714,431,3867.731738,synthetic_track_0,0.3560780252786707,58.41971444982579
52.805069,422,3868.357232,synthetic_track_0,0.3523316601028484,57.80506943311905
54.472398,431,3868.978744,synthetic_track_0,0.3624943122245445,59.472398481402124
54.081617,445,3869.590968,synthetic_track_0,0.3601124345916912,59.081617244461654
53.176927,436,3870.211856,synthetic_track_0,0.35459819613122545,58.17692722317617
46.928102,394,3871.548936,synthetic_track_0,0.3165105501633603,51.92810184349323
46.628102,394,3872.116179,synthetic_track_0,0.3146819995412457,51.62810185018451
47.81151,402,3872.767955,synthetic_track_0,0.32189507298853415,52.81151015168368
51.893604,431,3873.391039,synthetic_track_0,0.3467761239352168,56.893603929807746
53.534161,436,3874.021698,synthetic_track_0,0.35677559799723896,58.534161273650014
52.598922,426,3874.797237,synthetic_track_0,0.35107515838916176,57.59892227966345
68.666829,510,3875.596887,synthetic_track_0,0.4490117659693081,73.6668294315837
52.995797,434,3876.255116,synthetic_track_0,0.3534941755621258,57.99579679159994
42.581091,375,3876.938679,synthetic_track_0,0.2900147833677754,47.58109073794731
43.572899,382,3877.783355,synthetic_track_0,0.2960600238002088,48.572899259596205
52.700074,437,3878.392032,synthetic_track_0,0.35169169635177117,57.70007418785809
52.353645,424,3878.994498,synthetic_track_0,0.34958015436738415,57.35364539692058
44.069955,379,3879.473192,synthetic_track_0,0.29908966013235255,49.06995461501204
47.533325,403,3880.100956,synthetic_track_0,0.32019948912866214,52.533325265542686
51.837373,421,3881.526151,synthetic_track_0,0.3464333849238494,56.83737267218035
52.251144,431,3882.222256,synthetic_track_0,0.3489553892635347,57.25114370803782
52.972766,428,3882.945158,synthetic_track_0,0.35335380016031037,57.97276619069886
55.276571,440,3883.673331,synthetic_track_0,0.36739587960599895,60.276571012287874
47.748796,416,3884.376834,synthetic_track_0,0.32151282189296937,52.74879636912562
46.693998,397,3885.703067,synthetic_track_0,0.31508364678774614,51.693997849893414
52.546139,430,3886.360494,synthetic_track_0,0.35075343657252406,57.54613919470462
23.686195,278,3886.838444,synthetic_track_0,0.1748472023591579,28.686194903993044
53.589743,438,3887.534266,synthetic_track_0,0.3571143780548009,58.58974300804257
55.324284,446,3888.275729,synthetic_track_0,0.36768669649392416,60.32428369979922
43.045027,373,3889.509031,synthetic_track_0,0.2928425513850286,48.04502669684001
40.900912,369,3890.074721,synthetic_track_0,0.2797738101904528,45.90091199555146
53.759574,438,3890.806967,synthetic_track_0,0.3581495247582643,58.75957369271535
54.384771,435,3891.53701,synthetic_track_0,0.3619602098485453,59.38477131522576
48.544059,409,3892.158181,synthetic_track_0,0.32636008204486944,53.54405901897998
51.942141,438,3893.486141,synthetic_track_0,0.3470719660292739,56.942141074562834
53.558396,434,3894.321333,synthetic_track_0,0.356923311212782,58.55839574828723
52.228689,423,3895.161611,synthetic_track_0,0.3488185267587588,57.228689448352355
46.210598,397,3895.903436,synthetic_track_0,0.31213724236041335,51.21059788393434
53.941731,434,3896.584188,synthetic_track_0,0.3592598054829162,58.94173119272549
53.679913,439,3897.887117,synthetic_track_0,0.35766397988507376,58.67991308231355
43.767188,378,3898.501225,synthetic_track_0,0.2972442481898499,48.767188279911935
50.271776,420,3899.121057,synthetic_track_0,0.3368908073775982,55.27177576422449
24.867912,277,3899.536114,synthetic_track_0,0.18204996951776242,29.86791231080283
53.658192,430,3900.180957,synthetic_track_0,0.35753158619330677,58.65819199558843
52.953131,447,3901.186341,synthetic_track_0,0.3532341196818394,57.95313088921677
51.169676,412,3901.903126,synthetic_track_0,0.34236366048708977,56.16967592425858
51.41707,421,3902.538013,synthetic_track_0,0.34387156985353085,56.41707011415492
47.781566,400,3903.112224,synthetic_track_0,0.3217125608476038,52.781566413514405
53.606186,429,3903.745041,synthetic_track_0,0.35721459922102605,58.606185729853664
53.837319,433,3904.851276,synthetic_track_0,0.358623397770992,58.83731936676352
52.047494,425,3905.486291,synthetic_track_0,0.34771411202002345,57.047494347585875
45.845601,389,3906.05706,synthetic_track_0,0.3099125239683027,50.845600877739805
52.669224,434,3906.671223,synthetic_track_0,0.3515036614492561,57.66922436132658
46.211316,393,3907.264273,synthetic_track_0,0.31214162173394033,51.21131638306305
46.751398,397,3908.464159,synthetic_track_0,0.3154335076422484,51.751397548179206
45.564363,397,3909.154091,synthetic_track_0,0.30819833199223956,50.56436306286645
53.286596,432,3909.818884,synthetic_track_0,0.35526664351936127,58.2865956182114
68.987528,508,3910.588021,synthetic_track_0,0.4509664795096838,73.98752826373035
54.561037,439,3911.267383,synthetic_track_0,0.3630345815523323,59.56103742459628
51.870586,417,3912.506375,synthetic_track_0,0.3466358266338825,56.87058614241237
47.263286,397,3913.317116,synthetic_track_0,0.31855355470441865,52.26328608243895
47.845901,396,3914.264256,synthetic_track_0,0.32210468936054437,52.8459007282638
27.146047,299,3914.914277,synthetic_track_0,0.1959355835401832,32.14604673236807
19.593564,249,3915.45119,synthetic_track_0,0.14990192730246804,24.593564238161626
47.728189,404,3916.246079,synthetic_track_0,0.321387219170853,52.72818943851142
52.148316,428,3917.473336,synthetic_track_0,0.3483286339759445,57.148315500927076
51.737373,419,3918.129477,synthetic_track_0,0.34582386810532023,56.73737268351783
50.367794,405,3918.965331,synthetic_track_0,0.3374760566975912,55.36779432119438
36.883499,339,3920.045347,synthetic_track_0,0.25528700228949236,41.88349945165098
52.655895,429,3921.111781,synthetic_track_0,0.3514224183024478,57.655895256185
46.80706,394,3922.324139,synthetic_track_0,0.3157727788526201,51.8070598632447
48.063495,402,3923.063321,synthetic_track_0,0.3234309653998213,53.06349536201175
51.574035,433,3923.914775,synthetic_track_0,0.3448282960046699,56.57403478085257
46.784417,398,3924.618765,synthetic_track_0,0.31563476574836613,51.78441683118862
53.457176,427,3925.362285,synthetic_track_0,0.35630635676104416,58.457175509068975
54.256177,435,3926.362394,synthetic_track_0,0.36117640618483077,59.2561770663021
52.578013,425,3927.138906,synthetic_track_0,0.3509477135502021,57.5780131233225
51.618679,429,3927.901656,synthetic_track_0,0.3451004119373027,56.618679308043525
52.683096,425,3928.560869,synthetic_track_0,0.35158821318272826,57.683096287632104
46.986736,397,3929.28871,synthetic_track_0,0.31686793674910174,51.986736246082025
