time/fps,time/iterations,rollout/ep_len_mean,time/total_timesteps,time/time_elapsed,rollout/ep_rew_mean,train/value_loss,train/approx_kl,train/clip_fraction,train/clip_range,train/learning_rate,train/n_updates,train/explained_variance,train/policy_gradient_loss,train/entropy_loss,train/std,train/loss
221,1,13.91,2048,9,-0.8537180999999998,,,,,,,,,,,
223,2,14.84,4096,18,-0.4231848,5.728432312607765,0.009077883,0.0484619140625,0.2,0.0003,4,-0.15058767795562744,-0.009854877236648463,-2.8342557325959206,0.996250331401825,2.143564224243164
221,3,17.2,6144,27,0.59637065,4.800331398844719,0.013764277,0.0908203125,0.2,0.0003,8,0.30068016052246094,-0.014246251026634127,-2.8255665600299835,0.9908885955810547,2.069410800933838
219,4,18.27,8192,37,1.4421629100000002,5.397553563117981,0.013509393,0.107177734375,0.2,0.0003,12,0.330111026763916,-0.013155812048353255,-2.8166772574186325,0.988448977470398,2.7699501514434814
216,5,18.82,10240,47,1.7490358000000001,5.479299604892731,0.0077524427,0.048828125,0.2,0.0003,16,0.35471010208129883,-0.006972728173423093,-2.8119015470147133,0.9857311844825745,2.1961348056793213
215,6,20.33,12288,56,1.99236469,4.7253051325678825,0.008835686,0.0589599609375,0.2,0.0003,20,0.43730485439300537,-0.0067949193908134475,-2.805870868265629,0.9819714426994324,2.2350029945373535
215,7,21.45,14336,66,3.279494589999999,8.603074803948402,0.0062526884,0.0240478515625,0.2,0.0003,24,0.3206512928009033,-0.004965390791767277,-2.7986739799380302,0.979449987411499,4.058603763580322
215,8,19.75,16384,75,1.8093307499999998,6.856866240501404,0.0040816776,0.01806640625,0.2,0.0003,28,0.40124112367630005,-0.00485355934506515,-2.791571192443371,0.9743634462356567,3.3752787113189697
215,9,21.26,18432,85,3.0889234400000003,6.071020066738129,0.003160515,0.0059814453125,0.2,0.0003,32,0.46788281202316284,-0.00459436971868854,-2.7810110598802567,0.9701153039932251,2.8132777214050293
214,10,22.04,20480,95,3.8207669400000004,7.8738114684820175,0.0052337344,0.024658203125,0.2,0.0003,36,0.41786885261535645,-0.007332714943913743,-2.772870920598507,0.966256856918335,3.423205614089966
214,11,21.76,22528,105,4.42437545,7.469041064381599,0.004197479,0.0179443359375,0.2,0.0003,40,0.4214409589767456,-0.0062264465959742665,-2.7663692981004715,0.9646196365356445,3.23142671585083
212,12,21.96,24576,115,3.2731725400000005,8.424753829836845,0.005817637,0.0302734375,0.2,0.0003,44,0.39852893352508545,-0.007572895250632428,-2.76128763705492,0.9601323008537292,4.809675693511963
211,13,22.67,26624,126,4.820945,10.667749136686325,0.00431868,0.015625,0.2,0.0003,48,0.4239017367362976,-0.0045143911193008535,-2.7519198805093765,0.9567574262619019,5.436972141265869
209,14,22.89,28672,136,5.72043162,11.578864395618439,0.005759228,0.033935546875,0.2,0.0003,52,0.40952497720718384,-0.007361529293120839,-2.7468090131878853,0.9547379016876221,5.417802333831787
208,15,22.12,30720,147,5.49506558,10.425621092319489,0.007143233,0.04345703125,0.2,0.0003,56,0.3890642523765564,-0.009299133271269966,-2.742214299738407,0.9522057771682739,5.2677321434021
206,16,24.11,32768,158,6.9459523999999995,11.829587519168854,0.0037380774,0.017578125,0.2,0.0003,60,0.34976083040237427,-0.004471070620638784,-2.736305870115757,0.9494397044181824,5.573671817779541
205,17,22.1,34816,169,5.6509758,14.858359307050705,0.004169641,0.0177001953125,0.2,0.0003,64,0.3497834801673889,-0.005887227569473907,-2.72921721637249,0.9454779624938965,8.559035301208496
204,18,24.7,36864,180,8.12871614,13.43481582403183,0.0047663897,0.018310546875,0.2,0.0003,68,0.3898963928222656,-0.007722192407527473,-2.7199306413531303,0.9404044151306152,5.194620132446289
203,19,23.9,38912,191,7.110961229999998,14.82883009314537,0.005534577,0.0220947265625,0.2,0.0003,72,0.38525259494781494,-0.00562888866988942,-2.7096519097685814,0.9358872175216675,7.259819030761719
202,20,24.37,40960,201,8.44227587,15.65666151046753,0.005528504,0.0225830078125,0.2,0.0003,76,0.35751986503601074,-0.006766081394744106,-2.7010019719600677,0.932790994644165,7.9684062004089355
202,21,25.0,43008,212,7.710486179999998,18.031125754117966,0.0026109377,0.005859375,0.2,0.0003,80,0.31815189123153687,-0.004058173632074613,-2.6958179995417595,0.9309272766113281,8.094849586486816
202,22,25.23,45056,222,7.921698010000001,18.59086585044861,0.003659977,0.01025390625,0.2,0.0003,84,0.4111902713775635,-0.006263767194468528,-2.69102094322443,0.9280012845993042,8.537884712219238
201,23,25.18,47104,233,8.970219089999999,14.629795104265213,0.007769048,0.06884765625,0.2,0.0003,88,0.38539451360702515,-0.00899220845894888,-2.6857192665338516,0.9264989495277405,7.850682258605957
201,24,24.98,49152,243,8.31984095,18.497093588113785,0.007932403,0.0531005859375,0.2,0.0003,92,0.301638662815094,-0.008198122872272506,-2.682595521211624,0.9248254299163818,9.467345237731934
201,25,25.42,51200,253,8.19878253,18.89898943901062,0.0073864767,0.0443115234375,0.2,0.0003,96,0.3830798268318176,-0.008139854558976367,-2.67926212400198,0.923737645149231,9.435843467712402
201,26,27.25,53248,264,9.95403256,16.714482754468918,0.008464243,0.065673828125,0.2,0.0003,100,0.4263674020767212,-0.009693181673355866,-2.67664435505867,0.9221247434616089,8.038348197937012
201,27,25.68,55296,275,9.35099551,20.860116362571716,0.005589396,0.028076171875,0.2,0.0003,104,0.30881160497665405,-0.005940422299318016,-2.673293389379978,0.9210166335105896,10.076778411865234
200,28,26.38,57344,285,10.10407058,22.8288072347641,0.006059974,0.0333251953125,0.2,0.0003,108,0.33360666036605835,-0.006716632269672118,-2.6700389236211777,0.9185609817504883,11.381505966186523
200,29,28.29,59392,296,12.259620330000002,23.534131824970245,0.0019633593,0.0045166015625,0.2,0.0003,112,0.318273663520813,-0.003933688756660558,-2.6640195921063423,0.915748655796051,11.599835395812988
200,30,29.85,61440,306,12.44863673,27.792128801345825,0.0028742647,0.0081787109375,0.2,0.0003,116,0.3082239031791687,-0.003066668374231085,-2.6582638174295425,0.9133337140083313,12.716727256774902
200,31,26.87,63488,316,10.850892970000002,25.546482264995575,0.007351739,0.036376953125,0.2,0.0003,120,0.25340479612350464,-0.0074757406109711155,-2.6524480804800987,0.9104230403900146,12.824919700622559
200,32,28.16,65536,327,12.263538579999999,24.460828244686127,0.004300393,0.012939453125,0.2,0.0003,124,0.30227166414260864,-0.005764977671788074,-2.6466548666357994,0.9081588983535767,12.671765327453613
200,33,27.76,67584,337,11.70062273,29.182867288589478,0.0027719778,0.00537109375,0.2,0.0003,128,0.36998558044433594,-0.004406319385452662,-2.6426647305488586,0.906485915184021,14.38616943359375
200,34,27.02,69632,347,11.447857370000001,25.029836773872375,0.004612692,0.0272216796875,0.2,0.0003,132,0.3274456858634949,-0.006585512906895019,-2.638671912252903,0.904362142086029,11.13836669921875
200,35,27.39,71680,357,11.428919159999998,23.720958471298218,0.0075277863,0.056884765625,0.2,0.0003,136,0.4146232604980469,-0.008254588276031427,-2.6339694783091545,0.9024209976196289,11.768467903137207
199,36,30.57,73728,368,13.300986210000001,26.271226942539215,0.0050442587,0.0321044921875,0.2,0.0003,140,0.37903350591659546,-0.006840591100626625,-2.629252903163433,0.8999878168106079,12.357192993164062
199,37,32.0,75776,379,13.89194692,22.920572996139526,0.004758355,0.0238037109375,0.2,0.0003,144,0.3669203519821167,-0.006209134924574755,-2.623763121664524,0.8974952697753906,10.19133472442627
199,38,33.26,77824,390,12.94431563,25.361300110816956,0.0058360193,0.0274658203125,0.2,0.0003,148,0.30834245681762695,-0.008087950147455558,-2.618094712495804,0.8951689004898071,12.007944107055664
199,39,34.26,79872,401,13.92809623,27.27512115240097,0.0058488017,0.0496826171875,0.2,0.0003,152,0.29117071628570557,-0.008912942968891002,-2.6126741617918015,0.8925848007202148,12.634520530700684
198,40,34.81,81920,413,15.94230205,24.85454088449478,0.004659936,0.0198974609375,0.2,0.0003,156,0.3759304881095886,-0.006050586380297318,-2.607320263981819,0.8904906511306763,11.046220779418945
197,41,30.39,83968,424,14.82825683,25.112838685512543,0.0050831363,0.024658203125,0.2,0.0003,160,0.3511251211166382,-0.005880076583707705,-2.603361740708351,0.8892158269882202,11.294782638549805
197,42,31.35,86016,436,15.662134230000001,29.487273812294006,0.005501495,0.026123046875,0.2,0.0003,164,0.4548819661140442,-0.007954157961648889,-2.600620359182358,0.8877779245376587,13.82767105102539
196,43,32.24,88064,448,15.48111786,28.912103176116943,0.0047194846,0.0208740234375,0.2,0.0003,168,0.37397414445877075,-0.005555803312745411,-2.5973499566316605,0.8862297534942627,13.985885620117188
196,44,34.07,90112,459,15.919344500000001,29.701903581619263,0.006542055,0.0396728515625,0.2,0.0003,172,0.3561742305755615,-0.00672674436646048,-2.5936610996723175,0.8846010565757751,15.483003616333008
195,45,32.26,92160,470,15.721129659999999,28.11790508031845,0.0047161956,0.0244140625,0.2,0.0003,176,0.399230420589447,-0.00635231508204015,-2.589051902294159,0.8818650841712952,14.990126609802246
194,46,32.0,94208,483,15.43237035,26.59297412633896,0.006572604,0.0439453125,0.2,0.0003,180,0.4123803973197937,-0.007939314251416363,-2.5817363932728767,0.8782689571380615,12.723084449768066
194,47,31.66,96256,495,15.145774220000003,27.856734097003937,0.004503973,0.02001953125,0.2,0.0003,184,0.46284282207489014,-0.005584666199865751,-2.574873700737953,0.876075029373169,15.004071235656738
194,48,30.81,98304,505,16.124507519999998,26.417118430137634,0.005314091,0.0281982421875,0.2,0.0003,188,0.4239276051521301,-0.0074104457889916375,-2.570686399936676,0.8743056058883667,13.937864303588867
193,49,32.84,100352,517,17.86795943,30.91471976041794,0.0074216262,0.0426025390625,0.2,0.0003,192,0.37460267543792725,-0.007262075203470886,-2.5665398612618446,0.8728338479995728,15.113243103027344
193,50,33.6,102400,530,19.93145957,32.02523571252823,0.0047514625,0.0224609375,0.2,0.0003,196,0.39082568883895874,-0.006246725664823316,-2.5645663514733315,0.8722665905952454,14.167003631591797
192,51,30.45,104448,542,18.837533770000004,28.50145137310028,0.004179424,0.0166015625,0.2,0.0003,200,0.4472009539604187,-0.004803323652595282,-2.563053235411644,0.8714393377304077,14.701427459716797
192,52,29.47,106496,554,18.542595390000002,34.33631855249405,0.0071122632,0.038330078125,0.2,0.0003,204,0.43654948472976685,-0.00829539519327227,-2.5598903745412827,0.8694838285446167,17.603431701660156
192,53,30.13,108544,565,17.964950090000002,32.282962679862976,0.005023178,0.031494140625,0.2,0.0003,208,0.4487888813018799,-0.00664598259027116,-2.5560466572642326,0.8683452010154724,15.780385971069336
191,54,34.07,110592,576,19.45780311,35.36295288801193,0.005934664,0.0367431640625,0.2,0.0003,212,0.431185781955719,-0.007586190084111877,-2.5530370846390724,0.8667058944702148,21.146427154541016
191,55,32.75,112640,587,17.88226624,26.75397080183029,0.0068585807,0.03759765625,0.2,0.0003,216,0.48680442571640015,-0.00731245698989369,-2.549910895526409,0.8656956553459167,13.729079246520996
191,56,34.68,114688,598,20.76875557,30.654824554920197,0.0044411905,0.0284423828125,0.2,0.0003,220,0.4725342392921448,-0.005885250553546939,-2.547830656170845,0.8647451400756836,14.063506126403809
191,57,34.18,116736,608,21.24098431,23.335581481456757,0.004987607,0.022705078125,0.2,0.0003,224,0.5197329521179199,-0.006057225240510888,-2.545449398458004,0.863673746585846,10.434229850769043
191,58,31.68,118784,620,20.07171067,33.589367628097534,0.0066255955,0.0543212890625,0.2,0.0003,228,0.521091103553772,-0.007472793702618219,-2.543388783931732,0.8631191253662109,17.404848098754883
191,59,31.76,120832,630,19.65758582,31.503935933113098,0.00461415,0.023193359375,0.2,0.0003,232,0.4781190752983093,-0.0057944442160078324,-2.5415539667010307,0.8617466688156128,17.34129524230957
191,60,30.26,122880,642,17.56358389,25.232957541942596,0.0062811733,0.04052734375,0.2,0.0003,236,0.5415679216384888,-0.007766741022351198,-2.5374914780259132,0.8598416447639465,13.7527437210083
191,61,31.14,124928,652,19.5928189,31.919727206230164,0.009535178,0.0557861328125,0.2,0.0003,240,0.5104976892471313,-0.007365425757598132,-2.533115044236183,0.8578345775604248,15.92703628540039
191,62,31.65,126976,662,20.952472340000003,28.978627562522888,0.00496314,0.0322265625,0.2,0.0003,244,0.5225280523300171,-0.006621598266065121,-2.5287057384848595,0.856285810470581,11.55921459197998
191,63,28.15,129024,673,18.76379853,26.317147433757782,0.0047967425,0.03125,0.2,0.0003,248,0.5757762789726257,-0.0070458094123750925,-2.525530844926834,0.8549827337265015,12.454239845275879
191,64,27.71,131072,683,19.51087062,34.37584549188614,0.0065491535,0.03076171875,0.2,0.0003,252,0.39645445346832275,-0.006977467273827642,-2.5224948450922966,0.8535931706428528,17.8094482421875
191,65,29.1,133120,694,19.84867213,30.528261184692383,0.0033109614,0.023681640625,0.2,0.0003,256,0.5100284814834595,-0.005834260547999293,-2.517997145652771,0.851015567779541,15.314602851867676
191,66,30.46,135168,706,20.63074695,33.6508355140686,0.005419024,0.042236328125,0.2,0.0003,260,0.4528632164001465,-0.00844562501879409,-2.512899413704872,0.8496443033218384,16.236970901489258
191,67,30.65,137216,718,20.37499846,28.371356785297394,0.004548371,0.0198974609375,0.2,0.0003,264,0.588259220123291,-0.007127352437237278,-2.508681073784828,0.8470715880393982,13.985152244567871
190,68,30.11,139264,729,20.244371170000004,31.16711461544037,0.006265404,0.0401611328125,0.2,0.0003,268,0.5290443897247314,-0.008557905559428036,-2.502748392522335,0.8449752330780029,14.852848052978516
190,69,31.4,141312,740,21.062262990000004,33.00536757707596,0.0047437595,0.0208740234375,0.2,0.0003,272,0.4842004179954529,-0.007424505784001667,-2.4982979744672775,0.8432390093803406,16.35963249206543
190,70,33.4,143360,751,23.294936739999997,29.1480233669281,0.006963204,0.0462646484375,0.2,0.0003,276,0.5121536254882812,-0.007601335033541545,-2.4954112619161606,0.8425292372703552,14.5908784866333
190,71,34.19,145408,762,22.50953233,25.821770131587982,0.005683298,0.0274658203125,0.2,0.0003,280,0.5468944311141968,-0.007070683954225387,-2.493584394454956,0.841677188873291,12.990764617919922
190,72,31.07,147456,773,20.64858738,24.784696102142334,0.00481263,0.03564453125,0.2,0.0003,284,0.5937365293502808,-0.009315881216025446,-2.4904855638742447,0.8396579623222351,14.823446273803711
190,73,30.28,149504,783,21.47285951,31.328047692775726,0.0064207627,0.042236328125,0.2,0.0003,288,0.5342694520950317,-0.00819659137778217,-2.485558606684208,0.8376860618591309,15.64427375793457
190,74,30.12,151552,794,21.412219629999992,30.83688724040985,0.006625918,0.0421142578125,0.2,0.0003,292,0.5699195861816406,-0.008358595063327812,-2.480673685669899,0.8356106281280518,17.499250411987305
190,75,32.58,153600,805,23.88265123,36.34353566169739,0.00569614,0.031494140625,0.2,0.0003,296,0.498742938041687,-0.008338459054357372,-2.474920317530632,0.8328704833984375,19.230304718017578
190,76,34.04,155648,816,25.096663200000002,25.61041110754013,0.0064276257,0.0404052734375,0.2,0.0003,300,0.6102739572525024,-0.0091868455929216,-2.468598857522011,0.8305362462997437,13.121820449829102
190,77,34.56,157696,826,24.420811479999998,25.068990767002106,0.0055858274,0.0322265625,0.2,0.0003,304,0.620318591594696,-0.007707341908826493,-2.464241214096546,0.8291630744934082,12.68149471282959
190,78,32.97,159744,838,22.480682459999997,29.616391897201538,0.007118285,0.067138671875,0.2,0.0003,308,0.5682709217071533,-0.010030709934653714,-2.4601894840598106,0.8270430564880371,15.671119689941406
190,79,31.74,161792,848,21.50608576,33.59559255838394,0.004760485,0.0379638671875,0.2,0.0003,312,0.5293123126029968,-0.007768926225253381,-2.4553012400865555,0.8253690004348755,17.665237426757812
190,80,34.0,163840,859,24.01119769,30.61983585357666,0.0057495106,0.037109375,0.2,0.0003,316,0.5439709424972534,-0.008667714602779597,-2.449415847659111,0.8216515779495239,13.389640808105469
190,81,34.72,165888,870,23.692002179999996,26.643758177757263,0.0052900095,0.0416259765625,0.2,0.0003,320,0.6023392677307129,-0.0072446799094905145,-2.4410078153014183,0.8189807534217834,11.783426284790039
190,82,33.87,167936,882,23.790540629999995,30.32192325592041,0.007421736,0.048828125,0.2,0.0003,324,0.5678050518035889,-0.00989181313343579,-2.435874231159687,0.8174855709075928,14.176477432250977
190,83,32.14,169984,893,22.838882730000005,28.809897422790527,0.0061066104,0.0369873046875,0.2,0.0003,328,0.5820834636688232,-0.006067885042284615,-2.4339549019932747,0.8175209760665894,15.391778945922852
190,84,34.09,172032,904,22.56628818,32.45296519994736,0.0039017722,0.015869140625,0.2,0.0003,332,0.5388975143432617,-0.006655710734776221,-2.4325776025652885,0.8157882690429688,18.071680068969727
190,85,34.55,174080,914,22.42331263,29.255647778511047,0.00703294,0.05078125,0.2,0.0003,336,0.5489962100982666,-0.007981721428222954,-2.427738346159458,0.8142877817153931,15.684730529785156
190,86,34.26,176128,924,23.112383719999997,28.614712119102478,0.007054346,0.06005859375,0.2,0.0003,340,0.6367401480674744,-0.009166397678200155,-2.423077881336212,0.8117843270301819,14.93226432800293
190,87,32.55,178176,933,24.171230089999995,26.146897196769714,0.0074524437,0.0509033203125,0.2,0.0003,344,0.6031211018562317,-0.009569745656335726,-2.41539466381073,0.808040201663971,15.016934394836426
191,88,34.28,180224,943,24.436974040000006,34.83950084447861,0.006529925,0.060546875,0.2,0.0003,348,0.5238450765609741,-0.008246813886216842,-2.407984510064125,0.8064411878585815,16.896381378173828
191,89,32.58,182272,952,23.60200420999999,24.003443241119385,0.007115633,0.0504150390625,0.2,0.0003,352,0.6152057647705078,-0.008336779326782562,-2.4039193242788315,0.8041377067565918,11.371187210083008
191,90,31.21,184320,962,22.167773439999998,37.81162428855896,0.0071722614,0.0751953125,0.2,0.0003,356,0.488833487033844,-0.010361669672420248,-2.399184837937355,0.802943229675293,19.51809310913086
191,91,35.72,186368,971,23.734358929999996,27.926713585853577,0.0052267467,0.036376953125,0.2,0.0003,360,0.5859137773513794,-0.008229071245295927,-2.397188149392605,0.8023267984390259,10.235848426818848
192,92,35.82,188416,980,22.559399669999994,30.469511330127716,0.0062713115,0.064208984375,0.2,0.0003,364,0.5187690258026123,-0.008913579542422667,-2.3961875960230827,0.8019672632217407,14.138588905334473
192,93,35.46,190464,990,23.383922039999998,32.87639647722244,0.006000017,0.051513671875,0.2,0.0003,368,0.49659568071365356,-0.010964976419927552,-2.3956034183502197,0.8022845983505249,15.57680892944336
192,94,34.94,192512,1000,23.9211072,31.251543045043945,0.006337977,0.037109375,0.2,0.0003,372,0.5172032117843628,-0.007034361784462817,-2.3956176191568375,0.8015835285186768,15.362966537475586
192,95,34.08,194560,1009,25.6607589,26.65725302696228,0.007915814,0.0621337890625,0.2,0.0003,376,0.6045088768005371,-0.009442990543902852,-2.3924665376544,0.7997874021530151,12.356938362121582
192,96,33.59,196608,1019,25.414458979999996,29.171699821949005,0.006216958,0.045654296875,0.2,0.0003,380,0.5903012752532959,-0.006844167641247623,-2.3872179314494133,0.7972759008407593,13.194193840026855
192,97,33.89,198656,1029,24.377889030000002,28.641801834106445,0.0057218648,0.0401611328125,0.2,0.0003,384,0.6152572631835938,-0.006649293049122207,-2.3806351497769356,0.7949590682983398,12.604782104492188
193,98,33.22,200704,1039,23.58817007,30.65306282043457,0.0075965165,0.05126953125,0.2,0.0003,388,0.605354905128479,-0.00837861180480104,-2.3757783472537994,0.793368935585022,14.593221664428711
193,99,35.04,202752,1049,26.94057089,33.68507277965546,0.0065032477,0.0400390625,0.2,0.0003,392,0.5440518856048584,-0.007906760001787916,-2.3713536113500595,0.7915351390838623,16.621034622192383
193,100,35.19,204800,1058,27.981418160000004,33.496453285217285,0.0059256824,0.0311279296875,0.2,0.0003,396,0.5682802200317383,-0.007703740739088971,-2.3677392676472664,0.7905859351158142,14.801865577697754
193,101,35.95,206848,1068,27.56638315,33.424296379089355,0.00567656,0.0489501953125,0.2,0.0003,400,0.5562459826469421,-0.008649190334836021,-2.3651947379112244,0.7895837426185608,14.105823516845703
193,102,34.91,208896,1078,25.830615750000003,30.847881972789764,0.0037834165,0.03125,0.2,0.0003,404,0.6610720157623291,-0.005533459690923337,-2.3617968931794167,0.7874240875244141,15.941384315490723
193,103,32.13,210944,1088,23.947970949999995,32.67444884777069,0.0070929592,0.054443359375,0.2,0.0003,408,0.5738735198974609,-0.007814326701918617,-2.356553867459297,0.7861016988754272,15.020986557006836
193,104,33.21,212992,1098,25.69904194,36.0490847826004,0.0043807216,0.03564453125,0.2,0.0003,412,0.5746657848358154,-0.0074214037449564785,-2.3534737303853035,0.7849214673042297,14.59956169128418
194,105,32.8,215040,1107,25.454550620000006,31.53507888317108,0.008267647,0.072021484375,0.2,0.0003,416,0.5948152542114258,-0.010198320145718753,-2.3511980548501015,0.7844094038009644,15.346484184265137
193,106,33.24,217088,1119,25.55448644,39.42182111740112,0.0041621057,0.0299072265625,0.2,0.0003,420,0.5529705286026001,-0.006507320285891183,-2.349406637251377,0.7832276225090027,18.3948917388916
193,107,34.13,219136,1130,27.607693409999996,33.98335641622543,0.005369665,0.033203125,0.2,0.0003,424,0.602995753288269,-0.007488933595595881,-2.3469014540314674,0.7828798890113831,14.226065635681152
193,108,34.05,221184,1141,26.93621542,31.868926286697388,0.0080944635,0.0709228515625,0.2,0.0003,428,0.5819533467292786,-0.010192672096309252,-2.3456817120313644,0.7820159196853638,16.60325813293457
193,109,32.23,223232,1152,26.60675186,35.51253992319107,0.009265736,0.0614013671875,0.2,0.0003,432,0.5876899361610413,-0.008460144599666819,-2.341231018304825,0.7795813679695129,17.741493225097656
193,110,32.63,225280,1163,26.933434090000006,35.809593200683594,0.0074975863,0.0654296875,0.2,0.0003,436,0.5835660696029663,-0.009345373917312827,-2.3353564515709877,0.7776498794555664,15.655900001525879
193,111,32.48,227328,1174,26.457323079999995,30.87254971265793,0.00796269,0.06494140625,0.2,0.0003,440,0.6443685293197632,-0.009303366256062873,-2.330547198653221,0.7758687734603882,13.670567512512207
193,112,31.21,229376,1184,24.45151539,32.8666455745697,0.006555467,0.054931640625,0.2,0.0003,444,0.5993325710296631,-0.007237304846057668,-2.327298618853092,0.7752324342727661,15.089075088500977
193,113,32.16,231424,1195,25.497327959999993,37.43526953458786,0.005812161,0.0325927734375,0.2,0.0003,448,0.5851045846939087,-0.0071990672549873125,-2.3253637552261353,0.7744993567466736,19.028867721557617
193,114,32.81,233472,1205,26.337044390000003,33.64416629076004,0.004279367,0.0224609375,0.2,0.0003,452,0.6165152192115784,-0.0069963683490641415,-2.3241129145026207,0.7745780944824219,17.936737060546875
193,115,31.75,235520,1215,25.669180760000003,37.021485686302185,0.007969842,0.048828125,0.2,0.0003,456,0.5882818102836609,-0.008910903095966205,-2.3225590959191322,0.7731176614761353,18.0977725982666
194,116,32.52,237568,1224,28.566773270000002,34.601352751255035,0.0044089826,0.058837890625,0.2,0.0003,460,0.5954101085662842,-0.007774029720167164,-2.318229556083679,0.7715009450912476,17.15897560119629
194,117,32.99,239616,1233,27.584340130000005,29.669301331043243,0.006876742,0.0460205078125,0.2,0.0003,464,0.6503603458404541,-0.00871570105664432,-2.312574751675129,0.7684711217880249,14.861639976501465
194,118,32.28,241664,1243,27.023881060000004,39.32780700922012,0.0081681,0.0499267578125,0.2,0.0003,468,0.5564215779304504,-0.008827913756249472,-2.3050265312194824,0.7659802436828613,18.990564346313477
194,119,31.53,243712,1254,25.917646330000004,38.803470611572266,0.0071794656,0.0584716796875,0.2,0.0003,472,0.5839082598686218,-0.009326913743279874,-2.298464797437191,0.763222873210907,21.845136642456055
194,120,31.61,245760,1266,25.131043000000005,39.513149440288544,0.006338613,0.04736328125,0.2,0.0003,476,0.5681703090667725,-0.008841141985612921,-2.29110961407423,0.7608373761177063,20.492368698120117
193,121,32.52,247808,1277,25.940190949999998,35.38821792602539,0.006853873,0.0606689453125,0.2,0.0003,480,0.580859899520874,-0.010460795947437873,-2.284509889781475,0.7578927278518677,16.502792358398438
193,122,32.54,249856,1288,26.5704933,37.0639643073082,0.006603849,0.0506591796875,0.2,0.0003,484,0.575104296207428,-0.00825646823795978,-2.277478300035,0.7562090754508972,16.727909088134766
193,123,33.1,251904,1299,28.91278495,34.12578421831131,0.0062335795,0.04248046875,0.2,0.0003,488,0.6022254228591919,-0.009028546424815431,-2.2731723189353943,0.7544988393783569,17.47635841369629
193,124,33.21,253952,1310,28.815751369999997,22.700111240148544,0.009048432,0.07177734375,0.2,0.0003,492,0.740964949131012,-0.009602995982277207,-2.2686024457216263,0.752669095993042,9.469827651977539
193,125,33.39,256000,1320,28.02618456,33.57252353429794,0.008538786,0.0550537109375,0.2,0.0003,496,0.6134835481643677,-0.007802562555298209,-2.264612391591072,0.7519855499267578,16.97104263305664
193,126,32.8,258048,1331,28.548600620000002,29.216874361038208,0.0065394966,0.0474853515625,0.2,0.0003,500,0.6779133677482605,-0.010332473713788204,-2.2631815746426582,0.7517088651657104,16.077892303466797
193,127,32.41,260096,1342,26.89655497,27.047021865844727,0.0072580436,0.068115234375,0.2,0.0003,504,0.6982518434524536,-0.009632215922465548,-2.2619748264551163,0.7508498430252075,12.048678398132324
193,128,32.65,262144,1353,27.080419960000004,39.754072189331055,0.0065286737,0.055908203125,0.2,0.0003,508,0.5735808610916138,-0.0093808770616306,-2.259285479784012,0.7496029138565063,19.933547973632812
193,129,31.86,264192,1363,25.089626750000008,27.976470232009888,0.006355698,0.066650390625,0.2,0.0003,512,0.6790876388549805,-0.010691798335756175,-2.255140319466591,0.7484369277954102,12.661864280700684
193,130,31.72,266240,1373,26.482824000000004,34.842093765735626,0.005302823,0.0728759765625,0.2,0.0003,516,0.6004444360733032,-0.01078521336603444,-2.2521130368113518,0.7472172975540161,16.409032821655273
193,131,32.88,268288,1383,29.320545990000006,28.07479351758957,0.0053026653,0.0635986328125,0.2,0.0003,520,0.6661150455474854,-0.008386516317841597,-2.247387744486332,0.744605302810669,12.216567039489746
194,132,32.52,270336,1392,29.054678139999996,27.09351283311844,0.006261435,0.048095703125,0.2,0.0003,524,0.678969144821167,-0.008154202267178334,-2.2398225739598274,0.742292046546936,14.64015007019043
194,133,33.32,272384,1402,28.984009380000007,26.539170801639557,0.006129895,0.0577392578125,0.2,0.0003,528,0.7043147087097168,-0.008366226924408693,-2.235535055398941,0.7418226003646851,11.406768798828125
194,134,33.17,274432,1412,27.81667007,22.366574227809906,0.0059766937,0.0599365234375,0.2,0.0003,532,0.7278167009353638,-0.008085671375738457,-2.2342266142368317,0.7412996292114258,12.145036697387695
194,135,32.24,276480,1422,26.713374139999996,23.851655662059784,0.0069866027,0.072265625,0.2,0.0003,536,0.7165366411209106,-0.007258409452333581,-2.231787122786045,0.7404287457466125,13.183298110961914
194,136,32.64,278528,1432,27.706990180000005,31.53954368829727,0.0055894507,0.0413818359375,0.2,0.0003,540,0.6195118427276611,-0.006831653998233378,-2.229999840259552,0.7402927875518799,14.651693344116211
194,137,32.99,280576,1442,27.590405639999993,29.04822689294815,0.007223211,0.078369140625,0.2,0.0003,544,0.6592875123023987,-0.009974120650440454,-2.227183870971203,0.7383108139038086,18.317119598388672
194,138,33.2,282624,1453,27.818422389999995,26.164979159832,0.007865081,0.065673828125,0.2,0.0003,548,0.6877403259277344,-0.01084865114535205,-2.2218041718006134,0.7365305423736572,14.738836288452148
194,139,32.86,284672,1463,26.715699299999997,37.31702172756195,0.0058520245,0.0428466796875,0.2,0.0003,552,0.601956844329834,-0.007491677533835173,-2.2167392671108246,0.7345991134643555,21.82608985900879
194,140,34.02,286720,1473,27.052857580000005,32.49256891012192,0.005695152,0.045166015625,0.2,0.0003,556,0.6160275936126709,-0.008729402972676326,-2.211066871881485,0.7326101064682007,15.522404670715332
194,141,34.12,288768,1483,26.866791709999998,31.722830414772034,0.008032583,0.0521240234375,0.2,0.0003,560,0.6514328718185425,-0.008238890099164564,-2.204734727740288,0.7300635576248169,17.303068161010742
194,142,35.22,290816,1493,28.049027150000008,31.328109681606293,0.0064043864,0.0592041015625,0.2,0.0003,564,0.6191746592521667,-0.00893877842463553,-2.2003970593214035,0.7298091053962708,15.081682205200195
194,143,34.21,292864,1504,27.3385904,33.97619926929474,0.006558055,0.06982421875,0.2,0.0003,568,0.6065325140953064,-0.00786576489917934,-2.1987305730581284,0.7287508845329285,18.316585540771484
194,144,34.12,294912,1515,27.4671938,33.660676300525665,0.0060094087,0.056884765625,0.2,0.0003,572,0.5986847281455994,-0.008122060957248323,-2.19485904276371,0.7270213961601257,14.2307710647583
194,145,34.54,296960,1526,27.84069635,29.200716257095337,0.0081085935,0.0992431640625,0.2,0.0003,576,0.6496491432189941,-0.012672428842051886,-2.1901072338223457,0.7259925603866577,16.25776481628418
194,146,34.54,299008,1536,28.07403428,30.682490408420563,0.007230079,0.06787109375,0.2,0.0003,580,0.6559503078460693,-0.0099351975513855,-2.186078816652298,0.7238205671310425,14.533376693725586
194,147,34.26,301056,1546,27.628227510000002,31.761714935302734,0.006503977,0.065185546875,0.2,0.0003,584,0.624319314956665,-0.01028357598988805,-2.180869869887829,0.7226719856262207,14.598199844360352
194,148,35.76,303104,1556,29.243068390000005,29.96297186613083,0.006626972,0.060791015625,0.2,0.0003,588,0.6696541905403137,-0.010645113317877986,-2.176935650408268,0.7211939096450806,13.575756072998047
194,149,34.34,305152,1565,28.818874719999993,23.651519060134888,0.00771191,0.069091796875,0.2,0.0003,592,0.7219282388687134,-0.009115622233366594,-2.171096660196781,0.7176613211631775,10.392207145690918
195,150,34.32,307200,1575,28.798628700000005,29.840763330459595,0.0078383265,0.0616455078125,0.2,0.0003,596,0.660231351852417,-0.010192357745836489,-2.1616884246468544,0.7155110836029053,14.79355239868164
195,151,32.9,309248,1585,25.92984684,29.930322766304016,0.0067640096,0.0535888671875,0.2,0.0003,600,0.6614336371421814,-0.009285495936637744,-2.15493381023407,0.7122231125831604,14.61808967590332
195,152,34.08,311296,1595,27.829714149999994,32.366519033908844,0.008165252,0.0504150390625,0.2,0.0003,604,0.6343084573745728,-0.007975566506502219,-2.1454464942216873,0.7095974087715149,14.769946098327637
195,153,35.8,313344,1605,31.845125109999998,29.370190143585205,0.0062619913,0.0450439453125,0.2,0.0003,608,0.6720020771026611,-0.009033478287165053,-2.1392215713858604,0.7078684568405151,13.869386672973633
195,154,34.44,315392,1615,31.00626647,23.494922041893005,0.006198625,0.0487060546875,0.2,0.0003,612,0.7495173215866089,-0.008241360250394791,-2.133016563951969,0.7051916122436523,12.837937355041504
195,155,33.59,317440,1624,29.78428808,24.630325078964233,0.008289875,0.087890625,0.2,0.0003,616,0.7420667409896851,-0.009349033382022753,-2.125981315970421,0.7029398679733276,12.582802772521973
195,156,34.48,319488,1634,30.32756275,34.502834022045135,0.0052825445,0.048583984375,0.2,0.0003,620,0.6575623750686646,-0.008401613624300808,-2.118254452943802,0.6992565393447876,16.2229061126709
195,157,34.24,321536,1645,30.25032663,20.507340848445892,0.006827887,0.05908203125,0.2,0.0003,624,0.7741419076919556,-0.009442075293918606,-2.1084474474191666,0.6969887018203735,10.083094596862793
195,158,33.75,323584,1655,29.90543017,23.63812291622162,0.006140594,0.06201171875,0.2,0.0003,628,0.7410319447517395,-0.008715024479897693,-2.104061149060726,0.6962721347808838,12.677997589111328
195,159,34.8,325632,1665,31.128416759999997,17.361476570367813,0.008538164,0.060791015625,0.2,0.0003,632,0.800959587097168,-0.008522886913851835,-2.100561201572418,0.6940286755561829,6.518803119659424
195,160,33.87,327680,1675,30.30616152,26.882463574409485,0.0069581447,0.068115234375,0.2,0.0003,636,0.7076056003570557,-0.008305630264658248,-2.0945367738604546,0.6927707195281982,11.659111976623535
195,161,32.2,329728,1685,27.59707105,31.053427398204803,0.0064613507,0.0457763671875,0.2,0.0003,640,0.6738151907920837,-0.008768837113166228,-2.0905898064374924,0.6908904314041138,17.10397720336914
195,162,32.51,331776,1694,28.352680689999996,34.13218414783478,0.00763799,0.06787109375,0.2,0.0003,644,0.6465520858764648,-0.010918034458882175,-2.0854844972491264,0.6895396113395691,18.242816925048828
195,163,34.24,333824,1704,30.99824638,24.894099712371826,0.00918431,0.083984375,0.2,0.0003,648,0.7267353534698486,-0.011583829764276743,-2.0808861032128334,0.6877402067184448,11.970344543457031
195,164,34.7,335872,1714,30.868925110000006,23.980507969856262,0.008753795,0.074951171875,0.2,0.0003,652,0.7493865489959717,-0.009952729189535603,-2.075229175388813,0.6855900287628174,9.810375213623047
195,165,33.61,337920,1724,30.22343982,28.342995941638947,0.010837175,0.1173095703125,0.2,0.0003,656,0.6981183290481567,-0.010542979143792763,-2.0692818239331245,0.6841068863868713,11.66728401184082
195,166,32.92,339968,1735,30.472634209999995,31.76801437139511,0.008876307,0.0821533203125,0.2,0.0003,660,0.6735540628433228,-0.010910381766734645,-2.065971754491329,0.6828594207763672,14.306556701660156
195,167,33.85,342016,1745,30.989703620000004,30.905060529708862,0.009164031,0.0931396484375,0.2,0.0003,664,0.6787267923355103,-0.011004649248206988,-2.0624056458473206,0.6817048788070679,14.36177921295166
196,168,34.26,344064,1755,31.277613799999997,26.401789605617523,0.011214886,0.0855712890625,0.2,0.0003,668,0.7109462022781372,-0.010198396586929448,-2.0592254251241684,0.6810874938964844,13.487848281860352
196,169,34.0,346112,1764,31.137829410000005,21.61348056793213,0.0089480495,0.0673828125,0.2,0.0003,672,0.7659440636634827,-0.00870080706954468,-2.05648510158062,0.6791563034057617,11.875082969665527
196,170,33.32,348160,1774,29.69357193999999,27.68629902601242,0.005079815,0.062744140625,0.2,0.0003,676,0.7291038036346436,-0.009332611807622015,-2.049714684486389,0.6772980093955994,10.625646591186523
196,171,33.77,350208,1784,30.960396569999993,29.51457566022873,0.0076307543,0.05712890625,0.2,0.0003,680,0.7059221267700195,-0.009546536690322682,-2.0452542155981064,0.6758958101272583,16.96944236755371
196,172,35.28,352256,1794,29.528279460000004,23.724552392959595,0.010726159,0.115966796875,0.2,0.0003,684,0.7611502408981323,-0.010390077804913744,-2.040520116686821,0.6740735769271851,11.008767127990723
196,173,36.12,354304,1804,30.331044260000002,25.848815441131592,0.0076341615,0.072265625,0.2,0.0003,688,0.7825866937637329,-0.00998369266744703,-2.0330397859215736,0.6704784631729126,11.90722370147705
196,174,34.33,356352,1814,31.29902344,20.797127723693848,0.0069777304,0.0521240234375,0.2,0.0003,692,0.7733101844787598,-0.009235763893229887,-2.023408778011799,0.6682316064834595,12.072371482849121
196,175,33.67,358400,1824,30.326716819999998,21.731286346912384,0.0079225395,0.073486328125,0.2,0.0003,696,0.7719926834106445,-0.013510295422747731,-2.014181263744831,0.6640228629112244,9.494339942932129
196,176,32.76,360448,1836,29.525563939999998,28.808833599090576,0.0066067493,0.070556640625,0.2,0.0003,700,0.7107317447662354,-0.010243796205031686,-2.0011721663177013,0.6605979204177856,16.414409637451172
196,177,34.06,362496,1848,31.133319229999998,24.823464810848236,0.0107583795,0.0787353515625,0.2,0.0003,704,0.732939600944519,-0.013123642085702159,-1.9940045066177845,0.6589933633804321,12.23818588256836
196,178,34.46,364544,1859,31.90277509,16.52524271607399,0.008238358,0.0576171875,0.2,0.0003,708,0.8107724189758301,-0.010584873292827979,-1.9872935861349106,0.6565765738487244,8.045740127563477
195,179,32.65,366592,1870,29.040847559999996,21.575991213321686,0.008076511,0.0711669921875,0.2,0.0003,712,0.7770947217941284,-0.007977057306561619,-1.981512226164341,0.6562175750732422,11.842687606811523
195,180,32.13,368640,1882,28.85262008,32.30164813995361,0.008110689,0.0643310546875,0.2,0.0003,716,0.6872930526733398,-0.011304025101708248,-1.9785695895552635,0.6542877554893494,14.775300979614258
195,181,33.93,370688,1893,31.183589250000004,34.33443748950958,0.007854499,0.0709228515625,0.2,0.0003,720,0.6381834745407104,-0.009912974695907906,-1.9715334847569466,0.6520589590072632,18.582185745239258
195,182,33.5,372736,1906,29.3170664,29.49359166622162,0.00934763,0.0672607421875,0.2,0.0003,724,0.7163498401641846,-0.009498994535533711,-1.9665882959961891,0.6519755721092224,19.144886016845703
195,183,33.94,374784,1918,31.03757624,37.32857424020767,0.0096477885,0.08349609375,0.2,0.0003,728,0.6544972658157349,-0.009913173140375875,-1.964565448462963,0.6501928567886353,17.09941291809082
195,184,32.54,376832,1928,29.93299975,27.577357292175293,0.012727865,0.1011962890625,0.2,0.0003,732,0.7118744850158691,-0.011165114759933203,-1.958659254014492,0.6490581035614014,12.22706413269043
195,185,31.84,378880,1937,29.253668180000005,31.720230281352997,0.008212889,0.0665283203125,0.2,0.0003,736,0.689651370048523,-0.010167848799028434,-1.954114057123661,0.6469184160232544,15.430400848388672
195,186,32.97,380928,1947,30.086429570000004,29.470750093460083,0.0052822875,0.05859375,0.2,0.0003,740,0.7008206844329834,-0.009307708183769137,-1.9478207007050514,0.6454182863235474,12.823626518249512
195,187,34.17,382976,1957,31.425055119999996,26.61470603942871,0.011658111,0.08154296875,0.2,0.0003,744,0.7358798980712891,-0.010078889688884374,-1.9424484260380268,0.6431573629379272,10.672221183776855
195,188,33.23,385024,1966,31.03672928,26.553597629070282,0.010333305,0.0849609375,0.2,0.0003,748,0.7389305830001831,-0.011539375333086355,-1.9351751878857613,0.6412965059280396,12.082929611206055
195,189,34.02,387072,1976,32.58502766,25.873600900173187,0.0082688555,0.0684814453125,0.2,0.0003,752,0.743544340133667,-0.010031940939370543,-1.9302093051373959,0.6404224634170532,11.68607234954834
195,190,33.59,389120,1986,31.2756918,17.18102264404297,0.010594016,0.063720703125,0.2,0.0003,756,0.8258028626441956,-0.009073082386748865,-1.9276642613112926,0.6399434208869934,8.443056106567383
195,191,33.7,391168,1995,31.799105009999998,37.72362756729126,0.009248735,0.1419677734375,0.2,0.0003,760,0.659087061882019,-0.014786063024075702,-1.9248996563255787,0.6393853425979614,16.071468353271484
196,192,32.73,393216,2005,31.731201709999997,30.464267790317535,0.009471811,0.0748291015625,0.2,0.0003,764,0.7160487174987793,-0.009566870765411295,-1.922085177153349,0.6380331516265869,13.911367416381836
196,193,32.59,395264,2015,30.71944698,33.21438980102539,0.008559258,0.0728759765625,0.2,0.0003,768,0.6843733787536621,-0.010032165795564651,-1.9165636375546455,0.6364997625350952,16.43993377685547
196,194,33.93,397312,2026,33.53874051,33.62187856435776,0.00777187,0.058349609375,0.2,0.0003,772,0.69198077917099,-0.008219966053729877,-1.9106467068195343,0.6345545053482056,16.331560134887695
196,195,34.64,399360,2035,33.83784509,22.60417503118515,0.007593336,0.0546875,0.2,0.0003,776,0.7853386998176575,-0.010734104274888523,-1.9026466794312,0.631711483001709,11.20594596862793
196,196,34.5,401408,2045,32.555913329999996,27.49470978975296,0.0075679934,0.0550537109375,0.2,0.0003,780,0.7448643445968628,-0.008851116068399278,-1.894234012812376,0.6297131776809692,11.43962574005127
196,197,34.48,403456,2055,32.443675230000004,29.373177349567413,0.0097843,0.09619140625,0.2,0.0003,784,0.7250752449035645,-0.011162434791913256,-1.8877627179026604,0.6276580095291138,15.469807624816895
196,198,34.39,405504,2065,33.2124245,23.844932913780212,0.008369466,0.0750732421875,0.2,0.0003,788,0.7631856799125671,-0.00922102500044275,-1.8832982815802097,0.6279021501541138,13.536214828491211
196,199,35.73,407552,2075,35.24164983,20.918361485004425,0.010378775,0.10205078125,0.2,0.0003,792,0.7916575074195862,-0.012034407845931128,-1.8833453692495823,0.6271238923072815,11.87459945678711
196,200,35.07,409600,2084,33.8928444,20.860582053661346,0.00733603,0.06787109375,0.2,0.0003,796,0.8045351505279541,-0.01036036919686012,-1.878691803663969,0.6260819435119629,10.123608589172363
196,201,34.35,411648,2094,32.323172529999994,31.792709589004517,0.005494999,0.0615234375,0.2,0.0003,800,0.730003297328949,-0.007075721929140855,-1.8751012086868286,0.6249368190765381,14.690693855285645
196,202,35.1,413696,2104,33.09691481,29.994250535964966,0.01055642,0.1246337890625,0.2,0.0003,804,0.7338029146194458,-0.014314708794699982,-1.869550347328186,0.623586893081665,16.69655990600586
196,203,35.29,415744,2114,32.93708733,28.764488220214844,0.006780899,0.052001953125,0.2,0.0003,808,0.7339197397232056,-0.008374927914701402,-1.8664435185492039,0.6233185529708862,14.43907356262207
196,204,33.95,417792,2124,30.883452700000003,21.371811389923096,0.0090976795,0.0650634765625,0.2,0.0003,812,0.7957828640937805,-0.011101681360742077,-1.863770317286253,0.6218419075012207,10.78098201751709
196,205,34.31,419840,2134,31.8520627,36.97246503829956,0.005506806,0.0440673828125,0.2,0.0003,816,0.676124632358551,-0.007923055556602776,-1.857896700501442,0.6202041506767273,17.584428787231445
196,206,34.29,421888,2143,32.53999852999999,24.392278134822845,0.007092173,0.0625,0.2,0.0003,820,0.7571557760238647,-0.009524171284283511,-1.8510009571909904,0.6178995370864868,11.818248748779297
196,207,33.67,423936,2154,31.749785780000003,26.39143216609955,0.0077289203,0.063232421875,0.2,0.0003,824,0.7384830713272095,-0.010468498570844531,-1.8425119072198868,0.6151907444000244,13.93710708618164
196,208,32.56,425984,2164,30.145317630000005,24.035145819187164,0.0110087935,0.1063232421875,0.2,0.0003,828,0.7696532011032104,-0.010709918293287046,-1.8346963040530682,0.613190770149231,10.720770835876465
196,209,33.6,428032,2174,31.357591060000004,32.991082072257996,0.012644674,0.1077880859375,0.2,0.0003,832,0.6841896772384644,-0.009610405773855746,-1.8290883377194405,0.611796498298645,16.960708618164062
196,210,35.04,430080,2186,33.82998783,20.792025923728943,0.007181676,0.0845947265625,0.2,0.0003,836,0.7937239408493042,-0.011600024619838223,-1.8223662078380585,0.6104696989059448,9.118142127990723
196,211,34.42,432128,2197,32.41794319,26.28929913043976,0.012312707,0.0841064453125,0.2,0.0003,840,0.7658785581588745,-0.010308762000931893,-1.8171718306839466,0.6090922951698303,9.122105598449707
196,212,35.78,434176,2208,34.251007460000004,27.5576890707016,0.009694988,0.0870361328125,0.2,0.0003,844,0.7463375329971313,-0.011491261509945616,-1.813156135380268,0.6086103320121765,13.024645805358887
196,213,35.39,436224,2220,33.174036320000006,27.624026000499725,0.015114696,0.111328125,0.2,0.0003,848,0.7455318570137024,-0.01309135380142834,-1.8088174387812614,0.6066998243331909,13.665057182312012
196,214,35.59,438272,2232,33.94566463,33.75904858112335,0.007106468,0.0867919921875,0.2,0.0003,852,0.6902316808700562,-0.009678629387053661,-1.8032091371715069,0.6065188646316528,15.018181800842285
196,215,35.76,440320,2243,35.42976084,21.596259117126465,0.008711887,0.089111328125,0.2,0.0003,856,0.7975635528564453,-0.013023544117459096,-1.800306472927332,0.6048836708068848,8.82089900970459
196,216,35.09,442368,2255,34.67807745,23.520308554172516,0.0071215304,0.069091796875,0.2,0.0003,860,0.7852749824523926,-0.00944804135360755,-1.7926119789481163,0.6030559539794922,13.377636909484863
196,217,34.21,444416,2266,33.456236530000005,23.514743089675903,0.007559052,0.0750732421875,0.2,0.0003,864,0.7893219590187073,-0.009120003014686517,-1.7887699753046036,0.603252649307251,11.631742477416992
195,218,33.64,446464,2278,31.812733700000003,24.930349111557007,0.008792546,0.0557861328125,0.2,0.0003,868,0.7725203037261963,-0.008830121296341531,-1.787682868540287,0.6020031571388245,11.527073860168457
195,219,34.68,448512,2291,33.613375360000006,33.26568216085434,0.009617304,0.1014404296875,0.2,0.0003,872,0.7015475034713745,-0.012775605195201933,-1.78162058070302,0.6008239984512329,16.60350227355957
195,220,35.9,450560,2303,35.749494840000004,21.745236724615097,0.007522136,0.0634765625,0.2,0.0003,876,0.7960182428359985,-0.010250459890812635,-1.775518849492073,0.5985930562019348,10.881303787231445
195,221,36.88,452608,2315,36.99056532,21.56955710053444,0.0062447325,0.0697021484375,0.2,0.0003,880,0.8010011315345764,-0.009887879699817859,-1.7681860849261284,0.5970381498336792,8.873861312866211
195,222,36.18,454656,2326,36.163815940000006,23.60183545947075,0.010702567,0.0718994140625,0.2,0.0003,884,0.8045601844787598,-0.008491675500408746,-1.7663349248468876,0.5977646112442017,15.971867561340332
195,223,35.34,456704,2337,34.23954887,25.75151550769806,0.008612842,0.061767578125,0.2,0.0003,888,0.7798990607261658,-0.008615885424660519,-1.76474878937006,0.5958393812179565,9.51380443572998
195,224,35.05,458752,2350,34.257959389999996,21.751006722450256,0.010621619,0.0855712890625,0.2,0.0003,892,0.8120696544647217,-0.010355129285017028,-1.7586780935525894,0.5950233936309814,11.939040184020996
195,225,34.79,460800,2362,33.639461849999996,24.128264784812927,0.009084996,0.070556640625,0.2,0.0003,896,0.7825189828872681,-0.008699200378032401,-1.755405068397522,0.594490647315979,9.447373390197754
194,226,34.55,462848,2374,33.449505499999994,27.629152297973633,0.008376029,0.1068115234375,0.2,0.0003,900,0.7510579824447632,-0.010537015463341959,-1.752733986824751,0.5942085385322571,11.865869522094727
194,227,34.85,464896,2386,34.1553363,28.043926656246185,0.007871797,0.0933837890625,0.2,0.0003,904,0.7462536096572876,-0.011707856523571536,-1.7465789020061493,0.5906131267547607,15.212813377380371
194,228,35.07,466944,2397,35.01160196,22.999970078468323,0.007848185,0.06298828125,0.2,0.0003,908,0.7905111312866211,-0.00957059193024179,-1.734542429447174,0.5876624584197998,10.593652725219727
194,229,34.05,468992,2408,33.36354835,21.963504374027252,0.0076468773,0.0810546875,0.2,0.0003,912,0.803252100944519,-0.010471381719980855,-1.7261425592005253,0.5860820412635803,12.514368057250977
194,230,34.95,471040,2420,34.65130044000001,31.29105055332184,0.008001467,0.072021484375,0.2,0.0003,916,0.7254980802536011,-0.009677299814939033,-1.7167129516601562,0.5821288824081421,17.670028686523438
194,231,35.8,473088,2431,36.090021300000004,20.84799861907959,0.009194488,0.0894775390625,0.2,0.0003,920,0.8156725168228149,-0.010132371346116997,-1.7023743689060211,0.5794641375541687,8.991515159606934
194,232,35.62,475136,2443,36.06597540999999,18.373875081539154,0.00800741,0.0626220703125,0.2,0.0003,924,0.8390032052993774,-0.010452714748680592,-1.696477111428976,0.5792425274848938,7.417026996612549
194,233,34.36,477184,2453,33.70711577,19.562437891960144,0.007011449,0.07470703125,0.2,0.0003,928,0.830441951751709,-0.01208555763878394,-1.694607850164175,0.5788517594337463,8.290329933166504
194,234,35.38,479232,2464,35.474990289999994,24.88406616449356,0.007973465,0.07275390625,0.2,0.0003,932,0.7879852056503296,-0.00886400839954149,-1.6928731128573418,0.5786657333374023,12.074251174926758
194,235,35.34,481280,2475,35.21608231,21.55854833126068,0.006964846,0.06396484375,0.2,0.0003,936,0.8182209134101868,-0.007453539874404669,-1.6889165565371513,0.5775761604309082,10.402338027954102
194,236,35.45,483328,2486,35.71047118,28.683691024780273,0.010335041,0.09375,0.2,0.0003,940,0.7587750554084778,-0.009971969033358619,-1.683632604777813,0.5760996341705322,11.174602508544922
194,237,34.26,485376,2498,33.645755630000004,18.83377906680107,0.008826273,0.0980224609375,0.2,0.0003,944,0.8349449038505554,-0.011799525615060702,-1.6777816340327263,0.5745406746864319,8.35072135925293
194,238,34.32,487424,2509,33.917140859999996,36.30368673801422,0.009166573,0.0736083984375,0.2,0.0003,948,0.7146627902984619,-0.010460289675393142,-1.6701777912676334,0.5728565454483032,15.683557510375977
194,239,34.62,489472,2521,34.659381,22.114924550056458,0.010330876,0.1142578125,0.2,0.0003,952,0.8025625944137573,-0.01176692225271836,-1.6654373332858086,0.5721253156661987,8.898640632629395
194,240,35.15,491520,2532,36.00608424000001,20.795712113380432,0.009729987,0.1092529296875,0.2,0.0003,956,0.8074175119400024,-0.01275106772664003,-1.661178633570671,0.5699751973152161,9.388025283813477
193,241,35.18,493568,2544,35.66054188,21.537349820137024,0.011043305,0.097900390625,0.2,0.0003,960,0.817658543586731,-0.013413850901997648,-1.6527767814695835,0.5680413246154785,11.360260009765625
193,242,35.87,495616,2555,35.90401847,20.51541218161583,0.007638922,0.0933837890625,0.2,0.0003,964,0.8227899074554443,-0.011252254378632642,-1.6485262103378773,0.567904531955719,10.979500770568848
193,243,35.76,497664,2566,35.06318418,23.494326174259186,0.011097215,0.100830078125,0.2,0.0003,968,0.8026298880577087,-0.012317844408244127,-1.6455985344946384,0.5663299560546875,12.665057182312012
193,244,36.3,499712,2577,36.537413210000004,25.221368551254272,0.0068844557,0.045166015625,0.2,0.0003,972,0.7880987524986267,-0.007528209149313625,-1.6383298747241497,0.5640483498573303,10.080479621887207
193,245,37.1,501760,2589,38.221740499999996,19.033834129571915,0.011475496,0.1002197265625,0.2,0.0003,976,0.8399204015731812,-0.010392424272140488,-1.6324095018208027,0.5643692016601562,7.40908145904541
193,246,36.44,503808,2600,37.47460846,18.980867356061935,0.009985171,0.0950927734375,0.2,0.0003,980,0.8479218482971191,-0.01014730707538547,-1.6312670446932316,0.5628498792648315,9.303380012512207
193,247,35.27,505856,2611,36.40758521,24.825138092041016,0.011345482,0.112548828125,0.2,0.0003,984,0.8036682605743408,-0.01161722511460539,-1.6242404282093048,0.5614618062973022,11.187976837158203
193,248,34.23,507904,2622,33.917799599999995,18.532331198453903,0.012682511,0.099609375,0.2,0.0003,988,0.8500367403030396,-0.010086239497468341,-1.6184306517243385,0.5601238012313843,8.869393348693848
193,249,34.46,509952,2633,34.06157432,35.79927200078964,0.009989724,0.124755859375,0.2,0.0003,992,0.7272356152534485,-0.0075367748067947105,-1.61379050090909,0.5595847368240356,16.180160522460938
193,250,35.91,512000,2644,36.9607277,18.60325264930725,0.010381018,0.0826416015625,0.2,0.0003,996,0.840387225151062,-0.008045686437981203,-1.6069978326559067,0.5561875104904175,8.554978370666504
193,251,35.09,514048,2656,35.46259115,25.09812891483307,0.01939743,0.1513671875,0.2,0.0003,1000,0.7870780229568481,-0.012007801095023751,-1.5942166335880756,0.5523891448974609,13.712566375732422
193,252,34.58,516096,2667,34.05675832,27.528296887874603,0.01057822,0.0938720703125,0.2,0.0003,1004,0.7708274126052856,-0.009257166777388193,-1.5827906988561153,0.550167441368103,11.569306373596191
193,253,35.82,518144,2678,35.840443119999996,28.496989846229553,0.011538308,0.083984375,0.2,0.0003,1008,0.7607372403144836,-0.009966776065994054,-1.5738061927258968,0.5476053953170776,15.65632152557373
193,254,36.3,520192,2689,36.67799635,15.923264980316162,0.0095547475,0.0899658203125,0.2,0.0003,1012,0.8599790930747986,-0.012139107246184722,-1.5661748945713043,0.5467313528060913,7.305704116821289
193,255,36.62,522240,2700,37.52932584,29.84139984846115,0.01005867,0.1446533203125,0.2,0.0003,1016,0.7587593197822571,-0.011185219478647923,-1.5642476081848145,0.546690821647644,14.461103439331055
193,256,37.17,524288,2711,39.013902820000006,17.881599098443985,0.011668144,0.1011962890625,0.2,0.0003,1020,0.8496289849281311,-0.012030544719891623,-1.5612664297223091,0.5457310080528259,9.46104621887207
193,257,36.38,526336,2724,37.99558922,20.584183484315872,0.010549395,0.10107421875,0.2,0.0003,1024,0.8335636854171753,-0.010971217881888151,-1.5560247823596,0.5454383492469788,7.636025905609131
193,258,35.27,528384,2735,35.83938983,18.332286149263382,0.008847081,0.072265625,0.2,0.0003,1028,0.8515356779098511,-0.011220942920772359,-1.551551915705204,0.5448576211929321,10.039023399353027
193,259,35.32,530432,2746,35.82644237,27.578133463859558,0.011804579,0.1290283203125,0.2,0.0003,1032,0.7810918092727661,-0.012572856634506024,-1.545355636626482,0.5429137945175171,11.179359436035156
193,260,35.68,532480,2758,36.208074620000005,21.280357003211975,0.008108739,0.0697021484375,0.2,0.0003,1036,0.8255937695503235,-0.010391483447165228,-1.5383890233933926,0.5416558980941772,9.220526695251465
193,261,35.94,534528,2769,37.39027271,23.938449501991272,0.0072352616,0.0810546875,0.2,0.0003,1040,0.8059676885604858,-0.011630451637756778,-1.5335442423820496,0.540236234664917,12.132983207702637
193,262,36.74,536576,2779,39.120180420000004,16.686032116413116,0.010851751,0.0797119140625,0.2,0.0003,1044,0.8620538711547852,-0.01202869150438346,-1.5275404788553715,0.5394002199172974,7.599968910217285
192,263,36.13,538624,2791,37.24338199,14.097540736198425,0.011043997,0.0823974609375,0.2,0.0003,1048,0.8881544470787048,-0.011172009515576065,-1.5235524326562881,0.5384976267814636,5.245284557342529
192,264,36.33,540672,2802,37.593497199999995,18.820362448692322,0.009357826,0.09033203125,0.2,0.0003,1052,0.8503183126449585,-0.012699504601187073,-1.519594632089138,0.5377528071403503,10.073636054992676
192,265,36.74,542720,2814,38.311591910000004,11.766215473413467,0.008921767,0.0687255859375,0.2,0.0003,1056,0.9043697118759155,-0.010707167093642056,-1.5166931375861168,0.5373927354812622,6.512816429138184
192,266,36.7,544768,2826,38.33195171,20.170843183994293,0.010309519,0.1063232421875,0.2,0.0003,1060,0.8407548666000366,-0.010446996180689894,-1.5121356546878815,0.5353737473487854,11.288768768310547
192,267,36.6,546816,2838,38.432941539999995,12.93681052327156,0.0065723304,0.0860595703125,0.2,0.0003,1064,0.8979794383049011,-0.008836574153974652,-1.5051419138908386,0.5342559814453125,5.3836236000061035
192,268,35.91,548864,2852,37.46331068,16.45188394188881,0.0087131215,0.0714111328125,0.2,0.0003,1068,0.8723801970481873,-0.009703550676931627,-1.4999005161225796,0.5329217910766602,9.074514389038086
192,269,36.07,550912,2864,37.81016729,26.82770001888275,0.00983909,0.1197509765625,0.2,0.0003,1072,0.7930588722229004,-0.013077001116471365,-1.4924528412520885,0.5308369398117065,12.204030990600586
192,270,36.79,552960,2875,39.13009632999999,14.85945650935173,0.009001725,0.0924072265625,0.2,0.0003,1076,0.8831750154495239,-0.009836866069235839,-1.4852162301540375,0.529388427734375,5.711431980133057
192,271,37.02,555008,2887,39.22074163,16.65374806523323,0.009924578,0.0830078125,0.2,0.0003,1080,0.8727437853813171,-0.007850019494071603,-1.4795256182551384,0.528721272945404,7.001951217651367
192,272,36.82,557056,2899,38.50809922999999,15.86624726653099,0.013099161,0.0911865234375,0.2,0.0003,1084,0.8774479627609253,-0.014071719873754773,-1.4745368249714375,0.5272436141967773,7.944947242736816
192,273,37.48,559104,2911,39.40191333,18.253073513507843,0.009958191,0.09814453125,0.2,0.0003,1088,0.8620646595954895,-0.012407781221554615,-1.4706505313515663,0.5279425382614136,8.400912284851074
191,274,37.79,561152,2923,39.38108915,16.61611494421959,0.009624795,0.079833984375,0.2,0.0003,1092,0.8760398626327515,-0.011862712024594657,-1.470757469534874,0.5269277095794678,7.934391498565674
191,275,36.58,563200,2938,37.5597583,13.737504333257675,0.0070924135,0.0450439453125,0.2,0.0003,1096,0.8919659852981567,-0.009645837373682298,-1.46393334120512,0.525341808795929,7.514664649963379
191,276,36.27,565248,2950,37.29389791,24.857173264026642,0.013681151,0.1058349609375,0.2,0.0003,1100,0.8145876526832581,-0.014140056424366776,-1.4573511183261871,0.5229971408843994,11.913363456726074
191,277,37.67,567296,2965,39.455061810000004,16.902315139770508,0.012446205,0.1065673828125,0.2,0.0003,1104,0.8689412474632263,-0.012755039177136496,-1.4493102505803108,0.521678626537323,8.188034057617188
190,278,37.33,569344,2981,39.151286479999996,12.41420704126358,0.011597761,0.1053466796875,0.2,0.0003,1108,0.9010191559791565,-0.010966479501803406,-1.4462116174399853,0.5216457843780518,5.479430675506592
190,279,37.59,571392,2995,39.6498934,20.180603832006454,0.011970818,0.1190185546875,0.2,0.0003,1112,0.8486984968185425,-0.011221861277590506,-1.4421231634914875,0.5194248557090759,9.355151176452637
190,280,37.56,573440,3007,39.39478543,10.915508136153221,0.011262145,0.10302734375,0.2,0.0003,1116,0.9197589159011841,-0.009152139202342369,-1.4332010075449944,0.5183112621307373,4.368001461029053
190,281,36.68,575488,3020,37.71345298000001,14.501894116401672,0.008510185,0.081298828125,0.2,0.0003,1120,0.8901668190956116,-0.007817545978468843,-1.4286998361349106,0.5170734524726868,7.98682165145874
190,282,36.84,577536,3032,38.551043820000004,20.507169127464294,0.012085561,0.106689453125,0.2,0.0003,1124,0.8445478677749634,-0.010449941590195522,-1.4247982800006866,0.517513632774353,10.315322875976562
190,283,36.72,579584,3045,39.07906859,10.86400818824768,0.011967988,0.096923828125,0.2,0.0003,1128,0.9138160943984985,-0.011507988834637217,-1.424606367945671,0.5173735618591309,5.181191444396973
190,284,35.76,581632,3058,37.4620512,17.191646575927734,0.01331781,0.125244140625,0.2,0.0003,1132,0.8708109855651855,-0.007783665700117126,-1.4183357656002045,0.5156971216201782,8.785313606262207
190,285,35.43,583680,3071,36.54043542,29.262232661247253,0.011655426,0.1031494140625,0.2,0.0003,1136,0.780854344367981,-0.008687552661285736,-1.4115812554955482,0.5146704912185669,16.31064796447754
189,286,36.98,585728,3084,39.351331509999994,12.370640873908997,0.0140250055,0.10693359375,0.2,0.0003,1140,0.9008013010025024,-0.010295977917849086,-1.4071602895855904,0.5141164064407349,6.252978324890137
189,287,37.26,587776,3097,40.29697808,9.09730090200901,0.012021982,0.1070556640625,0.2,0.0003,1144,0.9307693243026733,-0.01213416934479028,-1.4033147022128105,0.5131117105484009,4.444911956787109
189,288,37.18,589824,3110,39.38472672,16.781583577394485,0.011045167,0.0906982421875,0.2,0.0003,1148,0.8749110102653503,-0.008346701361006126,-1.3982305712997913,0.5125290155410767,7.15722131729126
189,289,36.75,591872,3124,37.64138782,19.298270791769028,0.009109197,0.0826416015625,0.2,0.0003,1152,0.8580377101898193,-0.010498060699319467,-1.3947550095617771,0.5113271474838257,11.318095207214355
189,290,36.52,593920,3139,37.69232403,21.609011828899384,0.0082880305,0.099365234375,0.2,0.0003,1156,0.8389349579811096,-0.012106465379474685,-1.388552624732256,0.5099914073944092,9.393671989440918
189,291,37.81,595968,3152,40.82874677,14.884554356336594,0.015741553,0.1400146484375,0.2,0.0003,1160,0.8844180703163147,-0.012437378522008657,-1.3826870433986187,0.5091845393180847,7.356770038604736
188,292,37.41,598016,3164,40.29438168,9.105271324515343,0.011663839,0.1002197265625,0.2,0.0003,1164,0.9318227171897888,-0.0130806637898786,-1.3817727714776993,0.5108273029327393,3.7939977645874023
188,293,36.72,600064,3177,39.11988878,17.961554318666458,0.009391652,0.0654296875,0.2,0.0003,1168,0.8715245723724365,-0.009673413907876238,-1.3848628029227257,0.5112835168838501,11.368294715881348
188,294,36.91,602112,3190,39.62442606,14.736187040805817,0.01192065,0.119873046875,0.2,0.0003,1172,0.891150951385498,-0.016391982659115456,-1.379982765763998,0.5090816617012024,5.57850980758667
188,295,37.11,604160,3203,39.97367604,11.413799226284027,0.012144345,0.1165771484375,0.2,0.0003,1176,0.9157063364982605,-0.011877628392539918,-1.3710139021277428,0.5079787969589233,4.902146339416504
188,296,37.85,606208,3216,40.301218659999996,17.316451996564865,0.011887868,0.1375732421875,0.2,0.0003,1180,0.8713948726654053,-0.007435602034092881,-1.3663132190704346,0.5068482160568237,10.274275779724121
188,297,38.45,608256,3229,40.816704449999996,11.09104873239994,0.014871518,0.11376953125,0.2,0.0003,1184,0.9171468019485474,-0.009494838726823218,-1.3603485375642776,0.5047892928123474,5.009682655334473
188,298,38.32,610304,3242,41.29316702999999,10.389655500650406,0.0124225635,0.1043701171875,0.2,0.0003,1188,0.9256378412246704,-0.014137459031189792,-1.3532893992960453,0.5037112236022949,4.637101650238037
188,299,38.17,612352,3255,41.03753681,10.405076786875725,0.010306876,0.1009521484375,0.2,0.0003,1192,0.9253833889961243,-0.012727863897453062,-1.349592536687851,0.5034241080284119,3.346193552017212
187,300,37.52,614400,3268,39.606313310000004,12.76915779709816,0.012148845,0.125732421875,0.2,0.0003,1196,0.9083845019340515,-0.012007936238660477,-1.3459654599428177,0.5025392770767212,5.387942314147949
187,301,36.83,616448,3281,38.39413207,19.912902861833572,0.011352232,0.104248046875,0.2,0.0003,1200,0.8577025532722473,-0.00966537548811175,-1.3428635746240616,0.502246618270874,9.623486518859863
187,302,37.58,618496,3295,39.581819689999996,24.201623260974884,0.012104421,0.0985107421875,0.2,0.0003,1204,0.8237879872322083,-0.011748244141926989,-1.3382421769201756,0.5001746416091919,12.436235427856445
187,303,36.77,620544,3308,38.16556139,22.63431489467621,0.01050153,0.09033203125,0.2,0.0003,1208,0.839370846748352,-0.010456185671500862,-1.328438002616167,0.4982626438140869,15.205162048339844
187,304,36.84,622592,3322,38.541644919999996,26.722786903381348,0.013897479,0.1063232421875,0.2,0.0003,1212,0.8061731457710266,-0.007602376164868474,-1.31897197291255,0.4962393641471863,15.730064392089844
187,305,37.34,624640,3335,39.70839994,12.63052536547184,0.011181876,0.1029052734375,0.2,0.0003,1216,0.9037593007087708,-0.012265243072761223,-1.3134766183793545,0.49628204107284546,5.465339183807373
187,306,37.54,626688,3348,40.14298194,16.668913185596466,0.010760113,0.0947265625,0.2,0.0003,1220,0.875102698802948,-0.011569751746719703,-1.311336413025856,0.49506092071533203,7.971613883972168
186,307,37.29,628736,3362,40.20876518,11.662510991096497,0.010968756,0.09423828125,0.2,0.0003,1224,0.9152591228485107,-0.0082636219158303,-1.3049752973020077,0.4933110475540161,5.121097087860107
186,308,36.9,630784,3375,39.603441659999994,14.013020515441895,0.008209666,0.070556640625,0.2,0.0003,1228,0.896246075630188,-0.009246629269910045,-1.2980790212750435,0.49174147844314575,6.851921081542969
186,309,36.78,632832,3388,39.23173972,21.14920088648796,0.009076655,0.0771484375,0.2,0.0003,1232,0.8432857394218445,-0.008822664662147872,-1.2932053096592426,0.49096590280532837,6.237675189971924
186,310,37.73,634880,3401,40.68796065,20.405965745449066,0.012660684,0.11083984375,0.2,0.0003,1236,0.8510614633560181,-0.010829932085471228,-1.2880803272128105,0.4893304109573364,8.504813194274902
186,311,38.3,636928,3415,41.92738770999999,10.74392917752266,0.015805973,0.144287109375,0.2,0.0003,1240,0.9206628203392029,-0.011256929152295925,-1.279745414853096,0.4871186912059784,2.8484911918640137
186,312,37.42,638976,3427,40.28081398,11.304441779851913,0.014016647,0.1419677734375,0.2,0.0003,1244,0.9199481010437012,-0.008364004723262042,-1.2722747512161732,0.48664605617523193,4.885391712188721
186,313,36.92,641024,3441,39.797144159999995,14.540852099657059,0.008432718,0.091796875,0.2,0.0003,1248,0.8941330313682556,-0.0134626398794353,-1.2650036811828613,0.4830665588378906,6.878212928771973
186,314,37.17,643072,3455,40.81514794,14.071034371852875,0.011245169,0.1265869140625,0.2,0.0003,1252,0.8990402221679688,-0.013066578714642674,-1.2513828463852406,0.480927437543869,6.86529016494751
186,315,37.33,645120,3468,41.149470380000004,13.295803993940353,0.008032505,0.083984375,0.2,0.0003,1256,0.9031344652175903,-0.00928434262459632,-1.2434585429728031,0.4796294867992401,7.553005695343018
185,316,37.69,647168,3482,41.45325229,16.688893884420395,0.013648037,0.110595703125,0.2,0.0003,1260,0.8815032243728638,-0.010331228273571469,-1.238399837166071,0.4793209433555603,6.500839710235596
185,317,37.44,649216,3495,41.201901219999996,6.938111573457718,0.0141564375,0.091796875,0.2,0.0003,1264,0.9473138451576233,-0.008892631594790146,-1.2348788306117058,0.4789242744445801,3.5085861682891846
185,318,37.02,651264,3508,40.37262698,16.902965486049652,0.01050503,0.0811767578125,0.2,0.0003,1268,0.8850468397140503,-0.008219654540880583,-1.2303748466074467,0.47822290658950806,6.923802375793457
185,319,37.65,653312,3522,41.16716372,16.418160647153854,0.014658373,0.11572265625,0.2,0.0003,1272,0.8850387334823608,-0.010092100623296574,-1.2252533324062824,0.478265643119812,9.100685119628906
185,320,38.02,655360,3536,42.04180429,9.773901969194412,0.012982069,0.1424560546875,0.2,0.0003,1276,0.9322633743286133,-0.00882959931914229,-1.21992876380682,0.475122332572937,3.9207162857055664
185,321,37.33,657408,3550,40.78723015,11.813734203577042,0.010001624,0.0777587890625,0.2,0.0003,1280,0.9180137515068054,-0.011579221929423511,-1.2089206092059612,0.47326481342315674,4.267558574676514
185,322,37.33,659456,3563,40.988270410000005,13.533843517303467,0.011258768,0.107666015625,0.2,0.0003,1284,0.9068716764450073,-0.007751738041406497,-1.2014297768473625,0.4722113609313965,10.208317756652832
184,323,37.18,661504,3576,41.0860052,11.89148461818695,0.007871496,0.0947265625,0.2,0.0003,1288,0.9181433320045471,-0.00941486086230725,-1.19385239854455,0.4702376127243042,4.567726135253906
184,324,37.13,663552,3589,40.94626885,10.25479131937027,0.014585693,0.1556396484375,0.2,0.0003,1292,0.9288488626480103,-0.010839366921572946,-1.1841020286083221,0.4692947268486023,5.518437385559082
184,325,37.17,665600,3602,40.93446711,7.32577757537365,0.01334098,0.143310546875,0.2,0.0003,1296,0.9485517740249634,-0.010754084403743036,-1.177406895905733,0.46708208322525024,3.8076415061950684
184,326,36.85,667648,3615,40.95449278,14.13265061378479,0.015226489,0.139404296875,0.2,0.0003,1300,0.9018309116363525,-0.007602133919135667,-1.1692041046917439,0.4661245048046112,7.848888397216797
184,327,36.92,669696,3628,41.21499377,17.502281576395035,0.011320991,0.115966796875,0.2,0.0003,1304,0.8803237676620483,-0.011100568481197115,-1.1634765528142452,0.46477940678596497,13.706031799316406
184,328,36.45,671744,3641,40.23890637,11.094079792499542,0.011894956,0.0999755859375,0.2,0.0003,1308,0.9212445616722107,-0.0088914494990604,-1.1549458801746368,0.4635083079338074,5.13283109664917
184,329,36.59,673792,3655,40.549249,19.616636991500854,0.010263097,0.07373046875,0.2,0.0003,1312,0.8622329235076904,-0.009105524208280258,-1.1488411948084831,0.4618751108646393,9.707036018371582
184,330,36.84,675840,3668,40.96347161,13.938683182001114,0.012216567,0.1064453125,0.2,0.0003,1316,0.9004988074302673,-0.011375304573448375,-1.1413880437612534,0.46036261320114136,6.92404317855835
184,331,36.91,677888,3681,40.976872060000005,11.776950359344482,0.014109973,0.1085205078125,0.2,0.0003,1320,0.9165588021278381,-0.010658925224561244,-1.13564945012331,0.4603104293346405,5.5969343185424805
183,332,37.31,679936,3695,41.123766339999996,8.65166200697422,0.01411244,0.1246337890625,0.2,0.0003,1324,0.9394790530204773,-0.012723122461466119,-1.1318246945738792,0.45936304330825806,3.798205614089966
183,333,37.89,681984,3709,41.50095711,13.794039398431778,0.012367305,0.1226806640625,0.2,0.0003,1328,0.9096221327781677,-0.006575213610631181,-1.124546479433775,0.45881539583206177,7.634532928466797
183,334,37.76,684032,3722,41.93467473,11.304717734456062,0.010607755,0.1348876953125,0.2,0.0003,1332,0.9250427484512329,-0.007256244411109947,-1.1203159987926483,0.45844054222106934,4.231108665466309
183,335,37.41,686080,3735,41.77455174999999,8.181263968348503,0.01685946,0.1171875,0.2,0.0003,1336,0.9425498843193054,-0.010661304302630015,-1.1168016083538532,0.4574447274208069,4.019210338592529
183,336,37.01,688128,3749,41.18312323,9.563722863793373,0.008552946,0.1336669921875,0.2,0.0003,1340,0.9336037635803223,-0.006614264166273642,-1.11106126755476,0.4561818540096283,4.447479724884033
183,337,37.41,690176,3762,41.59170606,8.1650700122118,0.01009754,0.0909423828125,0.2,0.0003,1344,0.9430474042892456,-0.012512564731878228,-1.1047685369849205,0.4547123312950134,4.601532459259033
183,338,37.85,692224,3776,42.41598735,15.357945382595062,0.013284591,0.0938720703125,0.2,0.0003,1348,0.8943131566047668,-0.011246643000049517,-1.0970714204013348,0.45399194955825806,8.19188117980957
183,339,37.73,694272,3789,42.34011060000001,11.254184901714325,0.009127274,0.06787109375,0.2,0.0003,1352,0.9231202006340027,-0.011486188042908907,-1.0903283208608627,0.4531317353248596,5.9278564453125
183,340,37.34,696320,3802,41.58065873,11.092012196779251,0.010655729,0.0966796875,0.2,0.0003,1356,0.9236903190612793,-0.010154483024962246,-1.0841445587575436,0.45308446884155273,4.489480495452881
183,341,37.31,698368,3815,41.64782662,17.71368882060051,0.011309747,0.1165771484375,0.2,0.0003,1360,0.8814747333526611,-0.009951537576853298,-1.078281506896019,0.4516649842262268,9.459869384765625
182,342,38.4,700416,3829,43.33760563999999,12.93225759267807,0.012880953,0.095458984375,0.2,0.0003,1364,0.9155944585800171,-0.011064196776715107,-1.0696044154465199,0.44984620809555054,4.258734703063965
182,343,37.77,702464,3842,42.437759019999994,6.443517133593559,0.015017203,0.125,0.2,0.0003,1368,0.9576622843742371,-0.009847240609815344,-1.0643301419913769,0.44923996925354004,2.589583158493042
182,344,37.72,704512,3856,42.32528569,17.281810492277145,0.012530605,0.1141357421875,0.2,0.0003,1372,0.8892767429351807,-0.009657564769440796,-1.0620227791368961,0.4489895701408386,7.852540969848633
182,345,38.03,706560,3869,42.731465,5.292984455823898,0.012416011,0.109130859375,0.2,0.0003,1376,0.964447021484375,-0.010810315681737848,-1.0577651225030422,0.447445273399353,2.4721431732177734
182,346,37.62,708608,3882,41.96880208,10.858899384737015,0.015707696,0.1263427734375,0.2,0.0003,1380,0.9293617606163025,-0.009779952750250231,-1.0508932694792747,0.4461345374584198,3.347952127456665
182,347,38.1,710656,3896,42.8614289,7.942474111914635,0.019107189,0.12939453125,0.2,0.0003,1384,0.9471494555473328,-0.01173323206603527,-1.0463864170014858,0.44628196954727173,4.745418548583984
182,348,37.9,712704,3909,42.60099769000001,7.191189169883728,0.013714863,0.0977783203125,0.2,0.0003,1388,0.9524285197257996,-0.01189719676040113,-1.0446596443653107,0.4456031322479248,2.701547384262085
182,349,38.28,714752,3922,43.428149579999996,8.172505095601082,0.014244353,0.10546875,0.2,0.0003,1392,0.945509135723114,-0.009298539196606725,-1.037510447204113,0.44435763359069824,5.980844497680664
182,350,37.98,716800,3935,42.990886329999995,6.703617557883263,0.013655797,0.138427734375,0.2,0.0003,1396,0.9553573727607727,-0.012510750922956504,-1.0330954007804394,0.44508206844329834,3.353003978729248
182,351,37.53,718848,3948,42.03721928,11.96164833009243,0.0115824025,0.1055908203125,0.2,0.0003,1400,0.9222043752670288,-0.01034568362229038,-1.029493696987629,0.4429783225059509,4.869607448577881
181,352,38.11,720896,3961,42.563628689999994,11.929719895124435,0.010878228,0.119873046875,0.2,0.0003,1404,0.9214926362037659,-0.008651326017570682,-1.0186826027929783,0.4408166706562042,5.169102191925049
181,353,38.0,722944,3973,42.30187984000001,7.969260945916176,0.013641472,0.1080322265625,0.2,0.0003,1408,0.9461724758148193,-0.010530723520787433,-1.007932422682643,0.4375147223472595,3.5087482929229736
181,354,38.26,724992,3985,42.814856590000005,16.213656097650528,0.01439562,0.1365966796875,0.2,0.0003,1412,0.8946201205253601,-0.012282938048883807,-0.9943174757063389,0.43579721450805664,11.976293563842773
181,355,38.89,727040,3997,44.13360797999999,14.776188671588898,0.014575949,0.1370849609375,0.2,0.0003,1416,0.9033026695251465,-0.00808335620968137,-0.9885762687772512,0.435048907995224,8.735294342041016
181,356,38.85,729088,4010,44.156391209999995,6.461534887552261,0.013376505,0.1104736328125,0.2,0.0003,1420,0.954144299030304,-0.011676485519274138,-0.9880418051034212,0.4355902075767517,3.799085855484009
181,357,38.55,731136,4023,43.58836539,6.872371807694435,0.014055284,0.1400146484375,0.2,0.0003,1424,0.9553648233413696,-0.012430886650690809,-0.9864111952483654,0.43467751145362854,3.5828280448913574
181,358,38.29,733184,4035,42.77691733,8.177045986056328,0.013669684,0.126953125,0.2,0.0003,1428,0.9481874704360962,-0.012014820898912149,-0.9832568671554327,0.43424245715141296,3.596701145172119
181,359,38.14,735232,4048,42.721236989999994,10.6663126796484,0.017934207,0.115234375,0.2,0.0003,1432,0.929847776889801,-0.007767126109683886,-0.9810891207307577,0.43421101570129395,3.746070146560669
181,360,38.71,737280,4061,44.12891235,8.62566314637661,0.0101621505,0.0955810546875,0.2,0.0003,1436,0.9433311820030212,-0.008168702930561267,-0.9773538075387478,0.4329732656478882,3.841371536254883
181,361,39.06,739328,4073,44.48823515,5.779664471745491,0.017626934,0.137939453125,0.2,0.0003,1440,0.9622384309768677,-0.014254408713895828,-0.9693802837282419,0.43120473623275757,1.843961238861084
181,362,38.68,741376,4086,43.27904606999999,11.145033597946167,0.011152621,0.12841796875,0.2,0.0003,1444,0.9295567274093628,-0.008274502659332938,-0.9591049086302519,0.42927539348602295,3.356839179992676
181,363,38.1,743424,4098,42.46406518,8.070788472890854,0.011007957,0.115966796875,0.2,0.0003,1448,0.9484024047851562,-0.009012441645609215,-0.9504070114344358,0.4280824065208435,3.708524227142334
181,364,38.14,745472,4111,42.57560805999999,16.399495273828506,0.01152706,0.1209716796875,0.2,0.0003,1452,0.8942022919654846,-0.009327377556473948,-0.9437264185398817,0.42663276195526123,9.472954750061035
181,365,38.94,747520,4124,43.74434394,9.953565418720245,0.010656588,0.093017578125,0.2,0.0003,1456,0.9345420598983765,-0.009888066299026832,-0.9345183335244656,0.424032986164093,4.1903228759765625
181,366,38.97,749568,4137,43.84902825999998,6.778415188193321,0.014803939,0.1412353515625,0.2,0.0003,1460,0.9557763934135437,-0.006431752823118586,-0.9264921862632036,0.42454537749290466,3.886183977127075
181,367,38.89,751616,4150,43.626581429999995,8.445317596197128,0.012842467,0.1046142578125,0.2,0.0003,1464,0.9452204704284668,-0.01032487720658537,-0.9241213593631983,0.42372697591781616,4.151554584503174
181,368,38.44,753664,4163,42.92337767000001,6.849219113588333,0.011074484,0.1124267578125,0.2,0.0003,1468,0.955359697341919,-0.011134553802548908,-0.9183889869600534,0.42385709285736084,3.4719080924987793
180,369,38.51,755712,4176,43.323187450000006,18.059795290231705,0.01662257,0.123779296875,0.2,0.0003,1472,0.8854727745056152,-0.010517889022594318,-0.9170153643935919,0.4238590598106384,11.4418363571167
180,370,38.96,757760,4189,43.98303887,4.943904139101505,0.017402539,0.172607421875,0.2,0.0003,1476,0.9668319225311279,-0.016117605817271397,-0.9144422262907028,0.4236685037612915,2.142181396484375
180,371,38.87,759808,4201,43.754011850000005,8.053115040063858,0.01759258,0.1693115234375,0.2,0.0003,1480,0.9488207101821899,-0.012507086430559866,-0.911271845921874,0.4228079617023468,4.622526168823242
180,372,38.94,761856,4214,43.76812172999999,10.629623353481293,0.014556561,0.1666259765625,0.2,0.0003,1484,0.9323209524154663,-0.009908564272336662,-0.9056253209710121,0.422244131565094,4.456457614898682
180,373,38.63,763904,4226,43.40289231,10.008510768413544,0.016050477,0.11328125,0.2,0.0003,1488,0.9358842372894287,-0.00982411819131812,-0.9007709175348282,0.4214763045310974,5.387436866760254
180,374,38.55,765952,4238,43.31519256000001,10.687043219804764,0.013794488,0.1253662109375,0.2,0.0003,1492,0.9318802952766418,-0.011685796154779382,-0.8936230633407831,0.41979753971099854,5.861086368560791
180,375,39.09,768000,4251,44.03111701000001,13.897932901978493,0.022706863,0.158935546875,0.2,0.0003,1496,0.9099825024604797,-0.008623640300356783,-0.8856107201427221,0.419185608625412,6.831945896148682
180,376,39.05,770048,4264,43.85054771000001,10.524140506982803,0.0205171,0.1175537109375,0.2,0.0003,1500,0.9326391220092773,-0.009942002798197791,-0.8843814358115196,0.4197346568107605,6.194112300872803
180,377,38.65,772096,4277,43.58089551999999,5.307502523064613,0.018193834,0.1331787109375,0.2,0.0003,1504,0.963765561580658,-0.012914105856907554,-0.8838160410523415,0.4199930429458618,2.3790361881256104
180,378,38.92,774144,4290,44.169010400000005,14.431340336799622,0.012463028,0.1124267578125,0.2,0.0003,1508,0.9098222255706787,-0.011716573062585667,-0.8792625591158867,0.418751060962677,8.063684463500977
180,379,38.83,776192,4302,43.74015115,6.045085281133652,0.014262205,0.144287109375,0.2,0.0003,1512,0.9608135223388672,-0.012815352150937542,-0.8695910815149546,0.41641145944595337,2.310234546661377
180,380,38.59,778240,4316,43.55671417000001,16.135547548532486,0.025728796,0.15771484375,0.2,0.0003,1516,0.8988638520240784,-0.007951693507493474,-0.8575670495629311,0.41504448652267456,9.795320510864258
180,381,39.4,780288,4329,44.92810245999999,6.745146334171295,0.0107267415,0.121337890625,0.2,0.0003,1520,0.9570731520652771,-0.008507537713740021,-0.8512347918003798,0.4140777587890625,3.18619441986084
180,382,39.51,782336,4341,44.97841896999999,4.495159864425659,0.020665437,0.1318359375,0.2,0.0003,1524,0.9709042310714722,-0.011721161106834188,-0.8450988046824932,0.4131662845611572,2.018460750579834
180,383,39.38,784384,4354,44.8713753,6.885330379009247,0.014129765,0.1119384765625,0.2,0.0003,1528,0.9577152132987976,-0.011188787044375204,-0.841215206310153,0.4134843945503235,3.1287617683410645
180,384,39.31,786432,4366,44.77852806,8.20575761795044,0.017046912,0.143310546875,0.2,0.0003,1532,0.9490960836410522,-0.008568607416236773,-0.8397440891712904,0.4136059582233429,4.24558162689209
180,385,39.2,788480,4379,44.781899870000004,5.248945444822311,0.018741813,0.1287841796875,0.2,0.0003,1536,0.9677460789680481,-0.010766299717943184,-0.8362103030085564,0.41218170523643494,2.0347259044647217
179,386,39.53,790528,4393,45.292560869999996,10.874945610761642,0.015962172,0.1435546875,0.2,0.0003,1540,0.934472382068634,-0.010008973156800494,-0.8300947677344084,0.4111698865890503,3.583803653717041
179,387,39.51,792576,4405,44.90297865,9.256114572286606,0.016475685,0.1240234375,0.2,0.0003,1544,0.9432345628738403,-0.01257636133232154,-0.8210129011422396,0.4084267318248749,4.7983222007751465
179,388,39.78,794624,4418,45.06753614999999,10.339767500758171,0.016478667,0.1422119140625,0.2,0.0003,1548,0.9363657832145691,-0.00986207883397583,-0.8084561191499233,0.4070143699645996,5.171504974365234
179,389,39.92,796672,4431,45.202825909999994,4.88787155598402,0.019143838,0.13916015625,0.2,0.0003,1552,0.970064103603363,-0.00974940120067913,-0.8006644789129496,0.4051547944545746,2.443190336227417
179,390,39.23,798720,4444,44.321917029999994,9.018541641533375,0.03195948,0.145751953125,0.2,0.0003,1556,0.9471777081489563,-0.008253918844275177,-0.7940732855349779,0.40475940704345703,6.263411521911621
179,391,39.04,800768,4457,44.710174550000005,15.03953829407692,0.016647223,0.1322021484375,0.2,0.0003,1560,0.9110267162322998,-0.00618919960106723,-0.7894898671656847,0.4036773145198822,8.79179859161377
179,392,39.15,802816,4469,45.10716148,3.963278755545616,0.017997697,0.109130859375,0.2,0.0003,1564,0.9744789600372314,-0.01119144975382369,-0.7832480557262897,0.4041387140750885,1.3216665983200073
179,393,39.28,804864,4481,44.99461529999999,5.993332535028458,0.022821717,0.1605224609375,0.2,0.0003,1568,0.9629182815551758,-0.011475271836388856,-0.7820031605660915,0.4042051136493683,3.000568389892578
179,394,39.44,806912,4495,45.01477904,7.489006415009499,0.011656841,0.1151123046875,0.2,0.0003,1572,0.9536651372909546,-0.006944260298041627,-0.7780506666749716,0.4045940041542053,3.7347943782806396
179,395,39.76,808960,4507,45.63842042,7.630820631980896,0.015048233,0.1448974609375,0.2,0.0003,1576,0.9528642296791077,-0.011971268264460377,-0.7757123094052076,0.4041209816932678,3.7137064933776855
179,396,39.42,811008,4521,45.20517486999999,10.035685271024704,0.01527643,0.153564453125,0.2,0.0003,1580,0.939233124256134,-0.011754896302591078,-0.7699239887297153,0.4033588767051697,3.722517728805542
179,397,39.32,813056,4533,44.98026159000001,4.721830241382122,0.011623346,0.099365234375,0.2,0.0003,1584,0.9703522324562073,-0.010572536601102911,-0.7649450618773699,0.40298527479171753,2.1846096515655518
179,398,38.73,815104,4546,43.94884826,14.351984396576881,0.015956558,0.1187744140625,0.2,0.0003,1588,0.9130762815475464,-0.007232582385768183,-0.7617806792259216,0.40253037214279175,7.578415393829346
179,399,38.89,817152,4559,44.365589979999996,11.621390596032143,0.018738654,0.1195068359375,0.2,0.0003,1592,0.9277509450912476,-0.009372118729515933,-0.7558368742465973,0.40125957131385803,7.4820170402526855
179,400,39.52,819200,4572,45.550714369999994,15.395477056503296,0.013271583,0.1209716796875,0.2,0.0003,1596,0.9040955305099487,-0.011979167218669318,-0.7483728062361479,0.40080416202545166,5.423877239227295
179,401,40.34,821248,4584,46.60910720000001,4.027314879000187,0.015976973,0.1361083984375,0.2,0.0003,1600,0.9745188355445862,-0.008743260084884241,-0.7416313998401165,0.3986371159553528,1.914505124092102
179,402,40.18,823296,4597,46.12853212999998,4.050886861979961,0.023888897,0.157958984375,0.2,0.0003,1604,0.9758909344673157,-0.014929746088455431,-0.7292467970401049,0.3963848650455475,1.7239094972610474
179,403,39.74,825344,4610,45.455557710000015,7.735352262854576,0.019040616,0.1556396484375,0.2,0.0003,1608,0.9536944031715393,-0.007668558551813476,-0.7177139297127724,0.3942086696624756,3.430210590362549
178,404,39.88,827392,4623,45.50275193999999,8.236492291092873,0.016061498,0.137451171875,0.2,0.0003,1612,0.9505631923675537,-0.010502576536964625,-0.7106315586715937,0.39379453659057617,4.3210225105285645
178,405,39.92,829440,4635,45.841123330000016,4.459081299602985,0.017507339,0.1602783203125,0.2,0.0003,1616,0.9729570746421814,-0.013981897427584045,-0.7059995401650667,0.39221781492233276,1.991692304611206
178,406,40.1,831488,4648,46.31833401,8.40319437533617,0.03718064,0.1827392578125,0.2,0.0003,1620,0.9494237303733826,-0.0069580723938997835,-0.6975643634796143,0.39094310998916626,6.488767623901367
178,407,39.71,833536,4661,45.73199097,7.226435124874115,0.015413195,0.1409912109375,0.2,0.0003,1624,0.9575408101081848,-0.01238497890153667,-0.6909673381596804,0.38982662558555603,3.744128465652466
178,408,39.23,835584,4673,45.29950535999999,5.632392577826977,0.01521794,0.14990234375,0.2,0.0003,1628,0.9657801985740662,-0.00969770002484438,-0.6850448735058308,0.3886792063713074,3.069139242172241
178,409,39.42,837632,4686,45.59595781,10.41690194606781,0.013513561,0.146728515625,0.2,0.0003,1632,0.9372579455375671,-0.010932750010397285,-0.6790335215628147,0.38817375898361206,2.973233938217163
178,410,39.64,839680,4699,46.167621050000015,5.170166224241257,0.016901072,0.11572265625,0.2,0.0003,1636,0.9694291949272156,-0.010855272659682669,-0.6697253677994013,0.3851673901081085,1.8625750541687012
178,411,39.78,841728,4710,46.19064298,10.529640480875969,0.016200952,0.1470947265625,0.2,0.0003,1640,0.9389039278030396,-0.009508001297945157,-0.6569882147014141,0.38479381799697876,6.166600704193115
178,412,39.92,843776,4722,46.13407018,6.867514789104462,0.01737927,0.1341552734375,0.2,0.0003,1644,0.959955096244812,-0.01204900405718945,-0.6511573065072298,0.38392478227615356,2.485840320587158
178,413,40.07,845824,4734,46.124844079999995,7.9295098930597305,0.016320294,0.1553955078125,0.2,0.0003,1648,0.9540166854858398,-0.014404805289814249,-0.6442382484674454,0.38360124826431274,3.0176706314086914
178,414,39.85,847872,4745,45.89551042,5.711363509297371,0.025421377,0.1439208984375,0.2,0.0003,1652,0.965653657913208,-0.01170439290581271,-0.6408561076968908,0.38289880752563477,2.4630281925201416
178,415,39.62,849920,4755,45.75775641,7.9482375755906105,0.01755282,0.134521484375,0.2,0.0003,1656,0.9535899758338928,-0.0074619334809540305,-0.6315961219370365,0.3815424144268036,3.4610414505004883
178,416,39.93,851968,4764,46.372638259999995,7.958567060530186,0.022637762,0.171630859375,0.2,0.0003,1660,0.9540496468544006,-0.005447399220429361,-0.6241499595344067,0.3808387219905853,2.0594911575317383
178,417,39.74,854016,4773,46.203709229999994,5.48228045552969,0.019937802,0.166259765625,0.2,0.0003,1664,0.9674739837646484,-0.012418133715982549,-0.6189772374927998,0.3797955811023712,2.719973087310791
178,418,39.7,856064,4782,46.04878204000001,5.19803773611784,0.02433898,0.2220458984375,0.2,0.0003,1668,0.9697240591049194,-0.004131822995987022,-0.6124796606600285,0.3795301914215088,1.8191763162612915
179,419,39.99,858112,4792,46.25274253,8.970790281891823,0.013049554,0.1951904296875,0.2,0.0003,1672,0.9470813274383545,-0.012577972112921998,-0.6088338382542133,0.3794921636581421,2.945387840270996
179,420,40.01,860160,4801,46.402829660000016,5.6889249086380005,0.016261484,0.1517333984375,0.2,0.0003,1676,0.9666787385940552,-0.013753412160440348,-0.6044562682509422,0.37854287028312683,3.2745440006256104
179,421,40.08,862208,4810,46.945609870000006,4.203332602977753,0.018785208,0.1339111328125,0.2,0.0003,1680,0.9754054546356201,-0.011721052695065737,-0.5971536077558994,0.37708377838134766,1.971349835395813
179,422,40.43,864256,4820,47.612925309999994,3.418365202844143,0.023316935,0.1341552734375,0.2,0.0003,1684,0.9803162217140198,-0.012926189519930631,-0.5888926144689322,0.37646007537841797,1.8703759908676147
179,423,40.01,866304,4830,47.238972090000004,3.5212027356028557,0.0362094,0.174560546875,0.2,0.0003,1688,0.9798003435134888,-0.01307980933052022,-0.5804511643946171,0.37496888637542725,1.716800332069397
179,424,40.04,868352,4839,47.70491475,5.67261216044426,0.03650038,0.1639404296875,0.2,0.0003,1692,0.9675761461257935,-0.008448781074548606,-0.5709861405193806,0.3733094334602356,2.1243410110473633
179,425,39.78,870400,4850,47.098366399999996,3.4036290794610977,0.02573511,0.1412353515625,0.2,0.0003,1696,0.9806593656539917,-0.012139913917053491,-0.5568217374384403,0.3700016140937805,1.8732938766479492
179,426,39.77,872448,4861,46.96052974000001,8.229619294404984,0.014020981,0.1326904296875,0.2,0.0003,1700,0.9539152979850769,-0.008109600457828492,-0.539897333830595,0.36830925941467285,3.1878302097320557
179,427,40.52,874496,4873,48.15847968,4.5789970606565475,0.021301407,0.145751953125,0.2,0.0003,1704,0.9729183316230774,-0.00935763895540731,-0.533108301460743,0.36805519461631775,1.8103337287902832
179,428,40.54,876544,4885,47.867183159999996,3.709999918937683,0.016033664,0.12353515625,0.2,0.0003,1708,0.9778475761413574,-0.014358748419908807,-0.5292658172547817,0.3670794367790222,1.871940016746521
179,429,40.53,878592,4896,47.62221171999999,5.822125568985939,0.014687967,0.111083984375,0.2,0.0003,1712,0.9662081599235535,-0.010397436926723458,-0.5250901971012354,0.366508424282074,2.757188320159912
179,430,40.54,880640,4909,47.75851437,7.122640386223793,0.0120463725,0.115234375,0.2,0.0003,1716,0.9603233933448792,-0.010128675727173686,-0.5220863129943609,0.36669933795928955,3.5367679595947266
179,431,40.26,882688,4921,47.43766258999999,4.087754562497139,0.016760487,0.130615234375,0.2,0.0003,1720,0.9765253067016602,-0.00826010106538888,-0.5157638620585203,0.364365816116333,1.9095052480697632
179,432,40.73,884736,4933,48.27109463,6.212388142943382,0.015360989,0.13818359375,0.2,0.0003,1724,0.9653233885765076,-0.011087027087341994,-0.5069477241486311,0.3646530508995056,2.546938896179199
179,433,40.87,886784,4945,48.23965856999999,8.486589804291725,0.017353779,0.129638671875,0.2,0.0003,1728,0.9532671570777893,-0.009614439710276201,-0.5054072458297014,0.3640860915184021,3.900028705596924
179,434,40.14,888832,4957,46.77490715000001,4.131752789020538,0.011028546,0.1170654296875,0.2,0.0003,1732,0.9749045372009277,-0.010173599104746245,-0.5005227169021964,0.36430996656417847,2.136625289916992
179,435,39.84,890880,4970,46.284061519999995,7.310702234506607,0.021966115,0.1846923828125,0.2,0.0003,1736,0.9591865539550781,-0.0064457060652785,-0.49963235203176737,0.36451956629753113,3.1266841888427734
179,436,40.14,892928,4983,46.916172659999994,9.233872339129448,0.029639315,0.170166015625,0.2,0.0003,1740,0.9466187953948975,-0.012077244638931006,-0.4939640685915947,0.36257314682006836,3.741783380508423
179,437,40.64,894976,4996,48.13237354999999,4.8504331186413765,0.019608997,0.17431640625,0.2,0.0003,1744,0.9713150858879089,-0.01088873429398518,-0.4842633157968521,0.3610263168811798,2.808321237564087
179,438,40.74,897024,5009,48.19135905,6.615674316883087,0.018456101,0.1470947265625,0.2,0.0003,1748,0.9622316360473633,-0.014661328561487608,-0.4784997198730707,0.3602410852909088,2.1283159255981445
179,439,41.14,899072,5021,48.44551814000001,3.641645036637783,0.021013185,0.1817626953125,0.2,0.0003,1752,0.9788075685501099,-0.012245601101312786,-0.47484652884304523,0.3601619005203247,1.4339780807495117
178,440,41.16,901120,5034,48.40239262,3.3010133281350136,0.03108653,0.144775390625,0.2,0.0003,1756,0.9815102219581604,-0.011069891872466542,-0.471221923828125,0.35854631662368774,1.5631238222122192
178,441,40.64,903168,5047,47.84473059999999,5.523828566074371,0.016343037,0.1312255859375,0.2,0.0003,1760,0.9694585800170898,-0.010741812962805852,-0.4640909619629383,0.3575003147125244,3.0175318717956543
178,442,40.8,905216,5059,48.18136574000001,10.417474389076233,0.026965953,0.2091064453125,0.2,0.0003,1764,0.9403520822525024,-0.009892542519082781,-0.45705589186400175,0.3564053177833557,5.41213846206665
178,443,41.07,907264,5072,48.49265008,4.172433219850063,0.018835688,0.1529541015625,0.2,0.0003,1768,0.9765042662620544,-0.0139029813290108,-0.45012484304606915,0.3555024564266205,1.634911298751831
178,444,40.64,909312,5084,47.78403057,3.1210010051727295,0.0175111,0.1578369140625,0.2,0.0003,1772,0.9825642108917236,-0.008019111905014142,-0.4447567602619529,0.35472601652145386,1.4085667133331299
178,445,40.5,911360,5097,47.52108589,4.467035412788391,0.018342843,0.1339111328125,0.2,0.0003,1776,0.9757832884788513,-0.011825518580735661,-0.43976242654025555,0.35390961170196533,1.9252065420150757
178,446,40.36,913408,5110,47.402186420000014,3.4396030083298683,0.014898967,0.157958984375,0.2,0.0003,1780,0.9804060459136963,-0.005687330543878488,-0.4340865733101964,0.35281798243522644,1.7072490453720093
178,447,40.42,915456,5122,47.39037937,10.092274233698845,0.015977625,0.170166015625,0.2,0.0003,1784,0.943366527557373,-0.008155622839694843,-0.4267266970127821,0.3523860275745392,3.6731324195861816
178,448,40.8,917504,5134,47.88152167000001,4.679250605404377,0.027197778,0.15283203125,0.2,0.0003,1788,0.9731964468955994,-0.01349375065183267,-0.42438727617263794,0.35334163904190063,2.1743767261505127
178,449,40.62,919552,5145,47.77644778,4.535768881440163,0.0284135,0.1552734375,0.2,0.0003,1792,0.9750570058822632,-0.012095851692720316,-0.42351020872592926,0.3527776002883911,2.530052661895752
178,450,40.65,921600,5156,48.060855700000005,4.682558678090572,0.019366996,0.1417236328125,0.2,0.0003,1796,0.972710907459259,-0.004183079658105271,-0.41738788690418005,0.35237473249435425,2.118096113204956
178,451,41.25,923648,5167,49.18624539,3.6813337430357933,0.040356107,0.1649169921875,0.2,0.0003,1800,0.9785091876983643,-0.0118100175895961,-0.41359630320221186,0.3519923686981201,2.01997971534729
178,452,41.33,925696,5178,49.440672189999994,4.282730750739574,0.028686766,0.1807861328125,0.2,0.0003,1804,0.9761747717857361,-0.0125180676477612,-0.41115588787943125,0.3521612882614136,1.961847186088562
178,453,40.98,927744,5189,48.65743405999999,4.169259399175644,0.014592088,0.1138916015625,0.2,0.0003,1808,0.9770170450210571,-0.009608621163351927,-0.40908863861113787,0.351995050907135,2.0512940883636475
178,454,40.72,929792,5201,48.33737626999999,11.477570354938507,0.012640414,0.12109375,0.2,0.0003,1812,0.9390902519226074,-0.011484760718303733,-0.4064393388107419,0.3515811562538147,3.5026323795318604
178,455,40.91,931840,5212,48.72562398,6.0781602412462234,0.0132613,0.094970703125,0.2,0.0003,1816,0.9660061597824097,-0.011594597657676786,-0.4014200046658516,0.3512767553329468,2.5837721824645996
178,456,41.4,933888,5223,49.5763643,5.3033594489097595,0.023598734,0.1553955078125,0.2,0.0003,1820,0.9716361165046692,-0.010693341660953593,-0.39168106485158205,0.3489615321159363,1.7331068515777588
178,457,41.55,935936,5234,49.705009690000004,5.582892656326294,0.024253957,0.1812744140625,0.2,0.0003,1824,0.969880998134613,-0.010817538131959736,-0.3797693941742182,0.3471747934818268,2.7282822132110596
178,458,41.18,937984,5246,48.66413969999999,4.586462549865246,0.025617553,0.1676025390625,0.2,0.0003,1828,0.974348783493042,-0.010638887892127968,-0.37037289422005415,0.34608346223831177,2.2275121212005615
178,459,41.02,940032,5257,48.29167148,6.062905326485634,0.022575334,0.13134765625,0.2,0.0003,1832,0.9670265316963196,-0.010163485785597004,-0.36535188276320696,0.346109539270401,2.632498264312744
178,460,40.84,942080,5268,48.179389599999986,5.52204093337059,0.028355714,0.149169921875,0.2,0.0003,1836,0.9700046181678772,-0.008866075469995849,-0.3650566227734089,0.3467916250228882,3.9805569648742676
178,461,40.97,944128,5279,48.69928977000001,7.857969708740711,0.030089285,0.1876220703125,0.2,0.0003,1840,0.9564423561096191,-0.005343038879800588,-0.3618990024551749,0.3458477258682251,1.5575697422027588
178,462,41.4,946176,5290,49.57321112,4.086388416588306,0.021975882,0.165771484375,0.2,0.0003,1844,0.9772613048553467,-0.01064883896469837,-0.3550028381869197,0.34565967321395874,2.1593103408813477
178,463,41.51,948224,5301,49.592577750000004,3.50432401150465,0.01874422,0.1279296875,0.2,0.0003,1848,0.980610728263855,-0.010299398330971599,-0.34925077576190233,0.3447785973548889,1.283036708831787
178,464,41.3,950272,5313,49.06032165999999,3.821616306900978,0.017293505,0.1429443359375,0.2,0.0003,1852,0.9792418479919434,-0.0074677592783700675,-0.34165274910628796,0.3438715934753418,1.8467061519622803
178,465,41.57,952320,5324,49.73452246000001,4.534155458211899,0.017248856,0.11962890625,0.2,0.0003,1856,0.9755059480667114,-0.009184675815049559,-0.33508837316185236,0.3431157171726227,2.023919105529785
178,466,41.7,954368,5336,49.946973329999985,8.988210216164589,0.014249114,0.13232421875,0.2,0.0003,1860,0.9507969617843628,-0.010074313875520602,-0.32612924836575985,0.3416869044303894,2.717027425765991
178,467,41.02,956416,5348,48.607894910000006,9.332532092928886,0.019588044,0.1492919921875,0.2,0.0003,1864,0.9506520628929138,-0.013125383513397537,-0.32013325300067663,0.3411993980407715,3.9270200729370117
178,468,40.89,958464,5360,48.34883965000001,11.263822630047798,0.012873456,0.1353759765625,0.2,0.0003,1868,0.9405835270881653,-0.01052800654724706,-0.31700463593006134,0.3413503170013428,5.082181453704834
178,469,41.3,960512,5373,49.08718641,3.881025567650795,0.01610144,0.1201171875,0.2,0.0003,1872,0.9780570268630981,-0.014082982510444708,-0.30969900730997324,0.3392476737499237,2.0075864791870117
178,470,41.16,962560,5385,48.84553347,2.215712308883667,0.028471727,0.184326171875,0.2,0.0003,1876,0.9873126745223999,-0.008879639332008082,-0.2945440597832203,0.3376060128211975,1.147855520248413
178,471,41.41,964608,5399,49.13568972,9.268068581819534,0.042825863,0.2279052734375,0.2,0.0003,1880,0.9506378173828125,-0.00029117055237293243,-0.28502960316836834,0.3366292715072632,4.14737606048584
178,472,41.77,966656,5411,49.89085892,5.639952525496483,0.016946245,0.1854248046875,0.2,0.0003,1884,0.9693052172660828,-0.010155726893572137,-0.2808621656149626,0.33605775237083435,2.5651118755340576
178,473,41.66,968704,5422,49.81294861000001,4.967773154377937,0.024452375,0.150390625,0.2,0.0003,1888,0.973224401473999,-0.010828556405613199,-0.27875334676355124,0.3354909420013428,2.2332682609558105
178,474,41.38,970752,5433,49.31551899000001,4.074646979570389,0.029861405,0.1815185546875,0.2,0.0003,1892,0.9780286550521851,-0.009541874911519699,-0.2734112488105893,0.3335708975791931,2.382324457168579
178,475,41.23,972800,5444,48.80157937999999,9.97278581559658,0.016038615,0.1546630859375,0.2,0.0003,1896,0.9476088285446167,-0.009418702036782634,-0.26468049455434084,0.33318352699279785,5.864105224609375
178,476,41.97,974848,5456,49.91334921,12.371568441390991,0.018312804,0.15283203125,0.2,0.0003,1900,0.9324236512184143,-0.008099121856503189,-0.2626872006803751,0.3327416777610779,11.451508522033691
178,477,41.6,976896,5467,49.36432928,5.61992172896862,0.0267,0.126220703125,0.2,0.0003,1904,0.9698421955108643,-0.01085853476979537,-0.257653153501451,0.3321220874786377,2.823641777038574
178,478,42.29,978944,5479,50.84074304999999,5.125539697706699,0.034855247,0.1492919921875,0.2,0.0003,1908,0.9725727438926697,-0.014080352426390164,-0.2501683868467808,0.3310496211051941,2.075309991836548
178,479,42.16,980992,5491,50.88958063,4.423442862927914,0.01793574,0.1162109375,0.2,0.0003,1912,0.9763773679733276,-0.012167495340690948,-0.24415645003318787,0.3311441242694855,2.2930281162261963
178,480,42.01,983040,5503,50.60239925,12.152769446372986,0.026979893,0.1732177734375,0.2,0.0003,1916,0.9383585453033447,-0.007008061758824624,-0.24243018915876746,0.33071210980415344,4.464851379394531
178,481,41.83,985088,5515,50.04513124,5.135841898620129,0.018108103,0.1280517578125,0.2,0.0003,1920,0.9736153483390808,-0.012305039243074134,-0.23797769844532013,0.33018168807029724,2.547321319580078
178,482,41.93,987136,5526,50.348005189999995,6.104275166988373,0.021413289,0.1241455078125,0.2,0.0003,1924,0.9685788750648499,-0.009771597528015263,-0.23404956189915538,0.32975447177886963,2.541067361831665
178,483,41.78,989184,5537,50.056890700000004,5.662458136677742,0.023584856,0.1741943359375,0.2,0.0003,1928,0.9699167609214783,-0.010660083062248304,-0.22763650072738528,0.328594446182251,1.8587119579315186
178,484,42.04,991232,5548,50.08752732000002,10.94390732049942,0.026637612,0.1815185546875,0.2,0.0003,1932,0.9444653391838074,-0.007982224284205586,-0.21910944627597928,0.32784873247146606,5.797857761383057
178,485,42.38,993280,5560,50.775040389999994,4.393926076591015,0.021088399,0.16064453125,0.2,0.0003,1936,0.9769865870475769,-0.012443784769857302,-0.21316823223605752,0.3268817067146301,2.152273178100586
178,486,42.02,995328,5571,50.59098215000001,5.484910473227501,0.02364165,0.1422119140625,0.2,0.0003,1940,0.9711583852767944,-0.01134958585316781,-0.20465738605707884,0.3259410858154297,2.6033923625946045
178,487,41.78,997376,5583,50.31839905,3.8953854143619537,0.036327615,0.2901611328125,0.2,0.0003,1944,0.9795784950256348,-0.005580184777500108,-0.19926108792424202,0.32625722885131836,1.8648921251296997
178,488,42.04,999424,5594,50.75367682,5.272869274020195,0.017738923,0.1214599609375,0.2,0.0003,1948,0.9718499183654785,-0.01011010428192094,-0.19775840360671282,0.3260766863822937,2.6091456413269043
178,489,41.98,1001472,5606,50.29329994999999,5.704712599515915,0.022083519,0.167236328125,0.2,0.0003,1952,0.9700363278388977,-0.01223370322259143,-0.19073640927672386,0.32623690366744995,2.1235437393188477
178,490,42.41,1003520,5618,51.16581166000001,11.620546966791153,0.026702791,0.173828125,0.2,0.0003,1956,0.9401704668998718,-0.008297964566736482,-0.18623758852481842,0.3254184424877167,8.127799034118652
178,491,42.97,1005568,5629,52.25925531,4.366691097617149,0.01959992,0.1602783203125,0.2,0.0003,1960,0.9776586294174194,-0.011728643039532471,-0.1811184287071228,0.3244512677192688,2.528376579284668
178,492,42.88,1007616,5640,51.97701163,4.867885321378708,0.025550297,0.1871337890625,0.2,0.0003,1964,0.9757053852081299,-0.016194367504795082,-0.17311804927885532,0.3221043348312378,2.909738540649414
178,493,42.3,1009664,5652,50.90362522,3.7442070618271828,0.020539416,0.112548828125,0.2,0.0003,1968,0.9806857705116272,-0.014574085944332182,-0.1625831536948681,0.3212035894393921,1.2659505605697632
178,494,42.45,1011712,5663,51.34292464999999,7.58458411693573,0.014018899,0.119140625,0.2,0.0003,1972,0.9615874886512756,-0.009343868412543088,-0.15796913392841816,0.3211611807346344,2.864194869995117
178,495,42.71,1013760,5676,51.783356600000005,4.35823730379343,0.020107407,0.134765625,0.2,0.0003,1976,0.9771324396133423,-0.006778993541956879,-0.1536787487566471,0.3202155828475952,1.8180229663848877
178,496,42.23,1015808,5687,50.75271253000001,4.369173958897591,0.02432369,0.2100830078125,0.2,0.0003,1980,0.9774195551872253,-0.012812895001843572,-0.14782000705599785,0.32005152106285095,1.874487280845642
178,497,41.45,1017856,5699,49.451670889999995,9.773532077670097,0.020528197,0.138671875,0.2,0.0003,1984,0.9514766931533813,-0.007352280677878298,-0.14661267213523388,0.3202960789203644,2.893264055252075
178,498,41.7,1019904,5711,49.9136513,10.314394921064377,0.023035957,0.1798095703125,0.2,0.0003,1988,0.9478603601455688,-0.005415465770056471,-0.1438680738210678,0.3201374411582947,3.7827372550964355
178,499,42.42,1021952,5723,51.243914329999996,3.644766293466091,0.021456594,0.17724609375,0.2,0.0003,1992,0.9801170229911804,-0.010175824718317017,-0.14306330867111683,0.319964736700058,1.3191277980804443
178,500,43.0,1024000,5734,52.36279589000001,3.0697956532239914,0.023154248,0.15771484375,0.2,0.0003,1996,0.9839534759521484,-0.00860157803981565,-0.1395141053944826,0.31922125816345215,1.4121381044387817
178,501,43.01,1026048,5746,52.24788071999999,5.708691388368607,0.0278065,0.172607421875,0.2,0.0003,2000,0.9715143442153931,-0.009088868820981588,-0.1345697771757841,0.31930118799209595,3.169644832611084
178,502,42.14,1028096,5758,50.58567631,5.721770256757736,0.019398428,0.1456298828125,0.2,0.0003,2004,0.9705512523651123,-0.010045283066574484,-0.12971320562064648,0.3183283507823944,3.06042218208313
178,503,42.47,1030144,5769,51.30200762999999,18.177422493696213,0.022876143,0.179931640625,0.2,0.0003,2008,0.9080106616020203,-0.00888057568226941,-0.12562491558492184,0.3181114196777344,12.054308891296387
178,504,42.7,1032192,5781,51.61010634,4.913789846003056,0.022864098,0.17041015625,0.2,0.0003,2012,0.9747937321662903,-0.010612573372782208,-0.1229827981442213,0.31712228059768677,2.317563533782959
178,505,43.08,1034240,5792,52.19031136999999,6.205319970846176,0.024119861,0.147705078125,0.2,0.0003,2016,0.968293309211731,-0.012422316285665147,-0.11521727032959461,0.3156588077545166,2.4565043449401855
178,506,43.45,1036288,5805,53.106672999999994,4.594516932964325,0.019030849,0.1234130859375,0.2,0.0003,2020,0.9767996668815613,-0.009070387997780927,-0.10681002028286457,0.3150104284286499,2.2526674270629883
178,507,43.12,1038336,5819,52.42562768999999,5.819855436682701,0.023256391,0.15234375,0.2,0.0003,2024,0.9706838726997375,-0.011556956334970891,-0.10127689503133297,0.31545186042785645,2.53863525390625
178,508,42.86,1040384,5832,52.04144655,4.796639941632748,0.022320397,0.148193359375,0.2,0.0003,2028,0.9754246473312378,-0.013213798287324607,-0.0971815437078476,0.3149421811103821,2.1286001205444336
