time/fps,time/time_elapsed,time/total_timesteps,rollout/ep_rew_mean,time/iterations,rollout/ep_len_mean,train/std,train/clip_range,train/entropy_loss,train/explained_variance,train/clip_fraction,train/approx_kl,train/policy_gradient_loss,train/value_loss,train/n_updates,train/learning_rate,train/loss
222,9,2048,-0.8537180999999998,1,13.91,,,,,,,,,,,
212,19,4096,0.048819830000000036,2,15.85,0.9829474687576294,0.2,-2.8163986429572105,-0.15058767795562744,0.140673828125,0.016493078,-0.02156502389771049,3.2257550824433565,10,0.0003,1.1207542419433594
206,29,6144,1.07964625,3,17.61,0.9602521657943726,0.2,-2.778821521252394,0.3839726448059082,0.1447265625,0.0150046125,-0.025399686711898538,4.154300329089165,20,0.0003,1.7793211936950684
200,40,8192,1.8212680399999996,4,19.03,0.946326732635498,0.2,-2.738445241749287,0.37206119298934937,0.153857421875,0.014394816,-0.025752457392809448,4.781719211488962,30,0.0003,2.334580898284912
198,51,10240,2.52073872,5,19.21,0.9299086928367615,0.2,-2.7028553292155264,0.44592875242233276,0.133984375,0.013518244,-0.024485966796055435,4.447756680101156,40,0.0003,1.8105493783950806
197,62,12288,2.44216938,6,19.74,0.9087823629379272,0.2,-2.6630189187824724,0.40573251247406006,0.136279296875,0.013973556,-0.024729939219832887,5.297497184574604,50,0.0003,1.6438480615615845
196,72,14336,4.5844216499999995,7,22.0,0.8961102962493896,0.2,-2.6257857300341128,0.500031590461731,0.11767578125,0.012782388,-0.020687783478933852,4.57040958032012,60,0.0003,2.04679274559021
196,83,16384,4.43549026,8,21.46,0.8751662969589233,0.2,-2.586764309555292,0.4147911071777344,0.088427734375,0.009392712,-0.01998369599605212,7.0363510243594645,70,0.0003,3.3205878734588623
195,94,18432,4.48915593,9,22.35,0.8632029294967651,0.2,-2.549169200658798,0.4152621626853943,0.092236328125,0.010540061,-0.020085448005556828,7.277493067085743,80,0.0003,3.00170636177063
194,105,20480,5.686768859999998,10,24.43,0.8489248752593994,0.2,-2.516603046655655,0.4566050171852112,0.10166015625,0.01108445,-0.023604404721118043,8.542199638485908,90,0.0003,4.41286563873291
191,117,22528,6.35026342,11,24.92,0.8391544818878174,0.2,-2.4864450842142105,0.4852622151374817,0.086572265625,0.010475491,-0.021470696869073436,9.051518546044827,100,0.0003,4.0619120597839355
190,129,24576,7.83740042,12,27.05,0.8238970041275024,0.2,-2.454049986600876,0.41581404209136963,0.116796875,0.011244686,-0.023226570535916834,10.431270802021027,110,0.0003,5.526633262634277
188,141,26624,8.350072489999999,13,28.77,0.8026131391525269,0.2,-2.4089279152452945,0.3359481692314148,0.10439453125,0.013445235,-0.02592746764421463,14.468596105277538,120,0.0003,6.915131568908691
186,153,28672,9.59848953,14,29.11,0.7923144698143005,0.2,-2.3697758287191393,0.3187161087989807,0.104052734375,0.011513637,-0.02302907925186446,18.32217179834843,130,0.0003,10.080157279968262
185,165,30720,9.63460895,15,27.32,0.7777004241943359,0.2,-2.336369305104017,0.3503197431564331,0.143359375,0.013431499,-0.027218856195395345,18.378507360816002,140,0.0003,6.5616350173950195
183,178,32768,12.337643349999999,16,30.17,0.7676870822906494,0.2,-2.3040732234716415,0.3533555269241333,0.12060546875,0.012635557,-0.02645655744418036,17.736436671018602,150,0.0003,8.090377807617188
183,190,34816,10.392887530000001,17,27.57,0.7575865983963013,0.2,-2.2776828579604627,0.3227997422218323,0.11044921875,0.012349364,-0.023136145088938066,19.222325205802917,160,0.0003,8.436247825622559
183,201,36864,10.38885206,18,28.71,0.7406795024871826,0.2,-2.2365625418722628,0.4264281392097473,0.13994140625,0.014662239,-0.026701579040673096,16.68338947594166,170,0.0003,6.2876057624816895
182,213,38912,13.281411919999998,19,31.25,0.7215018272399902,0.2,-2.1903544694185255,0.39855682849884033,0.151953125,0.015424909,-0.02748571387201082,15.613365049660207,180,0.0003,7.796239852905273
182,224,40960,14.2995449,20,33.34,0.705292820930481,0.2,-2.138729003071785,0.3900231122970581,0.125439453125,0.01183339,-0.027040886836039134,20.085890957713126,190,0.0003,9.63626480102539
181,236,43008,13.838471669999997,21,34.41,0.6890276670455933,0.2,-2.0908546537160873,0.37787097692489624,0.152099609375,0.014822391,-0.028471992324921303,20.69320130944252,200,0.0003,10.156030654907227
181,247,45056,14.514576980000001,22,37.22,0.6712548732757568,0.2,-2.0399853356182573,0.4343905448913574,0.1568359375,0.015386524,-0.02826292530517094,20.59660716354847,210,0.0003,8.679972648620605
181,259,47104,12.349964469999998,23,33.03,0.6574230194091797,0.2,-1.9931500282138586,0.4195818305015564,0.146533203125,0.01782623,-0.025646807956218255,19.136722335219382,220,0.0003,8.16754150390625
181,270,49152,13.954267600000001,24,34.41,0.6395951509475708,0.2,-1.9432478956878185,0.4409424066543579,0.151318359375,0.016628431,-0.025042173857218585,20.649592900276183,230,0.0003,10.914621353149414
181,282,51200,15.141870999999998,25,36.38,0.6274530291557312,0.2,-1.8960157211869955,0.4867238998413086,0.1546875,0.015558518,-0.026924284774577246,22.841432517766954,240,0.0003,9.902786254882812
180,294,53248,16.11617697,26,36.14,0.614518404006958,0.2,-1.8538829863071442,0.3522590398788452,0.1478515625,0.015632503,-0.025115449637087294,23.397129583358765,250,0.0003,12.940853118896484
180,305,55296,16.88777688,27,34.26,0.6034892797470093,0.2,-1.8114888589829206,0.3353872299194336,0.151611328125,0.016145801,-0.024508490205334965,27.7482598900795,260,0.0003,18.143930435180664
180,317,57344,17.32832294,28,35.24,0.594336748123169,0.2,-1.7796919003129006,0.32348114252090454,0.135302734375,0.016673306,-0.02516232353518717,30.94087561368942,270,0.0003,19.731081008911133
180,328,59392,16.66947825,29,33.71,0.5798946619033813,0.2,-1.7364307761192321,0.3934149146080017,0.154296875,0.016862791,-0.025215869859675877,27.35497106909752,280,0.0003,13.344407081604004
180,340,61440,19.722724319999998,30,36.93,0.5708456039428711,0.2,-1.6965209119021893,0.43571388721466064,0.15576171875,0.019214371,-0.02280733855732251,29.229802864789963,290,0.0003,14.517730712890625
180,351,63488,20.61642799,31,39.73,0.5620530843734741,0.2,-1.6636883821338415,0.4366517663002014,0.17373046875,0.017712012,-0.029100852410192602,28.055239343643187,300,0.0003,14.302895545959473
180,363,65536,19.72587297,32,39.08,0.5528820753097534,0.2,-1.6363318294286728,0.40265530347824097,0.18720703125,0.02107539,-0.0313265781107475,30.614770486950874,310,0.0003,15.231319427490234
179,375,67584,22.39011417,33,40.99,0.5403573513031006,0.2,-1.5946442533284426,0.45607274770736694,0.189794921875,0.019531636,-0.02886037366843084,31.000699675083162,320,0.0003,10.949333190917969
179,388,69632,21.413842199999998,34,37.57,0.536408543586731,0.2,-1.5628522086888552,0.47609996795654297,0.176171875,0.019820318,-0.028454294879338704,28.20059953927994,330,0.0003,17.779443740844727
179,400,71680,19.18536556,35,33.88,0.5300348997116089,0.2,-1.5424744125455618,0.4570598602294922,0.160693359375,0.020641498,-0.025031520990887658,34.663745877146724,340,0.0003,15.37560749053955
178,413,73728,22.0177053,36,41.61,0.5219938158988953,0.2,-1.5128443885594607,0.43373608589172363,0.181396484375,0.02168912,-0.027158267452614383,32.99691423177719,350,0.0003,18.22757339477539
177,426,75776,23.199591229999996,37,45.51,0.5116847157478333,0.2,-1.480085827410221,0.5079697370529175,0.201416015625,0.020709446,-0.023728697007754818,19.510909068584443,360,0.0003,7.373381614685059
177,438,77824,23.162290119999998,38,39.58,0.4967380166053772,0.2,-1.4283817861229182,0.48155587911605835,0.21123046875,0.023483546,-0.03560443684400525,25.454977193474768,370,0.0003,10.796464920043945
177,451,79872,24.73365085,39,40.62,0.48724663257598877,0.2,-1.3763267904520036,0.4714673161506653,0.201611328125,0.020900153,-0.028661255761107896,30.658459395170212,380,0.0003,12.060769081115723
176,464,81920,25.549980119999997,40,39.88,0.479093074798584,0.2,-1.3404553901404141,0.5190171003341675,0.20517578125,0.019253451,-0.02618676566926297,26.210996195673943,390,0.0003,12.548083305358887
175,477,83968,24.7805767,41,38.55,0.47443780303001404,0.2,-1.3173550628125668,0.46519529819488525,0.17822265625,0.02055274,-0.02693018126883544,35.62307741641998,400,0.0003,14.37341022491455
175,491,86016,24.935068649999995,42,40.34,0.46457546949386597,0.2,-1.2849171552807093,0.4565185308456421,0.1921875,0.021722596,-0.026937835419084878,35.543541985750196,410,0.0003,19.724573135375977
174,503,88064,25.330617570000005,43,39.29,0.45477765798568726,0.2,-1.2400098863989115,0.4413309097290039,0.2017578125,0.025353523,-0.029573345576500286,38.97347957491875,420,0.0003,26.826013565063477
174,516,90112,26.207159519999994,44,46.97,0.4475642442703247,0.2,-1.2017607711255551,0.4709014892578125,0.203564453125,0.024268486,-0.02417860239802394,38.41604506969452,430,0.0003,15.167482376098633
173,530,92160,25.741315399999998,45,52.29,0.4398531913757324,0.2,-1.1688450627028941,0.5932557582855225,0.227783203125,0.028874543,-0.025917906570248304,21.605863398313524,440,0.0003,10.275933265686035
173,543,94208,25.36115991,46,47.86,0.433363676071167,0.2,-1.1315854135900736,0.5478712916374207,0.235302734375,0.030668443,-0.02325093303079484,25.751506766676904,450,0.0003,14.040142059326172
173,556,96256,27.151413870000003,47,39.03,0.424366295337677,0.2,-1.094541784375906,0.4279818534851074,0.22431640625,0.021811225,-0.02875612520656432,40.93022735118866,460,0.0003,18.905603408813477
172,569,98304,28.336731599999997,48,41.19,0.4196935296058655,0.2,-1.0590146224945785,0.5022002458572388,0.22197265625,0.028120067,-0.023919613470934565,38.05287432670593,470,0.0003,21.404420852661133
172,581,100352,31.161522579999996,49,43.38,0.41548213362693787,0.2,-1.0323076024651527,0.5128375291824341,0.212548828125,0.024119705,-0.023032610007794573,30.920438402891158,480,0.0003,18.778820037841797
172,593,102400,31.22559885,50,41.69,0.40959835052490234,0.2,-1.0058189902454615,0.6564702987670898,0.23671875,0.03109109,-0.03055076876771636,25.50274310708046,490,0.0003,15.490422248840332
172,605,104448,30.18695824,51,40.08,0.4032774567604065,0.2,-0.9706417111679911,0.5617121458053589,0.213818359375,0.024845235,-0.029298606755037326,36.16216343641281,500,0.0003,11.199990272521973
172,617,106496,31.705218880000004,52,40.7,0.39769837260246277,0.2,-0.9395329758524895,0.6124275922775269,0.256103515625,0.028170018,-0.025614421482896433,33.978998026251794,510,0.0003,18.9752254486084
172,629,108544,31.39243649,53,48.61,0.3968960642814636,0.2,-0.9214043354615569,0.6464132070541382,0.228759765625,0.024010416,-0.025754867517389358,29.493870013952254,520,0.0003,12.654498100280762
172,642,110592,32.18596713,54,48.23,0.3855035901069641,0.2,-0.8881515860557556,0.5586714148521423,0.26357421875,0.02797028,-0.015879936870624077,18.172035257518292,530,0.0003,7.098669528961182
172,654,112640,33.93940923,55,40.84,0.38160306215286255,0.2,-0.8434679131954909,0.6913447380065918,0.2388671875,0.02397637,-0.02414819621044444,29.16338832974434,540,0.0003,19.670272827148438
172,666,114688,34.985628229999996,56,44.2,0.37926676869392395,0.2,-0.8272089278325438,0.6725138425827026,0.2423828125,0.029282305,-0.021169835512409918,28.952994549274443,550,0.0003,14.617815971374512
172,677,116736,35.75389508,57,44.96,0.374459445476532,0.2,-0.8034679763019085,0.7414472103118896,0.233544921875,0.02685815,-0.0235692283444223,21.622420680522918,560,0.0003,11.450667381286621
172,689,118784,37.20634223,58,44.55,0.37143489718437195,0.2,-0.7774821419268847,0.7658227682113647,0.25595703125,0.033703946,-0.021417119587567868,24.24916249513626,570,0.0003,4.981699466705322
171,702,120832,35.689690459999994,59,46.16,0.36585766077041626,0.2,-0.7551189800724387,0.7891244888305664,0.2490234375,0.027066953,-0.025660058343783022,19.38037785589695,580,0.0003,7.516416549682617
171,715,122880,34.16817674000001,60,45.84,0.3605305552482605,0.2,-0.7201486539095641,0.6901183128356934,0.2318359375,0.02462677,-0.021150822179333773,31.478558042645453,590,0.0003,17.768552780151367
171,728,124928,35.08027805,61,42.25,0.3571275472640991,0.2,-0.6951508043333888,0.7177760601043701,0.2298828125,0.030504826,-0.024692349445831496,30.171355777978896,600,0.0003,23.812698364257812
171,740,126976,37.488335549999995,62,42.85,0.351686954498291,0.2,-0.6701271433383227,0.7132455706596375,0.26591796875,0.031661384,-0.021375663995422657,30.45603000819683,610,0.0003,24.8995361328125
171,752,129024,37.87874556,63,42.95,0.3488064706325531,0.2,-0.6439982188865543,0.8525001406669617,0.276806640625,0.03723435,-0.022918707996723242,12.942315910756587,620,0.0003,11.806883811950684
171,765,131072,35.282498860000004,64,41.06,0.345230370759964,0.2,-0.6211077280342578,0.6789964437484741,0.258544921875,0.030517537,-0.019856515967694575,39.03743760883808,630,0.0003,13.418060302734375
171,777,133120,34.13882405,65,40.16,0.3445117771625519,0.2,-0.6081226538866759,0.7495479583740234,0.24140625,0.03256368,-0.02404308311524801,31.286802297830583,640,0.0003,19.320877075195312
171,789,135168,35.98604074,66,42.23,0.33931514620780945,0.2,-0.5865030653774739,0.6538450717926025,0.23916015625,0.028961103,-0.02390208478027489,40.79468082785606,650,0.0003,23.598352432250977
171,801,137216,37.07163685,67,43.46,0.3411572575569153,0.2,-0.5710934594273567,0.7805305123329163,0.266748046875,0.034266576,-0.017473483692447188,23.187794806063174,660,0.0003,13.53905963897705
171,813,139264,38.1875364,68,44.36,0.3367770314216614,0.2,-0.5647091982886195,0.7722107172012329,0.26025390625,0.030166486,-0.029084389700437897,24.569164276123047,670,0.0003,15.283895492553711
171,825,141312,38.308129519999994,69,43.53,0.3347167670726776,0.2,-0.541259990260005,0.8274450898170471,0.281396484375,0.03448058,-0.019370441821229177,19.635841430723666,680,0.0003,9.941096305847168
171,837,143360,38.36201157,70,43.16,0.33290424942970276,0.2,-0.5236652964726091,0.7494299411773682,0.272021484375,0.02576892,-0.019721013061644043,30.94989206492901,690,0.0003,5.414202690124512
171,849,145408,38.12703402000001,71,43.68,0.3289978802204132,0.2,-0.5059253118000925,0.7975241541862488,0.2806640625,0.03845736,-0.02517298714228673,23.31917622536421,700,0.0003,6.3847503662109375
171,861,147456,38.472942890000006,72,43.67,0.32628941535949707,0.2,-0.4803238857537508,0.783493161201477,0.28642578125,0.0344183,-0.023803303185559344,25.909825070202352,710,0.0003,30.810911178588867
171,873,149504,36.46840373,73,41.95,0.3209073841571808,0.2,-0.45055519361048935,0.777327299118042,0.26015625,0.03836447,-0.024924515004386194,27.098558363318443,720,0.0003,24.58981704711914
171,885,151552,37.71633226,74,42.75,0.32012027502059937,0.2,-0.43045287420973183,0.7363757491111755,0.274755859375,0.032957956,-0.03014140519371722,34.01328084170818,730,0.0003,15.904556274414062
170,898,153600,40.318462260000004,75,44.82,0.3154674768447876,0.2,-0.410930151771754,0.8393093943595886,0.3212890625,0.05391146,-0.018651239410974085,19.0223107367754,740,0.0003,8.209607124328613
170,910,155648,40.16569401,76,44.59,0.3119249939918518,0.2,-0.3841505641117692,0.8881392478942871,0.312109375,0.06181619,-0.024374368831922767,13.73400155082345,750,0.0003,13.070991516113281
171,921,157696,40.18721432,77,43.83,0.30979442596435547,0.2,-0.3598542518913746,0.8367840051651001,0.2794921875,0.039189093,-0.026092884920944925,18.499055306613446,760,0.0003,5.737747669219971
171,931,159744,40.17055434,78,45.81,0.30684104561805725,0.2,-0.3371376130729914,0.8608546257019043,0.318017578125,0.040861107,-0.026224834445747545,16.48627251535654,770,0.0003,2.762040853500366
171,942,161792,40.60428682,79,47.34,0.30027562379837036,0.2,-0.3026676239445806,0.8461014032363892,0.31533203125,0.039415706,-0.022848619664728176,17.61955509632826,780,0.0003,10.86038589477539
171,953,163840,39.60841868000001,80,45.54,0.3013247847557068,0.2,-0.28612286038696766,0.8694193959236145,0.337060546875,0.044719502,-0.015007267729379237,14.992564878612757,790,0.0003,2.009557008743286
172,963,165888,40.94636397,81,46.33,0.3017028570175171,0.2,-0.2848678101785481,0.7905453443527222,0.26376953125,0.031064827,-0.021102215675637127,25.66324873715639,800,0.0003,4.660703659057617
172,974,167936,41.81485258000001,82,47.35,0.2991078197956085,0.2,-0.27168388860300186,0.9258897304534912,0.33310546875,0.07262364,-0.02434322255430743,7.061944110319018,810,0.0003,3.1637303829193115
172,984,169984,42.03349842000001,83,47.17,0.29954278469085693,0.2,-0.26055279606953263,0.8490555286407471,0.28505859375,0.03677868,-0.024205839245405515,20.68413886278868,820,0.0003,2.664146900177002
172,995,172032,40.8346927,84,45.6,0.2979877293109894,0.2,-0.2459410097450018,0.8548629283905029,0.29921875,0.031281933,-0.02096504217479378,19.620337986946105,830,0.0003,10.811641693115234
172,1006,174080,40.521046260000006,85,47.14,0.29635322093963623,0.2,-0.23423107424750925,0.8031591176986694,0.295263671875,0.0320253,-0.02257443570124451,23.981161235272886,840,0.0003,4.246616840362549
173,1017,176128,41.19635902,86,48.48,0.2898343801498413,0.2,-0.20325546264648436,0.8690052032470703,0.31201171875,0.04404267,-0.0240470331380493,16.961905194818975,850,0.0003,6.48907995223999
173,1028,178176,41.77683465,87,47.34,0.2869241535663605,0.2,-0.17190054822713136,0.8416622877120972,0.31259765625,0.043550767,-0.019036637448880355,19.303874669969083,860,0.0003,5.751188278198242
173,1038,180224,43.055870920000004,88,48.13,0.2826070785522461,0.2,-0.1420121720060706,0.8555909395217896,0.3408203125,0.056260675,-0.016311494834371842,16.720658197253943,870,0.0003,2.4140005111694336
173,1049,182272,42.668209209999986,89,47.2,0.2790645658969879,0.2,-0.10907545462250709,0.8757907748222351,0.31103515625,0.042397562,-0.015473460571229225,15.09073230996728,880,0.0003,10.690208435058594
173,1060,184320,41.23521180000001,90,46.5,0.27605026960372925,0.2,-0.08852120805531741,0.8476693630218506,0.276318359375,0.037222907,-0.023345773477558396,20.12845253944397,890,0.0003,9.714425086975098
173,1072,186368,38.858123070000005,91,44.17,0.2739184498786926,0.2,-0.0718481445685029,0.7969127297401428,0.25400390625,0.030301107,-0.020967928103345912,25.01227925121784,900,0.0003,5.6211628913879395
173,1082,188416,39.497343900000004,92,44.76,0.2711302936077118,0.2,-0.05264450404793024,0.7494205236434937,0.252001953125,0.027914826,-0.02439219650113955,30.495080745220186,910,0.0003,12.234065055847168
174,1093,190464,41.3981431,93,46.65,0.26806360483169556,0.2,-0.029323915578424932,0.8091791868209839,0.305322265625,0.056484506,-0.022350704148993827,20.601052302867174,920,0.0003,4.576381206512451
174,1104,192512,41.97512076,94,47.57,0.2691366970539093,0.2,-0.02002548612654209,0.8406702280044556,0.320166015625,0.049908243,-0.024354321855207674,20.94291213899851,930,0.0003,4.623659133911133
174,1116,194560,41.9332197,95,46.78,0.26589733362197876,0.2,-0.008080492168664933,0.8814119100570679,0.35673828125,0.05427416,-0.01707444721396314,13.976862534880638,940,0.0003,5.057865142822266
174,1128,196608,41.5277023,96,46.49,0.263833224773407,0.2,0.014664139039814473,0.7313354015350342,0.260546875,0.029072542,-0.01905522452725563,33.23693003058433,950,0.0003,16.384836196899414
174,1140,198656,42.37442931,97,46.48,0.2606601119041443,0.2,0.032368642091751096,0.8389481902122498,0.336572265625,0.044818174,-0.02259152271290077,18.818966849148275,960,0.0003,6.837719917297363
174,1152,200704,42.08693795,98,46.47,0.25814157724380493,0.2,0.05568563416600227,0.8945302367210388,0.371240234375,0.05987096,-0.017523854159662733,12.88447787463665,970,0.0003,7.254777431488037
174,1165,202752,41.09251606,99,45.44,0.258002370595932,0.2,0.07623414322733879,0.8019139170646667,0.337548828125,0.04413829,-0.017461552048916928,26.322773531079292,980,0.0003,14.366607666015625
174,1176,204800,41.71098775,100,44.88,0.2570059895515442,0.2,0.08530018161982297,0.8373226523399353,0.280908203125,0.045157112,-0.02316850840434199,21.2837614774704,990,0.0003,21.120466232299805
174,1188,206848,43.35460389,101,44.96,0.25063127279281616,0.2,0.11595131661742926,0.8456580638885498,0.3162109375,0.051792886,-0.02076653434050968,20.14178223311901,1000,0.0003,18.950782775878906
174,1200,208896,44.37784193,102,45.84,0.2478458136320114,0.2,0.14064853712916375,0.8839882016181946,0.334326171875,0.04993414,-0.015505554618721362,14.5592534519732,1010,0.0003,4.959668159484863
174,1210,210944,43.338913960000006,103,45.14,0.24617312848567963,0.2,0.15858142487704754,0.9030020236968994,0.365087890625,0.068833634,-0.014666016108094482,12.697182926908136,1020,0.0003,10.520344734191895
174,1221,212992,41.59531217999999,104,43.73,0.24524539709091187,0.2,0.1667742110788822,0.8041313886642456,0.320068359375,0.04078885,-0.012312057065719273,27.62191653251648,1030,0.0003,11.729328155517578
174,1231,215040,42.98146334,105,45.25,0.24426484107971191,0.2,0.17078751735389233,0.8531584739685059,0.32333984375,0.051769264,-0.01700899201387074,21.15498812496662,1040,0.0003,14.363814353942871
174,1242,217088,42.92865949000001,106,44.49,0.24337729811668396,0.2,0.18002674952149392,0.8698432445526123,0.302490234375,0.03728687,-0.020249851257540287,19.247439640760422,1050,0.0003,7.645817756652832
174,1254,219136,44.69831847,107,44.24,0.23983387649059296,0.2,0.1990699116140604,0.8612421751022339,0.337353515625,0.04847549,-0.016812717894208618,21.206907430291174,1060,0.0003,9.347237586975098
174,1267,221184,44.311969129999994,108,43.88,0.23956623673439026,0.2,0.20974562913179398,0.9314914345741272,0.37607421875,0.05757334,-0.010989913604862522,8.83674363270402,1070,0.0003,7.630488872528076
174,1280,223232,43.72165614000001,109,44.27,0.23692625761032104,0.2,0.2231204804033041,0.8747876286506653,0.311474609375,0.04765933,-0.020390978622890542,18.5316359706223,1080,0.0003,8.329061508178711
174,1292,225280,40.955623540000005,110,42.16,0.23226052522659302,0.2,0.2591588478535414,0.8959892392158508,0.337255859375,0.050496645,-0.022312595978655737,15.546458946168423,1090,0.0003,10.447210311889648
174,1304,227328,39.85608189,111,41.37,0.23226648569107056,0.2,0.27727418579161167,0.7303682565689087,0.246630859375,0.025858913,-0.020382158585562138,38.25335942208767,1100,0.0003,22.505151748657227
174,1316,229376,42.15878871999999,112,43.41,0.22970083355903625,0.2,0.28348164111375806,0.8436833024024963,0.3306640625,0.060235888,-0.015384359845484141,22.667991049587727,1110,0.0003,9.017599105834961
174,1327,231424,44.23958259,113,44.77,0.22571086883544922,0.2,0.31473809778690337,0.8680261969566345,0.3427734375,0.04040048,-0.01695848971721716,17.326296389102936,1120,0.0003,8.39591121673584
174,1339,233472,45.9699958,114,45.55,0.22555984556674957,0.2,0.3303097475320101,0.930535078048706,0.36943359375,0.07430852,-0.016047287522815167,7.801417563855648,1130,0.0003,3.4549896717071533
174,1351,235520,46.82922135,115,46.48,0.2193281650543213,0.2,0.36008099764585494,0.9501017928123474,0.416552734375,0.07537358,-0.016484993953781668,6.724166555702686,1140,0.0003,8.058969497680664
174,1363,237568,45.76181542000001,116,45.27,0.21631062030792236,0.2,0.3969238560646772,0.9235147833824158,0.3693359375,0.08210872,-0.019449426974460948,11.776103631407022,1150,0.0003,2.5510051250457764
174,1373,239616,46.595126060000005,117,45.18,0.21486693620681763,0.2,0.4209492105990648,0.8791236281394958,0.32744140625,0.049804434,-0.021599141554906963,18.17510186508298,1160,0.0003,5.898105621337891
174,1384,241664,47.105047170000006,118,45.65,0.21504774689674377,0.2,0.4171570187434554,0.9680786728858948,0.360791015625,0.06861313,-0.02078492081927834,3.193697474896908,1170,0.0003,1.2682034969329834
174,1395,243712,47.427127,119,45.89,0.2132291942834854,0.2,0.42966338265687226,0.9219935536384583,0.3662109375,0.055618923,-0.017243010220408906,12.60085197351873,1180,0.0003,1.6551369428634644
174,1406,245760,48.10464030000001,120,46.11,0.21396464109420776,0.2,0.43782811481505635,0.9597747325897217,0.319189453125,0.04739888,-0.028745668730698525,5.471712216734886,1190,0.0003,1.3237475156784058
174,1416,247808,47.54703234000001,121,45.79,0.20974920690059662,0.2,0.4582756510004401,0.9130024909973145,0.342578125,0.056349456,-0.016352612155606037,12.49902970418334,1200,0.0003,4.511056423187256
175,1427,249856,47.53745542000001,122,45.93,0.20859937369823456,0.2,0.4917937397956848,0.9327449798583984,0.312744140625,0.0519925,-0.01953394627344096,10.507264214009046,1210,0.0003,5.417362213134766
175,1438,251904,48.17292694,123,46.33,0.20757722854614258,0.2,0.5020527094602585,0.9371116757392883,0.353662109375,0.06548624,-0.016510737592761872,8.281972627341748,1220,0.0003,4.6831278800964355
175,1450,253952,48.10522605,124,45.95,0.20159690082073212,0.2,0.5363786144182086,0.9729408621788025,0.353564453125,0.06107824,-0.023129778838483616,3.6586563896387814,1230,0.0003,1.246638536453247
175,1462,256000,48.36815407,125,45.74,0.2005806863307953,0.2,0.5664939045906067,0.9390189051628113,0.362255859375,0.05990771,-0.020086526402883463,8.63509168252349,1240,0.0003,1.0953558683395386
175,1473,258048,48.157542209999995,126,45.53,0.20026428997516632,0.2,0.5805508760735393,0.9406841993331909,0.3119140625,0.048612893,-0.020490476075792685,7.400836782902479,1250,0.0003,3.605226993560791
175,1484,260096,46.472447679999995,127,44.41,0.1990450620651245,0.2,0.5911213980987668,0.9230725765228271,0.30244140625,0.032317724,-0.0178558948871796,11.896700729429721,1260,0.0003,3.198106288909912
175,1495,262144,46.77160135,128,44.72,0.19663086533546448,0.2,0.6111270869150758,0.8664343953132629,0.378173828125,0.061467115,-0.018116555573942605,19.614214424043894,1270,0.0003,14.739981651306152
175,1507,264192,48.50965269999999,129,46.18,0.192515566945076,0.2,0.6417713418602944,0.9624388813972473,0.346435546875,0.057250265,-0.023836112428398337,5.655960648879409,1280,0.0003,1.3485453128814697
175,1519,266240,47.39978252,130,45.54,0.18978790938854218,0.2,0.6695867538452148,0.9368911981582642,0.397998046875,0.07920191,-0.014519830577046377,9.02784715630114,1290,0.0003,1.0905448198318481
175,1532,268288,46.37754026999998,131,44.75,0.19011154770851135,0.2,0.6815357137471437,0.8779094219207764,0.347265625,0.08704431,-0.012843292439356446,20.304086997359992,1300,0.0003,4.2214555740356445
175,1542,270336,47.19970906999999,132,44.83,0.18846216797828674,0.2,0.6803699238225818,0.9173858165740967,0.353125,0.060152404,-0.014559935532452073,13.464490549266339,1310,0.0003,5.589782238006592
175,1553,272384,47.52225743000001,133,44.89,0.18602515757083893,0.2,0.7014174712821841,0.9508069753646851,0.363330078125,0.058263414,-0.018844978038396222,6.862607418000698,1320,0.0003,1.3296748399734497
175,1563,274432,48.51865391999999,134,45.26,0.18195277452468872,0.2,0.7418741194531322,0.9032212495803833,0.3478515625,0.06113869,-0.01891394632984884,13.962540237605571,1330,0.0003,9.147709846496582
175,1574,276480,48.25985295000001,135,44.85,0.17958953976631165,0.2,0.7833670016378165,0.9189801216125488,0.354150390625,0.06974365,-0.02338369632634567,12.328393503278495,1340,0.0003,3.2330501079559326
175,1585,278528,48.27191721,136,45.43,0.17823107540607452,0.2,0.8034641401842236,0.9252001047134399,0.372998046875,0.06494057,-0.015648723144840913,11.918881876021624,1350,0.0003,2.90670108795166
175,1596,280576,48.260499499999995,137,45.5,0.17591948807239532,0.2,0.8185389559715986,0.942257821559906,0.3912109375,0.08120519,-0.02115556483186083,9.563203320652246,1360,0.0003,2.619896173477173
175,1607,282624,47.90484627,138,45.69,0.1734561175107956,0.2,0.8371233675628901,0.9744816422462463,0.390234375,0.065284684,-0.02366376401478192,3.660725858807564,1370,0.0003,0.9084300398826599
175,1617,284672,48.38255944999999,139,45.76,0.17100687325000763,0.2,0.8613823425024748,0.9713169932365417,0.384814453125,0.07569529,-0.02343125023180619,4.575622764229775,1380,0.0003,2.552838087081909
176,1628,286720,48.641802389999995,140,46.24,0.16847480833530426,0.2,0.8904996057972312,0.9758906364440918,0.3748046875,0.08192971,-0.02444400736130774,2.95144301764667,1390,0.0003,0.7341091632843018
176,1639,288768,48.72346759,141,46.28,0.16654464602470398,0.2,0.9179784715175628,0.9355733394622803,0.3544921875,0.0697577,-0.02838878684415249,10.424982161074876,1400,0.0003,1.6818147897720337
176,1650,290816,48.82603665,142,46.4,0.16494762897491455,0.2,0.9436863346025348,0.9541353583335876,0.395849609375,0.09877858,-0.021674618353426923,6.350330179929733,1410,0.0003,1.1389331817626953
176,1661,292864,48.98675657000002,143,46.0,0.16212807595729828,0.2,0.9777105618268251,0.9733639359474182,0.33935546875,0.08008794,-0.026447101663507055,3.517328232526779,1420,0.0003,1.1953701972961426
176,1672,294912,48.64495695000001,144,44.99,0.16269303858280182,0.2,0.999589448235929,0.9772027730941772,0.376708984375,0.07468059,-0.020666450436692685,3.5882564287632706,1430,0.0003,1.178297519683838
176,1683,296960,48.89963533000001,145,45.45,0.16142292320728302,0.2,1.0122887998819352,0.9291352033615112,0.371337890625,0.058965042,-0.01656746979060699,11.668129935115577,1440,0.0003,1.5716056823730469
176,1694,299008,49.24934451,146,45.64,0.1611868292093277,0.2,1.0270424153655768,0.9375373125076294,0.398779296875,0.07336925,-0.02847433913120767,9.586143988370896,1450,0.0003,0.9879330992698669
176,1705,301056,48.5938389,147,45.2,0.15958520770072937,0.2,1.045191616564989,0.9112417101860046,0.376171875,0.06445564,-0.018492629600223152,14.311965713649988,1460,0.0003,9.005844116210938
176,1716,303104,48.75310746000001,148,46.15,0.15742485225200653,0.2,1.0659289844334126,0.9246088266372681,0.332080078125,0.05872298,-0.0149214466495323,14.006077612936497,1470,0.0003,3.4294841289520264
176,1727,305152,49.6965291,149,46.84,0.15406835079193115,0.2,1.1061609100550414,0.9643889665603638,0.37021484375,0.07377894,-0.025080976146273314,4.9334498267620805,1480,0.0003,1.056272268295288
176,1739,307200,50.306477879999996,150,46.22,0.15211328864097595,0.2,1.142524864524603,0.9614096879959106,0.387939453125,0.08017225,-0.018518264089652802,6.398582885414362,1490,0.0003,3.71951961517334
176,1750,309248,50.07814131999999,151,45.82,0.14847858250141144,0.2,1.1691887866705657,0.9690960645675659,0.372314453125,0.07723946,-0.019554894068278372,4.86581547781825,1500,0.0003,2.6481215953826904
176,1760,311296,49.675727370000004,152,45.17,0.1466081440448761,0.2,1.2052848629653454,0.9305159449577332,0.37041015625,0.06778694,-0.020553437595663127,11.61588517203927,1510,0.0003,9.175827026367188
176,1771,313344,49.31095702,153,44.71,0.14591877162456512,0.2,1.222757476195693,0.93278568983078,0.378466796875,0.074141845,-0.01821660070127109,10.48867427073419,1520,0.0003,2.712665557861328
176,1782,315392,50.14420002,154,45.09,0.14422330260276794,0.2,1.241520508751273,0.9173552989959717,0.375390625,0.062083215,-0.021651138289598748,13.528447596728801,1530,0.0003,5.807273864746094
177,1793,317440,50.916542070000006,155,45.41,0.1430930495262146,0.2,1.2599924262613058,0.962265133857727,0.402490234375,0.09517777,-0.014288198712165467,5.344454569369555,1540,0.0003,4.2834906578063965
177,1804,319488,50.71296974,156,45.32,0.14143596589565277,0.2,1.2813671357929706,0.9302197694778442,0.40146484375,0.06944409,-0.017401143173628952,11.240217892825603,1550,0.0003,3.200761556625366
177,1814,321536,50.533487029999996,157,45.3,0.14070028066635132,0.2,1.3024272598326205,0.9399393796920776,0.4009765625,0.072636,-0.014356811546895188,9.704487098008395,1560,0.0003,4.7617011070251465
177,1827,323584,49.83089134,158,44.69,0.13960830867290497,0.2,1.313189299404621,0.9234685301780701,0.399169921875,0.071203634,-0.014426682847260962,12.730801072716712,1570,0.0003,5.635895729064941
177,1839,325632,50.687926450000006,159,45.08,0.1376059204339981,0.2,1.328641166538,0.9415223002433777,0.414697265625,0.07336986,-0.012352087515318999,9.53988477960229,1580,0.0003,2.428485155105591
176,1852,327680,50.90797333,160,45.22,0.13858529925346375,0.2,1.334608370065689,0.9183424115180969,0.388525390625,0.06849095,-0.014802495123876724,14.056821899861097,1590,0.0003,14.31871223449707
176,1864,329728,50.570755979999994,161,44.79,0.13643574714660645,0.2,1.3450067665427923,0.9645896553993225,0.389990234375,0.0854298,-0.020233776210079667,5.152737458795309,1600,0.0003,2.6198670864105225
176,1876,331776,50.75192143000002,162,45.13,0.13385294377803802,0.2,1.3797181386500597,0.9439133405685425,0.41689453125,0.09669725,-0.021146270306780936,9.329407998919487,1610,0.0003,1.089086651802063
176,1889,333824,51.116568599999994,163,45.63,0.13197112083435059,0.2,1.413321440666914,0.9650096893310547,0.40576171875,0.10428557,-0.0171454165756586,5.665946318954229,1620,0.0003,3.4927828311920166
176,1902,335872,50.53689097,164,45.37,0.1315489411354065,0.2,1.4289254646748304,0.9326314926147461,0.37490234375,0.061505295,-0.02281517136725597,10.023413607478142,1630,0.0003,3.9742860794067383
176,1916,337920,51.071698770000005,165,45.62,0.13064904510974884,0.2,1.4416730176657437,0.9593114852905273,0.386669921875,0.09266405,-0.013547400403331267,6.0418399140238765,1640,0.0003,4.6496806144714355
176,1927,339968,49.646359000000004,166,44.94,0.13064154982566833,0.2,1.4496837947517633,0.9331279993057251,0.375048828125,0.06818507,-0.02363091611623531,10.488783237338065,1650,0.0003,12.285271644592285
176,1938,342016,49.57269964000001,167,44.88,0.12892407178878784,0.2,1.4602767493575812,0.9333902597427368,0.3900390625,0.08749034,-0.01572138524497859,10.832511895895005,1660,0.0003,4.370038032531738
176,1948,344064,49.97007832,168,44.83,0.12708665430545807,0.2,1.482255745306611,0.9554116725921631,0.420068359375,0.08690858,-0.01577293747686781,6.686366740614176,1670,0.0003,3.3993935585021973
176,1959,346112,49.40501084,169,44.36,0.1261027604341507,0.2,1.5061684351414442,0.9440276026725769,0.397412109375,0.07682383,-0.019165178087132518,8.980069828033447,1680,0.0003,4.770254611968994
176,1969,348160,50.780034040000004,170,45.13,0.12461140006780624,0.2,1.5260285690426827,0.9250839352607727,0.42578125,0.07733497,-0.015471340006479295,12.160229963809252,1690,0.0003,4.6500325202941895
176,1980,350208,51.22567701,171,45.96,0.12585322558879852,0.2,1.528327487781644,0.9561214447021484,0.4111328125,0.083328694,-0.013238258576893713,6.743046810477972,1700,0.0003,2.487999439239502
176,1991,352256,51.61559491999999,172,46.13,0.12468740344047546,0.2,1.5314270626753568,0.9502496719360352,0.398828125,0.075207844,-0.020343625693931243,8.77289562523365,1710,0.0003,6.155526638031006
176,2002,354304,51.35400841,173,45.73,0.1243019625544548,0.2,1.5331009458750486,0.9555627703666687,0.388134765625,0.08627425,-0.020810821231862064,7.271420207619667,1720,0.0003,3.7596726417541504
177,2012,356352,51.25070189000001,174,45.59,0.12306950986385345,0.2,1.5434935696423053,0.9669252634048462,0.38701171875,0.0820643,-0.01324452317203395,5.256548883020878,1730,0.0003,2.3546395301818848
177,2024,358400,50.51605317999999,175,45.04,0.12136825919151306,0.2,1.559388168901205,0.9589210152626038,0.381689453125,0.07303817,-0.02046822057745885,6.679471468180418,1740,0.0003,4.687656879425049
177,2035,360448,49.93004381000001,176,44.78,0.12088431417942047,0.2,1.5829579748213292,0.9654405117034912,0.41689453125,0.10305084,-0.020270858510048128,4.668090433627367,1750,0.0003,3.0412111282348633
177,2046,362496,50.3620158,177,44.85,0.12157133221626282,0.2,1.5914520874619484,0.9620526432991028,0.403369140625,0.10240647,-0.017596163523558063,6.08439443781972,1760,0.0003,3.520307779312134
177,2057,364544,50.71585366,178,44.79,0.12026625871658325,0.2,1.5994955938309432,0.9535737037658691,0.368017578125,0.0686869,-0.01873486891417997,7.266227260231972,1770,0.0003,1.6453124284744263
177,2067,366592,50.22501572,179,44.7,0.11909347772598267,0.2,1.6293871652334928,0.9576468467712402,0.427001953125,0.10220415,-0.015872362091613468,6.641078135371208,1780,0.0003,1.9012908935546875
177,2078,368640,49.63367183,180,44.22,0.1180327981710434,0.2,1.6479346867650748,0.9324833750724792,0.411572265625,0.07394393,-0.017643665398645682,11.335781621187925,1790,0.0003,9.721487045288086
177,2089,370688,48.54432704999999,181,43.7,0.11733560264110565,0.2,1.667034088820219,0.8414546847343445,0.363232421875,0.05616907,-0.01889565698802471,25.92576828300953,1800,0.0003,23.63430404663086
177,2100,372736,48.59622425999999,182,43.75,0.11665508151054382,0.2,1.6726300925016404,0.9127169847488403,0.419287109375,0.103865415,-0.017348820209736004,12.576373906433583,1810,0.0003,9.500147819519043
177,2110,374784,49.987228009999995,183,44.21,0.11675040423870087,0.2,1.6768541201949119,0.9347691535949707,0.444287109375,0.16747835,-0.012935923865006771,10.389501541107894,1820,0.0003,2.0250778198242188
177,2121,376832,50.35983406999999,184,44.63,0.11508437991142273,0.2,1.6913606982678175,0.9288308620452881,0.46845703125,0.135517,-0.016918706097931134,11.630796841531993,1830,0.0003,5.521318435668945
177,2132,378880,51.53711073999999,185,45.25,0.1137106865644455,0.2,1.7139046292752027,0.9597682952880859,0.41259765625,0.121163286,-0.016328073260228847,6.56399090513587,1840,0.0003,1.9942476749420166
177,2143,380928,50.80914595,186,44.64,0.1136784553527832,0.2,1.7312446370720864,0.9695164561271667,0.44619140625,0.103507325,-0.015209194012277294,4.85799391195178,1850,0.0003,2.3304357528686523
177,2154,382976,50.245606800000004,187,44.66,0.11317208409309387,0.2,1.7404369987547397,0.960904598236084,0.412646484375,0.10239746,-0.012082740970072336,6.407485839724541,1860,0.0003,3.200786590576172
177,2166,385024,49.81110659000001,188,43.91,0.11343058943748474,0.2,1.7448946166783572,0.9653791785240173,0.42197265625,0.21391463,-0.013105094101047144,5.88771365955472,1870,0.0003,2.1216676235198975
177,2177,387072,50.172274429999995,189,44.07,0.11393595486879349,0.2,1.742662787437439,0.9205434322357178,0.4453125,0.096174926,-0.007267345150467008,13.039176405966282,1880,0.0003,2.864851713180542
177,2190,389120,51.51573653,190,44.94,0.11370516568422318,0.2,1.744982812181115,0.9399087429046631,0.42470703125,0.08772619,-0.01355887167446781,10.113966912031174,1890,0.0003,7.772857189178467
177,2202,391168,52.27676835000001,191,45.12,0.11315105110406876,0.2,1.7446565590798855,0.9535719156265259,0.4048828125,0.103567936,-0.012623388186329975,7.990141529589891,1900,0.0003,3.184251546859741
177,2214,393216,52.46574593,192,45.14,0.11155656725168228,0.2,1.7559752643108368,0.9571028351783752,0.394189453125,0.08976221,-0.01213662628288148,7.020286042243242,1910,0.0003,2.5933425426483154
177,2228,395264,51.2196982,193,44.45,0.11026038229465485,0.2,1.7820053465664387,0.9626516103744507,0.422412109375,0.10887675,-0.019153162436850835,5.899784409999848,1920,0.0003,2.1868019104003906
177,2240,397312,50.520430020000006,194,43.89,0.10885879397392273,0.2,1.8093698345124722,0.9308754205703735,0.42646484375,0.103185266,-0.01282158713802346,12.504772060364484,1930,0.0003,2.4338040351867676
177,2253,399360,50.60035919,195,43.91,0.1087334007024765,0.2,1.8226457789540291,0.9353668689727783,0.445361328125,0.095672175,-0.0143721208703937,11.253383950889111,1940,0.0003,10.594194412231445
177,2266,401408,50.28882958,196,43.65,0.1082260012626648,0.2,1.8289955005049705,0.8800011873245239,0.41826171875,0.089919455,-0.019436340671381912,20.618612200021744,1950,0.0003,8.990602493286133
176,2279,403456,52.110543299999996,197,44.36,0.10767310857772827,0.2,1.83956030420959,0.9230157732963562,0.434033203125,0.090185806,-0.0159581254774821,13.107339603453875,1960,0.0003,4.046571731567383
176,2292,405504,51.92837407000001,198,44.29,0.10628922283649445,0.2,1.855761270225048,0.9500561952590942,0.43369140625,0.120813265,-0.01579206928581698,8.614762032032013,1970,0.0003,3.6995174884796143
176,2305,407552,51.30940817,199,44.11,0.10601360350847244,0.2,1.8679381050169468,0.8777434229850769,0.42705078125,0.07718194,-0.016537686581432353,22.548894391953944,1980,0.0003,9.435124397277832
176,2317,409600,50.90698447,200,44.05,0.10638204216957092,0.2,1.865482397377491,0.9577783942222595,0.427783203125,0.13766727,-0.009269384430081119,5.724100589752197,1990,0.0003,1.350551724433899
176,2330,411648,51.75198682,201,44.47,0.10522188246250153,0.2,1.8694102227687837,0.9589628577232361,0.436865234375,0.120899305,-0.010313871123071295,7.468300046026707,2000,0.0003,6.098903656005859
176,2343,413696,51.66943147,202,44.41,0.10609343647956848,0.2,1.8688789829611778,0.9298597574234009,0.4630859375,0.093501106,-0.009354185844858875,12.919648907333613,2010,0.0003,1.5670218467712402
176,2356,415744,53.06890192,203,45.07,0.10530631244182587,0.2,1.8685713846236467,0.9675049781799316,0.423193359375,0.08936597,-0.021518181810097303,5.364771243184805,2020,0.0003,2.3677978515625
176,2369,417792,52.0381975,204,44.39,0.10497096180915833,0.2,1.892180186510086,0.9651170969009399,0.426220703125,0.1271448,-0.010915951761126053,6.075879531353712,2030,0.0003,2.300398111343384
176,2382,419840,52.57320714,205,44.6,0.1046171635389328,0.2,1.9051815822720528,0.8735257387161255,0.413427734375,0.07083402,-0.020387055337778293,23.465981042385103,2040,0.0003,12.547041893005371
176,2394,421888,53.572438279999986,206,45.2,0.10373062640428543,0.2,1.9154802113771439,0.9624348282814026,0.417919921875,0.096366055,-0.016276539891259746,6.494672230631113,2050,0.0003,2.8863792419433594
176,2407,423936,53.89953068999999,207,45.43,0.10269233584403992,0.2,1.9308999985456468,0.9709858894348145,0.423291015625,0.10884538,-0.011113868659595027,5.119949541985989,2060,0.0003,2.375222682952881
176,2420,425984,53.39153566,208,45.12,0.10088109970092773,0.2,1.9510196451097728,0.9656898379325867,0.405615234375,0.10099426,-0.016757072703330777,6.5653962135314945,2070,0.0003,2.471590042114258
175,2432,428032,53.40486552,209,45.14,0.10028010606765747,0.2,1.9776821348816156,0.9303973913192749,0.433984375,0.0918968,-0.012641637014166918,13.0316651314497,2080,0.0003,3.8618547916412354
175,2445,430080,53.214183649999995,210,45.31,0.09922313690185547,0.2,1.997022533044219,0.9655956029891968,0.436962890625,0.11365026,-0.013688690387061797,5.762953945249319,2090,0.0003,2.7298693656921387
175,2457,432128,52.91413058,211,45.22,0.09820385277271271,0.2,2.010403748601675,0.9600946307182312,0.3947265625,0.09479848,-0.01782928059110418,7.203725913167,2100,0.0003,1.815888524055481
175,2469,434176,53.56520162999998,212,45.46,0.09790072590112686,0.2,2.032859071344137,0.9498886466026306,0.435009765625,0.10362749,-0.02065520762116648,8.857486779242754,2110,0.0003,3.5819666385650635
175,2481,436224,53.81886858,213,45.41,0.09662657976150513,0.2,2.0525105975568296,0.9569193124771118,0.418115234375,0.10098646,-0.013953671006311197,7.347720035910607,2120,0.0003,3.8320019245147705
175,2493,438272,54.27390231000001,214,45.57,0.0955883264541626,0.2,2.072362145781517,0.9644232988357544,0.419189453125,0.11979493,-0.013034832650737372,6.473441703617572,2130,0.0003,3.417201280593872
175,2506,440320,53.61388375000001,215,45.07,0.09475197643041611,0.2,2.0915540218353272,0.9642195701599121,0.43173828125,0.09671464,-0.008629948431917,6.905017811059952,2140,0.0003,3.506230354309082
175,2518,442368,52.525014309999996,216,44.52,0.09421110898256302,0.2,2.097403433173895,0.9370924830436707,0.43955078125,0.108388826,-0.0067426293971948326,11.624403227120638,2150,0.0003,3.130610942840576
175,2531,444416,51.88159254999999,217,44.29,0.09337129443883896,0.2,2.1084741346538065,0.9701178073883057,0.448486328125,0.13427696,-0.007335911158588715,5.0339350521564485,2160,0.0003,2.1287152767181396
175,2544,446464,52.72551447,218,45.22,0.09344461560249329,0.2,2.1191277742385863,0.9424196481704712,0.44169921875,0.117185675,-0.012396489405364263,10.873960231989622,2170,0.0003,9.709432601928711
175,2556,448512,53.72226169999999,219,45.8,0.09303195774555206,0.2,2.125717931240797,0.9608778357505798,0.438037109375,0.111298725,-0.01542080056242412,6.966913320124149,2180,0.0003,2.105902910232544
175,2568,450560,53.83941376,220,45.76,0.09195563197135925,0.2,2.1494069673120975,0.9597009420394897,0.44990234375,0.121795535,-0.00966686068859417,6.923083981126547,2190,0.0003,4.503259658813477
175,2581,452608,53.98466409999999,221,45.92,0.09098026156425476,0.2,2.1689094230532646,0.9625315070152283,0.45673828125,0.12739342,-0.01701092312432593,6.351096092164516,2200,0.0003,4.0519843101501465
175,2593,454656,53.88501464,222,45.81,0.09055182337760925,0.2,2.1857161566615106,0.9716046452522278,0.427099609375,0.10313906,-0.012404475010407623,4.897571048513055,2210,0.0003,2.567499876022339
175,2605,456704,53.94382258000002,223,45.63,0.08974447101354599,0.2,2.1855388820171355,0.9644482731819153,0.44267578125,0.09579315,-0.01975773193698842,6.736047771573067,2220,0.0003,3.0056800842285156
175,2618,458752,53.733999059999995,224,45.44,0.08923733234405518,0.2,2.204478235542774,0.9630334377288818,0.43681640625,0.098717354,-0.013868356500461232,6.920368395745754,2230,0.0003,2.731678009033203
175,2630,460800,55.084661880000006,225,46.17,0.08883759379386902,0.2,2.2145541407167912,0.9660773277282715,0.4353515625,0.12371438,-0.011155781679553911,5.83082655146718,2240,0.0003,1.3974733352661133
175,2642,462848,55.3370658,226,46.49,0.08779478073120117,0.2,2.2243245698511602,0.9552241563796997,0.449462890625,0.14633194,-0.018985867894662077,7.847388276457787,2250,0.0003,5.357131481170654
175,2655,464896,55.205788649999995,227,46.2,0.08830858021974564,0.2,2.230515854805708,0.9508047699928284,0.429150390625,0.11304979,-0.018927358381915838,8.933292284607887,2260,0.0003,4.219367027282715
174,2668,466944,55.05065713000001,228,46.06,0.08775253593921661,0.2,2.231148491799831,0.9618237018585205,0.46884765625,0.15034689,-0.016278862074250354,7.128308337926865,2270,0.0003,4.509829521179199
174,2680,468992,54.570685190000006,229,46.08,0.08740906417369843,0.2,2.2430845610797405,0.9524748921394348,0.449951171875,0.13355683,-0.00924237158469623,8.883596907556058,2280,0.0003,2.1493735313415527
174,2692,471040,54.214975210000006,230,45.92,0.08689006417989731,0.2,2.2443159371614456,0.9633645415306091,0.452978515625,0.13513044,-0.014761034156981623,6.6215990372002125,2290,0.0003,3.693295478820801
174,2704,473088,53.76010406,231,45.7,0.08703745156526566,0.2,2.2416937090456486,0.9734569787979126,0.452294921875,0.19101249,-0.0029025797644862904,4.820515865832567,2300,0.0003,2.5012102127075195
174,2717,475136,53.64590976,232,45.74,0.08648522198200226,0.2,2.2418752618134024,0.9530624747276306,0.428369140625,0.10557419,-0.015728041536931414,9.155533635616303,2310,0.0003,5.122961044311523
174,2730,477184,53.61482796,233,45.72,0.08642329275608063,0.2,2.2495153471827507,0.9673570394515991,0.45302734375,0.12474223,-0.014712210735160625,5.6825399518013,2320,0.0003,2.378964900970459
174,2742,479232,52.26848987,234,44.98,0.08617988228797913,0.2,2.257964210957289,0.9714347720146179,0.455029296875,0.09915635,-0.011012491548171965,4.962141971662641,2330,0.0003,1.6990782022476196
174,2755,481280,52.724545879999994,235,44.94,0.08589550852775574,0.2,2.268012299388647,0.9300165176391602,0.462109375,0.11341886,-0.014019979935255833,13.39994248971343,2340,0.0003,14.58841323852539
174,2767,483328,53.01660964,236,45.04,0.0846647322177887,0.2,2.2833979092538357,0.9423306584358215,0.469384765625,0.14626616,-0.00890823680529138,10.732822112739086,2350,0.0003,3.1242196559906006
174,2778,485376,52.59796332,237,44.93,0.08454233407974243,0.2,2.296616630256176,0.9624691009521484,0.466845703125,0.12342696,-0.00986180707695894,6.351686713844538,2360,0.0003,4.04728364944458
174,2791,487424,53.28331011,238,45.3,0.08393684029579163,0.2,2.3035919263958933,0.8719943761825562,0.41181640625,0.06799479,-0.01888338782300707,20.338247905671597,2370,0.0003,10.7174654006958
174,2804,489472,53.97231984999999,239,45.75,0.08467191457748413,0.2,2.3089333049952985,0.9329766035079956,0.477783203125,0.19771084,-0.005160333582898602,11.703389690816403,2380,0.0003,2.0764424800872803
174,2817,491520,54.12910804999999,240,46.01,0.08491741120815277,0.2,2.3023703396320343,0.9274047017097473,0.463623046875,0.11340302,-0.007475369425083045,14.110930816829205,2390,0.0003,3.4254775047302246
174,2829,493568,53.48949846000001,241,45.79,0.08450855314731598,0.2,2.2986758045852183,0.9553584456443787,0.463232421875,0.14231673,-0.011543235027056653,7.797982554137707,2400,0.0003,3.9625720977783203
174,2844,495616,53.35955022000001,242,45.49,0.0835171788930893,0.2,2.314276660978794,0.9628152251243591,0.471533203125,0.17819996,-0.01570370488043409,6.938732127100229,2410,0.0003,2.348910331726074
174,2858,497664,54.32242692,243,45.74,0.08431759476661682,0.2,2.3134870752692223,0.9599184393882751,0.44755859375,0.10029799,-0.011042661094688811,7.318878573179245,2420,0.0003,3.0789685249328613
174,2871,499712,54.650697550000004,244,46.17,0.08447718620300293,0.2,2.3017821557819844,0.975489616394043,0.475390625,0.14606917,-0.012194371436635265,4.4431536074727775,2430,0.0003,1.7851433753967285
173,2884,501760,54.83235883,245,46.34,0.08419384062290192,0.2,2.3058565609157085,0.9677639007568359,0.449609375,0.12948611,-0.008530820647138171,6.2817705474793915,2440,0.0003,3.3562240600585938
173,2897,503808,54.324917109999994,246,46.01,0.08400829136371613,0.2,2.3100519247353075,0.9639782905578613,0.460498046875,0.11998351,-0.018386383997858503,6.347783355414867,2450,0.0003,1.804390549659729
173,2910,505856,55.01372416,247,46.33,0.08297786116600037,0.2,2.3247172057628633,0.9736049175262451,0.441845703125,0.14233258,-0.013943844649475068,4.8371448203921315,2460,0.0003,1.4147998094558716
173,2923,507904,55.7376141,248,46.6,0.0820588767528534,0.2,2.3458629839122294,0.9404176473617554,0.439990234375,0.12799181,-0.012822201011294965,10.745624036341905,2470,0.0003,10.893584251403809
173,2940,509952,55.11662534000001,249,45.83,0.08253423124551773,0.2,2.3487216636538504,0.9645708799362183,0.44248046875,0.124507144,-0.015072973859787453,6.324093996733427,2480,0.0003,2.9825501441955566
173,2953,512000,55.07390229000001,250,45.75,0.0820670872926712,0.2,2.3448854848742484,0.9255120754241943,0.438330078125,0.11205399,-0.011948581555770943,14.339845813810825,2490,0.0003,5.7332763671875
173,2971,514048,55.57583028999999,251,46.36,0.08211620151996613,0.2,2.3534791193902493,0.9400039315223694,0.471630859375,0.119042635,-0.00492380753858015,12.058214922249316,2500,0.0003,8.847196578979492
172,2987,516096,53.15278303,252,45.39,0.08190001547336578,0.2,2.3491968013346196,0.9563155174255371,0.43173828125,0.12802592,-0.013423869776306673,8.456586544215678,2510,0.0003,3.5236196517944336
172,3002,518144,53.2976834,253,45.26,0.08119726926088333,0.2,2.362292201071978,0.9627506732940674,0.43935546875,0.09620895,-0.00975919139746111,6.790505470335484,2520,0.0003,3.7732057571411133
172,3015,520192,54.668373030000005,254,45.76,0.08046124875545502,0.2,2.378955516219139,0.9669310450553894,0.4318359375,0.13046767,-0.011147896874172147,5.9584743425250055,2530,0.0003,2.740593910217285
172,3029,522240,55.882283470000004,255,46.3,0.07987291365861893,0.2,2.392094241082668,0.9524359703063965,0.465283203125,0.12596239,-0.01171524717938155,8.523485313355923,2540,0.0003,3.1291415691375732
172,3043,524288,56.24105018,256,46.56,0.07955054938793182,0.2,2.395230392366648,0.9562613368034363,0.44150390625,0.111100905,-0.014350594696588814,8.415358267724514,2550,0.0003,4.2131452560424805
172,3058,526336,55.45223679000001,257,46.37,0.07930260896682739,0.2,2.4060386516153813,0.9581754207611084,0.42763671875,0.13178758,-0.008903072663815691,7.686947486549616,2560,0.0003,4.181469440460205
171,3072,528384,53.52180166999999,258,45.23,0.07848348468542099,0.2,2.418704253435135,0.9566677808761597,0.444287109375,0.120911255,-0.013029594035469928,8.752779901772737,2570,0.0003,3.3863139152526855
171,3086,530432,53.82296305,259,45.91,0.07778722047805786,0.2,2.4409157380461695,0.9022363424301147,0.458935546875,0.1100844,-0.010745052540005417,18.11077460497618,2580,0.0003,3.956310272216797
171,3100,532480,54.83916478000001,260,46.86,0.07780848443508148,0.2,2.4431544192135335,0.9498134851455688,0.43017578125,0.11850042,-0.01524645607569255,9.70089357048273,2590,0.0003,5.24648904800415
171,3115,534528,55.33871938,261,47.15,0.07784932851791382,0.2,2.4446860425174237,0.9528928995132446,0.44482421875,0.14829984,-0.00830048085481394,9.00085856616497,2600,0.0003,3.8450331687927246
171,3131,536576,54.50520751999999,262,46.23,0.07665944844484329,0.2,2.4545665264129637,0.9554523825645447,0.47763671875,0.11699607,-0.014194859827694018,8.386727797240018,2610,0.0003,4.523815155029297
171,3146,538624,54.604345599999995,263,46.09,0.07591131329536438,0.2,2.471433260291815,0.9288173913955688,0.476220703125,0.1361807,-0.009329049992084037,13.463599288463593,2620,0.0003,6.838542938232422
171,3160,540672,54.97677726,264,46.27,0.07585060596466064,0.2,2.4768305383622646,0.955549418926239,0.46923828125,0.1425224,-0.009815764646918978,7.954611597210169,2630,0.0003,1.893700122833252
170,3175,542720,54.765491299999994,265,46.29,0.07637319713830948,0.2,2.4704436525702476,0.9550939798355103,0.456884765625,0.13134995,-0.012701169613865203,7.86803060695529,2640,0.0003,2.9380669593811035
170,3188,544768,54.34746189,266,46.04,0.07607026398181915,0.2,2.470281194895506,0.8712215423583984,0.42978515625,0.119263,-0.016450986865675078,23.281287090480326,2650,0.0003,6.45782470703125
170,3203,546816,54.398745340000005,267,46.01,0.07629118859767914,0.2,2.4689452521502973,0.9392513632774353,0.46123046875,0.14894247,-0.011591464212688151,10.23247421681881,2660,0.0003,5.536503314971924
170,3217,548864,54.82956683999999,268,46.26,0.075015127658844,0.2,2.482548677921295,0.9629326462745667,0.4865234375,0.15181719,-0.017396150584681892,6.959188522398472,2670,0.0003,2.6321492195129395
170,3231,550912,55.79597171999999,269,46.63,0.07427902519702911,0.2,2.5169666409492493,0.9558882117271423,0.455078125,0.13492405,-0.014666206967376638,8.02399539127946,2680,0.0003,3.368891477584839
170,3245,552960,56.200460840000005,270,46.97,0.07424025237560272,0.2,2.539327342808247,0.9601721167564392,0.4759765625,0.21354246,-0.005514566489728168,7.5689977839589115,2690,0.0003,2.152015209197998
170,3259,555008,56.703647329999995,271,46.96,0.07393050193786621,0.2,2.5423253148794176,0.966200053691864,0.50048828125,0.14037418,-0.0018622226605657488,6.457071924209595,2700,0.0003,2.856464147567749
170,3274,557056,56.948011369999996,272,46.78,0.07367638498544693,0.2,2.543896799534559,0.9679738879203796,0.4740234375,0.14157596,-0.015351754949369934,6.379734020680189,2710,0.0003,3.109879493713379
170,3288,559104,56.71246799999999,273,46.78,0.07407382130622864,0.2,2.5449799083173277,0.9669139385223389,0.48525390625,0.11926846,0.0004241847498633433,6.598309022188187,2720,0.0003,2.3955893516540527
169,3304,561152,56.74334911,274,46.68,0.07374261319637299,0.2,2.545792980492115,0.9681507349014282,0.485498046875,0.14581153,-0.008460641834244598,6.1948169760406016,2730,0.0003,3.1196794509887695
169,3318,563200,57.90526382,275,47.33,0.07364612072706223,0.2,2.5513506539165975,0.9356135129928589,0.46630859375,0.11419514,-0.017393854963302147,11.751133685559035,2740,0.0003,3.486079216003418
169,3333,565248,57.000482510000005,276,46.93,0.07367454469203949,0.2,2.546752438694239,0.9609700441360474,0.460546875,0.128632,-0.005006324990245048,7.913790265470743,2750,0.0003,2.3837780952453613
169,3347,567296,56.25227473000001,277,46.43,0.07440412789583206,0.2,2.5304089918732644,0.9291715621948242,0.460302734375,0.14235197,-0.009839347942033783,15.240797099471092,2760,0.0003,4.102972507476807
169,3362,569344,55.56937065000001,278,46.16,0.07421863824129105,0.2,2.520782705396414,0.9593637585639954,0.4650390625,0.145006,-0.01260249337501591,7.942699790745974,2770,0.0003,3.6285557746887207
169,3377,571392,54.08844824,279,45.62,0.07382646948099136,0.2,2.5248401649296284,0.9340466260910034,0.473876953125,0.15010317,-0.011399703948700334,14.03979285210371,2780,0.0003,3.6067111492156982
169,3391,573440,54.342317279999996,280,45.89,0.07424346357584,0.2,2.523993508517742,0.9443556666374207,0.44267578125,0.13098858,-0.014097846107324586,9.824793100357056,2790,0.0003,4.382946491241455
168,3406,575488,55.60260876,281,46.46,0.07566534727811813,0.2,2.497427033632994,0.9551705121994019,0.469921875,0.14762552,-0.00861176304097171,7.984793099761009,2800,0.0003,4.091579437255859
168,3420,577536,55.97145613,282,46.65,0.07570333033800125,0.2,2.4850408770143986,0.941848874092102,0.406689453125,0.14478338,-0.018378449058218393,11.17177406847477,2810,0.0003,4.768551349639893
168,3435,579584,56.770586429999994,283,47.17,0.07616490125656128,0.2,2.4863332636654376,0.9634994268417358,0.454541015625,0.14809133,-0.014827981169946724,6.729353453218937,2820,0.0003,2.7693636417388916
168,3450,581632,56.13916902,284,46.95,0.07520259916782379,0.2,2.494935205578804,0.9484993815422058,0.464453125,0.12181346,-0.016346966961282305,10.08060571923852,2830,0.0003,3.6440980434417725
168,3465,583680,54.50947756999999,285,45.78,0.07478934526443481,0.2,2.5118645250797274,0.930347740650177,0.45068359375,0.11121641,-0.013044539566908497,13.874527558684349,2840,0.0003,10.494733810424805
168,3480,585728,56.16321419,286,46.64,0.07448779046535492,0.2,2.5182068452239035,0.8794012069702148,0.461767578125,0.120851286,-0.019823007671220694,23.591494181752203,2850,0.0003,8.351384162902832
168,3495,587776,57.30447394000001,287,47.3,0.07421836256980896,0.2,2.525811392813921,0.9444311857223511,0.482080078125,0.1325576,-0.011128467621165327,10.322157284617424,2860,0.0003,6.443630218505859
168,3510,589824,57.769868800000005,288,47.78,0.07463424652814865,0.2,2.5239300817251205,0.9521995186805725,0.492431640625,0.16358063,-0.004766693207784556,9.5954547829926,2870,0.0003,3.092003107070923
167,3525,591872,56.95054358,289,47.36,0.07445608079433441,0.2,2.524407958984375,0.950679361820221,0.451025390625,0.11845746,-0.014585023379186168,9.914068464934825,2880,0.0003,5.299838542938232
167,3540,593920,56.78642529000002,290,47.22,0.07467284798622131,0.2,2.51926224604249,0.9459967017173767,0.4326171875,0.101551324,-0.012186544852738734,11.256529270112514,2890,0.0003,5.057669639587402
167,3555,595968,58.043910260000004,291,47.66,0.07506133615970612,0.2,2.518207933753729,0.9545981287956238,0.475244140625,0.15995649,-0.009749163090600633,8.936732222139835,2900,0.0003,3.688610076904297
167,3569,598016,55.90354359,292,46.5,0.07502825558185577,0.2,2.509829157590866,0.9606080651283264,0.4654296875,0.11415615,-0.01597835399006726,8.204081705212593,2910,0.0003,3.2654857635498047
167,3583,600064,55.49836248,293,46.32,0.07388386875391006,0.2,2.526703004539013,0.8750774264335632,0.4572265625,0.107136905,-0.011009109337464906,25.307399843633174,2920,0.0003,14.537303924560547
167,3598,602112,56.49238289,294,47.05,0.0729927122592926,0.2,2.550486671179533,0.9465048313140869,0.477392578125,0.11531961,-0.013095530249120201,8.886785279214383,2930,0.0003,4.402434825897217
167,3612,604160,56.85155816999999,295,47.36,0.07265624403953552,0.2,2.5650658823549746,0.932720422744751,0.50810546875,0.15322843,-0.010287782244267874,13.841244895011187,2940,0.0003,5.509588718414307
167,3627,606208,56.82545258000001,296,47.29,0.07288536429405212,0.2,2.5692746527493,0.924467146396637,0.464892578125,0.16781656,-0.009739622696361038,15.950873257219792,2950,0.0003,9.432950973510742
167,3641,608256,57.56329463,297,47.82,0.0740952342748642,0.2,2.54431259483099,0.9661425352096558,0.473046875,0.15774626,-0.008363060414558277,6.2528083302080635,2960,0.0003,2.834087371826172
166,3656,610304,58.12124401,298,47.99,0.07439807057380676,0.2,2.520840149372816,0.9363915324211121,0.48046875,0.09924503,-0.01077971369813895,13.377589394897223,2970,0.0003,12.880030632019043
166,3670,612352,57.74551221000001,299,47.53,0.07425227016210556,0.2,2.5213804647326468,0.9520114660263062,0.44560546875,0.13388559,-0.013247554280678742,10.054370559751987,2980,0.0003,4.316983699798584
166,3685,614400,56.816878929999994,300,47.23,0.07426832616329193,0.2,2.527967742085457,0.9527308940887451,0.44169921875,0.111086234,-0.010180259733897402,9.079313817620278,2990,0.0003,3.2883503437042236
166,3700,616448,56.67424836,301,47.5,0.07346688956022263,0.2,2.5334314994513987,0.9615811705589294,0.45498046875,0.122975394,-0.010171751320012846,8.128097131848335,3000,0.0003,2.2295401096343994
166,3714,618496,56.658856310000004,302,47.54,0.07311788201332092,0.2,2.5521261908113955,0.9448732137680054,0.456884765625,0.1260809,-0.013059747609077021,11.297803781926632,3010,0.0003,6.923460006713867
166,3729,620544,58.10198993000001,303,47.99,0.07168508321046829,0.2,2.5728821523487566,0.9279817342758179,0.4646484375,0.10608861,-0.003069404543202836,14.662821762263775,3020,0.0003,3.287052869796753
166,3744,622592,57.730792810000004,304,47.74,0.07063911110162735,0.2,2.6051061131060123,0.9531145691871643,0.46552734375,0.17339393,-0.010288320467225276,9.663935959339142,3030,0.0003,3.5275826454162598
166,3758,624640,56.844203190000016,305,47.37,0.07034201920032501,0.2,2.6174834348261355,0.9568063616752625,0.4673828125,0.13634047,-0.006776688100944739,8.347614592313766,3040,0.0003,3.1529312133789062
166,3773,626688,56.575916169999985,306,47.04,0.0704796314239502,0.2,2.615641342103481,0.9555668830871582,0.44501953125,0.13750054,-0.012596225619199685,9.252897970378399,3050,0.0003,2.9095282554626465
165,3787,628736,57.3026552,307,47.32,0.0704195499420166,0.2,2.6075028605759143,0.9416145086288452,0.477001953125,0.15692854,-0.01156712168303784,11.112239536643028,3060,0.0003,6.677491664886475
165,3801,630784,57.03620562000001,308,47.32,0.07098327577114105,0.2,2.600939707458019,0.9646193981170654,0.47216796875,0.1721912,-0.009327892005967443,6.547078961879015,3070,0.0003,2.492644786834717
165,3816,632832,56.11843653,309,46.99,0.07084169238805771,0.2,2.599642860144377,0.9578379988670349,0.435302734375,0.089981765,-0.007917355917743406,8.522651713341475,3080,0.0003,3.3927969932556152
165,3832,634880,56.04255331000001,310,46.96,0.07025162130594254,0.2,2.61166113615036,0.963032066822052,0.46025390625,0.16521758,-0.005442760341975372,7.547375317662954,3090,0.0003,3.019981622695923
165,3846,636928,56.895198600000015,311,47.38,0.06981107592582703,0.2,2.6273667380213737,0.9576477408409119,0.46259765625,0.15438886,-0.013643090639379806,8.076929316669702,3100,0.0003,2.6919546127319336
165,3861,638976,57.14657698999999,312,47.6,0.06985297799110413,0.2,2.6324858114123346,0.9523431062698364,0.46728515625,0.13864738,-0.008709783310769126,9.57296929359436,3110,0.0003,4.4015793800354
165,3875,641024,56.75003875999999,313,47.49,0.0691126137971878,0.2,2.6432324081659315,0.95806485414505,0.455615234375,0.116560005,-0.012949935780488886,8.464729681611061,3120,0.0003,4.573390007019043
165,3890,643072,57.399493109999995,314,47.91,0.06914475560188293,0.2,2.6566094130277635,0.9540706872940063,0.45400390625,0.13877119,-0.018371820013271645,9.272046437859535,3130,0.0003,4.176981449127197
165,3904,645120,57.693092570000005,315,48.12,0.06881525367498398,0.2,2.6605102151632307,0.9552022218704224,0.4353515625,0.1079355,-0.017938269922160542,9.103793916106223,3140,0.0003,4.830493450164795
165,3919,647168,55.494585879999995,316,46.88,0.0680917352437973,0.2,2.6787051811814306,0.9495890736579895,0.460791015625,0.120451555,-0.010473138332599774,10.25118579119444,3150,0.0003,3.2228333950042725
165,3933,649216,55.08540893,317,46.63,0.06797686219215393,0.2,2.689560078084469,0.9146897792816162,0.467431640625,0.14093757,-0.01552064048955799,17.07483164668083,3160,0.0003,10.368828773498535
164,3947,651264,56.21133476999999,318,47.25,0.06770039349794388,0.2,2.6964211866259573,0.9398587942123413,0.474365234375,0.13371724,-0.01570754275744548,10.284566476941109,3170,0.0003,3.7955806255340576
164,3961,653312,56.54912446000001,319,47.29,0.06759583950042725,0.2,2.6972686938941477,0.961548924446106,0.471337890625,0.14245158,-0.011755556556454393,6.750866065174341,3180,0.0003,3.5587897300720215
164,3975,655360,55.65352977999999,320,46.96,0.06831489503383636,0.2,2.696804431825876,0.9619410634040833,0.4638671875,0.16059533,-0.00484034895489458,7.251957753300667,3190,0.0003,3.7128074169158936
164,3988,657408,56.31427944000001,321,47.2,0.06837819516658783,0.2,2.684715389460325,0.9608783721923828,0.476904296875,0.14366189,-0.0014964943984523416,7.629080820083618,3200,0.0003,2.1351003646850586
164,4002,659456,57.05335262000001,322,47.59,0.06758318841457367,0.2,2.6943208657205107,0.9544582366943359,0.47373046875,0.13827169,-0.011930599524930585,8.356217253953218,3210,0.0003,3.898401975631714
164,4016,661504,56.51587354,323,47.39,0.06739066541194916,0.2,2.7075034573674204,0.95421302318573,0.455029296875,0.120469004,-0.010278706742974464,9.466911455988884,3220,0.0003,2.5968713760375977
164,4029,663552,56.817486099999996,324,47.56,0.0674796923995018,0.2,2.7027522407472135,0.9031652808189392,0.5205078125,0.1702912,-0.007832233372027986,19.7069692581892,3230,0.0003,9.478987693786621
164,4043,665600,56.17203956999999,325,47.02,0.06697693467140198,0.2,2.707023212313652,0.952028751373291,0.479833984375,0.1510816,-0.008777095220284536,9.353861159831286,3240,0.0003,4.116603374481201
164,4058,667648,55.142896979999996,326,46.6,0.0659986212849617,0.2,2.731060705333948,0.9498707056045532,0.469873046875,0.14047632,-0.005412913470354397,10.111596009135246,3250,0.0003,5.064305782318115
164,4071,669696,55.48781854000001,327,46.79,0.06575199216604233,0.2,2.748696018755436,0.8952959179878235,0.455078125,0.11047287,-0.015472518806200241,20.497726096212865,3260,0.0003,9.183653831481934
164,4085,671744,54.77552783,328,46.42,0.06519988924264908,0.2,2.762843441963196,0.9531896114349365,0.49423828125,0.1671372,-0.006220941664651036,8.746651344001293,3270,0.0003,4.924703121185303
164,4099,673792,55.671682329999996,329,46.86,0.06593669205904007,0.2,2.75882348716259,0.9565373659133911,0.481005859375,0.20004615,-0.0069887318066321315,8.422616283595563,3280,0.0003,2.638728141784668
164,4113,675840,55.13360466,330,46.51,0.06632786989212036,0.2,2.7449907839298247,0.9388706684112549,0.471142578125,0.17773452,-0.01401308491040254,11.624777118861676,3290,0.0003,4.903016567230225
164,4127,677888,55.47099128000001,331,46.89,0.06552813947200775,0.2,2.7524352096021176,0.9508424401283264,0.477587890625,0.13914038,-0.007628640803159214,9.203435106575489,3300,0.0003,3.289097785949707
164,4142,679936,55.33205859,332,46.91,0.06580064445734024,0.2,2.7613526746630668,0.9613193273544312,0.473291015625,0.11948256,-0.013509772764518858,7.750742879509926,3310,0.0003,4.835437774658203
164,4157,681984,55.034532060000004,333,46.5,0.06490376591682434,0.2,2.7763468354940413,0.9590418338775635,0.47138671875,0.13011351,-0.007244046886626165,7.995648255944252,3320,0.0003,2.414287805557251
163,4171,684032,55.15861867,334,46.77,0.06380439549684525,0.2,2.8012529499828815,0.9354735016822815,0.492919921875,0.1552864,-0.00978775409894297,12.907294075191022,3330,0.0003,3.806919574737549
163,4185,686080,55.70060405,335,47.29,0.06384402513504028,0.2,2.8171958275139333,0.9248005151748657,0.47802734375,0.121383816,-0.010890692587418016,14.227161327004433,3340,0.0003,5.702123641967773
163,4200,688128,55.621846219999995,336,47.26,0.06358331441879272,0.2,2.818608508259058,0.9452797770500183,0.45673828125,0.18270725,-0.009092278203752358,10.375259624421597,3350,0.0003,6.076339244842529
163,4213,690176,55.48163398,337,47.68,0.06300124526023865,0.2,2.8285423547029493,0.9507670402526855,0.461572265625,0.10075129,-0.008156531276472378,9.099055050313472,3360,0.0003,4.731831073760986
163,4227,692224,55.04053954,338,47.43,0.06160233914852142,0.2,2.8608384132385254,0.9324356317520142,0.471337890625,0.14735523,-0.012597813313186634,14.832831341028214,3370,0.0003,4.330021381378174
163,4241,694272,56.39302997,339,47.71,0.06140705943107605,0.2,2.883607133477926,0.9346176981925964,0.53623046875,0.1982765,-0.008587901415012311,12.528703589737415,3380,0.0003,10.50721549987793
163,4255,696320,56.99050279,340,47.94,0.06129481643438339,0.2,2.8800020039081575,0.9544578790664673,0.49033203125,0.19844836,-0.005153847587644122,8.68570693731308,3390,0.0003,4.87627649307251
163,4269,698368,56.61259147999999,341,47.77,0.06102019548416138,0.2,2.8823674507439137,0.9533227682113647,0.484423828125,0.1467385,-0.013621781616529915,8.951752734929324,3400,0.0003,3.4381537437438965
163,4284,700416,57.45058811,342,47.96,0.05948802828788757,0.2,2.9098584547638895,0.949598491191864,0.49091796875,0.14214766,-0.016718822312395788,9.883147031068802,3410,0.0003,4.348690032958984
163,4297,702464,57.88440830999999,343,47.97,0.05962638556957245,0.2,2.928995917737484,0.9370470643043518,0.514599609375,0.17121562,-0.004663186022662557,11.638866985589265,3420,0.0003,2.6717429161071777
163,4312,704512,57.287057,344,47.65,0.05970839411020279,0.2,2.9285163447260856,0.9657212495803833,0.495654296875,0.17698151,-0.005097004921844927,7.027330869436264,3430,0.0003,5.150688171386719
163,4326,706560,56.97751954000001,345,47.57,0.06003786623477936,0.2,2.922871708869934,0.9521582722663879,0.4859375,0.13290006,-0.00820978947012918,8.974536040425301,3440,0.0003,5.336480140686035
163,4340,708608,57.38594676999999,346,47.87,0.06029076874256134,0.2,2.9134151242673396,0.9285048246383667,0.50712890625,0.20048362,-0.008895663118164521,13.883427080512046,3450,0.0003,5.4450602531433105
163,4354,710656,58.535097349999994,347,48.63,0.05960827320814133,0.2,2.923954516649246,0.9503062963485718,0.488037109375,0.1758635,-0.008681418932974338,9.693453577905894,3460,0.0003,2.9353256225585938
163,4368,712704,57.78067221000002,348,48.47,0.05886930972337723,0.2,2.9460603736341,0.9506728649139404,0.495849609375,0.12494324,-0.0065527165614184925,9.965636791288853,3470,0.0003,4.514150619506836
163,4382,714752,56.895144200000004,349,47.62,0.05869273468852043,0.2,2.958528267592192,0.9519038796424866,0.490673828125,0.16863301,-0.010991775602451525,9.521698734164238,3480,0.0003,4.975419044494629
163,4396,716800,57.22463811999999,350,47.79,0.05830211937427521,0.2,2.9688330344855784,0.9505619406700134,0.517236328125,0.17987478,-0.007542638869199436,10.347696626186371,3490,0.0003,3.0673844814300537
162,4410,718848,57.696886690000014,351,48.11,0.05779702961444855,0.2,2.9854974120855333,0.9615744948387146,0.491357421875,0.1815694,-0.0071792599250329655,7.793700181692839,3500,0.0003,4.114712715148926
162,4424,720896,57.58012728999999,352,48.38,0.058004822582006454,0.2,2.9968453906476498,0.958291232585907,0.516552734375,0.17479014,-0.009332394240482244,7.800816502422094,3510,0.0003,5.258136749267578
162,4439,722944,57.57682906,353,48.37,0.05827272683382034,0.2,2.9900199502706526,0.961025595664978,0.490869140625,0.16803709,-0.00470318221632624,8.030238473415375,3520,0.0003,3.467583179473877
162,4453,724992,58.40973279,354,48.81,0.058196745812892914,0.2,2.984222164005041,0.9568338394165039,0.489697265625,0.15366137,-0.006840778814512305,9.11342438608408,3530,0.0003,4.814734935760498
162,4466,727040,57.19462692,355,48.28,0.05709516257047653,0.2,3.006759314239025,0.9366310238838196,0.501025390625,0.17951867,-0.006537020219548139,13.553983268141746,3540,0.0003,9.111799240112305
162,4480,729088,56.38511663,356,47.9,0.05689813196659088,0.2,3.0298789359629152,0.9574576616287231,0.48017578125,0.14106083,-0.00417257609515218,8.395233335345983,3550,0.0003,2.9734530448913574
162,4495,731136,57.445619439999994,357,48.16,0.05665639415383339,0.2,3.0318695016205313,0.9579330086708069,0.492724609375,0.16950303,-0.004934090112510603,8.645454002916813,3560,0.0003,4.63149356842041
162,4509,733184,57.5881562,358,47.96,0.05674649775028229,0.2,3.030978252738714,0.9648762345314026,0.50146484375,0.16473745,-0.001058441180794034,7.548898217827082,3570,0.0003,5.1454758644104
162,4523,735232,58.01629298999999,359,48.03,0.05652773380279541,0.2,3.0312924601137636,0.9576690793037415,0.479052734375,0.13896981,-0.009419612924102694,9.056876406818628,3580,0.0003,4.844748497009277
162,4537,737280,57.64401196,360,47.64,0.05648192763328552,0.2,3.0362459391355516,0.9555961489677429,0.50078125,0.20499821,-0.003214218442735728,8.966908557713031,3590,0.0003,3.2690677642822266
162,4551,739328,55.91854046,361,47.06,0.056101538240909576,0.2,3.0428818337619306,0.9599028825759888,0.513037109375,0.16009146,0.005153925961349159,8.35278257727623,3600,0.0003,4.714625358581543
162,4565,741376,56.09706968,362,47.27,0.056131020188331604,0.2,3.0496379263699054,0.9424375295639038,0.488525390625,0.14431036,-0.0071358823319314976,11.52770521491766,3610,0.0003,3.7236826419830322
162,4579,743424,56.320946160000005,363,47.28,0.055957771837711334,0.2,3.0488209083676336,0.9327082633972168,0.508154296875,0.14631042,-0.006793950731662335,13.113828457891941,3620,0.0003,12.516495704650879
162,4593,745472,56.95512087,364,48.18,0.05559145659208298,0.2,3.058543364703655,0.9204488396644592,0.4912109375,0.15210555,-0.006138155299413484,16.651433031260968,3630,0.0003,4.875708103179932
162,4607,747520,56.57497991,365,48.04,0.054924532771110535,0.2,3.0784200742840766,0.9502911567687988,0.489794921875,0.18985084,-0.015504654099640903,10.179483607411385,3640,0.0003,6.121033668518066
162,4621,749568,56.478062810000004,366,47.67,0.0545450896024704,0.2,3.0961010567843914,0.9558082818984985,0.509033203125,0.16291872,-0.0051415377296507355,9.111958952248097,3650,0.0003,3.2294275760650635
162,4635,751616,56.10350263,367,47.47,0.054607074707746506,0.2,3.1020230419933794,0.9496101140975952,0.461865234375,0.107732855,-0.007228075093007646,10.978543423116207,3660,0.0003,7.447890281677246
162,4649,753664,55.68309663000001,368,47.08,0.054419003427028656,0.2,3.106665065139532,0.9023536443710327,0.52822265625,0.18495527,-0.00342193077376578,20.670732732117177,3670,0.0003,4.628195762634277
162,4664,755712,57.08929641000002,369,47.8,0.054672494530677795,0.2,3.105496507883072,0.9325460195541382,0.530517578125,0.15976971,-0.003797753294929862,14.01719181239605,3680,0.0003,6.190176486968994
161,4678,757760,58.54450671000001,370,48.98,0.0546998456120491,0.2,3.1039066545665266,0.9643949866294861,0.532666015625,0.20250957,0.0012969996401807292,7.412772698700428,3690,0.0003,3.489065408706665
161,4692,759808,58.51450229,371,48.81,0.0547013022005558,0.2,3.105799189954996,0.9641957879066467,0.50146484375,0.17453235,-0.003984347824007273,7.568806899338961,3700,0.0003,4.36896276473999
161,4704,761856,58.20857171000001,372,48.58,0.05421901121735573,0.2,3.1169728472828866,0.9635130167007446,0.52958984375,0.18856716,-0.0066896603078930635,7.419355192035437,3710,0.0003,5.676908016204834
161,4718,763904,57.07199065,373,47.58,0.054807908833026886,0.2,3.113324185460806,0.9565165638923645,0.522509765625,0.16016673,-0.016128457203740253,8.881532154977322,3720,0.0003,5.998471736907959
161,4731,765952,56.00376904999999,374,47.11,0.05508054047822952,0.2,3.0988194406032563,0.941625714302063,0.478515625,0.15096849,-0.007913775881752372,12.170075745880604,3730,0.0003,6.252213478088379
161,4744,768000,55.26397279999999,375,46.97,0.05517267808318138,0.2,3.0988604187965394,0.937225341796875,0.482275390625,0.16621709,-0.004895025890436955,12.534792046248914,3740,0.0003,5.22528076171875
161,4754,770048,55.730005770000005,376,47.22,0.055327802896499634,0.2,3.0989248886704446,0.9449575543403625,0.5201171875,0.16139105,-0.002198260754812509,11.153998845815659,3750,0.0003,3.0839896202087402
162,4765,772096,55.61653728,377,47.22,0.055143408477306366,0.2,3.101297211647034,0.9219247102737427,0.522900390625,0.16176644,0.0023576916864840314,14.90538058578968,3760,0.0003,11.402395248413086
162,4775,774144,55.46917648000001,378,47.15,0.053729332983493805,0.2,3.127304244786501,0.9279696345329285,0.5173828125,0.19756931,-0.012790130739449523,15.37005957365036,3770,0.0003,7.773167610168457
162,4785,776192,55.77034683,379,47.06,0.05381501466035843,0.2,3.145646380633116,0.9224317073822021,0.518896484375,0.13230053,-0.00248136237350991,15.328179082274437,3780,0.0003,7.666609764099121
162,4795,778240,57.01379822,380,48.05,0.05409106984734535,0.2,3.14257637783885,0.9406367540359497,0.493115234375,0.1963132,-0.0053381233396066815,12.003599627315998,3790,0.0003,4.888644218444824
162,4806,780288,56.975930029999994,381,47.91,0.05451848357915878,0.2,3.1356651984155177,0.9474871158599854,0.52255859375,0.20483029,-0.0036117411058512517,11.418293350934983,3800,0.0003,2.4611148834228516
162,4816,782336,57.46565624,382,48.14,0.05459409952163696,0.2,3.1329163730144503,0.9176347255706787,0.5337890625,0.16618651,-0.0007558326236903667,16.173090076446535,3810,0.0003,7.756564617156982
162,4827,784384,57.303198759999994,383,47.96,0.05462604761123657,0.2,3.1326580323278903,0.9492615461349487,0.519677734375,0.22442266,-0.005436207343882416,10.37450959160924,3820,0.0003,4.009261131286621
162,4838,786432,56.106813249999995,384,47.67,0.05455504357814789,0.2,3.134986361116171,0.9499536156654358,0.5134765625,0.14803043,-0.006029256041802,10.452055042982101,3830,0.0003,7.677845001220703
162,4849,788480,55.09651513,385,47.1,0.05471261590719223,0.2,3.1319736145436763,0.9333378076553345,0.5103515625,0.14571579,-0.0020144005022302734,13.807578970491885,3840,0.0003,8.264328956604004
162,4861,790528,55.92520169,386,47.62,0.05423429608345032,0.2,3.1443157315254213,0.9343615770339966,0.534130859375,0.1874494,-0.002114410707144998,11.591579864919186,3850,0.0003,3.6675877571105957
162,4875,792576,57.12301802000002,387,48.1,0.05413619428873062,0.2,3.154688709229231,0.9532853960990906,0.510791015625,0.1855634,-0.0028245338216947857,9.117034476995467,3860,0.0003,3.339217185974121
162,4888,794624,56.258429320000005,388,47.74,0.05436334013938904,0.2,3.1506283968687057,0.9617995619773865,0.51455078125,0.1791082,0.00668538227037061,7.689550239592791,3870,0.0003,4.113110065460205
162,4901,796672,56.74624542999999,389,48.03,0.05368098244071007,0.2,3.154252253472805,0.9483591914176941,0.486181640625,0.1330435,-0.004054739639832406,10.688571798801423,3880,0.0003,4.220930099487305
162,4915,798720,56.74414570999999,390,47.87,0.054417021572589874,0.2,3.153373033553362,0.9552880525588989,0.54814453125,0.212549,0.006589174407417886,8.774415048211813,3890,0.0003,5.185225963592529
162,4928,800768,55.95291147,391,47.42,0.05430974066257477,0.2,3.1438677825033663,0.9095540642738342,0.51328125,0.14480123,-0.008340821776073426,18.28515735268593,3900,0.0003,3.1933670043945312
162,4941,802816,56.379018699999996,392,47.76,0.05431230366230011,0.2,3.1447128646075724,0.9138628244400024,0.457470703125,0.12969723,-0.0031026335258502514,18.345368322730064,3910,0.0003,11.12847900390625
162,4955,804864,57.175043210000005,393,48.27,0.05437815189361572,0.2,3.1449607983231544,0.935416042804718,0.50361328125,0.19710927,-0.003922796807455597,13.481948764622212,3920,0.0003,10.692763328552246
162,4970,806912,57.511584349999985,394,48.95,0.054497018456459045,0.2,3.137599375844002,0.9466742277145386,0.5095703125,0.18635553,0.0005167129871551879,11.389289185404778,3930,0.0003,7.500788688659668
162,4985,808960,58.265237989999996,395,49.1,0.054928697645664215,0.2,3.124500770866871,0.9354261159896851,0.545556640625,0.19229977,-0.0021277109102811665,14.086722107231617,3940,0.0003,7.71938419342041
162,4999,811008,56.90163349999999,396,48.09,0.055105455219745636,0.2,3.117105109989643,0.9555469155311584,0.491552734375,0.2019704,-0.004115793497476261,8.944917586445808,3950,0.0003,4.7447028160095215
162,5013,813056,55.49358263,397,47.18,0.05556219816207886,0.2,3.1027437783777714,0.9375830292701721,0.479248046875,0.12577195,-0.006913468449783977,12.94143898487091,3960,0.0003,7.2076592445373535
162,5026,815104,56.42885192000001,398,48.15,0.056168749928474426,0.2,3.0849925987422466,0.9376016855239868,0.5037109375,0.17450869,-0.0016467375491629355,12.937679456174374,3970,0.0003,3.9906153678894043
162,5040,817152,55.6870346,399,47.95,0.05607374757528305,0.2,3.073056188970804,0.9517006278038025,0.497705078125,0.1760048,-0.009561538560956252,11.164515659213066,3980,0.0003,6.781076908111572
162,5054,819200,55.81250615,400,47.69,0.056068550795316696,0.2,3.0816113270819185,0.9325414299964905,0.494287109375,0.15577641,-0.0053803927439730614,14.607397547364235,3990,0.0003,6.534468650817871
162,5068,821248,56.88545301999999,401,48.12,0.05520572513341904,0.2,3.09938373118639,0.9267812967300415,0.513671875,0.16526502,-0.0003437580628087744,14.948142160475253,4000,0.0003,7.403634548187256
162,5081,823296,57.86699411999999,402,48.89,0.05521746724843979,0.2,3.1135004207491876,0.9032573103904724,0.5521484375,0.18705471,0.006996221258305013,19.834061160683632,4010,0.0003,2.7624239921569824
161,5096,825344,57.89737512000001,403,49.17,0.05476746708154678,0.2,3.1164815038442613,0.9406630396842957,0.5255859375,0.20710759,-0.0021501890383660792,11.751550593972206,4020,0.0003,4.14409065246582
161,5109,827392,58.18843651,404,49.04,0.05533544719219208,0.2,3.110176382213831,0.9545301795005798,0.51865234375,0.19762439,0.009472366713453084,9.608788350224495,4030,0.0003,4.6110663414001465
161,5123,829440,58.49426953000001,405,48.89,0.05501461401581764,0.2,3.1061651073396206,0.943770170211792,0.511181640625,0.1675597,-0.010671406754408964,11.170379009842872,4040,0.0003,4.341159820556641
161,5136,831488,58.92615224,406,48.96,0.05432509258389473,0.2,3.125523416697979,0.9495746493339539,0.514453125,0.20018098,0.007627946368302219,10.64291517138481,4050,0.0003,5.543558597564697
161,5148,833536,59.05555201,407,49.22,0.05396578088402748,0.2,3.1346651442348956,0.9660511016845703,0.501416015625,0.16858232,-0.006459308494231664,7.215983391553164,4060,0.0003,2.848318338394165
161,5160,835584,58.756366690000014,408,49.13,0.05440535396337509,0.2,3.133360555768013,0.948602557182312,0.511962890625,0.17643681,0.007576144138874951,9.929489740729332,4070,0.0003,3.4649910926818848
161,5173,837632,57.90242481999999,409,48.79,0.054359737783670425,0.2,3.1339125759899615,0.958102822303772,0.515673828125,0.18240458,0.0013801839988445864,8.982483027875423,4080,0.0003,6.08347225189209
161,5185,839680,58.253842510000005,410,48.95,0.053914036601781845,0.2,3.142564783245325,0.9453756809234619,0.47138671875,0.1503941,-0.009988681989489124,11.09374857917428,4090,0.0003,3.3223342895507812
161,5197,841728,59.09911884000001,411,49.07,0.053470417857170105,0.2,3.157803715765476,0.9623695611953735,0.526220703125,0.20238066,-0.006512835970352171,6.552474574744702,4100,0.0003,3.4249813556671143
161,5209,843776,58.632937089999984,412,48.6,0.0540432408452034,0.2,3.153729757666588,0.97321617603302,0.47412109375,0.14663924,-0.0031679339648690076,5.6757091276347635,4110,0.0003,2.737881898880005
161,5222,845824,57.11203526,413,47.98,0.053669389337301254,0.2,3.154994162917137,0.9649105072021484,0.486572265625,0.1751943,0.00335781516841962,7.65534810423851,4120,0.0003,4.080530643463135
161,5234,847872,57.4226886,414,48.15,0.053996384143829346,0.2,3.1460792899131773,0.9273475408554077,0.487109375,0.13798869,-0.006633536804292817,14.9570709772408,4130,0.0003,5.208200931549072
161,5247,849920,58.49368535000001,415,48.39,0.054270777851343155,0.2,3.136029599606991,0.9470043182373047,0.5103515625,0.17093828,-0.004494763691036496,10.13718393445015,4140,0.0003,3.8496804237365723
162,5259,851968,59.563563450000004,416,48.98,0.054406970739364624,0.2,3.1266369566321375,0.9221887588500977,0.507470703125,0.1580694,-0.011041396367363631,17.70993011444807,4150,0.0003,4.344468116760254
162,5271,854016,58.010231680000004,417,48.01,0.05445709079504013,0.2,3.1210313022136686,0.9516761302947998,0.509375,0.18111755,0.0033366476360242813,9.742588728666306,4160,0.0003,4.291954517364502
162,5284,856064,57.13587645,418,47.66,0.05478224903345108,0.2,3.1067071154713632,0.9372460842132568,0.52421875,0.18742847,-0.006405095757509116,13.818693619966506,4170,0.0003,3.0959842205047607
162,5296,858112,55.39042781,419,46.89,0.05360884219408035,0.2,3.124690816551447,0.9622452855110168,0.492529296875,0.17635605,-0.006212843787216116,7.688047971576452,4180,0.0003,2.22969126701355
162,5308,860160,55.999546190000004,420,46.94,0.053676195442676544,0.2,3.1442002139985563,0.9488996267318726,0.51220703125,0.22672519,-0.005060844746913063,10.802248610556125,4190,0.0003,3.4090988636016846
162,5321,862208,56.920769230000005,421,47.21,0.053605854511260986,0.2,3.1459663033485414,0.9625163078308105,0.500439453125,0.2005224,-0.0061189793224912135,6.8803887136280535,4200,0.0003,3.260347843170166
162,5334,864256,56.53789339,422,46.82,0.05398547649383545,0.2,3.1390983782708646,0.9599670767784119,0.486181640625,0.16074044,-0.010813843831419945,8.287215901911258,4210,0.0003,3.3220059871673584
162,5347,866304,55.427819029999995,423,46.09,0.05400940030813217,0.2,3.1336969412863254,0.9592251181602478,0.505908203125,0.17971972,0.004757081014395226,8.230079513043165,4220,0.0003,3.711568593978882
161,5360,868352,55.62206878999999,424,46.49,0.05416624993085861,0.2,3.1291916511952875,0.9228468537330627,0.472900390625,0.13820389,-0.013369011480244808,15.28544348925352,4230,0.0003,9.370430946350098
161,5375,870400,56.39067306999999,425,47.24,0.05450809746980667,0.2,3.1221410885453222,0.9453548192977905,0.513916015625,0.16979942,-0.0011206949173356406,9.665637557208537,4240,0.0003,4.247037410736084
161,5388,872448,57.71974682000002,426,47.89,0.054421357810497284,0.2,3.123292590677738,0.9550877809524536,0.491552734375,0.18053639,-0.009633331077930051,8.953317153453828,4250,0.0003,2.7437314987182617
161,5403,874496,56.67450721000002,427,47.51,0.05434850603342056,0.2,3.130384686589241,0.9608327150344849,0.5009765625,0.1552537,-0.004220196240203223,7.677319610863924,4260,0.0003,3.664452075958252
161,5416,876544,56.86849504,428,47.23,0.0545802041888237,0.2,3.1286719352006913,0.9326097965240479,0.471923828125,0.12244934,-0.011907351266563638,13.5073840752244,4270,0.0003,4.470674991607666
161,5428,878592,58.139737000000004,429,47.31,0.05439592897891998,0.2,3.1308353804051876,0.9528873562812805,0.51611328125,0.14452031,0.0029068871524941644,9.552962926775217,4280,0.0003,2.237671375274658
161,5441,880640,57.48393721,430,47.13,0.05430165305733681,0.2,3.1267976462841034,0.9590429067611694,0.504248046875,0.176712,0.004558173006807919,8.295180936157703,4290,0.0003,2.6832761764526367
161,5453,882688,57.1551876,431,47.1,0.05450797453522682,0.2,3.121387705206871,0.9509178996086121,0.498583984375,0.14045998,-0.00015236895123962312,10.23240659981966,4300,0.0003,3.385138988494873
161,5466,884736,57.26163433999999,432,47.02,0.054422907531261444,0.2,3.1203406102955342,0.9493010640144348,0.470263671875,0.13914356,-0.008314259175676852,10.851235301792622,4310,0.0003,9.521549224853516
161,5479,886784,57.535259260000004,433,47.45,0.05487031862139702,0.2,3.1161559142172335,0.9503003358840942,0.51630859375,0.20801914,0.0006178157971589826,10.918198738992213,4320,0.0003,3.9457504749298096
161,5492,888832,58.88416948,434,47.97,0.05473017320036888,0.2,3.110826001316309,0.9516268968582153,0.489892578125,0.1512931,-0.003523610159754753,10.705275602638721,4330,0.0003,3.9836061000823975
161,5504,890880,57.98440790000001,435,47.54,0.05449965223670006,0.2,3.1181454434990883,0.9370025396347046,0.522119140625,0.19923791,-0.004423439618039993,12.44342086315155,4340,0.0003,4.938608169555664
161,5517,892928,58.94043215,436,47.9,0.0538703128695488,0.2,3.133418918401003,0.927241325378418,0.481005859375,0.16352946,-0.006681631514220498,15.424623124301434,4350,0.0003,6.928745269775391
161,5530,894976,58.678437280000004,437,47.86,0.05399075523018837,0.2,3.141810313612223,0.9518749713897705,0.510400390625,0.1925886,0.002507118653738871,10.564556369930505,4360,0.0003,4.722741603851318
161,5542,897024,57.87036628,438,47.43,0.05447147786617279,0.2,3.128603534400463,0.953585147857666,0.48486328125,0.17955118,-0.007269511808408425,10.06864945590496,4370,0.0003,4.7831244468688965
161,5554,899072,57.163284749999995,439,46.99,0.05434902757406235,0.2,3.120360478758812,0.9084194898605347,0.48828125,0.14292799,-0.011925946519477293,19.2840952321887,4380,0.0003,8.58506965637207
161,5567,901120,56.01349544,440,46.27,0.05378567427396774,0.2,3.1345833845436575,0.9161272048950195,0.491162109375,0.132739,-0.002859524051018525,18.750921182334423,4390,0.0003,4.2708845138549805
161,5580,903168,57.35752926,441,47.11,0.05409274622797966,0.2,3.133471044898033,0.9228147268295288,0.48896484375,0.13696323,0.0012368543597403915,16.726561632752418,4400,0.0003,7.32295036315918
161,5592,905216,57.50767762000001,442,47.18,0.053844697773456573,0.2,3.1357904888689516,0.9610294699668884,0.5078125,0.1853666,0.0009927812308887952,7.988740453124047,4410,0.0003,4.435449600219727
161,5606,907264,56.43986843999999,443,46.58,0.0535505935549736,0.2,3.144784379005432,0.9149851202964783,0.514404296875,0.15859838,-0.001740468031493947,19.053403641283513,4420,0.0003,6.464796543121338
161,5619,909312,57.512088490000004,444,47.1,0.053899653255939484,0.2,3.1419280633330344,0.9600264430046082,0.50419921875,0.33029902,0.0024201924563385544,7.919353982806205,4430,0.0003,4.251789093017578
161,5631,911360,57.14970227,445,46.77,0.05422361195087433,0.2,3.12745586335659,0.961097240447998,0.503515625,0.21526264,0.004210509307449683,7.928013953566551,4440,0.0003,4.684406280517578
161,5643,913408,55.944659099999996,446,46.15,0.05415785312652588,0.2,3.123474355787039,0.9600983262062073,0.504541015625,0.17499381,0.0016614652224234306,7.517739852517844,4450,0.0003,3.2760086059570312
161,5656,915456,55.3282796,447,46.22,0.0538354367017746,0.2,3.136087753623724,0.9673738479614258,0.5275390625,0.2397051,-0.009166011573688593,6.519271551817655,4460,0.0003,2.7967631816864014
161,5669,917504,55.774630640000005,448,46.59,0.05317409336566925,0.2,3.153608264774084,0.9357264041900635,0.4994140625,0.15897045,-0.004678924501058645,13.383922371268273,4470,0.0003,3.116121530532837
161,5682,919552,55.54198827000001,449,46.57,0.052177995443344116,0.2,3.1787636138498785,0.9656729102134705,0.5087890625,0.17785366,-0.0036905842076521366,6.303444147855044,4480,0.0003,2.704944133758545
161,5696,921600,55.05920151,450,46.1,0.051811251789331436,0.2,3.2092632204294205,0.9597088098526001,0.51015625,0.15082747,-0.006709650488483021,8.267048922181129,4490,0.0003,3.454561948776245
161,5709,923648,55.819244260000005,451,46.26,0.05131889879703522,0.2,3.23230556845665,0.9574501514434814,0.515380859375,0.29269922,-0.003653220718842931,8.435734673589469,4500,0.0003,5.080094814300537
161,5721,925696,56.08221998999999,452,46.31,0.05150382220745087,0.2,3.241540153324604,0.9292234182357788,0.50478515625,0.13338521,-0.002825222500541713,12.830964513868093,4510,0.0003,6.011577606201172
161,5734,927744,57.86511467000001,453,47.46,0.05177348852157593,0.2,3.2333670638501646,0.9362255930900574,0.48623046875,0.1409221,-0.01043945930650807,12.984444916993379,4520,0.0003,4.598489284515381
161,5747,929792,58.17570403999999,454,47.93,0.05152977257966995,0.2,3.2305048003792765,0.955693244934082,0.5140625,0.20503828,-0.0020910356579406653,8.88590178489685,4530,0.0003,5.391758918762207
161,5760,931840,57.12159459,455,47.31,0.051654666662216187,0.2,3.2343129999935627,0.9406082630157471,0.50595703125,0.18133238,-0.0031514496586169116,12.4569281026721,4540,0.0003,3.4715006351470947
161,5773,933888,56.60825182000001,456,47.28,0.05155068263411522,0.2,3.2322562381625177,0.9344725608825684,0.513720703125,0.1732491,0.001606660989637021,13.63971249461174,4550,0.0003,4.940120697021484
161,5785,935936,58.083100240000014,457,48.16,0.05166594684123993,0.2,3.2233686670660973,0.963991641998291,0.517333984375,0.18868852,-0.005842342587129679,7.390170533955097,4560,0.0003,2.640366554260254
161,5799,937984,56.912630609999994,458,47.4,0.052209969609975815,0.2,3.2061879105865954,0.950248122215271,0.49677734375,0.1259746,-0.008501378474466036,10.009165318310261,4570,0.0003,4.331945419311523
161,5814,940032,56.70742690000001,459,47.12,0.05254002660512924,0.2,3.192888268083334,0.9136511087417603,0.5029296875,0.13310437,-0.004783733599469997,18.491963206231596,4580,0.0003,6.3241682052612305
161,5829,942080,58.79004532,460,48.25,0.052268482744693756,0.2,3.1955195754766463,0.9463636875152588,0.49775390625,0.2010669,-0.004101249121595174,9.737161239981651,4590,0.0003,3.904083728790283
161,5842,944128,57.688743949999996,461,47.95,0.05159447714686394,0.2,3.2108559243381025,0.9577240347862244,0.519189453125,0.18002978,-0.0030823558743577452,9.292947620153427,4600,0.0003,4.928929328918457
161,5853,946176,57.19908988,462,47.84,0.05213376134634018,0.2,3.2126188836991787,0.9362791180610657,0.516650390625,0.13640228,-0.0018030881306913215,14.267613830417394,4610,0.0003,7.480642795562744
161,5866,948224,58.91058608,463,48.37,0.05186077952384949,0.2,3.206833939999342,0.9324811100959778,0.482421875,0.13308837,-0.007974161331367214,14.18895210325718,4620,0.0003,8.015201568603516
161,5880,950272,59.1462156,464,48.88,0.05199263244867325,0.2,3.2099123522639275,0.9587046504020691,0.525390625,0.18083143,0.0011987200981820934,7.359123224765062,4630,0.0003,4.175934791564941
161,5893,952320,57.611436639999994,465,47.94,0.051929160952568054,0.2,3.210212755203247,0.9371231198310852,0.52529296875,0.18096985,-0.0013590888978797012,14.614375197887421,4640,0.0003,3.733612537384033
161,5906,954368,57.248573640000004,466,47.35,0.05261664837598801,0.2,3.1955563515424728,0.923181414604187,0.509375,0.15385169,0.0017172118270536885,17.172143317759037,4650,0.0003,8.942299842834473
161,5917,956416,57.68571057,467,47.01,0.05273909494280815,0.2,3.1742924340069294,0.9520286321640015,0.517138671875,0.2144144,0.003203476654016413,10.258667141199112,4660,0.0003,5.642700672149658
161,5928,958464,58.2904977,468,47.46,0.05226345360279083,0.2,3.173658334463835,0.9061944484710693,0.50771484375,0.18813705,0.0018339719019422774,19.768990838527678,4670,0.0003,12.516868591308594
161,5939,960512,60.01697305,469,48.63,0.0519200898706913,0.2,3.181875762343407,0.9592326879501343,0.51162109375,0.20771202,-0.004863651741470676,7.939277703315019,4680,0.0003,4.214918613433838
161,5950,962560,59.39785392000001,470,48.19,0.052244119346141815,0.2,3.187299259006977,0.9617704749107361,0.532421875,0.18749434,0.010090053315798287,8.200585758686065,4690,0.0003,4.183881759643555
161,5960,964608,59.635783069999995,471,48.69,0.05285600945353508,0.2,3.1715777732431887,0.964422881603241,0.521923828125,0.21830136,0.004611559673503507,7.710153651237488,4700,0.0003,3.7952327728271484
161,5970,966656,59.52482988,472,48.32,0.05314715579152107,0.2,3.1501331135630606,0.965101420879364,0.491845703125,0.26012433,-0.002979864391090814,8.166356478631496,4710,0.0003,3.949772596359253
161,5981,968704,59.21074768,473,47.98,0.05281935632228851,0.2,3.155016642063856,0.9061980843544006,0.51298828125,0.11753586,-0.012328189302934334,18.135543240606786,4720,0.0003,4.77910852432251
161,5992,970752,58.75466601,474,47.82,0.0524183064699173,0.2,3.163990357518196,0.9452853798866272,0.48623046875,0.16694465,5.606836275546811e-05,11.07865833491087,4730,0.0003,4.080939292907715
162,6002,972800,58.502035510000006,475,47.85,0.05282898619771004,0.2,3.158059789985418,0.9510762691497803,0.453662109375,0.14769125,-0.009846159734297543,9.626536943018436,4740,0.0003,3.6267318725585938
162,6013,974848,59.328674920000005,476,48.16,0.05277955159544945,0.2,3.1514342315495014,0.9647252559661865,0.48740234375,0.13395739,5.2931033133063464e-05,7.381356342881918,4750,0.0003,4.380712509155273
162,6023,976896,60.40388602000001,477,48.72,0.05293014645576477,0.2,3.1549730636179447,0.9553852677345276,0.50107421875,0.16211352,-0.0054331207837094555,10.03541133105755,4760,0.0003,2.7467308044433594
162,6034,978944,59.213444,478,48.14,0.05251945182681084,0.2,3.159281661361456,0.9557909965515137,0.497265625,0.20045692,-0.0040463367637130435,9.30421701297164,4770,0.0003,4.410923957824707
162,6046,980992,60.27575075,479,48.65,0.05293021351099014,0.2,3.1555464781820772,0.960423469543457,0.47509765625,0.14078063,-0.006141328558442183,8.666647385060788,4780,0.0003,2.9979333877563477
162,6056,983040,60.36639262999999,480,48.61,0.05308690667152405,0.2,3.151863668859005,0.9639371633529663,0.537451171875,0.21957362,-0.0022191581840161232,7.481282766908407,4790,0.0003,3.6636404991149902
162,6067,985088,61.0092029,481,48.78,0.05301494151353836,0.2,3.1495588600635527,0.9585951566696167,0.457763671875,0.14785355,-0.006449566085939296,8.6412796638906,4800,0.0003,5.458101272583008
162,6077,987136,59.51527711,482,48.03,0.052922025322914124,0.2,3.1516711436212064,0.9653881788253784,0.484912109375,0.13459209,-0.004365796280762879,7.563977957516909,4810,0.0003,3.3480570316314697
162,6088,989184,59.208858039999996,483,47.79,0.053428828716278076,0.2,3.1406237967312336,0.9283421039581299,0.486962890625,0.10378374,-0.00228745693602832,16.1556616127491,4820,0.0003,5.418959140777588
162,6100,991232,59.17912761,484,47.85,0.053724683821201324,0.2,3.128554168343544,0.9601364731788635,0.509619140625,0.17538902,-0.002367982393479906,7.95209970921278,4830,0.0003,4.36906099319458
162,6114,993280,59.99594586999999,485,48.22,0.05383666604757309,0.2,3.121094261109829,0.949181854724884,0.483154296875,0.16171527,-0.011520103660586756,10.583244666457176,4840,0.0003,3.8852620124816895
162,6126,995328,60.102498770000004,486,48.29,0.05409053713083267,0.2,3.11652447655797,0.9573897123336792,0.471044921875,0.13189381,-0.007744686851947335,9.639444509148598,4850,0.0003,5.437656402587891
162,6139,997376,61.026956260000006,487,48.62,0.0545060858130455,0.2,3.103614258766174,0.9331662058830261,0.5025390625,0.12841037,-0.0038774511427618562,14.10563493669033,4860,0.0003,8.319822311401367
162,6152,999424,61.0967828,488,48.74,0.05462495982646942,0.2,3.0933281898498537,0.9586983919143677,0.54423828125,0.16296041,0.009952178060484585,8.50461546704173,4870,0.0003,5.2238688468933105
162,6164,1001472,61.327367249999995,489,48.87,0.05536996200680733,0.2,3.0846131429076196,0.9591519832611084,0.5216796875,0.15591091,0.011843535955995322,9.274280546605587,4880,0.0003,4.083324909210205
162,6174,1003520,60.69473974000002,490,48.79,0.055577352643013,0.2,3.0693281047046184,0.9419325590133667,0.5255859375,0.21209778,0.010661430069012568,13.575180917978287,4890,0.0003,5.965816020965576
162,6184,1005568,60.67108247,491,48.93,0.055403389036655426,0.2,3.0708559840917586,0.9644241333007812,0.477587890625,0.18965867,-0.010650429445377085,8.223343579471111,4900,0.0003,3.8527586460113525
162,6194,1007616,59.08761388000002,492,47.82,0.05499211698770523,0.2,3.0855312421917915,0.9511107206344604,0.49697265625,0.13327374,-0.01088615140033653,10.853050909936428,4910,0.0003,2.594639778137207
162,6203,1009664,58.85218285,493,47.66,0.054945893585681915,0.2,3.091040947288275,0.9235368967056274,0.4861328125,0.10795273,-0.010983148995728697,17.335929684340954,4920,0.0003,6.013128757476807
162,6213,1011712,59.703314920000004,494,48.26,0.055099863559007645,0.2,3.0849620841443537,0.9480224251747131,0.4974609375,0.12444805,-0.005775048733630684,11.994934076070786,4930,0.0003,5.96282958984375
162,6224,1013760,60.28124556999999,495,48.68,0.055184029042720795,0.2,3.077790841460228,0.9222115278244019,0.45634765625,0.104502045,-0.00942787065578159,18.885574305057524,4940,0.0003,6.022348403930664
162,6235,1015808,60.153199189999995,496,48.46,0.05523297190666199,0.2,3.079795753955841,0.9413884878158569,0.499853515625,0.17513567,0.005047685308818472,13.222357614338398,4950,0.0003,5.511306285858154
162,6246,1017856,61.55584635000001,497,49.05,0.05552271008491516,0.2,3.0760802634060385,0.9641976356506348,0.496240234375,0.15192759,-0.008176215291314293,7.751133622974157,4960,0.0003,4.912466049194336
163,6256,1019904,61.23730097,498,49.04,0.055634889751672745,0.2,3.0749878481030466,0.9624534845352173,0.475830078125,0.16590682,-0.0019068849287577905,7.978929688036442,4970,0.0003,4.7958984375
163,6266,1021952,61.18043849,499,49.09,0.056202471256256104,0.2,3.069209899008274,0.9604764580726624,0.467724609375,0.122369364,-0.006188564344483893,8.97988528162241,4980,0.0003,4.636565685272217
163,6276,1024000,60.01537368000001,500,48.4,0.05682520568370819,0.2,3.052980338782072,0.9385032653808594,0.531494140625,0.15605095,-0.0004745604528579861,13.738406968861819,4990,0.0003,4.484670162200928
163,6286,1026048,59.99286625999999,501,48.42,0.05626664310693741,0.2,3.057233866304159,0.9443533420562744,0.47958984375,0.31990826,-0.010181519246543758,12.000725349783897,5000,0.0003,5.883859157562256
163,6297,1028096,61.32232576999999,502,49.16,0.05637655407190323,0.2,3.0589704982936383,0.951599657535553,0.48759765625,0.14429007,-0.012470285253948532,10.711021810770035,5010,0.0003,5.050708770751953
163,6306,1030144,61.01455518000001,503,48.93,0.05572507157921791,0.2,3.069186566770077,0.9594150185585022,0.4740234375,0.13642001,-0.011474441859172657,8.609069389104842,5020,0.0003,2.9888596534729004
163,6316,1032192,60.87694023999998,504,48.66,0.0558566153049469,0.2,3.0784787483513356,0.9628447890281677,0.44638671875,0.13367769,-0.005424541063257493,8.890367722511291,5030,0.0003,5.257040500640869
163,6325,1034240,62.82255279,505,49.66,0.056513093411922455,0.2,3.067912557721138,0.9681692719459534,0.495068359375,0.22372144,-0.001497258785457234,7.103198947012425,5040,0.0003,3.684706211090088
163,6334,1036288,62.11635541000001,506,49.25,0.056278884410858154,0.2,3.050213288515806,0.9778488278388977,0.497216796875,0.17246228,-0.0075964502000715585,5.174600718170405,5050,0.0003,3.6619744300842285
163,6343,1038336,61.284818539999996,507,48.9,0.05561598762869835,0.2,3.07321515455842,0.9440507888793945,0.4830078125,0.11513497,-0.0029686977548408324,12.939786637574434,5060,0.0003,7.439747333526611
163,6352,1040384,61.00343304000002,508,48.86,0.05545912683010101,0.2,3.088423743098974,0.9692186117172241,0.49326171875,0.18821774,-0.0048351531113439705,6.703289680927992,5070,0.0003,1.2685339450836182
163,6362,1042432,61.39608381999999,509,49.07,0.0555000826716423,0.2,3.0911002665758134,0.9724621772766113,0.4564453125,0.16109204,-0.011281260904797818,6.430593421310187,5080,0.0003,2.7231009006500244
163,6371,1044480,62.200549599999995,510,49.45,0.05521034821867943,0.2,3.0992577724158763,0.9680788516998291,0.510986328125,0.18604285,-0.0025044281996088103,7.037248851358891,5090,0.0003,4.0000176429748535
164,6380,1046528,61.333321350000006,511,48.88,0.055539004504680634,0.2,3.0943009182810783,0.9498311281204224,0.521533203125,0.13983133,-0.004439555367571302,11.083340411633253,5100,0.0003,13.210905075073242
164,6390,1048576,60.95926595000001,512,48.55,0.05567268282175064,0.2,3.0839250393211843,0.9567477703094482,0.4708984375,0.13312146,-0.01175583730218932,9.773166319727897,5110,0.0003,2.621248722076416
164,6405,1050624,61.15462570999999,513,48.56,0.05501342564821243,0.2,3.0916693843901157,0.9475753307342529,0.49423828125,0.16895327,-0.008589973697235109,11.591122975945472,5120,0.0003,4.354913234710693
163,6420,1052672,60.61058499000001,514,48.3,0.054542578756809235,0.2,3.1159026712179183,0.9637327194213867,0.482958984375,0.17169288,-0.00973503321656608,7.4506813257932665,5130,0.0003,3.6850290298461914
163,6433,1054720,61.07604885999999,515,48.53,0.054243944585323334,0.2,3.1308016583323477,0.942122220993042,0.490673828125,0.14743048,-0.0062531957635656,13.664442320168018,5140,0.0003,17.60083770751953
163,6447,1056768,61.68264851,516,48.85,0.05394279211759567,0.2,3.1462872989475725,0.9665465950965881,0.49111328125,0.16324237,-0.012534189547295682,7.642478254437447,5150,0.0003,3.617766857147217
163,6460,1058816,61.01404347,517,48.65,0.053662896156311035,0.2,3.1521360859274865,0.9725762605667114,0.47314453125,0.14334284,-0.004292048927163705,6.379010267555714,5160,0.0003,3.222625494003296
163,6473,1060864,61.218294539999995,518,48.9,0.053069423884153366,0.2,3.1654067054390906,0.9683469533920288,0.480615234375,0.12505281,-0.005078271750244312,7.988316923379898,5170,0.0003,3.8551433086395264
163,6487,1062912,60.61384328000001,519,48.61,0.05340277776122093,0.2,3.1664642214775087,0.9709176421165466,0.491748046875,0.1430098,-0.004667162420082605,6.908624637871981,5180,0.0003,3.705209732055664
163,6500,1064960,60.565861440000006,520,48.48,0.05335582047700882,0.2,3.16300657838583,0.9131032228469849,0.49423828125,0.17175722,-0.009348990545549895,19.541192999482156,5190,0.0003,21.414281845092773
163,6510,1067008,60.88853146,521,48.49,0.052780937403440475,0.2,3.1745298467576504,0.9522944688796997,0.4833984375,0.14050767,-0.008087065667496063,9.473938477039336,5200,0.0003,5.093581199645996
163,6522,1069056,62.01731963,522,49.02,0.05291811376810074,0.2,3.1848870888352394,0.967920184135437,0.485791015625,0.12027189,-0.007795206533046439,6.8119981124997135,5210,0.0003,4.129091262817383
163,6533,1071104,62.18531905,523,49.16,0.05282841995358467,0.2,3.1802881747484206,0.9749357104301453,0.470458984375,0.13810238,-0.012004324191366322,5.225595154613257,5220,0.0003,1.9803229570388794
163,6545,1073152,62.99105536,524,49.53,0.05259711295366287,0.2,3.1869849115610123,0.9742634892463684,0.48955078125,0.21173507,-0.014400481999473413,6.045518619567156,5230,0.0003,1.953050136566162
163,6556,1075200,61.89201951000001,525,48.88,0.05306167155504227,0.2,3.185537378489971,0.9739784598350525,0.484326171875,0.16794847,-0.005922727352299262,6.393505077064037,5240,0.0003,1.7590092420578003
164,6567,1077248,62.155043199999994,526,49.1,0.053003303706645966,0.2,3.173089933395386,0.9701768755912781,0.467822265625,0.11908963,-0.008622810925589874,7.205535562336445,5250,0.0003,2.2093665599823
164,6578,1079296,62.269169989999995,527,49.34,0.05348214507102966,0.2,3.1613156355917456,0.9701682925224304,0.4740234375,0.15925108,-0.01217697888496332,6.858312710374594,5260,0.0003,2.567964553833008
164,6590,1081344,62.230495960000006,528,49.21,0.05390416830778122,0.2,3.149754320085049,0.9475860595703125,0.477783203125,0.14599958,-0.010157045102096163,12.980369383841753,5270,0.0003,4.521317958831787
164,6600,1083392,62.64577665000001,529,49.36,0.05454088747501373,0.2,3.1301074653863905,0.9730488657951355,0.475830078125,0.15562725,-0.008262425888096914,6.210821421444416,5280,0.0003,2.134835720062256
164,6610,1085440,59.89264243,530,47.94,0.05410962551832199,0.2,3.129285369068384,0.9433096051216125,0.507275390625,0.15624902,-0.008083794626872986,13.765654703229666,5290,0.0003,8.462483406066895
164,6621,1087488,58.598355160000004,531,47.23,0.054326340556144714,0.2,3.135717603564262,0.868278980255127,0.439208984375,0.104070805,-0.01593715148337651,31.999303175508977,5300,0.0003,15.981805801391602
164,6631,1089536,59.501427920000005,532,47.96,0.05460495501756668,0.2,3.1257668234407903,0.9423432350158691,0.496826171875,0.23149496,-0.005273946697707288,13.388857863843441,5310,0.0003,4.078864574432373
164,6642,1091584,61.661090139999985,533,49.22,0.054375726729631424,0.2,3.125824523717165,0.9658030271530151,0.4837890625,0.1443679,-0.016066363884601743,7.264243845641613,5320,0.0003,4.587870121002197
164,6653,1093632,62.94133868,534,49.92,0.054311707615852356,0.2,3.1308445520699024,0.9721277952194214,0.531689453125,0.21451645,-0.01002733280765824,6.13232707157731,5330,0.0003,3.4351940155029297
164,6664,1095680,63.26681927,535,49.96,0.054111547768116,0.2,3.13714763969183,0.9720098972320557,0.51611328125,0.21613869,0.004669376365200151,6.62614009603858,5340,0.0003,3.0705907344818115
164,6675,1097728,61.22695341000001,536,48.81,0.05426923930644989,0.2,3.1354527682065965,0.972689151763916,0.4763671875,0.13796562,-0.011408008883881849,6.692757088690996,5350,0.0003,3.735579490661621
164,6686,1099776,60.13119390000001,537,48.31,0.05446769669651985,0.2,3.1339555121958256,0.9600878953933716,0.469091796875,0.118133515,-0.013630624719371553,9.636816015839576,5360,0.0003,5.5232834815979
164,6697,1101824,60.524280610000005,538,48.35,0.053995970636606216,0.2,3.139074294269085,0.9607033133506775,0.439990234375,0.13863103,-0.009244116056652273,9.191830947995186,5370,0.0003,3.9302186965942383
164,6708,1103872,60.326672310000006,539,48.27,0.054014548659324646,0.2,3.151035846024752,0.9727075099945068,0.480126953125,0.15376529,-0.007561173367139418,6.064954356104136,5380,0.0003,2.3069076538085938
164,6719,1105920,61.30528223000001,540,48.9,0.054036229848861694,0.2,3.153073722869158,0.9716628193855286,0.48251953125,0.14650686,-0.003487722482532263,6.140891060233116,5390,0.0003,2.7802987098693848
164,6730,1107968,62.04950761,541,49.18,0.054093629121780396,0.2,3.1495881944894792,0.9716553092002869,0.50380859375,0.19535622,-0.005993888402008452,6.759039849787951,5400,0.0003,3.532186985015869
164,6741,1110016,61.440256420000004,542,48.71,0.05437823385000229,0.2,3.1420040100812914,0.9467837810516357,0.495947265625,0.16526175,-0.0030277497731731272,13.088077767938376,5410,0.0003,1.2674875259399414
164,6752,1112064,61.05215931,543,48.39,0.05396982654929161,0.2,3.1452981986105444,0.937616229057312,0.4732421875,0.15174554,-0.013495723312371411,15.055008091032505,5420,0.0003,14.939453125
164,6763,1114112,62.211904620000006,544,49.04,0.0546906441450119,0.2,3.1383766032755376,0.9744491577148438,0.50703125,0.1999102,-0.013017631044931477,5.547664682567119,5430,0.0003,3.1327335834503174
164,6774,1116160,62.25029998,545,48.99,0.05533803254365921,0.2,3.115317112207413,0.9724831581115723,0.47646484375,0.1602071,-0.009745730979921064,6.45461363941431,5440,0.0003,1.8826318979263306
164,6784,1118208,62.49376628,546,49.21,0.055588554590940475,0.2,3.101909635961056,0.9724358916282654,0.46796875,0.13175826,-0.00970878131192876,6.556268405169249,5450,0.0003,4.34714937210083
164,6794,1120256,61.724706669999996,547,49.02,0.05577077716588974,0.2,3.0970239244401454,0.9702598452568054,0.45361328125,0.15208317,-0.004628547694301233,7.349919992685318,5460,0.0003,2.8807969093322754
164,6803,1122304,61.39711870000001,548,48.64,0.05608990043401718,0.2,3.085026277601719,0.9575099349021912,0.426708984375,0.09675145,-0.014072984227095731,9.230837467312814,5470,0.0003,3.1898303031921387
165,6812,1124352,61.413059489999995,549,48.4,0.055732592940330505,0.2,3.0779246903955935,0.9694176912307739,0.45263671875,0.17103705,-0.010488603833073285,6.779114193469286,5480,0.0003,2.542341947555542
165,6822,1126400,61.60192414,550,48.33,0.05560843646526337,0.2,3.0853339210152626,0.9700633883476257,0.475048828125,0.16393644,-0.007448272251349408,6.4884854726493355,5490,0.0003,2.067715644836426
165,6830,1128448,61.80291048,551,48.53,0.05534202605485916,0.2,3.0995357289910315,0.9478731751441956,0.47880859375,0.119538866,-0.0060892571418662556,11.55743450447917,5500,0.0003,6.6472487449646
165,6840,1130496,62.73661698000001,552,49.09,0.05495057627558708,0.2,3.110165048390627,0.9678581953048706,0.475537109375,0.1170743,-0.007935793869546615,7.472961685806513,5510,0.0003,3.8220043182373047
165,6849,1132544,62.18475599000001,553,48.83,0.05529618635773659,0.2,3.113850598782301,0.9752311110496521,0.504541015625,0.14164388,-0.005687351485539694,5.952336110919714,5520,0.0003,2.803764581680298
165,6858,1134592,61.41786158000001,554,48.3,0.05461350083351135,0.2,3.117738825082779,0.9736113548278809,0.47265625,0.110685796,-0.015004959671932739,6.177075755596161,5530,0.0003,2.217416286468506
165,6867,1136640,61.75411353999999,555,48.5,0.05416319891810417,0.2,3.1359293662011622,0.9362269639968872,0.502197265625,0.1386821,-0.01102015970282082,13.242799296230078,5540,0.0003,4.764644622802734
165,6876,1138688,63.018602259999994,556,49.23,0.05408367142081261,0.2,3.146471728384495,0.9696511626243591,0.5033203125,0.18151745,-0.015574425716476981,5.958331214636564,5550,0.0003,3.3262295722961426
165,6885,1140736,62.567639150000005,557,49.23,0.05355246365070343,0.2,3.162854917347431,0.9734327793121338,0.504296875,0.16050133,0.0019365655738511124,6.6793731592595575,5560,0.0003,3.144529342651367
165,6894,1142784,62.21894402,558,49.07,0.053467489778995514,0.2,3.1692256681621074,0.9789141416549683,0.490771484375,0.18731764,-0.01488435940555064,4.878897732496261,5570,0.0003,2.1655466556549072
165,6903,1144832,61.812486930000006,559,48.68,0.05399852246046066,0.2,3.165171416848898,0.9682894349098206,0.45869140625,0.13571948,-0.010958497428509873,7.5815699100494385,5580,0.0003,2.484771251678467
165,6913,1146880,63.067411199999995,560,49.18,0.05425534397363663,0.2,3.147602093964815,0.9712212085723877,0.482373046875,0.17088479,-0.012123061541933567,6.564400523900986,5590,0.0003,2.2639997005462646
165,6924,1148928,62.87735544000001,561,49.17,0.05391854792833328,0.2,3.141974047571421,0.972811222076416,0.503125,0.15914842,-0.011346151297038887,6.3284695371985435,5600,0.0003,2.9116640090942383
165,6934,1150976,61.64884461,562,48.51,0.05433855950832367,0.2,3.1424426645040513,0.9591352343559265,0.45830078125,0.12641321,-0.01371804596419679,9.576539713144303,5610,0.0003,4.170131206512451
166,6945,1153024,61.35042374999999,563,48.3,0.0542643740773201,0.2,3.136724404990673,0.9347347021102905,0.46787109375,0.13637573,-0.0121021626968286,15.082177214324474,5620,0.0003,4.0285325050354
166,6956,1155072,62.26743998000002,564,49.0,0.053704842925071716,0.2,3.1501049913465975,0.9770251512527466,0.485986328125,0.1703704,-0.01067026082528173,5.172421795502305,5630,0.0003,1.828955888748169
166,6966,1157120,60.89026827000001,565,48.32,0.053418196737766266,0.2,3.1699126720428468,0.9540621042251587,0.496875,0.14027399,-0.010531645666924305,10.839528483152389,5640,0.0003,3.879265546798706
166,6977,1159168,61.26460749000001,566,48.06,0.05357271805405617,0.2,3.170716108381748,0.9165851473808289,0.466845703125,0.15897375,-0.0074517713408567944,18.345379729568958,5650,0.0003,6.020325660705566
166,6988,1161216,61.11543605000001,567,48.0,0.05326535552740097,0.2,3.1801105216145515,0.9663001894950867,0.497998046875,0.20140573,0.00018915997497970238,6.198515559732914,5660,0.0003,2.30999755859375
166,6998,1163264,58.42908087,568,46.53,0.05337262898683548,0.2,3.1843347780406477,0.9341005086898804,0.453662109375,0.11375378,-0.008573576786147896,15.027306995540858,5670,0.0003,10.017561912536621
166,7009,1165312,57.44272301,569,46.15,0.05418191850185394,0.2,3.1644021086394787,0.9616097211837769,0.52158203125,0.15882821,0.00048302740615326913,7.472405744343996,5680,0.0003,4.201084136962891
166,7020,1167360,58.33972264,570,46.64,0.05438312888145447,0.2,3.1450354591012,0.9177162051200867,0.48701171875,0.111896686,-0.009854789952805731,15.633231690526008,5690,0.0003,5.952280044555664
166,7030,1169408,59.89700330999998,571,47.59,0.05346038192510605,0.2,3.158558966219425,0.9609294533729553,0.499951171875,0.19125673,-0.002870860567782074,7.338854620605707,5700,0.0003,3.2651162147521973
166,7041,1171456,62.32839421000001,572,48.77,0.05324959754943848,0.2,3.1734539188444613,0.9504221081733704,0.4974609375,0.13129768,-0.013440128108777571,10.235354517400264,5710,0.0003,7.350473880767822
166,7052,1173504,63.97655268,573,49.63,0.053443096578121185,0.2,3.1702460393309595,0.9758637547492981,0.490771484375,0.24121168,-0.008682097765995423,5.277054411917925,5720,0.0003,3.098116397857666
166,7062,1175552,63.06203757999999,574,49.2,0.05419038236141205,0.2,3.1499669142067432,0.9757778644561768,0.50224609375,0.169409,0.006402141970465891,5.469832326471805,5730,0.0003,2.9915080070495605
166,7073,1177600,62.07897311000001,575,48.93,0.05464739352464676,0.2,3.1367270849645137,0.9633182287216187,0.4658203125,0.13385,-0.01261646752100205,8.68149187490344,5740,0.0003,4.14539098739624
166,7084,1179648,61.81367619000002,576,48.79,0.054687973111867905,0.2,3.130087151378393,0.9643287062644958,0.492822265625,0.19556949,-0.0040870077151339505,8.59081262499094,5750,0.0003,2.517591714859009
166,7094,1181696,61.84582621,577,48.88,0.05444224923849106,0.2,3.131997277587652,0.9554787874221802,0.460546875,0.122311,-0.015208935562986881,10.256214284151792,5760,0.0003,5.096348285675049
166,7105,1183744,62.36940995999999,578,49.22,0.055011555552482605,0.2,3.1279373727738857,0.9678831100463867,0.506640625,0.16453472,-0.010890221381851006,7.501108138263225,5770,0.0003,4.315110683441162
166,7116,1185792,61.102568930000004,579,48.57,0.054853517562150955,0.2,3.114913846552372,0.9391974210739136,0.4947265625,0.14020678,-0.012039040177478455,13.563931940495968,5780,0.0003,4.642452716827393
166,7127,1187840,60.30169483,580,48.06,0.0546838715672493,0.2,3.115026868134737,0.9476187825202942,0.473583984375,0.1417988,-0.016221789545670617,11.392080010473729,5790,0.0003,4.643375873565674
166,7138,1189888,59.70720634,581,47.88,0.05424293875694275,0.2,3.1276025541126726,0.9520133137702942,0.47421875,0.12783922,-0.01221067100414075,11.376159459352493,5800,0.0003,4.331579208374023
166,7149,1191936,58.97494681999999,582,47.57,0.054122425615787506,0.2,3.143486587703228,0.9495928883552551,0.47431640625,0.13272707,-0.00867936652211938,11.418488501012325,5810,0.0003,4.505071640014648
166,7159,1193984,59.933609530000005,583,48.07,0.0542990118265152,0.2,3.144731047749519,0.936069130897522,0.45458984375,0.096183226,-0.011528707486286293,14.242131833732127,5820,0.0003,6.6567206382751465
166,7170,1196032,61.663889239999996,584,48.89,0.054518792778253555,0.2,3.136750216782093,0.9516254663467407,0.496533203125,0.15946041,-0.009463176512508654,10.525192804634571,5830,0.0003,4.938459873199463
166,7181,1198080,61.81083977000001,585,48.93,0.05498203635215759,0.2,3.1186165995895863,0.9650538563728333,0.4900390625,0.24598663,-0.004172207624651492,7.401323765516281,5840,0.0003,3.4848639965057373
166,7192,1200128,61.470555170000004,586,48.73,0.05434666946530342,0.2,3.123050808161497,0.9435592293739319,0.51708984375,0.16644771,-0.010388257954036816,11.882739590853452,5850,0.0003,5.252641201019287
166,7203,1202176,60.5881203,587,48.26,0.05373251438140869,0.2,3.1479091964662076,0.9282911419868469,0.460205078125,0.1576378,-0.004284299319260753,15.752614879608155,5860,0.0003,10.884069442749023
166,7213,1204224,61.04859880000001,588,48.44,0.05286911875009537,0.2,3.1743866704404353,0.9073452949523926,0.513037109375,0.17986628,-0.010191912643495015,21.27206628471613,5870,0.0003,5.800792217254639
166,7225,1206272,61.34518373,589,48.64,0.05269329994916916,0.2,3.1980018578469753,0.962246298789978,0.50068359375,0.19246204,-0.0029743828126811422,7.714539176225662,5880,0.0003,2.797696828842163
166,7235,1208320,61.53705356999999,590,48.91,0.053500182926654816,0.2,3.189312720298767,0.9559235572814941,0.492138671875,0.17954443,-0.013759206492977683,10.70635861903429,5890,0.0003,5.981085300445557
167,7246,1210368,62.265700970000005,591,49.26,0.0538783073425293,0.2,3.1744260154664516,0.961013674736023,0.512060546875,0.18150054,-0.0068521959357894955,8.842526157200336,5900,0.0003,4.554889678955078
167,7257,1212416,63.44519704000001,592,49.79,0.05372065678238869,0.2,3.1719435431063174,0.9586123824119568,0.48701171875,0.13588563,-0.012592625104298349,9.403529873490333,5910,0.0003,4.003258228302002
167,7267,1214464,63.784299610000005,593,49.73,0.05388515815138817,0.2,3.169488211721182,0.9753676056861877,0.508154296875,0.21789742,-0.00869592689559795,5.403202905878425,5920,0.0003,3.0936691761016846
167,7278,1216512,63.15700565,594,49.42,0.05445222556591034,0.2,3.1627827145159246,0.9678393006324768,0.48037109375,0.15741569,-0.014576031993783545,7.7027310356497765,5930,0.0003,3.4491071701049805
