#{"t_start": 1791259014.783059, "env_id": "f1tenth-v0"}
r,l,t,track_name,laps,progress_m
-2.655355,99,4.565248,synthetic_track_0,0.014291004555822065,2.3446445612556426
-1.27446,130,4.732088,synthetic_track_0,0.02270779570727583,3.725540041303686
3.676154,224,5.039091,synthetic_track_0,0.052882620910095615,8.676153521432227
3.301261,202,5.313919,synthetic_track_0,0.05059758932390432,8.301261269461168
-0.046738,155,5.513207,synthetic_track_0,0.030190967035867863,4.953261779687682
3.118971,203,5.814223,synthetic_track_0,0.049486501740475905,8.118971392679708
2.747952,185,6.061918,synthetic_track_0,0.047225073522010726,7.747951612202882
2.189278,173,6.317853,synthetic_track_0,0.04381986247446961,7.18927783028933
-1.988716,128,6.50657,synthetic_track_0,0.01835428668604011,3.0112843562574403
0.944422,167,6.721783,synthetic_track_0,0.03623225548795021,5.944421922197104
-1.043858,121,6.882802,synthetic_track_0,0.024113353081347797,3.9561419167546332
1.312361,185,7.1292,synthetic_track_0,0.03847490690133445,6.312361098106292
-2.462249,98,7.265202,synthetic_track_0,0.015468018522836103,2.5377506081750045
-0.038457,141,7.45881,synthetic_track_0,0.030241439522023277,4.961542515985476
3.145345,186,7.727523,synthetic_track_0,0.04964725140555951,8.145344684108574
4.150845,216,8.019296,synthetic_track_0,0.0557759449924869,9.150844894402576
-2.596464,108,8.160813,synthetic_track_0,0.014649956262741817,2.4035357444538143
1.012361,157,8.394182,synthetic_track_0,0.03664635619491803,6.012361090966641
-1.673465,125,8.561212,synthetic_track_0,0.020275794729426568,3.326535349687403
-0.297265,142,8.745833,synthetic_track_0,0.0286639627715096,4.702734797525102
-1.041819,130,8.917397,synthetic_track_0,0.02412577944417806,3.9581806400586776
-2.786787,101,9.051805,synthetic_track_0,0.013489904719868544,2.2132126268486236
3.637151,226,9.333636,synthetic_track_0,0.05264489305838352,8.637150852837548
2.838129,201,9.630843,synthetic_track_0,0.04777472254116956,7.838129428488388
1.512361,182,9.869766,synthetic_track_0,0.039693940704919946,6.512361102752509
2.490344,191,10.131229,synthetic_track_0,0.04565491105990509,7.4903439078120835
-0.140195,138,10.317659,synthetic_track_0,0.029621329640856356,4.859804583247461
0.523963,155,10.529767,synthetic_track_0,0.03366948528973287,5.523962661721226
3.291917,202,10.816585,synthetic_track_0,0.050540634728345815,8.291917050012273
-2.012194,106,10.967297,synthetic_track_0,0.018211184575440707,2.9878063996162187
2.547755,193,11.221799,synthetic_track_0,0.04600483905546093,7.547754621552068
1.980058,192,11.524804,synthetic_track_0,0.042544631437230425,6.980057862292808
-1.743247,120,11.707769,synthetic_track_0,0.01985045681106181,3.2567525549864214
4.981829,220,12.010594,synthetic_track_0,0.060840933792800166,9.981829056298823
0.119276,141,12.189865,synthetic_track_0,0.03120285187442945,5.11927602130962
0.230709,148,12.38471,synthetic_track_0,0.03188205339580003,5.230708786365267
2.815451,211,12.664821,synthetic_track_0,0.04763649593407853,7.815451368225314
2.947755,215,12.979881,synthetic_track_0,0.048442906655227054,7.947754629629625
-0.075601,151,13.181886,synthetic_track_0,0.03001504458253818,4.924399174417981
-1.480489,118,13.331276,synthetic_track_0,0.021452015633908864,3.519511283307555
-0.306529,141,13.504787,synthetic_track_0,0.02860750062917053,4.693471372100036
3.819762,205,13.764272,synthetic_track_0,0.05375793749661603,8.819761779756226
-0.714975,134,13.938716,synthetic_track_0,0.026117950839551173,4.285024971330529
2.649869,223,14.229712,synthetic_track_0,0.04662724208351393,7.649868777973563
3.815011,208,14.500064,synthetic_track_0,0.053728979689027664,8.815010835495958
3.985216,226,14.790309,synthetic_track_0,0.05476640641534569,8.98521559066636
-1.270735,124,14.946978,synthetic_track_0,0.022730502212640915,3.72926536964582
3.880989,207,15.255895,synthetic_track_0,0.054131126656002754,8.8809888215263
3.518288,195,15.524939,synthetic_track_0,0.051920403119467703,8.518287872399174
-1.223392,120,20.824636,synthetic_track_0,0.023019060749957264,3.776607542302747
5.221363,240,21.177358,synthetic_track_0,0.0623009336102505,10.22136299655109
3.115451,195,21.443758,synthetic_track_0,0.049465046673691435,8.115451380811326
4.881999,223,21.753656,synthetic_track_0,0.06023245492429609,9.881999358246151
-0.13605,145,21.961755,synthetic_track_0,0.0296465986996472,4.863950335285435
4.042906,208,22.226559,synthetic_track_0,0.055118037068339794,9.042905649814617
0.955393,148,22.411041,synthetic_track_0,0.03629912324061272,5.955392537453095
5.503848,224,22.702918,synthetic_track_0,0.06402272633472778,10.503847823372485
12.106521,322,23.159929,synthetic_track_0,0.10426713364204224,17.106520878683387
-2.216425,116,23.306729,synthetic_track_0,0.01696635996536492,2.7835750427279917
-0.30304,136,23.483616,synthetic_track_0,0.028628766649101085,4.696960368116724
0.709756,157,23.692119,synthetic_track_0,0.034801925184338875,5.7097556918378665
1.773885,172,23.933683,synthetic_track_0,0.04128797134469085,6.773884724511562
1.553209,195,24.24577,synthetic_track_0,0.039942913647082384,6.553208689950511
0.054795,140,24.438809,synthetic_track_0,0.03080982993778637,5.0547951275694425
2.815451,193,24.701863,synthetic_track_0,0.04763649593407853,7.815451368225314
1.705581,175,24.939263,synthetic_track_0,0.040871646791271345,6.705580701790181
2.747755,208,25.202739,synthetic_track_0,0.04722387274771149,7.747754607932188
-0.030653,152,25.399648,synthetic_track_0,0.030289006670742,4.969346589946978
4.485901,220,25.687509,synthetic_track_0,0.05781816804601989,9.485900919095137
3.237386,216,25.958872,synthetic_track_0,0.05020825802055913,8.237385877122637
2.347755,203,26.217738,synthetic_track_0,0.044785805319266354,7.347754627962299
4.877602,231,26.55746,synthetic_track_0,0.06020565437757884,9.877602343616855
-1.836496,122,26.715762,synthetic_track_0,0.01928209058876116,3.163503912687463
0.433495,154,26.910294,synthetic_track_0,0.03311806949479466,5.433494980492644
3.436846,214,27.205231,synthetic_track_0,0.05142400051052505,8.436845894495924
1.680058,174,27.423625,synthetic_track_0,0.04071608069761752,6.680057849706796
1.441935,170,27.641311,synthetic_track_0,0.03926467903658019,6.441934560510711
1.886794,172,27.896425,synthetic_track_0,0.041976175181234227,6.886794448672927
5.882095,225,28.236832,synthetic_track_0,0.0663282061690756,10.882094904154922
2.457065,182,28.533484,synthetic_track_0,0.04545206795023053,7.4570645822035235
-2.407878,115,28.726761,synthetic_track_0,0.01579942187730705,2.592122088472772
-0.669874,141,28.934726,synthetic_track_0,0.026392846839368496,4.330125608473636
2.918066,192,29.206609,synthetic_track_0,0.04826195080441907,7.918066223208155
6.206746,213,29.517728,synthetic_track_0,0.06830700865213982,11.206745873342776
-1.64638,127,29.686679,synthetic_track_0,0.02044087819118616,3.353619662707945
-1.206544,130,29.857378,synthetic_track_0,0.023121755961325974,3.7934561667547313
-0.738904,140,30.045765,synthetic_track_0,0.02597209775276362,4.261095677532951
-0.310397,135,30.235219,synthetic_track_0,0.028583923447854587,4.689603196862513
2.789944,197,30.522245,synthetic_track_0,0.04748102192408505,7.7899436237890205
-0.195278,149,30.718987,synthetic_track_0,0.029285589031957132,4.804721514064089
1.580058,175,31.015849,synthetic_track_0,0.04010656381314852,6.580057850225897
-1.401917,138,31.22094,synthetic_track_0,0.02193092108492669,3.5980826011388953
4.867666,235,31.596518,synthetic_track_0,0.0601450919248164,9.867666203373453
3.63939,223,31.973177,synthetic_track_0,0.05265854146253165,8.639390069572155
-1.391412,119,32.148012,synthetic_track_0,0.02199495531587465,3.6085883364593108
5.143298,210,37.763238,synthetic_track_0,0.06182511327519457,10.143297836305289
2.161882,187,38.00184,synthetic_track_0,0.04365287965966371,7.161881901120845
3.383148,193,38.271794,synthetic_track_0,0.051096703552309046,8.383148127484574
0.838856,162,38.525706,synthetic_track_0,0.03558881492455005,5.8388562559365855
-1.571654,119,38.690707,synthetic_track_0,0.020896346095489723,3.428345714363761
1.090484,146,38.898302,synthetic_track_0,0.03712253000941749,6.090484244592231
2.798804,199,39.177952,synthetic_track_0,0.047535026628977295,7.798803871304386
2.284153,206,39.457816,synthetic_track_0,0.04439813975426639,7.284152523924555
2.86995,191,39.726906,synthetic_track_0,0.04796867287137107,7.869949765896051
3.850845,190,40.028249,synthetic_track_0,0.05394739428607049,8.850844887262925
4.607311,214,40.317406,synthetic_track_0,0.05855818554070314,9.607311418081805
4.210168,202,40.605546,synthetic_track_0,0.056137528055212986,9.21016778931534
-1.462459,117,40.776675,synthetic_track_0,0.021561911373720627,3.537541257872908
2.987655,192,41.066703,synthetic_track_0,0.04868610373092114,7.987654602973844
2.534218,201,41.353687,synthetic_track_0,0.0459223293866114,7.534217725278372
3.515451,202,41.623549,synthetic_track_0,0.05190311427345756,8.515451388888884
4.426198,231,41.947693,synthetic_track_0,0.057454269440482056,9.42619812612561
6.071561,211,42.305179,synthetic_track_0,0.0674830335333554,11.07156092022618
9.932309,290,42.732611,synthetic_track_0,0.09101494686459903,14.93230929466862
4.116512,206,43.03178,synthetic_track_0,0.055566682619859115,9.116512396505687
8.079666,260,43.381953,synthetic_track_0,0.07972277435087609,13.079666202600277
3.429801,210,43.647233,synthetic_track_0,0.051381063068340775,8.429801390388578
2.547755,183,43.88084,synthetic_track_0,0.04600483905546093,7.547754621552068
-0.392766,134,44.047799,synthetic_track_0,0.02808186969689415,4.607234067943033
6.747052,230,44.367468,synthetic_track_0,0.07160026721094186,11.747052241488051
3.961667,210,44.679648,synthetic_track_0,0.05462287274027344,8.961666829674742
0.91402,148,44.868999,synthetic_track_0,0.03604694779169026,5.91401953302302
2.180058,179,45.113413,synthetic_track_0,0.04376366512948098,7.180057848672928
0.829735,139,45.295866,synthetic_track_0,0.035533216833918656,5.829734590604669
0.139013,133,45.476935,synthetic_track_0,0.03132315464771163,5.139013419193601
1.612361,170,45.699867,synthetic_track_0,0.04030345751125049,6.612361089413671
-0.475012,130,45.878832,synthetic_track_0,0.027580566526552767,4.524988082554812
-0.485829,134,46.053692,synthetic_track_0,0.027514635103532192,4.514171085625225
-1.582559,122,46.212137,synthetic_track_0,0.020829880614763048,3.4174410975967366
2.01058,183,46.467546,synthetic_track_0,0.042730670919264066,7.010580311433816
3.234548,214,46.796951,synthetic_track_0,0.05019095821564729,8.23454759564712
3.481763,211,47.091695,synthetic_track_0,0.05169777770394009,8.48176297537915
5.55366,238,47.435608,synthetic_track_0,0.06432634191319614,10.553660319896974
0.020125,136,47.603458,synthetic_track_0,0.030598509048698545,5.020124900480499
-2.158413,116,47.749548,synthetic_track_0,0.01731995192030987,2.841586881631764
0.497885,167,47.965631,synthetic_track_0,0.03351053936447216,5.497885299717696
6.815446,235,48.277386,synthetic_track_0,0.07201713657044986,11.815445647473384
-0.286157,129,48.443805,synthetic_track_0,0.028731667194080743,4.713842680496822
2.705007,207,48.700679,synthetic_track_0,0.04696331625819829,7.705006573415041
0.32378,162,54.333868,synthetic_track_0,0.03244934018018092,5.323780331369357
2.915451,187,54.604841,synthetic_track_0,0.04824601293749685,7.915451387221557
17.232651,361,55.132282,synthetic_track_0,0.13551176236745538,22.23265099244415
13.853085,320,55.569501,synthetic_track_0,0.11491273549757718,18.85308476748324
5.842134,216,55.935253,synthetic_track_0,0.06608463942455468,10.84213428133005
0.323819,147,56.140688,synthetic_track_0,0.03244957572878078,5.323818976500385
5.329163,218,56.445734,synthetic_track_0,0.06295799032423192,10.329162587885307
16.324343,349,56.933902,synthetic_track_0,0.12997547261063858,21.324343139266144
16.582333,348,57.446765,synthetic_track_0,0.1315479640278598,21.58233294219479
1.352559,172,57.68278,synthetic_track_0,0.038719919176054836,6.352558880922756
3.42394,178,57.935389,synthetic_track_0,0.0513453371391753,8.423940038572026
-0.405601,130,58.15277,synthetic_track_0,0.028003640449245887,4.594399436247747
4.482312,192,58.441957,synthetic_track_0,0.05779629077987942,9.48231163935829
-0.186181,132,58.671738,synthetic_track_0,0.02934104139065273,4.813819269978768
0.317349,141,58.872593,synthetic_track_0,0.032410139300656386,5.31734886403516
2.815451,197,59.151883,synthetic_track_0,0.04763649593407853,7.815451368225314
5.682277,209,59.4422,synthetic_track_0,0.06511028458644337,10.682277375331086
2.647755,179,59.684646,synthetic_track_0,0.04661435594138095,7.647754621271026
5.615064,220,59.972832,synthetic_track_0,0.06470060959693719,10.615064309078384
4.630378,206,60.273417,synthetic_track_0,0.05869878283755287,9.630378424050372
6.088067,227,60.643977,synthetic_track_0,0.06758364315197794,11.088067373232471
5.918311,217,61.014015,synthetic_track_0,0.06654894690167376,10.918310591870382
4.914481,199,61.2968,synthetic_track_0,0.06043043587211977,9.914480976367106
-0.553988,124,61.460888,synthetic_track_0,0.02709919591700868,4.446012320059792
2.793994,176,61.788596,synthetic_track_0,0.04750570886613826,7.793993871215154
14.305408,326,62.354978,synthetic_track_0,0.11766972126540633,19.30540788170171
6.882829,235,62.781578,synthetic_track_0,0.07242784847708898,11.882828834875141
1.01006,159,63.009687,synthetic_track_0,0.036632330303104615,6.010059941958631
10.865606,304,63.455519,synthetic_track_0,0.09670354733820115,15.865605908597258
4.849471,204,63.753754,synthetic_track_0,0.06003418917891074,9.849471014994615
6.717359,250,64.093775,synthetic_track_0,0.07141928025040126,11.717358731068112
3.850596,181,64.346962,synthetic_track_0,0.05394587980991022,8.850596415696181
9.383557,290,64.783927,synthetic_track_0,0.08767020790613425,14.383556827537857
12.082593,287,65.254801,synthetic_track_0,0.10412129158040356,17.08259339371984
4.807168,219,65.566792,synthetic_track_0,0.059776347907188804,9.80716845095521
16.411161,351,66.082848,synthetic_track_0,0.13050464289674335,21.41116112525497
19.769139,365,72.838732,synthetic_track_0,0.15097208544728744,24.769139052663522
4.893666,213,73.159863,synthetic_track_0,0.060303563308420495,9.8936657100023
5.165832,211,73.501776,synthetic_track_0,0.061962463178490655,10.165832060718571
15.2455,318,74.068924,synthetic_track_0,0.12339974449288584,20.245500493365252
9.532708,260,74.595303,synthetic_track_0,0.08857931220270782,14.532708444994098
2.180058,165,74.853589,synthetic_track_0,0.04376366512948098,7.180057848672928
47.409357,698,75.878901,synthetic_track_0,0.31944387896352344,52.409356565007904
14.77242,349,76.323809,synthetic_track_0,0.12051623909072993,19.772420015914715
8.9688,255,76.723319,synthetic_track_0,0.08514219433194854,13.96879989044905
22.008011,406,77.273223,synthetic_track_0,0.16461839025941064,27.008011361044844
15.442641,360,77.810747,synthetic_track_0,0.12460134906464561,20.44264098219175
5.403742,197,78.124793,synthetic_track_0,0.0634125654240246,10.403742162137624
6.012378,220,78.476506,synthetic_track_0,0.06712230347808858,11.012377973438984
47.663495,699,79.637749,synthetic_track_0,0.3209928977742884,52.66349534970678
37.6465,563,80.504776,synthetic_track_0,0.2599376180356013,42.646499762301765
5.585089,234,80.835698,synthetic_track_0,0.06451790206867095,10.585088514810279
12.034996,277,81.298907,synthetic_track_0,0.10383118001639925,17.034996424728394
45.379586,672,82.361856,synthetic_track_0,0.30707208184861245,50.37958555030223
6.82916,223,82.731274,synthetic_track_0,0.07210072906161957,11.829160196301444
5.083732,217,83.078665,synthetic_track_0,0.061462048621309016,10.083731865082493
15.880587,310,83.537409,synthetic_track_0,0.12727070514419944,20.88058718741011
27.592983,495,84.279919,synthetic_track_0,0.19865973759033878,32.59298333173524
4.502322,203,84.552701,synthetic_track_0,0.05791825432002587,9.5023215099002
21.156546,391,85.164931,synthetic_track_0,0.1594285649392794,26.156545975026532
15.548515,313,92.084985,synthetic_track_0,0.12524666933651346,20.54851504162493
2.915451,174,92.384691,synthetic_track_0,0.04824601293749685,7.915451387221557
27.89473,498,93.31422,synthetic_track_0,0.20049893723162637,32.89473044959278
10.830799,289,93.823018,synthetic_track_0,0.09649139246261956,15.830798854045337
16.163765,334,94.352796,synthetic_track_0,0.12899672216405575,21.163765070562633
9.407403,247,94.790844,synthetic_track_0,0.08781555202925465,14.407402618535516
17.729579,343,95.354586,synthetic_track_0,0.13854062380076032,22.72957921457548
15.345706,316,95.937338,synthetic_track_0,0.12401051508220369,20.34570618113376
10.329093,265,96.343946,synthetic_track_0,0.0934334092511959,15.329092785933103
12.807522,297,96.820781,synthetic_track_0,0.10853985292974812,17.807521847548827
31.596628,508,97.723801,synthetic_track_0,0.2230626279987566,36.59662800566439
27.929044,458,98.669003,synthetic_track_0,0.2007080853020372,32.92904419456924
1.352206,155,99.028085,synthetic_track_0,0.03871776743873193,6.352205857509203
14.32147,314,99.557692,synthetic_track_0,0.1177676205781524,19.32146967010043
20.154937,379,100.150012,synthetic_track_0,0.15332358740842597,25.154936724368785
13.889595,279,100.60695,synthetic_track_0,0.115135271290076,18.88959496055812
6.685579,216,100.951714,synthetic_track_0,0.07122557679486859,11.68557889699577
12.932847,301,101.449936,synthetic_track_0,0.10930373374332528,17.93284746675252
26.428043,427,102.120055,synthetic_track_0,0.19155923103551567,31.42804324576041
33.153881,522,102.960714,synthetic_track_0,0.23255434524577154,38.15388055101633
18.318789,361,103.499933,synthetic_track_0,0.14213195659733358,23.318788942712757
21.493243,379,104.194808,synthetic_track_0,0.1614807931937937,26.493243496646297
8.507429,246,104.568074,synthetic_track_0,0.08233005999635089,13.507428861580882
8.725691,239,104.95912,synthetic_track_0,0.08366040555315668,13.725691158130537
9.112157,253,105.412498,synthetic_track_0,0.08601597862489839,14.112156754004232
10.063341,254,105.847686,synthetic_track_0,0.09181360474035727,15.063340590431356
4.194569,216,112.900328,synthetic_track_0,0.05604244862022611,9.19456864236535
6.675185,209,113.268998,synthetic_track_0,0.07116222424029751,11.675185000476004
36.352518,522,114.241026,synthetic_track_0,0.25205057909644235,41.35251774159232
6.857683,199,114.643833,synthetic_track_0,0.07227457761212996,11.85768254802586
25.801904,458,115.488001,synthetic_track_0,0.1877428038478915,30.80190354970624
0.976324,139,115.892808,synthetic_track_0,0.03642670314609454,5.976323853396982
9.62283,256,116.482291,synthetic_track_0,0.08912862060563002,14.622830378293664
17.137919,340,117.167597,synthetic_track_0,0.13493435204253745,22.137918535209003
2.990519,185,117.520254,synthetic_track_0,0.04870356424448678,7.9905192510123015
13.424046,308,118.146764,synthetic_track_0,0.11229767364756797,18.424046310457953
0.810233,142,118.425307,synthetic_track_0,0.03541435250357777,5.810233189945784
29.135095,466,119.375385,synthetic_track_0,0.20805916873339528,34.135095016213434
7.022634,237,119.819857,synthetic_track_0,0.07327998409170688,12.022633921806706
37.849871,555,120.917418,synthetic_track_0,0.26117720106223935,42.849871162141376
11.586237,273,121.43775,synthetic_track_0,0.10109591645241216,16.586237150049527
3.612863,179,121.818732,synthetic_track_0,0.052496855102684994,8.612863099913522
12.648657,286,122.281529,synthetic_track_0,0.10757154477575244,17.648656986928476
33.825259,476,123.039395,synthetic_track_0,0.23664650874253218,38.8252587490269
43.752108,582,123.983977,synthetic_track_0,0.297152331633892,48.75210804869556
1.592321,160,124.285028,synthetic_track_0,0.040181308056227105,6.592320716865876
31.280193,437,124.960843,synthetic_track_0,0.22113390273336223,36.280192923301975
15.087364,317,125.541969,synthetic_track_0,0.12243587578690024,20.087363987955424
4.983571,187,125.838859,synthetic_track_0,0.06085155286837173,9.983571268169737
42.640276,582,127.028147,synthetic_track_0,0.2903755278035267,47.640276044059526
11.237467,302,127.606628,synthetic_track_0,0.09897010199915024,16.23746675559544
14.655458,319,134.42647,synthetic_track_0,0.11980333368294036,19.655457644197984
35.463273,475,135.204996,synthetic_track_0,0.24663048045045236,40.46327270901606
4.96417,196,135.498821,synthetic_track_0,0.060733299765056085,9.964170148083488
6.751488,199,135.884626,synthetic_track_0,0.07162730405211876,11.751488023617386
34.842155,491,136.718532,synthetic_track_0,0.2428446611028281,39.84215466873894
7.246301,205,137.057423,synthetic_track_0,0.07464327517088085,12.246301404502411
48.354305,622,138.033828,synthetic_track_0,0.3252034998209799,53.354305092984426
41.284735,562,139.132968,synthetic_track_0,0.28211327627438376,46.28473500872769
27.130189,440,139.929892,synthetic_track_0,0.19583892846509254,32.1301890790279
41.990318,556,140.861871,synthetic_track_0,0.2864139266919713,46.99031848062928
37.990905,505,141.622863,synthetic_track_0,0.2620368283190475,42.99090536057785
12.306099,256,141.989254,synthetic_track_0,0.1054835973662813,17.30609922489838
37.26746,507,142.956726,synthetic_track_0,0.25762730542089013,42.26745979448677
21.88785,342,143.607727,synthetic_track_0,0.1638859876297239,26.88785019003432
24.478954,414,144.362084,synthetic_track_0,0.17967920457408465,29.478954270134857
19.782638,362,145.075786,synthetic_track_0,0.15105436272995498,24.78263782264626
60.497911,751,146.301652,synthetic_track_0,0.3992208260483228,65.49791058269952
19.29779,322,146.779662,synthetic_track_0,0.1480991358589815,24.29779040808983
53.45889,762,147.98094,synthetic_track_0,0.3563168072852898,58.45889006767395
19.739149,356,154.194223,synthetic_track_0,0.1507892940232734,24.73914949409298
54.599963,672,155.244025,synthetic_track_0,0.36327184245298316,59.59996348316247
47.76614,640,156.184971,synthetic_track_0,0.32161853316499783,52.76613982164898
46.359156,640,157.320782,synthetic_track_0,0.31304272805763833,51.35915581819295
56.735562,733,158.511969,synthetic_track_0,0.37628867401889854,61.73556166428338
56.216643,690,159.707356,synthetic_track_0,0.37312577616594406,61.216642842323054
59.609667,713,160.792183,synthetic_track_0,0.393806830723652,64.6096668876486
23.891762,361,161.354639,synthetic_track_0,0.1761001683923986,28.891761978287974
20.604247,346,161.913638,synthetic_track_0,0.15606220914371577,25.60424695528378
40.433575,544,162.748903,synthetic_track_0,0.27692531200637927,45.43357495504134
26.836621,406,163.434643,synthetic_track_0,0.19404957853139335,31.83662052169917
12.398856,267,163.846544,synthetic_track_0,0.106048963633718,17.3988556815131
39.711859,571,164.735301,synthetic_track_0,0.27252633384623937,44.7118594046777
15.394546,311,165.237326,synthetic_track_0,0.12430820013191753,20.39454568923498
26.508109,409,165.929771,synthetic_track_0,0.19204724278698063,31.508108582975282
42.274056,542,166.777585,synthetic_track_0,0.28814335228609234,47.2740555893478
53.740104,668,173.704808,synthetic_track_0,0.35803085635431675,58.740104436595416
53.14,704,174.879748,synthetic_track_0,0.35437312136153293,58.140000474424944
1.339926,133,175.067363,synthetic_track_0,0.038642919904182976,6.3399260444199195
36.682983,506,175.927773,synthetic_track_0,0.25406482327494495,41.68298342997131
0.501057,124,176.131722,synthetic_track_0,0.033529870857918004,5.501056908878669
32.712461,458,176.934672,synthetic_track_0,0.22986381915771745,37.712461101835444
48.263495,643,178.068006,synthetic_track_0,0.3246499991570044,53.26349535904498
53.489045,650,179.179133,synthetic_track_0,0.3565006049956705,58.48904472197638
8.899804,215,179.53918,synthetic_track_0,0.0847216538485012,13.899804183852558
33.131822,456,180.316935,synthetic_track_0,0.2324198918021639,38.13182153241723
19.812263,337,180.854867,synthetic_track_0,0.1512349350448815,24.812263304497595
54.145637,662,182.083167,synthetic_track_0,0.36050264472090554,59.145636820806736
53.293433,682,183.350296,synthetic_track_0,0.3553083212963164,58.293433456145145
0.895527,126,183.577744,synthetic_track_0,0.03593423485522081,5.89552735688215
6.363786,180,183.902897,synthetic_track_0,0.06926419387604446,11.363785857521354
48.115507,591,185.741936,synthetic_track_0,0.3237479877714248,53.11550743551387
5.010606,176,186.005572,synthetic_track_0,0.061016331137626084,10.010605509976267
54.412035,655,187.059306,synthetic_track_0,0.36212638860310953,59.412035326762755
57.11434,715,193.98598,synthetic_track_0,0.3785973937605551,62.1143402983951
47.663495,581,194.872875,synthetic_track_0,0.32099289777428847,52.663495349706785
25.280392,386,195.535102,synthetic_track_0,0.18456410061428416,30.28039162803472
46.278667,563,196.38781,synthetic_track_0,0.31255213489779005,51.278666963855635
27.686253,397,196.976642,synthetic_track_0,0.1992282300788596,32.686252689821195
27.525544,392,197.616687,synthetic_track_0,0.19824868354877132,32.52554401218435
54.416539,657,198.809338,synthetic_track_0,0.3621538420988645,59.41653946706009
1.958235,136,199.04399,synthetic_track_0,0.04241161742953796,6.958235003830427
27.869259,414,199.877496,synthetic_track_0,0.2003436845675837,32.86925902013894
67.799607,802,201.406637,synthetic_track_0,0.4437258991568995,72.79960705929871
47.595799,625,202.690745,synthetic_track_0,0.3205802745879213,52.59579858941365
25.210791,355,203.429848,synthetic_track_0,0.1841398701116776,30.210790520794855
47.379661,605,204.578227,synthetic_track_0,0.3192628789062294,52.37966090587745
60.052824,725,205.801964,synthetic_track_0,0.39650794849089055,65.05282405392958
47.492734,617,207.012208,synthetic_track_0,0.3199520759041747,52.492733572431725
65.702198,726,214.435876,synthetic_track_0,0.4309418351197419,70.70219773454595
28.449367,414,215.133022,synthetic_track_0,0.20387954117657683,33.449367082890774
54.675856,644,216.271305,synthetic_track_0,0.36373442301500186,59.67585646847664
67.612608,758,217.462268,synthetic_track_0,0.44258611058506797,72.61260837313306
59.38664,684,218.621867,synthetic_track_0,0.39244744230743184,64.386639692865
0.314762,119,218.804324,synthetic_track_0,0.03239437067885322,5.314761795141236
62.275999,730,219.951144,synthetic_track_0,0.41005857398508333,67.27599879594783
61.098013,701,221.1223,synthetic_track_0,0.4028785523725999,66.09801312267695
50.873259,582,222.066522,synthetic_track_0,0.3405569496886656,55.87325906771498
47.882048,554,223.009881,synthetic_track_0,0.32232501516364404,52.88204834083533
61.196376,733,224.188848,synthetic_track_0,0.40347809214068486,66.1963762329122
4.159269,160,224.420848,synthetic_track_0,0.0558272933540064,9.15926933063418
70.671366,834,225.833654,synthetic_track_0,0.46122975324312143,75.67136573266315
5.84808,168,226.082872,synthetic_track_0,0.06612087762937983,10.848079679326467
48.231021,584,227.172832,synthetic_track_0,0.3244520608010984,53.23102072873988
-0.29827,110,227.357337,synthetic_track_0,0.028657840740246958,4.7017303903648
0.680118,120,227.564995,synthetic_track_0,0.03462127831249177,5.68011797785284
47.279362,551,233.972081,synthetic_track_0,0.31865154307805316,52.27936248255561
25.403174,364,234.490493,synthetic_track_0,0.18531247713658167,30.403173545563497
46.943339,556,235.285254,synthetic_track_0,0.3166034232753366,51.94333901146358
10.10653,224,235.648876,synthetic_track_0,0.0920768535312912,15.10653033566651
0.046092,110,235.827472,synthetic_track_0,0.03075678538570583,5.046092406913657
58.537714,682,237.021862,synthetic_track_0,0.38727309791062325,63.53771417467263
46.382122,571,237.969978,synthetic_track_0,0.3131827107498057,51.38212198943572
49.275002,585,239.100586,synthetic_track_0,0.33081530151410243,54.27500176390282
11.313368,236,239.535338,synthetic_track_0,0.09943273286869227,16.313367994581387
0.703597,121,239.723919,synthetic_track_0,0.03476438995669454,5.7035974986186275
51.922133,595,240.727655,synthetic_track_0,0.34695001461874425,56.92213319405877
25.948727,367,241.30976,synthetic_track_0,0.18863771919222863,30.948727265750012
47.863495,560,242.183841,synthetic_track_0,0.32221193159623585,52.86349535736554
23.459928,345,242.699941,synthetic_track_0,0.17346806885538077,28.459928243994035
51.32857,556,243.75093,synthetic_track_0,0.34333214679455104,56.328570013513804
57.009615,663,244.747851,synthetic_track_0,0.3779590723536721,62.00961450328844
70.103669,804,246.126874,synthetic_track_0,0.457769545624891,75.1036689734039
54.475856,626,253.500069,synthetic_track_0,0.3625153891930545,59.475856460817894
54.15231,604,254.661969,synthetic_track_0,0.36054331955741514,59.152310111955
54.005852,613,256.042013,synthetic_track_0,0.3596506342665729,59.00585226821766
5.085542,157,256.331029,synthetic_track_0,0.061473080624894885,10.085541823725102
60.800559,679,257.461613,synthetic_track_0,0.4010655199566079,65.80055911397298
71.071366,779,258.831577,synthetic_track_0,0.46366782084288766,76.07136574074072
48.046654,564,259.793998,synthetic_track_0,0.32332831266503875,53.046653706453824
70.358252,789,261.749676,synthetic_track_0,0.45932126913429233,75.35825150276207
29.267866,381,262.853006,synthetic_track_0,0.20886843291942064,34.26786642951554
48.005998,572,264.186497,synthetic_track_0,0.323080509293217,53.00599800406893
31.357107,384,265.085048,synthetic_track_0,0.22160270481037628,36.3571066375117
70.295842,791,266.539925,synthetic_track_0,0.4589408755628,75.295842473708
67.900579,785,267.960165,synthetic_track_0,0.4443413385069347,72.90057872432102
50.045657,541,268.968102,synthetic_track_0,0.33551257470705803,55.04565689885681
39.7646,487,276.169877,synthetic_track_0,0.27284779843276563,44.764600287342105
50.436383,548,277.262058,synthetic_track_0,0.3378941163982398,55.43638301974089
69.603669,748,278.579721,synthetic_track_0,0.45472196136162624,74.6036690020988
49.328463,511,279.581286,synthetic_track_0,0.33114115478247025,54.328462672858635
58.282037,625,280.706017,synthetic_track_0,0.3857147025279704,63.28203702867841
48.798889,547,281.750993,synthetic_track_0,0.3279133130107494,53.7988888682253
48.090625,520,282.678887,synthetic_track_0,0.3235963234580398,53.09062472652544
48.305067,556,283.758804,synthetic_track_0,0.32490338341650804,53.30506668621323
23.273457,310,284.252981,synthetic_track_0,0.17233149710705092,28.273457323927556
47.67294,534,285.258291,synthetic_track_0,0.321050467550298,52.6729404983446
58.70011,648,286.435852,synthetic_track_0,0.3882629293355832,63.70011023703668
48.457281,533,287.317981,synthetic_track_0,0.32583115611333563,53.45728112286822
53.675407,580,288.348912,synthetic_track_0,0.3576365128669617,58.6754067234793
53.80816,585,289.305474,synthetic_track_0,0.35844566469035494,58.808159702077724
49.267937,538,290.350985,synthetic_track_0,0.33077224165511643,54.26793717556086
46.260405,533,297.665912,synthetic_track_0,0.31244082565920983,51.26040508451502
56.742514,580,298.595806,synthetic_track_0,0.3763310484803763,61.742513803319646
59.019039,639,299.742916,synthetic_track_0,0.3902068532828708,64.01903888146467
70.341533,754,300.945082,synthetic_track_0,0.45921936510089895,75.34153268242075
56.053464,599,302.061035,synthetic_track_0,0.3721311744522445,61.05346414557488
69.935972,733,303.280899,synthetic_track_0,0.45674740560642657,74.93597222222219
53.906482,575,304.326609,synthetic_track_0,0.3590449573553697,58.90648227150513
20.675471,292,304.806432,synthetic_track_0,0.15649633320742035,25.675471243324505
48.243428,543,305.694965,synthetic_track_0,0.32452768449851327,53.24342788249546
69.359333,709,306.912718,synthetic_track_0,0.4532326908753014,74.3593327881986
69.350774,710,308.105812,synthetic_track_0,0.4531805264811913,74.35077447009971
56.960051,628,309.195849,synthetic_track_0,0.3776569772793455,61.96005146730764
57.326749,599,310.188666,synthetic_track_0,0.3798920626500907,62.32674932524967
55.952982,602,317.564165,synthetic_track_0,0.37151872040335415,60.95298226208372
24.600001,337,318.162517,synthetic_track_0,0.18041700483252576,29.6000009996695
28.781255,378,318.79402,synthetic_track_0,0.2059024523966528,33.78125472392591
46.01139,507,319.717357,synthetic_track_0,0.3109230349567864,51.01138971952365
46.260405,494,320.58092,synthetic_track_0,0.31244082565920983,51.26040508451502
53.395226,559,321.538822,synthetic_track_0,0.3559287648155917,58.395226127006936
53.956849,580,322.474036,synthetic_track_0,0.35935195324802816,58.956849357124476
71.071366,713,323.692774,synthetic_track_0,0.46366782084288766,76.07136574074072
52.105069,557,324.639027,synthetic_track_0,0.3480650418356634,57.10506942429995
69.068275,658,325.795058,synthetic_track_0,0.45145864727435,74.06827545460433
24.72047,339,326.403279,synthetic_track_0,0.18115128352212523,29.720469965254843
69.970981,758,327.690956,synthetic_track_0,0.4569607915507708,74.97098125128664
53.117015,575,328.672355,synthetic_track_0,0.3542330183667989,58.117014565818195
65.970355,683,329.875443,synthetic_track_0,0.43257630132171143,70.97035539106582
48.131192,541,330.948936,synthetic_track_0,0.32384358850804995,53.13119210948515
66.262654,727,338.123178,synthetic_track_0,0.43435791187737716,71.2626541922663
48.894337,522,339.06296,synthetic_track_0,0.32849508452607556,53.89433684138736
55.703862,559,340.032649,synthetic_track_0,0.37000028888054953,60.70386176130461
49.694784,505,340.888984,synthetic_track_0,0.33337394499450773,54.69478397704895
40.745614,447,341.731835,synthetic_track_0,0.2788272427138045,45.7456140053146
69.876453,716,342.998062,synthetic_track_0,0.4563846240503291,74.8764526972577
54.547198,570,343.981127,synthetic_track_0,0.362950229515467,59.547198261387386
65.117881,620,345.004643,synthetic_track_0,0.4273803281266022,70.1178813578545
48.519337,532,345.916678,synthetic_track_0,0.3262093944643556,53.51933655704803
69.641012,730,347.149082,synthetic_track_0,0.4549495707698279,74.64101159470285
48.996068,564,348.134324,synthetic_track_0,0.3291151521450926,53.99606784041267
23.057726,325,348.644126,synthetic_track_0,0.17101657872298553,28.05772607664879
69.135972,733,349.86095,synthetic_track_0,0.45187127038257857,74.13597220207772
54.658226,565,350.935016,synthetic_track_0,0.36362696523031096,59.65822647546558
17.697269,283,351.425749,synthetic_track_0,0.13834369019165887,22.697269427414994
55.456765,571,358.721066,synthetic_track_0,0.36849419055083255,60.45676469799505
69.62029,710,360.07001,synthetic_track_0,0.45482326953674157,74.62029006333121
45.856294,483,360.962169,synthetic_track_0,0.30997770245091766,50.85629434398125
69.835972,678,362.307471,synthetic_track_0,0.4561378886497635,74.83597221089681
53.833139,558,363.49395,synthetic_track_0,0.35859792014460135,58.83313939621511
54.255014,551,364.598287,synthetic_track_0,0.361169317573633,59.255014077820306
61.357761,644,366.052699,synthetic_track_0,0.4044617565493655,66.35776050767784
68.300579,664,367.702189,synthetic_track_0,0.44677940585253395,73.30057869069886
49.049268,500,368.725051,synthetic_track_0,0.3294394172168403,54.049268182901436
66.873775,673,370.095767,synthetic_track_0,0.438082796182531,71.87377496360685
61.880494,622,371.282552,synthetic_track_0,0.4076479049870144,66.88049392200898
36.988438,448,372.134613,synthetic_track_0,0.2559266231899668,41.98843844734612
70.971366,707,373.640117,synthetic_track_0,0.46305830388622454,75.97136572941534
69.535972,711,383.797476,synthetic_track_0,0.45430933800666046,74.53597221414464
48.792837,526,385.037616,synthetic_track_0,0.3278764279406259,53.79283734268566
54.485988,541,386.254102,synthetic_track_0,0.36257714489793264,59.48598837120974
27.702409,334,387.033085,synthetic_track_0,0.19932670793803675,32.70240939707168
9.195219,192,387.423079,synthetic_track_0,0.08652225660922108,14.195218929080097
39.494855,437,388.565699,synthetic_track_0,0.271203656422357,44.49485517547269
42.900923,463,389.663002,synthetic_track_0,0.2919642130582114,47.900922678618606
53.705695,548,390.8002,synthetic_track_0,0.3578211262293002,58.70569519720075
55.644134,550,392.024153,synthetic_track_0,0.3696362361523621,60.644133682300726
65.255559,632,393.332113,synthetic_track_0,0.42821949959982936,70.25555949118498
71.071366,686,394.785941,synthetic_track_0,0.46366782084288766,76.07136574074072
69.036621,671,396.28828,synthetic_track_0,0.4512657110290405,74.03662149238866
48.998889,503,397.409668,synthetic_track_0,0.3291323468326969,53.998888875884056
42.688679,468,398.417639,synthetic_track_0,0.290670549975345,47.688678668794665
52.987502,539,399.675488,synthetic_track_0,0.35344361982670913,57.987502397065114
70.054875,669,401.356794,synthetic_track_0,0.45747213700679257,75.05487481787961
70.119308,683,409.572306,synthetic_track_0,0.4578648694560709,75.11930821705965
44.128879,470,410.44095,synthetic_track_0,0.29944881667348633,49.12887940420509
43.544835,456,411.405396,synthetic_track_0,0.29588896897862327,48.54483525922867
56.560076,590,412.644111,synthetic_track_0,0.37521906211162565,61.56007646789668
48.140585,500,413.735675,synthetic_track_0,0.3239008425589,53.14058545887574
43.865629,453,414.648274,synthetic_track_0,0.297844260772646,48.86562896219166
43.87086,450,415.483043,synthetic_track_0,0.2978761458060866,48.870860159897184
49.312106,493,416.539972,synthetic_track_0,0.33104145742362484,54.31210588917171
70.15252,705,417.94117,synthetic_track_0,0.45806730173348176,75.1525201397345
31.232593,358,418.65118,synthetic_track_0,0.22084377061008936,36.23259258126723
35.920166,406,419.447382,synthetic_track_0,0.2494153249665961,40.92016645103499
37.110604,411,420.274619,synthetic_track_0,0.2566712411603233,42.110603720444324
69.015816,668,421.586592,synthetic_track_0,0.4511388993838311,74.01581622057711
60.262665,571,422.860998,synthetic_track_0,0.3977869675198877,65.2626654963815
47.084042,501,423.79421,synthetic_track_0,0.3174610317794155,52.08404200451916
69.162211,671,425.086442,synthetic_track_0,0.4520312002153515,74.16221098824064
64.136176,621,433.065148,synthetic_track_0,0.42139667112663426,69.13617648283376
69.124554,673,434.501268,synthetic_track_0,0.4518016715315102,74.12455351090107
1.025153,120,434.733252,synthetic_track_0,0.0367243248554545,6.0251529696033845
50.436787,523,435.755716,synthetic_track_0,0.33789657875691836,55.43678700504934
48.687598,505,436.777959,synthetic_track_0,0.3272349766752714,53.68759804934213
59.274121,596,437.910765,synthetic_track_0,0.3917616236041524,64.27412128407362
43.086055,452,438.712142,synthetic_track_0,0.29309262329793656,48.0860545859735
43.205571,447,439.551517,synthetic_track_0,0.2938210984301876,48.20557139461845
43.617363,456,440.371743,synthetic_track_0,0.29633103581653975,48.617362673462125
41.939053,444,441.469042,synthetic_track_0,0.2861014558178963,46.93905314567056
50.066586,500,442.396529,synthetic_track_0,0.335640138968359,55.066585648148134
42.79402,463,443.301289,synthetic_track_0,0.29131262586615025,47.79402044091499
36.714294,390,443.995061,synthetic_track_0,0.25425566441571057,41.71429366019426
69.535972,659,445.117508,synthetic_track_0,0.4543093380066604,74.53597221414462
61.930081,575,446.113043,synthetic_track_0,0.4079501451696085,66.93008076508526
69.633191,669,447.250395,synthetic_track_0,0.45490190405733133,74.63319118587354
69.435972,702,454.405533,synthetic_track_0,0.4536998210889949,74.43597220921737
70.588862,709,455.635012,synthetic_track_0,0.46072687751625696,75.58886174679044
68.194841,658,456.729034,synthetic_track_0,0.44613491927809645,73.19484141130364
69.735972,662,457.829806,synthetic_track_0,0.455528371698911,74.73597220052476
38.921606,412,458.505411,synthetic_track_0,0.26770960481025297,43.92160582291204
63.040423,581,459.54448,synthetic_track_0,0.41471786592238935,68.04042256038196
46.763233,488,460.378938,synthetic_track_0,0.3155056473122181,51.763233097190785
42.015129,436,461.082878,synthetic_track_0,0.28656515291914314,47.01512931528213
54.60471,547,461.984976,synthetic_track_0,0.36330077380609527,59.60471008718594
71.239062,683,463.114994,synthetic_track_0,0.46468996086135206,76.23906249192243
67.199816,641,464.159009,synthetic_track_0,0.44007006934288895,72.19981566907038
51.314594,497,465.015039,synthetic_track_0,0.3432469632277899,56.31459442588211
48.031192,511,465.942053,synthetic_track_0,0.32323407186886705,53.03119215024696
54.537642,547,466.915015,synthetic_track_0,0.36289198142789164,59.5376418259945
48.02373,512,473.685735,synthetic_track_0,0.32318859148504336,53.02373044003901
54.448723,552,474.646795,synthetic_track_0,0.36235000611169527,59.44872299089855
48.945062,515,475.482383,synthetic_track_0,0.32880426594913126,53.94506249465947
36.595859,402,476.184806,synthetic_track_0,0.2535337833653726,41.59585870539894
54.002257,532,477.15641,synthetic_track_0,0.35962872058227924,59.002257013559706
68.923351,664,478.365161,synthetic_track_0,0.45057531019772473,73.92335131967911
69.803669,694,479.598745,synthetic_track_0,0.4559409948852781,74.80366896081789
68.300579,675,480.779994,synthetic_track_0,0.44677940585253406,73.30057869069887
67.254504,644,481.950112,synthetic_track_0,0.4404034009647616,72.25450350933139
69.935972,693,483.291535,synthetic_track_0,0.45674740560642657,74.93597222222219
48.040692,476,484.116911,synthetic_track_0,0.3232919739039467,53.040691810757515
68.189729,657,485.198046,synthetic_track_0,0.4461037576888697,73.18972890501234
47.716997,520,486.030908,synthetic_track_0,0.3213189976932303,52.71699672523195
53.664878,545,486.972511,synthetic_track_0,0.3575723388954617,58.66487806171421
36.738073,404,487.731082,synthetic_track_0,0.25440060254808367,41.73807284257851
47.716342,487,494.659835,synthetic_track_0,0.3213150088547413,52.71634229898554
48.175513,508,495.482754,synthetic_track_0,0.3241137318509312,53.17551300499475
49.213363,493,496.286583,synthetic_track_0,0.33043960377439946,54.21336315350074
40.74264,427,497.071547,synthetic_track_0,0.2788091150161816,45.74263989614869
34.430525,375,497.723159,synthetic_track_0,0.24033570616632446,39.43052457490399
66.834405,635,498.917644,synthetic_track_0,0.43784282678078557,71.83440453653348
64.698654,573,499.944353,synthetic_track_0,0.4248250668573862,69.69865404503318
69.635972,688,501.174261,synthetic_track_0,0.45491885489258044,74.63597221386358
48.165244,500,502.046671,synthetic_track_0,0.3240511413613942,53.16524413618948
36.562837,402,502.779944,synthetic_track_0,0.25333250750003633,41.56283650873464
56.906737,532,503.780923,synthetic_track_0,0.3773320138084544,61.906736542408176
33.551473,373,504.409036,synthetic_track_0,0.23497773668286012,38.551472723810676
51.301018,502,505.318883,synthetic_track_0,0.3431642135396864,56.30101815100237
55.175856,520,506.201991,synthetic_track_0,0.3667820075324335,60.17585648148146
49.028181,485,507.05014,synthetic_track_0,0.32931088464726893,54.0281805687304
69.035972,662,508.281189,synthetic_track_0,0.45126175374339567,74.03597224283953
70.930406,677,515.529037,synthetic_track_0,0.46280865022102763,75.9304064598262
69.268275,661,516.617514,synthetic_track_0,0.4526776810315331,74.26827545163758
54.50816,525,517.505573,synthetic_track_0,0.36271228295753993,59.50815971089683
44.445219,443,518.259316,synthetic_track_0,0.3013769577608436,49.44521864376988
49.432759,488,519.080998,synthetic_track_0,0.3317768587411809,54.43275903799781
40.781342,416,519.732977,synthetic_track_0,0.2790450092747482,45.78134173745167
54.169065,513,520.548005,synthetic_track_0,0.3606454440774716,59.16906510630029
69.4847,668,521.687517,synthetic_track_0,0.45399682508837264,74.48469998122891
54.550846,513,522.516596,synthetic_track_0,0.3629724657406241,59.55084643350669
54.598928,542,523.441173,synthetic_track_0,0.363265529062377,59.59892768075334
60.104893,568,524.451411,synthetic_track_0,0.39682531522482484,65.1048926250182
42.884568,429,525.121766,synthetic_track_0,0.29186452861176365,47.884568013395985
50.195299,490,525.959955,synthetic_track_0,0.3364246656041442,55.19529851102415
68.889969,657,527.083737,synthetic_track_0,0.45037183651739027,73.88996853989681
49.640473,471,527.896639,synthetic_track_0,0.33304291099340594,54.64047309447647
68.000579,657,534.9803,synthetic_track_0,0.4449508551461176,73.00057868355921
51.190506,509,535.799935,synthetic_track_0,0.34249062468811037,56.19050622504215
53.592619,518,536.649133,synthetic_track_0,0.35713191025572844,58.5926194174224
48.891801,490,537.527192,synthetic_track_0,0.3284796304704139,53.89180138158711
54.814969,523,538.449974,synthetic_track_0,0.3645823356624567,59.81496871698998
68.838573,672,539.608989,synthetic_track_0,0.45005857014367673,73.83857269179651
69.452186,676,540.814452,synthetic_track_0,0.4537986488767244,74.45218632727294
38.61077,410,541.63326,synthetic_track_0,0.2658150080198384,43.61077000706254
69.735972,691,542.889765,synthetic_track_0,0.455528371698911,74.73597220052476
68.455031,682,544.076689,synthetic_track_0,0.44772081636178584,73.45503060636402
57.055579,562,545.023128,synthetic_track_0,0.3782392322301395,62.055578755001854
49.577348,474,545.801225,synthetic_track_0,0.3326581505315824,54.57734761434126
54.183786,529,546.679847,synthetic_track_0,0.3607351703687874,59.18378599314301
34.28542,379,547.304753,synthetic_track_0,0.2394512700290399,39.28542012329164
54.375856,525,548.291219,synthetic_track_0,0.36190587230858545,59.37585646133699
70.403669,731,555.774566,synthetic_track_0,0.4595980962679941,75.40366897015609
57.606971,533,556.641111,synthetic_track_0,0.3816000620050099,62.606971151678806
60.561743,587,557.643878,synthetic_track_0,0.39960989329197794,65.56174265225316
49.848538,473,558.625942,synthetic_track_0,0.334311102904619,54.84853819274437
69.635972,706,559.90759,synthetic_track_0,0.4549188548925805,74.6359722138636
52.384358,506,560.710933,synthetic_track_0,0.34976735522500424,57.384358386407555
48.820526,483,561.618791,synthetic_track_0,0.32804519539517607,53.820526067637246
64.400876,614,562.754918,synthetic_track_0,0.423010062074275,69.4008764411739
49.834282,475,563.540021,synthetic_track_0,0.33422421136274144,54.83428238726292
59.05659,570,564.541487,synthetic_track_0,0.3904357309359328,64.05658954785405
48.556617,475,565.589017,synthetic_track_0,0.3264366223746798,53.55661655944577
56.646643,536,566.686588,synthetic_track_0,0.37574670278150746,61.646643498374026
55.075856,527,567.575513,synthetic_track_0,0.3661724905757704,60.07585647015608
53.87411,535,568.49736,synthetic_track_0,0.35884764182981527,58.87410982546502
43.414016,436,569.293139,synthetic_track_0,0.2950916048720092,48.41401622487664
42.569233,435,575.935504,synthetic_track_0,0.28994250628361057,47.56923264416331
70.887943,672,577.107424,synthetic_track_0,0.4625498295957129,75.8879432187633
60.812906,585,578.078769,synthetic_track_0,0.40114077767257234,65.81290622321498
69.068275,693,579.240789,synthetic_track_0,0.4514586472743501,74.06827545460435
49.179228,492,580.064122,synthetic_track_0,0.33023154460070486,54.17922805767057
71.071366,697,581.171314,synthetic_track_0,0.46366782084288766,76.07136574074072
49.949652,466,581.950243,synthetic_track_0,0.33492740996707393,54.94965221845222
70.503669,664,583.119908,synthetic_track_0,0.46020761322465714,75.50366898148145
58.887244,544,584.06504,synthetic_track_0,0.38940353847730713,63.88724354947916
71.035484,683,585.254045,synthetic_track_0,0.46344911713158626,76.03548425562704
54.408695,550,586.152085,synthetic_track_0,0.362106028317746,59.40869492951099
69.022563,674,587.369915,synthetic_track_0,0.45118002145634406,74.02256288721544
60.214479,568,588.355782,synthetic_track_0,0.3974932597525433,65.2144785185793
60.258699,564,589.300094,synthetic_track_0,0.3977627924203317,65.2586992240687
61.386826,574,596.277756,synthetic_track_0,0.40463891789031575,66.38682637025603
55.307911,511,597.130514,synthetic_track_0,0.3675869023175168,60.30791103180065
49.290154,464,598.210202,synthetic_track_0,0.3309076591884233,54.290154366922486
69.035972,691,599.530295,synthetic_track_0,0.45126175374339567,74.03597224283953
69.325137,644,600.650888,synthetic_track_0,0.4530242630032747,74.32513720211138
46.728102,491,601.577431,synthetic_track_0,0.3152915163597748,51.72810183884702
48.912769,479,602.487978,synthetic_track_0,0.3286074330352129,53.91276922799006
59.308368,532,603.479951,synthetic_track_0,0.3919703627514318,64.30836793933695
69.168275,645,604.589314,synthetic_track_0,0.4520681640806806,74.16827544126551
54.252383,503,605.445386,synthetic_track_0,0.3611532786239485,59.252382657754694
68.579059,647,606.516846,synthetic_track_0,0.4484767874937709,73.57905852869457
58.416478,554,607.447721,synthetic_track_0,0.3865341443935802,63.416478236499906
34.79431,391,608.130929,synthetic_track_0,0.2425530418615418,39.794310343634386
45.914354,446,608.905425,synthetic_track_0,0.3103315888009339,50.91435448262491
1.136581,115,609.091128,synthetic_track_0,0.03740349571236834,6.136580703714463
69.201499,670,616.307352,synthetic_track_0,0.45227066794046356,74.20149910805665
55.292436,532,617.164301,synthetic_track_0,0.36749257974118565,60.29243605838401
48.35854,474,617.946623,synthetic_track_0,0.32522931448402437,53.358540359236805
68.760713,680,619.125804,synthetic_track_0,0.44958400138313487,73.7607128703263
68.300579,642,620.193485,synthetic_track_0,0.44677940585253395,73.30057869069886
63.290233,583,621.18733,synthetic_track_0,0.41624050493705306,68.2902333606334
53.907993,517,622.074091,synthetic_track_0,0.35905416579210686,58.907993047814045
49.559026,474,622.834773,synthetic_track_0,0.33254647949252525,54.55902637643581
69.903669,681,623.939908,synthetic_track_0,0.45655051188869644,74.90366897981413
67.789066,641,624.968346,synthetic_track_0,0.4436616515859482,72.78906632248652
44.172811,426,625.691047,synthetic_track_0,0.2997165901997431,49.17281149725942
68.588589,673,626.839155,synthetic_track_0,0.4485348774090044,73.58858901364292
48.981986,450,627.601888,synthetic_track_0,0.3290293183367197,53.981985571305046
60.199182,554,628.518904,synthetic_track_0,0.39740002631007865,65.19918223321686
69.635972,678,629.680972,synthetic_track_0,0.4549188548925805,74.6359722138636
48.387293,467,636.666658,synthetic_track_0,0.3254045653815279,53.38729278612757
43.738157,426,637.386652,synthetic_track_0,0.297067296347135,48.738156788528315
63.122781,551,638.26289,synthetic_track_0,0.41521985194597955,68.12278057765357
60.680915,553,639.206517,synthetic_track_0,0.4003362701338896,65.68091520622988
69.690343,627,640.329133,synthetic_track_0,0.4552502510933624,74.69034252049593
70.503669,661,641.411062,synthetic_track_0,0.46020761322465714,75.50366898148145
43.503776,427,642.132994,synthetic_track_0,0.2956387068942054,48.50377616972752
48.779907,451,642.934317,synthetic_track_0,0.32779761485695336,53.77990692430487
55.775924,513,643.901057,synthetic_track_0,0.37043952037511524,60.77592399673691
45.164273,422,644.691876,synthetic_track_0,0.30575971458645207,50.164272851214136
46.260405,440,645.503032,synthetic_track_0,0.3124408256592098,51.260405084515014
49.442617,453,646.257631,synthetic_track_0,0.33183694417343684,54.4426169161756
69.55083,649,647.482875,synthetic_track_0,0.4543998993731401,74.55083010706231
69.813222,636,648.585068,synthetic_track_0,0.45599922513433955,74.81322246954635
59.545759,508,649.459902,synthetic_track_0,0.39341730089757737,64.54575892480489
70.12045,640,656.504855,synthetic_track_0,0.4578718314988599,75.12045044017607
53.741288,525,657.435578,synthetic_track_0,0.35803807016910216,58.74128796652408
54.733959,520,658.384869,synthetic_track_0,0.3640885693374104,59.733959259325275
69.935972,659,659.565244,synthetic_track_0,0.45674740560642657,74.93597222222219
69.989213,638,660.658855,synthetic_track_0,0.45707191613220977,74.98921283497098
68.642631,640,661.807364,synthetic_track_0,0.44886427145228935,73.64263083758058
34.435668,349,662.418308,synthetic_track_0,0.2403670590683569,39.43566846880891
28.64399,324,663.01518,synthetic_track_0,0.20506579929845,33.64398976618998
31.615284,354,663.594679,synthetic_track_0,0.22317633860337727,36.61528386359513
69.518432,642,664.658746,synthetic_track_0,0.45420242967497904,74.51843236679166
47.531733,473,665.532907,synthetic_track_0,0.32018978566024364,52.53173327217624
49.585542,462,666.340189,synthetic_track_0,0.3327080943592034,54.585541616613284
49.662136,475,667.152996,synthetic_track_0,0.3331749525987349,54.66213641636436
49.202561,481,668.014589,synthetic_track_0,0.33037376566419946,54.20256146587963
33.831604,368,668.667357,synthetic_track_0,0.2366851844179866,38.83160404908981
48.403171,447,669.617541,synthetic_track_0,0.3255013445250389,53.40317079467411
24.818243,307,670.126639,synthetic_track_0,0.18174722890033426,29.818243364204186
34.908127,364,670.77817,synthetic_track_0,0.2432467726768317,39.908126848043956
54.275857,506,677.602768,synthetic_track_0,0.3612963556694026,59.275856502098804
69.352635,683,678.807725,synthetic_track_0,0.4531918651236619,74.35263473725566
55.047493,502,679.644347,synthetic_track_0,0.36599961317988516,60.04749345029676
70.303669,643,680.723119,synthetic_track_0,0.45898857931714154,75.30366895978402
40.061975,406,681.417511,synthetic_track_0,0.2746603467053253,45.06197486536216
69.735972,633,682.505691,synthetic_track_0,0.45552837169891097,74.73597220052474
48.063495,455,683.29265,synthetic_track_0,0.32343096539982136,53.06349536201176
69.112775,628,684.307475,synthetic_track_0,0.4517298768923364,74.11277456914728
33.177471,368,684.94547,synthetic_track_0,0.23269813550322227,38.17747140803247
43.035581,428,685.677428,synthetic_track_0,0.2927849787909886,48.03558108586382
58.246083,562,686.653286,synthetic_track_0,0.3854955579598188,63.24608321466636
48.900059,455,687.424054,synthetic_track_0,0.32852995943705054,53.90005857144645
48.138709,447,688.226837,synthetic_track_0,0.3238894035964982,53.13870873279417
44.452102,426,688.953289,synthetic_track_0,0.3014189137878071,49.452102132614044
43.736216,418,689.642126,synthetic_track_0,0.2970554679272275,48.736216166349095
63.734196,578,690.613555,synthetic_track_0,0.41894653497615436,68.73419645566918
29.87036,333,697.212008,synthetic_track_0,0.21254073333845377,34.87036005906764
70.971366,663,698.32415,synthetic_track_0,0.46305830388622454,75.97136572941534
55.389638,517,699.323847,synthetic_track_0,0.3680850444263069,60.38963839963858
68.851165,636,700.487325,synthetic_track_0,0.4501353203313049,73.85116466245154
68.76541,631,701.575452,synthetic_track_0,0.4496126284908696,73.76540955852569
70.939062,644,702.720032,synthetic_track_0,0.46286141012173915,75.93906247933641
68.468275,640,703.960799,synthetic_track_0,0.44780154612516526,73.46827548358029
55.20425,542,704.922141,synthetic_track_0,0.3669550734144134,60.204250425191866
48.827604,471,705.693069,synthetic_track_0,0.32808833503680446,53.82760374546762
68.543936,613,706.777617,synthetic_track_0,0.44826270911395183,73.5439358956449
69.449012,681,707.897633,synthetic_track_0,0.4537792992614912,74.44901174497247
43.189973,408,708.595006,synthetic_track_0,0.2937260208316411,48.189972548962885
69.703669,670,709.754073,synthetic_track_0,0.4553314780008091,74.70366896133699
69.276858,629,710.844198,synthetic_track_0,0.4527299931276301,74.27685800236888
69.796483,694,717.832454,synthetic_track_0,0.4558971947051846,74.79648291216489
32.883056,380,718.476691,synthetic_track_0,0.2309036244097488,37.883056088312244
54.574177,492,719.275643,synthetic_track_0,0.36311466910625695,59.57417693812734
69.80233,676,720.52026,synthetic_track_0,0.45593283406913,74.80233006171375
70.863708,637,721.62513,synthetic_track_0,0.4624021131078776,75.86370820725952
44.39527,429,722.374359,synthetic_track_0,0.3010725093636812,49.395269511376725
54.519678,475,723.212306,synthetic_track_0,0.3627824868941114,59.5196776750412
53.239345,506,724.085962,synthetic_track_0,0.3549786432044565,58.239345029958926
70.203669,652,725.262848,synthetic_track_0,0.45837906251081095,75.20366897312284
41.3543,425,725.939875,synthetic_track_0,0.2825372886562125,46.35430033012105
54.65203,544,726.887452,synthetic_track_0,0.3635891987233602,59.65203033755422
69.860185,649,727.995163,synthetic_track_0,0.4562854724031869,74.86018544541383
53.616844,488,728.834008,synthetic_track_0,0.35727956352211143,58.61684405653886
70.203669,633,729.984871,synthetic_track_0,0.45837906251081106,75.20366897312286
39.585144,423,730.711021,synthetic_track_0,0.2717539796888592,44.5851436117192
26.741262,320,737.322218,synthetic_track_0,0.19346835170865928,31.74126191318035
48.537106,456,738.080133,synthetic_track_0,0.3263176999486831,53.53710562736011
70.667779,642,739.211033,synthetic_track_0,0.4612078907542438,75.66777887734851
49.442788,469,740.022449,synthetic_track_0,0.33183798936613557,54.44278839505009
49.266972,478,740.800974,synthetic_track_0,0.33076636134567916,54.266972426337894
53.695346,516,741.649931,synthetic_track_0,0.357758049104938,58.6953464889628
61.091039,566,742.62358,synthetic_track_0,0.4028360455990091,66.09103927593812
70.234925,656,743.737715,synthetic_track_0,0.45856957197359743,75.23492478680937
59.517431,552,744.666451,synthetic_track_0,0.3932446345707619,64.51743053385809
48.375206,439,745.387538,synthetic_track_0,0.325330895033249,53.37520610735399
69.835972,655,746.498695,synthetic_track_0,0.4561378886497635,74.83597221089681
55.238071,527,747.467544,synthetic_track_0,0.3671612145468181,60.2380708387993
42.672519,433,748.227725,synthetic_track_0,0.29057205368392486,47.67251893746997
69.894851,629,749.352954,synthetic_track_0,0.456496764394508,74.89485093140908
60.048483,569,750.385249,synthetic_track_0,0.39648148956926055,65.04848308780267
53.944084,511,751.241537,synthetic_track_0,0.35927414412284914,58.94408365255455
68.64783,666,758.770097,synthetic_track_0,0.44889596342492305,73.64783036088777
65.547143,592,760.000179,synthetic_track_0,0.42999675083977174,70.54714308402752
70.403669,675,761.349028,synthetic_track_0,0.459598096267994,75.40366897015608
70.230796,669,762.49998,synthetic_track_0,0.4585444089024276,75.23079642356294
69.235972,668,763.654938,synthetic_track_0,0.4524807872670475,74.23597220155861
54.932205,553,764.619875,synthetic_track_0,0.3652969111608309,59.93220509105489
69.603669,635,765.722793,synthetic_track_0,0.45472196136162624,74.6036690020988
69.448122,635,766.744953,synthetic_track_0,0.45377387792734963,74.4481222972391
48.185681,468,767.533273,synthetic_track_0,0.3241757103675425,53.185681470851705
69.903669,655,768.615023,synthetic_track_0,0.45655051188869644,74.90366897981413
70.586414,623,769.630562,synthetic_track_0,0.460711956180365,75.58641368731995
49.011624,458,770.409891,synthetic_track_0,0.32920996752029635,54.0116236645625
27.718064,336,770.955985,synthetic_track_0,0.1994221232771057,32.71806365391098
0.592416,112,771.129985,synthetic_track_0,0.034086720215859095,5.5924160441609665
70.839062,675,778.084973,synthetic_track_0,0.4622518932372702,75.83906247985551
55.177944,509,778.995046,synthetic_track_0,0.3667947282950917,60.177943505305784
53.80816,494,779.747688,synthetic_track_0,0.35844566469035494,58.808159702077724
70.348327,675,780.864259,synthetic_track_0,0.4592607787625621,75.34832718844731
62.577288,571,781.804473,synthetic_track_0,0.41189498296003807,67.57728806491069
70.671366,667,782.871865,synthetic_track_0,0.46122975324312154,75.67136573266316
70.818283,641,783.904697,synthetic_track_0,0.46212523932263094,75.8182830860095
70.171366,653,784.991275,synthetic_track_0,0.45818216897985675,75.17136576135806
69.268275,607,785.983076,synthetic_track_0,0.4526776810315331,74.26827545163758
39.879325,398,786.626671,synthetic_track_0,0.2735470666397259,44.879325280389594
54.606841,526,787.549014,synthetic_track_0,0.3633137601684036,59.60684068644772
54.835746,505,788.516901,synthetic_track_0,0.364708976657974,59.83574599126849
68.925935,606,789.525904,synthetic_track_0,0.4505910599919828,73.92593529964384
34.377044,362,790.107978,synthetic_track_0,0.24000973170371048,39.37704378229136
55.790497,486,790.927641,synthetic_track_0,0.3705283471883168,60.79049731127566
58.582181,529,797.753938,synthetic_track_0,0.38754413229437734,63.58218125823558
54.5479,510,798.604424,synthetic_track_0,0.36295450977420396,59.54790049931119
69.435972,612,799.660266,synthetic_track_0,0.4536998210889949,74.43597220921737
69.899886,602,800.686543,synthetic_track_0,0.45652745109956805,74.899885526132
69.33103,605,801.752738,synthetic_track_0,0.45306018313821844,74.33103041617527
49.625742,459,802.489299,synthetic_track_0,0.3329531254381002,54.62574248452497
68.656264,634,803.479104,synthetic_track_0,0.44894737026478204,73.6562643913309
48.431192,461,804.285497,synthetic_track_0,0.3256721392144663,53.43119211662479
69.713393,623,805.373436,synthetic_track_0,0.45539074829096543,74.71339310374533
48.431192,439,806.097556,synthetic_track_0,0.3256721392144663,53.43119211662479
48.240424,437,806.867707,synthetic_track_0,0.3245093753608294,53.24042400548149
70.578336,666,807.983218,synthetic_track_0,0.4606627235335222,75.5783363644694
55.079358,500,808.807746,synthetic_track_0,0.36619383055887167,60.079357600893275
58.863012,519,809.682953,synthetic_track_0,0.38925584115369577,63.86301168214158
70.83144,730,810.982018,synthetic_track_0,0.4622054305763164,75.83143961297579
69.001769,665,818.100831,synthetic_track_0,0.4510532814893029,74.0017693752369
48.486198,463,818.886671,synthetic_track_0,0.3260074092373516,53.486197979413475
54.934133,544,819.785068,synthetic_track_0,0.36530866016144997,59.93413268335913
56.078947,515,820.714959,synthetic_track_0,0.37228649516327705,61.07894673911478
48.662936,450,821.529808,synthetic_track_0,0.32708465570337736,53.66293573481991
70.002058,629,822.580915,synthetic_track_0,0.45715020894405795,75.00205789528624
0.238066,109,822.752962,synthetic_track_0,0.031926894749373644,5.238065654482202
69.470142,654,823.904945,synthetic_track_0,0.45390809153676265,74.47014196759379
34.493614,360,824.584335,synthetic_track_0,0.24072024926742397,39.49361439389044
69.116708,626,825.664162,synthetic_track_0,0.4517538499861407,74.11670769951508
68.568275,616,826.718017,synthetic_track_0,0.4484110627643481,73.56827544281848
69.093709,611,827.779986,synthetic_track_0,0.4516136697661332,74.09370912099301
69.835972,645,828.815306,synthetic_track_0,0.4561378886497635,74.83597221089681
61.825305,537,829.709203,synthetic_track_0,0.4073115202311543,66.82530517126469
69.335972,623,830.737624,synthetic_track_0,0.45309030427046587,74.33597222055486
46.122391,421,837.406769,synthetic_track_0,0.31159960816272714,51.122391271682126
69.723836,623,838.533069,synthetic_track_0,0.45545439946562566,74.72383599317985
49.971473,453,839.326606,synthetic_track_0,0.33506040985632557,54.971472760581605
71.339062,696,840.47927,synthetic_track_0,0.46529947774727204,76.33906249164137
69.715972,603,841.766493,synthetic_track_0,0.4554064668161386,74.71597195356756
69.941501,617,842.907476,synthetic_track_0,0.45678110702609676,74.9415014241777
70.262522,648,844.075757,synthetic_track_0,0.4587377817020726,75.26252200878764
68.762151,627,845.098232,synthetic_track_0,0.4495927653213428,73.76215072026709
61.686391,552,846.156689,synthetic_track_0,0.4064648156703768,66.6863911267227
48.421144,449,846.907746,synthetic_track_0,0.32561089342671407,53.42114386546147
69.803669,589,847.875497,synthetic_track_0,0.455940994885278,74.80366896081787
71.058997,654,848.969325,synthetic_track_0,0.4635924304825103,76.05899686927759
69.737674,622,850.034144,synthetic_track_0,0.45553874595535604,74.73767424630158
48.136155,450,850.86934,synthetic_track_0,0.3238738397842359,53.13615526584714
68.91398,617,857.979594,synthetic_track_0,0.45051819086538547,73.9139800727952
55.116292,536,858.839164,synthetic_track_0,0.3664189521493608,60.11629203126868
67.302353,591,859.787422,synthetic_track_0,0.44069505124486014,72.3023529267989
49.468873,443,860.519234,synthetic_track_0,0.3319969816406372,54.46887336131231
56.311041,500,861.344037,synthetic_track_0,0.3737011513423445,61.31104140421275
1.797884,121,861.571511,synthetic_track_0,0.041434249841212877,6.797883812886304
59.5004,527,862.444274,synthetic_track_0,0.3931408280615709,64.50039958503662
48.507473,444,863.144303,synthetic_track_0,0.3261370827088662,53.50747277493525
69.708918,656,864.248275,synthetic_track_0,0.45536347025878393,74.70891775076743
48.803433,451,865.000965,synthetic_track_0,0.327941007277746,53.80343251050306
43.756705,408,865.71405,synthetic_track_0,0.2971803519163327,48.75670517848954
69.535972,567,866.772358,synthetic_track_0,0.45430933800666046,74.53597221414464
49.233323,458,867.497375,synthetic_track_0,0.33056126193379964,54.233322921944996
70.632324,673,868.601499,synthetic_track_0,0.4609917853474225,75.63232368140464
69.435972,629,869.607047,synthetic_track_0,0.45369982108899504,74.43597220921738
70.946032,637,870.695761,synthetic_track_0,0.46290389266524307,75.94603235078146
70.245103,634,877.582027,synthetic_track_0,0.4586316068864535,75.2451025052803
69.903669,609,878.561884,synthetic_track_0,0.45655051188869644,74.90366897981413
68.868275,612,879.596538,synthetic_track_0,0.4502396134707645,73.86827544995812
69.135972,672,880.759887,synthetic_track_0,0.45187127038257857,74.13597220207772
70.332141,628,881.878699,synthetic_track_0,0.4591621181847011,75.33214050357232
47.141333,441,882.649092,synthetic_track_0,0.31781022782453905,52.14133263127761
69.706692,601,883.600396,synthetic_track_0,0.45534990673113906,74.70669245924228
69.721381,593,884.705703,synthetic_track_0,0.45543943655052366,74.72138111204274
51.105809,442,885.433943,synthetic_track_0,0.34197438253623996,56.105809285163225
69.835972,621,886.503011,synthetic_track_0,0.4561378886497635,74.83597221089681
61.618673,538,887.523135,synthetic_track_0,0.40605205974565095,66.61867258879526
43.241094,424,888.201588,synthetic_track_0,0.2940376161135384,48.24109423044859
65.506699,580,889.240788,synthetic_track_0,0.4297502354622776,70.50669869561173
63.922336,557,890.202449,synthetic_track_0,0.4200932779605035,68.92233611309564
69.268275,604,891.280192,synthetic_track_0,0.4526776810315331,74.26827545163758
69.32308,609,898.721301,synthetic_track_0,0.4530117218797081,74.32307965066022
69.129509,605,899.79228,synthetic_track_0,0.45183187382077367,74.12950863025482
69.340341,594,900.858369,synthetic_track_0,0.45311693454636354,74.34034129981058
68.904986,633,901.994947,synthetic_track_0,0.45046336833693773,73.90498564957903
48.697955,445,902.745599,synthetic_track_0,0.327298104874941,53.69795513721786
49.190397,466,903.631166,synthetic_track_0,0.33029961819161013,54.190396508009925
69.703669,610,904.611163,synthetic_track_0,0.45533147800080903,74.70366896133697
47.495799,434,905.449342,synthetic_track_0,0.31997075778159084,52.495798602752494
54.470605,500,906.319248,synthetic_track_0,0.36248338299059973,59.470605383595235
69.183411,605,907.350406,synthetic_track_0,0.4521604177668505,74.18341098353541
69.563368,599,908.385167,synthetic_track_0,0.4544763193566276,74.56336790298528
50.005281,456,909.13946,synthetic_track_0,0.3352664793867846,55.00528142686143
48.889478,428,910.011466,synthetic_track_0,0.32846546773915,53.88947778210179
69.935972,674,911.152995,synthetic_track_0,0.45674740560642657,74.93597222222219
49.081038,428,911.92524,synthetic_track_0,0.3296330602582837,54.0810381051747
66.756388,557,918.782458,synthetic_track_0,0.43736730427091375,71.75638823878684
69.389347,618,919.817716,synthetic_track_0,0.45341563234209137,74.38934696344162
44.639261,412,920.52019,synthetic_track_0,0.3025596772607023,49.63926076530185
28.817605,312,921.075481,synthetic_track_0,0.20612401297265381,33.81760491872714
69.899834,594,922.136878,synthetic_track_0,0.4565271364214347,74.89983389866445
68.823307,615,923.187582,synthetic_track_0,0.4499655242597812,73.82330717811126
39.268649,384,923.903242,synthetic_track_0,0.26982489091080736,44.26864888988413
63.281604,541,924.760031,synthetic_track_0,0.4161879098770363,68.2816043856068
55.28619,483,925.576544,synthetic_track_0,0.36745450929667284,60.286190055150094
48.935535,447,926.40908,synthetic_track_0,0.32874619197571864,53.93553462519581
70.272209,644,927.500982,synthetic_track_0,0.45879682304381075,75.27220858891957
70.571366,664,928.727615,synthetic_track_0,0.460620236325456,75.5713657277359
56.619017,510,929.682113,synthetic_track_0,0.3755783141519154,61.61901692509794
48.64854,438,930.438155,synthetic_track_0,0.3269969112924352,53.64854000391853
68.797537,595,931.457747,synthetic_track_0,0.4498084506793152,73.79753700116407
68.880924,633,938.961664,synthetic_track_0,0.45031670988213995,73.88092422359175
70.503669,629,940.085581,synthetic_track_0,0.46020761322465714,75.50366898148145
68.968275,602,941.068399,synthetic_track_0,0.45084913038843005,73.96827545488539
69.337286,570,942.10073,synthetic_track_0,0.4530983106479753,74.3372857817821
70.90305,654,943.282427,synthetic_track_0,0.4626419086545072,75.90305011090403
48.963396,458,944.097464,synthetic_track_0,0.3289160116203146,53.963395977037166
70.303669,617,945.173578,synthetic_track_0,0.45898857931714154,75.30366895978402
49.135013,442,945.874991,synthetic_track_0,0.3299620468825287,54.13501308616704
69.435972,630,947.027549,synthetic_track_0,0.45369982108899504,74.43597220921738
62.162311,559,947.94767,synthetic_track_0,0.40936562854298264,67.16231114329038
54.891865,521,948.815075,synthetic_track_0,0.36505103179399484,59.89186504932267
49.363509,432,949.523124,synthetic_track_0,0.3313547662910049,54.36350870896835
69.042657,599,950.440985,synthetic_track_0,0.45130249681440576,74.04265672883767
68.867129,616,951.511264,synthetic_track_0,0.45023262550382137,73.86712897361187
47.586404,435,952.22043,synthetic_track_0,0.3205230112597838,52.58640371795079
34.050827,342,952.767654,synthetic_track_0,0.23802138686342691,39.05082725234334
48.562708,447,959.767557,synthetic_track_0,0.3264737488833191,53.56270769644174
43.643832,400,960.469031,synthetic_track_0,0.2964923725444344,48.64383228097722
69.929699,628,961.600143,synthetic_track_0,0.4567091690874017,74.92969897207922
47.798499,436,962.43242,synthetic_track_0,0.3218157695631872,52.798499285708345
41.231311,392,963.14549,synthetic_track_0,0.28178764902978504,46.231311182217596
48.426871,430,963.841501,synthetic_track_0,0.32564579881351174,53.42687059551701
49.837169,445,964.575282,synthetic_track_0,0.3342418086184196,54.837169469808984
56.411325,496,965.48535,synthetic_track_0,0.37431239552122847,61.41132479115182
49.069667,426,966.182364,synthetic_track_0,0.32956374850525194,54.069666516554584
69.429521,618,967.252343,synthetic_track_0,0.45366049843061124,74.4295207623122
68.973842,600,968.22946,synthetic_track_0,0.450883061200475,73.97384229195478
61.753624,543,969.156228,synthetic_track_0,0.4068746119894193,66.75362409882851
51.773826,465,969.950155,synthetic_track_0,0.3460460590133891,56.77382629334835
47.625944,426,970.646427,synthetic_track_0,0.320764017605692,52.62594427060785
48.981883,441,971.436836,synthetic_track_0,0.3290286950217019,53.981883307523596
50.424054,432,972.278327,synthetic_track_0,0.3378189699138743,55.42405415964033
50.806148,436,973.014249,synthetic_track_0,0.34014789823737573,55.80614830186264
69.703669,613,980.079895,synthetic_track_0,0.45533147800080903,74.70366896133697
68.468275,622,981.089277,synthetic_track_0,0.44780154612516526,73.46827548358029
68.962089,615,982.116968,synthetic_track_0,0.45081142472253627,73.9620892988233
47.631207,432,982.839804,synthetic_track_0,0.3207960970459342,52.63120736354146
68.263132,603,983.815027,synthetic_track_0,0.44655116291629254,73.26313215872042
48.238206,433,984.515731,synthetic_track_0,0.3244958586519679,53.23820639525022
69.835972,611,985.499423,synthetic_track_0,0.4561378886497635,74.83597221089681
55.071144,489,986.397547,synthetic_track_0,0.3661437699924942,60.07114444595152
69.435972,620,987.436546,synthetic_track_0,0.4536998210889949,74.43597220921737
49.395597,448,988.213195,synthetic_track_0,0.3315503502387765,54.395597064802274
68.882085,598,989.172188,synthetic_track_0,0.4503237852122371,73.88208503311823
54.452637,482,989.990213,synthetic_track_0,0.36237386368440205,59.45263716837104
45.860405,483,990.878993,synthetic_track_0,0.31000275803512795,50.86040507244811
65.06237,556,991.805019,synthetic_track_0,0.4270419797927761,70.06237045394172
36.592897,360,992.433973,synthetic_track_0,0.2535157336237561,41.59289738603557
55.685398,487,999.367471,synthetic_track_0,0.3698877478791776,60.68539779358602
48.325302,432,1000.180999,synthetic_track_0,0.3250267215321723,53.32530207561208
69.115658,619,1001.298699,synthetic_track_0,0.45174745002763655,74.11565769439889
69.929683,590,1002.383857,synthetic_track_0,0.4567090701405876,74.92968273843317
48.904266,440,1003.218904,synthetic_track_0,0.3285556017750463,53.904265565299454
47.954811,432,1003.96647,synthetic_track_0,0.3227685165378065,52.95481111134441
68.551102,607,1004.989192,synthetic_track_0,0.44830638541736084,73.55110162054855
65.847891,584,1006.074854,synthetic_track_0,0.4318298609315738,70.84789112382683
69.611751,610,1007.226509,synthetic_track_0,0.45477122093222244,74.61175074217782
43.600396,400,1007.97483,synthetic_track_0,0.2962276210823476,48.600396000956344
69.443579,612,1009.036456,synthetic_track_0,0.4537461833919715,74.44357861092948
48.445134,424,1009.803434,synthetic_track_0,0.32575711712581334,53.445133963531944
49.152799,433,1010.558824,synthetic_track_0,0.33007045641463295,54.15279922701134
49.219105,427,1011.287855,synthetic_track_0,0.33047460111946786,54.219104970631406
68.784898,589,1012.258053,synthetic_track_0,0.44973141479217554,73.78489815740065
49.384835,447,1013.003006,synthetic_track_0,0.33148475461591653,54.384835160712186
42.114669,395,1013.727302,synthetic_track_0,0.28717186290911917,47.11466880340561
69.60705,606,1020.764237,synthetic_track_0,0.45474256870474067,74.60704993272313
48.46633,434,1021.619309,synthetic_track_0,0.32588631350021874,53.46633048442033
70.771366,639,1022.770343,synthetic_track_0,0.4618392701290416,75.77136573238212
49.34029,436,1023.480441,synthetic_track_0,0.3312132455696275,54.34029020194273
69.72439,589,1024.470329,synthetic_track_0,0.4554577740113403,74.72438963587345
71.806759,634,1025.546517,synthetic_track_0,0.46815016847958263,76.80675925118169
41.551477,400,1026.20028,synthetic_track_0,0.283739115741585,46.55147732550171
70.648041,620,1027.197568,synthetic_track_0,0.4610875855216697,75.64804107598236
69.835972,610,1028.296436,synthetic_track_0,0.45613788864976357,74.83597221089683
48.314054,430,1029.041695,synthetic_track_0,0.3249581653359954,53.31405444694618
50.219556,435,1029.763848,synthetic_track_0,0.33657251877693645,55.219555947658336
48.321807,434,1030.530291,synthetic_track_0,0.325005420864407,53.321807395120445
69.735972,600,1031.58948,synthetic_track_0,0.455528371698911,74.73597220052476
49.125238,430,1032.39486,synthetic_track_0,0.3299024664886519,54.12523806678929
49.258271,433,1033.169476,synthetic_track_0,0.3307133248484695,54.25827102719937
69.835972,619,1040.146029,synthetic_track_0,0.4561378886497635,74.83597221089681
69.155381,638,1041.185371,synthetic_track_0,0.4519895720875089,74.15538129595693
47.870994,451,1041.956671,synthetic_track_0,0.32225763790532097,52.87099413385762
70.441315,620,1042.979188,synthetic_track_0,0.4598275543320834,75.44131486131103
71.183404,649,1044.166278,synthetic_track_0,0.46435071215459617,76.18340386889832
69.826114,623,1045.217414,synthetic_track_0,0.45607779921709546,74.82611367639396
70.571545,650,1046.350568,synthetic_track_0,0.4606213272530746,75.57154471008089
59.101066,517,1047.183492,synthetic_track_0,0.39070682280938657,64.10106606342796
70.438309,633,1048.238922,synthetic_track_0,0.45980923267196266,75.43830892981143
48.241525,450,1049.001086,synthetic_track_0,0.3245160888368235,53.241525447644996
69.903669,618,1049.962321,synthetic_track_0,0.45655051188869644,74.90366897981413
49.010338,428,1050.673299,synthetic_track_0,0.3292021291424639,54.01033766609527
69.335972,617,1051.666842,synthetic_track_0,0.45309030427046587,74.33597222055486
51.478133,473,1052.435507,synthetic_track_0,0.34424375694834475,56.47813275283902
44.397107,397,1053.085479,synthetic_track_0,0.30108371040867077,49.39710720368958
43.693637,407,1059.674625,synthetic_track_0,0.29679593969208645,48.69363683173067
49.770681,423,1060.411343,synthetic_track_0,0.333836550900117,54.77068112034316
71.365529,642,1061.427742,synthetic_track_0,0.4654607972570268,76.36552927427331
48.995571,433,1062.209465,synthetic_track_0,0.3291121267077617,53.99557147396371
41.705505,398,1062.897321,synthetic_track_0,0.2846779417613879,46.70550521855136
61.50965,493,1063.732404,synthetic_track_0,0.4053875456755916,66.50964951108533
70.306329,622,1064.788444,synthetic_track_0,0.4590047946670273,75.30632932083631
60.990509,507,1065.654154,synthetic_track_0,0.4022232979048942,65.9905092157302
69.618572,597,1066.569237,synthetic_track_0,0.4548127987245771,74.61857217620175
43.436068,395,1067.173696,synthetic_track_0,0.2952260161569517,48.4360683267412
47.873369,424,1067.82923,synthetic_track_0,0.32227211282127455,52.87336895172523
53.566529,470,1068.608479,synthetic_track_0,0.35697288207326344,58.56652855994303
70.507826,591,1069.56909,synthetic_track_0,0.46023295343106896,75.50782640630855
52.829962,472,1070.297369,synthetic_track_0,0.35248338243776667,57.829961661373375
71.539062,606,1071.291508,synthetic_track_0,0.46651851150445506,76.5390624886746
53.775891,458,1072.062905,synthetic_track_0,0.35824898403333766,58.77589141533984
71.039062,630,1079.009362,synthetic_track_0,0.4634709271251575,76.03906249833265
70.783239,639,1080.067709,synthetic_track_0,0.46191164258156187,75.78323947271463
47.355389,415,1080.742094,synthetic_track_0,0.3191149354711798,52.35538866042349
49.087999,422,1081.419071,synthetic_track_0,0.3296754863650407,54.08799871736081
69.690694,597,1082.41137,synthetic_track_0,0.45525239294307007,74.69069392170418
47.816944,421,1083.122009,synthetic_track_0,0.321928194814193,52.816944262916834
70.684853,621,1084.163358,synthetic_track_0,0.46131195918973744,75.68485279894202
68.974495,595,1085.255753,synthetic_track_0,0.4508870404251394,73.97449514091518
69.935972,614,1086.232383,synthetic_track_0,0.45674740560642657,74.93597222222219
49.139376,426,1086.914135,synthetic_track_0,0.32998864047621107,54.13937614717846
43.992179,389,1087.607423,synthetic_track_0,0.2986156059007082,48.99217920939771
69.589953,621,1088.619735,synthetic_track_0,0.4546383582060734,74.58995270362551
48.924335,443,1089.407604,synthetic_track_0,0.32867792769716814,53.92433488980938
70.184891,607,1090.447449,synthetic_track_0,0.4582646050845406,75.18489058837376
48.470181,426,1091.163779,synthetic_track_0,0.32590978106224333,53.470180675038634
49.984881,424,1091.977902,synthetic_track_0,0.33514213414908767,54.98488080462768
49.056278,442,1092.851484,synthetic_track_0,0.3294821436905627,54.056278074602446
47.980727,433,1099.979334,synthetic_track_0,0.3229264811963245,52.98072748244471
70.761526,612,1101.03463,synthetic_track_0,0.4617792968194351,75.76152624953541
69.603669,600,1102.019005,synthetic_track_0,0.45472196136162624,74.6036690020988
70.571366,591,1103.017472,synthetic_track_0,0.46062023632545607,75.57136572773591
48.384615,433,1103.786806,synthetic_track_0,0.3253882461963259,53.38461538940024
49.520904,439,1104.573887,synthetic_track_0,0.3323141182710744,54.520904180617215
69.56831,598,1105.6547,synthetic_track_0,0.4545064398796664,74.56830960741544
48.138347,427,1106.46765,synthetic_track_0,0.3238872006063932,53.13834730062556
70.81661,621,1107.507437,synthetic_track_0,0.4621150435015527,75.81661031511749
70.592,589,1108.526903,synthetic_track_0,0.4607460035974437,75.59199965511995
70.003669,626,1109.64989,synthetic_track_0,0.45716002870722555,75.00366896847665
70.832486,639,1110.822528,synthetic_track_0,0.46221180709779747,75.8324857729117
69.956428,590,1111.769673,synthetic_track_0,0.45687208570150944,74.95642778261971
62.822414,523,1112.704799,synthetic_track_0,0.41338906728814795,67.82241405869767
70.435103,609,1119.614497,synthetic_track_0,0.4597896914633682,75.43510291386815
69.698747,625,1120.773784,synthetic_track_0,0.45530147966716256,74.69874730383164
50.906836,437,1121.639075,synthetic_track_0,0.3407616041723822,55.90683557525218
70.846868,635,1122.767327,synthetic_track_0,0.46229947093127965,75.84686828392343
69.603669,594,1123.959136,synthetic_track_0,0.45472196136162624,74.6036690020988
54.909073,475,1124.77759,synthetic_track_0,0.36515591557579025,59.90907274018792
69.703669,586,1125.757835,synthetic_track_0,0.4553314780008091,74.70366896133699
59.981554,500,1126.647572,synthetic_track_0,0.39607354281980583,64.98155356415339
48.096256,430,1127.37517,synthetic_track_0,0.3236306444574572,53.09625557943761
67.033868,540,1128.342859,synthetic_track_0,0.43905859226314525,72.03386832613921
69.923858,596,1129.337365,synthetic_track_0,0.4566735667683122,74.92385790027106
69.184806,602,1130.29664,synthetic_track_0,0.4521689209827878,74.18480605824291
69.514948,607,1131.285525,synthetic_track_0,0.4541811904439971,74.51494776588676
48.803362,422,1131.928449,synthetic_track_0,0.3279405785500242,53.80336217156241
70.654162,630,1133.035132,synthetic_track_0,0.46112489534460943,75.6541622883223
58.349734,478,1139.751251,synthetic_track_0,0.386127325636199,63.34973377615181
70.228677,592,1140.706384,synthetic_track_0,0.45853149152370637,75.22867714204945
70.871366,626,1141.699052,synthetic_track_0,0.4624487869353721,75.87136571904328
54.790957,476,1142.510522,synthetic_track_0,0.36443598248769765,59.79095737657784
57.111515,461,1143.247518,synthetic_track_0,0.3785801745855502,62.11151524541391
69.391772,571,1144.332467,synthetic_track_0,0.4534304157077294,74.39177238691028
54.825336,469,1145.132363,synthetic_track_0,0.36464552624362206,59.82533603944609
54.546348,477,1145.891408,synthetic_track_0,0.3629450481342344,59.54634818137521
71.292404,586,1146.910993,synthetic_track_0,0.465015084421154,76.2924036817071
70.403669,606,1147.870143,synthetic_track_0,0.459598096267994,75.40366897015608
69.787018,607,1148.920517,synthetic_track_0,0.4558395074635317,74.7870184916011
70.303137,597,1149.909437,synthetic_track_0,0.45898533580612677,75.303136815215
70.69522,600,1150.886336,synthetic_track_0,0.46137515080002883,75.69522029024104
47.979251,422,1151.694374,synthetic_track_0,0.32291747902715273,52.97925054729256
71.339062,606,1152.664485,synthetic_track_0,0.4652994777472721,76.33906249164139
59.49543,503,1159.619143,synthetic_track_0,0.39311053459208006,64.49542950625693
49.638758,436,1160.375716,synthetic_track_0,0.33303245504053136,54.63875764522696
70.991466,681,1161.500998,synthetic_track_0,0.4631808184411198,75.9914660018411
48.591543,440,1162.282107,synthetic_track_0,0.32664950294302303,53.591542674318475
44.602251,408,1162.995339,synthetic_track_0,0.30233409641421927,49.602250987384274
70.401182,671,1164.087432,synthetic_track_0,0.45958293866485717,75.40118214765052
59.017431,507,1164.96922,synthetic_track_0,0.3901970501388985,64.01743053489196
70.663499,626,1166.042577,synthetic_track_0,0.46118180433436806,75.66349902548468
55.019218,467,1166.777439,synthetic_track_0,0.3658272717946324,60.01921837068051
70.344033,586,1167.775156,synthetic_track_0,0.45923460641215735,75.34403323844596
55.555309,475,1168.568421,synthetic_track_0,0.3690948360129193,60.55530921321255
70.871366,641,1169.695415,synthetic_track_0,0.4624487869353721,75.87136571904328
43.539987,409,1170.343598,synthetic_track_0,0.29585942058944964,48.539987421576726
70.343098,590,1171.283455,synthetic_track_0,0.45922890618657985,75.34309803456676
47.15647,426,1172.028191,synthetic_track_0,0.31790249213146526,52.15646991603514
55.444129,465,1172.756562,synthetic_track_0,0.36841717191132356,60.44412868395316
70.939062,652,1179.865159,synthetic_track_0,0.46286141012173915,75.93906247933641
69.249155,600,1180.95461,synthetic_track_0,0.45256113882541726,74.24915502881083
0.692813,112,1181.139356,synthetic_track_0,0.034698655126066964,5.692812755494798
70.303669,623,1182.107506,synthetic_track_0,0.45898857931714154,75.30366895978402
70.137939,625,1183.12116,synthetic_track_0,0.4579784258348302,75.13793877202266
71.639062,662,1184.222298,synthetic_track_0,0.46712802846111817,76.63906249999998
51.664749,432,1184.942079,synthetic_track_0,0.34538121589074994,56.66474922983646
70.303669,597,1185.960255,synthetic_track_0,0.45898857931714154,75.30366895978402
56.002888,488,1186.719523,synthetic_track_0,0.37182290684648284,61.00288841715515
70.671366,650,1187.937709,synthetic_track_0,0.46122975324312143,75.67136573266315
72.42244,704,1189.161453,synthetic_track_0,0.47190284605093874,77.42243990704165
70.571366,604,1190.208706,synthetic_track_0,0.46062023632545607,75.57136572773591
46.08672,418,1190.937916,synthetic_track_0,0.3113821870797754,51.0867202201718
71.542437,626,1192.017697,synthetic_track_0,0.4665390813248636,76.54243726316008
70.839062,629,1193.129399,synthetic_track_0,0.4622518932372702,75.83906247985551
54.928932,468,1199.986414,synthetic_track_0,0.36527696122673275,59.92893201782215
72.387929,615,1200.970393,synthetic_track_0,0.47169249619083514,77.3879289912046
43.795683,400,1201.688975,synthetic_track_0,0.2974179286719229,48.795683057595205
70.634564,608,1202.685465,synthetic_track_0,0.4610054425291655,75.63456433822975
58.589582,493,1203.484496,synthetic_track_0,0.38758923887095287,63.589581639995416
61.064581,509,1204.441595,synthetic_track_0,0.4026747774052382,66.0645809124304
70.871366,657,1205.493518,synthetic_track_0,0.4624487869353721,75.87136571904328
71.318256,607,1206.543459,synthetic_track_0,0.46517265649605405,76.31825564382613
58.096239,493,1207.332154,synthetic_track_0,0.3845822302081375,63.09623867873757
69.035972,590,1208.301196,synthetic_track_0,0.45126175374339567,74.03597224283953
69.603669,602,1209.320554,synthetic_track_0,0.45472196136162624,74.6036690020988
42.499082,399,1209.960498,synthetic_track_0,0.28951492687494035,47.49908210078284
47.495799,442,1210.724461,synthetic_track_0,0.3199707577815908,52.49579860275249
61.135042,510,1211.621616,synthetic_track_0,0.40310424773101766,66.13504168792215
68.868275,556,1212.595226,synthetic_track_0,0.4502396134707646,73.86827544995813
48.798889,415,1219.278835,synthetic_track_0,0.32791331301074944,53.798888868225305
42.984463,401,1219.944644,synthetic_track_0,0.29247340490404605,47.98446291452775
70.824331,651,1221.088418,synthetic_track_0,0.46216209936519403,75.82433050541837
73.231855,678,1222.185151,synthetic_track_0,0.4768363683534171,78.23185510169476
53.738158,466,1222.97734,synthetic_track_0,0.35801899052396,58.73815767669467
70.471366,616,1223.956889,synthetic_track_0,0.46001071950692696,75.47136573907339
42.220523,383,1224.579505,synthetic_track_0,0.2878170606260153,47.2205227559354
44.634253,401,1225.272711,synthetic_track_0,0.3025291518222888,49.634252628688586
50.630428,427,1225.929189,synthetic_track_0,0.33907685356014583,55.6304280389854
43.243292,397,1226.571948,synthetic_track_0,0.2940510112825558,48.24329190032274
70.171366,611,1227.583233,synthetic_track_0,0.45818216897985675,75.17136576135806
43.178393,424,1228.264799,synthetic_track_0,0.2936554416830807,48.17839302590251
70.504878,622,1229.282397,synthetic_track_0,0.46021498167495734,75.50487788158738
70.109491,645,1230.335316,synthetic_track_0,0.45780503229592234,75.10949107148704
42.310493,389,1230.949841,synthetic_track_0,0.2883654429732914,47.31049275650515
70.348452,609,1231.962369,synthetic_track_0,0.45926153674444353,75.34845154626197
38.880208,378,1232.622201,synthetic_track_0,0.267457275741024,43.88020761486422
61.049957,500,1239.254282,synthetic_track_0,0.40258563941372266,66.04995654461973
49.241677,447,1240.007694,synthetic_track_0,0.33061218177567203,54.2416770533736
71.071366,620,1241.089624,synthetic_track_0,0.46366782084288766,76.07136574074072
44.218733,402,1241.760555,synthetic_track_0,0.2999964903834408,49.21873314264394
49.115304,443,1242.52797,synthetic_track_0,0.3298419171021318,54.11530407025061
70.179494,601,1243.680267,synthetic_track_0,0.45823171478665603,75.17949446259745
45.060264,400,1244.380944,synthetic_track_0,0.30512576010571213,50.06026351306408
71.066902,625,1245.439697,synthetic_track_0,0.4636406148561424,76.06690220785143
55.133968,491,1246.257606,synthetic_track_0,0.36652669237956625,60.1339683635232
70.003669,626,1247.306471,synthetic_track_0,0.45716002870722555,75.00366896847665
55.377185,475,1248.119417,synthetic_track_0,0.3680091389032724,60.37718500834219
44.966619,388,1248.752817,synthetic_track_0,0.30455497924751346,49.966618715064264
58.082037,492,1249.523492,synthetic_track_0,0.38449566872438484,63.08203702403219
45.147221,426,1250.25955,synthetic_track_0,0.30565578136123733,50.14722111280893
48.802737,426,1250.963219,synthetic_track_0,0.32793676920211723,53.802737193324035
71.06911,624,1252.058485,synthetic_track_0,0.46365407410324616,76.06911039065602
71.244254,594,1259.455433,synthetic_track_0,0.4647216030818944,76.24425385268442
70.739063,632,1260.535187,synthetic_track_0,0.46164237659808727,75.73906252061732
71.123701,639,1261.690738,synthetic_track_0,0.46398681027268945,76.12370053839342
47.934057,433,1262.457042,synthetic_track_0,0.3226420152171529,52.93405675273347
68.573071,599,1263.474101,synthetic_track_0,0.4484402903766611,73.57307065241906
68.668275,595,1264.463472,synthetic_track_0,0.44902057964881714,73.66827544229938
70.583272,604,1265.426926,synthetic_track_0,0.4606928048577433,75.5832716377705
49.317526,432,1266.153557,synthetic_track_0,0.3310744911997566,54.31752555461528
29.747823,318,1266.662617,synthetic_track_0,0.2117938520851317,34.747823461891066
73.948579,701,1267.787505,synthetic_track_0,0.48120492363883777,78.94857934249234
71.742812,615,1268.902449,synthetic_track_0,0.4677603970641273,76.7428116521301
49.920624,435,1269.614689,synthetic_track_0,0.33475047935936836,54.92062421097688
70.979829,613,1270.595206,synthetic_track_0,0.4631098919884475,75.97982949855277
42.678051,407,1271.279558,synthetic_track_0,0.29060577325376347,47.6780511172213
44.598426,418,1272.037677,synthetic_track_0,0.3023107816261957,49.59842586153516
70.936664,655,1279.113608,synthetic_track_0,0.46284679276654134,75.93666429226491
71.448666,607,1280.133602,synthetic_track_0,0.4659675321592905,76.44866641330017
71.103769,597,1281.095848,synthetic_track_0,0.46386532656219903,76.10376939079845
54.650391,499,1281.916577,synthetic_track_0,0.3635792096860161,59.65039149250386
70.564515,595,1282.964266,synthetic_track_0,0.46057848224904047,75.56451537177978
70.171366,587,1283.918343,synthetic_track_0,0.45818216897985675,75.17136576135806
42.684382,378,1284.551561,synthetic_track_0,0.29064436352523804,47.68438240553465
50.818104,451,1285.313154,synthetic_track_0,0.34022077039595894,55.81810402615211
29.576992,306,1285.832009,synthetic_track_0,0.2107526065224059,34.57699217175744
50.447419,449,1286.547681,synthetic_track_0,0.33796138212054877,55.44741892763348
49.702973,428,1287.327343,synthetic_track_0,0.3334238610753608,54.70297342706517
69.610207,581,1288.331203,synthetic_track_0,0.4547618128827965,74.61020721654025
48.541691,432,1289.040275,synthetic_track_0,0.3263456494894167,53.541691150960965
42.770534,412,1289.702617,synthetic_track_0,0.2911694697187414,47.77053361875904
72.018101,705,1290.819663,synthetic_track_0,0.4694383307972381,77.01810078146445
49.22342,413,1291.502121,synthetic_track_0,0.3305009029743684,54.223420167705385
69.903669,586,1298.462384,synthetic_track_0,0.45655051188869644,74.90366897981413
71.039062,586,1299.420657,synthetic_track_0,0.4634709271251575,76.03906249833265
31.126167,317,1299.915716,synthetic_track_0,0.22019509060592707,36.1261673094948
55.796605,466,1300.712543,synthetic_track_0,0.3705655739929576,60.79660490327124
68.034607,569,1301.64771,synthetic_track_0,0.4451582664094558,73.03460748038938
54.674291,470,1302.440394,synthetic_track_0,0.3637248787763824,59.67429059904576
54.69167,463,1303.4014,synthetic_track_0,0.3638308061142915,59.691669500280234
70.719216,601,1304.415524,synthetic_track_0,0.4615214057720905,75.71921551909017
54.527558,484,1305.271129,synthetic_track_0,0.36283051874573097,59.527557990188185
48.911346,427,1306.029219,synthetic_track_0,0.3285987558092879,53.91134560444475
72.009444,639,1307.089434,synthetic_track_0,0.46938556684641963,77.00944409747603
49.608252,419,1307.806908,synthetic_track_0,0.33284651939746485,54.60825223235996
53.054365,460,1308.59488,synthetic_track_0,0.3538511596092154,58.054365151941184
70.771366,596,1309.569282,synthetic_track_0,0.4618392701290416,75.77136573238212
68.645933,579,1310.551472,synthetic_track_0,0.44888440111886446,73.6459333985077
68.100579,567,1311.484953,synthetic_track_0,0.4455603720305866,73.10057868304011
47.277167,441,1318.179531,synthetic_track_0,0.31863816396054573,52.27716744616222
59.233622,487,1318.996788,synthetic_track_0,0.3915147760463325,64.23362239670423
71.593,620,1320.120996,synthetic_track_0,0.46684726813043337,76.59299973514779
48.95598,430,1320.89125,synthetic_track_0,0.32887080843172006,53.95597974468796
52.844641,446,1321.712493,synthetic_track_0,0.35257285652694437,57.844641170832936
71.039062,622,1322.747731,synthetic_track_0,0.4634709271251575,76.03906249833265
73.278984,664,1323.842,synthetic_track_0,0.4771236283728677,78.27898423384501
42.628385,385,1324.499551,synthetic_track_0,0.2903030472032953,47.628384560541676
71.471434,594,1325.452528,synthetic_track_0,0.4661063040223174,76.47143393063112
69.268275,579,1326.439962,synthetic_track_0,0.45267768103153305,74.26827545163756
56.947012,484,1327.236541,synthetic_track_0,0.37757750090731973,61.947012226945596
69.367573,614,1328.264223,synthetic_track_0,0.4532829169439679,74.367573096168
50.208693,428,1329.000355,synthetic_track_0,0.33650630805907056,55.20869312839782
71.539062,614,1329.999277,synthetic_track_0,0.46651851150445506,76.5390624886746
73.784385,703,1331.259525,synthetic_track_0,0.48020412944231494,78.78438467999344
54.693775,465,1332.098439,synthetic_track_0,0.3638436378809182,59.69377473589996
59.63769,496,1339.501652,synthetic_track_0,0.39397763435164523,64.63768967609938
49.161813,436,1340.31934,synthetic_track_0,0.33012539984630185,54.1618134861375
71.914651,608,1341.341021,synthetic_track_0,0.46880778512395554,76.914650707139
71.96833,599,1342.447547,synthetic_track_0,0.4691349716176162,76.96833035085342
54.688922,461,1343.253583,synthetic_track_0,0.36381405869459665,59.68892184553355
54.282961,461,1344.042035,synthetic_track_0,0.3613396614665783,59.282961440133235
50.342308,459,1344.871806,synthetic_track_0,0.33732071614593456,55.342308472515136
70.839062,594,1345.874984,synthetic_track_0,0.4622518932372702,75.83906247985551
54.26311,472,1346.722363,synthetic_track_0,0.3612186649568794,59.263110224825844
68.323854,552,1347.61338,synthetic_track_0,0.4469212756447975,73.3238544678171
45.858763,416,1348.330549,synthetic_track_0,0.3099927484436821,50.85876285520213
55.217543,475,1349.255056,synthetic_track_0,0.36703609343595023,60.21754292342787
49.363975,427,1349.975896,synthetic_track_0,0.33135760975614537,54.363975220265765
71.906759,600,1350.97178,synthetic_track_0,0.4687596853655026,76.90675925090065
69.966979,576,1351.981626,synthetic_track_0,0.4569363963272918,74.96697886448261
70.571366,584,1352.954722,synthetic_track_0,0.46062023632545607,75.57136572773591
49.720782,422,1359.593506,synthetic_track_0,0.33353241029275454,54.720782485287536
41.47318,381,1360.225554,synthetic_track_0,0.28326187933141955,46.47317983779489
47.960751,429,1361.021611,synthetic_track_0,0.3228047228406303,52.960751275359286
48.417363,411,1361.806437,synthetic_track_0,0.32558784684546926,53.4173627427867
48.827111,433,1362.844414,synthetic_track_0,0.32808533115876304,53.82711091612977
71.367373,635,1364.188647,synthetic_track_0,0.4654720371143927,76.36737333431397
58.68859,484,1365.212575,synthetic_track_0,0.3881927116976364,63.68859002498489
44.339291,396,1365.983396,synthetic_track_0,0.3007313123229456,49.339291236179044
54.491195,460,1366.87135,synthetic_track_0,0.3626088823413301,59.49119535464882
42.929149,383,1367.785254,synthetic_track_0,0.29213625645995994,47.929148869761015
33.671076,340,1368.42327,synthetic_track_0,0.2357067411404733,38.67107637588407
49.193588,433,1369.28119,synthetic_track_0,0.33031907210918626,54.19358820260786
71.55502,591,1370.551514,synthetic_track_0,0.4666157734729483,76.55501971159437
43.636702,420,1371.37745,synthetic_track_0,0.2964489118537286,48.63670193043442
49.553358,425,1372.215153,synthetic_track_0,0.33251192783322886,54.553357680457495
61.002052,504,1373.143068,synthetic_track_0,0.4022936546237171,66.00205224599735
51.569676,437,1373.909694,synthetic_track_0,0.34480172791553493,56.56967590422847
70.503669,618,1375.000269,synthetic_track_0,0.46020761322465714,75.50366898148145
54.420492,453,1382.165739,synthetic_track_0,0.3621779346229473,59.42049219168047
70.571366,568,1383.232316,synthetic_track_0,0.460620236325456,75.5713657277359
70.590937,608,1384.436563,synthetic_track_0,0.4607395256364056,75.5909368525677
49.416783,427,1385.179517,synthetic_track_0,0.3316794809984265,54.416782820647605
52.556075,441,1385.937337,synthetic_track_0,0.35081399661602763,57.55607493967451
72.054616,615,1387.110679,synthetic_track_0,0.46966089649616655,77.05461588111866
71.115885,589,1388.203231,synthetic_track_0,0.46393917603669477,76.11588545780072
70.571366,590,1389.359612,synthetic_track_0,0.46062023632545607,75.57136572773591
49.298829,444,1390.173996,synthetic_track_0,0.33096052975527945,54.298828542803236
71.760929,627,1391.350332,synthetic_track_0,0.46787082367096383,76.76092872305578
45.37287,395,1392.125377,synthetic_track_0,0.3070311523622861,50.37287048019396
70.489753,576,1393.207642,synthetic_track_0,0.4601227943742982,75.48975323081402
53.936118,459,1394.051073,synthetic_track_0,0.35922559471613397,58.936118425060414
54.127551,451,1394.848865,synthetic_track_0,0.3603924073841105,59.127550802349866
70.571366,572,1395.866225,synthetic_track_0,0.46062023632545607,75.57136572773591
53.926312,435,1403.045383,synthetic_track_0,0.3591658255291451,58.92631243146097
70.994438,653,1404.142534,synthetic_track_0,0.4631989349936812,75.9944382824996
71.498892,605,1405.199239,synthetic_track_0,0.466273666046296,76.49889207451103
43.064433,384,1405.932617,synthetic_track_0,0.29296083523617045,48.06443286154878
45.308931,396,1406.577036,synthetic_track_0,0.30664143186246584,50.3089312345836
47.763495,435,1407.344485,synthetic_track_0,0.32160241477770674,52.763495368703026
58.849734,500,1408.232431,synthetic_track_0,0.389174910146201,63.84973378793768
62.594518,542,1409.155679,synthetic_track_0,0.41200000052339514,67.59451770456266
35.926296,349,1409.842431,synthetic_track_0,0.2494526842263699,40.92629577419761
70.771366,593,1410.83056,synthetic_track_0,0.4618392701290416,75.77136573238212
53.967246,447,1411.606914,synthetic_track_0,0.3594153214980032,58.967245828700705
55.009092,469,1412.491318,synthetic_track_0,0.3657655503964751,60.00909208879898
55.33167,458,1413.261417,synthetic_track_0,0.3677317190810214,60.331670301878795
54.812257,463,1414.080478,synthetic_track_0,0.3645658077103882,59.812257069059655
47.824043,420,1414.876649,synthetic_track_0,0.32197146090900386,52.824042687208056
48.156917,444,1415.610731,synthetic_track_0,0.32400038733204795,53.15691720868739
54.761191,450,1416.33148,synthetic_track_0,0.36425454898831733,59.76119060504754
72.642975,653,1423.980886,synthetic_track_0,0.47324704614705765,77.64297523976047
53.623126,438,1424.780592,synthetic_track_0,0.3573178537407869,58.62312611688081
53.451969,445,1425.534766,synthetic_track_0,0.3562746218916087,58.45196894792533
53.496791,452,1426.429367,synthetic_track_0,0.35654782283586944,58.49679148685804
47.810086,423,1427.189669,synthetic_track_0,0.3218863923604789,52.810085969970025
54.645908,467,1427.983333,synthetic_track_0,0.363551880397969,59.64590773026501
54.022148,449,1428.846608,synthetic_track_0,0.3597499616051445,59.02214834476401
71.343636,618,1429.903384,synthetic_track_0,0.46532735258903185,76.34363575980267
72.413491,656,1431.091536,synthetic_track_0,0.471848299852455,77.41349081972504
68.746158,562,1432.110533,synthetic_track_0,0.44949528487143975,73.74615765233396
64.157684,550,1433.078178,synthetic_track_0,0.42152776356901,69.15768408090621
48.219348,430,1433.875348,synthetic_track_0,0.32438091185476436,53.21934772217064
72.741005,649,1434.981638,synthetic_track_0,0.473844551796444,77.74100462360687
54.50816,460,1435.826531,synthetic_track_0,0.3627122829575399,59.50815971089682
53.163649,442,1436.610676,synthetic_track_0,0.35451726044620996,58.16364856155782
71.639062,614,1437.670264,synthetic_track_0,0.46712802846111817,76.63906249999998
53.625748,443,1445.13536,synthetic_track_0,0.35733383329584767,58.625747792405306
72.174456,636,1446.222344,synthetic_track_0,0.47039134236161845,77.17445601685117
53.641695,468,1447.073149,synthetic_track_0,0.3574310347400562,58.641695085446855
55.507052,472,1447.945524,synthetic_track_0,0.36880070173913265,60.50705226090252
49.298889,441,1448.690321,synthetic_track_0,0.33096089744261287,54.29888886719143
59.696058,478,1449.563318,synthetic_track_0,0.3943334006550146,64.69605824809268
70.519033,568,1450.745677,synthetic_track_0,0.4603012579135818,75.51903273773246
70.939062,588,1452.033537,synthetic_track_0,0.46286141012173915,75.93906247933641
53.805495,451,1452.84358,synthetic_track_0,0.35842942269904404,58.80549497011698
49.476217,423,1453.614343,synthetic_track_0,0.33204173976804296,54.476216574981024
49.108133,449,1454.530838,synthetic_track_0,0.3297982074907023,54.108132880687805
64.848681,501,1455.403552,synthetic_track_0,0.4257395061973678,69.84868095298854
74.191815,682,1456.567378,synthetic_track_0,0.4826874830397156,79.1918145064326
61.771964,544,1457.558914,synthetic_track_0,0.4069863967232271,66.77196398999082
53.072766,446,1458.337632,synthetic_track_0,0.3539633170779758,58.072766195626116
33.2889,334,1458.942723,synthetic_track_0,0.23337731336763673,38.288900291824675
72.436916,628,1460.086747,synthetic_track_0,0.47199107825503295,77.43691566741587
71.874456,623,1467.64987,synthetic_track_0,0.46856279183454824,76.87445603913584
58.890638,481,1468.504933,synthetic_track_0,0.3894242290891729,63.89063814153815
54.214022,448,1469.277755,synthetic_track_0,0.36091946445739015,59.214022085422336
58.482037,477,1470.07164,synthetic_track_0,0.38693373628515343,63.482037025711634
72.026146,605,1471.197683,synthetic_track_0,0.4694873673741053,77.02614593621934
71.152277,580,1472.244611,synthetic_track_0,0.4641609905482843,76.15227731438256
49.398889,418,1473.168217,synthetic_track_0,0.33157041439346535,54.39888887756349
70.839062,583,1474.244638,synthetic_track_0,0.4622518932372702,75.83906247985551
49.223785,419,1474.966462,synthetic_track_0,0.3305031281911893,54.22378524648598
72.828862,637,1476.312775,synthetic_track_0,0.4743800578893685,77.82886208970663
70.171366,593,1477.461701,synthetic_track_0,0.45818216897985675,75.17136576135806
42.805706,379,1478.217766,synthetic_track_0,0.29138385181600157,47.80570608101725
54.310442,452,1479.066545,synthetic_track_0,0.3615071610831146,59.31044215804849
69.88892,568,1480.035461,synthetic_track_0,0.456460611642279,74.88891955313844
70.103669,579,1481.167544,synthetic_track_0,0.457769545624891,75.1036689734039
51.811982,445,1488.385532,synthetic_track_0,0.3462786265860114,56.81198234404047
71.555659,607,1489.421547,synthetic_track_0,0.4666196701733918,76.55565902127103
48.567957,427,1490.254459,synthetic_track_0,0.32650574160604706,53.56795656212161
59.417431,486,1491.055613,synthetic_track_0,0.39263511776443133,64.41743054719691
55.1937,442,1491.782113,synthetic_track_0,0.36689076753387,60.19370012185357
50.875453,446,1492.687715,synthetic_track_0,0.3405703197859654,55.87545262421376
55.015828,454,1493.447562,synthetic_track_0,0.36580660677780746,60.0158279778556
58.738618,474,1494.332478,synthetic_track_0,0.38849764345062027,63.738618458843064
59.193402,479,1495.236627,synthetic_track_0,0.39126962597657394,64.19340200663258
54.05644,452,1496.049572,synthetic_track_0,0.35995897667416005,59.05644026895125
49.368559,411,1496.822625,synthetic_track_0,0.33138554597477027,54.36855855818334
43.956496,388,1497.515645,synthetic_track_0,0.2983981079762398,48.956495550932885
71.804345,584,1498.635815,synthetic_track_0,0.4681354550662526,76.8043453043939
65.966418,516,1499.735497,synthetic_track_0,0.43255230269028133,70.96641807088372
56.475652,468,1500.657524,synthetic_track_0,0.37470447792685985,61.475651541334905
57.678766,479,1501.582566,synthetic_track_0,0.38203766175840265,62.67876567653473
70.939062,586,1502.680516,synthetic_track_0,0.46286141012173915,75.93906247933641
58.449734,485,1509.99366,synthetic_track_0,0.386736842520668,63.4497337756327
54.844984,458,1510.907724,synthetic_track_0,0.3647652818306858,59.84498366357162
71.967031,619,1512.109709,synthetic_track_0,0.4691270510121956,76.96703086176932
70.971366,576,1513.23174,synthetic_track_0,0.46305830388622454,75.97136572941534
70.003669,566,1514.215638,synthetic_track_0,0.4571600287072255,75.00366896847663
57.87673,467,1514.990679,synthetic_track_0,0.38324428858466225,62.876730138347334
71.706759,584,1516.007602,synthetic_track_0,0.46754065156191704,76.70675924625442
69.903669,572,1516.940364,synthetic_track_0,0.45655051188869644,74.90366897981413
49.642043,410,1517.668447,synthetic_track_0,0.33305248273495036,54.64204347615721
71.081102,609,1518.667551,synthetic_track_0,0.4637271653569368,76.08110206064477
55.819236,460,1519.400557,synthetic_track_0,0.3707035148851272,60.819236087897686
58.022811,464,1520.321886,synthetic_track_0,0.3841346731895914,63.02281052151552
54.061557,450,1521.205168,synthetic_track_0,0.3599901626062565,59.06155676903996
70.95466,588,1522.273168,synthetic_track_0,0.46295648046684,75.95466013496004
69.703669,580,1523.315902,synthetic_track_0,0.4553314780008091,74.70366896133699
43.240661,389,1523.948418,synthetic_track_0,0.2940349776781807,48.24066135723191
69.511706,552,1531.276855,synthetic_track_0,0.4541614290734001,74.51170562920476
52.285812,434,1532.135606,synthetic_track_0,0.3491666996189406,57.285812206924945
54.310117,452,1532.974514,synthetic_track_0,0.36150518082856065,59.31011726884622
70.364963,577,1533.965342,synthetic_track_0,0.4593621787027793,75.36496330506272
58.970678,477,1534.808473,synthetic_track_0,0.38991208689060897,63.97067822103956
57.1023,465,1535.598737,synthetic_track_0,0.37852400399330133,62.10229965296872
71.039062,591,1536.647729,synthetic_track_0,0.4634709271251574,76.03906249833264
70.300541,560,1537.594502,synthetic_track_0,0.45896951167373623,75.30054063901191
70.839062,590,1538.632113,synthetic_track_0,0.4622518932372702,75.83906247985551
49.838308,415,1539.393694,synthetic_track_0,0.33424874983793995,54.83830827656909
70.2993,572,1540.387362,synthetic_track_0,0.45896195157388636,75.29930029604468
56.224729,455,1541.257226,synthetic_track_0,0.3731750601586831,61.224728589205384
71.053013,598,1542.291484,synthetic_track_0,0.46355595952531414,76.05301328491166
50.117909,427,1543.063064,synthetic_track_0,0.33595296289801296,55.11790890694557
48.178001,415,1543.99543,synthetic_track_0,0.3241288940683736,53.17800058454342
49.684314,413,1544.757353,synthetic_track_0,0.3333101301442266,54.68431423427793
70.277797,584,1552.10664,synthetic_track_0,0.45883088638425096,75.27779716917573
59.069608,491,1553.102703,synthetic_track_0,0.39051507836021193,64.06960763248617
69.622238,559,1554.144501,synthetic_track_0,0.45483514120024576,74.62223778024358
37.039982,356,1554.860922,synthetic_track_0,0.2562407869726158,42.03998152827191
57.220474,460,1555.772897,synthetic_track_0,0.37924429924310726,62.22047443440966
70.739063,583,1556.737216,synthetic_track_0,0.46164237659808727,75.73906252061732
70.145564,568,1557.802549,synthetic_track_0,0.45802490532235635,75.14556439954328
70.651605,564,1558.914396,synthetic_track_0,0.46110930642146203,75.65160470157389
55.668373,457,1559.805102,synthetic_track_0,0.3697839762747485,60.66837257139208
69.587843,575,1560.844703,synthetic_track_0,0.4546255005141211,74.58784321458376
49.621315,420,1561.625744,synthetic_track_0,0.3329261376284332,54.62131474671909
70.171366,575,1562.698604,synthetic_track_0,0.45818216897985675,75.17136576135806
58.561485,473,1563.602479,synthetic_track_0,0.3874179849375617,63.56148497247629
60.805515,476,1564.482905,synthetic_track_0,0.4010957281136317,65.8055151960171
70.391666,573,1565.518471,synthetic_track_0,0.459524938898865,75.39166645298003
70.324956,601,1566.616629,synthetic_track_0,0.45911832817152415,75.32495612294802
54.517584,451,1567.472175,synthetic_track_0,0.3627697229881386,59.51758357293644
71.378763,570,1574.874628,synthetic_track_0,0.46554146099914023,76.37876331975262
49.858308,419,1575.613386,synthetic_track_0,0.3343706504268466,54.85830781905593
71.060701,572,1576.611202,synthetic_track_0,0.46360281941052295,76.06070132213583
71.053072,577,1577.641376,synthetic_track_0,0.46355631884614173,76.0530722366544
18.627422,245,1578.06234,synthetic_track_0,0.14401312708876282,23.627421981369743
69.068275,612,1579.232776,synthetic_track_0,0.4514586472743501,74.06827545460435
70.174329,565,1580.258321,synthetic_track_0,0.4582002309826315,75.17432909234056
49.399753,408,1581.061797,synthetic_track_0,0.33157568108977126,54.39975295473884
50.661724,443,1581.810714,synthetic_track_0,0.3392676103378179,55.66172442823112
69.035972,549,1582.782961,synthetic_track_0,0.45126175374339567,74.03597224283953
50.377188,430,1583.668162,synthetic_track_0,0.33753331081622817,55.377187681706395
42.437158,390,1584.343313,synthetic_track_0,0.28913748711182186,47.4371576864185
53.309619,437,1585.128988,synthetic_track_0,0.35540697193979526,58.30961851114205
54.966862,453,1585.994074,synthetic_track_0,0.3655081482543041,59.966861570269685
49.841499,416,1586.71393,synthetic_track_0,0.33426819522022644,54.841498570830176
73.060776,617,1587.78751,synthetic_track_0,0.47579361524369534,78.06077647682332
69.182898,555,1594.955757,synthetic_track_0,0.45215728863888105,74.18289760514789
71.109361,573,1595.957,synthetic_track_0,0.4638994097461332,76.1093612266648
69.803669,554,1596.954003,synthetic_track_0,0.455940994885278,74.80366896081787
69.572764,566,1597.908408,synthetic_track_0,0.4545335928429046,74.57276444103682
49.801046,427,1598.70768,synthetic_track_0,0.3340216277502082,54.80104563588759
52.383237,426,1599.53663,synthetic_track_0,0.3497605199047147,57.383236953937306
49.406717,416,1600.243402,synthetic_track_0,0.3316181302326121,54.40671734632538
52.989712,434,1601.010196,synthetic_track_0,0.3534570865344916,57.98971180390121
43.71345,400,1601.750472,synthetic_track_0,0.2969167071745126,48.71345047182441
51.069676,419,1602.469723,synthetic_track_0,0.34175414348367145,56.069675905262336
50.303621,409,1603.168612,synthetic_track_0,0.3370849092342555,55.30362096172363
55.743972,445,1603.949549,synthetic_track_0,0.370244766918474,60.74397189490138
48.852868,407,1604.659704,synthetic_track_0,0.3282423244865829,53.85286792647768
50.419966,419,1605.363698,synthetic_track_0,0.33779405383756955,55.419966319449145
56.273693,446,1606.114619,synthetic_track_0,0.37347350579669264,61.27369288274095
70.471366,570,1607.282673,synthetic_track_0,0.46001071950692696,75.47136573907339
49.666586,409,1608.19483,synthetic_track_0,0.33320207136859287,54.66658564007058
53.715211,437,1609.029625,synthetic_track_0,0.3578791295046479,58.71521146763141
69.791804,547,1616.685382,synthetic_track_0,0.4558686778633122,74.79180431466399
69.418573,578,1617.883632,synthetic_track_0,0.4535937710075299,74.41857317013957
58.353664,472,1618.832457,synthetic_track_0,0.38615127862564713,63.353663608111205
33.358785,329,1619.416751,synthetic_track_0,0.23380327387526817,38.3587852312372
71.039062,569,1620.481763,synthetic_track_0,0.4634709271251575,76.03906249833265
69.475174,569,1621.555741,synthetic_track_0,0.4539387632894617,74.47517410916713
69.168275,540,1622.603166,synthetic_track_0,0.4520681640806806,74.16827544126551
54.040446,438,1623.481366,synthetic_track_0,0.35986148960618697,59.040446115228676
58.453281,479,1624.340652,synthetic_track_0,0.38675846585190576,63.45328139370145
71.82506,565,1625.452616,synthetic_track_0,0.46826171504407677,76.82506006724724
49.466586,408,1626.181161,synthetic_track_0,0.3319830376323983,54.46658564648081
58.551375,471,1627.049628,synthetic_track_0,0.3873563621850974,63.551374874837556
50.639681,419,1627.843715,synthetic_track_0,0.33913324937483236,55.63968058240639
49.756711,418,1628.589659,synthetic_track_0,0.33375139906374585,54.7567107385377
71.339062,570,1629.580595,synthetic_track_0,0.46529947774727204,76.33906249164137
43.785451,383,1630.257396,synthetic_track_0,0.2973555651737953,48.78545142999096
50.52373,419,1630.978408,synthetic_track_0,0.3384265111583568,55.52373002700503
50.275645,452,1638.163847,synthetic_track_0,0.3369143932366297,55.27564536316589
69.603669,589,1639.25679,synthetic_track_0,0.45472196136162624,74.6036690020988
69.903669,561,1640.236725,synthetic_track_0,0.45655051188869633,74.90366897981411
50.482774,412,1640.924338,synthetic_track_0,0.3381768750032229,55.482773630193236
70.445321,567,1642.022792,synthetic_track_0,0.4598519702975503,75.4453206511361
50.234864,417,1642.731353,synthetic_track_0,0.33666582259368916,55.23486377893353
72.374456,640,1643.90151,synthetic_track_0,0.47161037609781303,77.37445601044094
69.435972,563,1644.913202,synthetic_track_0,0.4536998210889949,74.43597220921737
70.964061,572,1645.976644,synthetic_track_0,0.46301378284276334,75.964061412773
61.019762,480,1646.814817,synthetic_track_0,0.4024015993378358,66.01976212677488
49.144961,408,1647.505363,synthetic_track_0,0.33002268085524106,54.144960960285474
69.703669,545,1648.505306,synthetic_track_0,0.4553314780008091,74.70366896133699
70.580039,567,1649.474254,synthetic_track_0,0.46067310146119833,75.58003901256441
70.450312,570,1650.498691,synthetic_track_0,0.4598823920578639,75.45031177786792
49.293062,409,1651.203518,synthetic_track_0,0.33092538076615396,54.29306184628692
70.471366,563,1652.196637,synthetic_track_0,0.46001071950692685,75.47136573907338
71.064822,556,1659.826717,synthetic_track_0,0.4636279352586296,76.06482193776047
55.175856,452,1660.66342,synthetic_track_0,0.3667820075324335,60.17585648148146
71.33208,570,1661.679182,synthetic_track_0,0.465256919279366,76.33208016370764
69.135972,540,1662.669472,synthetic_track_0,0.45187127038257857,74.13597220207772
48.913751,411,1663.366522,synthetic_track_0,0.3286134184820819,53.91375122651881
70.503669,553,1664.352717,synthetic_track_0,0.46020761322465714,75.50366898148145
50.394099,435,1665.162363,synthetic_track_0,0.3376363894778412,55.39409921667852
71.239062,576,1666.198167,synthetic_track_0,0.46468996086135206,76.23906249192243
71.452946,619,1667.353665,synthetic_track_0,0.4659936145173628,76.45294559876682
60.942863,492,1668.214816,synthetic_track_0,0.40193288881091277,65.94286343267254
49.901695,410,1668.921802,synthetic_track_0,0.3346351030025566,54.90169506247375
69.649493,543,1669.882505,synthetic_track_0,0.45500126612109965,74.64949295958718
69.856384,559,1670.837168,synthetic_track_0,0.4562623021656952,74.85638403515567
70.679776,575,1671.81221,synthetic_track_0,0.4612810142156757,75.67977583147982
54.401277,447,1672.445865,synthetic_track_0,0.36206081243076377,59.40127661380889
71.254942,590,1673.316648,synthetic_track_0,0.4647867492290916,76.25494201383614
71.639062,574,1679.917329,synthetic_track_0,0.46712802846111817,76.63906249999998
57.512325,477,1680.793854,synthetic_track_0,0.3810231776802285,62.512324992321076
43.637403,385,1681.620689,synthetic_track_0,0.29645318363891515,48.63740277815057
71.874456,620,1682.772728,synthetic_track_0,0.46856279183454824,76.87445603913584
68.247036,543,1683.720388,synthetic_track_0,0.44645305473524594,73.247036102477
73.408645,633,1684.716615,synthetic_track_0,0.4779139328140068,78.40864502867682
70.203669,605,1685.729518,synthetic_track_0,0.45837906251081095,75.20366897312284
70.86967,577,1686.61336,synthetic_track_0,0.4624384533557964,75.86967034689111
70.133514,550,1687.447366,synthetic_track_0,0.4579514577767712,75.13351427475176
70.739063,560,1688.36568,synthetic_track_0,0.46164237659808727,75.73906252061732
50.544216,413,1689.03417,synthetic_track_0,0.3385513752624217,55.544215776719
50.334282,424,1689.754343,synthetic_track_0,0.3372717958727434,55.334282399048796
50.521019,412,1690.583746,synthetic_track_0,0.33840998869707056,55.521019279916395
70.839062,569,1691.587761,synthetic_track_0,0.46225189323727006,75.8390624798555
48.978472,410,1692.390914,synthetic_track_0,0.3290079050272581,53.97847241032523
50.117767,418,1693.209762,synthetic_track_0,0.33595209620395455,55.11776671333683
51.129458,443,1700.281547,synthetic_track_0,0.3421185226655808,56.1294575436882
71.706759,583,1701.179831,synthetic_track_0,0.46754065156191704,76.70675924625442
71.039062,573,1702.172868,synthetic_track_0,0.4634709271251575,76.03906249833265
55.293787,442,1702.875188,synthetic_track_0,0.367500815945635,60.293787326021786
59.523095,475,1703.655712,synthetic_track_0,0.3932791627916142,64.52309538442299
70.284875,576,1704.662504,synthetic_track_0,0.4588740281376459,75.28487519347173
69.948898,579,1705.575802,synthetic_track_0,0.45682619227088495,74.94889830615143
71.142315,558,1706.582697,synthetic_track_0,0.46410026977776336,76.14231519983693
70.608146,570,1707.551859,synthetic_track_0,0.46084441907193935,75.60814612726739
69.903669,564,1708.471602,synthetic_track_0,0.45655051188869644,74.90366897981413
71.239062,581,1709.525266,synthetic_track_0,0.464689960861352,76.23906249192241
42.608321,386,1710.092393,synthetic_track_0,0.2901807564177326,47.60832100068895
68.264721,540,1711.085237,synthetic_track_0,0.4465608487860113,73.26472126476742
50.243479,413,1711.782848,synthetic_track_0,0.33671833325436484,55.243478907035986
54.953172,467,1712.510951,synthetic_track_0,0.36542471098134105,59.95317248721785
55.949677,456,1713.263813,synthetic_track_0,0.37149857439277884,60.94967701968863
70.571366,591,1719.989865,synthetic_track_0,0.460620236325456,75.5713657277359
50.107798,410,1720.736716,synthetic_track_0,0.33589133747790045,55.107798371640826
70.839062,601,1721.704519,synthetic_track_0,0.4622518932372702,75.83906247985551
50.466379,420,1722.38271,synthetic_track_0,0.33807694570794394,55.46637879400304
49.273482,409,1723.072606,synthetic_track_0,0.33080603759604565,54.27348188508654
70.109035,569,1723.974288,synthetic_track_0,0.4578022523651964,75.10903498392288
49.566586,415,1724.651532,synthetic_track_0,0.33259255445092734,54.56658563514331
70.642051,558,1725.581426,synthetic_track_0,0.46105107633316594,75.6420512192213
50.330716,413,1726.229692,synthetic_track_0,0.3372500569619601,55.33071581849551
69.687147,570,1727.240703,synthetic_track_0,0.4552307752442225,74.68714722770994
69.835972,565,1728.148417,synthetic_track_0,0.4561378886497635,74.83597221089681
61.905415,483,1728.909444,synthetic_track_0,0.4077998038141927,66.90541510635354
62.123409,476,1729.681737,synthetic_track_0,0.4091285146665707,67.12340920616231
61.450945,480,1730.393739,synthetic_track_0,0.4050297331138262,66.45094522101144
61.287969,479,1731.148933,synthetic_track_0,0.4040363652458716,66.28796895437965
53.718896,453,1731.936904,synthetic_track_0,0.3579015846769018,58.71889556116672
49.506676,407,1732.634697,synthetic_track_0,0.33222739505827587,54.50667599193891
58.559345,463,1739.848173,synthetic_track_0,0.3874049423359059,63.55934514634179
69.521302,599,1740.842372,synthetic_track_0,0.45421992327544564,74.52130244321145
72.374456,630,1741.872713,synthetic_track_0,0.471610376097813,77.37445601044092
1.307487,114,1742.063795,synthetic_track_0,0.038445199708100224,6.3074872063672816
69.92741,581,1742.979743,synthetic_track_0,0.45669521585972395,74.92740974466635
71.839592,554,1743.865725,synthetic_track_0,0.46835028857909916,76.83959182786282
69.424495,593,1744.740671,synthetic_track_0,0.4536298633943953,74.42449464460529
70.741563,590,1745.609966,synthetic_track_0,0.4616576185790953,75.74156318652459
51.097105,438,1746.254531,synthetic_track_0,0.34192132652307633,56.09710468415214
50.518557,430,1746.842233,synthetic_track_0,0.3383949783283513,55.518556613331796
48.877604,406,1747.459855,synthetic_track_0,0.3283930978230053,53.877604457898144
69.840365,595,1748.407453,synthetic_track_0,0.4561646633656968,74.84036498761499
54.984294,452,1749.029853,synthetic_track_0,0.36561439994405004,59.98429368608169
54.12363,444,1749.660861,synthetic_track_0,0.36036850884813726,59.12362990426515
49.830755,414,1750.327722,synthetic_track_0,0.3342027085823233,54.83075454728762
43.111239,382,1750.857394,synthetic_track_0,0.2932461293558413,48.111239459603645
70.503669,555,1757.019685,synthetic_track_0,0.46020761322465714,75.50366898148145
51.721041,431,1757.653644,synthetic_track_0,0.34572432460024655,56.72104114175198
1.204271,117,1757.816725,synthetic_track_0,0.037816076956590096,6.204270582796234
68.134628,558,1758.68449,synthetic_track_0,0.44576790572550745,73.13462756652991
49.186078,409,1759.309413,synthetic_track_0,0.3302732949429405,54.18607780098085
0.535578,110,1759.447402,synthetic_track_0,0.0337402848076757,5.5355783395439975
69.062273,577,1760.205194,synthetic_track_0,0.45142206197033397,74.06227311000022
54.950337,444,1760.792213,synthetic_track_0,0.36540742655720504,59.95033672917952
0.399959,109,1760.922534,synthetic_track_0,0.03291366303834178,5.399959165390511
54.240642,451,1761.606828,synthetic_track_0,0.3610817182946728,59.24064215790511
1.286512,118,1761.748489,synthetic_track_0,0.03831735422170926,6.286512318060669
71.398944,580,1762.570473,synthetic_track_0,0.4656644665697131,76.39894415035283
57.803845,465,1763.233776,synthetic_track_0,0.38280003964943804,62.80384471970874
74.629696,662,1764.275666,synthetic_track_0,0.48535644531955546,79.62969610315169
1.10648,116,1764.439749,synthetic_track_0,0.03722002553618647,6.106479786101769
69.985299,568,1765.355314,synthetic_track_0,0.4570480633428764,74.9852994422796
1.903771,120,1765.533826,synthetic_track_0,0.04207965043892566,6.9037710509280785
1.094811,116,1765.719165,synthetic_track_0,0.03714890191468781,6.094810934435516
49.389986,406,1766.351844,synthetic_track_0,0.3315161512281395,54.38998622590168
70.902859,566,1767.120865,synthetic_track_0,0.4626407414104951,75.90285860775855
1.5282,116,1767.263271,synthetic_track_0,0.03979048097643153,6.5281999209165935
51.49356,438,1767.873737,synthetic_track_0,0.34433778566519746,56.49355951438748
54.838979,443,1768.508084,synthetic_track_0,0.3647286851327051,59.83897944962395
1.319573,114,1768.657655,synthetic_track_0,0.03851886440231355,6.319572957510189
1.71094,118,1768.823795,synthetic_track_0,0.04090431149259013,6.710939815209603
1.443952,119,1773.999716,synthetic_track_0,0.03927697381976075,6.443951696283324
58.942679,464,1774.618454,synthetic_track_0,0.38974142520840077,63.9426787208336
43.738309,398,1775.278712,synthetic_track_0,0.29706822182606746,48.738308626639984
0.885853,114,1775.470824,synthetic_track_0,0.035875267261128,5.885852876110696
0.982218,115,1775.637748,synthetic_track_0,0.036462627103660904,5.982217694617014
58.702847,478,1776.380771,synthetic_track_0,0.3882796131717297,63.702847459988995
70.271366,547,1777.203277,synthetic_track_0,0.45879168561903966,75.27136572059625
0.005862,105,1777.385878,synthetic_track_0,0.03051157712455805,5.005862469708797
69.468089,581,1778.253764,synthetic_track_0,0.45389557716830714,74.46808880570289
1.086802,116,1778.411178,synthetic_track_0,0.03710008743525718,6.0868022179551255
1.383641,119,1778.560249,synthetic_track_0,0.0389093693487409,6.383640902853564
49.938819,422,1779.189823,synthetic_track_0,0.334861382400543,54.938819447798835
1.409199,119,1779.344252,synthetic_track_0,0.03906515302812583,6.409199453001354
0.889675,114,1779.486659,synthetic_track_0,0.03589856193990991,5.889674702749885
73.51471,645,1780.483852,synthetic_track_0,0.47856041686614775,78.51471002297936
1.787045,119,1780.637849,synthetic_track_0,0.041368182860801385,6.7870445758197055
70.671366,569,1781.47882,synthetic_track_0,0.46122975324312154,75.67136573266316
1.182217,117,1781.638765,synthetic_track_0,0.03768165556755809,6.182216823210669
49.61682,408,1782.294919,synthetic_track_0,0.33289874404154013,54.61682043533102
1.193754,113,1782.486552,synthetic_track_0,0.03775197394047878,6.193753562281797
1.478514,116,1782.642779,synthetic_track_0,0.03948763547825435,6.478513767124655
2.101539,122,1782.806674,synthetic_track_0,0.04328508131686837,7.101539300241704
50.67662,415,1783.41818,synthetic_track_0,0.33935840331705674,55.676620320548636
0.949272,115,1783.604187,synthetic_track_0,0.03626181919017038,5.949272272174276
0.942127,115,1783.794725,synthetic_track_0,0.036218266037158914,5.9421267518621805
62.251619,493,1784.517648,synthetic_track_0,0.4099099763576425,67.25161922083582
71.809477,646,1785.440784,synthetic_track_0,0.4681667335230171,76.80947698448335
1.740764,119,1785.584765,synthetic_track_0,0.04108609780107858,6.740764470141543
0.405159,109,1785.728427,synthetic_track_0,0.03294535574427681,5.405158809006311
0.874905,114,1786.064168,synthetic_track_0,0.0358085386414024,5.874905087611393
1.434414,116,1791.476763,synthetic_track_0,0.03921883890873317,6.434413829128676
61.672655,492,1792.166699,synthetic_track_0,0.40638109308185333,66.67265523355515
50.043979,409,1792.745261,synthetic_track_0,0.3355023506659349,55.04397949806111
54.477545,445,1793.406543,synthetic_track_0,0.3625256785174358,59.47754457226978
70.332527,569,1794.205156,synthetic_track_0,0.4591644740937311,75.33252702428697
1.487966,120,1794.348388,synthetic_track_0,0.03954524713856985,6.487965787484456
1.566058,117,1794.500744,synthetic_track_0,0.040021232695303395,6.566058054719574
60.412952,478,1795.13532,synthetic_track_0,0.39870298850632807,65.41295189615586
68.707082,634,1796.038905,synthetic_track_0,0.44925711101949084,73.70708181099447
1.473325,116,1796.182919,synthetic_track_0,0.03945601171475142,6.473325434505071
1.713933,118,1796.31984,synthetic_track_0,0.04092255780009824,6.7139333840308
49.39483,414,1796.922882,synthetic_track_0,0.33154567482397623,54.3948299958506
1.272244,114,1797.104732,synthetic_track_0,0.03823038690331428,6.272244080353145
71.539062,590,1798.103343,synthetic_track_0,0.46651851150445506,76.5390624886746
54.682164,449,1798.908338,synthetic_track_0,0.36377287095671185,59.6821644055478
1.688931,118,1799.091759,synthetic_track_0,0.04077016244160579,6.68893073659239
50.655314,421,1799.737345,synthetic_track_0,0.339228540442408,55.65531445072228
71.806759,612,1800.686888,synthetic_track_0,0.46815016847958263,76.80675925118169
72.389782,632,1801.67069,synthetic_track_0,0.4717037904849124,77.38978198236964
71.38073,585,1802.547908,synthetic_track_0,0.4655534507357281,76.38073040825027
1.280136,114,1802.961601,synthetic_track_0,0.038278488243456955,6.280135796090418
0.754558,113,1803.125023,synthetic_track_0,0.035075002362587725,5.754557925178654
50.943113,420,1803.741731,synthetic_track_0,0.3409827200835119,55.943112816394475
1.193594,117,1809.039815,synthetic_track_0,0.03775100319758388,6.193594297966961
1.18498,113,1809.225677,synthetic_track_0,0.03769849772706361,6.184980021384048
49.649927,415,1809.827563,synthetic_track_0,0.33310053114174876,54.649926507419075
53.837787,429,1810.44748,synthetic_track_0,0.35862624802068577,58.83778699116435
69.603669,538,1811.26669,synthetic_track_0,0.45472196136162624,74.6036690020988
70.645211,561,1812.175208,synthetic_track_0,0.46107033795857727,75.64521136552769
61.659952,503,1812.898158,synthetic_track_0,0.4063036662060402,66.659952242484
65.458413,512,1813.66064,synthetic_track_0,0.42945592885261835,70.45841346912651
70.471366,577,1814.50184,synthetic_track_0,0.46001071950692696,75.47136573907339
71.371367,588,1815.247318,synthetic_track_0,0.46549637759172,76.3713667392255
51.101979,423,1815.847494,synthetic_track_0,0.34195103724815695,56.10197915534128
71.124918,579,1816.652469,synthetic_track_0,0.46399422921727174,76.12491772281157
70.616297,565,1817.431179,synthetic_track_0,0.4608940975263435,75.6162965912516
71.572367,607,1818.278868,synthetic_track_0,0.4667215102579474,76.572367349887
51.469682,429,1818.883186,synthetic_track_0,0.3441922500782998,56.469682311007126
50.364029,420,1819.48689,synthetic_track_0,0.3374531084997321,55.364029339727146
2.050062,122,1819.659712,synthetic_track_0,0.04297131577102255,7.050061555783419
71.406759,593,1820.488375,synthetic_track_0,0.4657121008555007,76.40675923911478
54.00816,451,1826.1096,synthetic_track_0,0.3596646985782423,59.00815972055487
71.071366,579,1826.904818,synthetic_track_0,0.46366782084288766,76.07136574074072
51.053497,418,1827.491903,synthetic_track_0,0.34165552830124984,56.0534966681612
43.869462,384,1828.012181,synthetic_track_0,0.2978676239525386,48.86946202742195
70.371366,566,1828.795912,synthetic_track_0,0.4594012025035086,75.37136572007714
54.567631,455,1829.460944,synthetic_track_0,0.3630747734481116,59.56763148238119
70.835483,576,1830.346928,synthetic_track_0,0.46223007384514475,75.8354826951821
71.139062,557,1831.152773,synthetic_track_0,0.46408044394368664,76.13906248699517
49.417983,405,1831.691761,synthetic_track_0,0.3316867944511765,54.417982697615486
70.816832,575,1832.530101,synthetic_track_0,0.4621163940855212,75.81683189781616
70.070672,590,1833.348284,synthetic_track_0,0.4575684223448733,75.07067181055272
71.27863,579,1834.146674,synthetic_track_0,0.4649311309477111,76.27862990855228
50.668789,418,1834.754855,synthetic_track_0,0.3393106709446134,55.668789139261975
62.511298,499,1835.4247,synthetic_track_0,0.41149276201658735,67.51129794197699
51.161772,421,1836.030916,synthetic_track_0,0.34231548318197164,56.16177174537599
67.730008,564,1836.80747,synthetic_track_0,0.44330167972251516,72.73000776795968
55.63134,464,1842.778749,synthetic_track_0,0.369558255328603,60.63133980811261
53.998246,437,1843.419255,synthetic_track_0,0.35960427369034226,58.998246149803016
71.694514,581,1844.219887,synthetic_track_0,0.46746601400235543,76.69451388257771
71.139062,584,1845.011336,synthetic_track_0,0.4640804439436865,76.13906248699516
49.583201,415,1845.587263,synthetic_track_0,0.3326938250022633,54.58320052365431
71.806759,590,1846.39378,synthetic_track_0,0.4681501684795825,76.80675925118167
61.895791,488,1847.04948,synthetic_track_0,0.4077411424019866,66.89579085911835
58.196177,469,1847.665749,synthetic_track_0,0.3851913693427779,63.196176702933414
48.686533,399,1848.258091,synthetic_track_0,0.32722848314541925,53.68653269250232
50.820681,418,1848.833899,synthetic_track_0,0.34023647586140204,55.820680733338044
49.151714,400,1849.571835,synthetic_track_0,0.330063838959119,54.151713538386765
55.226311,441,1850.246735,synthetic_track_0,0.367089534804928,60.22631074759519
48.979468,401,1850.86954,synthetic_track_0,0.32901397034381,53.97946751262265
71.439062,569,1851.678796,synthetic_track_0,0.46590899455360263,76.43906247830255
54.906633,456,1852.56974,synthetic_track_0,0.3651410455490449,59.9066330987199
70.571366,561,1853.554054,synthetic_track_0,0.46062023632545607,75.57136572773591
50.966306,423,1854.236591,synthetic_track_0,0.34112408477028505,55.96630572370213
69.625277,565,1860.952681,synthetic_track_0,0.454853663764774,74.62527667299685
1.568425,117,1861.106772,synthetic_track_0,0.04003565701923299,6.5684245722389845
49.366586,404,1861.720902,synthetic_track_0,0.33137352062897996,54.36658562748456
70.603532,587,1862.670917,synthetic_track_0,0.46081629277661984,75.60353160453796
71.19875,591,1863.758333,synthetic_track_0,0.46444424752379165,76.19874968967758
49.098889,415,1864.425883,synthetic_track_0,0.3297418637503623,54.09888888081131
51.198924,420,1865.074746,synthetic_track_0,0.34254192956241997,56.19892352657236
50.254884,423,1865.685858,synthetic_track_0,0.3367878506087623,55.25488422751324
55.978947,456,1866.356457,synthetic_track_0,0.37167697852409415,60.97894677987659
49.098889,409,1866.889898,synthetic_track_0,0.3297418637503623,54.09888888081131
57.87259,472,1867.519797,synthetic_track_0,0.3832190554168862,62.872590274745846
50.611269,423,1868.067797,synthetic_track_0,0.33896007782875404,55.611269302982976
42.886982,381,1868.589568,synthetic_track_0,0.2918792408119488,47.88698176114993
49.419393,410,1869.148335,synthetic_track_0,0.3316953935165646,54.41939349780208
69.687577,563,1869.866815,synthetic_track_0,0.4552333973541859,74.6875774225112
70.866945,558,1870.597361,synthetic_track_0,0.4624218433269083,75.86694523307965
43.874208,378,1871.157709,synthetic_track_0,0.2978965531447479,48.874208276918274
70.371366,578,1871.974597,synthetic_track_0,0.45940120250350863,75.37136572007715
45.884431,400,1872.495598,synthetic_track_0,0.31014920293115544,50.88443146105175
44.084747,383,1878.103289,synthetic_track_0,0.2991798223190185,49.0847470167478
71.556962,639,1879.023938,synthetic_track_0,0.46662761198162295,76.55696198898075
49.951809,413,1879.553869,synthetic_track_0,0.33494055587376054,54.95180899326082
59.047703,465,1880.237245,synthetic_track_0,0.39038156793139267,64.04770332900776
50.851547,430,1880.78591,synthetic_track_0,0.3404246111569621,55.85154703079055
60.620805,497,1881.454787,synthetic_track_0,0.39996988579447307,65.62080459291458
47.106933,409,1882.019485,synthetic_track_0,0.31760055615627747,52.106932982553225
50.535994,424,1882.598302,synthetic_track_0,0.33850125934156394,55.53599354007969
57.169682,478,1883.27476,synthetic_track_0,0.37893471082697744,62.169682008078034
70.656876,571,1884.034836,synthetic_track_0,0.4611414381774491,75.65687637765687
51.458667,428,1884.618326,synthetic_track_0,0.3441251118969562,56.4586673280418
61.220521,476,1885.384758,synthetic_track_0,0.4036252574254534,66.22052081163586
65.468309,531,1886.168684,synthetic_track_0,0.4295162454605405,70.46830927499276
70.571366,588,1886.959275,synthetic_track_0,0.46062023632545607,75.57136572773591
70.371366,569,1887.719754,synthetic_track_0,0.45940120250350863,75.37136572007715
57.858159,461,1888.330824,synthetic_track_0,0.38313109161506054,62.85815854961887
49.999897,409,1888.972817,synthetic_track_0,0.3352336576018165,54.99989654161312
58.226999,472,1894.311116,synthetic_track_0,0.3853792373271762,63.226999144150405
55.91125,467,1894.880823,synthetic_track_0,0.3712643551691284,60.911249991922425
58.125271,474,1895.594944,synthetic_track_0,0.384759184879878,63.12527063426347
70.939062,557,1896.370528,synthetic_track_0,0.46286141012173915,75.93906247933641
50.581836,425,1897.138202,synthetic_track_0,0.3387806753514765,55.58183574980051
76.036607,688,1898.045364,synthetic_track_0,0.49393180409072773,81.0366068787454
51.234361,426,1898.578693,synthetic_track_0,0.34275792565388147,56.23436078776134
63.489812,509,1899.21669,synthetic_track_0,0.4174569701902733,68.48981195769971
5.984566,154,1899.390881,synthetic_track_0,0.0669527836867226,10.984565816826835
50.649018,415,1899.919955,synthetic_track_0,0.3391901629160639,55.64901806630328
68.284325,584,1900.797524,synthetic_track_0,0.44668033531386486,73.28432474586496
69.847415,573,1901.687382,synthetic_track_0,0.4562076349071802,74.84741508620213
49.214718,407,1902.336478,synthetic_track_0,0.3304478603750401,54.21471776742665
70.045173,559,1903.128843,synthetic_track_0,0.45741300116805755,75.04517273415809
18.633343,245,1903.406381,synthetic_track_0,0.14404921806598994,23.633343224564047
64.44895,534,1904.112771,synthetic_track_0,0.4233030784295879,69.4489499829015
71.608838,609,1904.939507,synthetic_track_0,0.4669438075571114,76.60883841470479
70.971366,630,1910.945243,synthetic_track_0,0.46305830388622454,75.97136572941534
46.360405,407,1911.579918,synthetic_track_0,0.31305034254512987,51.36040508423398
71.287308,598,1912.405756,synthetic_track_0,0.46498402478196704,76.28730790178415
69.748541,548,1913.150649,synthetic_track_0,0.4556049784527554,74.74854063880738
58.077536,469,1913.800982,synthetic_track_0,0.3844682351874181,63.07753615826072
1.272797,114,1913.967403,synthetic_track_0,0.038233759206518565,6.272797355130711
57.982037,461,1914.593916,synthetic_track_0,0.3838861519058558,62.982037035369686
50.52142,424,1915.1248,synthetic_track_0,0.3384124340772966,55.52142047966585
57.383456,462,1915.742291,synthetic_track_0,0.38023769912731853,62.38345595376822
57.796662,462,1916.405459,synthetic_track_0,0.38275625828843196,62.796661758597345
49.062231,409,1916.936698,synthetic_track_0,0.32951842614320476,54.062230732088764
59.808388,478,1917.594815,synthetic_track_0,0.3950180697946619,64.80838805445886
50.451056,422,1918.292883,synthetic_track_0,0.3379835476914088,55.451055507900534
46.328102,407,1918.853516,synthetic_track_0,0.3128534490141755,51.328101872469176
51.265728,430,1919.458561,synthetic_track_0,0.34294911325036737,56.265727859021396
61.274725,500,1920.158031,synthetic_track_0,0.40395564408131723,66.27472548792413
50.727101,423,1920.875839,synthetic_track_0,0.3396660939446194,55.727101387407586
65.470552,526,1921.651808,synthetic_track_0,0.4295299164446164,70.47055219628884
71.508897,576,1927.274311,synthetic_track_0,0.46633464990120826,76.50889735182977
58.248444,461,1927.907389,synthetic_track_0,0.38550994585877296,63.24844375614538
53.440463,434,1928.474722,synthetic_track_0,0.3562044909600118,58.440462961295616
48.598889,397,1929.032732,synthetic_track_0,0.32669427948709756,53.598888909506215
70.971366,563,1929.807332,synthetic_track_0,0.46305830388622454,75.97136572941534
65.188757,509,1930.454611,synthetic_track_0,0.4278123264807445,70.18875689270965
57.199371,458,1931.037738,synthetic_track_0,0.3791156681420112,62.19937065472677
43.798003,382,1931.609828,synthetic_track_0,0.29743206850773696,48.79800290075312
56.433635,462,1932.260962,synthetic_track_0,0.37444838048998635,61.433635078449356
57.682037,466,1932.837338,synthetic_track_0,0.3820576013787856,62.682037057654355
43.174477,377,1933.326669,synthetic_track_0,0.29363157104218474,48.17447670440587
57.41434,459,1933.930507,synthetic_track_0,0.38042594428762533,62.41434027611043
56.01125,446,1934.577947,synthetic_track_0,0.3718738720550484,61.01124999164138
70.761861,569,1935.334787,synthetic_track_0,0.46178133512281383,75.76186066248115
50.399803,421,1935.876791,synthetic_track_0,0.3376711575416293,55.39980341692195
56.601471,469,1936.568315,synthetic_track_0,0.3754713673646349,61.601470768551586
50.8009,439,1937.138377,synthetic_track_0,0.34011590838664846,55.80089990737574
50.593061,436,1937.707332,synthetic_track_0,0.3388490967115204,55.593061256662125
56.464881,453,1943.300724,synthetic_track_0,0.374638826773034,61.46488052659226
1.836696,119,1943.44084,synthetic_track_0,0.04167081738787617,6.836696116772087
53.848263,438,1944.10278,synthetic_track_0,0.35869010282589603,58.84826328911538
56.721337,458,1944.881841,synthetic_track_0,0.37620197154140783,61.721336877530156
50.801979,440,1945.552756,synthetic_track_0,0.34012248660505384,55.80197915858909
70.813432,562,1946.327498,synthetic_track_0,0.46209567357554054,75.813432400542
54.857199,437,1946.927807,synthetic_track_0,0.36483973925940755,59.8571994741968
50.396302,436,1947.567925,synthetic_track_0,0.3376498150972292,55.396301882373336
43.491879,382,1948.171848,synthetic_track_0,0.2955661887089984,48.49187851985459
68.571531,543,1948.843645,synthetic_track_0,0.4484309051177888,73.57153086589916
71.339062,561,1949.547621,synthetic_track_0,0.4652994777472721,76.33906249164139
43.324522,407,1950.219912,synthetic_track_0,0.2945461239957539,48.32452225230213
58.797986,463,1951.015483,synthetic_track_0,0.3888594999988831,63.797986222986246
70.849432,606,1951.863902,synthetic_track_0,0.46231509662856396,75.84943190399719
64.376225,498,1952.644655,synthetic_track_0,0.4228598080830078,69.37622511578559
71.604247,618,1953.458377,synthetic_track_0,0.4669158212257887,76.60424685507937
54.994697,440,1954.073814,synthetic_track_0,0.3656778080767695,59.99469670099497
48.554162,401,1959.589887,synthetic_track_0,0.32642166055679894,53.55416185832355
65.484013,520,1960.280889,synthetic_track_0,0.4296119644071141,70.48401334300395
53.071525,437,1960.852822,synthetic_track_0,0.353955752201698,58.07152506901727
58.428956,470,1961.56785,synthetic_track_0,0.38661019933043017,63.428956141278775
53.719246,430,1962.135779,synthetic_track_0,0.3579037228122108,58.719246352974515
68.945189,633,1962.965326,synthetic_track_0,0.45070841202286405,73.94518858585499
54.433986,435,1963.567386,synthetic_track_0,0.3622601844798104,59.43398646206607
53.502789,452,1964.253429,synthetic_track_0,0.3565843802336922,58.50278925305033
70.901876,565,1965.060283,synthetic_track_0,0.46263475240809454,75.90187602589378
49.298001,417,1965.687634,synthetic_track_0,0.3309554870839051,54.29800122013562
49.934282,415,1966.253871,synthetic_track_0,0.3348337282472104,54.93428238674382
70.871366,577,1967.017436,synthetic_track_0,0.4624487869353721,75.87136571904328
53.70816,431,1967.59098,synthetic_track_0,0.3578361480511721,58.70815974283954
51.090586,423,1968.187405,synthetic_track_0,0.34188159301703636,56.09058583178789
50.249785,415,1968.711317,synthetic_track_0,0.33675677043052415,55.24978507786393
46.560405,402,1969.239231,synthetic_track_0,0.31426937630231283,51.5604050812672
50.253593,419,1969.742931,synthetic_track_0,0.3367799785166928,55.25359269774117
58.382037,462,1970.389847,synthetic_track_0,0.38632421933430094,63.38203701533958
56.854404,460,1976.241734,synthetic_track_0,0.3770130404709566,61.854404384929076
54.381388,435,1976.849909,synthetic_track_0,0.3619395852618191,59.38138755553924
49.266586,409,1977.435797,synthetic_track_0,0.330764003744511,54.26658562800367
44.861478,383,1977.977123,synthetic_track_0,0.3039141284305597,49.861477933905206
50.134282,419,1978.53686,synthetic_track_0,0.33605276206915785,55.13428239440257
51.461526,428,1979.1125,synthetic_track_0,0.3441425348856728,56.4615258195898
54.724632,439,1979.732749,synthetic_track_0,0.36403171849937066,59.72463206278762
58.067933,470,1980.359835,synthetic_track_0,0.38440970128210317,63.06793283036242
49.766586,409,1980.903891,synthetic_track_0,0.33381158825451285,54.76658563978953
50.70832,418,1981.503031,synthetic_track_0,0.33955161529300243,55.70831952033553
51.005629,423,1982.091565,synthetic_track_0,0.34136376898044474,56.0056293609996
53.748957,435,1982.639808,synthetic_track_0,0.3580848140248652,58.748956967451115
50.785395,418,1983.273559,synthetic_track_0,0.3400214026372169,55.78539488178103
63.539625,515,1984.058764,synthetic_track_0,0.4177605888561928,68.53962496076491
57.856204,456,1984.692348,synthetic_track_0,0.38311917844623683,62.85620402316269
54.045138,439,1985.293923,synthetic_track_0,0.35989008728814414,59.04513797570661
50.034282,413,1985.90482,synthetic_track_0,0.3354432452506288,55.034282405740065
6.982686,162,1986.174388,synthetic_track_0,0.07303649341966642,11.982685779764894
69.263513,566,1986.923051,synthetic_track_0,0.45264865196316745,74.26351281602327
53.940463,433,1992.431134,synthetic_track_0,0.35925207533930936,58.94046295163756
55.139337,438,1993.049841,synthetic_track_0,0.3665594158957245,60.1393371263618
50.432762,414,1993.58503,synthetic_track_0,0.337872044206438,55.43276175964955
54.56558,436,1994.220997,synthetic_track_0,0.36306226746957804,59.56557969697749
58.082037,459,1994.840738,synthetic_track_0,0.3844956687243849,63.082037024032196
54.275857,435,1995.450773,synthetic_track_0,0.3612963556694026,59.275856502098804
71.248211,591,1996.23074,synthetic_track_0,0.46474572558416816,76.2482114956576
49.700076,407,1996.780392,synthetic_track_0,0.33340619879311134,54.70007567597609
57.563668,454,1997.41762,synthetic_track_0,0.38133611976186754,62.5636676356487
50.372054,421,1998.045286,synthetic_track_0,0.3375020229658231,55.37205446045529
70.527383,615,1999.068389,synthetic_track_0,0.4603521538784308,75.52738295179243
54.9685,445,1999.692703,synthetic_track_0,0.3655181339148745,59.96849986131181
49.366586,411,2000.209852,synthetic_track_0,0.33137352062897996,54.36658562748456
53.643738,432,2000.789853,synthetic_track_0,0.3574434879902612,58.64373822001091
49.83577,413,2001.375748,synthetic_track_0,0.33423328079871545,54.83577035850015
53.829173,436,2002.049771,synthetic_track_0,0.3585737422150965,58.82917265960857
50.129866,412,2002.585355,synthetic_track_0,0.33602584340814123,55.129866001425974
49.882769,407,2003.070945,synthetic_track_0,0.3345197446926601,54.88276887482627
55.152127,445,2003.651751,synthetic_track_0,0.36663737379962025,60.15212724021713
70.471366,536,2009.693848,synthetic_track_0,0.46001071950692696,75.47136573907339
50.301979,418,2010.323762,synthetic_track_0,0.3370749023417891,55.301979187284
71.351738,572,2011.195713,synthetic_track_0,0.46537673766683174,76.35173809114113
55.008361,438,2011.781797,synthetic_track_0,0.3657610946844855,60.008361065249005
53.405655,421,2012.392989,synthetic_track_0,0.3559923331008111,58.40565541723812
54.020765,438,2013.004902,synthetic_track_0,0.3597415299406155,59.02076500909274
53.833635,433,2013.62684,synthetic_track_0,0.35860094312109964,58.83363535892912
50.503064,418,2014.177302,synthetic_track_0,0.33830054923233943,55.503064163831574
49.614119,406,2014.785298,synthetic_track_0,0.3328822790851748,54.614119122750616
51.201979,419,2015.429782,synthetic_track_0,0.34256055420482,56.20197916666665
55.063786,439,2016.208398,synthetic_track_0,0.36609891644516396,60.06378557727366
44.047918,377,2016.732793,synthetic_track_0,0.2989553429469119,49.04791795152232
57.295305,453,2017.388427,synthetic_track_0,0.3797004015177081,62.295304563624306
70.786153,567,2018.19739,synthetic_track_0,0.4619294018031838,75.78615312810011
64.499297,496,2018.900759,synthetic_track_0,0.42360994924017004,69.49929654700964
51.346465,425,2019.537308,synthetic_track_0,0.3434412196845411,56.34646498774719
49.298592,413,2020.172043,synthetic_track_0,0.3309590886648239,54.2985921112154
50.374685,418,2020.75301,synthetic_track_0,0.3375180571332899,55.37468509592941
49.995243,418,2026.256434,synthetic_track_0,0.3352052913154516,54.99524264490567
53.614093,428,2026.892493,synthetic_track_0,0.35726279378986886,58.61409274109825
18.94876,255,2027.309895,synthetic_track_0,0.14597173646770592,23.9487599817899
50.860825,416,2027.86074,synthetic_track_0,0.34048116179037496,55.86082497444728
49.980199,409,2028.459758,synthetic_track_0,0.33511359526956197,54.98019859153322
49.614998,406,2028.996887,synthetic_track_0,0.3328876341852211,54.614997703829324
49.587444,412,2029.553891,synthetic_track_0,0.3327196889372909,54.587443873683235
70.271366,605,2030.364504,synthetic_track_0,0.45879168561903955,75.27136572059624
47.405586,392,2030.879912,synthetic_track_0,0.3194208957782894,52.405585843359276
53.69548,435,2031.499367,synthetic_track_0,0.35775886336570756,58.69548008013739
50.540645,427,2032.087477,synthetic_track_0,0.33852960945903543,55.54064478404794
49.834282,408,2032.631733,synthetic_track_0,0.33422421136274144,54.83428238726292
50.234282,409,2033.169626,synthetic_track_0,0.3366622789868233,55.23428239932983
48.920287,401,2033.716597,synthetic_track_0,0.32865325427283415,53.92028686015924
63.660994,501,2034.365869,synthetic_track_0,0.41850035391434776,68.66099404391332
49.947229,411,2034.935086,synthetic_track_0,0.33491264041229696,54.947229060853694
49.949828,411,2035.496795,synthetic_track_0,0.3349284832381251,54.949828303983715
61.386759,479,2036.159827,synthetic_track_0,0.4046385084543537,66.38675919640566
53.387615,432,2036.722157,synthetic_track_0,0.35588237406982415,58.38761505884643
70.571366,531,2042.792815,synthetic_track_0,0.46062023632545607,75.57136572773591
54.281751,436,2043.384832,synthetic_track_0,0.36133228418186275,59.281751090614584
70.579466,541,2044.038688,synthetic_track_0,0.46066960700592713,75.57946569698578
50.593035,418,2044.614188,synthetic_track_0,0.3388489385382482,55.59303530606495
71.593899,589,2045.412324,synthetic_track_0,0.46685275102934143,76.59389928346536
50.128581,407,2045.949605,synthetic_track_0,0.33601801063518927,55.128580922519895
53.482333,432,2046.4599,synthetic_track_0,0.35645969444986825,58.482332759333126
54.144292,436,2047.089982,synthetic_track_0,0.3604944484058458,59.144292097596264
50.885719,423,2047.661782,synthetic_track_0,0.34063289543216746,55.88571905775673
49.228918,403,2048.166436,synthetic_track_0,0.3305344119265761,54.22891779260924
52.607596,421,2048.796639,synthetic_track_0,0.35112802824920264,57.607596339581
46.528102,405,2049.330283,synthetic_track_0,0.3140724825378274,51.52810183118826
45.420718,382,2050.064937,synthetic_track_0,0.3073227912768408,50.42071803298076
53.840463,435,2050.65087,synthetic_track_0,0.35864255838845693,58.84046294126551
50.795277,415,2051.222898,synthetic_track_0,0.340081638386545,55.79527742163353
48.958348,399,2051.846702,synthetic_track_0,0.3288852443613211,53.958348166284466
53.978782,431,2052.536681,synthetic_track_0,0.359485634857647,58.97878174527175
48.929695,402,2053.14031,synthetic_track_0,0.32871059571949,53.929694548087056
51.469676,433,2053.797411,synthetic_track_0,0.3441922111092044,56.469675917567315
70.971366,548,2059.505848,synthetic_track_0,0.46305830388622454,75.97136572941534
70.474251,534,2060.246438,synthetic_track_0,0.4600283074748212,75.4742512978251
69.400244,553,2061.103714,synthetic_track_0,0.4534820509189188,74.40024388495029
50.383861,408,2061.64189,synthetic_track_0,0.33757398464934857,55.38386080823425
58.754201,482,2062.317708,synthetic_track_0,0.38859262197648403,63.754201050202035
67.22349,516,2063.076651,synthetic_track_0,0.44021437088897925,72.22349041033155
67.84173,517,2063.797231,synthetic_track_0,0.44398264802380305,72.84173039863728
53.47835,433,2064.436719,synthetic_track_0,0.3564354211152089,58.47835037014066
62.229377,493,2065.106375,synthetic_track_0,0.4097744065668049,67.22937704943938
54.383123,434,2065.754908,synthetic_track_0,0.3619501626264364,59.38312292412901
46.088256,383,2066.273966,synthetic_track_0,0.3113915497042333,51.08825629319091
50.89142,417,2066.79557,synthetic_track_0,0.3406676466405613,55.89142049263064
54.167383,438,2067.382945,synthetic_track_0,0.3606351925986765,59.1673832039604
71.071366,549,2068.109682,synthetic_track_0,0.46366782084288766,76.07136574074072
45.746881,389,2068.644225,synthetic_track_0,0.3093108098737695,50.74688103802053
50.407442,410,2069.160784,synthetic_track_0,0.3377177164676058,55.40744207746133
70.271366,530,2069.920969,synthetic_track_0,0.45879168561903955,75.27136572059624
71.407259,579,2075.682295,synthetic_track_0,0.4657151444899009,76.40725859105432
53.224131,438,2076.27475,synthetic_track_0,0.35488591282801357,58.22413127980296
47.057519,413,2076.829962,synthetic_track_0,0.3172993690560907,52.057518912771435
49.166586,409,2077.376721,synthetic_track_0,0.3301544871053281,54.16658566876548
54.128469,433,2077.972966,synthetic_track_0,0.3603980043609255,59.1284690667866
71.554331,585,2078.700888,synthetic_track_0,0.466611573411564,76.55433063119816
53.540663,430,2079.276887,synthetic_track_0,0.3568152258076036,58.5406627851206
47.01392,400,2079.827602,synthetic_track_0,0.317033626780025,52.01392007548611
7.013155,163,2080.015364,synthetic_track_0,0.07322220807806118,12.013154936922454
53.702779,427,2080.555833,synthetic_track_0,0.3578033521876135,58.70277911037078
49.395222,407,2081.1406,synthetic_track_0,0.33154806543090365,54.395222209253696
50.59694,412,2081.67895,synthetic_track_0,0.3388727410554731,55.59694045089487
69.803669,542,2082.459897,synthetic_track_0,0.4559409948852781,74.80366896081789
70.371366,552,2083.177843,synthetic_track_0,0.45940120250350863,75.37136572007715
70.303669,546,2083.904624,synthetic_track_0,0.45898857931714154,75.30366895978402
44.498679,434,2084.493811,synthetic_track_0,0.3017028056086683,49.49867866340774
51.572877,426,2085.074008,synthetic_track_0,0.3448212389574901,56.572876970901284
45.785437,389,2085.62647,synthetic_track_0,0.30954581764308464,50.78543743802903
60.936693,466,2086.320407,synthetic_track_0,0.4018952778055325,65.93669280702731
49.866586,412,2091.797486,synthetic_track_0,0.33442110506084344,54.8665856264507
46.52266,396,2092.388416,synthetic_track_0,0.31403931099073296,51.52265956243944
42.972985,378,2092.897469,synthetic_track_0,0.29240344296337256,47.97298465328626
49.782554,420,2093.497514,synthetic_track_0,0.3339089198654365,54.7825542885503
70.978087,581,2094.251423,synthetic_track_0,0.4630992729347903,75.97808729027723
6.577722,158,2094.447431,synthetic_track_0,0.07056817282345111,11.577722333091456
70.645145,551,2095.21192,synthetic_track_0,0.46106993431080345,75.64514514131274
52.25929,426,2095.816518,synthetic_track_0,0.3490050433199583,57.25929016918288
59.616075,454,2096.378932,synthetic_track_0,0.39384588787131486,64.61607477370644
70.57651,536,2097.063026,synthetic_track_0,0.4606515887841145,75.57650954889895
53.140463,428,2097.677845,synthetic_track_0,0.35437594043294157,58.140462983580285
70.939062,546,2098.479985,synthetic_track_0,0.46286141012173915,75.93906247933641
70.271366,544,2099.259841,synthetic_track_0,0.45879168561903955,75.27136572059624
50.612959,419,2099.861286,synthetic_track_0,0.33897037518646145,55.61295873241739
70.003669,545,2100.653816,synthetic_track_0,0.4571600287072255,75.00366896847663
67.616327,527,2101.621856,synthetic_track_0,0.44260877604837395,72.6163269679359
49.734282,415,2102.163849,synthetic_track_0,0.3336146947235586,54.734282428024734
54.270879,467,2102.87675,synthetic_track_0,0.36126601446830997,59.270878592264275
69.96559,546,2108.789869,synthetic_track_0,0.45692793028705386,74.96558988898255
49.609577,411,2109.337541,synthetic_track_0,0.33285459138924484,54.609576558550714
50.727514,417,2109.88885,synthetic_track_0,0.33966860656042286,55.72751361811923
49.556229,402,2110.434922,synthetic_track_0,0.3325294303404652,54.556229218160794
48.698889,397,2110.970698,synthetic_track_0,0.32730379612628047,53.698888868744405
70.846359,548,2111.761001,synthetic_track_0,0.4622963661815059,75.84635890512905
70.28409,576,2112.62769,synthetic_track_0,0.45886923970195925,75.28408958182031
51.370216,421,2113.191077,synthetic_track_0,0.3435859855948424,56.37021591462691
70.992497,556,2114.001965,synthetic_track_0,0.463187101143577,75.99249676941861
70.871366,543,2114.682043,synthetic_track_0,0.4624487869353721,75.87136571904328
48.194055,404,2115.365871,synthetic_track_0,0.3242267468001951,53.19405473067241
50.134282,411,2115.920116,synthetic_track_0,0.33605276206915785,55.134282394402575
70.503669,563,2116.634959,synthetic_track_0,0.46020761322465714,75.50366898148145
50.066586,409,2117.192869,synthetic_track_0,0.335640138968359,55.066585648148134
70.671366,555,2117.923961,synthetic_track_0,0.46122975324312154,75.67136573266316
71.179306,570,2118.734038,synthetic_track_0,0.4643257334094777,76.17930574698812
58.349734,464,2119.461746,synthetic_track_0,0.386127325636199,63.3497337761518
67.351753,514,2125.131075,synthetic_track_0,0.4409961504306292,72.35175257295774
51.428635,419,2125.631909,synthetic_track_0,0.3439420589618333,56.428634864817724
69.504244,540,2126.40545,synthetic_track_0,0.45411595211800165,74.5042444814792
71.80196,557,2127.162665,synthetic_track_0,0.4681209141430544,76.80195965708975
66.42481,519,2127.855748,synthetic_track_0,0.43534627886390265,71.42480999247122
61.676863,470,2128.528355,synthetic_track_0,0.4064067371695442,66.67686251447076
63.361629,501,2129.168274,synthetic_track_0,0.4166756735350503,68.36162901952764
69.782128,539,2129.954747,synthetic_track_0,0.4558096964080586,74.78212755977002
52.554322,419,2130.477255,synthetic_track_0,0.3508033097297668,57.55432160248605
69.035972,537,2131.198812,synthetic_track_0,0.45126175374339567,74.03597224283953
49.299346,399,2131.72982,synthetic_track_0,0.33096368134439486,54.29934560626437
45.021548,381,2132.241963,synthetic_track_0,0.30488978079622386,50.021547717935796
70.754052,580,2133.027328,synthetic_track_0,0.46173373949468216,75.7540519160629
70.073614,556,2133.825674,synthetic_track_0,0.457586357613562,75.07361434898809
48.775287,395,2134.432884,synthetic_track_0,0.32776945291496296,53.77528655322708
68.768275,545,2135.298066,synthetic_track_0,0.44963009665223547,73.76827546129562
68.004157,524,2141.626764,synthetic_track_0,0.44497266489938847,73.00415688684011
54.777612,436,2142.340719,synthetic_track_0,0.3643546399517514,59.777611965220636
48.964378,397,2142.958812,synthetic_track_0,0.3289219995210403,53.96437837815635
49.363492,404,2143.536833,synthetic_track_0,0.3313546654349223,54.36349216207939
67.982026,533,2144.371832,synthetic_track_0,0.4448377717259113,72.98202572424
41.941705,366,2144.91946,synthetic_track_0,0.2861176168134454,46.94170458911323
67.994373,536,2145.755185,synthetic_track_0,0.4449130325895583,72.99437334990452
49.929499,405,2146.43188,synthetic_track_0,0.3348045724483501,54.9294989591716
50.334282,408,2147.115076,synthetic_track_0,0.33727179587274336,55.33428239904879
57.730691,451,2147.804469,synthetic_track_0,0.38235415471406975,62.7306908917484
56.217699,446,2148.470057,synthetic_track_0,0.3731322115895666,61.2176986660013
43.715056,374,2149.119958,synthetic_track_0,0.29692649613746086,48.71505649179643
49.943778,409,2149.800601,synthetic_track_0,0.3348916031465453,54.94377759524569
49.524539,405,2150.485029,synthetic_track_0,0.3323362718139201,54.524538787515766
49.761976,417,2151.099675,synthetic_track_0,0.3337834909543247,54.76197587412786
68.218116,527,2151.941171,synthetic_track_0,0.44627678321266734,73.21811622738328
53.296758,425,2152.58858,synthetic_track_0,0.35532858372049014,58.29675779786312
69.228524,536,2153.468992,synthetic_track_0,0.452435387948588,74.22852379128801
70.271366,546,2154.459811,synthetic_track_0,0.45879168561903966,75.27136572059625
41.839814,373,2161.097903,synthetic_track_0,0.2854965786338353,46.83981435568232
54.618784,438,2161.951098,synthetic_track_0,0.3633865595931828,59.618784477711955
68.541723,531,2162.767532,synthetic_track_0,0.4482492203705799,73.54172287355387
49.613871,402,2163.414914,synthetic_track_0,0.3328807669838047,54.61387104080231
53.898053,437,2164.126477,synthetic_track_0,0.35899358029498896,58.89805312681314
71.142894,574,2165.116495,synthetic_track_0,0.4641038006585399,76.1428944915429
70.464773,557,2166.159884,synthetic_track_0,0.459970536937902,75.4647732114765
44.36001,380,2166.86398,synthetic_track_0,0.3008575979970058,49.360010214868964
71.238576,571,2167.84567,synthetic_track_0,0.4646869981768137,76.23857642097042
43.658631,384,2168.531671,synthetic_track_0,0.29658257567898444,48.658631400801504
63.378201,497,2169.470909,synthetic_track_0,0.4167766823227132,68.37820096194832
70.657938,540,2170.436612,synthetic_track_0,0.46114791016846185,75.6579382007407
70.207038,559,2171.484142,synthetic_track_0,0.45839959486977755,75.20703760152071
49.928435,406,2172.192854,synthetic_track_0,0.33479808583318693,54.928434736785846
69.703669,548,2173.068103,synthetic_track_0,0.4553314780008091,74.70366896133699
54.329191,436,2173.817356,synthetic_track_0,0.3616214389552603,59.32919108436446
64.306854,524,2174.699778,synthetic_track_0,0.4224369808476411,69.30685423469176
70.381308,550,2181.39806,synthetic_track_0,0.45946180015127663,75.38130763456672
61.895413,474,2182.092068,synthetic_track_0,0.4077388410570855,66.89541329043276
67.588138,528,2182.984994,synthetic_track_0,0.4424369569516089,72.58813757724776
51.669676,432,2183.724156,synthetic_track_0,0.3454112448663874,56.66967591460053
70.771366,565,2184.651905,synthetic_track_0,0.4618392701290416,75.77136573238212
52.958405,425,2185.384038,synthetic_track_0,0.35326626665484384,57.958405061870025
70.493458,560,2186.338696,synthetic_track_0,0.46014537663680793,75.49345817533121
52.779886,422,2187.045334,synthetic_track_0,0.3521781628240353,57.77988599982499
46.060405,391,2187.71561,synthetic_track_0,0.31122179192301525,51.06040509092525
70.503669,546,2188.628058,synthetic_track_0,0.46020761322465714,75.50366898148145
71.071366,541,2189.429969,synthetic_track_0,0.46366782084288766,76.07136574074072
54.331454,437,2190.153785,synthetic_track_0,0.36163523223314076,59.331454069715704
48.998889,402,2190.820114,synthetic_track_0,0.3291323468326968,53.99888887588405
58.227623,458,2191.654032,synthetic_track_0,0.38538303886941727,63.227622841757174
49.098889,399,2192.334521,synthetic_track_0,0.32974186375036235,54.098888880811316
70.171366,534,2193.195281,synthetic_track_0,0.45818216897985675,75.17136576135806
70.871366,555,2193.991018,synthetic_track_0,0.4624487869353721,75.87136571904328
70.463512,553,2200.458353,synthetic_track_0,0.45996284666461745,75.4635115116876
68.772422,536,2201.365817,synthetic_track_0,0.4496553703925584,73.77242198140617
68.701409,544,2202.340044,synthetic_track_0,0.44922253534658646,73.70140917523885
53.163307,428,2203.058778,synthetic_track_0,0.3545151809453731,58.16330738957735
63.887648,494,2203.824404,synthetic_track_0,0.41988185090530256,68.88764846793096
51.73046,429,2204.5509,synthetic_track_0,0.34578173700309606,56.73046047106253
50.574441,421,2205.222004,synthetic_track_0,0.3387356028421956,55.57444095726967
50.838328,412,2205.970955,synthetic_track_0,0.3403440406545429,55.83832828262229
62.629406,484,2206.833385,synthetic_track_0,0.4122126531937745,67.62940642950106
49.195509,402,2207.47502,synthetic_track_0,0.33033077752972706,54.19550864497432
51.001979,416,2208.158468,synthetic_track_0,0.34134152029730447,56.00197914496922
70.610312,566,2209.031352,synthetic_track_0,0.4608576215431276,75.61031218229492
70.971366,542,2209.894933,synthetic_track_0,0.46305830388622454,75.97136572941534
71.211838,551,2210.722863,synthetic_track_0,0.46452402281544136,76.21183797209737
53.666451,432,2211.354511,synthetic_track_0,0.3575819287909508,58.66645142181033
65.055279,493,2212.083865,synthetic_track_0,0.4269987580942281,70.05527931349509
50.066586,423,2212.79651,synthetic_track_0,0.335640138968359,55.066585648148134
54.098741,432,2219.188119,synthetic_track_0,0.36021680769387165,59.098741151001114
70.353233,536,2220.063723,synthetic_track_0,0.45929068166797216,75.35323318957981
49.117115,404,2220.768061,synthetic_track_0,0.3298529571206941,54.11711534386522
48.698889,400,2221.417024,synthetic_track_0,0.32730379612628047,53.698888868744405
71.843109,577,2222.349689,synthetic_track_0,0.468371724161672,76.84310864306643
68.768275,525,2223.272093,synthetic_track_0,0.44963009665223536,73.7682754612956
57.982037,456,2223.964327,synthetic_track_0,0.3838861519058558,62.982037035369686
49.260868,408,2224.618904,synthetic_track_0,0.33072915653240936,54.260868442342584
66.220539,526,2225.477969,synthetic_track_0,0.4341012136060745,71.22053915386276
70.635082,571,2226.296586,synthetic_track_0,0.46100859926198784,75.6350822455899
48.150907,393,2226.879927,synthetic_track_0,0.3239637552688557,53.150907192568795
49.34281,414,2227.500744,synthetic_track_0,0.3312286018526479,54.34280962073685
51.215564,423,2228.12012,synthetic_track_0,0.3426433567806018,56.215564118529656
70.203669,556,2228.959014,synthetic_track_0,0.45837906251081095,75.20366897312284
50.03194,409,2229.58493,synthetic_track_0,0.33542896989359644,55.03194032837978
57.682037,454,2230.340313,synthetic_track_0,0.3820576013787856,62.682037057654355
69.740495,553,2231.290131,synthetic_track_0,0.45555594113657927,74.74049536275825
57.424099,453,2238.352016,synthetic_track_0,0.3804854240664433,62.424098788142636
42.545207,372,2239.019079,synthetic_track_0,0.28979606628731025,47.54520705943028
53.848072,432,2239.720891,synthetic_track_0,0.358688936624495,58.84807195702522
49.766586,406,2240.400007,synthetic_track_0,0.33381158825451285,54.76658563978953
53.204676,429,2241.073938,synthetic_track_0,0.35476732945444855,58.20467597413858
49.217993,403,2241.766496,synthetic_track_0,0.33046782163443544,54.21799269873706
70.051466,531,2242.67099,synthetic_track_0,0.4574513592624422,75.05146593048502
70.264739,549,2243.670759,synthetic_track_0,0.45875129306389006,75.26473874175954
69.335972,533,2244.615378,synthetic_track_0,0.45309030427046587,74.33597222055486
52.851746,433,2245.340056,synthetic_track_0,0.3526161640824159,57.85174639734105
60.143002,457,2246.190001,synthetic_track_0,0.3970575996033055,65.14300221364383
62.246807,469,2246.988104,synthetic_track_0,0.4098806430209173,67.24680666562688
70.905734,535,2247.905086,synthetic_track_0,0.46265826680485256,75.90573390042279
68.800579,529,2248.752995,synthetic_track_0,0.4498269903699656,73.80057870370368
70.2876,540,2249.626552,synthetic_track_0,0.45889063831856636,75.28760033222629
70.542595,548,2250.519443,synthetic_track_0,0.46044487424847147,75.54259506025438
45.192708,390,2251.104449,synthetic_track_0,0.3059330337777145,50.192708353950664
71.339062,572,2257.724991,synthetic_track_0,0.4652994777472721,76.33906249164139
54.11998,428,2258.486612,synthetic_track_0,0.3603462646399214,59.11998042241039
47.863495,404,2259.144353,synthetic_track_0,0.3222119315962358,52.86349535736553
53.629401,436,2259.87766,synthetic_track_0,0.35735610233139065,58.62940134753968
49.582691,409,2260.46833,synthetic_track_0,0.3326907174747241,54.582690689127624
68.634929,527,2261.275291,synthetic_track_0,0.4488173299302011,73.63492940665378
70.262913,552,2262.174505,synthetic_track_0,0.45874016362384906,75.26291279726698
53.926013,436,2262.854398,synthetic_track_0,0.3591640000423942,58.926012934139735
70.003669,533,2263.668313,synthetic_track_0,0.4571600287072255,75.00366896847663
54.238713,436,2264.357563,synthetic_track_0,0.3610699598583837,59.238713017543674
40.145874,372,2264.958769,synthetic_track_0,0.27517172763396214,45.14587425174713
69.603669,539,2265.789737,synthetic_track_0,0.45472196136162624,74.6036690020988
54.525589,437,2266.48431,synthetic_track_0,0.36281851925351416,59.52558930113949
54.320414,435,2267.218411,synthetic_track_0,0.3615679430029358,59.32041430501513
54.593751,438,2267.913061,synthetic_track_0,0.3632339759624365,59.59375094150613
69.607762,539,2268.769933,synthetic_track_0,0.4547469068184699,74.6077616625894
68.674284,534,2269.633181,synthetic_track_0,0.44905720389711856,73.67428417627288
70.260941,550,2270.467318,synthetic_track_0,0.45872814480081364,75.26094093671983
70.831952,563,2276.552827,synthetic_track_0,0.4622085559956901,75.8319523829149
53.068376,426,2277.12519,synthetic_track_0,0.3539365599189713,58.068376299374286
50.835711,421,2277.729738,synthetic_track_0,0.34032808884286764,55.83571115879867
71.071366,585,2278.499814,synthetic_track_0,0.46366782084288766,76.07136574074072
51.286838,421,2279.060233,synthetic_track_0,0.3430777846966889,56.28683825791801
48.998889,404,2279.57373,synthetic_track_0,0.3291323468326969,53.998888875884056
48.576196,417,2280.195852,synthetic_track_0,0.3265559647033236,53.57619638259181
70.6765,544,2280.908788,synthetic_track_0,0.4612610476979792,75.67650003746958
70.82475,550,2281.613304,synthetic_track_0,0.4621646586217339,75.82475038821273
50.969676,432,2282.217213,synthetic_track_0,0.34114462659920247,55.96967590578144
53.43497,432,2282.77683,synthetic_track_0,0.35617100797473156,58.434969596639185
68.238412,531,2283.483241,synthetic_track_0,0.44640048733133647,73.23841166483203
70.883084,542,2284.159916,synthetic_track_0,0.46252021431585105,75.88308440673319
56.293557,446,2284.79109,synthetic_track_0,0.3735945824658117,61.29355724935256
68.081922,529,2285.428927,synthetic_track_0,0.4454466583009102,73.08192231239909
61.819258,476,2286.074911,synthetic_track_0,0.4072746634433277,66.81925828584208
50.713968,426,2286.604167,synthetic_track_0,0.3395860416722493,55.71396766232231
70.267123,549,2292.316511,synthetic_track_0,0.458765828514107,75.26712349114253
69.981384,536,2293.013192,synthetic_track_0,0.4570241991687378,74.9813841817474
68.800579,541,2293.763067,synthetic_track_0,0.4498269903699656,73.80057870370368
50.509904,414,2294.274093,synthetic_track_0,0.33834223937136193,55.50990402994002
50.133618,415,2294.826581,synthetic_track_0,0.33604871521517415,55.13361844988097
68.545038,524,2295.485042,synthetic_track_0,0.44826942396059877,73.5450375626837
46.928102,398,2296.034957,synthetic_track_0,0.3165105501633603,51.92810184349323
49.609856,423,2296.563807,synthetic_track_0,0.3328562962907579,54.609856272131694
49.985132,412,2297.124966,synthetic_track_0,0.33514366336674384,54.98513169474855
70.587391,559,2297.877673,synthetic_track_0,0.46071791145322444,75.58739073536903
61.917843,471,2298.50011,synthetic_track_0,0.4078755532337278,66.91784288662872
70.303669,538,2299.177327,synthetic_track_0,0.45898857931714154,75.30366895978402
49.687249,408,2299.734929,synthetic_track_0,0.33332801769475495,54.687248943863715
71.045865,564,2300.450737,synthetic_track_0,0.4635123894732248,76.04586499206312
48.36589,432,2301.018626,synthetic_track_0,0.32527411468194833,53.36589047517829
49.971801,423,2301.60305,synthetic_track_0,0.3350624128207841,54.971801375669905
71.176644,567,2302.430847,synthetic_track_0,0.4643095077724975,76.17664369819023
58.855235,454,2308.062557,synthetic_track_0,0.38920844344853084,63.85523540782882
53.172766,434,2308.763024,synthetic_track_0,0.35457283396389583,58.172766195345076
70.173328,539,2309.544692,synthetic_track_0,0.4581941275910145,75.17332774328185
49.734282,406,2310.078854,synthetic_track_0,0.3336146947235586,54.734282428024734
68.600579,544,2310.845741,synthetic_track_0,0.44860795646245,73.60057868200623
50.946637,416,2311.432431,synthetic_track_0,0.34100419813320865,55.94663659893973
68.968275,530,2312.165468,synthetic_track_0,0.45084913038843005,73.96827545488539
70.119291,539,2313.062824,synthetic_track_0,0.45786476377858454,75.11929087915016
69.672603,533,2313.854042,synthetic_track_0,0.4551421244427527,74.67260279042387
69.803669,536,2314.60985,synthetic_track_0,0.455940994885278,74.80366896081787
68.234023,528,2315.398134,synthetic_track_0,0.44637373520882334,73.23402259488894
61.980378,474,2316.04155,synthetic_track_0,0.408256716662369,66.98037822180564
68.400579,534,2316.723012,synthetic_track_0,0.4473889227701995,73.40057869562612
53.144976,425,2317.306501,synthetic_track_0,0.35440344895382947,58.144976151541016
50.281987,405,2317.837544,synthetic_track_0,0.33695304669854126,55.28198701877804
50.026955,412,2318.382844,synthetic_track_0,0.33539858300068776,55.026954922146544
58.543096,459,2318.961559,synthetic_track_0,0.38730589997758924,63.543095824899474
50.742345,418,2324.386267,synthetic_track_0,0.3397590065319454,55.74234503187605
53.521585,431,2325.005182,synthetic_track_0,0.3566989427025418,58.52158487154328
51.373934,420,2325.610264,synthetic_track_0,0.34360864663061885,56.37393378302995
69.068275,533,2326.373068,synthetic_track_0,0.4514586472743501,74.06827545460435
52.138278,428,2326.99742,synthetic_track_0,0.34826745602298903,57.13827837903649
51.918069,421,2327.592017,synthetic_track_0,0.34692524366701555,56.918069163638734
50.802236,409,2328.13895,synthetic_track_0,0.340124054199775,55.80223634501869
51.266767,421,2328.692429,synthetic_track_0,0.3429554462119342,56.26676687232772
52.11359,415,2329.26385,synthetic_track_0,0.3481169732045611,57.113589511265765
49.681404,411,2329.839974,synthetic_track_0,0.3332923906346723,54.681403812940275
53.13822,428,2330.406103,synthetic_track_0,0.3543622661651104,58.13821952353699
53.824562,431,2331.004226,synthetic_track_0,0.3585456376930139,58.82456170909138
70.871366,548,2331.771399,synthetic_track_0,0.4624487869353721,75.87136571904328
70.138393,561,2332.488437,synthetic_track_0,0.4579811924666411,75.1383926777088
53.042899,424,2333.040156,synthetic_track_0,0.3537812712562787,58.04289896382487
52.579479,427,2333.708119,synthetic_track_0,0.35095664922447656,57.57947914903168
50.869676,417,2334.270915,synthetic_track_0,0.34053510996001957,55.86967594654325
70.271366,542,2335.01881,synthetic_track_0,0.45879168561903966,75.27136572059625
71.239062,548,2341.321164,synthetic_track_0,0.464689960861352,76.23906249192241
53.881641,430,2341.978212,synthetic_track_0,0.3588935478074129,58.88164136044445
50.635337,409,2342.594819,synthetic_track_0,0.3391067751289609,55.63533710211756
70.320533,542,2343.404899,synthetic_track_0,0.4590913655601573,75.3205325192852
53.486589,428,2344.019866,synthetic_track_0,0.3564856341098117,58.48658853312214
50.428521,414,2344.575097,synthetic_track_0,0.337846196565462,55.42852108289384
70.687931,538,2345.406865,synthetic_track_0,0.46133072346573784,75.68793134793404
69.603669,570,2346.204911,synthetic_track_0,0.45472196136162624,74.6036690020988
70.422508,540,2346.913348,synthetic_track_0,0.4597129214249788,75.42250768641064
63.001846,481,2347.707604,synthetic_track_0,0.4144827356105349,68.00184605550979
53.152614,425,2348.249916,synthetic_track_0,0.3544500002888799,58.15261356667995
68.315853,529,2348.933511,synthetic_track_0,0.4468725070821848,73.3158532846502
68.000579,523,2349.687731,synthetic_track_0,0.4449508551461176,73.00057868355921
70.771366,547,2350.412067,synthetic_track_0,0.4618392701290416,75.77136573238212
70.982613,546,2351.195068,synthetic_track_0,0.46312685956533906,75.98261327324973
68.421391,527,2352.035044,synthetic_track_0,0.44751577946085264,73.42139135778972
68.100579,526,2357.748405,synthetic_track_0,0.4455603720305866,73.10057868304011
49.615635,404,2358.27817,synthetic_track_0,0.3328915161058955,54.61563458867258
70.139599,536,2359.042766,synthetic_track_0,0.4579885477970214,75.13959942530342
68.612897,523,2359.725158,synthetic_track_0,0.44868303748477145,73.61289680211821
69.703669,535,2360.43113,synthetic_track_0,0.4553314780008091,74.70366896133699
49.349079,402,2360.987707,synthetic_track_0,0.3312668128833406,54.34907868915283
50.661809,410,2361.541266,synthetic_track_0,0.33926812357424607,55.66180863203886
69.99723,542,2362.267088,synthetic_track_0,0.4571207823587061,74.99723004130075
70.241775,539,2363.051389,synthetic_track_0,0.45861132533696475,75.24177502577969
49.89946,425,2363.633883,synthetic_track_0,0.3346214818842408,54.899460322371844
61.356729,479,2364.283805,synthetic_track_0,0.40445547203631466,66.35672944304643
68.799624,552,2365.005269,synthetic_track_0,0.44982117351123413,73.79962436448035
48.926034,423,2365.558527,synthetic_track_0,0.3286882845148844,53.92603407451228
50.786658,415,2366.086832,synthetic_track_0,0.34002910359834004,55.78665833506336
53.640463,434,2366.700874,synthetic_track_0,0.35742352469620636,58.640462954885386
56.463399,441,2367.305905,synthetic_track_0,0.37462979932617413,61.463399444272305
68.891318,527,2368.001544,synthetic_track_0,0.45038006023846394,73.89131775945751
68.100579,521,2373.529987,synthetic_track_0,0.4455603720305866,73.10057868304011
69.614514,533,2374.25647,synthetic_track_0,0.4547880628988127,74.61451390870067
53.256918,426,2374.845395,synthetic_track_0,0.3550857554478403,58.2569183319555
68.668275,530,2375.622104,synthetic_track_0,0.44902057964881714,73.66827544229938
60.683996,452,2376.282117,synthetic_track_0,0.400355046913595,65.6839958066343
49.748583,413,2376.857364,synthetic_track_0,0.3337018579853486,54.74858281306059
53.440463,426,2377.483997,synthetic_track_0,0.3562044909600118,58.440462961295616
57.325799,460,2378.143564,synthetic_track_0,0.3798862705648972,62.32579905048108
49.764788,401,2378.673755,synthetic_track_0,0.33380063091309004,54.76478793054715
54.859442,436,2379.272266,synthetic_track_0,0.36485340671784594,59.8594418170614
57.086166,439,2379.838395,synthetic_track_0,0.3784256688790155,62.086166365067925
62.034015,470,2380.48883,synthetic_track_0,0.4085836422995695,67.03401506827105
66.54066,506,2381.194797,synthetic_track_0,0.43605240580066973,71.5406602586565
70.681752,564,2381.949865,synthetic_track_0,0.4612930595746484,75.68175204562861
50.377899,422,2382.521843,synthetic_track_0,0.3375376491359569,55.37789944536984
50.666035,412,2383.100184,synthetic_track_0,0.3392938828022291,55.666034803373186
49.782047,409,2383.709838,synthetic_track_0,0.33390582871234625,54.78204714048714
53.824477,430,2384.321888,synthetic_track_0,0.3585451196325681,58.82447671383426
54.553954,441,2384.90363,synthetic_track_0,0.36299140396547475,59.55395352130604
61.539105,463,2390.665351,synthetic_track_0,0.40556708110484474,66.539104876949
46.305635,395,2391.229899,synthetic_track_0,0.312716509141667,51.30563491949593
62.053124,478,2391.902032,synthetic_track_0,0.40870011594497546,67.05312424272859
69.571624,527,2392.634897,synthetic_track_0,0.4545266389931434,74.57162356210429
53.88555,429,2393.184916,synthetic_track_0,0.35891737227774484,58.885550106996895
69.502,536,2393.960941,synthetic_track_0,0.4541022695921059,74.50199966658181
56.071418,435,2394.557626,synthetic_track_0,0.37224060603273873,61.0714179681374
47.701728,404,2395.147669,synthetic_track_0,0.32122593308869496,52.70172814015686
69.919884,529,2395.847337,synthetic_track_0,0.4566493482158832,74.91988449889033
70.551401,550,2396.642879,synthetic_track_0,0.4604985477354866,75.55140096671968
50.523389,417,2397.126762,synthetic_track_0,0.3384244338339362,55.52338921209691
70.003669,532,2397.928161,synthetic_track_0,0.4571600287072255,75.00366896847663
69.776643,546,2398.720001,synthetic_track_0,0.45577626997462545,74.77664347325636
54.597742,433,2399.41844,synthetic_track_0,0.36325829963671863,59.59774158963675
61.623537,472,2400.17813,synthetic_track_0,0.40608171110375624,66.6235373199794
63.670193,476,2400.935847,synthetic_track_0,0.4185564226301537,68.67019292206479
62.123862,475,2401.717322,synthetic_track_0,0.40913127751629574,67.12386249134293
61.588469,474,2407.629908,synthetic_track_0,0.40586796452968754,66.58846912442887
69.263409,529,2408.373216,synthetic_track_0,0.4526480164012172,74.26340854295665
53.412888,428,2408.948793,synthetic_track_0,0.35603641636925165,58.412887910600496
56.27513,436,2409.545592,synthetic_track_0,0.3734822682102534,61.27513048254147
70.654834,546,2410.341094,synthetic_track_0,0.4611289916010599,75.65483433802815
51.527691,434,2410.906635,synthetic_track_0,0.34454582544162177,56.52769142781685
71.827541,592,2411.801018,synthetic_track_0,0.4682768366464378,76.82754098330844
69.035972,544,2412.530858,synthetic_track_0,0.45126175374339567,74.03597224283953
54.675856,436,2413.114998,synthetic_track_0,0.3637344230150019,59.675856468476645
54.496276,434,2413.706906,synthetic_track_0,0.3626398519877077,59.496276369958814
58.639967,464,2414.349917,synthetic_track_0,0.3878963456706924,63.63996692151439
70.294683,555,2415.051213,synthetic_track_0,0.45893381016081236,75.29468329303049
68.756364,524,2415.708829,synthetic_track_0,0.4495574946344458,73.7563640574834
54.643107,431,2416.289861,synthetic_track_0,0.3635348094695835,59.64310699927103
70.218413,551,2417.035228,synthetic_track_0,0.45846892743724854,75.21841260504854
71.146263,549,2417.720138,synthetic_track_0,0.4641243323627972,76.1462630125263
70.503669,569,2423.359021,synthetic_track_0,0.46020761322465714,75.50366898148145
69.862588,525,2424.105856,synthetic_track_0,0.45630011635681744,74.86258799634025
69.903669,527,2424.778809,synthetic_track_0,0.45655051188869644,74.90366897981413
50.201196,421,2425.390175,synthetic_track_0,0.336460609530175,55.201195628357574
60.192952,454,2426.040959,synthetic_track_0,0.3973620509554037,65.19295183083663
63.713011,496,2426.68092,synthetic_track_0,0.4188174073210537,68.71301120916976
34.618551,328,2427.327314,synthetic_track_0,0.24148176085681847,39.61855130783744
50.706072,417,2427.873853,synthetic_track_0,0.33953791543983675,55.706071862650624
48.619644,404,2428.425676,synthetic_track_0,0.32682078228016426,53.61964350968767
48.232864,403,2428.935036,synthetic_track_0,0.324463297649281,53.232864295080795
58.477578,463,2429.546474,synthetic_track_0,0.3869065577303487,63.4775779934262
55.391374,438,2430.416749,synthetic_track_0,0.36809562380591904,60.39137409881719
70.464529,560,2431.134001,synthetic_track_0,0.4599690484094754,75.46452899700814
64.957948,487,2431.864136,synthetic_track_0,0.4264055059114852,69.95794777194475
70.107956,545,2432.636922,synthetic_track_0,0.4577956783385811,75.1079564204329
62.724763,478,2433.264845,synthetic_track_0,0.412793870165037,67.72476342174447
37.426181,343,2433.684152,synthetic_track_0,0.25859473956828044,42.42618126177001
70.103669,523,2434.410538,synthetic_track_0,0.457769545624891,75.1036689734039
63.463945,483,2439.762847,synthetic_track_0,0.41729930618392663,68.46394491290643
70.503669,545,2440.461924,synthetic_track_0,0.46020761322465714,75.50366898148145
49.957635,405,2441.027532,synthetic_track_0,0.33497606482507536,54.95763474674449
49.065134,399,2441.549962,synthetic_track_0,0.32953611922013554,54.06513353548761
52.994579,427,2442.082286,synthetic_track_0,0.35348675143715985,57.994578757265444
62.054966,489,2443.013897,synthetic_track_0,0.40871133963809686,67.05496565079277
58.326796,456,2443.590931,synthetic_track_0,0.38598751595106007,63.32679598919698
69.912119,546,2444.32102,synthetic_track_0,0.4566020151993204,74.91211883767188
65.701083,493,2444.950909,synthetic_track_0,0.4309350388894721,70.7010827153549
69.826812,553,2445.698772,synthetic_track_0,0.4560820571831562,74.82681225688404
50.437924,412,2446.460366,synthetic_track_0,0.3379035114909502,55.437924419643174
70.207332,531,2447.134353,synthetic_track_0,0.45840138925405716,75.2073319960348
70.444673,533,2447.851637,synthetic_track_0,0.45984802099425415,75.44467271120592
70.003669,536,2448.57387,synthetic_track_0,0.4571600287072255,75.00366896847663
48.529035,405,2449.098764,synthetic_track_0,0.3262685085709826,53.5290350753051
49.917223,408,2449.619609,synthetic_track_0,0.3347297483924978,54.91722299809974
69.636242,542,2450.342894,synthetic_track_0,0.45492049769857107,74.63624173978222
70.758119,546,2455.934943,synthetic_track_0,0.46175852953425,75.75811907811712
70.003669,534,2456.653942,synthetic_track_0,0.45716002870722555,75.00366896847665
63.539006,478,2457.291289,synthetic_track_0,0.417756814382267,68.53900570410404
47.532145,401,2457.906539,synthetic_track_0,0.3201922949787121,52.53214496191271
58.382037,458,2458.5623,synthetic_track_0,0.3863242193343009,63.38203701533957
55.081736,435,2459.182088,synthetic_track_0,0.3662083243654173,60.08173551803383
54.249327,438,2459.769937,synthetic_track_0,0.3611346522049415,59.249326726182495
70.92269,551,2460.569496,synthetic_track_0,0.4627616195566091,75.92269040381976
49.522332,425,2461.163864,synthetic_track_0,0.33232282188466644,54.52233213343832
63.062487,478,2461.862914,synthetic_track_0,0.41485235011576366,68.06248662392194
49.909477,404,2462.368649,synthetic_track_0,0.3346825376204737,54.909477392853674
56.914274,443,2462.97875,synthetic_track_0,0.3773779580343696,61.91427435257347
53.29231,425,2463.522199,synthetic_track_0,0.3553014759964861,58.292310386387896
70.396223,534,2464.302191,synthetic_track_0,0.45955271291155836,75.39622317868475
70.25993,540,2464.997719,synthetic_track_0,0.4587219840835847,75.25993018257111
69.903669,545,2465.731108,synthetic_track_0,0.45655051188869644,74.90366897981413
51.593219,425,2466.290145,synthetic_track_0,0.34494522768178115,56.593219101990144
69.735972,565,2471.900788,synthetic_track_0,0.45552837169891097,74.73597220052474
62.375432,478,2472.570889,synthetic_track_0,0.41066463481334464,67.375431779768
70.136195,542,2473.386652,synthetic_track_0,0.45796779690903344,75.13619494408083
50.142171,409,2473.950124,synthetic_track_0,0.33610084677994906,55.14217138185589
69.803669,536,2474.737706,synthetic_track_0,0.4559409948852781,74.80366896081789
50.816823,414,2475.325157,synthetic_track_0,0.3402129650551906,55.816823447889774
69.903669,537,2475.977865,synthetic_track_0,0.45655051188869644,74.90366897981413
54.587133,435,2476.559914,synthetic_track_0,0.363193639781031,59.58713321159183
50.750383,413,2477.121314,synthetic_track_0,0.3398080009918849,55.75038327674401
59.84492,452,2477.718762,synthetic_track_0,0.3952407388013339,64.84492010323223
56.004443,444,2478.272327,synthetic_track_0,0.3718323807686286,61.00444275015855
70.560105,546,2479.01797,synthetic_track_0,0.4605516016507012,75.56010522353209
56.22602,438,2479.590177,synthetic_track_0,0.37318292859530594,61.22601951924891
49.850101,421,2480.116471,synthetic_track_0,0.3343206276314068,54.85010086097901
70.729199,545,2480.858819,synthetic_track_0,0.461582255555784,75.7291988000998
56.482254,441,2481.441948,synthetic_track_0,0.3747447182405154,61.48225354276785
64.701801,489,2482.093055,synthetic_track_0,0.42484424753921196,69.70180091138175
48.336519,410,2482.623219,synthetic_track_0,0.32509509165040756,53.33651917551899
70.971366,534,2488.176635,synthetic_track_0,0.46305830388622454,75.97136572941534
54.819507,437,2488.765245,synthetic_track_0,0.36460999841864616,59.819507189467245
70.894835,553,2489.463957,synthetic_track_0,0.4625918386558852,75.89483540846709
70.271366,550,2490.189561,synthetic_track_0,0.45879168561903955,75.27136572059624
44.777567,383,2490.698869,synthetic_track_0,0.3034026776588894,49.77756708876743
50.501979,411,2491.219435,synthetic_track_0,0.338293935865441,55.50197914600309
53.466846,428,2491.751959,synthetic_track_0,0.3563652996028827,58.466845928877596
61.951045,474,2492.406397,synthetic_track_0,0.40807792763945533,66.9510453146227
49.456448,404,2492.989904,synthetic_track_0,0.3319212473052807,54.456448055813304
70.064941,543,2493.727325,synthetic_track_0,0.45753349299266366,75.06494114862713
49.628353,405,2494.304318,synthetic_track_0,0.33296903883748197,54.62835330626013
54.60816,439,2494.854529,synthetic_track_0,0.363321799914203,59.6081597222222
70.171366,534,2495.610316,synthetic_track_0,0.45818216897985675,75.17136576135806
61.225711,471,2496.24211,synthetic_track_0,0.4036568914940397,66.22571083495238
54.775856,434,2496.854865,synthetic_track_0,0.36434393993266734,59.7758564734039
42.544957,373,2497.319988,synthetic_track_0,0.28979454508875735,47.54495748495847
49.392283,406,2497.856464,synthetic_track_0,0.33153014764867295,54.39228253972291
50.131285,407,2498.35269,synthetic_track_0,0.3360344942766392,55.1312853006568
70.571366,531,2504.072315,synthetic_track_0,0.460620236325456,75.5713657277359
69.703669,541,2504.857402,synthetic_track_0,0.4553314780008091,74.70366896133699
68.217506,515,2505.613147,synthetic_track_0,0.4462730650788685,73.21750621412946
48.628517,402,2506.17232,synthetic_track_0,0.3268748704097905,53.6285174442289
52.858869,422,2506.71882,synthetic_track_0,0.35265957854955804,57.85886916424431
51.821033,438,2507.224342,synthetic_track_0,0.346333794294396,56.821033398983154
69.735972,544,2507.9251,synthetic_track_0,0.455528371698911,74.73597220052476
55.199275,441,2508.480653,synthetic_track_0,0.36692475036914834,60.19927549408162
54.676981,435,2509.073934,synthetic_track_0,0.3637412788188154,59.676981261563206
53.028145,435,2509.643102,synthetic_track_0,0.35369134074890535,58.028144572404706
54.10816,439,2510.223251,synthetic_track_0,0.36027421539677135,59.10815970921738
71.181869,561,2510.994182,synthetic_track_0,0.46434135670534926,76.18186897307562
52.986769,434,2511.561548,synthetic_track_0,0.3534391524526014,57.986769460177165
41.641318,366,2512.023272,synthetic_track_0,0.2842867079184793,46.641317687270984
52.972766,428,2512.594629,synthetic_track_0,0.35335380016031037,57.97276619069886
68.768275,523,2513.31986,synthetic_track_0,0.44963009665223547,73.76827546129562
68.54448,523,2514.002275,synthetic_track_0,0.44826602535247223,73.54447997220582
70.271366,530,2519.762149,synthetic_track_0,0.45879168561903966,75.27136572059625
67.671131,518,2520.529896,synthetic_track_0,0.4429428137625547,72.67113065278177
55.463862,437,2521.102336,synthetic_track_0,0.36853745109302716,60.463862211299826
70.645011,554,2521.8949,synthetic_track_0,0.4610691189728959,75.64501137341817
64.1956,480,2522.527362,synthetic_track_0,0.421758869521656,69.19560033184774
54.609153,439,2523.107388,synthetic_track_0,0.3633278524936532,59.609152734815126
70.471366,536,2523.808829,synthetic_track_0,0.46001071950692696,75.47136573907339
63.596692,499,2524.501652,synthetic_track_0,0.4181084210553442,68.5966918290025
70.439702,565,2525.216499,synthetic_track_0,0.45981772341028854,75.43970195738756
69.835972,541,2525.940972,synthetic_track_0,0.45613788864976357,74.83597221089683
68.109258,526,2526.71826,synthetic_track_0,0.4456132766333027,73.10925844299254
70.312068,550,2527.547519,synthetic_track_0,0.45903977519371514,75.31206837867008
48.758659,402,2528.123197,synthetic_track_0,0.32766810713820543,53.758659322905196
63.462635,480,2528.77866,synthetic_track_0,0.4172913208650261,68.46263480664645
70.38101,555,2529.541201,synthetic_track_0,0.4594599843646311,75.3810097286871
53.690873,433,2530.096487,synthetic_track_0,0.3577307814389304,58.690872836704614
70.735093,539,2535.794289,synthetic_track_0,0.4616181833269058,75.73509326698837
70.59153,559,2536.451754,synthetic_track_0,0.46074313848141796,75.59152959168382
70.849386,571,2537.237312,synthetic_track_0,0.4623148141811479,75.84938556444175
50.759607,418,2537.768782,synthetic_track_0,0.33986421945906664,55.75960672375957
49.674687,405,2538.378135,synthetic_track_0,0.33325145024750563,54.67468695439257
70.207584,527,2539.170902,synthetic_track_0,0.45840292280932254,75.20758359780277
70.671366,541,2539.861323,synthetic_track_0,0.46122975324312154,75.67136573266316
50.070142,423,2540.427712,synthetic_track_0,0.3356618176321922,55.070142344323926
68.290338,528,2541.164288,synthetic_track_0,0.4467169861932884,73.29033784905656
51.142764,427,2541.935161,synthetic_track_0,0.3421996275110962,56.14276395851625
49.355552,405,2542.550075,synthetic_track_0,0.3313062712940659,54.355552408179484
51.001979,416,2543.170379,synthetic_track_0,0.3413415202973044,56.00197914496921
53.828628,430,2543.77909,synthetic_track_0,0.35857042525600713,58.82862846482796
50.802714,417,2544.347343,synthetic_track_0,0.3401269634474374,55.80271364888369
70.922548,552,2545.10299,synthetic_track_0,0.4627607494281753,75.9225476467524
70.771366,551,2545.966433,synthetic_track_0,0.46183927012904147,75.77136573238211
62.303688,478,2546.66885,synthetic_track_0,0.41022734381857917,67.30368791119962
54.397518,431,2552.865189,synthetic_track_0,0.36203790406995295,59.397518168181605
70.949799,546,2553.658091,synthetic_track_0,0.4629268514284948,75.94979906565312
54.027112,428,2554.260308,synthetic_track_0,0.3597802168882728,59.02711215852244
69.464779,534,2555.068757,synthetic_track_0,0.4538754047519905,74.46477923106666
53.84317,431,2555.718619,synthetic_track_0,0.35865905697470707,58.843169771311544
71.368016,541,2556.495399,synthetic_track_0,0.46547595132808783,76.3680155172911
49.641136,410,2557.055919,synthetic_track_0,0.33304694884648806,54.64113556227089
47.676789,401,2557.614498,synthetic_track_0,0.3210739238987999,52.67678884922345
57.119481,442,2558.318787,synthetic_track_0,0.37862873012068377,62.11948147836311
70.003669,529,2559.070368,synthetic_track_0,0.45716002870722555,75.00366896847665
53.440463,428,2559.714919,synthetic_track_0,0.3562044909600118,58.440462961295616
70.344353,543,2560.516467,synthetic_track_0,0.45923655653387313,75.34435318392333
52.005069,428,2561.068434,synthetic_track_0,0.34745552519648054,57.005069465061766
69.535972,532,2561.817724,synthetic_track_0,0.4543093380066604,74.53597221414462
70.571366,544,2562.599925,synthetic_track_0,0.460620236325456,75.5713657277359
67.152649,492,2563.252136,synthetic_track_0,0.4397825802457549,72.15264895343589
70.36231,554,2563.979146,synthetic_track_0,0.4593460078847055,75.36231025009378
70.686248,567,2569.59886,synthetic_track_0,0.4613204643146632,75.6862481868465
70.92466,528,2570.280297,synthetic_track_0,0.46277362552611967,75.92466015556153
71.431135,566,2571.097798,synthetic_track_0,0.4658606762810007,76.4311351716795
71.071366,580,2571.880916,synthetic_track_0,0.46366782084288766,76.07136574074072
69.10157,531,2572.556585,synthetic_track_0,0.45166158393871114,74.10157012920297
50.674418,414,2573.187554,synthetic_track_0,0.33934497691677323,55.67441752673669
70.246471,559,2573.983952,synthetic_track_0,0.45863994734464814,75.2464708772424
50.401979,415,2574.556938,synthetic_track_0,0.337684418980972,55.40197914652219
57.855289,469,2575.215148,synthetic_track_0,0.38311360126278404,62.85528900611132
53.285783,435,2575.820205,synthetic_track_0,0.3552616892128627,58.28578279307085
70.577513,537,2576.546475,synthetic_track_0,0.460657706445897,75.57751323918328
49.508242,411,2577.068642,synthetic_track_0,0.3322369429593931,54.508242462255154
50.634282,417,2577.644557,synthetic_track_0,0.3391003465865895,55.63428240740739
48.932638,397,2578.157692,synthetic_track_0,0.3287285359470231,53.93263790009208
54.598417,440,2578.747505,synthetic_track_0,0.36326241782246554,59.59841723715865
50.447662,426,2579.293952,synthetic_track_0,0.33796286659634356,55.44766247720936
70.793658,548,2580.032197,synthetic_track_0,0.46197514732906936,75.79365833867158
49.854077,407,2585.610184,synthetic_track_0,0.3343448643838467,54.85407724833294
68.668399,526,2586.313714,synthetic_track_0,0.44902133482372214,73.66839933958923
70.200486,529,2587.013886,synthetic_track_0,0.45835966431082525,75.2004864197959
70.271366,564,2587.74813,synthetic_track_0,0.45879168561903966,75.27136572059625
49.524192,407,2588.280248,synthetic_track_0,0.33233415608557515,54.52419167189224
50.146027,409,2588.862142,synthetic_track_0,0.3361243460782134,55.14602677926015
71.071366,564,2589.702224,synthetic_track_0,0.46366782084288766,76.07136574074072
67.90356,520,2590.400309,synthetic_track_0,0.4443595097467362,72.90355997720674
71.339062,559,2591.227343,synthetic_track_0,0.4652994777472721,76.33906249164139
69.621431,531,2592.161641,synthetic_track_0,0.45483022182650024,74.62143068632291
67.428133,519,2593.026704,synthetic_track_0,0.4414617028474345,72.42813313373486
69.903669,543,2593.822211,synthetic_track_0,0.45655051188869644,74.90366897981413
68.100579,523,2594.671013,synthetic_track_0,0.4455603720305865,73.1005786830401
51.447625,422,2595.333167,synthetic_track_0,0.3440578066139431,56.447624929647475
60.281497,454,2596.042128,synthetic_track_0,0.39790175071537787,65.28149732825017
70.171366,538,2596.797507,synthetic_track_0,0.45818216897985675,75.17136576135806
70.65239,538,2603.048824,synthetic_track_0,0.4611140915029851,75.6523897629266
70.22277,533,2603.94334,synthetic_track_0,0.45849548732447065,75.22277013603103
69.932988,540,2604.734385,synthetic_track_0,0.45672921670014976,74.93298807089745
69.843295,537,2605.555336,synthetic_track_0,0.4561825215187782,74.84329487412737
71.238269,540,2606.33493,synthetic_track_0,0.4646851273586429,76.23826948637866
70.771366,562,2607.136498,synthetic_track_0,0.4618392701290416,75.77136573238212
70.596907,540,2607.984527,synthetic_track_0,0.46077591504933785,75.59690705842591
71.187472,562,2608.979979,synthetic_track_0,0.4643755097743769,76.18747227459534
70.006386,537,2609.913906,synthetic_track_0,0.4571765903910045,75.00638615057856
70.990647,543,2610.734118,synthetic_track_0,0.4631758247692859,75.99064671825188
68.36513,516,2611.534386,synthetic_track_0,0.4471728599416614,73.36513048526116
71.071366,556,2612.367333,synthetic_track_0,0.46366782084288766,76.07136574074072
60.18148,452,2613.023383,synthetic_track_0,0.3972921291271582,65.1814801506151
49.546225,406,2613.69868,synthetic_track_0,0.3324684527658129,54.5462249712089
70.357388,531,2614.54487,synthetic_track_0,0.45931600745228557,75.35738824825452
70.310254,544,2615.379218,synthetic_track_0,0.4590287160047909,75.31025395988225
49.517604,404,2621.062213,synthetic_track_0,0.3322940019132649,54.517603803184265
69.922299,544,2621.847565,synthetic_track_0,0.4566640620863539,74.92229852067861
50.315271,421,2622.46711,synthetic_track_0,0.3371559173375779,55.31527086097386
71.122405,560,2623.284172,synthetic_track_0,0.4639789150883159,76.1224052199972
49.149234,403,2624.125257,synthetic_track_0,0.33004872447674016,54.149233790460904
50.478734,413,2624.784275,synthetic_track_0,0.3381522553866645,55.47873442848152
52.83913,430,2625.521533,synthetic_track_0,0.3525392656948835,57.83913011236311
53.971744,433,2626.153407,synthetic_track_0,0.3594427386243141,58.971744002068355
71.339062,587,2626.96986,synthetic_track_0,0.4652994777472721,76.33906249164139
70.958557,545,2627.731132,synthetic_track_0,0.46298022966742314,75.95855653242909
58.66576,457,2628.354935,synthetic_track_0,0.3880535571274365,63.66575971904533
70.371366,532,2629.11411,synthetic_track_0,0.45940120250350863,75.37136572007715
71.163177,533,2629.825032,synthetic_track_0,0.4642274268351066,76.16317714147026
61.327293,461,2630.571417,synthetic_track_0,0.40427605434501707,66.32729339378547
70.371366,552,2631.272058,synthetic_track_0,0.45940120250350863,75.37136572007715
60.40482,456,2631.874307,synthetic_track_0,0.3986534259623696,65.40482044894512
55.159894,435,2632.499241,synthetic_track_0,0.36668471292372956,60.15989390346631
50.634282,417,2638.152302,synthetic_track_0,0.3391003465865895,55.63428240740739
69.843918,538,2638.989377,synthetic_track_0,0.45618632255732944,74.8439184890966
49.581305,405,2639.58024,synthetic_track_0,0.3326822738646076,54.581305393611146
49.281038,404,2640.137349,synthetic_track_0,0.33085209200250076,54.281037771951944
42.428742,369,2640.723395,synthetic_track_0,0.2890861897145106,47.428741611597275
70.571366,559,2641.546736,synthetic_track_0,0.460620236325456,75.5713657277359
62.318307,473,2642.182136,synthetic_track_0,0.4103164472755934,67.31830661312931
59.149415,467,2642.819813,synthetic_track_0,0.39100151574326447,64.14941467195008
69.268275,533,2643.523384,synthetic_track_0,0.45267768103153305,74.26827545163756
56.660065,440,2644.115923,synthetic_track_0,0.37582850891033825,61.660064968802594
70.563059,585,2644.877732,synthetic_track_0,0.460569606522449,75.56305918134903
70.075168,549,2645.764235,synthetic_track_0,0.4575958301267222,75.07516845082718
49.240604,405,2646.374954,synthetic_track_0,0.33060564253020036,54.240604196229796
70.571366,534,2647.161954,synthetic_track_0,0.460620236325456,75.5713657277359
70.203669,537,2647.88673,synthetic_track_0,0.45837906251081106,75.20366897312286
70.843858,576,2648.641369,synthetic_track_0,0.46228112443030533,75.843858276925
70.314918,540,2649.354694,synthetic_track_0,0.4590571440305234,75.31491798581972
49.558303,401,2655.239197,synthetic_track_0,0.3325420693448168,54.55830282836061
68.424529,522,2655.934943,synthetic_track_0,0.4475349066152347,73.42452944219232
49.878602,408,2656.492128,synthetic_track_0,0.33449434974381326,54.87860246871642
64.429707,482,2657.220552,synthetic_track_0,0.4231857915105661,69.4297073792261
70.600623,555,2658.08505,synthetic_track_0,0.4607985641833383,75.60062297417164
49.880207,410,2658.67228,synthetic_track_0,0.33450412794971557,54.88020672384056
67.128449,518,2659.348856,synthetic_track_0,0.4396350795659432,72.12844934833807
71.534909,552,2660.109353,synthetic_track_0,0.46649319388201865,76.53490876907304
49.076926,401,2660.664306,synthetic_track_0,0.32960799559120624,54.07692588653302
70.618603,551,2661.475079,synthetic_track_0,0.4609081542871593,75.61860280476282
70.41758,547,2662.371202,synthetic_track_0,0.4596828887921418,75.41758040163045
57.446644,457,2662.985218,synthetic_track_0,0.3806228380053555,62.4466435185185
70.728084,539,2663.737836,synthetic_track_0,0.46157546073747374,75.72808401256098
57.246643,457,2664.358035,synthetic_track_0,0.37940380409783997,62.24664349682106
69.735972,528,2665.05749,synthetic_track_0,0.455528371698911,74.73597220052476
62.211646,477,2665.76417,synthetic_track_0,0.4096663310019481,67.21164570071883
70.30743,537,2671.46036,synthetic_track_0,0.45901150141129105,75.30742965856277
49.964693,408,2672.036916,synthetic_track_0,0.3350190847188984,54.96469277822744
58.413177,460,2672.686698,synthetic_track_0,0.38651402105167065,63.41317671322503
70.607719,546,2673.44551,synthetic_track_0,0.4608418168851687,75.60771920115205
70.486584,546,2674.144617,synthetic_track_0,0.4601034757550384,75.48658373384818
46.694185,400,2674.760046,synthetic_track_0,0.3150847855871365,51.69418468629015
70.203669,532,2675.482245,synthetic_track_0,0.45837906251081095,75.20366897312284
50.331905,413,2676.054384,synthetic_track_0,0.33725730646032603,55.331905202828096
49.666586,408,2676.617406,synthetic_track_0,0.33320207136859287,54.66658564007058
49.366586,407,2677.261007,synthetic_track_0,0.33137352062898,54.36658562748457
70.792146,545,2678.061369,synthetic_track_0,0.4619659270623555,75.79214562148508
49.877158,409,2678.747433,synthetic_track_0,0.3344855463643188,54.87715814786608
62.116841,478,2679.638258,synthetic_track_0,0.40908847936181164,67.11684083938341
50.701979,416,2680.265153,synthetic_track_0,0.33951296968738837,55.70197915366183
70.02663,551,2681.092298,synthetic_track_0,0.45729998253014625,75.02663040330484
53.29189,431,2681.714038,synthetic_track_0,0.3552989120260387,58.291889730209306
70.471366,548,2682.427487,synthetic_track_0,0.46001071950692696,75.47136573907339
70.571366,540,2683.119433,synthetic_track_0,0.46062023632545607,75.57136572773591
50.786307,412,2688.860096,synthetic_track_0,0.3400269650603912,55.7863074771967
49.752563,405,2689.389042,synthetic_track_0,0.3337261206968929,54.75256345937844
49.887763,405,2689.984305,synthetic_track_0,0.3345501853003761,54.88776309374516
69.703669,532,2690.813937,synthetic_track_0,0.4553314780008091,74.70366896133699
49.884107,405,2691.394096,synthetic_track_0,0.33452790002204785,54.884106873748564
49.766586,405,2692.020338,synthetic_track_0,0.33381158825451285,54.76658563978953
49.908772,415,2692.682256,synthetic_track_0,0.33467823782791895,54.9087719501265
49.037019,407,2693.322352,synthetic_track_0,0.32936475456619,54.03701870267125
70.871366,545,2694.03129,synthetic_track_0,0.4624487869353721,75.87136571904328
50.234174,415,2694.558407,synthetic_track_0,0.33666162129970106,55.23417449631096
49.555325,400,2695.167376,synthetic_track_0,0.33252391801516235,54.5553248420205
45.292708,387,2695.685677,synthetic_track_0,0.3065425504168974,50.29270831318885
49.789533,405,2696.259418,synthetic_track_0,0.3339514559310898,54.7895329410727
49.754273,427,2696.85439,synthetic_track_0,0.3337365400828702,54.75427290930324
50.042822,406,2697.496578,synthetic_track_0,0.3354952970584206,55.04282225243635
47.095799,401,2698.139143,synthetic_track_0,0.31753269015605784,52.095798590447515
70.547399,528,2698.907315,synthetic_track_0,0.4604741530822753,75.54739867347625
70.724672,562,2699.732424,synthetic_track_0,0.46155466283106683,75.72467181729144
69.829633,541,2705.791393,synthetic_track_0,0.4560992476140113,74.8296325939746
49.751016,412,2706.396749,synthetic_track_0,0.3337166863512499,54.75101561946877
70.883885,551,2707.154101,synthetic_track_0,0.4625250927824123,75.88388478924271
48.874417,400,2707.737785,synthetic_track_0,0.32837366796828316,53.87441671115701
49.912041,403,2708.343082,synthetic_track_0,0.3346981618655053,54.91204077466452
70.878971,538,2709.307435,synthetic_track_0,0.4624951444014959,75.87897132720023
49.471884,404,2709.976734,synthetic_track_0,0.33201533036467623,54.47188373303643
54.04245,425,2710.588489,synthetic_track_0,0.3598737023484028,59.04244979100266
54.60687,436,2711.274402,synthetic_track_0,0.36331394088254987,59.60687033519904
49.05458,399,2711.993176,synthetic_track_0,0.3294717947127221,54.054580176143745
70.871366,540,2712.757885,synthetic_track_0,0.4624487869353721,75.87136571904328
49.63951,403,2713.291168,synthetic_track_0,0.3330370432892661,54.6395104133336
68.612579,524,2713.995332,synthetic_track_0,0.44868109811918,73.61257862133753
71.028967,544,2714.718624,synthetic_track_0,0.4634093930762696,76.02896695378969
70.275841,532,2715.472345,synthetic_track_0,0.4588189649810632,75.27584129175385
70.405158,516,2716.184201,synthetic_track_0,0.4596071715738983,75.40515790443968
70.076109,530,2716.987976,synthetic_track_0,0.4576015631295872,75.07610903229117
49.766586,403,2717.590992,synthetic_track_0,0.3338115882545129,54.76658563978954
58.582037,458,2723.425286,synthetic_track_0,0.3875432532418165,63.58203703703701
50.398231,424,2724.016886,synthetic_track_0,0.3376615751475556,55.39823128754078
69.997756,556,2724.761516,synthetic_track_0,0.4571239874516032,74.99775588282576
49.205795,400,2725.351026,synthetic_track_0,0.33039347414660974,54.20579492549497
48.965325,401,2725.882009,synthetic_track_0,0.3289277690225634,53.965324947749444
49.666586,403,2726.450658,synthetic_track_0,0.33320207136859287,54.66658564007057
48.852405,400,2727.04485,synthetic_track_0,0.3282395000694992,53.85240454028756
70.283983,544,2727.798706,synthetic_track_0,0.45886859041826705,75.28398305750484
56.746643,449,2728.364291,synthetic_track_0,0.3763562196659765,61.746643497854926
70.406328,538,2729.148535,synthetic_track_0,0.4596143051154489,75.40632826439119
50.14431,406,2729.721395,synthetic_track_0,0.33611388077254345,55.144309795550214
49.231711,399,2730.254352,synthetic_track_0,0.33055143716958324,54.23171102826071
49.796316,410,2730.765213,synthetic_track_0,0.3339927998806538,54.79631600982811
49.302762,399,2731.344436,synthetic_track_0,0.33098450712124705,54.30276237408077
49.570046,403,2731.883438,synthetic_track_0,0.33261364813489386,54.57004635696981
70.671366,551,2732.634091,synthetic_track_0,0.46122975324312154,75.67136573266316
49.666586,405,2733.158692,synthetic_track_0,0.33320207136859287,54.66658564007057
70.955484,538,2733.957184,synthetic_track_0,0.46296150423643884,75.95548435651989
71.244862,541,2739.742335,synthetic_track_0,0.46472531027785263,76.24486207142839
70.738752,537,2740.499543,synthetic_track_0,0.4616404814722625,75.73875159800579
70.685485,537,2741.308766,synthetic_track_0,0.461315814702958,75.68548535126318
70.971366,551,2742.087352,synthetic_track_0,0.46305830388622454,75.97136572941534
50.040073,404,2742.687339,synthetic_track_0,0.33547854017202716,55.0400730445418
68.562082,524,2743.485413,synthetic_track_0,0.44837331565310623,73.56208248705174
49.423315,404,2744.078098,synthetic_track_0,0.3317192943737859,54.423314776720886
70.479864,533,2744.804005,synthetic_track_0,0.4600625174635017,75.47986393783141
49.307494,403,2745.384475,synthetic_track_0,0.33101334763756896,54.30749407502411
45.519764,388,2745.876579,synthetic_track_0,0.3079264945173291,50.51976422066437
70.471366,538,2746.609069,synthetic_track_0,0.46001071950692696,75.47136573907339
68.999854,521,2747.374415,synthetic_track_0,0.45104160739402477,73.99985407222972
34.373252,327,2747.843402,synthetic_track_0,0.2399866180834768,39.37325166090758
49.179791,399,2748.338434,synthetic_track_0,0.33023497283901376,54.17979050940546
70.599111,544,2749.103489,synthetic_track_0,0.46078934657478743,75.59911069309496
49.87774,406,2749.632226,synthetic_track_0,0.3344890905053293,54.87773961510389
71.45422,570,2750.442226,synthetic_track_0,0.4660013837363758,76.45422025073637
70.371366,546,2756.346414,synthetic_track_0,0.45940120250350863,75.37136572007715
49.823653,408,2756.925211,synthetic_track_0,0.3341594231857802,54.82365295626998
49.821899,421,2757.51437,synthetic_track_0,0.3341487345511183,54.82189933223122
49.166586,402,2758.144421,synthetic_track_0,0.3301544871053281,54.16658566876548
70.771366,544,2758.959347,synthetic_track_0,0.4618392701290416,75.77136573238212
53.429861,437,2759.577434,synthetic_track_0,0.35613986914112755,58.429860823734636
50.759985,423,2760.168842,synthetic_track_0,0.3398665249015705,55.75998496471575
50.290673,407,2760.814795,synthetic_track_0,0.3370059893329172,55.29067301837053
49.166586,401,2761.423111,synthetic_track_0,0.3301544871053281,54.16658566876548
71.040104,543,2762.193117,synthetic_track_0,0.4634772761854179,76.04010415286089
71.155265,548,2763.004415,synthetic_track_0,0.46417920140578317,76.15526506712057
69.818524,553,2763.790332,synthetic_track_0,0.4560315360187225,74.81852353421552
70.037571,546,2764.544615,synthetic_track_0,0.45736666926041963,75.03757131923784
70.371366,553,2765.366714,synthetic_track_0,0.45940120250350863,75.37136572007715
71.071366,551,2766.131315,synthetic_track_0,0.46366782084288766,76.07136574074072
57.346644,452,2766.73037,synthetic_track_0,0.38001332104869245,62.34664350719313
70.500529,535,2767.471039,synthetic_track_0,0.46018847713247546,75.50052943070445
49.866586,407,2773.017113,synthetic_track_0,0.3344211050608434,54.86658562645069
49.566586,401,2773.586572,synthetic_track_0,0.3325925544509274,54.56658563514332
50.965517,429,2774.158796,synthetic_track_0,0.34111927805495895,55.96551711301329
66.002514,501,2774.877994,synthetic_track_0,0.4327723110725861,71.00251360601469
70.512056,554,2775.588768,synthetic_track_0,0.4602587325954336,75.51205584849264
70.78717,542,2776.394138,synthetic_track_0,0.4619355978698417,75.78716968183038
49.555673,401,2776.987612,synthetic_track_0,0.3325260413042744,54.55567319809644
49.922993,405,2777.546443,synthetic_track_0,0.33476491990431956,54.92299338978787
65.185176,503,2778.254261,synthetic_track_0,0.4277904992920625,70.18517582889912
49.691896,403,2778.920353,synthetic_track_0,0.333356343070822,54.6918961286492
49.304957,402,2779.542403,synthetic_track_0,0.3309978846250075,54.304957145715804
50.323729,412,2780.102281,synthetic_track_0,0.3372074738266774,55.32372944352433
49.766586,405,2780.678212,synthetic_track_0,0.33381158825451285,54.76658563978953
68.231462,526,2781.482032,synthetic_track_0,0.44635812782472045,73.23146197935563
49.566586,405,2782.062354,synthetic_track_0,0.3325925544509274,54.56658563514332
49.866586,408,2782.641425,synthetic_track_0,0.33442110506084344,54.8665856264507
70.844256,545,2783.476306,synthetic_track_0,0.4622835500443029,75.84425623374077
49.597258,405,2784.153311,synthetic_track_0,0.332779506387299,54.597257785524185
50.0371,405,2784.877486,synthetic_track_0,0.33546041644465047,55.03709958675179
69.937443,544,2792.060053,synthetic_track_0,0.4567563709742632,74.93744311958673
49.774786,404,2792.777568,synthetic_track_0,0.3338615710862203,54.77478604124215
50.113416,410,2793.471143,synthetic_track_0,0.33592557957734415,55.11341627987905
70.909548,559,2794.442948,synthetic_track_0,0.4626815123693507,75.90954766915829
63.496249,490,2795.382489,synthetic_track_0,0.41749620381591307,68.49624879750445
49.766586,403,2796.069212,synthetic_track_0,0.33381158825451285,54.76658563978953
50.234359,408,2796.702294,synthetic_track_0,0.33666274642165833,55.23435908872835
48.26583,398,2797.42486,synthetic_track_0,0.3246642281435498,53.265829828660856
57.31434,452,2798.153396,synthetic_track_0,0.37981642728420695,62.31434025711418
64.35329,480,2798.960346,synthetic_track_0,0.4227200116904512,69.35328950966982
57.71434,453,2799.791961,synthetic_track_0,0.3822544949097399,62.714340269419154
70.403669,566,2800.852338,synthetic_track_0,0.459598096267994,75.40366897015608
70.871366,548,2801.888948,synthetic_track_0,0.4624487869353721,75.87136571904328
50.302272,414,2802.73263,synthetic_track_0,0.33707668458092854,55.3022715892134
49.566586,406,2803.803286,synthetic_track_0,0.33259255445092734,54.56658563514331
68.000579,535,2804.947371,synthetic_track_0,0.44495085514611754,73.0005786835592
49.397631,402,2805.633515,synthetic_track_0,0.3315627492238035,54.397631296384475
56.980825,446,2812.269435,synthetic_track_0,0.37778359800092,61.98082541535463
63.638832,483,2813.244988,synthetic_track_0,0.4183652748128857,68.63883237715679
50.434282,412,2813.918024,synthetic_track_0,0.33788131267907395,55.434282385709956
70.475887,531,2814.863134,synthetic_track_0,0.4600382768061653,75.47588690982313
50.718076,414,2815.520428,synthetic_track_0,0.3396110848212275,55.71807635061074
56.356149,448,2816.19148,synthetic_track_0,0.37397609014034167,61.35614906301198
49.831678,404,2816.873516,synthetic_track_0,0.3342083342391993,54.831677517100296
71.547564,527,2817.771386,synthetic_track_0,0.4665703310962256,76.54756423699723
70.671366,549,2818.669075,synthetic_track_0,0.46122975324312154,75.67136573266316
57.538636,454,2819.55042,synthetic_track_0,0.38118354549613737,62.53863563590827
53.472566,423,2820.269459,synthetic_track_0,0.3564001632630556,58.47256581308102
50.270197,409,2821.007536,synthetic_track_0,0.3368811848790496,55.270197055128186
50.270614,412,2821.757336,synthetic_track_0,0.33688372503541775,55.27061380426503
50.062558,404,2822.330502,synthetic_track_0,0.3356155891836344,55.06255790335177
66.050049,500,2823.057563,synthetic_track_0,0.43306204507409285,71.05004863045542
49.465952,398,2823.666457,synthetic_track_0,0.3319791759903873,54.46595208864355
50.057301,407,2824.290152,synthetic_track_0,0.33558354588024897,55.05730073918855
49.95941,403,2824.848566,synthetic_track_0,0.33498688386706554,54.95940976597852
58.034777,456,2825.487628,synthetic_track_0,0.3842076125156143,63.03477726558822
70.713965,542,2831.814936,synthetic_track_0,0.4614894028612062,75.71396498189692
69.901869,570,2832.616442,synthetic_track_0,0.4565395397969241,74.90186885056505
54.172605,427,2833.269843,synthetic_track_0,0.3606670211316118,59.1726051319465
49.966586,407,2833.825408,synthetic_track_0,0.33503062201169587,54.96658563682276
70.808071,524,2834.569375,synthetic_track_0,0.46206299674220525,75.80807129669101
70.283738,548,2835.414025,synthetic_track_0,0.4588670994920122,75.28373844963834
55.289042,435,2836.046863,synthetic_track_0,0.36747189268748587,60.28904205009326
51.055138,410,2836.625335,synthetic_track_0,0.34166553197055594,56.05513791379509
49.353321,398,2837.183518,synthetic_track_0,0.33129266970124926,54.35332087151617
49.75521,410,2837.835305,synthetic_track_0,0.33374225353221854,54.75521028273198
70.252943,543,2838.615275,synthetic_track_0,0.45867939420056053,75.25294270053602
67.400489,506,2839.295156,synthetic_track_0,0.44129320771530106,72.40048908718714
50.790939,415,2839.958518,synthetic_track_0,0.3400551975922036,55.79093942954867
49.559612,405,2840.55353,synthetic_track_0,0.33255004933522253,54.5596120604045
50.509694,406,2841.121379,synthetic_track_0,0.3383409608925746,55.50969427713198
55.327241,436,2841.693423,synthetic_track_0,0.36770472192861464,60.327241031262254
50.736324,406,2842.360355,synthetic_track_0,0.33972231019366755,55.736324470506474
71.313014,584,2848.423195,synthetic_track_0,0.46514070718986933,76.31301390125378
50.096346,413,2849.046717,synthetic_track_0,0.33582153615641064,55.09634646228342
71.344647,598,2849.883557,synthetic_track_0,0.4653335151711527,76.34464681991369
49.171753,401,2850.439036,synthetic_track_0,0.3301859854164053,54.17175341911273
71.539062,553,2851.249386,synthetic_track_0,0.46651851150445506,76.5390624886746
53.257678,430,2851.837521,synthetic_track_0,0.3550903858125281,58.25767800978915
71.071366,561,2852.618585,synthetic_track_0,0.46366782084288766,76.07136574074072
70.865208,549,2853.527554,synthetic_track_0,0.4624112546123281,75.86520800236545
54.607615,435,2854.260453,synthetic_track_0,0.3633184788445993,59.60761485305268
52.863742,426,2854.869143,synthetic_track_0,0.35268928206940897,57.863742453312035
49.493337,402,2855.553166,synthetic_track_0,0.33214609398869294,54.4933373837342
66.604876,514,2856.285266,synthetic_track_0,0.4364438129957306,71.60487623084734
49.188153,405,2856.841351,synthetic_track_0,0.3302859428775618,54.18815287631968
49.866586,408,2857.432268,synthetic_track_0,0.3344211050608434,54.86658562645069
70.05146,573,2858.405519,synthetic_track_0,0.45745132534356553,75.05146036560613
50.066989,410,2859.011107,synthetic_track_0,0.33564259826676024,55.066989131374136
70.671366,553,2859.824325,synthetic_track_0,0.46122975324312154,75.67136573266316
70.215103,573,2866.065494,synthetic_track_0,0.4584487558294947,75.21510316306865
70.303669,542,2866.912266,synthetic_track_0,0.45898857931714154,75.30366895978402
70.362319,546,2867.687732,synthetic_track_0,0.45934606265634004,75.36231923616712
61.476364,478,2868.351076,synthetic_track_0,0.4051846675605244,66.47636444233932
52.979713,428,2868.95678,synthetic_track_0,0.353396139745411,57.979712607764526
52.772766,420,2869.572625,synthetic_track_0,0.3521347663383629,57.772766183040105
48.853027,401,2870.183537,synthetic_track_0,0.32824329226437554,53.8530267043249
51.381593,423,2870.827384,synthetic_track_0,0.3436553325372098,56.381593276562974
70.057837,564,2871.668561,synthetic_track_0,0.45749019038780087,75.05783673433749
58.446183,449,2872.291386,synthetic_track_0,0.38671520049858726,63.4461830910627
65.306048,503,2873.001146,synthetic_track_0,0.42852723801171455,70.30604839774838
57.980075,451,2873.678775,synthetic_track_0,0.38387419227899455,62.980074886805156
70.325461,538,2874.48758,synthetic_track_0,0.45912140708978066,75.32546126371098
50.228288,412,2875.213095,synthetic_track_0,0.3366257414366011,55.22828788942148
50.034282,405,2875.875773,synthetic_track_0,0.3354432452506288,55.034282405740065
52.184492,426,2876.537277,synthetic_track_0,0.3485491361165401,57.18449204419759
49.186804,401,2877.089316,synthetic_track_0,0.3302777224777622,54.1868042016617
70.771366,554,2877.948339,synthetic_track_0,0.4618392701290416,75.77136573238212
70.971366,542,2884.161354,synthetic_track_0,0.46305830388622454,75.97136572941534
69.335972,567,2884.994425,synthetic_track_0,0.45309030427046587,74.33597222055486
56.546644,446,2885.673201,synthetic_track_0,0.3751371861423246,61.54664353913584
70.97366,529,2886.453169,synthetic_track_0,0.46307228997332717,75.97366034788882
70.047802,577,2887.308078,synthetic_track_0,0.45742902469918045,75.04780162458721
58.263351,451,2887.957364,synthetic_track_0,0.38560081036036176,63.26335138273168
68.700579,530,2888.725373,synthetic_track_0,0.44921747341330254,73.7005786923783
50.347435,407,2889.299458,synthetic_track_0,0.33735196264048223,55.347434908743836
70.471366,557,2890.118719,synthetic_track_0,0.46001071950692696,75.47136573907339
58.182037,457,2890.770103,synthetic_track_0,0.3851051856420504,63.182037028959456
50.364348,410,2891.348758,synthetic_track_0,0.33745505349510657,55.364348444154594
70.739063,532,2892.215733,synthetic_track_0,0.46164237659808727,75.73906252061732
52.105069,424,2892.821459,synthetic_track_0,0.34806504183566345,57.105069424299955
71.539062,559,2893.6231,synthetic_track_0,0.46651851150445506,76.5390624886746
50.040183,406,2894.265321,synthetic_track_0,0.3354792079777833,55.04018260766789
57.405141,453,2894.904541,synthetic_track_0,0.3803698719846824,62.405140809437626
49.809297,403,2895.4971,synthetic_track_0,0.3340719183074767,54.80929652413841
50.066586,406,2901.454431,synthetic_track_0,0.335640138968359,55.066585648148134
66.111169,504,2902.177562,synthetic_track_0,0.43343458467675283,71.11116910311479
49.953951,405,2902.739529,synthetic_track_0,0.33495361368243254,54.953951314324755
49.458632,400,2903.360545,synthetic_track_0,0.33193455705772146,54.458631711871206
69.035972,557,2904.11704,synthetic_track_0,0.45126175374339567,74.03597224283953
71.016369,534,2904.867439,synthetic_track_0,0.46333260548112404,76.01636884589415
50.134282,409,2905.482391,synthetic_track_0,0.33605276206915785,55.13428239440257
68.800579,536,2906.240419,synthetic_track_0,0.4498269903699656,73.80057870370368
70.583157,563,2907.056432,synthetic_track_0,0.4606921089219658,75.58315745951037
57.446644,453,2907.759107,synthetic_track_0,0.3806228380053555,62.4466435185185
50.740198,408,2908.346415,synthetic_track_0,0.33974592105344503,55.740198171179344
63.008454,493,2909.017488,synthetic_track_0,0.4145230125524333,68.00845406633206
70.026891,560,2909.805382,synthetic_track_0,0.4573015728516805,75.02689131839456
69.368275,566,2910.649379,synthetic_track_0,0.45328719798819617,74.36827546296294
67.900579,544,2911.480104,synthetic_track_0,0.4443413385069347,72.90057872432102
49.453645,399,2912.052531,synthetic_track_0,0.33190416488556623,54.45364543950175
70.771366,562,2918.202124,synthetic_track_0,0.4618392701290416,75.77136573238212
50.637,414,2918.844997,synthetic_track_0,0.3391169083788541,55.63699960730795
69.903669,549,2919.722494,synthetic_track_0,0.45655051188869644,74.90366897981413
57.71434,453,2920.437793,synthetic_track_0,0.3822544949097399,62.714340269419154
50.765593,417,2921.073219,synthetic_track_0,0.3399007055631239,55.76559279318563
70.571366,557,2921.933127,synthetic_track_0,0.46062023632545607,75.57136572773591
70.370175,535,2922.682391,synthetic_track_0,0.45939394617809265,75.37017521566895
69.95642,544,2923.44151,synthetic_track_0,0.45687203936044435,74.95642017970238
50.969676,416,2924.10515,synthetic_track_0,0.34114462659920247,55.96967590578144
67.702916,517,2924.918568,synthetic_track_0,0.44313655111485084,72.70291604810502
54.6394,432,2925.555443,synthetic_track_0,0.3635122142109709,59.6393999225565
70.671366,579,2926.451662,synthetic_track_0,0.46122975324312154,75.67136573266316
54.843553,432,2927.055198,synthetic_track_0,0.3647565632876331,59.84355326135807
70.771366,548,2927.868858,synthetic_track_0,0.4618392701290416,75.77136573238212
69.838575,560,2928.813041,synthetic_track_0,0.45615375399077296,74.83857514796573
69.80412,549,2929.60953,synthetic_track_0,0.45594374426938505,74.80412003677046
71.071366,535,2930.495237,synthetic_track_0,0.46366782084288766,76.07136574074072
69.885162,537,2936.708726,synthetic_track_0,0.4564377098755271,74.88516218936122
52.248588,424,2937.337437,synthetic_track_0,0.34893981111535194,57.24858788907712
69.903669,544,2938.211936,synthetic_track_0,0.45655051188869644,74.90366897981413
63.912747,493,2938.954148,synthetic_track_0,0.4200348282867673,68.91274660459766
70.998833,568,2939.84936,synthetic_track_0,0.4632257236853722,75.99883335214156
51.542044,410,2940.501883,synthetic_track_0,0.3446333097410755,56.54204448369253
70.671366,559,2941.326484,synthetic_track_0,0.46122975324312154,75.67136573266316
53.80816,432,2941.997321,synthetic_track_0,0.35844566469035494,58.80815970207773
53.350321,424,2942.616674,synthetic_track_0,0.3556550597312012,58.3503208766449
50.221541,406,2943.209508,synthetic_track_0,0.3365846150428671,55.221540513824756
57.409667,452,2943.884257,synthetic_track_0,0.3803974605268653,62.409667106041155
70.471366,574,2944.771479,synthetic_track_0,0.46001071950692696,75.47136573907339
69.77704,552,2945.581166,synthetic_track_0,0.45577868661039583,74.777039957065
52.677464,424,2946.202624,synthetic_track_0,0.3515538828745329,57.677463907481204
70.203669,532,2947.054878,synthetic_track_0,0.45837906251081095,75.20366897312284
70.335839,563,2947.840366,synthetic_track_0,0.4591846641028765,75.33583948527945
71.071366,546,2954.025191,synthetic_track_0,0.46366782084288766,76.07136574074072
70.371366,546,2954.789222,synthetic_track_0,0.45940120250350863,75.37136572007715
49.777004,402,2955.373376,synthetic_track_0,0.3338750920072119,54.77700434253387
70.146284,558,2956.206731,synthetic_track_0,0.4580292907837191,75.14628389746889
49.797656,403,2956.785362,synthetic_track_0,0.3340009693273204,54.79765632489277
70.971366,554,2957.545056,synthetic_track_0,0.46305830388622454,75.97136572941534
69.903669,565,2958.392583,synthetic_track_0,0.45655051188869644,74.90366897981413
70.786916,567,2959.227705,synthetic_track_0,0.4619340528784673,75.78691620380447
50.280164,405,2959.806568,synthetic_track_0,0.33694193376671006,55.2801637826944
71.013038,578,2960.682502,synthetic_track_0,0.4633123024030592,76.01303783432141
69.735972,572,2961.52034,synthetic_track_0,0.45552837169891097,74.73597220052474
70.689891,583,2962.38745,synthetic_track_0,0.4613426689474974,75.68989117579147
70.203669,578,2963.22037,synthetic_track_0,0.45837906251081095,75.20366897312284
69.834215,548,2963.974186,synthetic_track_0,0.4561271764370784,74.83421471854469
50.68257,411,2964.585227,synthetic_track_0,0.33939467034676735,55.68257044768152
70.365988,557,2965.423657,synthetic_track_0,0.4593684257945537,75.36598823019624
70.242825,565,2971.563576,synthetic_track_0,0.4586177265515967,75.24282523698169
70.894847,559,2972.41288,synthetic_track_0,0.46259190840357856,75.89484685157798
53.737032,430,2973.019314,synthetic_track_0,0.3580121280624786,58.73703179132206
52.698906,425,2973.635423,synthetic_track_0,0.35168457512842294,57.6989058488846
70.358569,546,2974.469176,synthetic_track_0,0.4593232020077556,75.35856861841587
52.339364,425,2975.087553,synthetic_track_0,0.34949310513667065,57.33936372032068
68.75305,564,2975.905561,synthetic_track_0,0.4495372929800638,73.75304968592259
69.899743,537,2976.722421,synthetic_track_0,0.45652658475056257,74.89974338913414
69.650317,549,2977.507802,synthetic_track_0,0.4550062867640704,74.65031666817879
50.084811,405,2978.080575,synthetic_track_0,0.33575122569139654,55.08481102061795
50.737671,416,2978.759532,synthetic_track_0,0.33973051910382673,55.73767126012392
51.897584,419,2979.383576,synthetic_track_0,0.346800383610072,56.897584077913145
49.958382,408,2979.967752,synthetic_track_0,0.3349806186824298,54.95838187245123
52.609443,424,2980.616701,synthetic_track_0,0.35113928400160394,57.609443007430514
68.713668,550,2981.407076,synthetic_track_0,0.44929725733964493,73.71366839144345
67.500905,511,2982.135321,synthetic_track_0,0.44190526001807934,72.50090505845827
70.971366,541,2983.002526,synthetic_track_0,0.46305830388622454,75.97136572941534
69.803669,547,2989.247735,synthetic_track_0,0.4559409948852781,74.80366896081789
70.323289,556,2990.104385,synthetic_track_0,0.4591081652622731,75.32328875171397
70.503669,571,2990.914261,synthetic_track_0,0.46020761322465714,75.50366898148145
53.977406,433,2991.524173,synthetic_track_0,0.3594772493712048,58.97740598577889
70.871366,564,2992.404353,synthetic_track_0,0.4624487869353721,75.87136571904328
70.871366,563,2993.19935,synthetic_track_0,0.4624487869353721,75.87136571904328
70.589871,561,2994.068416,synthetic_track_0,0.4607330303190562,75.5898712024633
57.61434,459,2994.825632,synthetic_track_0,0.38164497802381986,62.61434026970019
68.577643,548,2995.650332,synthetic_track_0,0.44846816152100455,73.57764331396609
52.682508,428,2996.297493,synthetic_track_0,0.35158462978691424,57.68250838007995
54.625481,433,2996.985629,synthetic_track_0,0.36342737792615265,59.62548131151559
54.10816,429,2997.632543,synthetic_track_0,0.36027421539677135,59.10815970921738
69.887432,548,2998.53358,synthetic_track_0,0.45645154348375283,74.88743179148487
70.403669,567,2999.460243,synthetic_track_0,0.459598096267994,75.40366897015608
65.746574,505,3000.243358,synthetic_track_0,0.4312123160716908,70.74657401967224
68.672744,519,3001.13466,synthetic_track_0,0.44904781731898025,73.67274417330843
68.381297,526,3007.808998,synthetic_track_0,0.4472713982342425,73.38129710747958
70.089991,554,3008.76339,synthetic_track_0,0.4576861763012187,75.08999103840918
52.852798,423,3009.411889,synthetic_track_0,0.3526225742743801,57.852798081403336
57.658489,450,3010.228511,synthetic_track_0,0.3819140708547978,62.6584888136434
51.054264,412,3010.96517,synthetic_track_0,0.34166020501322414,56.05426394993291
61.229913,475,3011.761655,synthetic_track_0,0.4036825016931925,66.22991255596658
50.236589,409,3012.465605,synthetic_track_0,0.3366763400062767,55.236589311531716
69.803669,530,3013.509387,synthetic_track_0,0.4559409948852781,74.80366896081789
70.103306,541,3014.469631,synthetic_track_0,0.45776733522202445,75.10330632506529
70.203669,547,3015.376511,synthetic_track_0,0.45837906251081095,75.20366897312284
59.352772,456,3016.138522,synthetic_track_0,0.39224101506731424,64.35277233917785
67.627806,524,3016.963455,synthetic_track_0,0.44267874268595814,72.62780599977305
70.533646,574,3017.843539,synthetic_track_0,0.46039033118421674,75.53364648715306
50.066586,412,3018.472439,synthetic_track_0,0.335640138968359,55.066585648148134
50.334952,406,3019.142573,synthetic_track_0,0.33727587806606824,55.3349521414969
49.040807,400,3019.841405,synthetic_track_0,0.3293878441987127,54.0408068885265
69.927487,558,3020.73542,synthetic_track_0,0.4566956838905619,74.92748653184772
64.234234,488,3028.618434,synthetic_track_0,0.42199434996518775,69.23423428085057
50.97701,415,3029.308211,synthetic_track_0,0.3411893270971536,55.977009664510376
51.917847,420,3029.932982,synthetic_track_0,0.34692388774928107,56.91784670585914
70.963615,548,3030.769001,synthetic_track_0,0.46301105969509976,75.96361464128582
69.903669,547,3031.679115,synthetic_track_0,0.45655051188869644,74.90366897981413
70.103669,538,3032.56144,synthetic_track_0,0.457769545624891,75.1036689734039
70.513976,551,3033.567434,synthetic_track_0,0.46027043628981906,75.51397600765851
71.492215,541,3034.635025,synthetic_track_0,0.46623296700588807,76.4922148123656
70.003669,563,3035.638678,synthetic_track_0,0.45716002870722555,75.00366896847665
54.675856,433,3036.305518,synthetic_track_0,0.3637344230150019,59.675856468476645
69.207083,558,3037.166417,synthetic_track_0,0.4523047017340273,74.20708284072334
69.239895,537,3037.994949,synthetic_track_0,0.45250469658095305,74.23989486791793
30.827029,306,3038.486498,synthetic_track_0,0.21837179183827898,35.827028958344485
70.639841,543,3039.269848,synthetic_track_0,0.4610376051113682,75.63984107179617
71.031402,541,3040.107566,synthetic_track_0,0.4634242327751914,76.03140161954266
59.044651,458,3040.793542,synthetic_track_0,0.39036296144921634,64.044650668359
67.177178,508,3046.563459,synthetic_track_0,0.43993208748454404,72.17717776335446
50.305516,414,3047.161334,synthetic_track_0,0.33709646257549647,55.30551645329661
70.571366,551,3047.891635,synthetic_track_0,0.460620236325456,75.5713657277359
1.125936,112,3048.028834,synthetic_track_0,0.037338616513420346,6.125936339257238
62.271195,475,3048.73456,synthetic_track_0,0.41002929370002517,67.27119494462684
52.45031,422,3049.348598,synthetic_track_0,0.350169340587315,57.45030985887157
51.073314,408,3049.880743,synthetic_track_0,0.34177632038406947,56.07331434430282
58.410539,456,3050.422195,synthetic_track_0,0.38649794293328626,63.4105388669716
56.78473,446,3050.974391,synthetic_track_0,0.3765883628564736,61.784729922563955
70.347179,546,3051.697576,synthetic_track_0,0.45925377760621133,75.34717854818929
57.146644,449,3052.286924,synthetic_track_0,0.37879428729150944,62.146643510159905
49.52254,405,3052.810535,synthetic_track_0,0.3323240905037163,54.52254026861482
70.837424,568,3053.574446,synthetic_track_0,0.4622419083409151,75.83742431419388
70.859074,577,3054.309155,synthetic_track_0,0.4623738687815706,75.8590743198513
70.103669,551,3055.019249,synthetic_track_0,0.457769545624891,75.1036689734039
52.523331,422,3055.518422,synthetic_track_0,0.3506144173491216,57.523331094351185
1.255443,117,3055.66811,synthetic_track_0,0.03812797999425803,6.255442756036449
49.440692,403,3056.24338,synthetic_track_0,0.3318252141747093,54.440692441404586
69.603669,557,3056.935828,synthetic_track_0,0.45472196136162624,74.6036690020988
61.21947,482,3062.571523,synthetic_track_0,0.4036188547660388,66.21947036339652
70.371366,551,3063.294542,synthetic_track_0,0.4594012025035086,75.37136572007714
69.803669,567,3064.035874,synthetic_track_0,0.455940994885278,74.80366896081787
50.380141,411,3064.564384,synthetic_track_0,0.33755130970642283,55.38014065816363
58.220691,451,3065.174453,synthetic_track_0,0.3853407875820451,63.220690911202105
57.944468,452,3065.743281,synthetic_track_0,0.3836571609241312,62.94446777578545
70.871366,538,3066.454392,synthetic_track_0,0.4624487869353721,75.87136571904328
68.327555,527,3067.173177,synthetic_track_0,0.4469438339738185,73.32755548570171
50.134282,407,3067.722041,synthetic_track_0,0.33605276206915785,55.13428239440257
70.371366,543,3068.501601,synthetic_track_0,0.45940120250350863,75.37136572007715
70.21337,549,3069.466909,synthetic_track_0,0.45843819216509774,75.21337004219681
70.871366,572,3070.517015,synthetic_track_0,0.4624487869353721,75.87136571904328
69.703669,562,3071.447541,synthetic_track_0,0.4553314780008091,74.70366896133699
49.723567,403,3072.210604,synthetic_track_0,0.3335493853872524,54.723567493355766
62.491652,480,3073.016672,synthetic_track_0,0.4113730194755907,67.49165245824615
52.984307,427,3073.742631,synthetic_track_0,0.3534241454039802,57.98430733830234
70.987974,574,3080.184431,synthetic_track_0,0.46315953271491506,75.98797377272709
48.7293,401,3080.82362,synthetic_track_0,0.3274891554606151,53.72929972988633
48.162301,399,3081.495339,synthetic_track_0,0.32403320258872925,53.162301022876484
54.770835,432,3082.143495,synthetic_track_0,0.36431333526197035,59.770835337596516
58.21671,454,3082.833297,synthetic_track_0,0.38531652033966657,63.216709521535805
49.725948,405,3083.507071,synthetic_track_0,0.333563896097512,54.7259481837934
49.387092,403,3084.210431,synthetic_track_0,0.33149850841774753,54.38709166945051
70.739063,556,3085.191696,synthetic_track_0,0.46164237659808727,75.73906252061732
48.377944,399,3085.875356,synthetic_track_0,0.3253475805802927,53.37794361100356
69.497162,570,3086.833465,synthetic_track_0,0.454072781521794,74.4971617251055
70.371366,570,3087.753783,synthetic_track_0,0.4594012025035086,75.37136572007714
69.343766,534,3088.592038,synthetic_track_0,0.45313780648918595,74.34376564181748
69.592459,568,3089.481456,synthetic_track_0,0.45465363279832116,74.59245871987505
49.566586,400,3090.095563,synthetic_track_0,0.3325925544509274,54.56658563514332
69.603669,537,3090.911661,synthetic_track_0,0.45472196136162624,74.6036690020988
70.471366,572,3091.74553,synthetic_track_0,0.46001071950692685,75.47136573907338
33.013045,319,3092.265766,synthetic_track_0,0.23169592946720113,38.0130451129854
61.340274,476,3098.590605,synthetic_track_0,0.4043551760628299,66.34027444802993
49.73516,406,3099.255416,synthetic_track_0,0.3336200411171161,54.73515958067891
70.251655,570,3100.277629,synthetic_track_0,0.4586715450067182,75.25165492754702
70.074957,581,3101.284296,synthetic_track_0,0.45759454027416196,75.07495683198832
52.726531,424,3101.878405,synthetic_track_0,0.3518529547616506,57.726530946177895
70.851559,547,3102.679303,synthetic_track_0,0.4623280602114714,75.85155876597106
62.913677,481,3103.462967,synthetic_track_0,0.4139453291684789,67.91367680984
70.69568,546,3104.243258,synthetic_track_0,0.46137795029062484,75.69567958688282
69.211925,550,3105.018813,synthetic_track_0,0.4523342152645205,74.21192495930808
52.786136,429,3105.626153,synthetic_track_0,0.35221625997580236,57.78613638476756
70.614526,556,3106.490316,synthetic_track_0,0.46088330598235316,75.61452608345938
69.703669,543,3107.340603,synthetic_track_0,0.4553314780008091,74.70366896133699
70.741213,586,3108.183646,synthetic_track_0,0.4616554826242795,75.74121275245801
71.136038,585,3108.975392,synthetic_track_0,0.46406200638756995,76.1360375410928
70.003669,561,3109.79266,synthetic_track_0,0.4571600287072255,75.00366896847663
65.131746,506,3110.62761,synthetic_track_0,0.4274648370133904,70.1317462545461
70.671366,560,3117.390473,synthetic_track_0,0.46122975324312143,75.67136573266315
34.183387,324,3117.882591,synthetic_track_0,0.2388293595573535,39.18338677781674
70.271366,553,3118.710515,synthetic_track_0,0.45879168561903966,75.27136572059625
49.712924,400,3119.276496,synthetic_track_0,0.33348451415551855,54.71292443603446
50.500156,411,3119.893343,synthetic_track_0,0.3382828247461596,55.50015620729428
63.330723,478,3120.617675,synthetic_track_0,0.4164872991517899,68.33072349630383
34.189048,325,3121.083341,synthetic_track_0,0.23886386368615664,39.189047675734955
70.518799,550,3121.895363,synthetic_track_0,0.4602998336720487,75.51879907045236
60.828484,480,3122.583345,synthetic_track_0,0.40123572785100103,65.82848416377007
60.558122,472,3123.227645,synthetic_track_0,0.3995878276378474,65.5581224647607
71.299527,549,3124.005698,synthetic_track_0,0.4650585002435707,76.29952667096262
57.932579,453,3124.727564,synthetic_track_0,0.3835846991616577,62.932579382872355
68.753289,571,3125.665787,synthetic_track_0,0.449538749445252,73.75328863995615
66.786799,517,3126.493561,synthetic_track_0,0.4375526650642327,71.7867993392961
57.818214,447,3127.105445,synthetic_track_0,0.3828876221613981,62.81821388875674
61.758714,479,3127.771483,synthetic_track_0,0.4069056344278174,66.75871377542772
60.566985,479,3128.555573,synthetic_track_0,0.3996418489056178,65.56698542965412
70.671366,547,3134.546902,synthetic_track_0,0.46122975324312154,75.67136573266316
57.41434,451,3135.215433,synthetic_track_0,0.38042594428762533,62.41434027611043
69.90899,554,3135.997462,synthetic_track_0,0.4565829445467382,74.90899002320108
71.139062,579,3136.81058,synthetic_track_0,0.4640804439436865,76.13906248699516
69.603669,564,3137.636754,synthetic_track_0,0.45472196136162624,74.6036690020988
51.342289,417,3138.226547,synthetic_track_0,0.3434157676129163,56.34228920982517
70.983708,595,3139.070635,synthetic_track_0,0.46313353229808524,75.98370803089821
50.106049,406,3139.66709,synthetic_track_0,0.3358806726940576,55.10604866067149
60.905802,469,3140.331568,synthetic_track_0,0.40170699213802974,65.90580183889779
49.877559,405,3140.869169,synthetic_track_0,0.334487990469432,54.87755913841496
57.146644,458,3141.491578,synthetic_track_0,0.37879428729150944,62.1466435101599
70.739063,539,3142.240594,synthetic_track_0,0.46164237659808727,75.73906252061732
70.456979,567,3143.037769,synthetic_track_0,0.45992303094728504,75.45697917138001
62.658151,491,3143.724458,synthetic_track_0,0.412387857419557,67.65815119922564
70.740597,556,3144.504317,synthetic_track_0,0.461651731097842,75.7405972606622
69.943565,568,3145.303499,synthetic_track_0,0.45679368571763057,74.94356513919348
66.645073,507,3151.168673,synthetic_track_0,0.43668882198556674,71.64507347473136
70.671366,588,3151.975678,synthetic_track_0,0.46122975324312143,75.67136573266315
58.447907,467,3152.600516,synthetic_track_0,0.38672571072007184,63.447907443857154
62.214315,484,3153.394365,synthetic_track_0,0.4096826011371493,67.21431505008903
68.469448,534,3154.143568,synthetic_track_0,0.4478086947093715,73.46944831149553
42.437355,365,3154.66914,synthetic_track_0,0.28913868716173546,47.43735457184333
65.553977,502,3155.420672,synthetic_track_0,0.43003840203123117,70.55397656022885
63.822317,510,3156.155685,synthetic_track_0,0.4194836473989634,68.82231746325846
32.220059,316,3156.653399,synthetic_track_0,0.22686254494651664,37.22005895972977
61.530706,483,3157.431586,synthetic_track_0,0.40551588699132946,66.53070574731797
50.133327,408,3158.034495,synthetic_track_0,0.3360469381361212,55.13332689453787
58.834792,464,3158.751368,synthetic_track_0,0.38908383617289183,63.834791794506984
49.688412,402,3159.406722,synthetic_track_0,0.33333510466323085,54.68841166283339
49.366586,399,3159.990553,synthetic_track_0,0.33137352062898,54.36658562748457
49.016081,396,3160.543362,synthetic_track_0,0.32923713335429333,54.01608060981671
60.435318,470,3161.225592,synthetic_track_0,0.39883931639586373,65.43531844453241
50.99188,411,3162.024094,synthetic_track_0,0.3412799618828853,55.99187960291088
62.092547,490,3162.70665,synthetic_track_0,0.40894040470630305,67.09254706532842
69.603669,535,3169.251397,synthetic_track_0,0.45472196136162624,74.6036690020988
51.27003,419,3169.935292,synthetic_track_0,0.34297533435050076,56.27002980711593
70.871366,550,3170.763629,synthetic_track_0,0.4624487869353721,75.87136571904328
48.998918,405,3171.505461,synthetic_track_0,0.3291325238263482,53.998917914234745
62.956812,502,3172.242648,synthetic_track_0,0.4142082426378985,67.95681154076445
71.071366,599,3173.076828,synthetic_track_0,0.46366782084288766,76.07136574074072
71.439062,566,3174.005454,synthetic_track_0,0.46590899455360263,76.43906247830255
57.617944,458,3174.678828,synthetic_track_0,0.3816669414000924,62.61794367704102
63.788182,501,3175.389593,synthetic_track_0,0.41927558857914804,68.78818242548726
71.539062,592,3176.281586,synthetic_track_0,0.46651851150445506,76.5390624886746
71.066463,536,3177.055278,synthetic_track_0,0.4636379388381659,76.06646316866633
63.629398,502,3177.765915,synthetic_track_0,0.41830777141938225,68.62939811952255
61.1293,471,3178.530411,synthetic_track_0,0.40306924826787366,66.12929952329077
70.883497,588,3179.382317,synthetic_track_0,0.4625227318930439,75.88349745143202
70.516105,560,3180.195285,synthetic_track_0,0.46028341428991393,75.51610523497907
54.756007,436,3180.867603,synthetic_track_0,0.3642229552670458,59.756007201287524
70.503669,603,3187.06904,synthetic_track_0,0.46020761322465714,75.50366898148145
49.866283,404,3187.647782,synthetic_track_0,0.33441925819299767,54.86628262125376
65.710765,518,3188.407331,synthetic_track_0,0.43099405624047454,70.71076535946204
71.079039,584,3189.53222,synthetic_track_0,0.46371459155686384,76.0790391481434
70.171366,596,3190.414391,synthetic_track_0,0.45818216897985675,75.17136576135806
64.13364,499,3191.107617,synthetic_track_0,0.4213812089663693,69.13363969335694
62.055147,491,3191.891598,synthetic_track_0,0.40871244238511834,67.05514657228056
70.271366,563,3192.698992,synthetic_track_0,0.45879168561903966,75.27136572059625
43.520228,372,3193.488196,synthetic_track_0,0.2957389858631401,48.520228374903354
49.270637,405,3194.116957,synthetic_track_0,0.3307886953765677,54.27063664489224
64.624096,495,3194.842601,synthetic_track_0,0.42437062014204796,69.62409553409462
70.759745,548,3195.60908,synthetic_track_0,0.4617684372701933,75.75974458450493
70.971366,545,3196.433426,synthetic_track_0,0.46305830388622465,75.97136572941535
62.494126,478,3197.159427,synthetic_track_0,0.41138809557963035,67.49412590965423
64.836199,515,3197.918772,synthetic_track_0,0.42566342504914845,69.83619874785806
70.771366,546,3198.812443,synthetic_track_0,0.4618392701290416,75.77136573238212
49.816237,403,3199.407418,synthetic_track_0,0.3341142195491861,54.81623665042001
63.200556,490,3205.679305,synthetic_track_0,0.4156939086493941,68.2005563887973
62.369658,484,3206.35777,synthetic_track_0,0.4106294430717371,67.36965806909294
70.480825,565,3207.366838,synthetic_track_0,0.46006837323098465,75.48082466059427
49.692115,408,3208.045779,synthetic_track_0,0.3333576749096494,54.69211463593824
70.366704,543,3208.852263,synthetic_track_0,0.459372789222611,75.36670411324161
61.137658,472,3209.514563,synthetic_track_0,0.40312019363352697,66.13765784226223
70.871366,600,3210.412624,synthetic_track_0,0.4624487869353721,75.87136571904328
70.293404,549,3211.22472,synthetic_track_0,0.4589260101123915,75.29340358305376
70.103669,559,3212.091659,synthetic_track_0,0.457769545624891,75.1036689734039
51.344371,415,3212.683659,synthetic_track_0,0.34342845706440045,56.34437109660166
71.439062,551,3213.463644,synthetic_track_0,0.4659089945536025,76.43906247830253
50.773432,415,3214.066602,synthetic_track_0,0.33994848565750846,55.77343180394218
51.743327,421,3214.742478,synthetic_track_0,0.345860157924005,56.743326549509256
62.642375,489,3215.502673,synthetic_track_0,0.41229170026158174,67.6423752363399
63.946438,499,3216.232205,synthetic_track_0,0.4202401854930361,68.94643840386286
70.707053,543,3217.113687,synthetic_track_0,0.46144727092423865,75.70705263248998
70.971366,553,3223.458081,synthetic_track_0,0.46305830388622454,75.97136572941534
63.508453,505,3224.20384,synthetic_track_0,0.417570590666632,68.50845302879455
70.742835,538,3225.037364,synthetic_track_0,0.4616653710379338,75.74283508874679
70.661412,525,3225.866756,synthetic_track_0,0.46116908511683274,75.66141225515996
71.554437,622,3226.782652,synthetic_track_0,0.4666122199079224,76.55443669821148
70.739063,545,3227.539278,synthetic_track_0,0.46164237659808727,75.73906252061732
70.971366,559,3228.397094,synthetic_track_0,0.46305830388622465,75.97136572941535
57.706609,458,3229.049982,synthetic_track_0,0.3822073694997691,62.70660866904401
49.46439,402,3229.696496,synthetic_track_0,0.33196965345523394,54.46438977997802
71.339062,547,3230.582433,synthetic_track_0,0.4652994777472721,76.33906249164139
59.775108,469,3231.261387,synthetic_track_0,0.39481522489141246,64.77510843458857
71.123235,535,3232.049104,synthetic_track_0,0.46398397349924414,76.12323512496471
71.339062,566,3232.944672,synthetic_track_0,0.46529947774727204,76.33906249164137
70.837617,560,3233.769337,synthetic_track_0,0.462243084369415,75.83761725856077
70.547672,587,3234.611728,synthetic_track_0,0.4604758189567443,75.5476719841101
71.362307,570,3241.012481,synthetic_track_0,0.465441156451781,76.36230691806887
60.74194,478,3241.793188,synthetic_track_0,0.40070822364776687,65.74193952260636
62.935318,495,3242.572697,synthetic_track_0,0.4140772388158595,67.93531848213112
63.341027,488,3243.260695,synthetic_track_0,0.4165501007106471,68.3410269940627
70.653936,611,3244.201515,synthetic_track_0,0.46112351393315515,75.6539356479318
48.522817,401,3244.767783,synthetic_track_0,0.3262306087394012,53.52281706357312
67.966984,512,3245.500753,synthetic_track_0,0.44474609031359663,72.9669840717157
70.636904,610,3246.412406,synthetic_track_0,0.46101970416682087,75.63690416472919
64.468559,504,3247.130738,synthetic_track_0,0.4234225967451152,69.46855867922349
71.010403,545,3247.899277,synthetic_track_0,0.4632962413685604,76.0104027909248
61.269261,469,3248.627581,synthetic_track_0,0.4039223379008125,66.2692611306306
70.739063,583,3249.497523,synthetic_track_0,0.46164237659808727,75.73906252061732
65.276882,512,3250.223556,synthetic_track_0,0.42834946167502713,70.27688163628623
69.535972,545,3251.287101,synthetic_track_0,0.4543093380066604,74.53597221414462
49.343443,399,3252.043667,synthetic_track_0,0.3312324598306057,54.34344257743355
70.784643,562,3252.80449,synthetic_track_0,0.4619201984948956,75.78464319318691
66.684737,521,3258.956847,synthetic_track_0,0.4369305798436167,71.68473732374936
62.936324,484,3259.691694,synthetic_track_0,0.41408336595042483,67.93632372656153
60.28313,475,3260.8191,synthetic_track_0,0.3979116994608869,65.28312956284627
71.639062,538,3261.821772,synthetic_track_0,0.46712802846111817,76.63906249999998
69.703669,559,3262.705716,synthetic_track_0,0.4553314780008091,74.70366896133699
33.658286,321,3263.133018,synthetic_track_0,0.2356287816241671,38.65828599748964
70.158072,537,3263.871388,synthetic_track_0,0.4581011383453205,75.15807152190706
56.546644,449,3264.493478,synthetic_track_0,0.3751371861423246,61.54664353913584
71.539062,539,3265.3146,synthetic_track_0,0.46651851150445506,76.5390624886746
65.298848,510,3266.052441,synthetic_track_0,0.42848334811808964,70.29884763030199
70.162071,567,3266.909474,synthetic_track_0,0.45812551796317397,75.16207134838407
71.168085,577,3267.754429,synthetic_track_0,0.46425734158934107,76.16808508657259
67.458179,526,3268.535188,synthetic_track_0,0.4416448376082871,72.45817902164517
69.868464,550,3269.381474,synthetic_track_0,0.45633592932434064,74.86846362804954
70.739063,616,3270.312314,synthetic_track_0,0.46164237659808727,75.73906252061732
71.606879,569,3271.064409,synthetic_track_0,0.4669318643449679,76.60687895921048
63.950016,502,3277.552566,synthetic_track_0,0.4202619901290424,68.950015767583
70.212574,550,3278.383537,synthetic_track_0,0.45843334013781634,75.2125739974309
59.766325,462,3279.040607,synthetic_track_0,0.39476168568313036,64.7663245584781
58.867502,457,3279.713625,synthetic_track_0,0.3892832126191631,63.86750236419202
58.62469,455,3280.350715,synthetic_track_0,0.38780322921022015,63.62468982872802
67.80185,542,3281.145385,synthetic_track_0,0.443739568856891,72.8018497699223
70.203669,561,3281.941567,synthetic_track_0,0.45837906251081106,75.20366897312286
70.792721,571,3282.735883,synthetic_track_0,0.46196943571233373,75.79272126590928
57.163768,456,3283.434907,synthetic_track_0,0.3788986641516378,62.163768033244686
71.034657,569,3284.289107,synthetic_track_0,0.4634440766166036,76.03465728674645
71.416228,563,3285.079699,synthetic_track_0,0.46576981621299485,76.41622827248615
70.671366,543,3285.884495,synthetic_track_0,0.46122975324312154,75.67136573266316
70.471366,546,3286.688434,synthetic_track_0,0.46001071950692696,75.47136573907339
71.993129,641,3287.691616,synthetic_track_0,0.46928612343830867,76.99312897805463
70.662919,590,3288.534129,synthetic_track_0,0.4611782690938884,75.6629190185068
50.124764,412,3289.109413,synthetic_track_0,0.3359947487168838,55.124764470707404
71.070381,541,3295.336752,synthetic_track_0,0.4636618197969836,76.07038118296623
68.700579,567,3296.180468,synthetic_track_0,0.44921747341330254,73.7005786923783
70.966543,573,3297.054743,synthetic_track_0,0.4630289105041285,75.96654332290086
69.035975,550,3297.863634,synthetic_track_0,0.45126177121372885,74.03597510909862
68.468275,522,3298.731544,synthetic_track_0,0.44780154612516526,73.46827548358029
57.836483,459,3299.461739,synthetic_track_0,0.3829989759228754,62.83648307271811
49.596594,407,3300.034084,synthetic_track_0,0.33277545975566136,54.59659387748165
70.577069,556,3300.813617,synthetic_track_0,0.46065499874439025,75.57706900185997
64.431824,500,3301.548796,synthetic_track_0,0.42319868987463827,69.4318235411133
70.665738,535,3302.308792,synthetic_track_0,0.46119544936955675,75.6657376894931
70.290385,544,3303.086923,synthetic_track_0,0.45890761254672674,75.29038519815943
70.791733,557,3303.911586,synthetic_track_0,0.46196341452867046,75.79173340424614
70.946634,585,3304.76245,synthetic_track_0,0.46290755990363236,75.94663401391233
32.928516,317,3305.201747,synthetic_track_0,0.23118070730218163,37.928515516599596
62.922532,484,3305.933096,synthetic_track_0,0.41399930070124447,67.92253161499153
70.171366,578,3312.306711,synthetic_track_0,0.45818216897985675,75.17136576135806
58.648548,456,3312.983665,synthetic_track_0,0.3879486470591153,63.64854771549796
70.871366,524,3313.732604,synthetic_track_0,0.4624487869353721,75.87136571904328
70.900032,586,3314.652512,synthetic_track_0,0.4626235139462965,75.90003219481608
70.371366,587,3315.593434,synthetic_track_0,0.45940120250350863,75.37136572007715
50.293383,410,3316.21366,synthetic_track_0,0.33702250712304155,55.29338299908796
65.5872,516,3316.986915,synthetic_track_0,0.4302409064754243,70.58720032290087
70.371366,549,3317.796734,synthetic_track_0,0.4594012025035086,75.37136572007714
67.11883,536,3318.569119,synthetic_track_0,0.4395764499589929,72.11883031921191
70.205556,543,3319.375357,synthetic_track_0,0.45839056190650723,75.20555561415439
69.603669,541,3320.215689,synthetic_track_0,0.45472196136162624,74.6036690020988
50.047948,408,3320.811657,synthetic_track_0,0.33552653967419727,55.04794805229696
71.440351,599,3321.689122,synthetic_track_0,0.4659168484256077,76.44035101881134
71.039062,554,3322.53161,synthetic_track_0,0.4634709271251575,76.03906249833265
71.163137,547,3323.284655,synthetic_track_0,0.46422717977793915,76.16313660819341
71.250917,552,3324.127163,synthetic_track_0,0.4647622138208438,76.2509166277073
49.960607,410,3330.152454,synthetic_track_0,0.3349941831328744,54.96060731537493
58.421268,456,3330.93371,synthetic_track_0,0.38656333792445013,63.421267854550244
57.777518,454,3331.638266,synthetic_track_0,0.3826395741231268,62.777518045326616
50.413408,413,3332.239388,synthetic_track_0,0.3377540819096333,55.41340835054832
71.128503,548,3333.091434,synthetic_track_0,0.46401608156391577,76.1285029141471
50.237024,409,3333.669492,synthetic_track_0,0.336678991413196,55.23702431291939
49.337327,402,3334.239771,synthetic_track_0,0.33119518385230495,54.337326917792765
71.886834,595,3335.108093,synthetic_track_0,0.46863823776929203,76.886834028372
50.09468,411,3335.764339,synthetic_track_0,0.3358113814713756,55.09468044035014
69.603669,560,3336.559459,synthetic_track_0,0.45472196136162624,74.6036690020988
50.87668,415,3337.129011,synthetic_track_0,0.34057779810006616,55.876679549054145
71.132045,584,3338.013054,synthetic_track_0,0.4640376727430377,76.13204525719945
70.203669,561,3338.792786,synthetic_track_0,0.45837906251081106,75.20366897312286
70.979316,559,3339.636848,synthetic_track_0,0.4631067611905021,75.9793158461817
49.366586,403,3340.228407,synthetic_track_0,0.33137352062897996,54.36658562748456
71.071366,571,3341.024629,synthetic_track_0,0.46366782084288766,76.07136574074072
70.890223,530,3341.809573,synthetic_track_0,0.46256372357604747,75.89022272579854
50.624939,412,3347.765815,synthetic_track_0,0.3390433941830688,55.624938547593786
65.082649,516,3348.587596,synthetic_track_0,0.427165581668656,70.08264911699237
71.569805,646,3349.550659,synthetic_track_0,0.4667058922067429,76.56980498426246
70.371366,561,3350.320519,synthetic_track_0,0.45940120250350863,75.37136572007715
68.128183,551,3351.136702,synthetic_track_0,0.4457286250790696,73.12818301228788
57.840468,456,3351.778078,synthetic_track_0,0.3830232645656905,62.8404679734334
58.912259,467,3352.496605,synthetic_track_0,0.38955601352461783,63.912259271012786
56.946949,461,3353.150697,synthetic_track_0,0.377577116298246,61.94694912630284
49.152533,400,3353.77838,synthetic_track_0,0.33006883501759315,54.15253321353859
50.750206,409,3354.404802,synthetic_track_0,0.33980691778424144,55.75020556097182
33.032431,318,3354.875395,synthetic_track_0,0.23181408724631153,38.03243059376663
68.700579,538,3355.748875,synthetic_track_0,0.44921747341330254,73.7005786923783
70.653141,633,3356.732498,synthetic_track_0,0.4611186727071293,75.653141375267
72.206759,638,3357.675789,synthetic_track_0,0.4705882360793487,77.20675925925924
58.881102,472,3358.450714,synthetic_track_0,0.38936610183776676,63.881101531054405
54.342993,432,3359.087304,synthetic_track_0,0.3617055665889951,59.342993431016666
62.523611,494,3365.445358,synthetic_track_0,0.4115678128516998,67.52361110944375
59.681741,470,3366.136526,synthetic_track_0,0.39424613240881906,64.6817406388572
64.758655,507,3366.832194,synthetic_track_0,0.42519078565407126,69.7586554665041
50.901979,414,3367.505801,synthetic_track_0,0.3407320034909739,55.90197915830805
57.11434,447,3368.130632,synthetic_track_0,0.3785973937605551,62.1143402983951
50.123153,406,3368.75652,synthetic_track_0,0.3359849281148082,55.1231532598821
64.144338,500,3369.527414,synthetic_track_0,0.42144641538378563,69.14433774270378
60.693348,464,3370.189428,synthetic_track_0,0.400412047319575,65.69334754194082
50.88667,415,3370.769394,synthetic_track_0,0.3406386929348739,55.88667022134614
66.770852,525,3371.538696,synthetic_track_0,0.4374554619357818,71.7708517699304
71.506759,542,3372.384452,synthetic_track_0,0.4663216177399697,76.50675923859568
57.91434,458,3373.020656,synthetic_track_0,0.3834735286669229,62.91434026645238
71.028241,552,3373.807685,synthetic_track_0,0.4634049684325123,76.02824102742947
70.971366,546,3374.664517,synthetic_track_0,0.46305830388622454,75.97136572941534
71.070733,546,3375.458728,synthetic_track_0,0.46366396528766135,76.07073318152791
70.739063,547,3376.227773,synthetic_track_0,0.46164237659808727,75.73906252061732
69.781283,579,3377.077733,synthetic_track_0,0.4558045470208856,74.78128272884285
65.633325,509,3383.363515,synthetic_track_0,0.4305220454939922,70.63332521693944
51.029307,417,3383.999217,synthetic_track_0,0.34150808825318535,56.029307010572374
51.329152,419,3384.64015,synthetic_track_0,0.3433356935345227,56.32915190714852
71.439062,540,3385.460698,synthetic_track_0,0.46590899455360263,76.43906247830255
70.341136,577,3386.329732,synthetic_track_0,0.4592169470239441,75.3411359621651
64.558738,497,3387.039241,synthetic_track_0,0.42397225286261225,69.55873766009334
57.545583,451,3387.678936,synthetic_track_0,0.3812258886319908,62.54558263552593
60.016508,460,3388.405429,synthetic_track_0,0.396286596334586,65.01650805337313
70.059172,560,3389.264691,synthetic_track_0,0.45749832828416126,75.05917187312124
57.958478,458,3389.934356,synthetic_track_0,0.3837425572355005,62.9584782672258
49.934282,403,3390.605705,synthetic_track_0,0.3348337282472104,54.93428238674382
36.59269,336,3391.140699,synthetic_track_0,0.25351447050682213,41.59269015356021
63.286236,495,3391.929683,synthetic_track_0,0.41621614049614813,68.28623602415277
70.285976,528,3392.796481,synthetic_track_0,0.4588807386273976,75.28597614569928
51.085541,418,3393.463502,synthetic_track_0,0.34185084511901387,56.085541197480566
70.455258,543,3394.263744,synthetic_track_0,0.4599125423323704,75.4552583634537
69.068275,565,3395.172484,synthetic_track_0,0.45145864727435,74.06827545460433
70.83143,549,3401.376747,synthetic_track_0,0.46220537236766507,75.83143006301047
70.739063,550,3402.234233,synthetic_track_0,0.46164237659808727,75.73906252061732
71.339062,572,3403.042856,synthetic_track_0,0.46529947774727204,76.33906249164137
70.711618,531,3403.768564,synthetic_track_0,0.4614750955891954,75.71161766842603
71.220105,545,3404.602817,synthetic_track_0,0.46457441404942196,76.22010537780885
71.311746,534,3405.333348,synthetic_track_0,0.4651329817591272,76.311746433379
70.571366,550,3406.164765,synthetic_track_0,0.460620236325456,75.5713657277359
70.57681,562,3407.179731,synthetic_track_0,0.4606534218587005,75.57681029111352
70.243594,531,3407.935323,synthetic_track_0,0.45862241233987266,75.24359400785104
49.852653,404,3408.52276,synthetic_track_0,0.33433618243197055,54.852652849427464
67.709579,531,3409.364856,synthetic_track_0,0.4431771640022584,72.70957917561331
70.917321,548,3410.188804,synthetic_track_0,0.4627288937109393,75.91732125879132
62.886233,483,3410.897525,synthetic_track_0,0.41377805432240516,67.88623296874754
35.89251,333,3411.421867,synthetic_track_0,0.24924675577264754,40.89251025358274
71.832629,614,3412.288724,synthetic_track_0,0.4683078519019243,76.83262948144784
57.446644,453,3412.914681,synthetic_track_0,0.3806228380053555,62.4466435185185
50.959825,412,3419.005465,synthetic_track_0,0.34108458635120187,55.95982544072972
64.397382,505,3419.749449,synthetic_track_0,0.4229887635024963,69.39738210455899
71.239062,545,3420.621389,synthetic_track_0,0.46468996086135206,76.23906249192243
58.182037,453,3421.290841,synthetic_track_0,0.3851051856420504,63.182037028959456
71.139062,589,3422.157348,synthetic_track_0,0.4640804439436865,76.13906248699516
71.099705,553,3422.993785,synthetic_track_0,0.4638405555962316,76.09970535804234
65.057805,497,3423.705498,synthetic_track_0,0.427014153112434,70.05780508735276
70.271366,564,3424.544757,synthetic_track_0,0.45879168561903966,75.27136572059625
58.593428,453,3425.258401,synthetic_track_0,0.3876126836235239,63.59342808839525
70.557317,535,3426.033191,synthetic_track_0,0.46053460752625347,75.55731709332724
70.337294,539,3426.846511,synthetic_track_0,0.4591935276431794,75.33729367637451
60.139707,461,3427.637704,synthetic_track_0,0.3970375171569045,65.1397073998645
50.495347,411,3428.283734,synthetic_track_0,0.3382535134516965,55.495347268435026
71.324713,553,3429.125367,synthetic_track_0,0.46521201375242827,76.32471276702859
68.221764,514,3429.907593,synthetic_track_0,0.4462990200385616,73.22176449806214
57.21434,454,3430.530669,synthetic_track_0,0.37920691039973803,62.21434025763329
68.109317,522,3436.732578,synthetic_track_0,0.4456136316592611,73.10931669010031
51.049074,413,3437.320695,synthetic_track_0,0.34162857388526136,56.04907440906791
67.083266,506,3438.051837,synthetic_track_0,0.43935967677504195,72.08326556483853
52.910688,433,3438.774403,synthetic_track_0,0.35297542308222146,57.91068799635083
64.952012,501,3439.513697,synthetic_track_0,0.42636932343681827,69.95201151728125
70.538597,534,3440.281185,synthetic_track_0,0.4604205070199262,75.53859726642132
69.879101,523,3441.106721,synthetic_track_0,0.4564007681519766,74.87910136901317
68.406736,550,3441.905793,synthetic_track_0,0.4474264538571011,73.40673620949704
65.354866,508,3442.629772,synthetic_track_0,0.42882479050126876,70.35486615745144
62.540687,483,3443.348796,synthetic_track_0,0.4116718928312217,67.5406869250009
63.879956,493,3444.049804,synthetic_track_0,0.4198349610374536,68.87995551162403
58.228705,450,3444.678936,synthetic_track_0,0.3853896321859578,63.228704570036456
50.043022,403,3445.32363,synthetic_track_0,0.3354965147321171,55.04302202929589
70.06697,528,3446.113864,synthetic_track_0,0.45754586001372055,75.06697013606092
69.735972,541,3446.88853,synthetic_track_0,0.455528371698911,74.73597220052476
65.119775,501,3447.612592,synthetic_track_0,0.42739186760990416,70.11977457583355
58.321204,452,3448.269375,synthetic_track_0,0.3859534330356469,63.32120419738535
57.347617,456,3454.243872,synthetic_track_0,0.38001925585398105,62.34761719724323
71.256771,539,3455.043528,synthetic_track_0,0.46479789767263113,76.2567710761256
71.165917,538,3455.799223,synthetic_track_0,0.4642441288062166,76.1659173397238
70.813253,557,3456.591851,synthetic_track_0,0.46209457721873326,75.81325252746062
31.923385,312,3457.077387,synthetic_track_0,0.22505426653183205,36.92338491322273
64.9608,508,3457.797432,synthetic_track_0,0.4264228911791768,69.9608000748168
49.921637,403,3458.359029,synthetic_track_0,0.33475665420921996,54.921637283785344
50.054412,404,3458.939359,synthetic_track_0,0.335565935911181,55.054411570828286
58.033044,454,3459.632611,synthetic_track_0,0.38419704656290826,63.03304376928641
64.954024,498,3460.397346,synthetic_track_0,0.4263815928854369,69.95402449655509
71.221426,551,3461.161442,synthetic_track_0,0.4645824640222363,76.22142609147203
57.467983,453,3461.836744,synthetic_track_0,0.3807529073831204,62.467983268147094
67.265174,514,3462.546537,synthetic_track_0,0.44046843966989435,72.26517404306924
69.632675,557,3463.344709,synthetic_track_0,0.454898757234631,74.63267490441126
69.268275,519,3464.113625,synthetic_track_0,0.45267768103153305,74.26827545163756
49.541903,400,3464.671838,synthetic_track_0,0.33244210817024505,54.54190276191456
58.241869,454,3465.30857,synthetic_track_0,0.3854698694551823,63.24186864651285
62.569256,485,3471.347735,synthetic_track_0,0.41184602586797736,67.56925595077998
68.13356,530,3472.093872,synthetic_track_0,0.4457613985996957,73.13355997907766
57.668835,458,3472.755519,synthetic_track_0,0.381977131937118,62.668834889953956
62.716617,482,3473.490758,synthetic_track_0,0.4127442137222516,67.71661656908249
62.139334,474,3474.14651,synthetic_track_0,0.40922558007445947,67.13933418049169
68.052922,505,3474.874722,synthetic_track_0,0.4452698941199697,73.05292160962497
57.11434,451,3475.578946,synthetic_track_0,0.3785973937605551,62.1143402983951
61.272865,472,3476.275709,synthetic_track_0,0.4039443021409397,66.27286467969918
50.39853,409,3476.876449,synthetic_track_0,0.3376633983502062,55.39853041012254
64.573262,496,3477.671897,synthetic_track_0,0.4240607835997907,69.57326239910792
65.799221,508,3478.42265,synthetic_track_0,0.43153320966509534,70.79922122271377
57.858184,451,3479.082856,synthetic_track_0,0.3831312449559254,62.858183707390204
49.350082,400,3479.685115,synthetic_track_0,0.3312729267613693,54.350081758658014
61.478462,470,3480.325511,synthetic_track_0,0.4051974498540981,66.47846156119411
71.939027,549,3481.17153,synthetic_track_0,0.46895636464973633,76.93902731241367
61.441588,476,3482.093678,synthetic_track_0,0.40497269688306736,66.44158760813539
62.298764,471,3482.943773,synthetic_track_0,0.4101973333720109,67.29876426639548
59.594165,458,3489.382546,synthetic_track_0,0.39371234301657765,64.59416482216173
62.709967,477,3490.092426,synthetic_track_0,0.41270368621490433,67.70996744939941
49.63892,401,3490.664897,synthetic_track_0,0.3330334446911814,54.6389200116306
51.494774,418,3491.290412,synthetic_track_0,0.344345187549407,56.49477389980644
42.008876,367,3491.953681,synthetic_track_0,0.28652703501293897,47.008875525276046
70.50742,538,3492.714848,synthetic_track_0,0.46023047723017974,75.50742014998663
34.133807,323,3493.193692,synthetic_track_0,0.23852716296597345,39.13380708650522
67.068774,501,3493.950193,synthetic_track_0,0.4392713497412722,72.06877424629397
59.017431,452,3494.562846,synthetic_track_0,0.3901970501388985,64.01743053489196
61.669646,473,3495.191755,synthetic_track_0,0.40636274963097657,66.66964572696904
69.368275,530,3495.866995,synthetic_track_0,0.45328719798819617,74.36827546296294
68.708963,527,3496.598144,synthetic_track_0,0.44926857636321677,73.70896286531118
48.933512,394,3497.123885,synthetic_track_0,0.328733866571956,53.933512465676905
50.069458,402,3497.692846,synthetic_track_0,0.335657644265804,55.06945764362524
58.182037,448,3498.380635,synthetic_track_0,0.3851051856420504,63.18203702895945
70.671366,554,3499.182537,synthetic_track_0,0.46122975324312154,75.67136573266316
71.08161,546,3499.875453,synthetic_track_0,0.46373026229486,76.08161015779285
50.435695,412,3500.408456,synthetic_track_0,0.3378899239494772,55.4356951883046
70.671366,532,3505.997741,synthetic_track_0,0.46122975324312154,75.67136573266316
71.876525,557,3506.726868,synthetic_track_0,0.46857540080113175,76.87652472120837
70.6884,536,3507.456713,synthetic_track_0,0.46133357802317454,75.68839967908197
58.01434,454,3508.0894,synthetic_track_0,0.38408304562358603,63.014340277777755
69.621103,516,3508.805856,synthetic_track_0,0.4548282261801891,74.6211032718818
57.748424,450,3509.392558,synthetic_track_0,0.3824622422520751,62.748424204835935
49.944246,402,3510.025009,synthetic_track_0,0.33489446029742553,54.94424635188528
51.102163,413,3510.584871,synthetic_track_0,0.34195215619798147,56.10216273513164
58.182037,453,3511.192917,synthetic_track_0,0.3851051856420504,63.18203702895945
70.103669,526,3511.943789,synthetic_track_0,0.457769545624891,75.1036689734039
51.157232,408,3512.529399,synthetic_track_0,0.34228781170921524,56.15723184282073
70.939062,545,3513.220716,synthetic_track_0,0.4628614101217391,75.9390624793364
56.966107,446,3513.781894,synthetic_track_0,0.3776938892117292,61.96610739998689
70.076756,535,3514.61791,synthetic_track_0,0.4576055087172011,75.07675636261031
49.952174,404,3515.172844,synthetic_track_0,0.33494278297313695,54.95217438090169
51.19012,418,3515.695846,synthetic_track_0,0.34248826817767447,56.190119605658225
57.428935,447,3516.257422,synthetic_track_0,0.38051489933488086,62.42893462928758
58.506785,452,3521.750442,synthetic_track_0,0.3870845764544174,63.50678452201969
70.390082,525,3522.394745,synthetic_track_0,0.45951528301800587,75.3900822670362
66.207599,518,3523.075854,synthetic_track_0,0.4340223410103377,71.20759897167305
67.953213,531,3523.821743,synthetic_track_0,0.4446621550252253,72.95321328208307
50.096003,402,3524.363755,synthetic_track_0,0.3358194400425865,55.096002564703774
50.750134,415,3524.904935,synthetic_track_0,0.3398064810275716,55.75013390476693
62.120214,487,3525.610905,synthetic_track_0,0.4091090415701119,67.1202143649932
58.655887,456,3526.281535,synthetic_track_0,0.38799338319541493,63.65588732120985
71.260427,545,3526.998922,synthetic_track_0,0.4648201794450953,76.26042672093483
70.813783,535,3527.656551,synthetic_track_0,0.46209781220251195,75.81378327301408
70.647843,538,3528.383782,synthetic_track_0,0.46108637840447625,75.64784303106877
70.203669,533,3529.021611,synthetic_track_0,0.45837906251081106,75.20366897312286
61.105605,477,3529.589375,synthetic_track_0,0.40292482492462234,66.10560479945593
56.894831,445,3530.241463,synthetic_track_0,0.3772594457028412,61.89483070237559
50.02771,405,3530.790779,synthetic_track_0,0.335403183618819,55.02770971963036
33.520432,320,3531.223916,synthetic_track_0,0.23478853949817907,38.5204322081958
67.979111,550,3531.920899,synthetic_track_0,0.444820006872365,72.97911114485643
61.904944,478,3537.648473,synthetic_track_0,0.40779693307508613,66.90494412037025
57.485782,452,3538.279912,synthetic_track_0,0.3808613933267672,62.485781945402465
61.435509,469,3538.963869,synthetic_track_0,0.40493564530663784,66.4355087648447
61.047518,467,3539.663929,synthetic_track_0,0.4025707753780577,66.04751788607449
58.382037,452,3540.301887,synthetic_track_0,0.38632421933430094,63.38203701533958
70.666419,537,3540.9509,synthetic_track_0,0.4611996011828845,75.66641885410264
67.465185,517,3541.766021,synthetic_track_0,0.441687541225989,72.46518516348772
71.117339,534,3542.414904,synthetic_track_0,0.46394803866264495,76.11733949888308
58.14677,452,3542.995839,synthetic_track_0,0.38489022436759557,63.14676954436364
66.350411,504,3543.752783,synthetic_track_0,0.43489280504692046,71.35041109948186
65.993035,502,3544.458338,synthetic_track_0,0.43271453547269534,70.99303468901287
68.968275,536,3545.101876,synthetic_track_0,0.45084913038843005,73.96827545488539
71.339062,541,3545.801907,synthetic_track_0,0.4652994777472721,76.33906249164139
62.473736,488,3546.480634,synthetic_track_0,0.4112638146159974,67.47373583250386
69.068275,567,3547.19089,synthetic_track_0,0.4514586472743501,74.06827545460435
59.35853,459,3547.821826,synthetic_track_0,0.3922761110029331,64.35853033150438
61.768663,475,3548.500934,synthetic_track_0,0.4069662774515271,66.76866313449227
50.637127,412,3553.884857,synthetic_track_0,0.33911768225040484,55.63712657205108
57.540801,451,3554.46385,synthetic_track_0,0.38119674592097386,62.540801355202404
66.873259,520,3555.087744,synthetic_track_0,0.4380796497074685,71.87325873917955
57.868003,448,3555.706847,synthetic_track_0,0.38319109370829396,62.86800275483301
62.857956,481,3556.301991,synthetic_track_0,0.4136057028055755,67.85795622690057
58.21612,452,3556.893904,synthetic_track_0,0.38531292950734225,63.216120393917336
71.287962,546,3557.651487,synthetic_track_0,0.4649880130802131,76.28796223939595
66.050547,498,3558.319957,synthetic_track_0,0.4330650827835691,71.05054701032608
69.599578,529,3559.022767,synthetic_track_0,0.4546970253792737,74.59957789603456
50.503804,409,3559.491817,synthetic_track_0,0.3383050562827101,55.503803610180334
58.535705,454,3560.097595,synthetic_track_0,0.3872608538529978,63.53570536115591
66.267497,514,3560.760782,synthetic_track_0,0.434387427736056,71.26749669282333
50.275752,404,3561.469664,synthetic_track_0,0.336915045120945,55.275752314150935
66.269965,511,3562.171764,synthetic_track_0,0.4344024745787674,71.26996534349023
70.503669,543,3562.893526,synthetic_track_0,0.46020761322465714,75.50366898148145
69.902155,525,3563.545456,synthetic_track_0,0.4565412814627654,74.90215459586213
70.61962,533,3564.273197,synthetic_track_0,0.4609143516326638,75.61961956830625
61.822688,472,3569.874575,synthetic_track_0,0.4072955671244283,66.8226878349694
50.2236,407,3570.419114,synthetic_track_0,0.33659716671143464,55.22359979533479
61.736646,473,3571.056745,synthetic_track_0,0.4067711275508012,66.73664599031046
51.136211,416,3571.574881,synthetic_track_0,0.3421596836207992,56.13621058959284
51.811957,418,3572.142727,synthetic_track_0,0.34627847366490927,56.81195725513724
65.217488,506,3572.807442,synthetic_track_0,0.42798745033802127,70.2174884768265
68.701304,548,3573.723537,synthetic_track_0,0.4492218962454716,73.70130432152145
55.964434,441,3574.259544,synthetic_track_0,0.37158852252178676,60.964434302191044
68.121444,534,3574.902946,synthetic_track_0,0.4456875499001256,73.12144403921307
62.176199,476,3575.505553,synthetic_track_0,0.40945027855366206,67.17619919338333
62.41231,480,3576.206418,synthetic_track_0,0.4108894109509201,67.4123095336311
58.282037,452,3576.7425,synthetic_track_0,0.3857147025279704,63.28203702867841
53.443721,424,3577.250611,synthetic_track_0,0.356224352120497,58.44372146994209
66.125709,504,3577.91555,synthetic_track_0,0.43352320649014164,71.12570878448982
61.528341,471,3578.515871,synthetic_track_0,0.40550147395381564,66.52834108149717
61.211199,472,3579.104828,synthetic_track_0,0.4035684417119735,66.21119937778674
65.896281,538,3579.842938,synthetic_track_0,0.43212480575896234,70.89628105909736
71.495913,540,3585.355918,synthetic_track_0,0.46625550909789176,76.4959131663343
50.237907,406,3585.832476,synthetic_track_0,0.3366843697472916,55.2379067058776
56.936059,450,3586.39387,synthetic_track_0,0.3775107399905825,61.93605913965764
63.183616,484,3586.999835,synthetic_track_0,0.41559065689991703,68.18361645627499
56.612391,444,3587.612797,synthetic_track_0,0.37553792655996304,61.612390760545026
58.500073,454,3588.179647,synthetic_track_0,0.3870436672607369,63.500072781211436
58.440249,452,3588.776873,synthetic_track_0,0.3866790288888509,63.44024861894712
49.900321,406,3589.393943,synthetic_track_0,0.334626729103233,54.90032120401412
58.413596,452,3590.046816,synthetic_track_0,0.3865165764699885,63.41359596630393
60.425359,469,3590.761676,synthetic_track_0,0.3987786140554803,65.42535935371556
65.618855,487,3591.450897,synthetic_track_0,0.43043384616626995,70.61885485040624
70.971366,534,3592.272948,synthetic_track_0,0.46305830388622454,75.97136572941534
57.31434,448,3592.940521,synthetic_track_0,0.37981642728420695,62.31434025711418
70.462096,528,3593.634133,synthetic_track_0,0.459954217978455,75.46209585178751
49.980804,403,3594.235342,synthetic_track_0,0.3351172842508113,54.980803821892565
70.53919,542,3594.969432,synthetic_track_0,0.46042411707955894,75.53918954855591
70.644307,550,3595.670871,synthetic_track_0,0.46106482266711285,75.64430650274598
71.645622,568,3601.45171,synthetic_track_0,0.46716801043698786,76.6456221174086
70.416518,536,3602.242792,synthetic_track_0,0.45967641592553676,75.41651843489312
50.648793,405,3602.729298,synthetic_track_0,0.33918879267231944,55.64879325813598
69.954409,526,3603.458648,synthetic_track_0,0.45685977865039495,74.95440863411633
64.364274,502,3604.086711,synthetic_track_0,0.42278696110890857,69.36427352337243
50.145477,403,3604.608597,synthetic_track_0,0.33612099577470844,55.14547711384924
49.71281,400,3605.124366,synthetic_track_0,0.333483814576408,54.712809660033216
67.246915,525,3605.838406,synthetic_track_0,0.4403571477997006,72.24691501326188
57.740665,448,3606.39682,synthetic_track_0,0.38241494681078086,62.740664708379995
50.388519,404,3606.915829,synthetic_track_0,0.3376023747225267,55.388518607510065
68.212633,520,3607.613974,synthetic_track_0,0.44624336354988403,73.21263325169197
49.101102,398,3608.120507,synthetic_track_0,0.3297553557549169,54.1011024379462
49.967683,402,3608.613872,synthetic_track_0,0.335037313479198,54.96768346817704
63.815238,486,3609.206901,synthetic_track_0,0.41944049854811144,68.81523827452268
57.772085,454,3609.830114,synthetic_track_0,0.382606460185852,62.772085228296156
51.420894,409,3610.312727,synthetic_track_0,0.34389487930883406,56.42089436509467
58.261397,457,3610.889318,synthetic_track_0,0.3855888998722219,63.26139729608018
63.250647,484,3611.504503,synthetic_track_0,0.415999218553889,68.25064686384229
49.979876,404,3616.952934,synthetic_track_0,0.3351116289465222,54.979875987995946
58.829432,455,3617.582841,synthetic_track_0,0.38905116693394526,63.829431936624545
68.178164,518,3618.272851,synthetic_track_0,0.4460332698140279,73.17816435671648
65.326601,519,3619.025874,synthetic_track_0,0.4286525074976546,70.32660065618154
55.381449,438,3619.646427,synthetic_track_0,0.36803512660429394,60.38144866396008
50.958964,411,3620.163097,synthetic_track_0,0.3410793350954956,55.95896389680652
67.014536,510,3620.794858,synthetic_track_0,0.43894076121612957,72.01453645045103
57.775793,451,3621.44169,synthetic_track_0,0.3826290572714696,62.775792604757115
35.774862,332,3621.932356,synthetic_track_0,0.24852966731454623,40.77486159238058
58.552401,456,3622.494857,synthetic_track_0,0.3873626145466813,63.552400664559016
55.605706,437,3623.097827,synthetic_track_0,0.3694020105633472,60.60570561020506
49.886114,403,3623.673768,synthetic_track_0,0.3345401365101895,54.88611444538274
71.307441,574,3624.379379,synthetic_track_0,0.46510673661359947,76.30744054029216
56.278947,442,3624.941817,synthetic_track_0,0.3735055290511643,61.27894675759191
67.140102,523,3625.739434,synthetic_track_0,0.4397061071828691,72.14010244907523
61.232156,466,3626.335364,synthetic_track_0,0.403696177361708,66.23215624581226
65.557068,507,3626.939805,synthetic_track_0,0.43005724647680543,70.55706826219094
57.235955,453,3627.500914,synthetic_track_0,0.37933865843627135,62.23595541534368
71.806759,554,3633.049203,synthetic_track_0,0.4681501684795825,76.80675925118167
51.300181,423,3633.622855,synthetic_track_0,0.34315911129358495,56.30018105424509
56.678947,448,3634.296502,synthetic_track_0,0.37594359647960945,61.6789467375618
71.525916,537,3635.065833,synthetic_track_0,0.466438380640887,76.52591586957448
67.915648,519,3635.816824,synthetic_track_0,0.4444331895918744,72.91564821407648
57.499293,450,3636.409509,synthetic_track_0,0.3809437443938278,62.499292820774656
63.82687,494,3637.10842,synthetic_track_0,0.41951139313029445,68.82686954899948
71.071366,583,3637.892552,synthetic_track_0,0.46366782084288766,76.07136574074072
66.351966,528,3638.608952,synthetic_track_0,0.4349022849977548,71.35196642157821
57.682037,451,3639.187571,synthetic_track_0,0.3820576013787856,62.682037057654355
65.573592,506,3639.939356,synthetic_track_0,0.43015796215218016,70.57359211533074
50.819917,413,3640.453938,synthetic_track_0,0.34023182196265417,55.8199171944038
49.766586,403,3640.95639,synthetic_track_0,0.3338115882545129,54.76658563978954
65.936936,520,3641.604954,synthetic_track_0,0.43237260467373334,70.93693603023907
49.30402,401,3642.13536,synthetic_track_0,0.3309921727107815,54.304020024145935
63.887133,495,3642.743835,synthetic_track_0,0.41987870683689876,68.88713263835058
58.382037,452,3643.328778,synthetic_track_0,0.3863242193343009,63.38203701533957
67.783593,517,3649.065792,synthetic_track_0,0.44362828973992807,72.78359283246564
69.882681,559,3649.826713,synthetic_track_0,0.45642258413175774,74.8826805938425
66.849555,511,3650.480917,synthetic_track_0,0.43793517186842507,71.84955507452729
66.607415,530,3651.227619,synthetic_track_0,0.43645928617628066,71.60741482836022
66.77044,516,3651.937683,synthetic_track_0,0.4374529515451762,71.77043990429443
66.62119,520,3652.635777,synthetic_track_0,0.43654324761944235,71.62118990906188
55.41125,439,3653.33244,synthetic_track_0,0.36821677090586363,60.41125002061733
57.21434,450,3653.985829,synthetic_track_0,0.37920691039973803,62.21434025763329
56.205344,448,3654.613875,synthetic_track_0,0.3730569086467389,61.20534413664279
56.01125,443,3655.287394,synthetic_track_0,0.3718738720550484,61.01124999164138
66.349299,510,3656.052849,synthetic_track_0,0.434886027398502,71.34929912891042
68.133355,528,3656.785727,synthetic_track_0,0.4457601510715007,73.13335530415883
58.775121,455,3657.419362,synthetic_track_0,0.3887201345668773,63.77512132213879
65.758051,502,3658.187332,synthetic_track_0,0.43128227029330773,70.75805101449163
50.230118,408,3658.723574,synthetic_track_0,0.33663689870432506,55.230118399445125
70.080523,551,3659.497475,synthetic_track_0,0.45762846636414173,75.08052289433509
49.794214,402,3660.128953,synthetic_track_0,0.3339799868754108,54.79421385228285
56.278947,446,3665.662846,synthetic_track_0,0.37350552905116435,61.27894675759192
65.493226,504,3666.307481,synthetic_track_0,0.42966811644390335,70.49322589115948
53.472766,421,3666.943974,synthetic_track_0,0.35640138467774196,58.47276620370368
56.478947,447,3667.487972,synthetic_track_0,0.3747245627873589,61.47894675118168
52.599891,420,3668.049543,synthetic_track_0,0.3510810602348519,57.59989056221802
71.682985,544,3668.870729,synthetic_track_0,0.4673957453720616,76.68298530449897
65.473028,510,3669.551888,synthetic_track_0,0.42954500649418365,70.47302793566102
67.930008,529,3670.215838,synthetic_track_0,0.44452071462525844,72.93000795293851
66.330009,510,3670.859793,synthetic_track_0,0.43476844860481695,71.33000863900428
49.0469,397,3671.481881,synthetic_track_0,0.3294249818358034,54.04689985130476
49.700021,421,3672.165787,synthetic_track_0,0.33340586321812615,54.70002062007986
66.401992,526,3672.777327,synthetic_track_0,0.4352072013617628,71.40199233065385
58.07065,453,3673.400819,synthetic_track_0,0.3844262639316046,63.07065017090499
70.103669,530,3674.111962,synthetic_track_0,0.457769545624891,75.1036689734039
62.126352,481,3674.822378,synthetic_track_0,0.4091464506043007,67.12635185436352
62.689715,482,3675.537422,synthetic_track_0,0.41258024164003476,67.68971459383884
49.73376,404,3676.148312,synthetic_track_0,0.33361151083799573,54.733760065867514
56.494496,443,3681.628308,synthetic_track_0,0.3748193409399223,61.49449646842274
56.419896,448,3682.181844,synthetic_track_0,0.3743646356931891,61.41989554169551
71.366552,555,3682.900918,synthetic_track_0,0.46546702857385125,76.36655161129971
70.922246,566,3683.596839,synthetic_track_0,0.4627589108997049,75.92224600974977
64.710509,492,3684.185379,synthetic_track_0,0.42489732190050905,69.71050852266767
71.508079,596,3684.937701,synthetic_track_0,0.4663296618165069,76.5080789848899
56.778947,446,3685.518117,synthetic_track_0,0.37655311343046194,61.778946747933865
70.403669,532,3686.181977,synthetic_track_0,0.459598096267994,75.40366897015608
51.092101,408,3686.654863,synthetic_track_0,0.3418908270898576,56.0921008140646
65.833753,508,3687.356594,synthetic_track_0,0.4317436895986914,70.83375347897551
56.391473,448,3687.952883,synthetic_track_0,0.37419139676472624,61.39147320722408
71.085302,554,3688.757571,synthetic_track_0,0.46375276238386126,76.08530162056572
57.431349,543,3689.484835,synthetic_track_0,0.3805296175095675,62.43134935724431
55.742063,437,3690.019378,synthetic_track_0,0.370233129745595,60.742062649544096
50.953612,412,3690.49756,synthetic_track_0,0.34104671615956217,55.953612291855904
71.345511,543,3691.179571,synthetic_track_0,0.4653387822528505,76.34551096031812
63.371568,486,3691.842837,synthetic_track_0,0.4167362507106917,68.3715675752708
68.074566,512,3696.911961,synthetic_track_0,0.44540182045134,73.07456601916425
67.321277,514,3697.547455,synthetic_track_0,0.44081039534338423,72.32127678286662
70.271366,570,3698.268951,synthetic_track_0,0.45879168561903966,75.27136572059625
66.961141,509,3698.892405,synthetic_track_0,0.4386153059104122,71.96114083298401
67.334413,512,3699.572773,synthetic_track_0,0.44089046193917814,72.33441285791531
67.487483,516,3700.198887,synthetic_track_0,0.4418234482943345,72.4874826701037
55.88031,441,3700.810916,synthetic_track_0,0.37107576994635055,60.880309877447466
35.043102,327,3701.215265,synthetic_track_0,0.2440694702809978,40.04310220653828
71.557942,552,3701.936653,synthetic_track_0,0.4666335827614715,76.55794158117412
51.265319,408,3702.480583,synthetic_track_0,0.3429466222977025,56.265319182458796
64.528788,492,3703.123779,synthetic_track_0,0.42378970183870246,69.5287875426128
49.515754,399,3703.633338,synthetic_track_0,0.33228272530570757,54.515753713746854
49.940608,406,3704.182946,synthetic_track_0,0.33487228193758767,54.940607673402724
71.415783,535,3704.969111,synthetic_track_0,0.4657671011253762,76.4157828233651
50.643869,409,3705.515003,synthetic_track_0,0.3391587768620627,55.64386873334171
68.457979,519,3706.268838,synthetic_track_0,0.44773878763762354,73.45797905228936
56.201143,443,3706.84966,synthetic_track_0,0.37303130278482644,61.201143127215154
60.11598,464,3712.44158,synthetic_track_0,0.39689289567280583,65.11598016817774
62.506782,485,3713.048821,synthetic_track_0,0.4114652371714522,67.50678209578903
61.275475,472,3713.692816,synthetic_track_0,0.4039602133840793,66.27547514767184
48.698889,395,3714.256778,synthetic_track_0,0.3273037961262804,53.6988888687444
70.939062,533,3714.977424,synthetic_track_0,0.46286141012173915,75.93906247933641
63.855576,495,3715.628322,synthetic_track_0,0.4196863646796952,68.85557614482167
67.329052,516,3716.352877,synthetic_track_0,0.4408577853689928,72.32905179723785
64.26459,488,3717.028921,synthetic_track_0,0.42217937444162607,69.26459020374499
49.991863,404,3717.66488,synthetic_track_0,0.3351846939168969,54.9918633458292
67.162643,507,3718.423868,synthetic_track_0,0.43984349567327946,72.16264300425884
36.902059,337,3718.933136,synthetic_track_0,0.2554001230999447,41.902058545377095
55.41125,439,3719.538582,synthetic_track_0,0.36821677090586363,60.411250020617324
70.771366,537,3720.326866,synthetic_track_0,0.46183927012904147,75.77136573238211
65.89125,505,3721.122962,synthetic_track_0,0.43209413920987316,70.89124977125097
36.994536,338,3721.585841,synthetic_track_0,0.2559637895314245,41.99453611948808
49.652815,400,3722.089388,synthetic_track_0,0.3331181372589727,54.652815043829
65.68489,503,3722.711794,synthetic_track_0,0.4308363396699332,70.68488969075763
71.467832,540,3723.438708,synthetic_track_0,0.4660843525822628,76.4678324815983
49.636348,399,3728.884758,synthetic_track_0,0.33301776712870906,54.6363478823278
49.598355,401,3729.484934,synthetic_track_0,0.3327861933825686,54.598354883144495
65.382808,506,3730.195882,synthetic_track_0,0.42899509785615025,70.3828075251702
61.321474,472,3730.931585,synthetic_track_0,0.40424058397354834,66.32147396987968
1.764096,118,3731.122092,synthetic_track_0,0.04122831012895531,6.764096445147025
62.338319,472,3732.015874,synthetic_track_0,0.4104384284239826,67.33831937255636
54.598462,428,3732.817329,synthetic_track_0,0.3632626920053753,59.59846222080313
49.876644,403,3733.483796,synthetic_track_0,0.3344824108515047,54.87664372195308
70.939062,529,3734.31637,synthetic_track_0,0.46286141012173915,75.93906247933641
68.32112,511,3735.190883,synthetic_track_0,0.4469046055884853,73.32111950564453
55.543553,436,3735.871029,synthetic_track_0,0.3690231812431484,60.54355321904328
70.671366,532,3736.691892,synthetic_track_0,0.46122975324312154,75.67136573266316
69.703669,522,3737.561861,synthetic_track_0,0.4553314780008091,74.70366896133699
63.580244,491,3738.291101,synthetic_track_0,0.41800816766403454,68.58024382020344
67.384443,510,3739.124908,synthetic_track_0,0.441195406419493,72.38444337987494
66.855174,511,3740.127512,synthetic_track_0,0.4379694203099931,71.8551740232821
49.704883,402,3740.792637,synthetic_track_0,0.3334354981879459,54.704882662530366
71.539062,554,3741.700783,synthetic_track_0,0.46651851150445506,76.5390624886746
55.51125,438,3747.732379,synthetic_track_0,0.3688262875450465,60.51124997985551
66.45339,541,3748.670674,synthetic_track_0,0.4355204796436726,71.45339013246479
49.883686,406,3749.30299,synthetic_track_0,0.3345253363462209,54.88368626590668
52.67421,422,3749.976564,synthetic_track_0,0.351534052480959,57.67421044658845
61.074755,475,3750.742782,synthetic_track_0,0.40273678795138274,66.07475463319231
50.398478,407,3751.353682,synthetic_track_0,0.33766307832626863,55.39847790559903
71.147085,574,3752.236742,synthetic_track_0,0.4641293408918859,76.14708473366157
67.989019,512,3753.077377,synthetic_track_0,0.4448803967385005,72.9890189697848
72.042409,584,3753.981019,synthetic_track_0,0.46958649161772137,77.04240869212114
58.849734,456,3754.651987,synthetic_track_0,0.3891749101462009,63.84973378793767
51.083311,409,3755.329548,synthetic_track_0,0.3418372533389216,56.08331127073562
61.664365,469,3756.00278,synthetic_track_0,0.40633056249616584,66.66436496519462
55.978947,445,3756.664044,synthetic_track_0,0.37167697852409415,60.97894677987659
49.637356,403,3757.278327,synthetic_track_0,0.33302391300748996,54.637356202015994
70.18136,548,3758.184374,synthetic_track_0,0.45824308693651233,75.18136022712129
63.469929,485,3758.914826,synthetic_track_0,0.4173357822796691,68.4699293403247
58.949734,453,3759.653659,synthetic_track_0,0.3897844269525315,63.94973377459884
69.656308,535,3765.795085,synthetic_track_0,0.4550428037038434,74.65630779664691
56.036853,444,3766.409306,synthetic_track_0,0.3720299282282858,61.03685324831954
58.449734,454,3767.118569,synthetic_track_0,0.386736842520668,63.4497337756327
71.071366,536,3767.871792,synthetic_track_0,0.46366782084288766,76.07136574074072
38.5403,346,3768.372632,synthetic_track_0,0.2653854841548769,43.54030044769898
71.431038,537,3769.13103,synthetic_track_0,0.46586008317025723,76.4310378633431
49.806663,406,3769.709169,synthetic_track_0,0.33405586652994224,54.80666299947976
55.169335,439,3770.316718,synthetic_track_0,0.3667422553076905,60.169334558045115
69.234999,536,3771.140898,synthetic_track_0,0.45247485711636853,74.23499927516407
50.017598,404,3771.686564,synthetic_track_0,0.33534154956652146,55.017597768091676
66.325861,523,3772.395688,synthetic_track_0,0.4347431708217363,71.32586145562125
66.194877,531,3773.149391,synthetic_track_0,0.4339448005843244,71.19487735106063
67.241951,503,3773.88094,synthetic_track_0,0.4403268928656357,72.24195125677231
50.534282,408,3774.446869,synthetic_track_0,0.33849082962992644,55.53428239608202
72.106759,536,3775.23238,synthetic_track_0,0.46997871912268563,77.10675924793387
50.803579,407,3775.930861,synthetic_track_0,0.34013223545346355,55.80357859719489
56.078947,444,3776.559543,synthetic_track_0,0.37228649516327705,61.07894673911478
49.863131,405,3777.164874,synthetic_track_0,0.33440004752886715,54.86313083587745
69.473422,566,3783.261868,synthetic_track_0,0.4539280843619003,74.47342207771761
67.31842,514,3783.994907,synthetic_track_0,0.440792980096109,72.31841956141328
58.347505,452,3784.680878,synthetic_track_0,0.3861137382788595,63.347504575022974
71.715277,538,3785.424067,synthetic_track_0,0.4675925704586876,76.71527728698864
71.606759,545,3786.245026,synthetic_track_0,0.466931134743388,76.60675925759192
64.576552,498,3786.994787,synthetic_track_0,0.42408083244749717,69.57655170053881
51.316195,417,3787.578341,synthetic_track_0,0.3432567159733991,56.316194503879466
70.883886,551,3788.386466,synthetic_track_0,0.46252509779814766,75.88388561214614
56.382361,451,3789.126549,synthetic_track_0,0.37413585473566524,61.382360739598006
64.588811,488,3789.933502,synthetic_track_0,0.42415555786493164,69.58881147856148
30.063039,302,3790.364817,synthetic_track_0,0.213715142366597,35.063038728350115
66.832401,506,3791.164006,synthetic_track_0,0.4378306125387972,71.83240061470028
72.206759,554,3792.030865,synthetic_track_0,0.4705882360793487,77.20675925925924
58.87868,457,3792.630973,synthetic_track_0,0.3893513447286127,63.87868041533908
71.239062,535,3793.401866,synthetic_track_0,0.46468996086135206,76.23906249192243
64.901889,507,3794.174898,synthetic_track_0,0.42606381604672106,69.90188864188667
58.545201,453,3800.366235,synthetic_track_0,0.3873187304124284,63.545200842020336
54.94455,431,3801.014878,synthetic_track_0,0.36537215384244043,59.94454973369501
56.378947,446,3801.632418,synthetic_track_0,0.37411504586969346,61.37894674625443
57.103169,451,3802.261918,synthetic_track_0,0.37852930389509853,62.10316917798185
65.704082,508,3803.040907,synthetic_track_0,0.4309533198998032,70.70408197767264
69.511154,541,3803.767455,synthetic_track_0,0.45415806790821384,74.51115418177902
66.534395,518,3804.459753,synthetic_track_0,0.4360142184884662,71.53439508159934
67.468708,510,3805.193943,synthetic_track_0,0.44170901585609473,72.46870838499994
57.31434,450,3805.812102,synthetic_track_0,0.37981642728420695,62.31434025711418
60.633726,465,3806.480991,synthetic_track_0,0.400048643338738,65.63372589925784
71.704745,538,3807.269336,synthetic_track_0,0.4675283767443664,76.70474538613017
69.935972,557,3808.109251,synthetic_track_0,0.45674740560642657,74.93597222222219
50.324666,408,3808.685851,synthetic_track_0,0.3372131831935152,55.324666147158574
67.285661,520,3809.421813,synthetic_track_0,0.4405933134781092,72.28566138488839
58.65609,459,3810.127358,synthetic_track_0,0.38799461653041806,63.656089667531695
70.239289,529,3810.932317,synthetic_track_0,0.45859617114892093,75.23928876356919
56.188005,447,3811.607529,synthetic_track_0,0.37295122358692434,61.18800498460961
54.630659,432,3817.884908,synthetic_track_0,0.36345893513096,59.63065872422518
66.967191,515,3818.650866,synthetic_track_0,0.43865218168808084,71.96719083396296
65.177166,487,3819.339579,synthetic_track_0,0.4277416793081593,70.17716620933095
67.852213,510,3820.08105,synthetic_track_0,0.44404654303160085,72.85221329240024
58.793885,455,3820.777476,synthetic_track_0,0.3888345004106788,63.79388468146844
70.171703,527,3821.516401,synthetic_track_0,0.4581842243550814,75.17170297518533
71.586958,548,3822.307405,synthetic_track_0,0.4668104414139772,76.58695778336542
32.138692,313,3822.811334,synthetic_track_0,0.2263666001379266,37.13869209054982
67.051021,520,3823.678882,synthetic_track_0,0.4391631380838577,72.05102056963462
71.188,556,3824.522888,synthetic_track_0,0.46437872891982546,76.18800042164325
68.200579,520,3825.281723,synthetic_track_0,0.4461698890340049,73.20057870203635
65.842309,501,3826.084966,synthetic_track_0,0.4317958359805218,70.8423088419012
66.878441,517,3826.84738,synthetic_track_0,0.4381112380950692,71.87844126787427
49.504083,404,3827.444645,synthetic_track_0,0.3322115886338314,54.504082720978715
71.341423,540,3828.295825,synthetic_track_0,0.4653138634520323,76.34142267313136
56.912083,449,3828.979329,synthetic_track_0,0.3773646022974481,61.912083152101026
56.946644,450,3829.654654,synthetic_track_0,0.3775752534879239,61.946643505513684
70.358472,556,3835.644734,synthetic_track_0,0.45932261288292414,75.35847196402558
65.914108,514,3836.338033,synthetic_track_0,0.4322334616779702,70.91410762325211
71.524507,540,3837.144031,synthetic_track_0,0.4664297942109157,76.52450714240948
68.44303,517,3837.960882,synthetic_track_0,0.4476476711704631,73.44303008713202
67.359363,517,3838.723979,synthetic_track_0,0.4410425343834241,72.35936252663352
71.606759,535,3839.549419,synthetic_track_0,0.466931134743388,76.60675925759192
70.491061,543,3840.398961,synthetic_track_0,0.4601307636675048,75.49106070782874
71.378381,535,3841.225311,synthetic_track_0,0.46553913031506294,76.37838093755377
66.260573,505,3841.979846,synthetic_track_0,0.43434522647432033,71.26057296969245
50.196949,408,3842.570637,synthetic_track_0,0.33643472500353433,55.19694889997878
66.800653,505,3843.355897,synthetic_track_0,0.4376371031197609,71.80065261510214
70.739063,555,3844.186673,synthetic_track_0,0.46164237659808727,75.73906252061732
69.821109,538,3844.936477,synthetic_track_0,0.45604729455369714,74.82110894822034
64.722102,494,3845.669848,synthetic_track_0,0.4249679891497336,69.72210249990741
61.983533,475,3846.346569,synthetic_track_0,0.40827594613737006,66.98353309337543
58.883952,464,3847.00021,synthetic_track_0,0.38938347645285415,63.88395208621373
71.539062,540,3853.049323,synthetic_track_0,0.46651851150445506,76.5390624886746
65.240758,498,3853.779321,synthetic_track_0,0.4281292844817431,70.24075840528945
67.073053,509,3854.487654,synthetic_track_0,0.43929742768974256,72.07305270830207
52.805069,423,3855.133975,synthetic_track_0,0.3523316601028484,57.805069433119044
58.488376,452,3855.770988,synthetic_track_0,0.3869723737648556,63.48837605921278
69.803669,527,3856.516484,synthetic_track_0,0.4559409948852781,74.80366896081789
57.869663,455,3857.169911,synthetic_track_0,0.3832012137570093,62.86966309418055
57.682037,449,3857.803873,synthetic_track_0,0.3820576013787856,62.682037057654355
70.309003,539,3858.585807,synthetic_track_0,0.45902108941118025,75.3090027076585
58.025078,450,3859.246425,synthetic_track_0,0.3841484946387028,63.025078128761834
72.206759,540,3860.0259,synthetic_track_0,0.4705882360793487,77.20675925925924
70.939062,554,3860.875054,synthetic_track_0,0.4628614101217391,75.9390624793364
57.682037,447,3861.547984,synthetic_track_0,0.3820576013787856,62.682037057654355
71.139062,534,3862.294006,synthetic_track_0,0.4640804439436865,76.13906248699516
70.853868,536,3863.021789,synthetic_track_0,0.46234213242585853,75.85386751486263
69.596455,527,3863.804891,synthetic_track_0,0.45467798880101035,74.59645467194518
57.710248,451,3869.616872,synthetic_track_0,0.3822295506612197,62.71024780717138
67.983591,522,3870.376107,synthetic_track_0,0.44484731042426956,72.98359068471144
59.031044,464,3871.015644,synthetic_track_0,0.3902800244597599,64.03104366400207
71.620552,559,3871.819417,synthetic_track_0,0.46701520284698766,76.6205518374704
71.445474,550,3872.683691,synthetic_track_0,0.465948074268184,76.44547406678751
50.132642,405,3873.25732,synthetic_track_0,0.33604276271525135,55.13264185677197
61.828599,485,3873.958569,synthetic_track_0,0.4073315939062166,66.82859854597992
49.443879,400,3874.514914,synthetic_track_0,0.3318446338791831,54.44387852285169
71.306759,561,3875.371808,synthetic_track_0,0.4651025842163178,76.30675927987659
70.903288,541,3876.173085,synthetic_track_0,0.4626433596176373,75.90328816224593
70.616888,566,3877.127147,synthetic_track_0,0.46089770208546327,75.61688797094801
64.374645,484,3877.897522,synthetic_track_0,0.42285017817521,69.37464519109552
51.213932,419,3878.450937,synthetic_track_0,0.3426334080118482,56.21393188011995
67.109168,519,3879.155893,synthetic_track_0,0.4395175576245301,72.10916818586372
71.339441,542,3879.931164,synthetic_track_0,0.4653017836602526,76.33944080978601
71.439062,535,3880.713923,synthetic_track_0,0.4659089945536025,76.43906247830253
58.582521,457,3881.439756,synthetic_track_0,0.387546200701808,63.58252061018343
71.339062,547,3887.712128,synthetic_track_0,0.46529947774727204,76.33906249164137
69.835972,541,3888.564911,synthetic_track_0,0.45613788864976357,74.83597221089683
70.688419,546,3889.480866,synthetic_track_0,0.4613336963182642,75.68841908709052
71.684379,555,3890.38501,synthetic_track_0,0.4674042407078116,76.68437908634857
52.434735,421,3891.05395,synthetic_track_0,0.3500744076122784,57.43473474078005
71.306759,544,3891.889904,synthetic_track_0,0.4651025842163178,76.30675927987659
72.338024,567,3892.711002,synthetic_track_0,0.4713883152729312,77.33802374262565
72.106759,551,3893.551044,synthetic_track_0,0.46997871912268563,77.10675924793387
52.508896,424,3894.381047,synthetic_track_0,0.3505264317865499,57.508895799061285
71.852203,535,3895.393173,synthetic_track_0,0.468427155392586,76.85220293266508
52.417069,421,3896.103734,synthetic_track_0,0.34996673172238685,57.41706896447815
70.271366,530,3897.003853,synthetic_track_0,0.45879168561903955,75.27136572059624
51.909695,421,3897.634274,synthetic_track_0,0.3468742028885757,56.909695190829204
65.238899,501,3898.442927,synthetic_track_0,0.4281179536231526,70.23889941519084
61.341372,471,3899.15366,synthetic_track_0,0.404361865480245,66.341371943038
71.306759,560,3899.976221,synthetic_track_0,0.4651025842163178,76.30675927987659
36.579044,336,3905.819896,synthetic_track_0,0.25343129494867606,41.579044008583146
58.549734,457,3906.447354,synthetic_track_0,0.38734635952408636,63.54973379462895
71.258252,540,3907.235374,synthetic_track_0,0.4648069262905633,76.25825235057678
57.895222,453,3907.86179,synthetic_track_0,0.38335699936856543,62.89522196132879
70.414543,537,3908.728604,synthetic_track_0,0.45966437377525643,75.4145427471764
71.315502,538,3909.555089,synthetic_track_0,0.46515587321151824,76.31550210493717
57.077448,452,3910.239517,synthetic_track_0,0.3783725315281846,62.07744841944426
55.04876,433,3910.894991,synthetic_track_0,0.3660073345047656,60.04876024454596
71.439062,538,3911.753922,synthetic_track_0,0.46590899455360263,76.43906247830255
59.356561,464,3912.581094,synthetic_track_0,0.3922641073737954,64.3565609637344
53.994298,428,3913.564631,synthetic_track_0,0.3595802074417229,58.99429773604982
56.546644,451,3914.557295,synthetic_track_0,0.3751371861423246,61.54664353913584
71.639062,540,3915.695039,synthetic_track_0,0.46712802846111817,76.63906249999998
58.082037,454,3916.512049,synthetic_track_0,0.3844956687243849,63.082037024032196
71.339062,539,3917.358794,synthetic_track_0,0.4652994777472721,76.33906249164139
71.311985,558,3918.383737,synthetic_track_0,0.46513443712721475,76.31198520741744
57.096468,446,3919.288481,synthetic_track_0,0.37848846205486614,62.09646848747416
70.034296,526,3926.814005,synthetic_track_0,0.45734670349301415,75.03429564832362
67.517039,509,3927.677372,synthetic_track_0,0.4420035977522585,72.5170387761902
51.016097,416,3928.320964,synthetic_track_0,0.3414275708348931,56.01609697161761
34.757527,328,3928.908166,synthetic_track_0,0.24232884197034596,39.757527131266556
51.294375,422,3929.676501,synthetic_track_0,0.34312371951648185,56.294374524873845
70.835068,563,3930.65817,synthetic_track_0,0.4622275486668737,75.83506840341721
63.968053,483,3931.448766,synthetic_track_0,0.4203719272047256,68.96805252389177
71.373148,534,3932.329179,synthetic_track_0,0.4655072317826639,76.37314752515023
64.498529,485,3933.106895,synthetic_track_0,0.42360526931074444,69.49852873736883
57.084095,450,3933.758045,synthetic_track_0,0.3784130407641851,62.084094541450455
52.177447,420,3934.364307,synthetic_track_0,0.34850619712055075,57.1774472851662
67.676441,518,3935.114113,synthetic_track_0,0.4429751823098747,72.67644117788399
52.661053,426,3935.751011,synthetic_track_0,0.35145385384901556,57.66105270911298
67.603071,511,3936.436493,synthetic_track_0,0.44252798152269257,72.6030714655338
58.506568,456,3937.093171,synthetic_track_0,0.3870832590964534,63.50656839052429
70.964276,547,3937.889081,synthetic_track_0,0.4630150920778284,75.96427621159017
35.356857,330,3938.369477,synthetic_track_0,0.24598185741430753,40.35685678366514
58.382037,459,3938.997424,synthetic_track_0,0.3863242193343009,63.38203701533957
56.078947,446,3944.783689,synthetic_track_0,0.372286495163277,61.07894673911477
53.28996,426,3945.359329,synthetic_track_0,0.3552871485230188,58.28995975857791
71.365379,539,3946.089412,synthetic_track_0,0.4654598801978234,76.36537881753914
71.639062,537,3946.835325,synthetic_track_0,0.46712802846111817,76.63906249999998
52.572766,420,3947.414987,synthetic_track_0,0.35091573281471106,57.57276622432102
67.53534,526,3948.158396,synthetic_track_0,0.44211514523985934,72.53533974370467
57.246643,454,3948.834655,synthetic_track_0,0.37940380409783997,62.24664349682106
65.634631,505,3949.54794,synthetic_track_0,0.43053000520197793,70.634631121361
67.087874,530,3950.280006,synthetic_track_0,0.4393877630601146,72.08787352331228
67.183598,513,3950.984139,synthetic_track_0,0.4399712193977432,72.18359791577241
58.949734,459,3951.630024,synthetic_track_0,0.38978442695253146,63.94973377459883
71.439062,562,3952.423234,synthetic_track_0,0.4659089945536025,76.43906247830253
68.893309,522,3953.127751,synthetic_track_0,0.45039219603704034,73.89330881152229
71.551541,549,3953.891917,synthetic_track_0,0.4665945702060891,76.55154101112036
71.613896,564,3954.672248,synthetic_track_0,0.46697463556862834,76.61389619278157
66.457953,515,3955.351092,synthetic_track_0,0.4355482886247938,71.45795259524235
70.839062,532,3961.40996,synthetic_track_0,0.4622518932372702,75.83906247985551
72.006759,558,3962.177626,synthetic_track_0,0.46936920217183314,77.00675923756181
67.193304,513,3962.907327,synthetic_track_0,0.4400303782537428,72.1933037758068
67.119329,511,3963.629549,synthetic_track_0,0.43957948739738956,72.11932865460807
70.909543,540,3964.384892,synthetic_track_0,0.46268148488393945,75.9095431597818
68.721277,522,3965.126454,synthetic_track_0,0.44934363546925865,73.72127738974271
71.281533,543,3965.867433,synthetic_track_0,0.464948828597497,76.28153346219368
61.500417,489,3966.54793,synthetic_track_0,0.4053312723039632,66.50041705620669
69.043032,530,3967.283093,synthetic_track_0,0.4513047844834555,74.04303205380342
71.32309,557,3968.059804,synthetic_track_0,0.46520212065089794,76.32308966162641
71.706759,537,3968.78921,synthetic_track_0,0.46754065156191704,76.70675924625442
50.929895,411,3969.377624,synthetic_track_0,0.34090215300988735,55.92989463076924
58.182037,449,3970.0192,synthetic_track_0,0.3851051856420504,63.182037028959456
70.025895,545,3970.782171,synthetic_track_0,0.4572955013639026,75.0258952036189
59.651078,459,3971.427441,synthetic_track_0,0.3940592393461873,64.65107814755896
70.739063,533,3972.175039,synthetic_track_0,0.46164237659808727,75.73906252061732
67.999741,513,3977.987764,synthetic_track_0,0.44494574873745674,72.99974090387427
71.504191,543,3978.781,synthetic_track_0,0.466305964071406,76.50419102943178
49.807535,404,3979.354024,synthetic_track_0,0.33406117998702267,54.8075347484318
66.394142,504,3980.059211,synthetic_track_0,0.4351593505201516,71.39414171279861
70.454503,540,3980.853007,synthetic_track_0,0.459907941093905,75.45450346419516
71.620486,541,3981.641911,synthetic_track_0,0.46701480031926496,76.62048579701593
71.00821,550,3982.380024,synthetic_track_0,0.46328287353938846,76.00820960654498
72.206759,549,3983.167418,synthetic_track_0,0.4705882360793487,77.20675925925924
64.435009,486,3983.846407,synthetic_track_0,0.4232181085147588,69.43500944793796
56.127399,444,3984.471945,synthetic_track_0,0.37258181993398193,61.12739900954354
71.867656,541,3985.279481,synthetic_track_0,0.46852134633241205,76.86765630922234
67.797876,517,3986.0451,synthetic_track_0,0.44371534934107265,72.79787621048371
71.539062,541,3986.808169,synthetic_track_0,0.46651851150445506,76.5390624886746
70.852212,544,3987.596784,synthetic_track_0,0.46233204384646226,75.85221233850888
70.316482,538,3988.35735,synthetic_track_0,0.4590666766687492,75.3164819520394
70.371366,546,3989.10508,synthetic_track_0,0.45940120250350863,75.37136572007715
58.242237,458,3995.465557,synthetic_track_0,0.38547211554996097,63.24223715062229
70.303669,545,3996.454885,synthetic_track_0,0.4589885793171415,75.303668959784
54.416109,429,3997.095051,synthetic_track_0,0.3621512187691259,59.4161090721372
70.416018,544,3997.838679,synthetic_track_0,0.45967336524750846,75.41601792734522
69.335972,537,3998.693866,synthetic_track_0,0.45309030427046587,74.33597222055486
54.29212,428,3999.378358,synthetic_track_0,0.36139548662827525,59.29212035973491
65.972375,497,4000.074008,synthetic_track_0,0.43258861374571417,70.97237542106869
71.643344,533,4000.860842,synthetic_track_0,0.467154122039439,76.64334352630955
57.437759,455,4001.556799,synthetic_track_0,0.3805686835839813,62.437758707863864
63.733939,480,4002.283731,synthetic_track_0,0.41894496774056234,68.73393932815986
58.917226,455,4002.98782,synthetic_track_0,0.38958628876854434,63.917226359626866
66.360291,511,4003.700229,synthetic_track_0,0.4349530234677439,71.36029079634429
71.239062,555,4004.455096,synthetic_track_0,0.464689960861352,76.23906249192241
71.8254,559,4005.250155,synthetic_track_0,0.4682637862027175,76.82539987057062
70.471366,537,4006.049568,synthetic_track_0,0.46001071950692696,75.47136573907339
70.471366,536,4006.776527,synthetic_track_0,0.46001071950692696,75.47136573907339
70.868821,547,4012.555182,synthetic_track_0,0.46243327927070316,75.8688214639154
70.708686,546,4013.34107,synthetic_track_0,0.4614572270767532,75.70868608231171
53.062896,426,4013.915141,synthetic_track_0,0.35390315830034175,58.06289628408557
70.310612,557,4014.697467,synthetic_track_0,0.4590308979039359,75.31061193177594
69.468917,555,4015.442983,synthetic_track_0,0.45390062582823143,74.46891711087814
71.082432,550,4016.195089,synthetic_track_0,0.46373527281896276,76.08243220623883
70.49233,540,4016.95962,synthetic_track_0,0.46013849785699923,75.49232961270263
55.81125,441,4017.617415,synthetic_track_0,0.3706548382514629,60.811249986995165
55.91125,439,4018.235382,synthetic_track_0,0.3712643551691284,60.911249991922425
70.900684,545,4019.054247,synthetic_track_0,0.4626274896860023,75.90068447201897
64.859643,498,4019.782737,synthetic_track_0,0.4258063200030531,69.85964271746808
66.944633,512,4020.579604,synthetic_track_0,0.43851469049894226,71.9446334295779
72.185191,562,4021.41965,synthetic_track_0,0.4704567714444566,77.18519059765863
70.271366,535,4022.151911,synthetic_track_0,0.45879168561903966,75.27136572059625
69.735972,537,4023.108627,synthetic_track_0,0.455528371698911,74.73597220052476
69.845888,545,4023.900858,synthetic_track_0,0.4561983282927299,74.84588820242924
70.571366,540,4029.850316,synthetic_track_0,0.46062023632545607,75.57136572773591
70.939062,543,4030.609092,synthetic_track_0,0.46286141012173915,75.93906247933641
69.376976,539,4031.349575,synthetic_track_0,0.4533402285030819,74.3769758806153
70.382552,539,4032.125199,synthetic_track_0,0.45946938703639617,75.38255237204217
55.18276,434,4032.721821,synthetic_track_0,0.3668240847389252,60.182759851567745
58.166727,455,4033.322903,synthetic_track_0,0.38501187110888285,63.16672743950248
71.189925,542,4034.041101,synthetic_track_0,0.46439046240009885,76.18992546761186
70.54011,561,4034.902871,synthetic_track_0,0.4604297254269339,75.54010967849632
53.151713,427,4035.497695,synthetic_track_0,0.35444451177353037,58.15171309690447
71.239062,538,4036.211897,synthetic_track_0,0.46468996086135206,76.23906249192243
70.544907,551,4036.992282,synthetic_track_0,0.4604589673589095,75.54490723744324
70.739063,536,4037.723851,synthetic_track_0,0.46164237659808727,75.73906252061732
67.57946,514,4038.430953,synthetic_track_0,0.44238406307153966,72.57945957649956
69.790138,539,4039.309008,synthetic_track_0,0.45585852423163425,74.79013846554906
57.41434,456,4039.940981,synthetic_track_0,0.38042594428762533,62.41434027611043
68.818547,531,4045.915106,synthetic_track_0,0.44993650858420914,73.8185467397771
70.939062,573,4046.71185,synthetic_track_0,0.46286141012173915,75.93906247933641
50.151491,407,4047.266847,synthetic_track_0,0.33615764980593793,55.15149073413986
71.237861,538,4048.099721,synthetic_track_0,0.46468263481272754,76.23786054842041
71.266918,546,4048.883031,synthetic_track_0,0.4648597431829313,76.26691772038681
67.550251,524,4049.595167,synthetic_track_0,0.44220603079148235,72.55025082385143
71.539062,562,4050.442229,synthetic_track_0,0.46651851150445506,76.5390624886746
58.250557,459,4051.078753,synthetic_track_0,0.38552282400238397,63.2505566005755
70.188679,554,4051.885422,synthetic_track_0,0.4582876971576768,75.18867917464672
57.259326,447,4052.550163,synthetic_track_0,0.3794811051299852,62.25932584143097
58.510037,459,4053.214937,synthetic_track_0,0.3871044014828322,63.510037102681046
71.071366,544,4053.952802,synthetic_track_0,0.46366782084288766,76.07136574074072
56.878947,451,4054.590628,synthetic_track_0,0.37716263038712505,61.87894675925924
70.882252,557,4055.375047,synthetic_track_0,0.46251514370334845,75.88225249992216
55.979876,437,4056.009586,synthetic_track_0,0.37168264027503284,60.97987567143867
70.406092,564,4056.915117,synthetic_track_0,0.4596128620404315,75.40609150720748
66.910987,513,4057.754828,synthetic_track_0,0.4383096108395551,71.9109871658651
70.503669,534,4063.819534,synthetic_track_0,0.46020761322465714,75.50366898148145
56.578947,452,4064.476742,synthetic_track_0,0.3753340796732789,61.57894675090064
70.70471,552,4065.25486,synthetic_track_0,0.4614329913630679,75.70470986538041
69.735972,538,4066.100082,synthetic_track_0,0.45552837169891097,74.73597220052474
56.973054,448,4066.762225,synthetic_track_0,0.3777362329556679,61.97305449936967
69.435972,537,4067.552846,synthetic_track_0,0.4536998210889949,74.43597220921737
71.470169,543,4068.363943,synthetic_track_0,0.4660985914770719,76.47016857680714
70.571366,539,4069.093985,synthetic_track_0,0.46062023632545607,75.57136572773591
58.218087,460,4069.725089,synthetic_track_0,0.38532491656974355,63.21808704367626
50.304559,411,4070.327133,synthetic_track_0,0.3370906294297336,55.30455944195185
70.874257,546,4071.122077,synthetic_track_0,0.46246641203873473,75.87425737040196
69.786535,541,4071.876464,synthetic_track_0,0.45583656108592857,74.78653509603605
57.472997,454,4072.489556,synthetic_track_0,0.38078346695062,62.472997004127116
56.622145,450,4073.155825,synthetic_track_0,0.3755973782438986,61.62214466320824
70.62354,545,4073.977485,synthetic_track_0,0.46093824499265035,75.623539617196
67.397174,520,4074.682867,synthetic_track_0,0.4412730039979001,72.39717437715845
56.304075,443,4080.620011,synthetic_track_0,0.37365869133499874,61.304075230148136
56.617613,450,4081.310943,synthetic_track_0,0.3755697567935274,61.61761296754374
66.583799,530,4082.119365,synthetic_track_0,0.43631534552583484,71.58379929721312
69.235972,538,4082.861265,synthetic_track_0,0.4524807872670475,74.23597220155861
71.706759,543,4083.681799,synthetic_track_0,0.46754065156191715,76.70675924625444
70.632853,547,4084.570756,synthetic_track_0,0.46099501370977014,75.63285334061723
69.884317,546,4085.397377,synthetic_track_0,0.4564325587373526,74.88431707115711
53.012923,421,4086.142035,synthetic_track_0,0.3535985622233402,58.01292292269366
67.485131,531,4086.990913,synthetic_track_0,0.4418091152714085,72.4851311318253
69.814248,547,4087.775198,synthetic_track_0,0.45600547870673064,74.81424845791811
56.178947,448,4088.461245,synthetic_track_0,0.372896012047746,61.17894673859567
67.675703,520,4089.297734,synthetic_track_0,0.44297068571106457,72.67570344626385
53.31397,426,4089.917504,synthetic_track_0,0.35543349625330956,58.31397020574683
56.01125,447,4090.554804,synthetic_track_0,0.3718738720550484,61.01124999164138
67.48558,521,4091.348159,synthetic_track_0,0.44181185187275046,72.48558011058167
71.389388,556,4092.229107,synthetic_track_0,0.4656062229524579,76.38938844838017
66.925662,510,4097.935472,synthetic_track_0,0.4383990552488135,71.9256618059076
70.859895,552,4098.684095,synthetic_track_0,0.46237887224190166,75.85989520938408
52.110659,419,4099.298923,synthetic_track_0,0.34809911043440284,57.110658867255616
70.009295,549,4100.250838,synthetic_track_0,0.45719432245887814,75.00929535100163
69.035972,534,4100.985064,synthetic_track_0,0.45126175374339567,74.03597224283953
70.912722,542,4101.772268,synthetic_track_0,0.4627008625940502,75.91272235145047
68.605154,528,4102.706686,synthetic_track_0,0.4486358444658305,73.60515410952044
62.816656,505,4103.532485,synthetic_track_0,0.4133539700413384,67.81665585125147
71.508665,543,4104.33434,synthetic_track_0,0.46633323259500464,76.50866482239009
67.192882,528,4105.188627,synthetic_track_0,0.4400278054318676,72.19288166742433
67.403813,512,4105.945244,synthetic_track_0,0.4413134669263504,72.40381290174591
51.101648,422,4106.621857,synthetic_track_0,0.3419490162649052,56.10164758401115
71.339062,544,4107.48213,synthetic_track_0,0.4652994777472721,76.33906249164139
70.671366,536,4108.182114,synthetic_track_0,0.46122975324312154,75.67136573266316
70.850117,527,4108.931023,synthetic_track_0,0.4623192712375517,75.85011680856216
69.435972,525,4109.70387,synthetic_track_0,0.4536998210889949,74.43597220921737
68.088463,527,4115.459504,synthetic_track_0,0.44548652775926023,73.08846346969251
69.339853,533,4116.170693,synthetic_track_0,0.45311395720980485,74.33985282498419
67.12331,517,4116.822909,synthetic_track_0,0.439603752531852,72.12330969844045
67.438766,530,4117.529349,synthetic_track_0,0.44152651402586196,72.4387663384487
66.619747,519,4118.239477,synthetic_track_0,0.4365344520545721,71.61974687031288
55.529999,438,4118.843765,synthetic_track_0,0.3689405687438565,60.52999945195854
55.079795,435,4119.423814,synthetic_track_0,0.3661964937752674,60.079794539795174
68.042714,524,4120.10883,synthetic_track_0,0.4452076770722877,73.04271400931982
70.946026,562,4120.868786,synthetic_track_0,0.4629038521995682,75.94602571180629
70.910674,548,4121.649635,synthetic_track_0,0.4626883784918411,75.910674155172
70.40149,544,4122.352811,synthetic_track_0,0.45958481775418775,75.40149043924484
70.671366,540,4123.097537,synthetic_track_0,0.46122975324312143,75.67136573266315
69.435972,541,4123.760264,synthetic_track_0,0.4536998210889949,74.43597220921737
58.567624,459,4124.388072,synthetic_track_0,0.3874554048024935,63.56762423878558
50.601979,411,4124.921072,synthetic_track_0,0.33890345286885926,55.60197916499932
70.871366,548,4125.691892,synthetic_track_0,0.462448786935372,75.87136571904327
71.539062,547,4131.215262,synthetic_track_0,0.46651851150445517,76.53906248867462
70.571366,546,4132.092333,synthetic_track_0,0.460620236325456,75.5713657277359
69.233097,531,4132.903919,synthetic_track_0,0.45246326244065865,74.23309700207777
62.586215,483,4133.633322,synthetic_track_0,0.41194939131119657,67.58621453639367
69.935972,538,4134.514984,synthetic_track_0,0.45674740560642657,74.93597222222219
70.414506,537,4135.345035,synthetic_track_0,0.4596641520740808,75.41450637391421
71.267209,550,4136.138635,synthetic_track_0,0.46486151751851235,76.26720882562394
70.085039,525,4136.94384,synthetic_track_0,0.4576559955718161,75.08503945626026
69.115437,541,4137.861094,synthetic_track_0,0.4517461077229922,74.11543747004225
70.716191,537,4138.700275,synthetic_track_0,0.46150297004944146,75.7161908739945
70.571366,543,4139.632246,synthetic_track_0,0.460620236325456,75.5713657277359
69.09212,534,4140.619164,synthetic_track_0,0.4516039862953078,74.09212040851894
70.392033,564,4141.622163,synthetic_track_0,0.4595271707150855,75.39203261448692
71.406759,551,4142.560922,synthetic_track_0,0.4657121008555007,76.40675923911478
70.412773,539,4143.387717,synthetic_track_0,0.4596535847990069,75.41277266065896
70.296123,549,4149.686653,synthetic_track_0,0.4589425866655656,75.29612320469353
57.298822,450,4150.302027,synthetic_track_0,0.37972183939567444,62.298821755420185
68.265402,526,4151.059422,synthetic_track_0,0.44656499909836084,73.26540218311992
65.366568,508,4151.883111,synthetic_track_0,0.42889611745577766,70.36656836881852
70.571366,546,4152.713861,synthetic_track_0,0.460620236325456,75.5713657277359
69.535972,542,4153.47901,synthetic_track_0,0.4543093380066604,74.53597221414462
68.000579,525,4154.250113,synthetic_track_0,0.4449508551461176,73.00057868355921
70.610121,544,4155.075069,synthetic_track_0,0.4608564545631412,75.61012072246665
57.185115,454,4155.653517,synthetic_track_0,0.37902877865426726,62.185115186255445
70.433538,537,4156.39484,synthetic_track_0,0.45978015271687595,75.43353794549964
70.924953,564,4157.241665,synthetic_track_0,0.46277540906290154,75.9249527703878
67.128729,515,4157.962922,synthetic_track_0,0.4396367839274243,72.12872897331904
70.271366,539,4158.742089,synthetic_track_0,0.45879168561903966,75.27136572059625
69.949929,548,4159.571993,synthetic_track_0,0.45683247560883206,74.9499291779902
70.534981,545,4160.32852,synthetic_track_0,0.46039846484303093,75.53498093070651
56.788759,451,4160.984298,synthetic_track_0,0.3766129201237911,61.788758894987154
68.391359,527,4167.10316,synthetic_track_0,0.4473327256772289,73.3913587553569
69.838338,538,4167.884921,synthetic_track_0,0.4561523086479057,74.83833801870867
56.120691,443,4168.503272,synthetic_track_0,0.37254093424304924,61.12069112469863
53.290352,427,4169.127455,synthetic_track_0,0.3552895393516381,58.29035200835274
70.944403,568,4169.924279,synthetic_track_0,0.46289395940937356,75.94440265748321
50.00405,404,4170.519387,synthetic_track_0,0.3352589737714761,55.004050022865776
70.314967,547,4171.34484,synthetic_track_0,0.4590574400608252,75.31496655384267
70.885267,549,4172.10016,synthetic_track_0,0.4625335176404369,75.88526700820917
49.703051,405,4172.686852,synthetic_track_0,0.33342433545413797,54.70305125571713
71.64274,548,4173.491158,synthetic_track_0,0.4671504419830497,76.64273976020168
71.484351,528,4174.210944,synthetic_track_0,0.46618503308152603,76.48435056359176
71.339062,562,4175.009337,synthetic_track_0,0.4652994777472721,76.33906249164139
59.76249,454,4175.741926,synthetic_track_0,0.39473831509681884,64.7624902781184
69.735972,528,4176.508266,synthetic_track_0,0.455528371698911,74.73597220052476
56.572186,449,4177.089386,synthetic_track_0,0.37529287235266695,61.57218609808723
70.271366,536,4177.938932,synthetic_track_0,0.45879168561903966,75.27136572059625
52.629457,428,4178.536491,synthetic_track_0,0.3512612753115318,57.629457434003925
55.143704,437,4184.475751,synthetic_track_0,0.3665860336853944,60.143704157072506
69.374283,543,4185.314932,synthetic_track_0,0.4533238137721074,74.37428280823165
71.320296,537,4186.0787,synthetic_track_0,0.46518509244354095,76.32029593963077
49.03707,401,4186.659177,synthetic_track_0,0.32936506719592296,54.037069994069284
55.713053,441,4187.379509,synthetic_track_0,0.3700563130415601,60.71305332960195
69.59696,535,4188.148596,synthetic_track_0,0.45468106736167935,74.59695975404077
71.806759,582,4188.925069,synthetic_track_0,0.46815016847958263,76.80675925118169
49.605712,403,4189.557362,synthetic_track_0,0.33283103827622956,54.60571233206361
71.575772,549,4190.350096,synthetic_track_0,0.4667422646416676,76.57577240463468
53.430082,427,4191.014934,synthetic_track_0,0.35614121734567517,58.430082016055145
57.981082,456,4191.769911,synthetic_track_0,0.38388033044790126,62.981081941577756
57.606579,451,4192.431022,synthetic_track_0,0.38159767215111307,62.60657906182119
70.343854,545,4193.18106,synthetic_track_0,0.4592335166901198,75.34385445389385
69.204101,537,4193.973503,synthetic_track_0,0.45228652954349796,74.20410143185707
68.990788,551,4194.786445,synthetic_track_0,0.4509863486661993,73.99078808424044
69.903669,546,4195.4729,synthetic_track_0,0.45655051188869644,74.90366897981413
56.277619,450,4201.123091,synthetic_track_0,0.3734974354638141,61.27761888833768
66.002673,506,4201.76037,synthetic_track_0,0.43277328416410604,71.0026732556552
52.800403,429,4202.309338,synthetic_track_0,0.3523032143986838,57.80040250678087
59.445849,465,4203.119162,synthetic_track_0,0.3928083305069258,64.44584858548411
56.278947,446,4203.728654,synthetic_track_0,0.37350552905116435,61.27894675759192
57.572106,459,4204.368802,synthetic_track_0,0.3813875551094927,62.572106343200325
53.272826,434,4205.019524,synthetic_track_0,0.35518271773029814,58.27282638707671
70.643523,563,4205.844945,synthetic_track_0,0.4610600450922637,75.64352267297095
49.597962,406,4206.380941,synthetic_track_0,0.3327838012329689,54.59796241664386
52.486246,430,4206.984041,synthetic_track_0,0.3503883781849349,57.48624612283145
69.235972,538,4207.831277,synthetic_track_0,0.4524807872670476,74.23597220155862
56.278947,448,4208.456677,synthetic_track_0,0.37350552905116435,61.27894675759192
70.571366,555,4209.091924,synthetic_track_0,0.46062023632545607,75.57136572773591
52.513408,426,4209.753977,synthetic_track_0,0.35055393744953167,57.513408498141466
53.152844,427,4210.395057,synthetic_track_0,0.35445140398279157,58.15284386282763
64.994196,504,4211.096578,synthetic_track_0,0.42662644321176685,69.99419570941201
50.738918,406,4211.626569,synthetic_track_0,0.33973811618914923,55.73891767108916
52.553266,427,4212.303803,synthetic_track_0,0.3507968777074926,57.55326633684785
69.535972,536,4217.913164,synthetic_track_0,0.4543093380066604,74.53597221414462
50.807023,420,4218.459169,synthetic_track_0,0.34015322830042416,55.80702277526224
68.432664,550,4219.063882,synthetic_track_0,0.4475844896513711,73.43266425143919
70.171366,564,4219.663229,synthetic_track_0,0.45818216897985675,75.17136576135806
69.735072,540,4220.194914,synthetic_track_0,0.455522885313456,74.73507208018907
67.152651,516,4220.708373,synthetic_track_0,0.43978259329734903,72.15265109473737
49.687812,403,4221.126605,synthetic_track_0,0.33333145017587423,54.687812091692585
52.64473,432,4221.645104,synthetic_track_0,0.3513543652118542,57.644730169216224
70.303669,545,4222.240874,synthetic_track_0,0.4589885793171415,75.303668959784
70.67769,562,4222.801179,synthetic_track_0,0.46126830293643006,75.67769036354554
52.821505,426,4223.266663,synthetic_track_0,0.3524318379219524,57.82150504321231
57.587157,452,4223.845295,synthetic_track_0,0.38147929408818537,62.58715744031578
70.197614,575,4224.558655,synthetic_track_0,0.45834215528735656,75.19761381301109
58.582037,456,4225.096678,synthetic_track_0,0.3875432532418165,63.58203703703701
70.039527,549,4225.69416,synthetic_track_0,0.4573785864587763,75.03952650679679
53.23263,430,4226.201932,synthetic_track_0,0.35493771185161577,58.232629653622155
55.571392,447,4230.885228,synthetic_track_0,0.36919286467227147,60.57139222277983
58.131594,452,4231.337326,synthetic_track_0,0.38479772948827723,63.13159443089345
69.135972,551,4231.943197,synthetic_track_0,0.45187127038257857,74.13597220207772
72.412617,572,4232.629566,synthetic_track_0,0.47184297241505624,77.41261677710098
70.871366,548,4233.218811,synthetic_track_0,0.4624487869353721,75.87136571904328
44.170623,373,4233.603166,synthetic_track_0,0.2997032492787681,49.17062272755579
58.511571,457,4234.0732,synthetic_track_0,0.3871137509592955,63.5115710185828
50.811698,414,4234.519193,synthetic_track_0,0.340181726841833,55.811698370309244
70.028271,531,4235.149478,synthetic_track_0,0.45730998524803707,75.02827149284539
70.971366,559,4235.788826,synthetic_track_0,0.46305830388622465,75.97136572941535
52.315813,418,4236.213452,synthetic_track_0,0.3493495620555105,57.31581341612524
51.368846,423,4236.643892,synthetic_track_0,0.3435776381395836,56.368846394695936
70.777441,548,4237.274999,synthetic_track_0,0.461876297466568,75.77744059893261
70.303669,551,4237.898932,synthetic_track_0,0.4589885793171415,75.303668959784
52.810501,430,4238.347719,synthetic_track_0,0.3523647676628356,57.81050120386387
70.671366,565,4239.006455,synthetic_track_0,0.46122975324312143,75.67136573266315
52.983615,429,4239.561917,synthetic_track_0,0.35341992565748986,57.98361502828174
68.359251,523,4244.177471,synthetic_track_0,0.44713702259890603,73.35925085444494
49.338201,401,4244.581016,synthetic_track_0,0.3312005115735977,54.338201006993714
58.389449,457,4245.031226,synthetic_track_0,0.386369394564791,63.38944866076018
56.329597,447,4245.501294,synthetic_track_0,0.37381424781674044,61.32959650525928
70.671366,544,4246.15503,synthetic_track_0,0.46122975324312143,75.67136573266315
69.135972,549,4246.778379,synthetic_track_0,0.45187127038257846,74.13597220207771
70.171366,543,4247.372911,synthetic_track_0,0.45818216897985675,75.17136576135806
70.262059,531,4247.97107,synthetic_track_0,0.4587349614403671,75.262059304347
65.947337,503,4248.588565,synthetic_track_0,0.4324359997992504,70.94733691113397
70.306733,543,4249.321022,synthetic_track_0,0.4590072562498148,75.30673317884869
52.635205,421,4249.785295,synthetic_track_0,0.3512963070682606,57.63520489686174
58.67158,459,4250.282897,synthetic_track_0,0.3880890311292243,63.671579738557114
70.571366,554,4251.085911,synthetic_track_0,0.460620236325456,75.5713657277359
65.745399,499,4251.65134,synthetic_track_0,0.43120515712526564,70.74539949168616
71.17707,538,4252.33239,synthetic_track_0,0.4643121061621741,76.17707000133774
70.203669,540,4253.104245,synthetic_track_0,0.45837906251081106,75.20366897312286
52.994923,426,4253.597699,synthetic_track_0,0.35348885157910714,57.994923315716555
57.973778,453,4258.389159,synthetic_track_0,0.38383580930122013,62.97377760800072
55.489909,436,4258.912993,synthetic_track_0,0.3686962110419041,60.48990906120639
58.486912,455,4259.411923,synthetic_track_0,0.38696344836673474,63.4869117194542
66.387382,528,4260.110343,synthetic_track_0,0.43511814974800234,71.38738213435457
64.262157,509,4260.695125,synthetic_track_0,0.4221645433511916,69.262156950338
56.846644,449,4261.213883,synthetic_track_0,0.3769657366693948,61.84664351685117
58.944264,459,4261.753967,synthetic_track_0,0.3897510858025376,63.94426368005833
49.680095,404,4262.207369,synthetic_track_0,0.3332844125957775,54.68009490106979
70.774817,549,4262.814065,synthetic_track_0,0.46186030612451695,75.77481698958306
52.205069,422,4263.25225,synthetic_track_0,0.3486745587201324,57.20506942378085
70.56457,553,4263.808799,synthetic_track_0,0.46057881656351946,75.56457022087186
55.789538,441,4264.328524,synthetic_track_0,0.37052249962005096,60.78953793371213
51.769676,423,4264.822059,synthetic_track_0,0.34602076182305047,56.76967592592591
50.599371,411,4265.282168,synthetic_track_0,0.3388875538936168,55.5993707097514
71.706759,668,4265.936771,synthetic_track_0,0.46754065156191715,76.70675924625444
70.578053,550,4266.566752,synthetic_track_0,0.460660994591223,75.57805270665214
52.066043,420,4266.976917,synthetic_track_0,0.3478271667996209,57.06604260800183
51.915509,418,4271.477485,synthetic_track_0,0.34690963686481524,56.915508643574896
70.471366,545,4272.105918,synthetic_track_0,0.46001071950692696,75.47136573907339
54.549747,429,4272.564103,synthetic_track_0,0.3629657672736856,59.54974745379434
70.303669,547,4273.164443,synthetic_track_0,0.45898857931714154,75.30366895978402
70.871366,544,4273.734174,synthetic_track_0,0.462448786935372,75.87136571904327
52.405069,423,4274.163005,synthetic_track_0,0.34989359254207986,57.40506943143961
69.572948,534,4274.754966,synthetic_track_0,0.4545347126285432,74.57294815795449
70.271366,541,4275.33382,synthetic_track_0,0.45879168561903966,75.27136572059625
52.737364,425,4275.796486,synthetic_track_0,0.3519189828318278,57.73736379946168
71.539062,555,4276.339,synthetic_track_0,0.46651851150445506,76.5390624886746
69.71714,536,4276.889391,synthetic_track_0,0.45541358633380014,74.71714001269865
69.499935,537,4277.456893,synthetic_track_0,0.45408968756042134,74.49993540356633
54.7769,434,4277.949328,synthetic_track_0,0.36435029827703663,59.77689965112355
65.068209,501,4278.59737,synthetic_track_0,0.42707756505681316,70.06820872762357
71.176382,563,4279.22086,synthetic_track_0,0.46430791238119345,76.17638195133195
70.971366,558,4279.871126,synthetic_track_0,0.46305830388622454,75.97136572941534
69.235972,548,4284.852305,synthetic_track_0,0.4524807872670476,74.23597220155862
62.370233,493,4285.458836,synthetic_track_0,0.4106329492042957,67.37023330049828
53.437172,428,4286.023877,synthetic_track_0,0.35618442988772353,58.4371716542465
71.006303,550,4286.72093,synthetic_track_0,0.4632712494324108,76.00630250483648
70.319405,549,4287.297423,synthetic_track_0,0.4590844934594784,75.3194050524638
69.235972,543,4287.822156,synthetic_track_0,0.4524807872670475,74.23597220155861
69.635972,542,4288.419981,synthetic_track_0,0.4549188548925805,74.6359722138636
69.140728,541,4289.04374,synthetic_track_0,0.45190025610052575,74.14072772543324
63.31218,503,4289.558052,synthetic_track_0,0.4163742703632439,68.31217950009318
67.541446,530,4290.089341,synthetic_track_0,0.44215236215597853,72.54144571334625
54.975856,443,4290.535256,synthetic_track_0,0.3655629736249179,59.97585645978402
71.639062,681,4291.327306,synthetic_track_0,0.46712802846111817,76.63906249999998
68.868275,548,4291.895188,synthetic_track_0,0.4502396134707645,73.86827544995812
53.056844,427,4292.333555,synthetic_track_0,0.35386626685764017,58.056843713032976
71.322347,553,4292.982337,synthetic_track_0,0.4651975937646722,76.32234696092073
52.94112,427,4293.628794,synthetic_track_0,0.353160911764364,57.941120078858475
70.688737,555,4298.538661,synthetic_track_0,0.46133563472819317,75.68873711108104
57.11434,454,4299.018756,synthetic_track_0,0.3785973937605551,62.1143402983951
29.530717,301,4299.342285,synthetic_track_0,0.21047055232834452,34.53071713003436
69.335972,540,4299.918518,synthetic_track_0,0.45309030427046587,74.33597222055486
58.194503,460,4300.439355,synthetic_track_0,0.38518116779990874,63.19450299329941
66.63307,513,4300.992215,synthetic_track_0,0.43661566047747635,71.63307027849926
58.464516,458,4301.438682,synthetic_track_0,0.3868269447155838,63.46451633486018
70.442087,544,4302.009535,synthetic_track_0,0.4598322611902638,75.44208708900085
43.471118,374,4302.436279,synthetic_track_0,0.295439652005401,48.4711183561635
71.014552,553,4303.03653,synthetic_track_0,0.4633215306464087,76.01455186018956
69.385583,536,4303.633429,synthetic_track_0,0.4533926912091797,74.38558314108047
65.19255,501,4304.309691,synthetic_track_0,0.4278354464645753,70.19255005813292
69.535972,539,4304.939583,synthetic_track_0,0.45430933800666046,74.53597221414464
68.137498,526,4305.559661,synthetic_track_0,0.44578540172743153,73.1374980369433
71.793196,549,4306.165588,synthetic_track_0,0.46806749566684475,76.79319558880985
71.039062,558,4306.87107,synthetic_track_0,0.4634709271251575,76.03906249833265
70.051544,545,4311.486761,synthetic_track_0,0.4574518324012706,75.05154355570559
68.842365,541,4312.10591,synthetic_track_0,0.45008168442483126,73.84236492161385
58.893107,469,4312.587488,synthetic_track_0,0.3894392794706716,63.89310737279392
46.382473,392,4313.022371,synthetic_track_0,0.3131848508429703,51.38247310245786
70.648408,570,4313.636706,synthetic_track_0,0.461089821140954,75.6484078614365
69.086307,531,4314.20211,synthetic_track_0,0.45156855330013324,74.08630711673105
55.494879,442,4314.709149,synthetic_track_0,0.36872650444984467,60.49487912988787
49.849421,405,4315.152269,synthetic_track_0,0.3343164856524454,54.849421309838526
69.635972,540,4315.761048,synthetic_track_0,0.4549188548925805,74.6359722138636
53.66999,436,4316.248918,synthetic_track_0,0.357603496858599,58.66998997309345
70.971366,554,4316.843201,synthetic_track_0,0.46305830388622454,75.97136572941534
51.001979,416,4317.273333,synthetic_track_0,0.3413415202973044,56.00197914496921
70.342922,555,4317.896498,synthetic_track_0,0.45922783064705686,75.34292157685988
36.364573,336,4318.2709,synthetic_track_0,0.25212406004791926,41.3645733471002
51.504016,424,4318.707423,synthetic_track_0,0.3444015208482034,56.50401618659773
70.203669,548,4319.319973,synthetic_track_0,0.45837906251081095,75.20366897312284
69.262619,538,4320.055086,synthetic_track_0,0.4526432024914031,74.26261875190873
69.068275,550,4325.527408,synthetic_track_0,0.45145864727435,74.06827545460433
49.134182,403,4326.029847,synthetic_track_0,0.3299569839298579,54.13418243606143
70.371366,554,4326.67671,synthetic_track_0,0.45940120250350863,75.37136572007715
58.083152,453,4327.257757,synthetic_track_0,0.3845024660761341,63.083152227218044
69.020027,535,4327.909752,synthetic_track_0,0.45116456278646866,74.02002667038715
50.224238,410,4328.368007,synthetic_track_0,0.33660105568329934,55.2242378370271
71.308735,554,4328.932247,synthetic_track_0,0.46511462381294866,76.30873454863044
58.030446,453,4329.426608,synthetic_track_0,0.38418121332921645,63.030446099884124
58.493173,461,4329.9976,synthetic_track_0,0.3870016112434481,63.493172887518234
50.301979,413,4330.513197,synthetic_track_0,0.3370749023417891,55.301979187284
56.697726,458,4330.974678,synthetic_track_0,0.3760580597375467,61.697726079079594
69.453699,536,4331.638395,synthetic_track_0,0.45380786767793724,74.45369880402295
69.835972,539,4332.206545,synthetic_track_0,0.4561378886497635,74.83597221089681
53.962517,433,4332.663956,synthetic_track_0,0.35938650067659894,58.96251735899149
70.820627,552,4333.24234,synthetic_track_0,0.46213952428132177,75.82062673865977
51.091533,425,4333.755255,synthetic_track_0,0.3418873647570147,56.091532768631716
35.132597,329,4334.187334,synthetic_track_0,0.2446149583964671,40.132597366809826
35.777414,336,4334.592354,synthetic_track_0,0.2485452254254493,40.777414123937746
68.585651,540,4339.227825,synthetic_track_0,0.448516971568076,73.5856513032543
68.940707,533,4339.930402,synthetic_track_0,0.4506810967052314,73.94070711566329
69.350691,540,4340.594496,synthetic_track_0,0.4531800174163206,74.35069095069589
70.171366,550,4341.213019,synthetic_track_0,0.45818216897985675,75.17136576135806
36.340487,335,4341.581324,synthetic_track_0,0.2519772474829923,41.34048663713272
69.337577,539,4342.16863,synthetic_track_0,0.4531000853566885,74.33757694823692
69.459373,552,4342.708485,synthetic_track_0,0.4538424517149601,74.45937281203234
69.44036,543,4343.310013,synthetic_track_0,0.45372656465730693,74.44035987572089
70.257189,545,4343.89213,synthetic_track_0,0.45870527320822096,75.25718852344684
69.040615,542,4344.446659,synthetic_track_0,0.45129005137056144,74.0406148750192
71.284376,550,4345.08976,synthetic_track_0,0.46496615176556255,76.28437557673014
70.403669,544,4345.674369,synthetic_track_0,0.459598096267994,75.40366897015608
70.971366,548,4346.326786,synthetic_track_0,0.46305830388622454,75.97136572941534
69.935972,545,4347.050395,synthetic_track_0,0.45674740560642657,74.93597222222219
48.916571,400,4347.614111,synthetic_track_0,0.3286306028306248,53.91657056571868
55.259261,441,4352.537584,synthetic_track_0,0.3672903710668131,60.25926082099924
70.828225,552,4353.23773,synthetic_track_0,0.4621858397745669,75.8282254605631
70.454865,550,4353.927621,synthetic_track_0,0.4599101462343501,75.45486524915795
55.351926,437,4354.60502,synthetic_track_0,0.36785518161065545,60.35192610317636
68.802221,528,4355.265943,synthetic_track_0,0.44983699910899966,73.80222078109925
63.469652,499,4355.898942,synthetic_track_0,0.41733409375058383,68.46965231287565
52.955995,426,4356.479685,synthetic_track_0,0.35325157895166204,57.95599533320133
70.689449,553,4357.14044,synthetic_track_0,0.4613399740128603,75.68944903305649
70.010451,543,4357.815184,synthetic_track_0,0.4572013672604291,75.01045115188161
69.817202,533,4358.420264,synthetic_track_0,0.4560234823362146,74.81720221192383
70.171366,545,4359.125252,synthetic_track_0,0.45818216897985675,75.17136576135806
70.940303,549,4359.767623,synthetic_track_0,0.4628689703229871,75.94030283893946
56.55766,440,4360.314443,synthetic_track_0,0.3752043354145856,61.55766034172547
69.735972,539,4360.989033,synthetic_track_0,0.455528371698911,74.73597220052476
70.303669,546,4361.677747,synthetic_track_0,0.45898857931714154,75.30366895978402
55.818897,447,4362.222079,synthetic_track_0,0.37070144709501207,60.81889683722932
69.803669,553,4367.596463,synthetic_track_0,0.4559409948852781,74.80366896081789
69.352575,533,4368.249172,synthetic_track_0,0.45319149918490104,74.3525746997459
69.535972,542,4368.870339,synthetic_track_0,0.45430933800666046,74.53597221414464
51.652142,418,4369.386529,synthetic_track_0,0.3453043751319829,56.65214239968522
68.083881,518,4370.057612,synthetic_track_0,0.4454585983828159,73.08388125433294
69.890066,541,4370.691308,synthetic_track_0,0.4564675975504416,74.89006569171217
58.01434,456,4371.247744,synthetic_track_0,0.38408304562358603,63.014340277777755
71.339062,560,4371.90742,synthetic_track_0,0.46529947774727204,76.33906249164137
69.604946,530,4372.607583,synthetic_track_0,0.4547297435834639,74.60494578736851
52.772766,422,4373.103589,synthetic_track_0,0.3521347663383629,57.772766183040105
54.751367,434,4373.641081,synthetic_track_0,0.364194675313419,59.751367468705766
47.445526,401,4374.125403,synthetic_track_0,0.3196643384927638,52.44552611727355
68.855622,533,4374.783423,synthetic_track_0,0.45016248612234067,73.85562160065734
68.968275,538,4375.410367,synthetic_track_0,0.45084913038842994,73.96827545488537
67.638974,521,4376.056474,synthetic_track_0,0.4427468154968111,72.63897432213362
69.541907,534,4376.751085,synthetic_track_0,0.454345513046739,74.54190724905712
68.668275,538,4377.416545,synthetic_track_0,0.44902057964881703,73.66827544229936
68.168164,523,4382.709043,synthetic_track_0,0.44597231653452724,73.16816409573316
69.599756,533,4383.347431,synthetic_track_0,0.454698111089442,74.5997560223819
68.758496,536,4384.142401,synthetic_track_0,0.4495704887780576,73.75849593337978
69.803669,554,4384.81198,synthetic_track_0,0.4559409948852781,74.80366896081789
69.070064,538,4385.510944,synthetic_track_0,0.45146955059701577,74.07006430129374
69.379783,540,4386.204994,synthetic_track_0,0.4533573395432828,74.37978319252873
52.459248,422,4386.701182,synthetic_track_0,0.35022381804053615,57.459247667540446
70.436306,533,4387.318472,synthetic_track_0,0.45979702263242145,75.43630569745004
69.603669,533,4388.004202,synthetic_track_0,0.45472196136162624,74.6036690020988
66.49061,511,4388.628737,synthetic_track_0,0.4357473434019402,71.49061039048728
68.090109,524,4389.302929,synthetic_track_0,0.44549656003033694,73.09010940785768
68.99064,532,4389.980065,synthetic_track_0,0.4509854465987358,73.99064008711652
70.488954,540,4390.634539,synthetic_track_0,0.4601179249448087,75.48895433096591
70.447303,539,4391.27508,synthetic_track_0,0.45986405513858497,75.44730334288425
53.488194,428,4391.815633,synthetic_track_0,0.3564954182508662,58.48819376199323
68.849309,526,4397.344425,synthetic_track_0,0.45012400965957344,73.8493089842971
52.574142,425,4397.855254,synthetic_track_0,0.35092411609850266,57.574141622437416
68.03892,534,4398.499003,synthetic_track_0,0.44518454953701075,73.03891960497333
49.86988,404,4399.017954,synthetic_track_0,0.3344411818787268,54.86987951679085
68.937947,531,4399.68539,synthetic_track_0,0.4506642716136752,73.93794671773215
69.184513,533,4400.377691,synthetic_track_0,0.4521671330952423,74.18451272961137
69.301512,528,4401.00142,synthetic_track_0,0.45288026204672005,74.30151177688094
30.712294,306,4401.583991,synthetic_track_0,0.21767246355498843,35.712294108912126
58.3371,452,4402.110985,synthetic_track_0,0.38605031818042057,63.337099596961544
52.535739,423,4402.606777,synthetic_track_0,0.3506900452433103,57.5357389366478
69.169272,524,4403.249031,synthetic_track_0,0.4520742385200604,74.16927204029386
70.994558,543,4403.954131,synthetic_track_0,0.46319966769162524,75.99455849212117
49.31566,401,4404.413172,synthetic_track_0,0.3310631193039328,54.31565983176911
60.199068,488,4404.99895,synthetic_track_0,0.3973993274724282,65.19906757886278
55.810813,445,4405.524907,synthetic_track_0,0.3706521730363241,60.81081272017075
58.540467,455,4406.094094,synthetic_track_0,0.3872898738439541,63.540466507490834
55.291155,435,4406.614385,synthetic_track_0,0.36748477221710185,60.291155121917406
49.927725,405,4407.095196,synthetic_track_0,0.33479375745574796,54.92772460429784
70.028464,536,4412.530253,synthetic_track_0,0.4573111566573106,75.02846367936183
69.435972,531,4413.168871,synthetic_track_0,0.4536998210889949,74.43597220921737
49.666586,405,4413.651435,synthetic_track_0,0.33320207136859287,54.66658564007057
58.452364,454,4414.188284,synthetic_track_0,0.3867528772282141,63.45236449971459
58.707835,458,4414.815455,synthetic_track_0,0.3883100138659082,63.70783513051877
62.597071,472,4415.579592,synthetic_track_0,0.41201556438079,67.59707117891435
70.691439,540,4416.209459,synthetic_track_0,0.4613521008324238,75.69143861198523
52.291059,424,4416.705472,synthetic_track_0,0.34919868164818074,57.291059318184544
57.91434,455,4417.290364,synthetic_track_0,0.3834735286669229,62.91434026645238
51.985419,420,4417.810955,synthetic_track_0,0.34733575315342263,56.985419141094035
52.445405,420,4418.325214,synthetic_track_0,0.3501394475719322,57.44540548034009
71.035551,535,4418.97504,synthetic_track_0,0.46344952173784304,76.03555063709489
50.073251,407,4419.532226,synthetic_track_0,0.3356807675027788,55.073251342773524
49.697123,405,4420.033765,synthetic_track_0,0.3333881997188013,54.69712266931209
67.156969,517,4420.756541,synthetic_track_0,0.4398089111729107,72.15696892023091
69.535972,533,4421.566492,synthetic_track_0,0.45430933800666046,74.53597221414464
69.582277,535,4422.214125,synthetic_track_0,0.454591573939281,74.58227707268868
69.135972,530,4427.864406,synthetic_track_0,0.45187127038257857,74.13597220207772
69.198412,532,4428.542443,synthetic_track_0,0.4522518505140056,74.19841183896867
69.091256,529,4429.195371,synthetic_track_0,0.45159871995798107,74.09125639023928
51.723731,417,4429.725062,synthetic_track_0,0.3457407198706213,56.72373102134473
68.901472,531,4430.400041,synthetic_track_0,0.45044195419017,73.90147235122714
69.4064,539,4431.178784,synthetic_track_0,0.45351957464306003,74.40640019085461
55.43842,439,4431.793097,synthetic_track_0,0.3683823738393259,60.438419560431946
50.794818,417,4432.351071,synthetic_track_0,0.3400788400428898,55.794818313163866
52.677476,426,4432.95886,synthetic_track_0,0.35155395947655455,57.67747647514311
69.216946,541,4433.587735,synthetic_track_0,0.45236481967197856,74.21694605192734
69.268275,532,4434.234481,synthetic_track_0,0.45267768103153305,74.26827545163756
69.598091,528,4434.892425,synthetic_track_0,0.4546879650767032,74.59809142326337
69.26193,530,4435.602191,synthetic_track_0,0.45263900476768487,74.26193005504021
70.137864,539,4436.249501,synthetic_track_0,0.4579779725121085,75.13786439791902
70.368685,537,4436.908867,synthetic_track_0,0.4593848616626418,75.36868477042697
63.384797,505,4437.644547,synthetic_track_0,0.41681688798821037,68.38479727885323
69.533552,532,4438.32876,synthetic_track_0,0.4542945878696918,74.53355224231646
