#{"t_start": 1791259014.4319305, "env_id": "f1tenth-v0"}
r,l,t,track_name,laps,progress_m
-2.655355,99,4.614089,synthetic_track_0,0.014291004555822065,2.3446445612556426
-1.27446,130,4.783775,synthetic_track_0,0.02270779570727583,3.725540041303686
3.676154,224,5.096239,synthetic_track_0,0.052882620910095615,8.676153521432227
3.301261,202,5.378572,synthetic_track_0,0.05059758932390432,8.301261269461168
-0.046738,155,5.594374,synthetic_track_0,0.030190967035867863,4.953261779687682
3.118971,203,5.862334,synthetic_track_0,0.049486501740475905,8.118971392679708
2.747952,185,6.138545,synthetic_track_0,0.047225073522010726,7.747951612202882
2.189278,173,6.377031,synthetic_track_0,0.04381986247446961,7.18927783028933
-1.988716,128,6.564246,synthetic_track_0,0.01835428668604011,3.0112843562574403
0.944422,167,6.800327,synthetic_track_0,0.03623225548795021,5.944421922197104
-1.043858,121,6.962008,synthetic_track_0,0.024113353081347797,3.9561419167546332
1.312361,185,7.205779,synthetic_track_0,0.03847490690133445,6.312361098106292
-2.443262,98,8.631873,synthetic_track_0,0.01558374844228496,2.5567377637070328
0.201324,142,8.8364,synthetic_track_0,0.03170294614519892,5.20132366935946
2.147755,175,9.069656,synthetic_track_0,0.043566771431379034,7.147754609485157
2.607104,201,9.344972,synthetic_track_0,0.046366586128712375,7.6071044247472255
-2.100808,120,9.503892,synthetic_track_0,0.017671065667171484,2.8991921349045855
-0.432124,143,9.686766,synthetic_track_0,0.02784197865522354,4.567876496965434
-1.290198,119,9.87784,synthetic_track_0,0.022611868531618645,3.709801810320504
2.747755,203,10.153289,synthetic_track_0,0.04722387274771149,7.747754607932188
2.047755,199,10.42995,synthetic_track_0,0.042957254792196156,7.04775465024697
3.315451,220,10.741261,synthetic_track_0,0.05068408036594199,8.315451367191447
3.298964,202,11.032709,synthetic_track_0,0.05058358969712095,8.298964429608587
2.615451,198,11.302337,synthetic_track_0,0.04641746241042665,7.615451409506228
2.380722,194,12.871708,synthetic_track_0,0.044986745016772134,7.380721671465574
2.837006,197,13.169889,synthetic_track_0,0.04776787378358643,7.837005791437128
1.678792,170,13.406973,synthetic_track_0,0.04070836475508824,6.67879193850961
2.229512,201,13.666561,synthetic_track_0,0.0440650962672552,7.229511956326089
3.080022,205,13.928493,synthetic_track_0,0.04924909679542104,8.080021701560106
3.629398,227,14.220909,synthetic_track_0,0.052597640379035374,8.629398372093062
-1.454221,122,14.38173,synthetic_track_0,0.02161212006181189,3.5457787143093067
22.672738,433,14.96,synthetic_track_0,0.16867001264495576,27.672738207462363
3.943958,225,15.249902,synthetic_track_0,0.05451493173031174,8.943957556617374
3.616091,224,16.865972,synthetic_track_0,0.05251653025960809,8.616091092004028
4.68091,217,17.166874,synthetic_track_0,0.05900678216558797,9.680910137655745
4.375836,220,17.450884,synthetic_track_0,0.05714730622402114,9.37583640150581
3.708992,207,17.751039,synthetic_track_0,0.053082779671790474,8.708992441199019
5.312279,235,18.062156,synthetic_track_0,0.06285508159399479,10.312278932596152
3.991582,224,18.366542,synthetic_track_0,0.054805211445508,8.99158211322704
4.10478,208,18.657748,synthetic_track_0,0.055495174245146925,9.104780420548485
3.890358,245,18.986836,synthetic_track_0,0.05418823267415503,8.89035788402661
5.703488,238,19.296162,synthetic_track_0,0.06523956596997425,10.703487843187512
3.940089,210,20.900836,synthetic_track_0,0.05449135086306277,8.940088776649596
5.871555,273,21.307068,synthetic_track_0,0.06626396215035833,10.871554750137737
4.884312,216,21.616367,synthetic_track_0,0.06024655142943932,9.884312092385146
3.880214,213,21.903957,synthetic_track_0,0.054126404652540365,8.88021410903544
4.801107,218,22.238634,synthetic_track_0,0.059739404603559726,9.801107371372568
3.969348,198,22.497705,synthetic_track_0,0.054669690048273156,8.969347881496214
6.757691,248,22.814173,synthetic_track_0,0.07166510963667344,11.757690572770944
3.662108,198,23.08164,synthetic_track_0,0.05279701108535476,8.66210800005655
-1.356606,111,23.241767,synthetic_track_0,0.022207099550342908,3.643393645183749
3.60329,231,23.559825,synthetic_track_0,0.05243850436429993,8.603289823180917
1.120913,150,25.054991,synthetic_track_0,0.03730799846559617,6.120913008740001
4.058912,224,25.354714,synthetic_track_0,0.055215598573575914,9.058912016039349
5.178226,232,25.65517,synthetic_track_0,0.06203800592687218,10.178225933622551
3.195598,197,25.91339,synthetic_track_0,0.04995355295533853,8.195597852805589
7.702179,246,26.236843,synthetic_track_0,0.07742192903100162,12.702179480483432
4.767542,216,26.50974,synthetic_track_0,0.059534816543819286,9.767541761642716
14.019609,332,26.987886,synthetic_track_0,0.11592773130889539,19.019609408869275
4.071624,197,27.24387,synthetic_track_0,0.05529307867619387,9.071623739732328
10.510823,293,27.656061,synthetic_track_0,0.09454108749036745,15.510823310820294
5.740794,235,29.331077,synthetic_track_0,0.06546695543463311,10.74079435089428
6.006707,239,29.673654,synthetic_track_0,0.06708773997682536,11.006707334615925
24.265764,415,30.260391,synthetic_track_0,0.17837977404505526,29.265764027929166
6.098827,226,30.576325,synthetic_track_0,0.06764922212052239,11.098826544942892
21.74385,381,31.155132,synthetic_track_0,0.16300827972445664,26.743849601523024
7.775301,236,31.531378,synthetic_track_0,0.07786761498132143,12.775300662088519
10.926472,278,31.997419,synthetic_track_0,0.0970745341478052,15.926471623252802
14.477602,319,33.874867,synthetic_track_0,0.11871927395112523,19.477602074678828
0.071863,132,34.059892,synthetic_track_0,0.030913859895962348,5.071862736406331
-0.325249,127,34.251992,synthetic_track_0,0.028493398604595984,4.674751296103841
1.793518,164,34.48386,synthetic_track_0,0.041407639262388364,6.793517965218349
4.859017,182,34.752939,synthetic_track_0,0.06009237637420973,9.859017460134954
20.538768,386,35.287845,synthetic_track_0,0.15566310573220443,25.538768308242318
24.116247,424,35.905985,synthetic_track_0,0.1774684432698183,29.116247124668945
5.523772,203,36.187697,synthetic_track_0,0.064144165927984,10.523771732901526
1.250484,148,36.377829,synthetic_track_0,0.03809775280858939,6.250483552069841
22.850676,424,38.274909,synthetic_track_0,0.16975457280055709,27.85067587869131
0.756816,145,38.465087,synthetic_track_0,0.03508876511874759,5.756815903003241
1.120015,134,38.657601,synthetic_track_0,0.03730252415880406,6.120014870082454
6.601446,213,38.981855,synthetic_track_0,0.07071277182885201,11.601445876824993
1.256872,137,39.16485,synthetic_track_0,0.03813668965889538,6.2568717016184445
13.315142,312,39.614351,synthetic_track_0,0.11163388637466222,18.31514247426016
17.79011,343,40.103182,synthetic_track_0,0.13890956868739485,22.79010992243942
1.40145,154,40.362702,synthetic_track_0,0.03901791646907971,6.401449617023951
25.392282,402,42.220871,synthetic_track_0,0.18524609391691307,30.392282424904575
0.295907,133,42.426666,synthetic_track_0,0.032279445222446086,5.295906623325827
23.17123,389,43.051997,synthetic_track_0,0.17170840566181397,28.171230222779194
27.664135,460,43.705568,synthetic_track_0,0.19909341668269853,32.66413461583565
10.164673,248,44.027899,synthetic_track_0,0.09243124016865238,15.164672553634809
42.348129,569,44.817544,synthetic_track_0,0.28859484019758447,47.34812866601766
14.070751,307,46.522152,synthetic_track_0,0.11623944870594802,19.070751125100166
13.127309,291,46.956409,synthetic_track_0,0.11048901014966646,18.127309085518174
14.986182,289,47.3824,synthetic_track_0,0.12181915300856559,19.986181758086516
20.541531,354,47.885357,synthetic_track_0,0.15567994331158308,25.5415307549801
26.262697,392,48.416062,synthetic_track_0,0.19055142051418864,31.262697454400836
10.034067,257,48.760389,synthetic_track_0,0.09163517722489424,15.034066993738092
37.943666,517,50.754569,synthetic_track_0,0.2617488978280292,42.94366622793684
38.541272,542,51.555259,synthetic_track_0,0.2653914072366578,43.54127221433926
11.141281,240,51.889167,synthetic_track_0,0.09838383651131567,16.14128148169577
32.249392,472,52.54157,synthetic_track_0,0.227041333223319,37.24939174450242
37.764478,521,53.243011,synthetic_track_0,0.2606567154192779,42.76447801659905
11.981047,266,55.151989,synthetic_track_0,0.10350235079430375,16.981047267819473
24.106944,402,55.719975,synthetic_track_0,0.1774117381109958,29.106943828899293
43.133103,530,56.538503,synthetic_track_0,0.29337939194544355,48.13310310149874
13.788681,272,56.934386,synthetic_track_0,0.11452018262272512,18.788680830067083
24.638688,381,57.453823,synthetic_track_0,0.18065280694404626,29.638687722926047
21.568947,349,59.362471,synthetic_track_0,0.16194221984528223,26.568947166364204
28.084079,406,59.939856,synthetic_track_0,0.20165304884938584,33.084079037167
0.755075,133,60.121288,synthetic_track_0,0.03507815188523276,5.755074649605645
6.233097,188,60.381584,synthetic_track_0,0.06846762387300356,11.233097107266332
36.350396,481,61.14602,synthetic_track_0,0.2520376446904768,41.350395666514835
26.67378,394,61.731987,synthetic_track_0,0.19305703717254774,31.67377985575798
7.595437,209,62.044249,synthetic_track_0,0.07677131515554494,12.59543692934867
28.62232,426,64.178442,synthetic_track_0,0.20493371768573065,33.62231988051507
35.450066,459,64.813434,synthetic_track_0,0.24654998380406395,40.45006607799046
36.074907,449,65.542938,synthetic_track_0,0.25035849575800956,41.074907166271956
27.28276,410,66.134983,synthetic_track_0,0.19676887341424723,32.28275990487754
52.548259,631,68.838733,synthetic_track_0,0.3507663598524015,57.548259444387554
35.217267,474,69.720997,synthetic_track_0,0.2451310346198618,40.21726708373905
18.328672,314,70.313392,synthetic_track_0,0.14219219837392755,23.328672471424802
51.101356,585,71.247936,synthetic_track_0,0.34194724071796856,56.10135628003374
1.288765,134,71.434091,synthetic_track_0,0.038331086962285515,6.288765371397646
41.891915,506,73.638426,synthetic_track_0,0.2858141419068085,46.891915171823186
41.531368,504,74.52846,synthetic_track_0,0.2836165474814023,46.531368241952165
42.487463,532,75.487827,synthetic_track_0,0.28944410721310593,47.48746311806533
26.45347,364,76.033059,synthetic_track_0,0.19171420835674022,31.453469501270142
62.326065,735,78.409895,synthetic_track_0,0.4103637342569487,67.32606472161076
10.995835,227,78.785765,synthetic_track_0,0.09749731503639512,15.995834900492213
39.943563,464,79.59538,synthetic_track_0,0.2739386035675651,44.94356253710609
28.906407,396,80.190033,synthetic_track_0,0.20666527589870548,33.906406875987685
0.584889,132,80.374697,synthetic_track_0,0.03404084271768608,5.584889181640197
17.178519,269,80.800134,synthetic_track_0,0.1351818199099258,22.1785191932727
29.189278,406,82.802904,synthetic_track_0,0.20838942059621676,34.18927757776706
39.008397,454,83.553069,synthetic_track_0,0.2682386140775585,44.008397391454125
20.636941,301,84.013986,synthetic_track_0,0.15626148246746668,25.63694060623819
17.280023,290,84.440166,synthetic_track_0,0.13580050350577894,22.280023123419035
10.708054,221,84.756811,synthetic_track_0,0.09574324397092243,15.708054348211794
31.724207,397,85.350771,synthetic_track_0,0.22384024423196816,36.724207117743035
47.763495,548,88.136353,synthetic_track_0,0.32160241477770674,52.763495368703026
48.912872,543,89.146855,synthetic_track_0,0.32860806018994504,53.91287212173179
32.261368,401,89.815648,synthetic_track_0,0.22711433240558618,37.261368308851715
48.915707,549,90.764282,synthetic_track_0,0.3286253396662461,53.915707068006725
7.322295,178,91.083362,synthetic_track_0,0.07510646948025813,12.322295083886102
22.531987,330,93.144527,synthetic_track_0,0.167812111202419,27.531987153645247
50.034282,582,94.246792,synthetic_track_0,0.3354432452506288,55.034282405740065
34.324128,441,94.966686,synthetic_track_0,0.23968720254015266,39.324128240474245
29.41023,373,95.594026,synthetic_track_0,0.209736165792979,34.41023047080209
24.149167,340,96.168571,synthetic_track_0,0.17766909419969715,29.149166791695407
1.126309,125,97.778645,synthetic_track_0,0.037340889120036365,6.12630919301439
47.383197,522,98.806419,synthetic_track_0,0.31928443026956466,52.383196716578105
35.323568,427,99.555853,synthetic_track_0,0.2457789569863518,40.32356805416928
0.889521,120,99.76701,synthetic_track_0,0.03589762274616979,5.889520614527036
50.035233,536,100.607666,synthetic_track_0,0.3354490374056526,55.03523269196532
1.257432,126,100.820058,synthetic_track_0,0.03814010605570257,6.257432210584891
2.031591,128,101.017986,synthetic_track_0,0.042858736465853045,7.031591303776671
1.571758,125,101.213058,synthetic_track_0,0.04005597346254623,6.571757776572688
49.098889,566,103.488422,synthetic_track_0,0.32974186375036235,54.098888880811316
1.197524,127,103.665418,synthetic_track_0,0.03777495564890754,6.197524041639311
1.717099,121,103.856061,synthetic_track_0,0.0409418551795339,6.7170993962984165
0.555271,114,104.036222,synthetic_track_0,0.033860313650780946,5.555270795247951
44.040821,526,104.904084,synthetic_track_0,0.29891208870158786,49.040821471309606
1.317489,120,105.091969,synthetic_track_0,0.03850616157128214,6.317488875626791
42.986157,474,105.919936,synthetic_track_0,0.29248372836229614,47.98615662613108
39.012806,473,108.502938,synthetic_track_0,0.268265486625355,44.01280621889463
36.352677,433,109.302688,synthetic_track_0,0.25205154886331343,41.352676845776436
39.109433,455,110.097063,synthetic_track_0,0.26885444532210656,44.10943335240011
69.135972,725,111.333399,synthetic_track_0,0.45187127038257857,74.13597220207772
26.138012,348,113.768831,synthetic_track_0,0.18979144070574022,31.13801185111924
60.034049,623,114.968464,synthetic_track_0,0.39639350982522104,65.03404874712653
17.217696,290,115.559048,synthetic_track_0,0.1354206071461942,22.217695669119937
33.616875,424,116.371391,synthetic_track_0,0.23537637417915516,38.616874930768894
43.405323,485,119.098219,synthetic_track_0,0.2950386168446007,48.40532277790517
59.569339,651,120.393329,synthetic_track_0,0.39356102258730064,64.56933853230049
43.478385,487,121.434683,synthetic_track_0,0.2954839459198064,48.478385409021946
16.110073,272,121.991141,synthetic_track_0,0.12866945832710222,21.11007273757012
53.93224,606,124.431828,synthetic_track_0,0.35920195248565484,58.93223957757336
42.440798,467,125.18006,synthetic_track_0,0.28915967492544686,47.44079791593063
40.54169,475,126.037654,synthetic_track_0,0.2775842943901275,45.54169048015949
34.838446,411,126.756634,synthetic_track_0,0.2428220553645941,39.838445872692
1.063426,120,127.02624,synthetic_track_0,0.036957607281971575,6.063426302344499
30.312004,376,127.785408,synthetic_track_0,0.21523262546812694,35.3120036269968
43.636395,480,130.326162,synthetic_track_0,0.2964470383092182,48.636394548547486
47.385997,557,131.358735,synthetic_track_0,0.3193014954730387,52.385996508318144
39.350389,447,132.11914,synthetic_track_0,0.2703231077214128,44.35038851362782
42.668004,506,132.957607,synthetic_track_0,0.29054453517257617,47.66800413043065
32.910603,393,135.101115,synthetic_track_0,0.2310715278353377,37.91060305690255
47.57909,499,135.875016,synthetic_track_0,0.3204784358069669,52.579090474672164
43.618308,473,136.705825,synthetic_track_0,0.29633679928534673,48.61830825330149
49.421876,512,137.586727,synthetic_track_0,0.3317105259938525,54.42187619805124
48.25758,544,140.105079,synthetic_track_0,0.32461394617295003,53.25758034917637
48.98072,536,141.027518,synthetic_track_0,0.3290216071075604,53.980720433403896
37.037504,474,141.768274,synthetic_track_0,0.2562256872391072,42.03750420011006
54.943553,556,142.622974,synthetic_track_0,0.36536607992681597,59.94355322059625
36.647259,417,145.033207,synthetic_track_0,0.25384707643688864,41.647258933657206
54.804751,551,146.036108,synthetic_track_0,0.36452005927064063,59.80475138042727
39.723327,457,146.772118,synthetic_track_0,0.27259623358425805,44.72332746068024
47.219726,513,147.54931,synthetic_track_0,0.31828804623048385,52.219725603751336
50.058537,549,149.765957,synthetic_track_0,0.3355910816468865,55.058537089942796
50.497332,546,150.646971,synthetic_track_0,0.33826561168719577,55.497332157737475
58.070534,612,151.568253,synthetic_track_0,0.3844255553095505,63.07053391127897
26.278085,342,152.128827,synthetic_track_0,0.1906452109835274,31.278085128022646
36.753996,429,154.220019,synthetic_track_0,0.25449765709509137,41.75399603502435
48.631192,496,155.080856,synthetic_track_0,0.3268911730180519,53.63119212127101
45.482742,490,155.856493,synthetic_track_0,0.3077008390506213,50.48274220022715
47.535369,492,156.565046,synthetic_track_0,0.32021194394222185,52.53536865659754
48.698889,519,157.472012,synthetic_track_0,0.3273037961262804,53.6988888687444
47.892332,510,159.835968,synthetic_track_0,0.32238769776407705,52.8923323217561
42.068261,465,160.568813,synthetic_track_0,0.28688900196858375,47.06826140333604
39.476461,454,161.267044,synthetic_track_0,0.2710915427902954,44.47646132382783
26.491205,345,161.803019,synthetic_track_0,0.19194421099818038,31.49120473816134
28.236422,346,163.748304,synthetic_track_0,0.20258160749550957,33.23642242009273
26.978503,342,164.272061,synthetic_track_0,0.19491437875511639,31.97850341965814
39.415154,422,164.938472,synthetic_track_0,0.2707178636988879,44.41515390167278
43.104827,448,165.645502,synthetic_track_0,0.29320704274477893,48.10482673965191
47.922176,493,166.466886,synthetic_track_0,0.32256959852305656,52.92217575393497
48.75406,497,168.772062,synthetic_track_0,0.32764007108312704,53.75405960538346
41.006242,433,169.485287,synthetic_track_0,0.28041581485473016,46.00624208193685
24.459303,328,169.995716,synthetic_track_0,0.17955942613322368,29.459302896515638
44.029774,475,170.759167,synthetic_track_0,0.2988447503683848,49.029773650556926
43.346202,444,171.471456,synthetic_track_0,0.2946782651039495,48.34620189906446
42.560317,472,173.695226,synthetic_track_0,0.28988816518596233,47.560317206584656
32.132499,392,174.330907,synthetic_track_0,0.226328850347802,37.1324986952739
58.171676,600,175.325123,synthetic_track_0,0.3850420342355826,63.17167613367515
50.031616,505,176.167718,synthetic_track_0,0.33542699294776596,55.03161598202112
20.964715,284,178.306187,synthetic_track_0,0.15825932441085522,25.964715272358916
40.047906,444,179.084932,synthetic_track_0,0.27457459396616274,45.047905896822904
47.831788,486,179.913027,synthetic_track_0,0.3220186697194292,52.83178797062566
42.657575,442,180.657012,synthetic_track_0,0.29048096720933797,47.65757489302509
47.462788,505,181.563718,synthetic_track_0,0.319769549863507,52.46278755381089
47.613729,483,184.041996,synthetic_track_0,0.3206895659834905,52.613729412625716
49.128172,486,184.830214,synthetic_track_0,0.32992035000357933,54.12817211427677
49.895797,489,185.927645,synthetic_track_0,0.3345991542006808,54.895797145187906
48.263495,489,186.699799,synthetic_track_0,0.3246499991570043,53.263495359044974
49.166586,479,188.866955,synthetic_track_0,0.3301544871053281,54.16658566876548
28.625124,346,189.439107,synthetic_track_0,0.20495081219843203,33.625124480854815
29.999146,359,190.006879,synthetic_track_0,0.21332570616668678,34.999146126223444
49.510247,524,190.83585,synthetic_track_0,0.332249158184531,54.51024654538816
47.963495,462,191.586918,synthetic_track_0,0.3228214485139013,52.9634953622928
29.023483,375,193.647987,synthetic_track_0,0.2073788744331845,34.02348296509331
47.553724,480,194.517741,synthetic_track_0,0.3203238227197057,52.55372397697567
43.131343,473,195.251986,synthetic_track_0,0.29336866233762193,48.131342755224615
36.851265,398,195.945513,synthetic_track_0,0.25509052594416637,41.8512646851806
47.67764,472,198.044556,synthetic_track_0,0.32107910979830456,52.67763967052305
47.685761,458,198.914163,synthetic_track_0,0.3211286097744326,52.68576085258254
-0.296936,104,199.095224,synthetic_track_0,0.02866597230363194,4.703064490132988
0.216557,110,199.29394,synthetic_track_0,0.03179579291652627,5.2165565157680165
49.782235,502,200.289956,synthetic_track_0,0.3339069728354283,54.78223485031196
26.558715,352,200.972113,synthetic_track_0,0.19235569901529087,31.55871525763332
48.06749,486,203.665027,synthetic_track_0,0.32345531158302165,53.0674897030537
48.263495,466,204.57663,synthetic_track_0,0.3246499991570043,53.263495359044974
48.138697,481,205.395948,synthetic_track_0,0.32388933451687735,53.138697399290166
51.157494,496,206.275065,synthetic_track_0,0.34228941026017157,56.15749410806534
39.03267,395,207.000796,synthetic_track_0,0.26838655717151105,44.03266958094621
47.595799,491,209.678576,synthetic_track_0,0.3205802745879213,52.59579858941365
41.866236,451,210.523253,synthetic_track_0,0.28565762115142707,46.866235693771436
48.540796,498,211.492816,synthetic_track_0,0.3263401909202856,53.540795594292746
49.707389,486,212.304851,synthetic_track_0,0.33345077467781153,54.707388990111376
47.863495,462,214.471342,synthetic_track_0,0.3222119315962358,52.86349535736553
23.662198,295,214.940134,synthetic_track_0,0.17470093699124484,28.662197969555173
37.949401,401,215.618595,synthetic_track_0,0.26178385177942637,42.94940092571247
47.850199,468,216.435868,synthetic_track_0,0.3221308868991594,52.85019881075283
47.847917,459,217.147966,synthetic_track_0,0.32211697841523756,52.84791692419578
50.060698,489,219.359974,synthetic_track_0,0.33560425385521486,55.0606981799135
40.063734,395,219.984957,synthetic_track_0,0.2746710693122351,45.06373406303616
33.747174,373,220.618766,synthetic_track_0,0.23617057030711233,38.747174212720104
7.188974,167,220.888442,synthetic_track_0,0.07429385541098801,12.188974074122811
40.607889,415,221.568463,synthetic_track_0,0.2779877847968799,45.60788887678133
47.971883,483,222.360028,synthetic_track_0,0.3228725739095351,52.97188321776836
34.294113,393,224.490148,synthetic_track_0,0.23950425430903005,39.2941129554453
47.977212,464,225.204134,synthetic_track_0,0.3229050512320435,52.97721158900258
50.234282,483,226.02195,synthetic_track_0,0.3366622789868233,55.23428239932983
50.874809,488,226.870213,synthetic_track_0,0.3405663947516099,55.87480866595187
28.843214,347,229.101394,synthetic_track_0,0.2062801074098255,33.84321445315331
49.790036,504,229.938906,synthetic_track_0,0.3339545199105521,54.79003563091189
47.220038,454,230.634016,synthetic_track_0,0.3182899496812397,52.220037892187385
55.084867,521,231.425124,synthetic_track_0,0.36622741202266373,60.08486712236403
32.090999,356,231.993183,synthetic_track_0,0.22607590335533545,37.09099910804362
47.567355,467,234.015135,synthetic_track_0,0.3204069051405938,52.56735484144781
48.593234,457,234.704532,synthetic_track_0,0.3266598132279072,53.59323422464192
31.498926,354,235.216529,synthetic_track_0,0.22246711983996123,36.498926338839716
50.770439,476,235.936175,synthetic_track_0,0.339930242115365,55.77043868881877
49.666636,453,238.210304,synthetic_track_0,0.3332023809004487,54.666636423217376
48.263495,448,239.019228,synthetic_track_0,0.3246499991570044,53.26349535904498
0.908272,116,239.208441,synthetic_track_0,0.036011913786104466,5.908271701207918
49.70015,463,240.040087,synthetic_track_0,0.3334066491460791,54.70014956284894
42.210622,410,240.824236,synthetic_track_0,0.28775671364156524,47.21062196636345
13.853811,225,241.188612,synthetic_track_0,0.11491716236780514,18.853811059127946
28.98399,335,243.083756,synthetic_track_0,0.20713815994859983,33.98399029647842
42.817048,410,243.877007,synthetic_track_0,0.2914529811165461,47.817047735686245
48.063495,479,244.607926,synthetic_track_0,0.3234309653998213,53.06349536201175
51.588551,480,245.355975,synthetic_track_0,0.34491677575779495,56.58855115520089
47.795799,455,246.140254,synthetic_track_0,0.3217993084954369,52.79579861111109
47.875957,449,248.303959,synthetic_track_0,0.32228789036064875,52.87595748367477
53.732621,505,249.195181,synthetic_track_0,0.35798524155148326,58.732620673018225
47.808224,455,249.868006,synthetic_track_0,0.32187504463061445,52.808224211896594
35.076595,384,250.569135,synthetic_track_0,0.24427361536245368,40.07659513931799
38.025389,405,251.275096,synthetic_track_0,0.26224701323684896,43.02538921526113
48.264251,460,254.312165,synthetic_track_0,0.3246546030399177,53.26425069216319
47.779748,445,255.242378,synthetic_track_0,0.3217014790618843,52.77974828739774
40.162219,426,256.574313,synthetic_track_0,0.2752713530425859,45.16221923096676
55.553349,511,257.384801,synthetic_track_0,0.3690828867568035,60.55334876611777
47.395799,440,259.718819,synthetic_track_0,0.3193612408956708,52.39579860303353
49.230438,457,260.631075,synthetic_track_0,0.3305436767442664,54.230437819023315
0.040956,107,260.996524,synthetic_track_0,0.0307254776784974,5.040955927868752
46.460405,468,262.310524,synthetic_track_0,0.3136598593514604,51.46040507089514
46.360405,451,263.46275,synthetic_track_0,0.3130503425451298,51.360405084233975
45.266113,449,266.256473,synthetic_track_0,0.30638044539234,50.26611265557107
47.313508,465,267.127694,synthetic_track_0,0.3188596658236498,52.3135080082694
32.126346,367,267.91324,synthetic_track_0,0.22629134671726484,37.12634568601393
33.55345,385,268.589466,synthetic_track_0,0.23498979080730947,38.55345037606182
42.917641,444,269.483295,synthetic_track_0,0.29206611537258814,47.91764121693056
52.858554,493,272.126848,synthetic_track_0,0.3526576590511686,57.85855424296348
38.223163,393,272.816046,synthetic_track_0,0.2634524784142764,43.223163091897874
1.854694,117,273.012742,synthetic_track_0,0.041780515343815376,6.854693642052347
48.207139,491,273.817573,synthetic_track_0,0.32430649560150693,53.20713866697179
49.245917,482,274.711143,synthetic_track_0,0.33063802781136725,54.24591746675994
51.488359,491,277.205427,synthetic_track_0,0.34430608921848,56.48835925704258
26.540278,319,277.770045,synthetic_track_0,0.19224332315227513,31.540278383233968
50.375108,487,278.610755,synthetic_track_0,0.33752063647677555,55.37510827427573
48.187665,463,279.506431,synthetic_track_0,0.32418780164211847,53.18766521811471
52.605069,475,280.401069,synthetic_track_0,0.35111262634566537,57.60506943608582
47.105091,469,282.850888,synthetic_track_0,0.31758932971362897,52.105091123389634
47.763495,454,283.704444,synthetic_track_0,0.32160241477770674,52.763495368703026
50.395354,476,284.513166,synthetic_track_0,0.3376440355278365,55.39535366100163
43.353604,491,285.432551,synthetic_track_0,0.29472338030560247,48.35360369589214
43.268909,427,287.721073,synthetic_track_0,0.2942071495049184,48.268908618338365
11.200807,207,288.09091,synthetic_track_0,0.09874665471975302,16.200807020003055
47.795799,449,288.860747,synthetic_track_0,0.3217993084954369,52.79579861111109
47.882501,473,289.644068,synthetic_track_0,0.3223277747371062,52.88250108849798
43.721872,419,290.471177,synthetic_track_0,0.29696803609706035,48.721871718813496
47.499906,463,292.832192,synthetic_track_0,0.31999579567934994,52.49990642950301
50.268219,477,293.774922,synthetic_track_0,0.336869125844861,55.268218597363806
50.286476,487,294.68697,synthetic_track_0,0.33698040475672425,55.28647550117091
47.419523,460,295.54367,synthetic_track_0,0.319505846849999,52.4195232868384
50.853068,469,296.344984,synthetic_track_0,0.34043387985375795,55.853067693627615
51.361816,468,298.797765,synthetic_track_0,0.34353478406457677,56.36181556817147
49.91294,499,299.692722,synthetic_track_0,0.3347036457183247,54.91294047948496
46.179299,431,300.432365,synthetic_track_0,0.3119464678820128,51.17929859062987
50.10972,466,301.194288,synthetic_track_0,0.33590305035568546,55.109720037475306
50.034282,477,303.539248,synthetic_track_0,0.3354432452506288,55.034282405740065
48.431192,469,304.356643,synthetic_track_0,0.32567213921446636,53.4311921166248
45.39097,536,305.291312,synthetic_track_0,0.30714146932484887,50.3909695624017
49.343749,468,306.083041,synthetic_track_0,0.3312343282305365,54.343749115278314
32.227857,347,306.678861,synthetic_track_0,0.22691007369923505,37.22785673427593
35.910265,371,308.855878,synthetic_track_0,0.24935497415585903,40.91026503370569
48.321956,440,309.642009,synthetic_track_0,0.3250063244800725,53.32195564624914
53.171277,502,310.492897,synthetic_track_0,0.3545637565408474,58.17127691371357
49.023365,445,311.302152,synthetic_track_0,0.3292815339423437,54.02336516401878
46.802703,432,313.64399,synthetic_track_0,0.31574622470486824,51.80270327390475
59.885127,526,314.581257,synthetic_track_0,0.3954858084967419,64.88512730673723
45.639332,480,315.444082,synthetic_track_0,0.308655282882574,50.63933241968098
46.728787,426,316.21037,synthetic_track_0,0.31529569077475067,51.72878671158156
49.190864,454,316.992017,synthetic_track_0,0.33030246929561946,54.1908642725735
43.334681,419,319.384002,synthetic_track_0,0.29460804409610625,48.33468113413276
45.902168,416,320.134516,synthetic_track_0,0.31025730869888435,50.90216776498727
42.697443,419,320.910837,synthetic_track_0,0.2907239683118646,47.697442714156395
50.446192,463,321.705505,synthetic_track_0,0.3379539044179175,55.44619210311344
49.385897,451,323.942926,synthetic_track_0,0.33149122671825276,54.38589700206024
49.671148,433,324.684135,synthetic_track_0,0.3332298823637263,54.67114843327577
53.107807,489,325.533946,synthetic_track_0,0.3541768943960985,58.10780662230766
50.2813,456,326.338288,synthetic_track_0,0.3369488570991471,55.28129965482158
49.807185,452,327.156791,synthetic_track_0,0.33405904704439565,54.807184808558056
49.48187,460,329.449251,synthetic_track_0,0.3320761960461372,54.48186962230315
49.902595,441,330.246938,synthetic_track_0,0.3346405889427514,54.902595109758096
47.929462,436,331.050981,synthetic_track_0,0.3226140109239511,52.92946224620379
47.863495,439,331.815382,synthetic_track_0,0.3222119315962358,52.86349535736553
47.372045,434,332.576118,synthetic_track_0,0.3192164582524127,52.3720449308719
46.048608,429,334.773208,synthetic_track_0,0.3111498841503106,51.04860758799077
47.819365,437,335.516111,synthetic_track_0,0.3219429481218321,52.81936475493903
45.892708,601,336.561805,synthetic_track_0,0.3101996517332299,50.89270831163588
47.211828,438,337.360847,synthetic_track_0,0.3182399112890871,52.2118283752457
26.841081,318,339.430114,synthetic_track_0,0.19407676701567594,31.84108118305807
49.446482,458,340.190664,synthetic_track_0,0.3318605045208507,54.4464823295697
49.703581,495,341.05308,synthetic_track_0,0.33342756137917595,54.703580515054064
47.553041,446,341.90301,synthetic_track_0,0.32031965749309455,52.55304061172432
50.637275,452,342.7988,synthetic_track_0,0.33911858955569896,55.63727542851634
47.449138,444,345.12158,synthetic_track_0,0.31968635087603187,52.44913756491588
27.800555,321,345.674111,synthetic_track_0,0.1999249218076575,32.80055497461981
54.440719,494,346.523559,synthetic_track_0,0.3623012219616465,59.44071925038888
48.278596,455,347.32241,synthetic_track_0,0.32474203981017674,53.278595950191814
55.128761,481,349.674791,synthetic_track_0,0.3664949509967871,60.12876073377196
52.190631,473,350.472533,synthetic_track_0,0.3485865560634937,57.19063132396372
47.213796,446,351.306849,synthetic_track_0,0.31825190711276397,52.21379646241774
50.37864,505,352.175987,synthetic_track_0,0.3375421654757856,55.378640415787615
47.941602,442,352.99609,synthetic_track_0,0.32268800406951686,52.941601884508664
47.763495,439,355.43307,synthetic_track_0,0.32160241477770674,52.763495368703026
29.513521,324,356.058456,synthetic_track_0,0.21036573619311577,34.513520537559984
48.363495,432,356.845011,synthetic_track_0,0.32525951611366744,53.36349537037035
47.257548,432,357.698497,synthetic_track_0,0.31851858193373417,52.25754829708893
49.40806,605,360.432846,synthetic_track_0,0.3316263153129322,54.40806022631544
43.381469,408,361.190085,synthetic_track_0,0.2948932221961346,48.38146869749885
52.885535,471,362.095336,synthetic_track_0,0.35282210882210885,57.88553458990331
53.911451,481,363.203103,synthetic_track_0,0.3590752400474395,58.911450582094105
48.363495,438,364.068712,synthetic_track_0,0.32525951611366744,53.36349537037035
50.790539,466,367.113849,synthetic_track_0,0.34005275597490997,55.79053884716234
36.871195,376,367.971882,synthetic_track_0,0.2552120074837457,41.871195476606424
20.556674,276,368.547264,synthetic_track_0,0.1557722465661355,25.556674429655114
51.546873,465,369.51306,synthetic_track_0,0.34466274315363404,56.54687345777935
43.610566,435,370.408793,synthetic_track_0,0.296289607160382,48.61056570737336
49.098889,456,372.817909,synthetic_track_0,0.32974186375036235,54.098888880811316
27.517382,328,373.715563,synthetic_track_0,0.19819893205688002,32.517381565351336
51.893775,474,375.137827,synthetic_track_0,0.3467771680449898,56.89377523101272
47.695799,446,376.491118,synthetic_track_0,0.32118979153877386,52.69579859978572
30.423631,325,377.186231,synthetic_track_0,0.2159130115580672,35.423630737540435
45.794804,435,380.001617,synthetic_track_0,0.3096029082873472,50.794803978221914
25.76344,307,380.619389,synthetic_track_0,0.18750836453349404,30.76344041289179
49.283801,457,381.650218,synthetic_track_0,0.3308689353934088,54.28380117215459
37.602204,380,382.409326,synthetic_track_0,0.2596676275573302,42.60220394642707
26.92472,317,383.259792,synthetic_track_0,0.19458655802680794,31.924719720640137
55.017094,472,386.540161,synthetic_track_0,0.3658143228096703,60.01709390370924
51.406162,469,387.554149,synthetic_track_0,0.3438050836335602,56.40616209481705
47.971852,433,388.606862,synthetic_track_0,0.3228723858286308,52.97185236039457
49.826886,471,389.691601,synthetic_track_0,0.3341791296749691,54.826886088868726
35.894678,360,390.468901,synthetic_track_0,0.2492599686716968,40.89467801945065
46.901548,438,393.206224,synthetic_track_0,0.3163487009072608,51.90154814836461
50.779001,455,394.182783,synthetic_track_0,0.33998243019553664,55.77900089295627
34.315494,361,394.931907,synthetic_track_0,0.23963457247167586,39.31549352180694
48.898889,450,395.894628,synthetic_track_0,0.32852283001416777,53.898888887221545
0.508507,111,396.165173,synthetic_track_0,0.03357527999839541,5.5085069305923815
49.866586,447,399.195116,synthetic_track_0,0.3344211050608434,54.86658562645069
54.253565,473,400.176555,synthetic_track_0,0.3611604850116454,59.2535649691628
49.699941,458,401.258648,synthetic_track_0,0.33340537896454797,54.69994117132495
28.325633,332,401.989209,synthetic_track_0,0.203125359416756,33.32563273276479
48.248637,449,402.865046,synthetic_track_0,0.32455943517277897,53.24863703664851
47.641461,430,405.664833,synthetic_track_0,0.32085859200944067,52.64146055992937
48.538544,463,406.591416,synthetic_track_0,0.3263264661464376,53.538543848011976
49.945924,458,407.528924,synthetic_track_0,0.3349046876850731,54.945924301726386
49.266586,447,408.414267,synthetic_track_0,0.330764003744511,54.26658562800367
47.966871,458,409.281067,synthetic_track_0,0.32284202326540207,52.966870945794774
0.813399,114,411.131211,synthetic_track_0,0.03543364837497891,5.813398954798678
48.998709,468,412.062688,synthetic_track_0,0.3291312500922614,53.99870893986297
50.578724,468,413.123981,synthetic_track_0,0.3387617086141081,55.57872398411309
48.282583,457,414.009341,synthetic_track_0,0.32476634418773537,53.28258343241778
42.79126,419,414.899305,synthetic_track_0,0.2912957992858657,47.79125979873657
38.956235,383,417.396968,synthetic_track_0,0.2679206772918622,43.95623529518621
50.043636,455,418.28225,synthetic_track_0,0.33550025952265977,55.04363641597141
47.395799,429,419.146766,synthetic_track_0,0.31936124089567075,52.395798603033526
47.470286,435,420.000559,synthetic_track_0,0.3198152526362478,52.47028575011491
33.225523,353,420.748434,synthetic_track_0,0.2329910210141081,38.225523482852445
45.102266,482,423.525636,synthetic_track_0,0.30538176988262783,50.10226559407448
41.792966,400,424.274192,synthetic_track_0,0.28521103205828374,46.79296633861417
49.966586,483,425.225697,synthetic_track_0,0.3350306220116959,54.966585636822764
48.928512,451,426.101212,synthetic_track_0,0.3287033877353439,53.928511974758514
38.750915,384,426.822938,synthetic_track_0,0.26666921630167306,43.75091514482105
47.653853,443,429.418647,synthetic_track_0,0.3209341275947739,52.6538532576324
49.850076,441,430.314919,synthetic_track_0,0.3343204766828542,54.85007609570086
49.466586,471,431.300085,synthetic_track_0,0.3319830376323983,54.46658564648081
44.700285,431,432.416323,synthetic_track_0,0.30293163070878193,49.700285070883275
47.663495,443,435.114988,synthetic_track_0,0.3209928977742884,52.66349534970678
49.30888,464,436.02549,synthetic_track_0,0.33102179279418537,54.3088796242661
38.972839,399,436.822603,synthetic_track_0,0.26802188001698946,43.972839055833475
49.521962,490,437.774123,synthetic_track_0,0.33232056735919613,54.521962246152825
49.398889,449,438.595369,synthetic_track_0,0.33157041439346535,54.39888887756349
51.864637,469,441.07941,synthetic_track_0,0.34659956576127504,56.864637025440686
47.630614,468,441.997718,synthetic_track_0,0.3207924816297083,52.63061420258083
48.104091,442,442.791117,synthetic_track_0,0.3236784014404215,53.10409079843371
49.278096,482,443.692902,synthetic_track_0,0.3308341637254842,54.27809638060081
48.562428,447,446.030129,synthetic_track_0,0.32647204379394423,53.562427952039336
45.792708,433,446.773272,synthetic_track_0,0.30959013492689935,50.792708324974726
52.810183,488,447.615981,synthetic_track_0,0.352362828763102,57.810183099513864
49.466586,460,448.341348,synthetic_track_0,0.3319830376323983,54.46658564648081
46.428102,442,449.127827,synthetic_track_0,0.31346296565335835,51.42810183170736
42.721489,520,451.463048,synthetic_track_0,0.2908705320529494,47.721488600998676
43.423316,415,452.1542,synthetic_track_0,0.29514828895567646,48.42331606296437
43.709715,411,452.877053,synthetic_track_0,0.29689393836628797,48.709714921803304
46.646185,511,453.939962,synthetic_track_0,0.3147922181673114,51.64618479887748
50.608431,460,456.220003,synthetic_track_0,0.33894277812359314,55.60843103787303
44.363681,425,456.94787,synthetic_track_0,0.3008799729429138,49.36368114611993
43.426587,422,457.662194,synthetic_track_0,0.29516822628136885,48.42658706760705
48.017244,445,458.421327,synthetic_track_0,0.3231490532265413,53.017243620837725
51.47769,483,459.242077,synthetic_track_0,0.34424106076034894,56.47769040447255
41.588171,403,461.386172,synthetic_track_0,0.28396276708453727,46.5881705406513
51.61067,462,462.142919,synthetic_track_0,0.3450515915344998,56.61066961974884
25.232334,296,462.660507,synthetic_track_0,0.18427118028151115,30.232333840184
53.836747,490,463.494005,synthetic_track_0,0.35861990801752236,58.83674682258297
-0.968156,96,463.644351,synthetic_track_0,0.02457476940880296,4.031843892666576
27.965927,314,464.158228,synthetic_track_0,0.20093289339299092,32.96592719084301
41.432331,414,466.400038,synthetic_track_0,0.2830128994301347,46.4323311088529
48.465128,450,467.191032,synthetic_track_0,0.3258789859266297,53.465128290726
51.476746,460,467.976208,synthetic_track_0,0.3442353031498578,56.476745785774035
48.116783,444,468.705358,synthetic_track_0,0.3237557636448015,53.11678317922737
50.71222,468,470.993216,synthetic_track_0,0.3395753904634521,55.71222017853419
42.362904,406,471.677889,synthetic_track_0,0.2886848962200051,47.36290364998412
45.108769,431,472.410054,synthetic_track_0,0.3054214066161923,50.10876856952417
49.911525,614,473.421543,synthetic_track_0,0.3346950184535213,54.91152505277924
42.523074,419,474.153886,synthetic_track_0,0.28966116383441626,47.523074374408566
30.213604,341,476.246238,synthetic_track_0,0.21463286515162525,35.213604332626005
1.151666,117,476.437889,synthetic_track_0,0.037495442899006096,6.15166596033382
49.94266,442,477.220792,synthetic_track_0,0.33488479045769054,54.94265987578738
36.312268,367,477.858343,synthetic_track_0,0.25180524956446526,41.312267908166085
38.331588,391,478.596391,synthetic_track_0,0.2641133449664756,43.331587741913005
44.457315,421,479.375223,synthetic_track_0,0.3014506858868528,49.45731480180998
39.09954,393,481.735506,synthetic_track_0,0.26879414380256217,44.09954002199895
41.105748,416,482.494232,synthetic_track_0,0.2810223186881758,46.105747747120446
30.047798,327,483.155947,synthetic_track_0,0.21362224672727131,35.04779786444453
1.188307,119,483.401337,synthetic_track_0,0.0377187781281146,6.188307312466949
28.318444,339,484.038552,synthetic_track_0,0.20308154591598213,33.318444498662856
29.842653,335,484.579989,synthetic_track_0,0.21237185715724255,34.842653495945655
24.380544,294,486.537649,synthetic_track_0,0.17907937458188894,29.380543544465695
36.085722,366,487.157951,synthetic_track_0,0.2504244126351947,41.08572177674832
27.681052,311,487.728881,synthetic_track_0,0.19919653283047767,32.68105230095174
34.51864,379,488.426889,synthetic_track_0,0.24087278246779054,39.51863965626814
27.983335,326,488.965259,synthetic_track_0,0.20103899539933925,32.98333474894372
38.723104,387,489.654113,synthetic_track_0,0.26649969977042365,43.72310352307785
32.138231,358,491.756599,synthetic_track_0,0.22636378851213154,37.13823080295433
39.954599,386,492.512968,synthetic_track_0,0.2740058700831316,44.954598575143976
27.475803,305,493.088812,synthetic_track_0,0.1979455060255336,32.475803384912304
30.860325,339,493.809131,synthetic_track_0,0.2185747379224563,35.860325178399265
46.187126,428,494.605218,synthetic_track_0,0.3119941767889252,51.18712592205914
34.719983,362,495.202012,synthetic_track_0,0.24210000186419342,39.71998262498697
34.048586,356,497.368008,synthetic_track_0,0.23800772556448424,39.04858592003248
36.286633,383,498.051121,synthetic_track_0,0.25164900037577326,41.28663298453029
42.564052,415,498.814268,synthetic_track_0,0.28991093029818793,47.564052150224036
42.916349,406,499.609187,synthetic_track_0,0.2920582416854362,47.916349425462315
54.657327,470,500.462264,synthetic_track_0,0.3636214812185402,59.657326744566895
27.704901,309,502.597037,synthetic_track_0,0.19934189270704605,32.70490067652881
32.024548,337,503.293368,synthetic_track_0,0.22567086991653082,37.024547554850805
27.555911,313,503.906273,synthetic_track_0,0.19843377830332448,32.55591146521292
46.337432,451,504.6822,synthetic_track_0,0.3129103195239198,51.33743229643251
65.458233,551,505.736064,synthetic_track_0,0.42945482771681004,70.45823281198138
43.324159,418,508.081402,synthetic_track_0,0.2945439119885458,48.32415934074824
49.544113,430,508.936856,synthetic_track_0,0.3324555821577911,54.54411336310042
46.140607,426,509.654382,synthetic_track_0,0.3117106352034618,51.14060685241293
37.873752,394,510.428519,synthetic_track_0,0.2613227577975326,42.87375183521977
49.198889,430,511.140092,synthetic_track_0,0.33035138063628233,54.19888888053027
50.299429,460,513.401989,synthetic_track_0,0.33705935740794,55.299428817611805
34.085738,366,514.092139,synthetic_track_0,0.23823417383152465,39.08573801075138
42.446117,412,514.794956,synthetic_track_0,0.2891920969670968,47.44611721754602
42.915448,416,515.497673,synthetic_track_0,0.292052748143648,47.91544813102739
49.804606,459,516.260188,synthetic_track_0,0.3340433278790427,54.804605853705134
30.453029,334,518.339974,synthetic_track_0,0.21609219751176256,35.45302876691928
35.39942,358,518.942982,synthetic_track_0,0.2462412860170185,40.39941977215237
32.097548,340,519.550229,synthetic_track_0,0.22611581732107824,37.09754756741409
40.430418,411,520.196203,synthetic_track_0,0.27690606751588936,45.43041761996492
44.897325,446,520.915167,synthetic_track_0,0.3041326246328569,49.89732537418626
46.304247,460,523.166288,synthetic_track_0,0.31270804743803843,51.30424665547893
49.084053,459,523.986691,synthetic_track_0,0.3296514340088903,54.08405258286669
29.355126,323,524.56019,synthetic_track_0,0.2094002958940523,34.3551261897327
24.172344,298,525.071381,synthetic_track_0,0.1778103654205977,29.172344364584184
50.422258,434,525.791295,synthetic_track_0,0.3378080220474537,55.422258004908166
49.891914,461,528.050297,synthetic_track_0,0.33457548827701744,54.89191441049367
37.077772,367,528.671628,synthetic_track_0,0.25647112591221743,42.0777719397068
32.714883,347,529.256837,synthetic_track_0,0.2298785808431552,37.714882968355845
53.440463,468,530.05571,synthetic_track_0,0.3562044909600118,58.440462961295616
35.675827,362,530.674576,synthetic_track_0,0.24792603704086325,40.67582737594942
48.970715,451,533.013377,synthetic_track_0,0.32896062080917804,53.970714755198784
42.565413,408,533.711175,synthetic_track_0,0.2899192278800528,47.5654134877084
45.051273,408,534.378536,synthetic_track_0,0.30507096215673113,50.05127312246247
42.465252,406,535.07623,synthetic_track_0,0.28930872672408214,47.46525200435041
47.220517,439,535.828773,synthetic_track_0,0.31829286712569527,52.22051654085402
40.875625,396,538.033877,synthetic_track_0,0.27961968413424915,45.875625402295256
44.090993,404,538.754374,synthetic_track_0,0.29921789020909983,49.09099260089053
51.139684,468,539.581112,synthetic_track_0,0.34218085730941133,56.13968443733058
35.941762,360,540.254872,synthetic_track_0,0.24954695456568268,40.9417621773811
42.840557,398,540.940065,synthetic_track_0,0.29159627678140043,47.84055744768303
45.357124,424,543.334052,synthetic_track_0,0.3069351772149601,50.35712437876948
49.866586,458,544.161628,synthetic_track_0,0.33442110506084344,54.8665856264507
36.312709,366,544.803697,synthetic_track_0,0.2518079361971309,41.312708688843394
44.575878,417,545.50448,synthetic_track_0,0.30217334665797546,49.57587768099927
32.039803,348,546.103131,synthetic_track_0,0.2257638519216522,37.039802588305655
39.0557,393,548.394052,synthetic_track_0,0.26852693283411705,44.055700224633725
33.832453,352,549.03773,synthetic_track_0,0.2366903616526798,38.83245344880264
27.694109,314,549.578463,synthetic_track_0,0.19927611425175187,32.694108776151836
45.271505,536,550.463186,synthetic_track_0,0.3064133151896971,50.271505417941405
49.630468,455,551.255696,synthetic_track_0,0.33298192679822575,54.630467761331886
44.625866,414,553.617571,synthetic_track_0,0.302478031247643,49.62586556416536
44.330171,421,554.452929,synthetic_track_0,0.3006757212522201,49.330170722563516
29.823915,325,555.121312,synthetic_track_0,0.21225764586202703,34.823915492531334
37.206595,385,555.809145,synthetic_track_0,0.2572563254976594,42.20659520963968
46.895799,440,556.597849,synthetic_track_0,0.316313656632406,51.89579863172843
34.215309,348,558.681875,synthetic_track_0,0.2390239315277942,39.21530910423436
53.941009,482,559.575608,synthetic_track_0,0.3592554007040791,58.94100852549075
51.767367,461,560.42224,synthetic_track_0,0.3460066873083352,56.76736679963248
43.462905,426,561.126551,synthetic_track_0,0.2953895890520791,48.462904809609235
35.044133,359,561.807874,synthetic_track_0,0.24407575154637667,40.044132738342455
43.9122,401,564.15866,synthetic_track_0,0.29812811726865435,48.91219969743588
47.46023,437,564.912308,synthetic_track_0,0.3197539610972705,52.46022999280598
43.174076,416,565.700167,synthetic_track_0,0.29362912572284766,48.17407551464613
40.956045,406,566.479166,synthetic_track_0,0.2801098539766933,45.956044805332255
44.076245,415,567.244068,synthetic_track_0,0.2991279994338496,49.07624472809585
37.282879,384,569.437841,synthetic_track_0,0.2577212898728578,42.28287929374505
29.757147,330,569.978417,synthetic_track_0,0.211850683506949,34.757147472918554
51.234563,464,570.733889,synthetic_track_0,0.3427591585694079,56.23456306526201
38.738292,389,571.397674,synthetic_track_0,0.266592277957578,43.73829230439512
35.999047,364,572.041134,synthetic_track_0,0.2498961149463891,40.99904695287967
47.689865,422,574.244254,synthetic_track_0,0.32115362619513244,52.68986515571301
47.477651,438,575.008601,synthetic_track_0,0.31986014328466733,52.477650705759345
47.026848,442,575.747799,synthetic_track_0,0.31711242211824886,52.02684758247117
27.535854,324,576.328207,synthetic_track_0,0.19831152447491673,32.53585396871229
38.865827,375,576.985095,synthetic_track_0,0.26736962633498845,43.86582747088233
43.561818,415,577.712018,synthetic_track_0,0.29599248061565037,48.56181783003636
28.88083,323,579.720127,synthetic_track_0,0.20650938186930434,33.88083022133476
44.289618,415,580.428833,synthetic_track_0,0.3004285458293908,49.28961804423017
44.694307,437,581.150228,synthetic_track_0,0.3028951945047331,49.69430718827033
23.739698,291,581.648459,synthetic_track_0,0.17517331281536844,28.739698008308487
45.692708,442,582.401492,synthetic_track_0,0.30898061804097937,50.692708325255765
39.769153,383,584.608826,synthetic_track_0,0.27287554599496605,44.769152673463545
47.563495,455,585.430299,synthetic_track_0,0.32038338088981944,52.563495350225885
24.38225,300,585.933765,synthetic_track_0,0.17908977340904825,29.38224962142112
30.864074,343,586.515239,synthetic_track_0,0.21859758612814104,35.8640737547141
32.679524,360,587.227654,synthetic_track_0,0.229663060036199,37.67952368441653
47.314123,437,589.512209,synthetic_track_0,0.3188634128050876,52.31412275439274
49.149732,458,590.300922,synthetic_track_0,0.3300517637027252,54.14973241913661
46.060405,422,591.015323,synthetic_track_0,0.31122179192301525,51.06040509092525
35.761586,375,591.657335,synthetic_track_0,0.24844875216011955,40.76158629910021
57.41434,521,592.550899,synthetic_track_0,0.3804259442876253,62.41434027611042
42.191272,424,594.804354,synthetic_track_0,0.28763876997080845,47.191271613132905
45.527254,434,595.591951,synthetic_track_0,0.3079721476246063,50.527254268635716
35.878454,379,596.275703,synthetic_track_0,0.2491610786853198,40.87845369681359
35.202902,374,596.931947,synthetic_track_0,0.24504347944521623,40.20290239977015
42.611069,410,597.62546,synthetic_track_0,0.29019750563516117,47.61106895037967
37.187389,386,600.07334,synthetic_track_0,0.257139261044341,42.18738910465823
48.263495,462,600.912322,synthetic_track_0,0.3246499991570043,53.263495359044974
33.657326,356,601.606389,synthetic_track_0,0.2356229323811723,38.65732634516278
33.340056,353,602.248832,synthetic_track_0,0.2336891159594511,38.34005598547989
24.411465,299,602.806797,synthetic_track_0,0.17926784784367225,29.41146529013139
43.827948,427,603.576314,synthetic_track_0,0.29761458796077117,48.827947838578055
33.07483,369,605.78446,synthetic_track_0,0.2320725166255265,38.07482964528734
40.43936,386,606.44618,synthetic_track_0,0.27696057172984023,45.43935981911588
32.595553,346,607.004029,synthetic_track_0,0.22915124447099897,37.595552989660625
38.662358,394,607.690193,synthetic_track_0,0.26612944467629,43.662357856854975
41.950043,419,608.451407,synthetic_track_0,0.28616843989325147,46.95004284533505
46.328102,443,610.865247,synthetic_track_0,0.3128534490141755,51.328101872469176
47.620284,443,611.632347,synthetic_track_0,0.3207295202683867,52.62028448693241
50.462769,456,612.465371,synthetic_track_0,0.3380549436904494,55.46276904701474
42.340681,413,613.19434,synthetic_track_0,0.2885494426086497,47.34068053950043
38.457753,378,613.816399,synthetic_track_0,0.26488234213626966,43.45775277284109
38.751588,379,615.940103,synthetic_track_0,0.26667331906979674,43.75158826286042
46.277518,424,616.675962,synthetic_track_0,0.31254513402731426,51.277518370499514
42.912124,410,617.358797,synthetic_track_0,0.2920324855388617,47.912123759677314
48.992795,453,618.090319,synthetic_track_0,0.3290952018713931,53.99279471146344
43.31753,405,618.795102,synthetic_track_0,0.2945035062468665,48.317530198471935
41.749501,411,620.972366,synthetic_track_0,0.2849461042464516,46.749501125884635
50.029466,450,621.767397,synthetic_track_0,0.33541388803798394,55.029465933343566
28.825589,317,622.305265,synthetic_track_0,0.20617267480058366,33.82558859053627
46.995799,423,622.984156,synthetic_track_0,0.31692317327158886,51.995798590966615
20.207025,273,623.464107,synthetic_track_0,0.15364107151789466,25.207024552599698
49.448162,448,625.652418,synthetic_track_0,0.3318707397693708,54.44816156909985
39.195597,396,626.362705,synthetic_track_0,0.2693796298154859,44.195597411843785
49.443904,488,627.1888,synthetic_track_0,0.33184479080007223,54.44390426797743
42.875764,408,627.890082,synthetic_track_0,0.2918108663288159,47.87576394511887
45.326432,422,628.631401,synthetic_track_0,0.30674810408783326,50.32643234530453
46.239677,419,630.83178,synthetic_track_0,0.3123144862360579,51.23967728751459
38.854203,380,631.545799,synthetic_track_0,0.26729877028828203,43.854202518703964
47.558416,430,632.340981,synthetic_track_0,0.32035242175670364,52.5584160597675
45.160826,413,633.140788,synthetic_track_0,0.3057387037481893,50.160825721415264
44.768704,421,633.864115,synthetic_track_0,0.3033486539343162,49.76870372080022
46.625805,434,636.076536,synthetic_track_0,0.31466799737933987,51.62580459440867
42.350668,401,636.745388,synthetic_track_0,0.2886103155802257,47.35066762481523
42.207987,389,637.37514,synthetic_track_0,0.2877406507256066,47.20798661428633
46.060405,419,638.088041,synthetic_track_0,0.31122179192301525,51.06040509092525
43.02055,407,638.754308,synthetic_track_0,0.29269336058514667,48.02054980326922
35.307453,357,640.882519,synthetic_track_0,0.24568073096696968,40.30745266485438
30.681852,349,641.461065,synthetic_track_0,0.21748691202501977,35.68185171531591
35.263407,369,642.103254,synthetic_track_0,0.24541226603885094,40.263407137393884
37.582566,370,642.727907,synthetic_track_0,0.2595479323707543,42.582566231869116
44.644979,408,643.502282,synthetic_track_0,0.30259452843277596,49.64497860065322
44.711982,399,645.862272,synthetic_track_0,0.3030029262828314,49.71198213383527
40.745482,380,646.497007,synthetic_track_0,0.27882643810853275,45.7454819982631
49.574404,432,647.354635,synthetic_track_0,0.33264021137903144,54.5744044387025
49.498889,452,648.148759,synthetic_track_0,0.33217993135012847,54.49888888888887
42.039321,397,648.833322,synthetic_track_0,0.28671260621315486,47.03932114605885
45.902345,421,651.038359,synthetic_track_0,0.310258387633037,50.9023447796319
50.572683,436,651.776013,synthetic_track_0,0.33872489051408244,55.57268344597991
47.239502,420,652.48778,synthetic_track_0,0.31840858789499515,52.23950219517268
42.774176,393,653.147807,synthetic_track_0,0.29119167010012076,47.77417591019178
42.285826,408,653.884987,synthetic_track_0,0.2882150950703208,47.28582602355301
44.682185,438,656.217933,synthetic_track_0,0.3028213078698747,49.682185024576825
44.440464,425,656.930638,synthetic_track_0,0.30134797532157126,49.44046365832806
26.606934,310,657.493977,synthetic_track_0,0.19264960035975218,31.60693399454193
31.295905,334,658.058801,synthetic_track_0,0.22122967312575623,36.29590543173893
49.130697,433,658.862306,synthetic_track_0,0.32993574073110243,54.1306971841863
35.818326,367,661.13003,synthetic_track_0,0.24879458731499157,40.81832552353992
42.882379,405,661.900483,synthetic_track_0,0.2918511854635273,47.88237887827814
46.527703,420,662.63094,synthetic_track_0,0.3140700495375135,51.527702662541216
48.388837,452,663.505624,synthetic_track_0,0.32541397718872295,53.38883692828113
34.909098,358,664.121553,synthetic_track_0,0.24325268900591435,39.9090975068071
34.361367,345,664.701024,synthetic_track_0,0.23991418176047777,39.36136744170566
45.453995,428,667.028033,synthetic_track_0,0.30752561853333144,50.4539947576468
34.574465,349,667.694128,synthetic_track_0,0.24121304550617756,39.57446469496533
43.871277,417,668.462937,synthetic_track_0,0.2978786861447333,48.87127693893944
48.25911,422,669.406347,synthetic_track_0,0.32462327152147175,53.25911030654276
49.198629,470,670.280126,synthetic_track_0,0.3303497978537659,54.198629202324696
39.074159,374,672.47659,synthetic_track_0,0.2686394404255456,44.07415871097124
35.622537,351,673.064212,synthetic_track_0,0.24760122590338943,40.622537443535045
39.887538,386,673.718494,synthetic_track_0,0.27359712644529005,44.887538310509
36.692335,357,674.326738,synthetic_track_0,0.25412182081347884,41.69233469483211
45.854172,422,675.046629,synthetic_track_0,0.3099647674343468,50.854172168725185
47.9837,494,677.410852,synthetic_track_0,0.32294460052095636,52.98370021790119
44.057315,410,678.094311,synthetic_track_0,0.29901261854125355,49.057314835432145
27.063782,297,678.636652,synthetic_track_0,0.1954341667890933,32.06378211242668
36.692536,367,679.30313,synthetic_track_0,0.25412304851991824,41.69253611770723
43.806806,407,680.01196,synthetic_track_0,0.2974857275302602,48.80680643411076
32.514775,337,682.05458,synthetic_track_0,0.22865889005165357,37.51477517540557
42.836903,406,682.777812,synthetic_track_0,0.2915740004792579,47.83690270035864
49.312057,457,683.558161,synthetic_track_0,0.33104115832037206,54.312056816987024
33.731988,341,684.133302,synthetic_track_0,0.23607800682954946,38.7319878447226
38.832621,370,684.766134,synthetic_track_0,0.2671672292612599,43.83262132387719
45.913364,416,687.025891,synthetic_track_0,0.3103255510884828,50.913363909176724
38.756618,369,687.653368,synthetic_track_0,0.2667039758682865,43.75661795098093
41.844783,382,688.366127,synthetic_track_0,0.28552686216002837,46.844782803121184
47.195799,449,689.154181,synthetic_track_0,0.3181422071594762,52.19579860944376
46.560405,414,689.877794,synthetic_track_0,0.31426937630231283,51.5604050812672
43.689618,409,692.102512,synthetic_track_0,0.29677144444667486,48.689618034891964
30.937743,338,692.693082,synthetic_track_0,0.21904661239816597,35.937742963744334
42.712994,393,693.374482,synthetic_track_0,0.29081875399284135,47.71299366654179
46.033567,420,694.165129,synthetic_track_0,0.31105820876179346,51.03356692375698
46.263112,416,694.905663,synthetic_track_0,0.31245732279381033,51.26311167639709
32.673971,338,695.570555,synthetic_track_0,0.229629213161509,37.67397061847583
31.785686,348,697.669188,synthetic_track_0,0.22421496823060047,36.78568597193648
45.484611,412,698.378072,synthetic_track_0,0.3077122299952572,50.484611048304544
44.959212,416,699.139569,synthetic_track_0,0.3045098355523179,49.95921224346167
44.598677,400,699.957803,synthetic_track_0,0.30231231090776217,49.598676762141444
45.886752,417,700.712254,synthetic_track_0,0.3101633491471414,50.8867523509685
49.037451,463,703.164232,synthetic_track_0,0.3293673891365643,54.03745094178189
21.951492,270,703.65574,synthetic_track_0,0.16427389621640878,26.951492165270032
36.856006,353,704.340374,synthetic_track_0,0.2551194263842656,41.85600621748029
46.689297,414,705.152256,synthetic_track_0,0.3150549966482627,51.68929738300484
37.517437,358,705.772982,synthetic_track_0,0.2591509590394777,42.51743705508483
44.888596,401,707.99626,synthetic_track_0,0.3040794175549668,49.88859598883703
46.328102,414,708.719304,synthetic_track_0,0.3128534490141755,51.328101872469176
47.413801,423,709.432436,synthetic_track_0,0.31947096901908933,52.41380107772208
57.71434,477,710.295163,synthetic_track_0,0.3822544949097399,62.714340269419154
47.800459,414,711.017299,synthetic_track_0,0.3218277152892855,52.80045915365305
45.775315,411,713.160206,synthetic_track_0,0.3094841216881512,50.77531533047381
42.692938,412,713.867913,synthetic_track_0,0.29069650966006677,47.692937727936176
44.434501,408,714.558669,synthetic_track_0,0.30131163462234795,49.434501444653485
39.182105,373,715.19064,synthetic_track_0,0.2692973916723921,44.18210506327028
38.603168,389,715.871005,synthetic_track_0,0.2657686735402325,43.603168170174015
48.809162,434,718.101107,synthetic_track_0,0.3279759306394821,53.80916218960542
48.882516,453,718.881005,synthetic_track_0,0.32842303678280754,53.88251637427153
46.155249,427,719.603275,synthetic_track_0,0.31179988033793277,51.15524879856434
46.579865,421,720.360062,synthetic_track_0,0.3143879853269397,51.5798645953567
50.101069,455,721.192292,synthetic_track_0,0.33585032166780293,55.10106913887801
46.550005,427,723.492656,synthetic_track_0,0.3142059866950138,51.550005105715215
47.48714,427,724.19331,synthetic_track_0,0.3199179809972501,52.48713981324041
37.522281,371,724.931425,synthetic_track_0,0.25918048170489455,42.522280672384994
47.128102,433,725.701199,synthetic_track_0,0.31772958392054335,52.12810184052646
47.083105,424,726.394168,synthetic_track_0,0.31745532013949174,52.08310492795252
46.660405,421,728.6431,synthetic_track_0,0.31487889325897594,51.660405092592576
47.309345,412,729.370365,synthetic_track_0,0.3188342913235755,52.30934495707441
34.940509,363,730.092075,synthetic_track_0,0.2434441458388802,39.94050875017877
49.807981,451,730.881369,synthetic_track_0,0.33406390202392183,54.807981337682136
46.051704,416,731.638583,synthetic_track_0,0.3111687560391258,51.05170379241072
46.895799,419,734.037748,synthetic_track_0,0.316313656632406,51.89579863172843
47.128102,421,734.780364,synthetic_track_0,0.31772958392054335,52.128101840526455
32.759451,350,735.378664,synthetic_track_0,0.23015022947155767,37.759450827575854
41.965939,391,736.044424,synthetic_track_0,0.28626532961039275,46.96593899507382
48.310117,411,736.721241,synthetic_track_0,0.3249341688083542,53.31011747192086
44.051967,397,738.895506,synthetic_track_0,0.29898002435411314,49.05196729087649
47.495799,424,739.624793,synthetic_track_0,0.3199707577815908,52.49579860275249
48.363495,417,740.336154,synthetic_track_0,0.32525951611366744,53.36349537037035
49.934799,429,741.045027,synthetic_track_0,0.334836876737516,54.93479894180069
38.456249,366,741.660444,synthetic_track_0,0.2648731761622362,43.456248963148624
49.566586,431,743.846367,synthetic_track_0,0.3325925544509274,54.56658563514332
47.763495,429,744.566061,synthetic_track_0,0.32160241477770674,52.763495368703026
37.545095,362,745.182225,synthetic_track_0,0.2593195415077176,42.54509543037523
46.43647,421,745.873932,synthetic_track_0,0.31351397382295726,51.43647045456816
30.22287,315,746.41849,synthetic_track_0,0.21468934127107184,35.22287005119632
47.71577,428,748.740304,synthetic_track_0,0.321311520624405,52.715770004696886
50.455944,434,749.535995,synthetic_track_0,0.3380133428050324,55.45594382424223
51.841748,455,750.306786,synthetic_track_0,0.3464600510716316,56.841747636733956
47.795799,418,751.046986,synthetic_track_0,0.3217993084954369,52.79579861111109
36.053071,360,751.675555,synthetic_track_0,0.2502254002282518,41.05307093294385
33.692152,343,753.806421,synthetic_track_0,0.23583519913939835,38.692151755669514
46.428102,411,754.652407,synthetic_track_0,0.31346296565335835,51.42810183170736
34.596924,355,755.35674,synthetic_track_0,0.24134993844738273,39.596923948184184
46.943907,418,756.128886,synthetic_track_0,0.3166068827182921,51.94390658276894
36.226456,356,756.778497,synthetic_track_0,0.25128221103321274,41.2264559246321
47.379979,423,757.514642,synthetic_track_0,0.3192648151138447,52.37997856854678
46.160405,417,759.910812,synthetic_track_0,0.31183130874154436,51.16040507958776
45.146011,413,760.765429,synthetic_track_0,0.3056484031414371,50.14601060987621
46.895799,415,761.629865,synthetic_track_0,0.316313656632406,51.89579863172843
46.816496,426,762.418458,synthetic_track_0,0.31583029160279097,51.81649565597461
44.886742,464,764.690292,synthetic_track_0,0.3040681161246397,49.886741826867706
36.321564,363,765.307801,synthetic_track_0,0.2518619135782927,41.32156445350833
33.451046,335,765.930431,synthetic_track_0,0.234365619122604,38.451046046113
40.718824,381,766.566043,synthetic_track_0,0.27866395608521005,45.718824488582996
45.837045,414,767.246859,synthetic_track_0,0.30986037312469583,50.837044782795594
47.36816,429,767.982017,synthetic_track_0,0.31919277877473307,52.36815997244662
37.989403,368,770.064854,synthetic_track_0,0.2620276737228803,42.989403417587766
45.760405,405,770.748885,synthetic_track_0,0.30939324139594504,50.76040511320992
39.656971,388,771.392271,synthetic_track_0,0.2721917818568441,44.656971345596276
25.955649,306,771.890037,synthetic_track_0,0.1886799085051409,30.955649028504794
38.800097,369,772.48897,synthetic_track_0,0.2669689863339968,43.80009672426635
44.389618,409,774.617911,synthetic_track_0,0.3010380627860539,49.38961805555554
29.400051,325,775.142074,synthetic_track_0,0.20967412021266177,34.40005100218094
41.831245,387,775.829543,synthetic_track_0,0.2854443481689841,46.831245197729366
41.343141,405,776.540167,synthetic_track_0,0.2824692716161536,46.343141157760286
39.475016,382,777.258786,synthetic_track_0,0.2710827332201056,44.475015987305
43.389938,395,777.945172,synthetic_track_0,0.29494484387843234,48.389937975929875
45.692708,431,780.164516,synthetic_track_0,0.30898061804097937,50.692708325255765
41.948653,387,780.835455,synthetic_track_0,0.2861599685261185,46.948652995881346
40.085891,382,781.498522,synthetic_track_0,0.2748061226286144,45.085891499379514
41.836701,398,782.171185,synthetic_track_0,0.28547760272725264,46.8367010856536
45.634272,406,782.858404,synthetic_track_0,0.3086244359295588,50.63427153397936
53.163953,467,785.090499,synthetic_track_0,0.3545191178866041,58.16395330133318
48.39407,432,785.814262,synthetic_track_0,0.32544587128091224,53.39406961220448
49.80832,461,786.585052,synthetic_track_0,0.33406596369434144,54.80831958432656
47.731648,433,787.345233,synthetic_track_0,0.3214082985786201,52.731647818122354
60.794901,486,789.770077,synthetic_track_0,0.40103103508122784,65.79490137485537
48.898889,438,790.493066,synthetic_track_0,0.32852283001416777,53.898888887221545
49.666586,444,791.266233,synthetic_track_0,0.33320207136859287,54.66658564007058
43.810338,397,791.931808,synthetic_track_0,0.29750725098935504,48.81033766671998
47.126418,426,792.637686,synthetic_track_0,0.3177193231832552,52.126418419197805
47.663495,424,794.864271,synthetic_track_0,0.3209928977742884,52.66349534970678
38.792195,377,795.558569,synthetic_track_0,0.26692082316812404,43.79219486513004
34.891674,353,796.176527,synthetic_track_0,0.2431464898272462,39.89167400619163
43.750743,400,796.873351,synthetic_track_0,0.2971440096680377,48.75074271066751
46.995799,417,797.59636,synthetic_track_0,0.3169231732715889,51.99579859096662
32.938489,340,799.63213,synthetic_track_0,0.23124149566004595,37.938488719819674
30.111344,326,800.24301,synthetic_track_0,0.2140095730273132,35.11134430719299
46.560405,417,800.973015,synthetic_track_0,0.3142693763023129,51.560405081267206
37.829052,382,801.637893,synthetic_track_0,0.26105030403307294,42.82905188186529
48.002692,427,802.377012,synthetic_track_0,0.32306035708161535,53.00269174430639
36.16044,352,802.967766,synthetic_track_0,0.25087983191347746,41.160439850607
35.258289,346,804.980175,synthetic_track_0,0.24538107256645808,40.25828940021125
12.673781,211,805.401279,synthetic_track_0,0.10772468123755832,17.673781223010035
42.316534,391,806.088843,synthetic_track_0,0.28840226558857046,47.3165340354305
42.852352,389,806.776657,synthetic_track_0,0.2916681655552049,47.85235183357506
43.659997,403,807.42865,synthetic_track_0,0.29659090162687524,48.65999739213984
26.639038,299,808.01681,synthetic_track_0,0.1928452792578635,31.639037928342876
46.941838,409,810.213851,synthetic_track_0,0.31659427613134256,51.94183829110954
43.36695,389,810.907882,synthetic_track_0,0.2948047252735207,48.36694950624928
33.430003,341,811.50621,synthetic_track_0,0.23423735970046405,38.43000324570134
47.563495,432,812.361992,synthetic_track_0,0.32038338088981944,52.563495350225885
47.60056,416,813.092325,synthetic_track_0,0.320609297620974,52.60056023484818
27.902836,316,815.173421,synthetic_track_0,0.2005483438623354,32.90283631699555
46.428102,442,815.96701,synthetic_track_0,0.31346296565335835,51.42810183170736
40.926257,385,816.633108,synthetic_track_0,0.27992829250250867,45.92625703769718
47.095799,414,817.328444,synthetic_track_0,0.31753269015605784,52.095798590447515
36.465508,374,817.928537,synthetic_track_0,0.25273927441659566,41.465508100699154
38.179649,376,820.064611,synthetic_track_0,0.26318725458696324,43.17964931357697
45.792708,464,820.892253,synthetic_track_0,0.30959013492689935,50.79270832497472
49.859839,440,821.727971,synthetic_track_0,0.3343799834376138,54.85983903352375
39.789629,374,822.362581,synthetic_track_0,0.2730003540392512,44.78962922576545
37.216613,359,822.986238,synthetic_track_0,0.25731738457103764,42.21661282762814
43.379526,403,825.361145,synthetic_track_0,0.2948813791083386,48.37952566884184
43.265748,392,826.043387,synthetic_track_0,0.2941878845851828,48.26574793155078
43.719359,417,826.760724,synthetic_track_0,0.2969527236394716,48.719359490210906
43.396464,406,827.516287,synthetic_track_0,0.2949846218455444,48.396464122771604
48.075541,415,828.216373,synthetic_track_0,0.3235043836248753,53.075540676349
48.194322,441,830.455492,synthetic_track_0,0.32422837626956613,53.19432206852704
50.4435,464,831.201042,synthetic_track_0,0.3379374959693126,55.44350006144276
32.639758,332,831.794709,synthetic_track_0,0.2294206787994047,37.639757561161844
40.970942,377,832.486395,synthetic_track_0,0.28020065623699525,45.97094222034146
23.114274,279,833.004452,synthetic_track_0,0.17136124926393043,28.114274229446227
47.619888,426,833.708482,synthetic_track_0,0.32072710630190937,52.619888441059636
33.61472,341,835.793015,synthetic_track_0,0.23536323851960164,38.614719837149664
35.0476,344,836.415677,synthetic_track_0,0.24409688354630718,40.04759974645319
36.203047,356,837.021063,synthetic_track_0,0.25113952807699563,41.20304673628767
46.166003,425,837.759412,synthetic_track_0,0.31186542631738756,51.16600255794077
48.861338,423,838.511571,synthetic_track_0,0.3282939480925388,53.86133752051245
50.185337,450,840.842439,synthetic_track_0,0.33636394881674087,55.18533704996617
37.953536,369,841.570243,synthetic_track_0,0.2618090584870191,42.95353644814083
41.085699,377,842.344242,synthetic_track_0,0.2809001163913904,46.085698705122624
49.802599,423,843.15238,synthetic_track_0,0.3340310980738271,54.802599378500965
47.777259,423,843.992842,synthetic_track_0,0.32168630597803394,52.777258925058774
40.239925,387,846.175219,synthetic_track_0,0.27574498044614437,45.239924609302996
47.095799,412,846.911516,synthetic_track_0,0.31753269015605784,52.095798590447515
47.095799,441,847.647726,synthetic_track_0,0.3175326901560579,52.09579859044752
47.375701,419,848.381453,synthetic_track_0,0.3192387410617603,52.37570074579676
22.111963,267,848.853326,synthetic_track_0,0.16525199442407396,27.111963224810893
37.889485,365,851.039234,synthetic_track_0,0.26141865219300525,42.88948468814285
41.217325,397,851.75039,synthetic_track_0,0.28170240123927787,46.21732505775791
40.049906,378,852.451383,synthetic_track_0,0.27458678535252334,45.0499060688621
37.349346,359,853.126822,synthetic_track_0,0.25812641515148815,42.349345914580375
31.08348,322,853.65239,synthetic_track_0,0.21993490580919978,36.08348025651786
38.912963,369,854.306527,synthetic_track_0,0.2676569270848744,43.91296328544551
32.728158,345,856.458155,synthetic_track_0,0.22995949444549255,37.72815800699367
43.297364,401,857.11026,synthetic_track_0,0.29438059072052664,48.297364140921474
39.860091,379,857.817856,synthetic_track_0,0.2734298293630864,44.860090821260044
18.034866,246,858.197586,synthetic_track_0,0.14040139898856563,23.03486611073211
35.009134,349,858.767716,synthetic_track_0,0.2438624301012885,40.00913429130736
48.354898,422,859.46259,synthetic_track_0,0.32520711592944423,53.35489836751672
49.557816,440,861.621002,synthetic_track_0,0.33253910056001046,54.557815756572026
45.833279,415,862.362204,synthetic_track_0,0.3098374208587252,50.83327913389622
47.595799,419,863.038863,synthetic_track_0,0.3205802745879213,52.59579858941365
36.922888,355,863.607597,synthetic_track_0,0.2555270836157865,41.92288824155415
38.520827,368,864.252926,synthetic_track_0,0.2652667881108047,43.52082665681959
51.169676,458,866.582318,synthetic_track_0,0.34236366048708977,56.16967592425858
36.274112,356,867.294418,synthetic_track_0,0.25157268216595624,41.27411188603975
50.311255,435,867.976523,synthetic_track_0,0.3371314388572594,55.31125481468947
26.620936,307,868.464359,synthetic_track_0,0.192734944094838,31.62093586008781
38.508916,366,869.148011,synthetic_track_0,0.26519419176709286,43.50891618392133
49.449856,427,871.336731,synthetic_track_0,0.3318810648351445,54.449855544440524
20.793976,263,871.748065,synthetic_track_0,0.1572186389254094,25.79397587094755
29.497748,318,872.272018,synthetic_track_0,0.21026959819973623,34.497747718901444
29.194735,319,872.793172,synthetic_track_0,0.20842268517416723,34.19473510956403
38.194714,367,873.430386,synthetic_track_0,0.26327907614449375,43.194713958936845
48.207021,429,874.142267,synthetic_track_0,0.32430578138859023,53.20702149008445
40.678202,382,876.254519,synthetic_track_0,0.27841635270511045,45.67820159771263
23.01153,272,876.73311,synthetic_track_0,0.17073500485020282,28.011529838530407
47.698475,430,877.459484,synthetic_track_0,0.3212061018823151,52.6984745459116
35.285756,355,878.078548,synthetic_track_0,0.245548486571471,40.28575607232644
55.052343,469,878.828833,synthetic_track_0,0.36602917096853677,60.05234283006808
22.514335,277,879.275261,synthetic_track_0,0.16770452107353603,27.514335447668604
48.676502,410,881.509864,synthetic_track_0,0.3271673416682963,53.676501554995966
35.200018,351,882.097925,synthetic_track_0,0.24502589858584764,40.200018007274174
33.163614,332,882.735186,synthetic_track_0,0.23261366944514536,38.1636135380061
46.349047,416,883.38888,synthetic_track_0,0.3129811144209568,51.34904721612931
43.280518,395,884.014498,synthetic_track_0,0.29427790834102324,48.2805176217213
33.957023,343,886.113887,synthetic_track_0,0.2374496359731323,38.95702330664547
40.544525,384,886.772318,synthetic_track_0,0.2776015706412083,45.544524897290714
12.298263,203,887.191465,synthetic_track_0,0.10543583320753733,17.29826282861255
55.962263,470,888.04644,synthetic_track_0,0.3715752858068344,60.96226262898216
38.063353,370,888.64658,synthetic_track_0,0.2624784115068849,43.06335342506909
35.604111,341,889.252196,synthetic_track_0,0.2474889126402111,40.60411083953815
57.319935,465,891.619076,synthetic_track_0,0.3798505289303965,62.31993512197871
19.164015,255,892.069427,synthetic_track_0,0.14728375423513165,24.164015341246927
40.785111,384,892.775552,synthetic_track_0,0.27906798103846825,45.78511058523688
41.223027,383,893.440356,synthetic_track_0,0.2817371536997919,46.22302669806012
43.340994,400,894.256383,synthetic_track_0,0.29464652404294983,48.34099432210577
47.458312,418,896.508506,synthetic_track_0,0.3197422734145675,52.45831246058659
21.865136,272,896.973551,synthetic_track_0,0.16374753830040673,26.865135588991052
22.916616,277,897.413198,synthetic_track_0,0.1701564882315102,27.91661587791166
48.167827,418,898.123958,synthetic_track_0,0.3240668843429364,53.16782699843032
45.592708,409,898.953516,synthetic_track_0,0.30837110112331384,50.592708320328505
47.065435,418,899.735351,synthetic_track_0,0.31734762081674006,52.065435307153344
44.11051,392,901.952214,synthetic_track_0,0.29933685357748074,49.110510250162385
32.301906,334,902.536086,synthetic_track_0,0.22736141949254898,37.30190649441739
49.009057,418,903.322215,synthetic_track_0,0.3291943225730982,54.009056886263885
48.522117,415,904.03324,synthetic_track_0,0.3262263410252084,53.522116883761974
47.45971,425,904.728564,synthetic_track_0,0.3197507895462364,52.459709654305364
28.560473,314,906.83768,synthetic_track_0,0.20455674759214473,33.56047252218348
11.563198,194,907.176342,synthetic_track_0,0.10095548654080796,16.56319760603467
30.54099,316,907.740537,synthetic_track_0,0.21662833649960878,35.54099006852132
42.593099,393,908.456693,synthetic_track_0,0.2900879758153467,47.59309901024563
17.468167,242,908.858925,synthetic_track_0,0.1369472724024563,22.468167032135117
30.879821,325,909.384167,synthetic_track_0,0.21869356959412345,35.87982122093364
49.907474,453,911.739061,synthetic_track_0,0.3346703240338764,54.90747357854679
34.822849,345,912.420115,synthetic_track_0,0.24272698955931862,39.82284896189193
0.708028,112,912.64849,synthetic_track_0,0.03479139712367686,5.708028412270126
17.455332,238,913.039122,synthetic_track_0,0.13686904207711237,22.45533222362838
35.973618,358,913.626673,synthetic_track_0,0.24974112349653138,40.97361837936473
48.121073,409,914.290116,synthetic_track_0,0.323781911114557,53.12107304720084
46.976676,415,915.036546,synthetic_track_0,0.31680661481288047,51.97667550166862
47.980594,420,917.235095,synthetic_track_0,0.3229256670637178,52.980593912297074
41.219851,381,917.871646,synthetic_track_0,0.281717798565476,46.21985121027486
37.530796,361,918.457645,synthetic_track_0,0.25923238644342117,42.53079639025595
47.489058,419,919.196848,synthetic_track_0,0.31992967399589706,52.489058217616765
47.855652,425,919.942527,synthetic_track_0,0.3221641271776634,52.85565235587659
49.679538,445,922.284278,synthetic_track_0,0.3332810168118543,54.67953777394303
47.880626,420,922.987625,synthetic_track_0,0.3223163468841274,52.880626185076814
35.362175,353,923.603387,synthetic_track_0,0.24601427449592858,40.36217527151655
41.81674,391,924.318871,synthetic_track_0,0.2853559380915561,46.816740254679914
43.097145,397,924.933113,synthetic_track_0,0.2931602239097198,48.09714543729441
31.155525,333,927.037041,synthetic_track_0,0.22037403301911332,36.15552538255511
43.433689,389,927.704568,synthetic_track_0,0.29521151536938056,48.43368926426313
32.864161,337,928.331275,synthetic_track_0,0.2307884538296971,37.8641607004422
47.808249,431,929.085622,synthetic_track_0,0.3218751965393978,52.80824913471439
18.283795,249,929.512288,synthetic_track_0,0.14191866385145016,23.283795204194416
35.016331,363,930.186229,synthetic_track_0,0.24390629518967644,40.01633098909834
47.988567,426,932.499553,synthetic_track_0,0.32297426427799153,52.98856698330787
50.159991,433,933.335845,synthetic_track_0,0.33620946287255593,55.15999141191751
42.817114,516,934.203711,synthetic_track_0,0.2914533842419163,47.81711387419338
49.017421,424,934.921571,synthetic_track_0,0.32924530196266,54.017420787346225
48.517679,427,935.804577,synthetic_track_0,0.32619929130482966,53.517678988614584
48.831192,443,938.205463,synthetic_track_0,0.3281102067752349,53.83119211830424
53.880799,456,938.997809,synthetic_track_0,0.3588884163260669,58.88079946722539
48.491754,456,939.803714,synthetic_track_0,0.3260412722822353,53.49175369830671
29.531832,319,940.40807,synthetic_track_0,0.2104773473424751,34.531831949700305
24.330241,286,940.87522,synthetic_track_0,0.17877277402696565,29.33024131968011
16.119916,232,942.838647,synthetic_track_0,0.12872945690892457,21.119916366686837
26.553261,303,943.393602,synthetic_track_0,0.19232245449473717,31.55326101654038
21.027031,262,943.87213,synthetic_track_0,0.15863914664971748,26.027030566088882
29.144649,314,944.440059,synthetic_track_0,0.20811740261697517,34.144649121236846
48.055972,420,945.18059,synthetic_track_0,0.32338510866200243,53.05597190552526
46.917574,414,945.842379,synthetic_track_0,0.31644638067204006,51.917573916765974
24.009718,290,947.867612,synthetic_track_0,0.17681913146903963,29.00971819758701
49.131484,427,948.554182,synthetic_track_0,0.32994053565644854,54.13148386055957
48.900044,427,949.306855,synthetic_track_0,0.3285298703897631,53.90004396195995
48.230489,428,949.978598,synthetic_track_0,0.3244488214624404,53.230489268705924
34.045091,348,950.552227,synthetic_track_0,0.2379864212974525,39.0450906490295
48.329978,454,952.736458,synthetic_track_0,0.32505522472355514,53.3299784335541
48.844906,445,953.485016,synthetic_track_0,0.328193796058959,53.84490614090478
40.015741,382,954.214153,synthetic_track_0,0.27437854185867433,45.015740732663176
49.134396,442,954.975131,synthetic_track_0,0.3299582829528262,54.13439555943744
14.271369,218,955.326084,synthetic_track_0,0.11746224939598648,19.271369141573356
62.212968,499,957.690607,synthetic_track_0,0.4096743917025527,67.21296817443009
50.622732,455,958.564233,synthetic_track_0,0.33902994466331243,55.62273196070026
43.5274,400,959.245018,synthetic_track_0,0.29578269880153374,48.52740011030241
30.516808,341,959.883235,synthetic_track_0,0.2164809407059529,35.516807671503855
47.126928,435,960.622774,synthetic_track_0,0.3177224316092958,52.12692840113657
35.129179,358,962.830105,synthetic_track_0,0.24459412048412235,40.12917860799156
42.970456,404,963.586293,synthetic_track_0,0.29238803307179106,47.9704564392377
36.571297,372,964.19263,synthetic_track_0,0.2533840749528909,41.571296890046604
30.303818,331,964.732459,synthetic_track_0,0.21518273411585737,35.30381823405989
41.477742,399,965.478189,synthetic_track_0,0.28328968641686647,46.47774198955986
62.74899,517,966.355592,synthetic_track_0,0.41294153252294385,67.74898955245601
50.861859,450,968.57803,synthetic_track_0,0.3404874640402009,55.8618589490514
50.263081,443,969.330752,synthetic_track_0,0.33683781113663125,55.263080969700795
50.047471,496,970.189976,synthetic_track_0,0.3355236350037812,55.04747149939497
23.827392,289,970.663607,synthetic_track_0,0.175707820515815,28.82739167378218
28.647313,309,971.179444,synthetic_track_0,0.2050860579986833,33.64731349694205
29.888033,323,973.336594,synthetic_track_0,0.2126484515291795,34.88803277542896
50.501674,437,974.051563,synthetic_track_0,0.33829207566629393,55.50167395361469
40.122679,380,974.70689,synthetic_track_0,0.2750303497258539,45.12267917528956
46.654056,420,975.385457,synthetic_track_0,0.31484019348181214,51.65405583829806
43.599776,408,976.066262,synthetic_track_0,0.2962238406035728,48.599775759113754
44.543422,502,978.482519,synthetic_track_0,0.30197552111955756,49.5434215600235
37.205192,372,979.17378,synthetic_track_0,0.25724777108435076,42.20519173526806
30.071791,321,979.78147,synthetic_track_0,0.21376849173421844,35.0717914583735
15.804896,227,980.137569,synthetic_track_0,0.126809355589445,20.804896166518787
49.166586,435,980.878571,synthetic_track_0,0.3301544871053281,54.16658566876548
20.512252,259,981.280942,synthetic_track_0,0.1555014846787759,25.51225205303958
52.499927,457,983.503487,synthetic_track_0,0.3504717679614081,57.49992741340193
48.848296,443,984.229917,synthetic_track_0,0.32821445676192457,53.8482958259791
48.873239,435,984.936316,synthetic_track_0,0.32836649265450074,53.873239497870884
40.626867,497,985.775607,synthetic_track_0,0.2781034602199786,45.62686709140438
50.208474,428,988.08439,synthetic_track_0,0.3365049753789302,55.20847448307931
48.163495,437,988.850579,synthetic_track_0,0.3240404822061519,53.16349534867292
40.493568,384,989.492697,synthetic_track_0,0.27729098063805185,45.49356814622143
43.886626,408,990.181503,synthetic_track_0,0.2979722396954273,48.88662574265468
47.722354,415,990.902727,synthetic_track_0,0.3213516536493164,52.72235440387035
54.468889,483,993.22455,synthetic_track_0,0.3624729206055034,59.46888887904735
47.681411,420,993.924863,synthetic_track_0,0.3211020989249901,52.68141136695213
48.186043,427,994.650569,synthetic_track_0,0.32417791108864896,53.18604253075851
40.988878,392,995.347889,synthetic_track_0,0.2803099747976994,45.98887750038411
8.494152,170,995.627616,synthetic_track_0,0.08224913323148787,13.494151663441668
13.690236,213,995.976126,synthetic_track_0,0.11392014635537683,18.690236261996382
41.04105,386,998.168781,synthetic_track_0,0.2806279776855676,46.04105044166275
41.713759,395,998.930963,synthetic_track_0,0.2847282527655672,46.71375946141158
47.360248,416,999.706494,synthetic_track_0,0.31914455098566197,52.36024751094643
42.897196,402,1000.432576,synthetic_track_0,0.2919414961202626,47.89719563866127
48.263495,429,1001.198457,synthetic_track_0,0.3246499991570044,53.26349535904498
43.233964,415,1003.605882,synthetic_track_0,0.2939941564404602,48.233964046862205
34.573117,344,1004.208491,synthetic_track_0,0.2412048292697636,39.573116703370566
50.437358,448,1005.042343,synthetic_track_0,0.33790005663990486,55.43735760170663
44.025369,404,1005.745756,synthetic_track_0,0.2988179003911793,49.025368526146046
48.817456,425,1006.547804,synthetic_track_0,0.3280264804657493,53.8174556146594
26.520406,294,1008.709192,synthetic_track_0,0.19212219796201338,31.520406056031987
48.531192,440,1009.520931,synthetic_track_0,0.32628165613213184,53.53119212155205
50.401979,448,1010.36725,synthetic_track_0,0.33768441898097196,55.40197914652218
47.595799,431,1011.078762,synthetic_track_0,0.3205802745879214,52.595798589413654
39.84767,378,1011.748094,synthetic_track_0,0.27335412341801024,44.84767017359429
35.400396,370,1013.885868,synthetic_track_0,0.24624723435795545,40.40039568292
43.585105,402,1014.548736,synthetic_track_0,0.29613442045261645,48.58510509899413
42.944984,400,1015.24798,synthetic_track_0,0.29223277186540564,47.94498360828984
51.195623,452,1015.976352,synthetic_track_0,0.34252181088989914,56.195622769377756
33.013736,337,1016.570483,synthetic_track_0,0.23170014311335324,38.0137364221579
47.463495,421,1018.797817,synthetic_track_0,0.31977386425063653,52.463495390987696
41.966569,398,1019.493602,synthetic_track_0,0.2862691712634436,46.96656927343506
37.607578,367,1020.123801,synthetic_track_0,0.25970038113823174,42.60757764181864
42.297865,399,1020.879477,synthetic_track_0,0.2882884752631942,47.29786509816476
30.982674,332,1021.501482,synthetic_track_0,0.21932047223238305,35.982673603038116
22.536838,273,1022.026937,synthetic_track_0,0.1678416771607512,27.536837873770004
48.196896,434,1024.286577,synthetic_track_0,0.3242440643641114,53.196895925767684
48.363495,438,1024.996631,synthetic_track_0,0.32525951611366744,53.36349537037035
47.847705,424,1025.738816,synthetic_track_0,0.32211568525034107,52.84770476192059
37.395769,368,1026.354575,synthetic_track_0,0.25840936993403385,42.3957687107796
48.284998,452,1027.106176,synthetic_track_0,0.3247810613904738,53.28499800091244
38.262674,370,1029.286564,synthetic_track_0,0.2636933058912916,43.26267429854392
60.038597,497,1030.130524,synthetic_track_0,0.3964212324638305,65.03859704417489
42.509692,413,1030.861626,synthetic_track_0,0.2895795959329004,47.50969198859271
49.479123,428,1031.576385,synthetic_track_0,0.33205945610970367,54.47912319529297
48.263495,441,1032.484603,synthetic_track_0,0.3246499991570043,53.263495359044974
48.177152,431,1034.692677,synthetic_track_0,0.32412371990751687,53.17715168913762
17.80399,244,1035.086535,synthetic_track_0,0.138994167320239,22.803989543260542
39.497307,392,1035.768841,synthetic_track_0,0.27121860373883266,44.49730749743111
48.263495,437,1036.468289,synthetic_track_0,0.3246499991570043,53.263495359044974
46.172736,432,1037.357901,synthetic_track_0,0.31190646985915216,51.1727363404819
47.693821,423,1039.600372,synthetic_track_0,0.32117773479961187,52.693820518553416
47.468492,427,1040.32367,synthetic_track_0,0.3198043187587138,52.468491890460506
41.391593,386,1040.943617,synthetic_track_0,0.2827645964308296,46.39159343540314
46.628102,419,1041.64641,synthetic_track_0,0.3146819995412457,51.6281018501845
47.563495,441,1042.39882,synthetic_track_0,0.32038338088981944,52.563495350225885
48.931192,423,1044.640987,synthetic_track_0,0.32871972373189795,53.931192129629615
53.806836,460,1045.387566,synthetic_track_0,0.3584375974272324,58.80683615169115
49.181675,431,1046.155755,synthetic_track_0,0.33024645654043155,54.1816745755652
52.572766,450,1046.917769,synthetic_track_0,0.35091573281471106,57.57276622432102
48.221668,443,1049.143251,synthetic_track_0,0.3243950544025228,53.22166801026198
38.071758,368,1049.712512,synthetic_track_0,0.26252964180842875,43.07175849186598
34.140644,349,1050.277699,synthetic_track_0,0.2385688355182297,39.14064406725207
49.497872,449,1051.0445,synthetic_track_0,0.33217373098885306,54.49787163056491
37.250876,358,1051.668961,synthetic_track_0,0.25752622598772673,42.25087626165703
60.312658,522,1053.946173,synthetic_track_0,0.39809168281062285,65.31265841649869
52.373625,473,1054.757756,synthetic_track_0,0.3497019326013266,57.373624865318135
53.190387,551,1055.714047,synthetic_track_0,0.3546802331670846,58.19038657721929
44.92081,425,1056.402019,synthetic_track_0,0.304275766932175,49.92080992436402
51.023666,442,1057.137721,synthetic_track_0,0.3414737078533875,56.02366641217462
49.498889,428,1059.362333,synthetic_track_0,0.33217993135012847,54.49888888888887
46.747242,431,1060.137019,synthetic_track_0,0.315408179316291,51.74724207251129
11.306076,197,1060.506157,synthetic_track_0,0.09938828511588854,16.3060757023241
18.602378,246,1060.926186,synthetic_track_0,0.1438604799783711,23.602378030416304
36.992537,364,1061.505346,synthetic_track_0,0.25595160319117144,41.9925367753353
45.992708,413,1062.215881,synthetic_track_0,0.31080916868408237,50.99270832200795
29.897904,323,1064.308342,synthetic_track_0,0.2127086195939563,34.897904210658666
59.785127,517,1065.14357,synthetic_track_0,0.3948762915790764,64.78512730180996
48.599037,442,1065.912549,synthetic_track_0,0.3266951821154846,53.5990369986577
51.293926,449,1066.633777,synthetic_track_0,0.3431209848101504,56.293925857021165
45.146208,412,1067.246267,synthetic_track_0,0.3056496040537754,50.146207636794195
49.159068,427,1069.368876,synthetic_track_0,0.33010866397902716,54.15906772673128
46.850127,481,1070.158465,synthetic_track_0,0.31603528130160696,51.85012716036361
35.113106,360,1070.702361,synthetic_track_0,0.2444961557831065,40.113106091708005
49.252467,445,1071.446149,synthetic_track_0,0.33067794981359794,54.25246724463168
37.183716,362,1073.501201,synthetic_track_0,0.2571168715543616,42.183715787243464
26.521884,299,1074.028773,synthetic_track_0,0.19213120515430793,31.52188381529958
32.158906,332,1074.576155,synthetic_track_0,0.22648980619958642,37.15890581459252
48.063495,422,1075.288021,synthetic_track_0,0.32343096539982136,53.06349536201176
51.103583,455,1076.094536,synthetic_track_0,0.3419608113221794,56.103582732571184
15.735105,232,1076.527079,synthetic_track_0,0.12638396704835686,20.735105066432936
36.484523,366,1078.637591,synthetic_track_0,0.25285517255803786,41.484522855465386
49.09921,435,1079.36992,synthetic_track_0,0.3297438230362906,54.09921032980936
46.857925,430,1080.053465,synthetic_track_0,0.3160828131666148,51.85792544552556
49.036016,450,1080.838727,synthetic_track_0,0.3293586399186577,54.03601550691796
38.327066,374,1081.443274,synthetic_track_0,0.2640857866969602,43.32706641197539
45.818432,414,1083.64256,synthetic_track_0,0.3097469242852485,50.81843187120132
48.063495,421,1084.361205,synthetic_track_0,0.3234309653998213,53.06349536201175
49.383432,437,1085.128886,synthetic_track_0,0.3314762020705364,54.38343199280107
33.742903,345,1085.785445,synthetic_track_0,0.2361445349058845,38.74290273119825
47.563495,424,1086.453133,synthetic_track_0,0.32038338088981944,52.563495350225885
44.872592,405,1088.61634,synthetic_track_0,0.30398186967446655,49.87259185794591
39.570353,378,1089.286537,synthetic_track_0,0.2716638295575331,44.570353187835096
47.195799,423,1090.024596,synthetic_track_0,0.3181422071594762,52.19579860944376
47.454779,433,1090.780457,synthetic_track_0,0.3197207374313433,52.45477917321406
27.357036,308,1091.308018,synthetic_track_0,0.19722159902376463,32.35703604368568
46.647832,428,1093.794647,synthetic_track_0,0.3148022591401202,51.64783216468679
37.732279,371,1094.565728,synthetic_track_0,0.2604604578091342,42.732279136777066
41.545032,387,1095.278068,synthetic_track_0,0.2836998332301584,46.54503246528149
46.460405,412,1096.033312,synthetic_track_0,0.3136598593514604,51.46040507089514
51.576551,451,1096.864363,synthetic_track_0,0.34484363028008974,56.57655058898373
30.141762,323,1097.437248,synthetic_track_0,0.2141949752970688,35.14176221250741
37.856304,370,1099.653492,synthetic_track_0,0.26121641140925966,42.856304182754236
47.495799,421,1100.344859,synthetic_track_0,0.3199707577815908,52.49579860275249
37.985887,366,1100.989015,synthetic_track_0,0.2620062401277101,42.9858869284461
46.994568,418,1101.723585,synthetic_track_0,0.3169156737868192,51.994568192773905
47.361538,426,1102.437626,synthetic_track_0,0.31915241438865993,52.361537615151505
47.911243,425,1104.70954,synthetic_track_0,0.3225029609789925,52.911242907706075
51.010802,450,1105.542821,synthetic_track_0,0.341395299684903,56.01080242594629
47.169429,423,1106.269262,synthetic_track_0,0.3179814816868597,52.1694292871366
32.211096,336,1106.90229,synthetic_track_0,0.22680791428732885,37.21109601542154
29.121616,309,1107.391433,synthetic_track_0,0.2079770120776113,34.12161603680352
42.442248,398,1109.621218,synthetic_track_0,0.2891685112720769,47.44224764551308
47.948637,433,1110.53114,synthetic_track_0,0.3227308847272848,52.9486370723169
50.7134,453,1111.284543,synthetic_track_0,0.3395825813387925,55.71339994491742
29.98211,322,1111.825861,synthetic_track_0,0.21322186530124435,34.982109540765464
35.063479,363,1112.435007,synthetic_track_0,0.2441936723176434,40.063479334582745
49.697659,422,1114.628881,synthetic_track_0,0.3333914696554714,54.697659149389416
20.694358,257,1115.048633,synthetic_track_0,0.15661145401591192,25.694358465455235
46.81052,420,1115.747948,synthetic_track_0,0.3157938694308008,51.810520075522426
26.260772,300,1116.220604,synthetic_track_0,0.1905396868178527,31.260772372984057
49.923645,443,1116.975278,synthetic_track_0,0.33476889420062406,54.923645430180045
46.947733,419,1117.697898,synthetic_track_0,0.31663020331110153,51.94773266097655
22.239559,278,1119.731508,synthetic_track_0,0.16602971472138037,27.23955941009898
50.149816,447,1120.532367,synthetic_track_0,0.3361474410283373,55.14981583754426
46.995799,415,1121.369586,synthetic_track_0,0.3169231732715889,51.99579859096662
51.934451,452,1122.214473,synthetic_track_0,0.34702509089984845,56.934450536305974
45.460678,406,1122.899429,synthetic_track_0,0.3075663547651296,50.460678121573984
50.246817,443,1125.335603,synthetic_track_0,0.33673867904872223,55.24681692683006
53.444009,461,1126.122935,synthetic_track_0,0.35622610754875905,58.44400947316196
38.782772,376,1126.80515,synthetic_track_0,0.2668633878029399,43.7827717685187
39.531101,369,1127.414376,synthetic_track_0,0.2714245819421766,44.531101180185956
47.557593,421,1128.133658,synthetic_track_0,0.3203474052782667,52.55759303442748
46.528102,416,1130.34007,synthetic_track_0,0.3140724825378274,51.52810183118826
36.968939,361,1130.938485,synthetic_track_0,0.2558077719010943,41.96893918632745
42.71805,390,1131.59867,synthetic_track_0,0.29084957142691514,47.7180497092371
45.466888,414,1132.2379,synthetic_track_0,0.3076042065948909,50.466888257917915
47.00481,427,1133.008974,synthetic_track_0,0.3169781017206306,52.00481039197759
47.395799,415,1135.243447,synthetic_track_0,0.31936124089567075,52.395798603033526
47.359273,421,1136.006535,synthetic_track_0,0.3191386108002872,52.359272938215916
44.857315,401,1136.68527,synthetic_track_0,0.30388875344762134,49.85731480348942
48.721774,436,1137.37675,synthetic_track_0,0.3274432853049661,53.72177407201208
45.475109,410,1138.148044,synthetic_track_0,0.3076543110195062,50.47510860843353
47.795799,424,1140.333987,synthetic_track_0,0.3217993084954369,52.79579861111109
38.424519,372,1140.926472,synthetic_track_0,0.2646797746667496,43.42451866995893
28.109893,309,1141.432315,synthetic_track_0,0.201810392167751,33.10989346849083
44.625012,403,1142.080396,synthetic_track_0,0.302472826159484,49.6250115946914
47.417028,434,1142.812672,synthetic_track_0,0.3194906348614611,52.41702754162665
49.709301,440,1145.125739,synthetic_track_0,0.3334624269593479,54.70930071426091
43.685609,404,1145.800344,synthetic_track_0,0.29674701067191,48.68560932319576
29.193153,308,1146.295231,synthetic_track_0,0.208413042133179,34.19315303018544
37.858007,370,1146.960689,synthetic_track_0,0.26122679273671406,42.85800738863172
51.008134,442,1147.687888,synthetic_track_0,0.34137903404501585,56.00813381409694
47.106403,414,1149.858432,synthetic_track_0,0.3175973238367167,52.10640267410298
46.027441,418,1150.55147,synthetic_track_0,0.3110208683781169,51.027440697489226
47.595799,420,1151.245723,synthetic_track_0,0.3205802745879213,52.59579858941365
29.935985,331,1151.906233,synthetic_track_0,0.21294072725008908,34.93598480544483
26.619271,303,1152.494504,synthetic_track_0,0.19272479377264307,31.61927055394111
48.831192,435,1153.193405,synthetic_track_0,0.3281102067752349,53.83119211830424
41.237793,387,1155.438698,synthetic_track_0,0.28182715934955005,46.23779341766778
44.07382,409,1156.182858,synthetic_track_0,0.29911322081057246,49.07382008267962
47.168056,422,1156.87551,synthetic_track_0,0.3179731088537468,52.16805560360416
47.679691,421,1157.56649,synthetic_track_0,0.32109161143426396,52.67969074346509
34.379281,346,1158.150598,synthetic_track_0,0.24002336691171858,39.379280834009656
46.229784,408,1160.356767,synthetic_track_0,0.31225418790277515,51.229784479865415
47.103537,417,1161.111338,synthetic_track_0,0.31757985947806494,52.10353739522292
40.351281,373,1161.722154,synthetic_track_0,0.27642371775654817,45.35128121388201
31.812054,329,1162.309597,synthetic_track_0,0.22437568356837465,36.812053631477184
47.595799,417,1163.06959,synthetic_track_0,0.3205802745879213,52.59579858941365
30.456818,322,1165.045561,synthetic_track_0,0.21611529466395293,35.45681818648402
40.525945,378,1165.712653,synthetic_track_0,0.2774883250948436,45.525945338846576
36.881157,358,1166.362949,synthetic_track_0,0.25527272461251255,41.88115699366999
46.787388,419,1167.029115,synthetic_track_0,0.31565287521661684,51.7873879495642
37.942616,367,1167.699507,synthetic_track_0,0.26174249911759184,42.94261642758394
49.919907,449,1169.940311,synthetic_track_0,0.33474610482239037,54.9199065053535
37.390104,361,1170.528588,synthetic_track_0,0.2583748429792299,42.39010406792811
53.397492,506,1171.332463,synthetic_track_0,0.3559425786591824,58.39749248645832
37.102555,363,1171.98766,synthetic_track_0,0.2566221837893769,42.102555154122086
34.737779,347,1172.566307,synthetic_track_0,0.24220847356763456,39.737778965932065
31.273675,323,1173.090666,synthetic_track_0,0.2210941731804654,36.27367471950764
35.391631,350,1175.145204,synthetic_track_0,0.24619381154355177,40.39163090289706
45.411952,415,1175.822153,synthetic_track_0,0.3072693617845341,50.41195215735192
47.563495,414,1176.523164,synthetic_track_0,0.32038338088981944,52.563495350225885
42.449656,395,1177.249435,synthetic_track_0,0.28921366459631076,47.449655696897715
42.54941,400,1177.944966,synthetic_track_0,0.2898216853069009,47.549410227564
34.472462,357,1180.137909,synthetic_track_0,0.24059131979062168,39.47246166138733
51.092174,432,1180.903526,synthetic_track_0,0.3418912732852993,56.09217401883559
49.548234,441,1181.718039,synthetic_track_0,0.33248069745449366,54.548233888259304
46.560405,426,1182.401722,synthetic_track_0,0.3142693763023129,51.560405081267206
50.066586,446,1183.090616,synthetic_track_0,0.335640138968359,55.066585648148134
39.223323,373,1185.236363,synthetic_track_0,0.2695486248404645,44.223323472992774
50.255952,441,1186.051569,synthetic_track_0,0.3367943570593389,55.25595170418346
47.502254,417,1186.711332,synthetic_track_0,0.3200101020149612,52.502253589344114
48.503131,519,1187.624171,synthetic_track_0,0.3261106167297402,53.50313065092474
47.095799,415,1188.474608,synthetic_track_0,0.31753269015605784,52.095798590447515
40.479888,377,1190.66871,synthetic_track_0,0.27720759606278866,45.47988770898415
45.438086,404,1191.388953,synthetic_track_0,0.3074286498193155,50.43808564733609
35.751762,351,1192.053156,synthetic_track_0,0.24838887276402066,40.75176222411331
45.644832,408,1192.800258,synthetic_track_0,0.30868880226275924,50.64483175544433
44.918141,394,1193.472486,synthetic_track_0,0.3042594994978606,49.918141018113104
36.502051,358,1195.611492,synthetic_track_0,0.25296201110540306,41.502051253698966
48.294133,414,1196.292532,synthetic_track_0,0.32483674164607956,53.29413314658855
45.41282,403,1196.970337,synthetic_track_0,0.3072746520176075,50.41282009607203
48.072233,469,1197.833487,synthetic_track_0,0.32348422068705796,53.072232656796714
44.207414,397,1198.49891,synthetic_track_0,0.29992749595185575,49.2074136151649
34.632212,349,1200.746473,synthetic_track_0,0.24156502219268725,39.63221152588195
49.921224,425,1201.42868,synthetic_track_0,0.33475413558307715,54.92122406699121
24.397981,287,1201.931279,synthetic_track_0,0.17918565909200132,29.397981044930223
38.548527,364,1202.570554,synthetic_track_0,0.26543562902396434,43.54852743371116
48.016932,540,1203.478139,synthetic_track_0,0.32314715109460385,53.01693154877277
44.157315,392,1205.664662,synthetic_track_0,0.2996221351804364,49.157314794670334
38.285067,361,1206.259213,synthetic_track_0,0.2638297901963941,43.28506650914082
51.008626,447,1207.089143,synthetic_track_0,0.34138203162023567,56.00862560936638
44.954784,408,1207.749601,synthetic_track_0,0.3044828474088503,49.954784450891
49.614027,569,1208.689224,synthetic_track_0,0.33288171918047554,54.6140272623427
43.331183,396,1210.854315,synthetic_track_0,0.2945867220990364,48.33118295426236
32.306065,329,1211.484247,synthetic_track_0,0.2273867664634227,37.306065029051624
20.186334,260,1211.926978,synthetic_track_0,0.15351496214923752,25.18633449934344
43.499002,400,1212.612491,synthetic_track_0,0.2956096052595083,48.49900162856425
35.678322,365,1213.24491,synthetic_track_0,0.24794124082968874,40.67832177588057
47.117328,406,1215.49926,synthetic_track_0,0.31766391370802133,52.117327698930964
48.107846,412,1216.209212,synthetic_track_0,0.3237012927346703,53.107846444046366
46.087463,408,1216.861762,synthetic_track_0,0.3113867140769865,51.08746293908622
50.134282,443,1217.603494,synthetic_track_0,0.33605276206915785,55.134282394402575
36.767032,353,1218.220854,synthetic_track_0,0.25457711373949926,41.76703203878734
37.958848,367,1218.876348,synthetic_track_0,0.2618414307668543,42.95884758561578
37.016371,363,1220.990694,synthetic_track_0,0.25609687529741865,42.01637075093053
47.165591,407,1221.66562,synthetic_track_0,0.3179580857687266,52.16559085072773
30.26199,322,1222.21796,synthetic_track_0,0.21492778091944875,35.2619895002575
28.716585,322,1222.740536,synthetic_track_0,0.2055082790745685,33.716584928866574
36.141777,361,1223.395385,synthetic_track_0,0.2507660798804544,41.14177719575181
38.097314,358,1225.462696,synthetic_track_0,0.26268540493230313,43.097313669587024
37.392901,360,1226.026192,synthetic_track_0,0.258391889795463,42.39290084297716
7.979255,176,1226.290362,synthetic_track_0,0.07911075048592768,12.979254896963589
46.596729,406,1226.956744,synthetic_track_0,0.3144907794176434,51.59672944238382
49.615725,419,1227.6777,synthetic_track_0,0.3328920662668752,54.61572485048334
47.128102,428,1228.391315,synthetic_track_0,0.31772958392054335,52.128101840526455
49.29818,434,1230.514916,synthetic_track_0,0.33095657678848783,54.298180001824
44.103507,407,1231.17462,synthetic_track_0,0.299294169479929,49.10350731088083
30.259196,322,1231.707809,synthetic_track_0,0.21491075114595967,35.25919552131539
47.295799,423,1232.442047,synthetic_track_0,0.31875172397800533,52.29579859810627
47.028102,419,1233.158682,synthetic_track_0,0.31712006696969086,52.02810183015439
44.520444,409,1235.268881,synthetic_track_0,0.3018354699447409,49.5204441532185
38.075233,360,1235.885099,synthetic_track_0,0.26255081774146344,43.075232707833464
41.261277,379,1236.50631,synthetic_track_0,0.281970293040649,46.26127655554356
44.126175,396,1237.180387,synthetic_track_0,0.2994323358042583,49.126175480891
40.788595,378,1237.781329,synthetic_track_0,0.2790892163501812,45.788594543129406
36.920811,353,1238.386697,synthetic_track_0,0.25551442450265527,41.920811332220204
45.025012,397,1240.600663,synthetic_track_0,0.30491089350508327,50.025011561069235
47.28956,423,1241.394584,synthetic_track_0,0.318713700881316,52.28956036296287
32.508724,332,1241.955513,synthetic_track_0,0.22862200448471978,37.50872356835707
47.061368,410,1242.68456,synthetic_track_0,0.31732282999339523,52.06136801650926
45.530998,398,1243.386542,synthetic_track_0,0.30799496828790063,50.53099832622581
38.568711,361,1245.623694,synthetic_track_0,0.26555865321915323,43.56871131994713
50.292356,632,1246.761508,synthetic_track_0,0.33701624610759295,55.2923557895757
31.403294,337,1247.344577,synthetic_track_0,0.22188422349347645,36.403293820969964
44.864231,396,1248.03017,synthetic_track_0,0.3039309116418583,49.864231460778555
43.861924,392,1248.72221,synthetic_track_0,0.2978216785961785,48.86192403179093
43.813766,409,1250.873249,synthetic_track_0,0.2975281446688647,48.813765574942636
36.173963,356,1251.525699,synthetic_track_0,0.25096226060962423,41.17396346214578
45.482303,398,1252.220748,synthetic_track_0,0.30769816064093214,50.48230276864724
42.667335,386,1252.901304,synthetic_track_0,0.29054045948459833,47.66733545527816
44.214791,396,1253.613599,synthetic_track_0,0.2999724602968385,49.214790661789046
40.26587,372,1255.931621,synthetic_track_0,0.27590311926417777,45.26586955377328
43.689618,390,1256.620588,synthetic_track_0,0.2967714444466749,48.68961803489197
47.593815,410,1257.348878,synthetic_track_0,0.32056818275582866,52.59381475068202
35.210714,344,1257.968448,synthetic_track_0,0.2450910934483377,40.2107141608694
46.354755,410,1258.718518,synthetic_track_0,0.31301590360961956,51.35475488221184
38.287548,362,1260.954359,synthetic_track_0,0.26384491591681525,43.28754810082894
33.126237,330,1261.538726,synthetic_track_0,0.23238585367092507,38.12623708809264
41.739729,379,1262.298893,synthetic_track_0,0.2848865409666785,46.739728914321404
35.365657,349,1262.952576,synthetic_track_0,0.24603549819510062,40.36565732420494
35.465101,339,1263.532298,synthetic_track_0,0.24664162485833316,40.46510110919773
50.351468,423,1264.248373,synthetic_track_0,0.3373765421205919,55.35146752549465
33.826321,330,1266.25964,synthetic_track_0,0.2366529814736118,38.82632069352933
36.738255,354,1266.859128,synthetic_track_0,0.25440171287825913,41.738255008191636
31.275831,327,1267.407833,synthetic_track_0,0.22110731715969642,36.27583117808946
50.125594,420,1268.100708,synthetic_track_0,0.33599980192701634,55.12559352240967
47.800703,432,1268.94547,synthetic_track_0,0.3218291986066898,52.80070251317834
42.065481,390,1271.018221,synthetic_track_0,0.2868720527549523,47.065480641395666
45.960405,402,1271.718043,synthetic_track_0,0.31061227491959686,50.960405071929
27.435589,298,1272.242755,synthetic_track_0,0.19770039182060176,32.43558887898061
45.059589,407,1272.938873,synthetic_track_0,0.3051216485445778,50.05958895240501
44.860778,402,1273.666609,synthetic_track_0,0.30390986509124207,49.860778471855156
44.206628,389,1274.331662,synthetic_track_0,0.2999227069894184,49.20662791709246
24.342335,288,1276.315412,synthetic_track_0,0.17884648402684455,29.342334503868184
46.42467,403,1276.998675,synthetic_track_0,0.31344204690523686,51.424669810618866
45.123342,392,1277.648568,synthetic_track_0,0.30551023594974647,50.123342297562964
38.522756,372,1278.308883,synthetic_track_0,0.2652785483087043,43.52275608619853
34.946539,349,1278.94596,synthetic_track_0,0.24348089819114235,39.94653850144701
46.880125,423,1281.139864,synthetic_track_0,0.31621812455836357,51.88012522284005
43.159695,389,1281.786677,synthetic_track_0,0.2935414755341636,48.15969524225951
35.597261,426,1282.483533,synthetic_track_0,0.2474471603074849,40.59726076965931
47.377049,410,1283.232549,synthetic_track_0,0.3192469582560043,52.377048894537296
45.927045,419,1283.938782,synthetic_track_0,0.3104089385663744,50.92704482263187
25.272664,288,1284.405739,synthetic_track_0,0.18451700205848173,30.27266443347161
47.065072,411,1286.613409,synthetic_track_0,0.3173454085611261,52.06507235484491
28.052632,307,1287.180902,synthetic_track_0,0.20146137158039776,33.052631628099725
34.126321,348,1287.782238,synthetic_track_0,0.23848153284197154,39.1263208092703
35.690288,357,1288.398935,synthetic_track_0,0.24801417766436698,40.69028811121239
32.155489,323,1288.932637,synthetic_track_0,0.226468978920998,37.15548880039472
47.043554,423,1291.074702,synthetic_track_0,0.3172142483038961,52.0435536307716
45.544793,393,1291.730184,synthetic_track_0,0.3080790463741514,50.5447925439016
45.392708,399,1292.418555,synthetic_track_0,0.3071520673013664,50.39270831266975
41.471331,391,1293.060809,synthetic_track_0,0.2832506099131483,46.47133092786313
34.686309,373,1293.699554,synthetic_track_0,0.24189475408832012,39.686308779349915
50.99466,660,1296.390291,synthetic_track_0,0.34129691155153064,55.994660439502816
46.579516,613,1297.443015,synthetic_track_0,0.31438586154170656,51.57951615788496
47.602448,421,1298.154116,synthetic_track_0,0.3206208046879843,52.60244813446897
44.857315,407,1298.918732,synthetic_track_0,0.30388875344762134,49.85731480348942
44.025058,589,1301.431657,synthetic_track_0,0.2988160050161899,49.025057562655476
49.031651,424,1302.130623,synthetic_track_0,0.32933203706175473,54.03165092614215
32.302175,342,1302.730383,synthetic_track_0,0.2273630577239789,37.30217526981364
36.832395,355,1303.458715,synthetic_track_0,0.2549755106214682,41.832394769509385
33.930386,334,1304.058463,synthetic_track_0,0.23728727969476512,38.930386427231404
26.002277,298,1304.571419,synthetic_track_0,0.18896411620388287,31.002277383601836
47.898422,425,1306.882375,synthetic_track_0,0.32242481718846294,52.89842229647855
43.318079,381,1307.485712,synthetic_track_0,0.2945068501124471,48.31807880764889
47.963495,412,1308.192228,synthetic_track_0,0.3228214485139013,52.9634953622928
26.341135,294,1308.695529,synthetic_track_0,0.1910295117308594,31.341135185392574
27.698484,310,1309.243766,synthetic_track_0,0.1993027838178681,32.69848430153224
46.097165,405,1311.405697,synthetic_track_0,0.31144584811321885,51.09716472708131
47.851939,433,1312.138204,synthetic_track_0,0.322141495574233,52.85193931627267
45.492708,401,1312.831338,synthetic_track_0,0.30776158430478473,50.49270833166599
48.331192,419,1313.525915,synthetic_track_0,0.32506262239593725,53.33119212796228
43.054872,411,1314.218778,synthetic_track_0,0.29290255744989036,48.054871553656824
18.888816,248,1314.612035,synthetic_track_0,0.1456063708189745,23.8888164993131
31.972276,330,1316.611488,synthetic_track_0,0.22535226637688943,36.972276068021515
25.663396,289,1317.170186,synthetic_track_0,0.18689857948908917,30.66339641792179
41.171734,386,1317.871169,synthetic_track_0,0.281424516635937,46.171734097280996
46.009144,401,1318.563767,synthetic_track_0,0.3109093449269525,51.009143673497405
42.615007,387,1319.212813,synthetic_track_0,0.29022151050896566,47.61500729471295
35.416837,349,1321.392798,synthetic_track_0,0.2463474480335435,40.416837175784494
43.149366,384,1322.132475,synthetic_track_0,0.29347851618766885,48.14936585717238
32.82272,328,1322.701782,synthetic_track_0,0.23053586417828092,37.822719740143775
46.61478,414,1323.402626,synthetic_track_0,0.31460079764752447,51.614779513204375
41.2466,384,1324.066879,synthetic_track_0,0.28188083441477435,46.24659958306096
38.386658,367,1324.684309,synthetic_track_0,0.2644490048655351,43.386657569487916
43.067744,383,1326.845921,synthetic_track_0,0.2929810172738584,48.06774401470916
46.73376,545,1327.749582,synthetic_track_0,0.3153260063318745,51.73376041415469
43.144692,387,1328.35771,synthetic_track_0,0.29345002929188485,48.14469217275739
48.127035,408,1329.116409,synthetic_track_0,0.3238182508231582,53.12703509834963
42.997009,387,1329.772629,synthetic_track_0,0.29254987454338816,47.99700885720688
45.682657,398,1332.13178,synthetic_track_0,0.30891935124382364,50.68265662719804
25.525604,299,1332.686192,synthetic_track_0,0.18605870947707104,30.525603679269434
48.254484,422,1333.526073,synthetic_track_0,0.324595071483908,53.25448368533899
41.861026,377,1334.30565,synthetic_track_0,0.28562586807708806,46.86102614585188
42.182066,374,1335.031006,synthetic_track_0,0.2875826614462511,47.182066203784
40.675972,379,1337.320623,synthetic_track_0,0.2784027603764184,45.67597158096201
44.560864,409,1338.089197,synthetic_track_0,0.3020818379050358,49.56086435572537
46.984099,414,1338.815416,synthetic_track_0,0.3168518601226747,51.98409864460564
50.878423,429,1339.516585,synthetic_track_0,0.3405884230033788,55.878422717049695
45.435163,400,1340.275528,synthetic_track_0,0.30741083545553466,50.43516294508742
46.660405,419,1342.565379,synthetic_track_0,0.31487889325897594,51.660405092592576
49.335547,410,1343.334356,synthetic_track_0,0.33118433512912776,54.33554702893369
44.182512,399,1344.003443,synthetic_track_0,0.29977571352231724,49.18251152752498
40.213718,375,1344.673911,synthetic_track_0,0.2755852445979488,45.213717649096225
29.624678,306,1345.206739,synthetic_track_0,0.21104325693529427,34.62467754664788
47.295799,411,1347.414754,synthetic_track_0,0.31875172397800533,52.29579859810627
46.421608,408,1348.151582,synthetic_track_0,0.313423383569171,51.42160782227292
50.212364,437,1348.932271,synthetic_track_0,0.33652868061972246,55.21236366831325
47.708483,411,1349.680551,synthetic_track_0,0.32126710773452527,52.70848343220302
50.15507,436,1350.420774,synthetic_track_0,0.3361794646414458,55.155069771234736
48.858694,408,1352.594616,synthetic_track_0,0.32827783527583076,53.85869398150065
44.625012,411,1353.271003,synthetic_track_0,0.302472826159484,49.6250115946914
27.999595,300,1353.865161,synthetic_track_0,0.20113810341725144,32.999594842785754
31.158266,320,1354.437974,synthetic_track_0,0.22039073688904004,36.158265892336814
30.967953,337,1355.002039,synthetic_track_0,0.219230745541694,35.967952650672466
37.658705,373,1355.606566,synthetic_track_0,0.26001200982326234,42.65870480356813
43.893224,399,1357.786601,synthetic_track_0,0.29801245679826177,48.89322393601904
46.061795,400,1358.52442,synthetic_track_0,0.31123026438164647,51.061795119454914
50.066025,419,1359.235358,synthetic_track_0,0.33563672433046765,55.0660254277571
38.669693,374,1359.871713,synthetic_track_0,0.2661741512026236,43.66969260462664
40.360751,373,1360.506474,synthetic_track_0,0.27648143840319,45.36075111501403
42.313727,383,1363.040876,synthetic_track_0,0.28838515680821214,47.3137270942767
5.738068,157,1363.400385,synthetic_track_0,0.06545033590995941,10.738067679162798
35.57527,365,1364.204267,synthetic_track_0,0.2473131244775559,40.575270266582436
37.850967,358,1364.975229,synthetic_track_0,0.26118388289904365,42.85096741344136
30.232315,326,1365.754545,synthetic_track_0,0.21474691179008343,35.23231532173429
46.069716,419,1366.546643,synthetic_track_0,0.3112785464031584,51.06971647856597
37.112996,358,1369.11868,synthetic_track_0,0.25668582187705785,42.112995896449675
46.895799,406,1369.91468,synthetic_track_0,0.316313656632406,51.89579863172843
43.555857,390,1370.771588,synthetic_track_0,0.29595614736643205,48.55585683864211
46.560405,410,1371.56534,synthetic_track_0,0.3142693763023129,51.560405081267206
43.979476,400,1372.425647,synthetic_track_0,0.2985381747369861,48.97947551483352
43.136909,386,1373.202799,synthetic_track_0,0.2934025891358617,48.136908933771615
37.499819,356,1375.4086,synthetic_track_0,0.2590435722268552,42.49981870606098
34.621032,337,1376.063462,synthetic_track_0,0.24149688178777942,39.62103211374582
50.281572,431,1376.879815,synthetic_track_0,0.3369505188507341,55.28157228903742
48.029841,429,1377.695671,synthetic_track_0,0.3232258374328227,53.02984117274142
45.728466,408,1378.450708,synthetic_track_0,0.30919856700290244,50.728465982893354
44.398826,400,1380.742832,synthetic_track_0,0.3010941855696779,49.39882580430913
40.375566,390,1381.465763,synthetic_track_0,0.27657173694949777,45.37556588850758
42.645925,382,1382.230652,synthetic_track_0,0.2904099599361539,47.64592512997098
46.895238,411,1383.057059,synthetic_track_0,0.3163102411611077,51.895238274605006
39.178195,378,1383.774569,synthetic_track_0,0.26927355945338677,44.17819504543667
43.828243,395,1386.130201,synthetic_track_0,0.29761638465795553,48.82824261255739
35.359879,349,1386.816896,synthetic_track_0,0.24600028090607523,40.359879422109046
42.422404,380,1387.58284,synthetic_track_0,0.28904756314145835,47.4224043674887
45.732793,417,1388.361104,synthetic_track_0,0.3092249402542062,50.73279289357276
47.068108,423,1389.236348,synthetic_track_0,0.3173639138780224,52.06810841787643
47.795799,408,1391.701461,synthetic_track_0,0.3217993084954369,52.79579861111109
32.928191,329,1392.397818,synthetic_track_0,0.23117872707994483,37.92819063269942
50.772443,431,1393.218047,synthetic_track_0,0.3399424557309663,55.77244250788419
43.049336,388,1393.957876,synthetic_track_0,0.29286881694614314,48.049335939397096
45.50221,407,1394.673203,synthetic_track_0,0.30781950107191414,50.50221040918091
45.328874,415,1397.06657,synthetic_track_0,0.30676298756249465,50.32887419309634
48.02474,411,1397.787768,synthetic_track_0,0.3231947433318063,53.024739738860376
44.588988,405,1398.601789,synthetic_track_0,0.30225325414012266,49.58898765116885
33.737456,337,1399.442772,synthetic_track_0,0.23611133367236606,38.73745559196518
49.12266,480,1400.32656,synthetic_track_0,0.3298867545869746,54.12266030364669
39.807738,371,1401.007876,synthetic_track_0,0.27311073231701605,44.80773836761277
29.310262,320,1403.140509,synthetic_track_0,0.20912683979117788,34.310261788364535
46.973184,410,1403.93486,synthetic_track_0,0.31678533295709105,51.973183907551835
32.641867,348,1404.539612,synthetic_track_0,0.22943353741165393,37.64186720119153
47.894139,415,1405.256646,synthetic_track_0,0.32239870990349045,52.8941390213959
43.551634,392,1406.096349,synthetic_track_0,0.2959304114497209,48.55163449185675
45.607861,397,1408.353809,synthetic_track_0,0.3084634575941275,50.60786072589553
36.015895,367,1408.9891,synthetic_track_0,0.2499988059911936,41.015894893746946
41.596731,377,1409.639241,synthetic_track_0,0.2840149472413095,46.59673144484132
17.00312,239,1410.102057,synthetic_track_0,0.13411273309670152,22.003120146106678
40.986667,380,1410.785531,synthetic_track_0,0.28029649933190764,45.986666656670806
46.603317,411,1411.496822,synthetic_track_0,0.31453093208188143,51.603317063670886
30.403703,314,1413.635096,synthetic_track_0,0.2157915515684787,35.403703481700134
42.29914,391,1414.332851,synthetic_track_0,0.28829624800342024,47.29914032783989
33.729292,344,1414.955808,synthetic_track_0,0.2360615721574725,38.72929150071468
45.883588,397,1415.696342,synthetic_track_0,0.31014406114601883,50.88358787734784
44.136214,401,1416.340537,synthetic_track_0,0.2994935248176021,49.136214417397156
46.807616,409,1418.669626,synthetic_track_0,0.3157761679181284,51.807615888119
35.423478,350,1419.301691,synthetic_track_0,0.24638792276905988,40.42347763749074
31.395095,326,1419.975638,synthetic_track_0,0.22183425271052262,36.39509539628843
43.289962,386,1420.668266,synthetic_track_0,0.29433547376320873,48.28996205605175
42.121478,385,1421.410173,synthetic_track_0,0.28721336397745606,47.121477649752435
34.847957,341,1422.103473,synthetic_track_0,0.24288002930348215,39.84795733005509
31.84884,338,1424.289288,synthetic_track_0,0.22459989991058055,36.848839542869506
47.695799,426,1425.074413,synthetic_track_0,0.32118979153877386,52.69579859978572
45.760405,396,1425.74771,synthetic_track_0,0.30939324139594504,50.76040511320992
45.525012,398,1426.629828,synthetic_track_0,0.3079584780225149,50.52501157407406
44.610325,392,1427.365373,synthetic_track_0,0.30238331111242117,49.6103253655025
40.142236,369,1429.618637,synthetic_track_0,0.2751495506607697,45.142235800763665
33.999648,341,1430.231533,synthetic_track_0,0.23770943968363892,38.99964783695431
50.566531,424,1430.939666,synthetic_track_0,0.33868739067628884,55.56653105897399
40.677102,379,1431.70278,synthetic_track_0,0.2784096512278689,45.67710212411682
26.946345,298,1432.243529,synthetic_track_0,0.19471836491398553,31.946344533643998
36.927112,362,1432.922696,synthetic_track_0,0.2555528293038281,41.92711219146661
45.860405,412,1435.253089,synthetic_track_0,0.31000275803512795,50.86040507244811
36.000113,353,1435.890776,synthetic_track_0,0.2499026141500255,41.000113240585264
32.248855,330,1436.514525,synthetic_track_0,0.22703806171155502,37.24885500600832
29.051253,323,1437.061644,synthetic_track_0,0.20754813565369895,34.05125269944337
45.428207,407,1437.828497,synthetic_track_0,0.30736843891893123,50.42820718430973
42.995902,384,1440.174459,synthetic_track_0,0.29254312608859745,47.99590167626938
32.926117,351,1440.978458,synthetic_track_0,0.23116608700640653,37.92611684708416
42.255066,385,1441.741481,synthetic_track_0,0.2880276066366445,47.25506585308351
44.144674,394,1442.467127,synthetic_track_0,0.2995450894600439,49.144674337620536
43.949017,393,1443.336905,synthetic_track_0,0.29835252554234487,48.94901709794499
26.172302,300,1443.940643,synthetic_track_0,0.19000044434577268,31.172301900217654
27.367536,302,1446.054541,synthetic_track_0,0.1972855982410531,32.367536034512355
41.259047,378,1446.707786,synthetic_track_0,0.2819567061900047,46.25904743754535
33.656859,337,1447.332216,synthetic_track_0,0.23562008247503,38.6568587771265
37.069591,354,1447.993582,synthetic_track_0,0.2564212638344474,42.06959134967201
46.071919,402,1448.707754,synthetic_track_0,0.31129197410330683,51.07191948563942
43.504659,395,1449.396722,synthetic_track_0,0.2956440890474137,48.50465918926602
24.906804,285,1451.727837,synthetic_track_0,0.1822870203992642,29.906803912711077
28.152619,312,1452.448233,synthetic_track_0,0.20207080868566812,33.15261853865721
29.358196,326,1453.060667,synthetic_track_0,0.20941900489525705,34.35819567010057
27.341603,312,1453.620535,synthetic_track_0,0.19712753372627867,32.34160328055893
43.426728,388,1454.335623,synthetic_track_0,0.2951690882565654,48.42672848701873
29.372182,332,1455.055837,synthetic_track_0,0.20950425318937765,34.37218187718528
28.904034,322,1457.155842,synthetic_track_0,0.20665081243083563,33.90403393634265
42.271242,386,1457.840773,synthetic_track_0,0.2881262036345032,47.27124210674591
33.685887,350,1458.432831,synthetic_track_0,0.23579701156637653,38.68588653582136
33.878323,349,1459.064133,synthetic_track_0,0.23696994375582794,38.87832290850438
28.934149,309,1459.687746,synthetic_track_0,0.20683436753162576,33.93414878705711
30.002504,325,1460.275952,synthetic_track_0,0.21334617523129415,35.002504370272575
29.160628,320,1462.575849,synthetic_track_0,0.20821479841118284,34.16062830018723
26.923115,303,1463.120209,synthetic_track_0,0.19457677788949268,31.92311514863997
11.484941,203,1463.481732,synthetic_track_0,0.10047849994336354,16.484941103692833
48.830064,420,1464.268936,synthetic_track_0,0.32810333154295585,53.830064137698855
28.019631,299,1464.796806,synthetic_track_0,0.20126022995419465,33.01963145529332
32.421068,347,1465.442836,synthetic_track_0,0.228087730114651,37.42106818408321
30.140922,319,1467.646489,synthetic_track_0,0.21418985200934873,35.14092166357037
35.545856,347,1468.289249,synthetic_track_0,0.24713384150497217,40.54585631986146
26.152349,299,1468.847074,synthetic_track_0,0.18987883006883283,31.152349331321307
31.823933,337,1469.440461,synthetic_track_0,0.22444809319392955,36.82393347057994
39.710365,379,1470.070223,synthetic_track_0,0.27251722335380696,44.71036469753877
25.049331,291,1470.599595,synthetic_track_0,0.18315574845557217,30.049331228021664
42.333579,379,1472.854822,synthetic_track_0,0.2885061570929851,47.33357892893921
27.856843,331,1473.61789,synthetic_track_0,0.20026800455822502,32.85684262760016
32.817491,335,1474.2279,synthetic_track_0,0.23050399453244388,37.817491066995636
25.594598,310,1474.839493,synthetic_track_0,0.18647924055813495,30.594597843269874
47.595799,468,1475.747624,synthetic_track_0,0.3205802745879213,52.59579858941365
28.152887,310,1476.431257,synthetic_track_0,0.20207244416217576,33.15288686206888
30.77639,333,1478.791646,synthetic_track_0,0.2180631358853871,35.77638951600015
37.353706,369,1479.516758,synthetic_track_0,0.25815298949430954,42.353705817211555
45.9673,404,1480.284829,synthetic_track_0,0.3106543019359443,50.96730020760123
34.462376,343,1480.949178,synthetic_track_0,0.24052984404891078,39.462375682974226
43.587179,399,1481.639332,synthetic_track_0,0.2961470598972206,48.5871787814237
45.123275,406,1482.340056,synthetic_track_0,0.3055098243414211,50.12327476730519
10.660472,196,1484.260829,synthetic_track_0,0.09545322356380438,15.660472334816841
47.8283,444,1485.099304,synthetic_track_0,0.32199740890041745,52.828299827894405
36.078947,352,1485.788915,synthetic_track_0,0.2503831170750224,41.07894664696764
35.268025,351,1486.446417,synthetic_track_0,0.2454404150138919,40.26802538105737
46.336516,406,1487.156011,synthetic_track_0,0.3129047373251982,51.336516456554264
35.519868,355,1489.43515,synthetic_track_0,0.24697543570094055,40.5198675725034
46.156073,411,1490.203644,synthetic_track_0,0.31180490217886686,51.15607270369904
34.360978,341,1490.820486,synthetic_track_0,0.2399118090385509,39.36097816259379
36.101978,355,1491.410766,synthetic_track_0,0.2505234941298861,41.10197751907503
30.97088,338,1491.972832,synthetic_track_0,0.2192485893868937,35.97088018977134
29.569334,317,1492.615564,synthetic_track_0,0.21070592919022046,34.56933408497879
42.968475,387,1494.875879,synthetic_track_0,0.2923759528316244,47.96847450232802
27.350514,302,1495.486378,synthetic_track_0,0.19718184378270134,32.350513625378674
36.277056,367,1496.179611,synthetic_track_0,0.25159062909397645,41.277056337355916
29.602829,313,1496.722266,synthetic_track_0,0.2109100873416471,34.602829162074926
35.987584,361,1497.410609,synthetic_track_0,0.24982624914112345,40.98758446403264
29.217923,327,1498.022343,synthetic_track_0,0.20856401839825367,34.21792285496601
46.52776,445,1500.699437,synthetic_track_0,0.314070396916361,51.5277596550306
46.893255,399,1501.461478,synthetic_track_0,0.3162981556611493,51.893255474750966
45.680143,401,1502.316772,synthetic_track_0,0.308904028213285,50.68014266395116
32.204413,323,1502.912314,synthetic_track_0,0.2267671813009514,37.204413183952234
11.225836,209,1503.298444,synthetic_track_0,0.09889920921713578,16.225835776462155
29.672045,317,1503.918888,synthetic_track_0,0.21133196744977265,34.67204465334111
28.68721,313,1506.287711,synthetic_track_0,0.20532923666814437,33.68721045047937
44.557608,417,1507.081745,synthetic_track_0,0.3020619904253146,49.55760809160475
23.913217,283,1507.590647,synthetic_track_0,0.17623093937859682,28.913216836857366
46.828034,405,1508.291922,synthetic_track_0,0.3159006208800488,51.828034184058865
25.199549,290,1508.844667,synthetic_track_0,0.18407134870205966,30.1995485993636
43.362785,384,1509.522471,synthetic_track_0,0.29477934367927683,48.36278529115386
26.922419,305,1511.745501,synthetic_track_0,0.19457253480081813,31.92241900899878
36.706248,371,1512.48589,synthetic_track_0,0.25420662504018093,41.7062480462786
32.615695,377,1513.194654,synthetic_track_0,0.22927401560467076,37.615695357519954
38.934267,364,1513.935769,synthetic_track_0,0.267786779298609,43.93426740619577
37.715993,378,1514.579853,synthetic_track_0,0.26036119002233254,42.71599283055393
43.268618,390,1515.222306,synthetic_track_0,0.2942053764183525,48.268617718020124
41.491161,381,1517.379254,synthetic_track_0,0.28337147815508396,46.49116109900162
30.481923,325,1518.008762,synthetic_track_0,0.216268310880495,35.48192269460295
36.829195,361,1518.635692,synthetic_track_0,0.25495600810158575,41.829195101005006
33.458711,333,1519.173453,synthetic_track_0,0.23441233820874552,38.45871098322786
29.323665,319,1519.684878,synthetic_track_0,0.2092085351083183,34.32366507854369
41.97678,411,1522.181813,synthetic_track_0,0.28633140709229044,46.97677995506007
28.690074,341,1522.794681,synthetic_track_0,0.20534668886429183,33.69007373392591
30.320046,320,1523.367887,synthetic_track_0,0.2152816474068351,35.32004638015144
30.216685,319,1523.915499,synthetic_track_0,0.2146516406845067,35.216684728471044
27.329977,303,1524.435782,synthetic_track_0,0.19705666880315084,32.32997687207614
37.529684,361,1525.059266,synthetic_track_0,0.2592256035252693,42.529683555109045
34.723328,339,1525.902853,synthetic_track_0,0.24212039055349593,39.72332768231289
11.301681,200,1527.821435,synthetic_track_0,0.0993614960364124,16.301680569060412
33.261624,346,1528.433935,synthetic_track_0,0.23321106129449226,38.2616242513215
39.737168,370,1529.095117,synthetic_track_0,0.2726805921143343,44.737167689193654
32.817761,327,1529.705184,synthetic_track_0,0.2305056405837157,37.817761125349264
31.619641,327,1530.334934,synthetic_track_0,0.2232028963358586,36.61964104106145
36.125052,349,1530.950561,synthetic_track_0,0.2506641370537638,41.12505201081288
40.183465,382,1533.355592,synthetic_track_0,0.2754008478007997,45.183464706004656
25.70331,297,1533.916338,synthetic_track_0,0.18714186251522905,30.70331049267116
49.408432,412,1534.663301,synthetic_track_0,0.3316285784706655,54.40843152984767
33.178418,334,1535.229252,synthetic_track_0,0.2327039053532328,38.178418034799925
34.101818,355,1535.830564,synthetic_track_0,0.2383321830093312,39.10181782409128
43.343224,389,1536.516053,synthetic_track_0,0.2946601171526381,48.343224466990044
25.60287,293,1538.596742,synthetic_track_0,0.1865296601878467,30.6028699077089
33.13005,339,1539.260874,synthetic_track_0,0.23240909374866692,38.13004995664696
41.949473,382,1539.906542,synthetic_track_0,0.2861649664948117,46.94947298443205
33.781703,344,1540.492843,synthetic_track_0,0.23638102621855264,38.78170252780217
42.066346,382,1541.153682,synthetic_track_0,0.2868773252684546,47.06634567296563
45.320502,391,1543.525775,synthetic_track_0,0.306711960135424,50.3205024107707
33.708688,347,1544.261834,synthetic_track_0,0.23593598830194978,38.70868766543615
42.554104,384,1544.987911,synthetic_track_0,0.2898502937505917,47.55410385365891
31.854934,338,1545.617682,synthetic_track_0,0.2246370480057397,36.854934221444104
35.841198,344,1546.317799,synthetic_track_0,0.24893399971000893,40.84119812934396
33.789389,341,1546.943872,synthetic_track_0,0.2364278745892854,38.789388675911155
31.673423,340,1549.124155,synthetic_track_0,0.22353070378355344,36.67342256120404
49.166586,423,1549.906834,synthetic_track_0,0.3301544871053281,54.16658566876548
27.594109,308,1550.459297,synthetic_track_0,0.19866659761256897,32.594108816913646
37.373888,363,1551.177663,synthetic_track_0,0.25827600109996224,42.373887637953295
49.25453,414,1551.909873,synthetic_track_0,0.33069052270582316,54.254530008187594
31.042983,328,1552.484323,synthetic_track_0,0.21968806918002615,36.04298316214986
39.946655,375,1554.860851,synthetic_track_0,0.2739574521690603,44.94665492090671
34.043218,346,1555.60255,synthetic_track_0,0.23797500414557116,39.04321750127707
23.585688,294,1556.183876,synthetic_track_0,0.1742345938768189,28.58568768347648
29.776602,321,1556.732767,synthetic_track_0,0.21196926204661784,34.77660198551283
29.62263,323,1557.307894,synthetic_track_0,0.21103077904546774,34.62263036960001
29.174055,324,1557.958476,synthetic_track_0,0.20829663703964313,34.17405510264681
27.50653,299,1560.252163,synthetic_track_0,0.19813279240051093,32.50653040475004
36.942925,368,1560.92033,synthetic_track_0,0.2556492103560104,41.942924887412836
36.813401,361,1561.592508,synthetic_track_0,0.25485973938524165,41.81340083536654
57.670879,464,1562.514134,synthetic_track_0,0.38198958841996133,62.670878554878755
36.305482,354,1563.186568,synthetic_track_0,0.2517638901583843,41.30548230354706
25.648072,288,1563.698529,synthetic_track_0,0.1868051769684895,30.648072392862797
33.992051,353,1565.929749,synthetic_track_0,0.2376631356828854,38.992051000559286
28.93044,317,1566.503886,synthetic_track_0,0.2068117616861415,33.93043997341422
42.462719,378,1567.272501,synthetic_track_0,0.2892932861415183,47.46271875500537
33.194277,347,1567.887885,synthetic_track_0,0.23280056603086982,38.1942766073183
44.725012,397,1568.57523,synthetic_track_0,0.3030823427986669,49.72501155392959
31.23666,326,1569.163039,synthetic_track_0,0.22086856316655332,36.2366601562544
26.538171,297,1571.29844,synthetic_track_0,0.19223047796039502,31.53817094500859
29.612804,314,1571.884235,synthetic_track_0,0.21097088478175663,34.61280385536778
30.374784,324,1572.547645,synthetic_track_0,0.21561528416548045,35.374784282482736
33.260455,349,1573.14283,synthetic_track_0,0.23320393395587405,38.26045490905013
44.057315,400,1573.840801,synthetic_track_0,0.29901261854125355,49.057314835432145
44.068883,399,1576.163742,synthetic_track_0,0.2990831314794721,49.06888349573496
45.860405,406,1576.889172,synthetic_track_0,0.3100027580351279,50.8604050724481
31.793057,327,1577.495805,synthetic_track_0,0.22425989734292937,36.79305723813771
32.377462,341,1578.132989,synthetic_track_0,0.2278219448092804,37.37746228722238
46.292589,431,1578.907158,synthetic_track_0,0.3126369924698814,51.292589067379446
45.125012,405,1579.685711,synthetic_track_0,0.3055204104227488,50.1250115659965
35.65442,361,1581.967772,synthetic_track_0,0.24779555332950254,40.65441964894329
35.085429,359,1582.622274,synthetic_track_0,0.24432745932863742,40.08542901533951
49.203866,422,1583.353085,synthetic_track_0,0.3303817181106468,54.203866178941524
33.251431,342,1584.008734,synthetic_track_0,0.2331489324321216,38.251431119083286
39.532444,377,1584.656943,synthetic_track_0,0.2714327648208605,44.53244369896598
46.499889,415,1586.956353,synthetic_track_0,0.31390052305893856,51.499889408796385
31.573373,323,1587.498826,synthetic_track_0,0.22292088314032257,36.573372725735325
38.655191,380,1588.213902,synthetic_track_0,0.26608576024348246,43.65519079820674
25.238203,288,1588.771857,synthetic_track_0,0.18430695117029355,30.23820256827147
27.367713,308,1589.391911,synthetic_track_0,0.19728667464414182,32.3677126338996
34.512062,358,1589.998499,synthetic_track_0,0.24083268934443758,39.512061803518456
43.435753,400,1592.281731,synthetic_track_0,0.2952240918726033,48.43575262025505
45.584135,411,1593.075777,synthetic_track_0,0.3083188423253244,50.58413451391727
42.941145,404,1593.760833,synthetic_track_0,0.2922093773487526,47.9411454018139
22.090119,292,1594.280761,synthetic_track_0,0.16511884997609005,27.09011896574517
44.060744,397,1594.983078,synthetic_track_0,0.2990335184810855,49.0607437707506
33.706431,339,1595.607934,synthetic_track_0,0.2359222309805171,38.70643057925662
34.36628,346,1597.787751,synthetic_track_0,0.23994412246442384,39.3662796442309
38.032831,370,1598.409153,synthetic_track_0,0.2622923718197159,43.032830942272675
30.02768,324,1599.151779,synthetic_track_0,0.21349962217165094,35.02767954481986
47.56072,418,1600.002761,synthetic_track_0,0.32036646336137653,52.56071978669579
26.143027,294,1600.5018,synthetic_track_0,0.1898220077582272,31.143026815118958
39.015931,375,1601.162693,synthetic_track_0,0.2682845311097676,44.01593074010134
46.684714,424,1603.459338,synthetic_track_0,0.3150270589542946,51.68471380303603
31.744799,329,1604.034625,synthetic_track_0,0.2239657543999471,36.74479886352162
28.190776,313,1604.625353,synthetic_track_0,0.20230338343216078,33.1907757663258
31.104857,344,1605.216871,synthetic_track_0,0.2200651980983547,36.1048565779617
43.121876,385,1605.850792,synthetic_track_0,0.2933109594236191,48.12187576338672
35.462761,372,1608.012289,synthetic_track_0,0.24662736087668805,40.46276089813311
40.77265,376,1608.709834,synthetic_track_0,0.27899203442210213,45.772650451989215
47.795799,440,1609.555871,synthetic_track_0,0.3217993084954369,52.79579861111109
33.818973,350,1610.19278,synthetic_track_0,0.23660819781344,38.81897329084362
35.327084,380,1610.906852,synthetic_track_0,0.24580038637660026,40.32708385343313
32.959168,331,1611.680854,synthetic_track_0,0.2313675394866542,37.95916801996142
43.236715,395,1614.072317,synthetic_track_0,0.2940109226830444,48.23671478977424
24.095683,291,1614.640528,synthetic_track_0,0.1773431032880186,29.095683300377477
46.928102,437,1615.482262,synthetic_track_0,0.3165105501633603,51.92810184349323
46.524954,422,1616.336684,synthetic_track_0,0.3140532952525185,51.524953881443444
44.512039,397,1617.134832,synthetic_track_0,0.30178423707315016,49.512038664768504
32.022473,337,1619.510916,synthetic_track_0,0.22565822792816578,37.02247345508072
43.317834,391,1620.202815,synthetic_track_0,0.2945053551111992,48.31783353122123
46.711201,426,1621.066145,synthetic_track_0,0.31518850145259597,51.71120076370554
37.051141,362,1621.74394,synthetic_track_0,0.25630880363170183,42.0511406381286
32.226074,332,1622.429145,synthetic_track_0,0.22689920852289958,37.22607414603991
38.172467,364,1623.172887,synthetic_track_0,0.26314347511631986,43.172466662606716
33.567438,352,1625.520479,synthetic_track_0,0.23507504948873245,38.56743828733267
38.801286,370,1626.204701,synthetic_track_0,0.2669762329660422,43.80128563833788
46.995799,443,1627.045998,synthetic_track_0,0.3169231732715889,51.99579859096662
47.095799,465,1627.976628,synthetic_track_0,0.31753269015605784,52.095798590447515
34.87794,348,1628.617604,synthetic_track_0,0.24306278107416762,39.87794038292753
26.287405,294,1630.705875,synthetic_track_0,0.19070201429757658,31.287404527567055
34.736588,348,1631.330537,synthetic_track_0,0.2422012152125494,39.73658812852749
47.469379,429,1632.126484,synthetic_track_0,0.31980972428470966,52.46937874464052
36.925717,358,1632.828915,synthetic_track_0,0.2555443255192538,41.92571702346604
35.30725,356,1633.502593,synthetic_track_0,0.2456794964458383,40.30725012393116
45.906007,424,1635.88178,synthetic_track_0,0.31028070946024344,50.906006995996925
33.040684,351,1636.517612,synthetic_track_0,0.23186439185367666,38.0406837871376
34.270219,359,1637.166691,synthetic_track_0,0.23935861611440634,39.27021891779373
43.421521,401,1637.848051,synthetic_track_0,0.29513734786223944,48.421521019437435
36.677013,357,1638.529514,synthetic_track_0,0.25402843494056626,41.6770134010653
32.501048,347,1639.212806,synthetic_track_0,0.2285752216189266,37.50104816727428
1.91586,120,1639.457347,synthetic_track_0,0.04215333418489469,6.915859927785154
0.380765,109,1641.159359,synthetic_track_0,0.032796668892535394,5.380764595366255
35.217566,379,1641.874773,synthetic_track_0,0.2451328575258048,40.21756615764168
45.980111,419,1642.760899,synthetic_track_0,0.31073238380996465,50.9801106605361
45.842429,417,1643.479633,synthetic_track_0,0.3098931908279842,50.84242899838572
0.991958,115,1643.656597,synthetic_track_0,0.036521994682254214,5.9919577985908115
24.7482,296,1644.289038,synthetic_track_0,0.1813203042272234,29.7482002395963
39.211302,385,1646.647616,synthetic_track_0,0.26947535315127924,44.211302199969516
49.779734,426,1647.376739,synthetic_track_0,0.33389172966429886,54.77973398914819
25.296584,293,1647.889418,synthetic_track_0,0.1846627963093926,30.296584074398552
45.231763,408,1648.625962,synthetic_track_0,0.30617107852642433,50.231763014049456
46.670492,418,1649.390865,synthetic_track_0,0.31494037740536096,51.67049244991319
42.517868,393,1650.12545,synthetic_track_0,0.2896294291121802,47.517867837415096
25.757387,295,1652.240924,synthetic_track_0,0.18747146595475173,30.757386671069213
31.635294,336,1652.814517,synthetic_track_0,0.2232983055458416,36.63529429233616
12.16321,200,1653.191872,synthetic_track_0,0.1046126648171528,17.16321023087712
28.121698,311,1653.790075,synthetic_track_0,0.20188234048428655,33.121697623223106
42.974403,407,1654.548733,synthetic_track_0,0.2924120858172308,47.974402637600335
31.577997,328,1655.153844,synthetic_track_0,0.22294907042877185,36.57799725526374
47.763495,425,1657.777709,synthetic_track_0,0.32160241477770674,52.763495368703026
36.053343,364,1658.541704,synthetic_track_0,0.25022705934063505,41.05334313416041
34.145386,353,1659.171911,synthetic_track_0,0.23859773601255155,39.14538560844777
25.690534,307,1659.695426,synthetic_track_0,0.18706398629515142,30.69053378021943
40.619336,388,1660.438823,synthetic_track_0,0.2780575580551928,45.61933618197148
13.71832,225,1660.837853,synthetic_track_0,0.11409132269703064,18.718320199476533
40.842782,407,1663.138088,synthetic_track_0,0.27941949693361984,45.842781816712794
42.478814,425,1663.995475,synthetic_track_0,0.2893913897091373,47.47881405434974
20.522458,270,1664.473985,synthetic_track_0,0.15556368896779027,25.522457560102062
32.076702,348,1665.135655,synthetic_track_0,0.2259887596456058,37.076701930804106
34.438079,345,1665.73261,synthetic_track_0,0.24038175052714772,39.43807881363921
43.501095,395,1666.474627,synthetic_track_0,0.29562236245330964,48.50109462944088
31.180202,331,1668.678868,synthetic_track_0,0.22052444097294888,36.18020196771416
0.190742,107,1668.84629,synthetic_track_0,0.0316384504939683,5.190742231414224
28.714665,310,1669.41212,synthetic_track_0,0.20549657489117665,33.71466468947217
37.90611,368,1670.093958,synthetic_track_0,0.2615199838212819,42.90610959720323
46.915746,425,1670.851986,synthetic_track_0,0.3164352362680962,51.91574551723022
14.008169,220,1671.206928,synthetic_track_0,0.11585800209732548,19.008169330179957
45.122594,405,1673.277872,synthetic_track_0,0.30550567504416787,50.12259401549382
39.425132,377,1673.824654,synthetic_track_0,0.2707786790205348,44.425131528688674
41.687865,397,1674.456836,synthetic_track_0,0.2845704219497664,46.68786504913143
54.698266,497,1675.183857,synthetic_track_0,0.36387101176919506,59.698265815447094
34.961996,354,1675.700851,synthetic_track_0,0.24357511348090452,39.96199587296103
42.267225,386,1676.268689,synthetic_track_0,0.28810171895787007,47.26722504386711
49.926531,460,1678.548848,synthetic_track_0,0.3347864821342447,54.92653098330868
11.218609,194,1678.966452,synthetic_track_0,0.0988551626715211,16.21860930800683
11.779093,204,1679.27889,synthetic_track_0,0.10227140316435292,16.779092628837923
27.066899,304,1679.772899,synthetic_track_0,0.19545316378684263,32.066898842764225
46.854122,417,1680.435949,synthetic_track_0,0.3160596305552686,51.85412200515884
32.396487,336,1681.108686,synthetic_track_0,0.22793790425375804,37.39648709963208
33.014143,348,1683.56821,synthetic_track_0,0.23170262341707906,38.0141433516091
35.17315,357,1684.183916,synthetic_track_0,0.24486213497601414,40.17315023491934
10.837518,193,1684.485822,synthetic_track_0,0.0965323453987894,15.837517771437252
39.386128,380,1685.089173,synthetic_track_0,0.27054094747123486,44.3861282534516
10.209735,187,1685.372537,synthetic_track_0,0.09270590512881788,15.209735285404575
34.016934,351,1686.000058,synthetic_track_0,0.23781480146264558,39.016933950127616
32.971294,345,1686.569612,synthetic_track_0,0.2314414506301742,37.97129420465288
45.860405,412,1688.652187,synthetic_track_0,0.3100027580351279,50.8604050724481
26.400297,326,1689.189505,synthetic_track_0,0.19139011302847111,31.40029700763708
32.5301,342,1689.796489,synthetic_track_0,0.2287522990653901,37.53010026575692
29.579531,328,1690.425496,synthetic_track_0,0.21076808241276593,34.57953121385357
30.451465,340,1691.096388,synthetic_track_0,0.2160826638277815,35.45146462912843
44.566199,406,1693.496728,synthetic_track_0,0.302114351569184,49.56619868932759
27.184566,300,1694.034882,synthetic_track_0,0.19617036242170174,32.18456558004599
27.833923,301,1694.58531,synthetic_track_0,0.20012830755022626,32.83392332694858
41.990293,415,1695.438076,synthetic_track_0,0.2864137684812127,46.99029252388192
26.301469,307,1696.046527,synthetic_track_0,0.1907877407041975,31.30146917587464
27.048378,304,1696.608504,synthetic_track_0,0.1953402779167814,32.04837829438375
30.809626,345,1698.779469,synthetic_track_0,0.21826571984649074,35.80962632456347
7.117006,165,1699.093821,synthetic_track_0,0.07385519960460339,12.11700628860532
10.603037,205,1699.404814,synthetic_track_0,0.09510314488085955,15.603036898646348
29.796908,313,1699.990771,synthetic_track_0,0.21209302949501815,34.7969078131136
43.137101,419,1700.713167,synthetic_track_0,0.2934037615542789,48.13710128585257
43.057836,415,1701.334888,synthetic_track_0,0.29292062780084843,48.0578362542787
43.326568,390,1701.988015,synthetic_track_0,0.2945585915768824,48.32656773806002
25.40975,292,1703.921947,synthetic_track_0,0.18535256367142824,30.409750317374076
15.332953,233,1704.35202,synthetic_track_0,0.12393278381997086,20.332953251098516
46.837452,417,1705.046586,synthetic_track_0,0.31595802252462324,51.837451748319864
39.825717,383,1705.669568,synthetic_track_0,0.273220312756465,44.8257166126249
10.470951,192,1705.968865,synthetic_track_0,0.09429805617558233,15.47095053293404
15.004963,232,1706.358927,synthetic_track_0,0.12193362719230644,20.00496289213932
10.06234,194,1706.751056,synthetic_track_0,0.09180750881785989,15.062340466788998
37.683394,362,1708.915872,synthetic_track_0,0.2601624958672349,42.68339420053577
29.124598,316,1709.585344,synthetic_track_0,0.20799519004048203,34.124598392705316
21.556964,278,1709.999173,synthetic_track_0,0.1618691805459699,26.556964020237444
12.203774,209,1710.305916,synthetic_track_0,0.10485990825359676,17.203774067820852
10.585505,194,1710.62495,synthetic_track_0,0.09499628196780918,15.585504502872155
18.785706,260,1711.104053,synthetic_track_0,0.14497789761198285,23.78570644284982
31.693529,340,1711.734935,synthetic_track_0,0.22365325546613965,36.69352892496077
25.370796,290,1712.221592,synthetic_track_0,0.18511512775364883,30.370795544734147
49.996235,442,1714.376551,synthetic_track_0,0.33521133711845513,54.99623454572519
25.10602,296,1714.817802,synthetic_track_0,0.18350127890222834,30.106020460701988
38.862074,370,1715.409915,synthetic_track_0,0.2673467482316505,43.862073989428055
39.868645,377,1716.114469,synthetic_track_0,0.27348196625205623,44.86864462674561
43.797017,395,1716.832864,synthetic_track_0,0.2974260582783483,48.79701683629606
38.162131,368,1718.896358,synthetic_track_0,0.26308047481497226,43.16213055828773
44.89158,399,1719.535988,synthetic_track_0,0.3040976052246151,49.891579937275104
48.673228,420,1720.166301,synthetic_track_0,0.32714738740186217,53.67322777098128
46.928102,421,1720.918905,synthetic_track_0,0.3165105501633603,51.92810184349323
35.935938,363,1721.525896,synthetic_track_0,0.24951145300846064,40.93593763700456
32.516361,341,1723.551902,synthetic_track_0,0.22866855821551021,37.51636137655156
28.88754,365,1724.150751,synthetic_track_0,0.2065502790598252,33.88753999285228
46.935782,436,1724.86084,synthetic_track_0,0.31655735999324347,51.93578166842227
31.814633,340,1725.471323,synthetic_track_0,0.2243914072142326,36.8146333214213
19.248305,254,1725.878884,synthetic_track_0,0.14779751633367602,24.248305392756333
48.092903,424,1726.54591,synthetic_track_0,0.3236102124588749,53.09290341660227
43.256586,386,1728.680799,synthetic_track_0,0.29413203859827025,48.25658559527336
40.665066,368,1729.275112,synthetic_track_0,0.27833628846817676,45.66506590966884
48.013102,420,1729.969394,synthetic_track_0,0.3231238100806441,53.01310212018214
30.097199,320,1730.45383,synthetic_track_0,0.2139233553736284,35.097199062748714
12.358013,208,1730.775816,synthetic_track_0,0.10580001936529737,17.358012798654286
37.718186,366,1731.367934,synthetic_track_0,0.2603745606118021,42.718186467800216
48.031192,440,1733.718866,synthetic_track_0,0.32323407186886705,53.03119215024696
20.303385,260,1734.239841,synthetic_track_0,0.15422840457091053,25.30338497590096
45.161215,414,1734.997068,synthetic_track_0,0.3057410764815691,50.16121500240615
43.287275,389,1735.718354,synthetic_track_0,0.2943190980273195,48.287275381371934
30.152349,323,1736.390974,synthetic_track_0,0.21425950076091688,35.15234854164074
17.358859,257,1736.91947,synthetic_track_0,0.13628102119875618,22.358858952700693
11.681355,202,1738.998455,synthetic_track_0,0.10167567637841653,16.68135509309058
57.446644,479,1739.757841,synthetic_track_0,0.3806228380053555,62.4466435185185
42.45984,388,1740.421629,synthetic_track_0,0.2892757424303238,47.459840457200926
36.86535,364,1740.996811,synthetic_track_0,0.25517637953139405,41.86535019929344
29.832699,320,1741.596043,synthetic_track_0,0.21231118017107511,34.8326985648521
9.965123,191,1741.887671,synthetic_track_0,0.09121495245590455,14.965123084633031
19.763628,261,1743.773092,synthetic_track_0,0.15093849162285994,24.76362750325298
43.822476,382,1744.345557,synthetic_track_0,0.29758123804402553,48.822476305726
43.199042,397,1744.939278,synthetic_track_0,0.29378130025647253,48.199041932593275
30.486841,328,1745.412888,synthetic_track_0,0.21629828685031516,35.48684068300136
46.670567,390,1746.005373,synthetic_track_0,0.31494083316748983,51.67056722423661
39.808806,379,1746.55701,synthetic_track_0,0.27311723844350083,44.80880579111109
9.254356,180,1748.162397,synthetic_track_0,0.08688270550663572,14.254355747883329
33.799655,347,1748.692679,synthetic_track_0,0.2364904492596283,38.79965494935042
36.890434,363,1749.184843,synthetic_track_0,0.255329266493812,41.89043350141681
46.200738,429,1749.809825,synthetic_track_0,0.31207714695867483,51.200738370119744
49.398889,426,1750.496836,synthetic_track_0,0.3315704143934654,54.3988888775635
46.882744,407,1751.083606,synthetic_track_0,0.3162340848312715,51.882743734850436
42.016294,392,1753.120833,synthetic_track_0,0.2865722490304695,47.01629353426775
45.492708,415,1753.718622,synthetic_track_0,0.30776158430478473,50.492708331665995
47.256311,411,1754.325359,synthetic_track_0,0.31851104142027653,52.25631116755066
48.27875,423,1754.97837,synthetic_track_0,0.3247429760952999,53.27874956121427
46.828102,414,1755.590561,synthetic_track_0,0.3159010332774403,51.82810184377427
37.709772,369,1757.435834,synthetic_track_0,0.2603232733591197,42.70977205735105
20.58373,266,1757.821038,synthetic_track_0,0.15593715217303536,25.583729563031362
19.64754,262,1758.178874,synthetic_track_0,0.15023091595204485,24.647539551438737
44.265084,398,1758.8229,synthetic_track_0,0.3002790066704383,49.2650839973503
26.392411,296,1759.287663,synthetic_track_0,0.19134204449087408,31.392410673628568
41.313057,384,1759.864378,synthetic_track_0,0.2822859064373506,46.31305746647569
46.743277,433,1761.695484,synthetic_track_0,0.31538400930032506,51.74327663423446
42.72597,389,1762.256803,synthetic_track_0,0.2908978485734113,47.72597026853179
47.791842,419,1762.87465,synthetic_track_0,0.3217751951101672,52.791842463913376
47.444379,417,1763.456122,synthetic_track_0,0.3196573486457566,52.44437933247578
45.938288,408,1764.163913,synthetic_track_0,0.31047746730004877,50.93828794567978
45.760405,428,1766.219383,synthetic_track_0,0.30939324139594504,50.76040511320992
50.780973,441,1766.905371,synthetic_track_0,0.33999445193449557,55.78097323190255
37.440243,370,1767.397848,synthetic_track_0,0.2586804508563565,42.44024342966316
32.49257,343,1767.863347,synthetic_track_0,0.2285235487782374,37.49257049557434
45.992708,418,1768.45967,synthetic_track_0,0.31080916868408237,50.99270832200794
46.528102,438,1770.338865,synthetic_track_0,0.3140724825378274,51.52810183118826
45.769609,409,1770.934352,synthetic_track_0,0.3094493398581232,50.769608871680994
28.023257,299,1771.337973,synthetic_track_0,0.20128232867137655,33.02325706725425
46.460405,419,1771.892342,synthetic_track_0,0.3136598593514604,51.46040507089514
42.647905,391,1772.452903,synthetic_track_0,0.2904220262413652,47.647904780651075
49.581919,438,1774.38978,synthetic_track_0,0.332686012136668,54.58191871083603
22.262106,277,1774.766467,synthetic_track_0,0.16616714122262974,27.26210620150669
31.134123,320,1775.250851,synthetic_track_0,0.22024358425889587,36.13412338978605
36.977176,355,1775.89764,synthetic_track_0,0.25585797709083324,41.9771760688089
40.652206,381,1776.499837,synthetic_track_0,0.2782579022116498,45.65220551841186
31.692262,329,1777.039788,synthetic_track_0,0.22364553586742328,36.69226241391358
46.828102,415,1778.988551,synthetic_track_0,0.31590103327744035,51.82810184377428
44.807503,413,1779.618869,synthetic_track_0,0.30358513919208713,49.807502524011284
42.562938,384,1780.2407,synthetic_track_0,0.2899041399904785,47.56293810271408
48.00847,422,1780.875985,synthetic_track_0,0.3230955773580296,53.008470136526334
37.220181,357,1781.416442,synthetic_track_0,0.25733913552130955,42.220181383432454
46.005313,409,1783.423968,synthetic_track_0,0.31088599607962786,51.00531295973076
47.863495,425,1784.115542,synthetic_track_0,0.32221193159623585,52.86349535736554
47.706181,412,1784.744683,synthetic_track_0,0.3212530709819338,52.706180501328376
49.300584,421,1785.345851,synthetic_track_0,0.33097123052567007,54.300584157882604
46.460405,423,1785.966431,synthetic_track_0,0.3136598593514604,51.46040507089514
37.171808,363,1787.888877,synthetic_track_0,0.2570442943953795,42.17180846187568
21.691094,266,1788.283857,synthetic_track_0,0.1626867263441898,26.69109415097012
46.828102,455,1788.930756,synthetic_track_0,0.31590103327744035,51.82810184377428
42.254002,389,1789.542911,synthetic_track_0,0.2880211212641252,47.254001834571326
46.895799,415,1790.135852,synthetic_track_0,0.316313656632406,51.89579863172843
45.694966,405,1792.258887,synthetic_track_0,0.30899437821446724,50.69496587935592
30.38648,328,1792.720946,synthetic_track_0,0.2156865723331019,35.38648013030384
46.165178,412,1793.311779,synthetic_track_0,0.3118604007511273,51.16517804161281
45.263696,394,1793.920959,synthetic_track_0,0.3063657166794063,50.26369619866356
49.498889,429,1794.535979,synthetic_track_0,0.33217993135012847,54.49888888888887
32.087594,337,1795.156004,synthetic_track_0,0.2260551472158596,37.08759376523901
27.749382,307,1796.863043,synthetic_track_0,0.19961301594644287,32.7493823381362
48.147514,467,1797.583005,synthetic_track_0,0.32394307111463466,53.14751365997918
49.928044,456,1798.47607,synthetic_track_0,0.3347957035200944,54.92804388410549
20.455288,262,1798.949858,synthetic_track_0,0.15515428136230597,25.455288362038626
38.164066,364,1799.670864,synthetic_track_0,0.2630922699379268,43.164065717623565
56.059811,447,1801.731022,synthetic_track_0,0.3721698579806355,61.05981073402483
50.06775,418,1802.357028,synthetic_track_0,0.3356472368773658,55.06775016206905
29.718203,326,1802.855049,synthetic_track_0,0.21161330966757025,34.718202885131895
30.880205,327,1803.384817,synthetic_track_0,0.21869590995651084,35.880205190998275
49.866586,451,1804.055981,synthetic_track_0,0.33442110506084344,54.8665856264507
11.257792,197,1804.476841,synthetic_track_0,0.09909398922679265,16.25779223470128
48.239233,417,1806.321971,synthetic_track_0,0.32450211885023933,53.239233470692824
43.52702,389,1806.864419,synthetic_track_0,0.2957803817749032,48.527019968803856
46.866926,421,1807.615699,synthetic_track_0,0.31613767160013273,51.866925759484204
26.726904,300,1808.046975,synthetic_track_0,0.19338083983671847,31.726904333642125
47.508295,415,1808.893881,synthetic_track_0,0.3200469278599189,52.50829539814464
31.437567,346,1810.709435,synthetic_track_0,0.22209312376020207,36.43756691019262
45.918073,413,1811.391103,synthetic_track_0,0.310354250760969,50.918072502665844
45.858616,418,1812.103108,synthetic_track_0,0.3099918560356381,50.85861644284473
34.106761,361,1812.660788,synthetic_track_0,0.23836231129902227,39.106760802752305
30.044873,313,1813.109942,synthetic_track_0,0.21360441691406598,35.04487262749588
47.124505,406,1813.707097,synthetic_track_0,0.31770765855721234,52.12450466975468
12.952992,219,1815.308303,synthetic_track_0,0.10942652026600311,17.952992359399328
39.863923,380,1815.811827,synthetic_track_0,0.2734531881202872,44.86392316088421
47.095799,462,1816.461824,synthetic_track_0,0.31753269015605784,52.095798590447515
58.212505,480,1817.151008,synthetic_track_0,0.38529089586384946,63.212505458229764
18.805373,256,1817.516821,synthetic_track_0,0.14509777016424752,23.805373256796546
34.399099,342,1819.241853,synthetic_track_0,0.2401441615393075,39.399098927657235
29.728637,318,1819.696389,synthetic_track_0,0.21167690797530614,34.72863710098814
27.326412,304,1820.172174,synthetic_track_0,0.19703494052140874,32.32641203536973
32.26993,319,1820.640926,synthetic_track_0,0.22716651654170675,37.26992986591098
27.640342,357,1821.171629,synthetic_track_0,0.19894839819120178,32.64034224938295
44.810814,401,1821.714807,synthetic_track_0,0.3036053205532476,49.81081356617763
35.569546,348,1823.426811,synthetic_track_0,0.24727823489818693,40.56954612996262
26.543971,307,1823.840627,synthetic_track_0,0.19226583005300385,31.543970963568555
33.598789,354,1824.338509,synthetic_track_0,0.23526613512424854,38.598788630431144
26.091018,302,1824.779899,synthetic_track_0,0.18950500828152933,31.091018497854954
44.66053,386,1825.345072,synthetic_track_0,0.30268931553136186,49.660529785617754
42.973497,402,1825.960975,synthetic_track_0,0.29240656307916413,47.97349655309657
29.504061,321,1827.622902,synthetic_track_0,0.21030807629594564,34.50406060325135
40.041706,389,1828.198462,synthetic_track_0,0.2745368041490309,45.04170593454153
24.756718,289,1828.606909,synthetic_track_0,0.18137221947828824,29.75671768220014
32.293953,333,1829.047703,synthetic_track_0,0.22731294133574118,37.293952956493925
46.130207,419,1829.614924,synthetic_track_0,0.3116472474261127,51.13020717709052
24.065808,286,1830.109802,synthetic_track_0,0.17716100530906115,29.065807511428524
49.298889,438,1832.009816,synthetic_track_0,0.33096089744261287,54.29888886719143
31.368611,348,1832.538904,synthetic_track_0,0.22167282342361794,36.36861060313831
46.234694,408,1833.102879,synthetic_track_0,0.3122841130975518,51.234694137888646
47.974645,408,1833.708882,synthetic_track_0,0.3228894095714002,52.974645349910496
31.91287,345,1834.198912,synthetic_track_0,0.22499017345099118,36.912869522732116
38.639798,362,1834.724678,synthetic_track_0,0.2659919413044766,43.63979845372714
18.725424,261,1836.319896,synthetic_track_0,0.14461046542183664,23.725423914571873
36.460208,360,1836.816397,synthetic_track_0,0.2527069711236888,41.46020828152067
29.859497,326,1837.286411,synthetic_track_0,0.21247452307765644,34.85949731479579
30.373152,307,1837.708608,synthetic_track_0,0.21560533333519563,35.373151705849224
22.321252,273,1838.058733,synthetic_track_0,0.1665276473960785,27.32125241726599
38.115075,354,1838.557696,synthetic_track_0,0.26279366431782736,43.1150751767283
28.28305,305,1840.285961,synthetic_track_0,0.2028658081717909,33.28304962305424
46.144476,410,1840.963437,synthetic_track_0,0.311734217745024,51.14447590707585
43.275899,392,1841.610817,synthetic_track_0,0.2942497597578248,48.275899442345214
43.805997,405,1842.271606,synthetic_track_0,0.2974807939292382,48.805997006001036
34.1894,343,1842.821969,synthetic_track_0,0.23886600917424322,39.18939967387153
31.790246,325,1843.29285,synthetic_track_0,0.22424276415527344,36.790246292616175
27.320695,299,1845.048584,synthetic_track_0,0.19700009369677715,32.32069491327867
26.918363,295,1845.454096,synthetic_track_0,0.1945478136191914,31.91836314407882
16.950123,244,1845.795657,synthetic_track_0,0.13378970602911824,21.950122915982718
27.278413,305,1846.258454,synthetic_track_0,0.19674237999506466,32.27841327893162
35.391621,342,1846.738393,synthetic_track_0,0.24619375027388923,40.3916208507289
30.717977,320,1847.172543,synthetic_track_0,0.2177071012014725,35.71797691232362
29.9201,340,1848.915066,synthetic_track_0,0.21284390613442558,34.92009991076382
40.389257,375,1849.413523,synthetic_track_0,0.2766551858984189,45.38925688716805
27.346054,310,1849.925967,synthetic_track_0,0.19715466166492435,32.34605400853646
37.594644,357,1850.555052,synthetic_track_0,0.25962155137396054,42.59464448674604
36.530734,363,1851.115914,synthetic_track_0,0.2531368343596957,41.530733519578675
1.090618,116,1851.30762,synthetic_track_0,0.03712334556656255,6.09061804845585
31.352223,332,1851.790802,synthetic_track_0,0.22157293869893127,36.35222307939396
43.59379,396,1854.072892,synthetic_track_0,0.29618735796779394,48.59379025870857
1.275944,118,1854.258432,synthetic_track_0,0.03825294056439292,6.2759443323947615
44.119041,411,1854.89291,synthetic_track_0,0.2993888493426302,49.11904090225824
40.340211,391,1855.557929,synthetic_track_0,0.27635624102853085,45.34021068747226
43.774884,394,1856.235464,synthetic_track_0,0.2972911568116679,48.77488431307685
49.098889,426,1856.915845,synthetic_track_0,0.3297418637503623,54.09888888081131
48.284597,441,1859.071866,synthetic_track_0,0.3247786147742709,53.28459659838323
37.749236,374,1859.683485,synthetic_track_0,0.2605638147474006,42.7492363270311
47.295799,421,1860.34489,synthetic_track_0,0.3187517239780053,52.295798598106266
25.060769,283,1860.788882,synthetic_track_0,0.18322546583072422,30.060769364776622
14.809882,223,1861.145963,synthetic_track_0,0.12074457622290125,19.809882002088393
45.812356,411,1863.202152,synthetic_track_0,0.309709891213046,50.81235606379484
9.93843,182,1863.527598,synthetic_track_0,0.0910522514337462,14.938429645048416
35.534663,357,1864.225012,synthetic_track_0,0.24706561406325214,40.53466262808616
42.463622,392,1864.815984,synthetic_track_0,0.2892987893630974,47.46362163754903
45.527924,399,1865.454293,synthetic_track_0,0.30797623020555176,50.52792407467856
50.008975,435,1866.101847,synthetic_track_0,0.33528899132916773,55.00897483435183
49.040988,436,1867.966532,synthetic_track_0,0.3293889494075966,54.04098821391819
33.327187,339,1868.428455,synthetic_track_0,0.23361067594686055,38.32718677476858
33.829759,343,1868.913729,synthetic_track_0,0.23667393821713587,38.829758948309355
34.133997,398,1869.475881,synthetic_track_0,0.2385283217071075,39.13399719463144
29.244325,314,1869.90292,synthetic_track_0,0.20872494613980505,34.244325362397156
44.92844,415,1870.475001,synthetic_track_0,0.30432227159384845,49.92843968206508
47.563495,444,1872.387576,synthetic_track_0,0.3203833808898194,52.56349535022588
43.967505,399,1872.915878,synthetic_track_0,0.29846521251845776,48.9675050149165
44.725012,406,1873.514847,synthetic_track_0,0.3030823427986669,49.72501155392959
40.976687,403,1874.058483,synthetic_track_0,0.28023566934780536,45.976686624068506
45.292708,415,1874.644825,synthetic_track_0,0.30654255041689743,50.292708313188854
34.985993,339,1876.380831,synthetic_track_0,0.24372138301123777,39.98599349030373
35.634502,356,1876.86554,synthetic_track_0,0.24767415069001641,40.634501802211005
45.492708,412,1877.372401,synthetic_track_0,0.30776158430478473,50.492708331665995
28.980406,319,1877.834779,synthetic_track_0,0.20711631383240586,33.98040612733771
28.306363,338,1878.412905,synthetic_track_0,0.20300790707653904,33.30636298936636
44.83917,408,1880.228918,synthetic_track_0,0.30377816023554477,49.839170398581125
44.749587,416,1880.837726,synthetic_track_0,0.30323213519656156,49.74958714829521
51.793538,442,1881.387932,synthetic_track_0,0.34616620317360297,56.79353766848029
46.335373,402,1881.927999,synthetic_track_0,0.31289776738695996,51.33537293807599
29.033939,335,1882.3895,synthetic_track_0,0.20744260629481456,34.033939092384145
30.898856,322,1882.862428,synthetic_track_0,0.2188095912399552,35.89885623836889
47.333084,429,1884.706063,synthetic_track_0,0.31897898327743307,52.333083750337295
36.743091,356,1885.162468,synthetic_track_0,0.25443118712848095,41.74309068228367
36.437292,359,1885.814486,synthetic_track_0,0.25256729283068574,41.437292051332946
30.927935,339,1886.34301,synthetic_track_0,0.2189868289553154,35.92793463126601
35.85648,358,1886.865851,synthetic_track_0,0.24902714255064717,40.85647955017546
32.401958,327,1888.509452,synthetic_track_0,0.22797124803856475,37.40195762645148
36.746728,362,1889.033493,synthetic_track_0,0.2544533545394709,41.74672756445046
14.041823,220,1889.373036,synthetic_track_0,0.11606312739563968,19.04182308161427
46.752223,413,1889.91192,synthetic_track_0,0.31543853778307274,51.752222815030116
43.904184,420,1890.459459,synthetic_track_0,0.298079257679057,48.90418357998472
28.14726,326,1890.885078,synthetic_track_0,0.2020381501093699,33.14726043013538
44.825012,394,1892.668457,synthetic_track_0,0.3036918596831359,49.825011553410484
26.182304,302,1893.097592,synthetic_track_0,0.19006141055424422,31.182304282384337
28.965112,313,1893.545912,synthetic_track_0,0.20702309461973079,33.965112176576625
18.543921,250,1893.912888,synthetic_track_0,0.14350417290023224,23.543920736554846
42.936437,398,1894.452438,synthetic_track_0,0.29218067908179074,47.936437038921234
37.847465,370,1894.925828,synthetic_track_0,0.2611625323508866,42.847464549355024
36.080913,370,1896.724656,synthetic_track_0,0.2503951021151393,41.080912964941774
43.384221,425,1897.277059,synthetic_track_0,0.294909996044003,48.384220688166984
50.957072,451,1897.859575,synthetic_track_0,0.341067805888128,55.95707236474212
34.568395,379,1898.510798,synthetic_track_0,0.24117605150685079,39.56839529802533
33.446126,348,1898.981646,synthetic_track_0,0.23433563194099075,38.44612621825889
8.623344,178,1899.211475,synthetic_track_0,0.08303658269528683,13.623344058234357
33.621271,340,1900.956317,synthetic_track_0,0.2354031698451266,38.62127114464174
46.040412,408,1901.53501,synthetic_track_0,0.3110999327463682,51.04041234271441
50.957599,434,1902.270991,synthetic_track_0,0.34107101635690806,55.95759908825793
27.14003,351,1902.823793,synthetic_track_0,0.19589890978490396,32.140029876063785
28.746164,300,1903.282697,synthetic_track_0,0.2056885684862244,33.74616399637298
39.715559,399,1905.081841,synthetic_track_0,0.2725488830234781,44.71555892108098
36.25933,351,1905.600952,synthetic_track_0,0.25148258549808244,41.259330233602896
36.497707,375,1906.144974,synthetic_track_0,0.2529355325931562,41.497707073449966
46.728102,416,1906.737792,synthetic_track_0,0.3152915163597748,51.72810183884702
46.95435,427,1907.451446,synthetic_track_0,0.31667053692840036,51.954349970212306
36.480854,362,1908.004976,synthetic_track_0,0.25283280806428293,41.48085363904027
50.684204,452,1909.85312,synthetic_track_0,0.339404628997112,55.68420430730817
44.153062,409,1910.392752,synthetic_track_0,0.2995962135325298,49.153061976014676
43.381508,416,1910.980876,synthetic_track_0,0.2948934633238183,48.381508257958714
49.452491,455,1911.734263,synthetic_track_0,0.3318971300610048,54.45249127549019
47.055068,426,1913.539464,synthetic_track_0,0.31728442908213134,52.055067795458285
46.93064,421,1914.15311,synthetic_track_0,0.31652602030397536,51.93063994226112
45.642277,402,1914.750775,synthetic_track_0,0.3086732320333072,50.64227723566515
50.050843,437,1915.318455,synthetic_track_0,0.3355441850747214,55.05084303369651
47.563495,434,1915.906026,synthetic_track_0,0.32038338088981944,52.563495350225885
40.366472,392,1917.646375,synthetic_track_0,0.27651631095078955,45.36647245732745
30.650408,323,1918.179918,synthetic_track_0,0.21729525561976648,35.650407729243994
47.721236,422,1918.857645,synthetic_track_0,0.3213448396396076,52.72123646770696
46.157221,418,1919.458461,synthetic_track_0,0.31181189964834094,51.15722073907199
33.654687,346,1919.935273,synthetic_track_0,0.23560684256056857,38.6546865789922
46.737297,418,1920.539519,synthetic_track_0,0.31534756076826487,51.73729672903418
46.373339,426,1922.521698,synthetic_track_0,0.3131291779512972,51.37333916494067
46.260405,405,1923.125094,synthetic_track_0,0.3124408256592098,51.260405084515014
43.081253,396,1923.693912,synthetic_track_0,0.29306335619233553,48.08125289693176
46.428102,415,1924.256959,synthetic_track_0,0.31346296565335835,51.42810183170736
26.154666,301,1924.647959,synthetic_track_0,0.18989295227565656,31.154666282190142
27.648411,314,1926.303777,synthetic_track_0,0.19899757822661537,32.64841094057288
44.637182,421,1926.827936,synthetic_track_0,0.30254700566445186,49.63718180793289
32.173544,319,1927.260978,synthetic_track_0,0.22657902975570154,37.17354422050472
21.53255,276,1927.672812,synthetic_track_0,0.16172037329344258,26.532550053119124
44.758057,386,1928.200939,synthetic_track_0,0.3032837581774334,49.75805663977597
33.060021,346,1928.649925,synthetic_track_0,0.2319822578912949,38.06002140353671
24.527539,284,1930.328977,synthetic_track_0,0.17997533661435125,29.527538984730146
49.912679,427,1930.882952,synthetic_track_0,0.3347020518083699,54.912678975663304
27.286918,311,1931.282493,synthetic_track_0,0.19679421801606517,32.28691805083414
49.292209,428,1931.902914,synthetic_track_0,0.3309201824896475,54.2922089943624
30.040206,322,1932.4011,synthetic_track_0,0.21357597142368753,35.04020573623239
46.330868,407,1932.915866,synthetic_track_0,0.3128703114269421,51.330868393480934
34.386536,359,1934.700967,synthetic_track_0,0.24006758596133476,39.38653560422413
43.867794,403,1935.205875,synthetic_track_0,0.2978574551623201,48.867793691330725
15.490522,243,1935.51982,synthetic_track_0,0.12489319033210508,20.49052173387901
42.42803,385,1936.05596,synthetic_track_0,0.2890818540441216,47.42803028259606
39.940134,381,1936.60576,synthetic_track_0,0.27391770594280623,44.94013398160864
33.691228,360,1938.324931,synthetic_track_0,0.2358295714680231,38.691228455349304
43.796966,403,1938.914894,synthetic_track_0,0.29742574815632655,48.796965956324065
49.866586,408,1939.566478,synthetic_track_0,0.33442110506084344,54.8665856264507
19.67845,281,1939.996121,synthetic_track_0,0.15041931943796114,24.678449849371237
44.196189,437,1940.587726,synthetic_track_0,0.299859077957157,49.1961886604365
31.303688,318,1941.054524,synthetic_track_0,0.22127710791483432,36.303687790200286
46.481317,436,1942.902993,synthetic_track_0,0.3137873191438334,51.48131668055832
31.244135,332,1943.364013,synthetic_track_0,0.2209141207587556,36.244134533605816
47.252449,425,1943.958444,synthetic_track_0,0.3184875020216755,52.252449191110195
27.484281,306,1944.437934,synthetic_track_0,0.19799717552415919,32.4842805082987
51.295349,475,1945.0976,synthetic_track_0,0.3431296580760568,56.29534883086855
31.733288,339,1946.879024,synthetic_track_0,0.22389559075174598,36.73328750926307
41.766914,394,1947.408448,synthetic_track_0,0.285052240614001,46.76691432143391
50.192335,436,1948.070195,synthetic_track_0,0.336406599666399,55.19233453445324
33.217773,333,1948.559696,synthetic_track_0,0.23294377853286236,38.21777267525314
31.491986,319,1949.148527,synthetic_track_0,0.22242481628657704,36.49198583329466
39.913866,371,1949.607718,synthetic_track_0,0.2737575999597607,44.913866295463414
46.160405,414,1951.533775,synthetic_track_0,0.31183130874154436,51.16040507958776
49.581403,429,1952.15879,synthetic_track_0,0.3326828665079079,54.581402625256786
49.31828,424,1952.865496,synthetic_track_0,0.33107908684324233,54.31827953593704
40.222743,397,1953.434843,synthetic_track_0,0.2756402572662945,45.222743267493655
50.008835,458,1955.297719,synthetic_track_0,0.33528813753804115,55.00883475765439
50.509154,431,1955.828927,synthetic_track_0,0.33833766889644573,55.509154177883595
36.514125,361,1956.282851,synthetic_track_0,0.2530356010567786,41.51412474220579
47.922762,427,1956.898665,synthetic_track_0,0.32257316968665045,52.92276165461571
46.422049,412,1957.466538,synthetic_track_0,0.31342607216538076,51.42204892509785
17.959567,245,1957.79294,synthetic_track_0,0.13994244047890392,22.959567375131194
34.508676,339,1959.619464,synthetic_track_0,0.24081205227173408,39.50867599532803
28.339905,308,1960.046155,synthetic_track_0,0.2032123527916468,33.339905245414705
49.435295,421,1960.604096,synthetic_track_0,0.3317923168360448,54.4352951604872
47.76936,429,1961.165426,synthetic_track_0,0.3216381584362728,52.7693596292824
46.175877,416,1961.806854,synthetic_track_0,0.3119256152788438,51.17587742157089
49.341211,418,1963.533044,synthetic_track_0,0.33121885756585967,54.34121093053057
47.660122,434,1964.141059,synthetic_track_0,0.32097233881855286,52.660122357726955
51.067203,434,1964.845093,synthetic_track_0,0.34173907043589785,56.067202955278596
29.182226,307,1965.287887,synthetic_track_0,0.20834643721135704,34.18222553610392
48.316148,445,1965.973191,synthetic_track_0,0.3249709260028407,53.31614801762555
27.56052,304,1967.636139,synthetic_track_0,0.1984618697712017,32.560520274000204
50.367988,472,1968.309882,synthetic_track_0,0.33747723454244855,55.3679875635608
35.95189,337,1968.74992,synthetic_track_0,0.24960868798836577,40.9518904320588
41.223156,382,1969.256471,synthetic_track_0,0.28173794265566776,46.223156137603446
33.095749,325,1969.709514,synthetic_track_0,0.2322000235873076,38.09574899376942
31.970379,317,1970.136073,synthetic_track_0,0.22534070372693812,36.9703790492209
38.997498,361,1971.862021,synthetic_track_0,0.2681721785778503,43.9974976935038
15.515471,226,1972.195487,synthetic_track_0,0.12504525731914481,20.51547050726415
50.425954,420,1972.899541,synthetic_track_0,0.3378305483337866,55.42595376572956
33.217846,329,1973.403032,synthetic_track_0,0.23294422656029543,38.217846180588616
47.630506,424,1974.014476,synthetic_track_0,0.32079182047425975,52.63050573053322
43.038602,412,1974.619489,synthetic_track_0,0.29280338974083187,48.03860166662488
28.328458,302,1976.364465,synthetic_track_0,0.20314258072428712,33.32845813561753
46.727704,423,1976.95218,synthetic_track_0,0.31528909429709806,51.727704464676435
29.336002,326,1977.471052,synthetic_track_0,0.20928373237781675,34.33600227067474
35.036798,345,1977.956491,synthetic_track_0,0.24403104388532998,40.036797804404806
46.995799,440,1978.565491,synthetic_track_0,0.31692317327158886,51.995798590966615
31.806443,335,1980.291069,synthetic_track_0,0.22434148651053853,36.806443112961624
36.456952,355,1980.745046,synthetic_track_0,0.2526871231108241,41.456951929930185
48.075647,407,1981.276076,synthetic_track_0,0.32350503279506426,53.07564718204262
46.404701,420,1981.897319,synthetic_track_0,0.31332033331095915,51.40470094728673
43.176024,387,1982.426589,synthetic_track_0,0.29364100464613024,48.17602442262942
42.495622,384,1982.901966,synthetic_track_0,0.2894938364213614,47.49562190894782
1.377494,119,1984.426219,synthetic_track_0,0.03887190163742721,6.377493786658113
0.761294,113,1984.579471,synthetic_track_0,0.035116062494243885,5.761294429529767
49.327655,420,1985.171062,synthetic_track_0,0.3311362312037747,54.32765488905552
28.736724,305,1985.635021,synthetic_track_0,0.20563103269144928,33.736724422844745
44.257315,397,1986.216481,synthetic_track_0,0.3002316520649054,49.25731479415123
1.183658,117,1986.404993,synthetic_track_0,0.03769044200687025,6.1836583647807934
1.197616,117,1986.577502,synthetic_track_0,0.03777551569070903,6.197615924540811
43.422106,391,1987.089514,synthetic_track_0,0.2951409150567709,48.42210626893649
42.913894,384,1988.899918,synthetic_track_0,0.2920432740613118,47.91389377174245
1.277572,118,1989.04304,synthetic_track_0,0.0382628629163892,6.277572236756003
33.342053,340,1989.500921,synthetic_track_0,0.23370128742199228,38.34205288873034
29.983425,310,1989.936018,synthetic_track_0,0.21322988586235228,34.98342542901576
39.874676,377,1990.449872,synthetic_track_0,0.2735187268785443,44.87467573551945
0.677762,112,1990.594756,synthetic_track_0,0.034606920992037764,5.6777624532159825
1.264056,118,1990.755974,synthetic_track_0,0.038180480460823805,6.264056211648755
26.354768,290,1991.207791,synthetic_track_0,0.19111260659708598,31.35476809170125
49.597113,454,1993.074096,synthetic_track_0,0.3327786225475389,54.59711277891683
40.644305,378,1993.667022,synthetic_track_0,0.2782097483446817,45.64430518489443
22.71872,279,1994.058498,synthetic_track_0,0.1689502816269028,27.718720359496807
50.68144,434,1994.682894,synthetic_track_0,0.3393877804415135,55.68144005976388
33.008658,331,1995.161083,synthetic_track_0,0.23166919212881515,38.008658468590724
49.607094,433,1996.979137,synthetic_track_0,0.33283946095994155,54.60709419430285
37.002434,346,1997.44417,synthetic_track_0,0.25601192571722586,42.002433552156155
29.312163,314,1997.894085,synthetic_track_0,0.20913842507802619,34.31216252107324
35.132941,345,1998.475718,synthetic_track_0,0.24461705471840922,40.13294129853422
48.382227,418,1999.227972,synthetic_track_0,0.3253736896913661,53.382227185684286
28.150005,305,1999.839898,synthetic_track_0,0.20205487690803953,33.15000470170669
41.332721,380,2001.680804,synthetic_track_0,0.2824057613406087,46.33272138484939
44.716799,392,2002.228451,synthetic_track_0,0.3030322845825947,49.716798784589166
30.778477,330,2002.699484,synthetic_track_0,0.21807585869113286,35.77847687502234
48.063495,433,2003.22492,synthetic_track_0,0.3234309653998213,53.06349536201175
1.993222,121,2003.370922,synthetic_track_0,0.04262487181909478,6.99322244944247
1.265069,114,2003.519913,synthetic_track_0,0.0381866563599786,6.265069456610479
32.368805,338,2003.946011,synthetic_track_0,0.22776917689223308,37.368804952517145
1.275102,118,2005.46264,synthetic_track_0,0.03824780851772973,6.275102346427298
42.13076,385,2006.082536,synthetic_track_0,0.2872699436160402,47.13076035212412
1.089892,116,2006.244976,synthetic_track_0,0.03711892025248667,6.0898920121202424
56.878947,459,2006.948509,synthetic_track_0,0.37716263038712505,61.87894675925924
36.670367,369,2007.496796,synthetic_track_0,0.2539879233055518,41.6703668854664
50.500271,418,2008.08679,synthetic_track_0,0.3382835253669232,55.50027115419367
46.328102,403,2009.992123,synthetic_track_0,0.3128534490141755,51.328101872469176
49.359069,421,2010.627903,synthetic_track_0,0.33132770675032963,54.359069202660265
30.05991,324,2011.108076,synthetic_track_0,0.21369607145753738,35.059909871800514
46.728102,412,2011.700357,synthetic_track_0,0.3152915163597748,51.72810183884702
31.256871,337,2012.150003,synthetic_track_0,0.22099174978187736,36.25687068984641
36.159461,348,2012.676048,synthetic_track_0,0.2508738640764483,41.159460741225416
47.128102,403,2014.496537,synthetic_track_0,0.31772958392054335,52.12810184052646
37.920402,354,2015.043986,synthetic_track_0,0.26160709588165765,42.920401581911655
46.828102,420,2015.698003,synthetic_track_0,0.31590103327744035,51.82810184377428
1.864577,120,2015.959912,synthetic_track_0,0.04184075906312597,6.864577489494957
50.883591,432,2016.692062,synthetic_track_0,0.34061992370124444,55.88359085898386
37.880711,368,2017.238561,synthetic_track_0,0.26136517261965647,42.88071059599974
48.152502,435,2019.211763,synthetic_track_0,0.32397347864997833,53.15250245290037
34.996357,343,2019.743008,synthetic_track_0,0.24378455084620942,39.99635708092005
59.355853,469,2020.419245,synthetic_track_0,0.39225979370967645,64.35585324517787
33.035829,338,2020.902792,synthetic_track_0,0.2318348027733662,38.035829273520214
29.9896,329,2021.381964,synthetic_track_0,0.21326751886534834,34.98959966368581
35.164329,364,2023.157602,synthetic_track_0,0.2448083653682357,40.16432855846223
37.445725,368,2023.668922,synthetic_track_0,0.25871386060245033,42.44572477837912
46.850091,438,2024.305763,synthetic_track_0,0.3160350634104895,51.850091412196186
45.492708,400,2024.821893,synthetic_track_0,0.30776158430478473,50.49270833166599
35.870565,361,2025.364344,synthetic_track_0,0.2491129947038815,40.87056482902109
48.363495,433,2027.202811,synthetic_track_0,0.32525951611366744,53.36349537037035
31.252615,338,2027.769767,synthetic_track_0,0.22096581131450252,36.252615111715414
2.002332,121,2027.912975,synthetic_track_0,0.04268039385594692,7.002331637059528
46.752865,424,2028.469793,synthetic_track_0,0.3154424492678029,51.752864550281345
14.8803,239,2028.813472,synthetic_track_0,0.12117378787103601,19.880300337797117
48.983018,427,2029.372908,synthetic_track_0,0.32903561221907324,53.98301817310513
36.470324,346,2029.860047,synthetic_track_0,0.2527686262618939,41.470323692505346
21.719284,275,2031.449526,synthetic_track_0,0.16285855113428865,26.719284475731442
36.978364,370,2031.98104,synthetic_track_0,0.2558652199521231,41.97836436423382
14.039144,235,2032.30283,synthetic_track_0,0.11604679711439066,19.039143864421057
16.622094,240,2032.638508,synthetic_track_0,0.13179031249134926,21.622093688518092
25.286129,294,2033.023816,synthetic_track_0,0.18459907298006184,30.286129346953963
44.795728,400,2033.55628,synthetic_track_0,0.3035133738157802,49.79572838325111
12.191796,200,2033.822938,synthetic_track_0,0.10478690067638045,17.191796126159577
33.859526,355,2035.518434,synthetic_track_0,0.23685537487966668,38.85952623879992
48.682376,445,2036.122106,synthetic_track_0,0.327203146096396,53.68237578569017
13.509047,212,2036.441052,synthetic_track_0,0.11281576773381956,18.509047086771723
34.644687,349,2036.885527,synthetic_track_0,0.24164106285347745,39.64468708846817
14.297496,234,2037.183717,synthetic_track_0,0.11762149467634189,19.297495617079854
29.306378,322,2037.632933,synthetic_track_0,0.20910316829960823,34.3063781401753
11.301726,209,2039.354507,synthetic_track_0,0.09936177521508087,16.30172637233086
47.201015,422,2039.999589,synthetic_track_0,0.3181740031485339,52.2010151981393
43.929284,387,2040.626003,synthetic_track_0,0.29823225096503925,48.92928432601595
30.386631,342,2041.241088,synthetic_track_0,0.2156874894228252,35.38663059204524
46.428102,414,2041.853407,synthetic_track_0,0.3134629656533584,51.428101831707366
46.463323,408,2042.434967,synthetic_track_0,0.31367764543828286,51.46332313390264
49.785874,426,2044.201833,synthetic_track_0,0.33392915271093454,54.78587377746169
45.747217,412,2044.723163,synthetic_track_0,0.3093128547185254,50.74721652417315
59.969413,481,2045.380096,synthetic_track_0,0.3959995426966854,64.96941278108045
43.219514,399,2045.878847,synthetic_track_0,0.29390607919440154,48.2195137095794
48.805106,417,2047.53404,synthetic_track_0,0.3279512056112547,53.80510569359537
14.876671,237,2047.881167,synthetic_track_0,0.12115166801612193,19.87667125788762
46.984094,431,2048.415802,synthetic_track_0,0.3168518336326105,51.984094298530124
31.198729,334,2049.176676,synthetic_track_0,0.22063736668101344,36.19872905209128
46.343977,439,2049.760278,synthetic_track_0,0.31295021010481394,51.34397691918268
29.139018,317,2050.339828,synthetic_track_0,0.20808307987403754,34.13901798227515
47.176578,413,2052.181017,synthetic_track_0,0.3180250535424221,52.17657787587081
50.999114,441,2052.83761,synthetic_track_0,0.3413240578256372,55.99911417567606
34.036992,344,2053.351101,synthetic_track_0,0.23793706064817455,39.03699232554093
49.696795,456,2054.022075,synthetic_track_0,0.33338620052356543,54.6967946726189
47.295799,416,2054.60351,synthetic_track_0,0.3187517239780053,52.295798598106266
18.718329,270,2056.436113,synthetic_track_0,0.1445672237504556,23.71832949729511
31.605071,338,2056.887993,synthetic_track_0,0.22311409196512105,36.605071408531266
47.010203,429,2057.463043,synthetic_track_0,0.31701096949875596,52.01020282306395
43.879237,396,2058.156932,synthetic_track_0,0.29792720329668765,48.87923687457679
30.589913,355,2058.616563,synthetic_track_0,0.21692652975685928,35.58991295536839
10.996505,199,2058.954334,synthetic_track_0,0.0975013984682377,15.99650484613694
50.739909,465,2060.825799,synthetic_track_0,0.3397441558026742,55.73990855643582
47.388667,436,2061.451855,synthetic_track_0,0.31931776972824466,52.38866653363428
38.961678,378,2061.948432,synthetic_track_0,0.2679538487724763,43.961677553027975
37.685393,374,2062.486114,synthetic_track_0,0.2601746799666366,42.6853931770447
11.287994,198,2062.786064,synthetic_track_0,0.0992780766072705,16.287994413543732
49.299775,452,2063.487877,synthetic_track_0,0.3309663008154611,54.29977536811665
9.366616,187,2065.097686,synthetic_track_0,0.08756695125076186,14.366616090132963
40.478916,387,2065.644905,synthetic_track_0,0.27720167148916225,45.47891569758519
34.785395,351,2066.148509,synthetic_track_0,0.24249869878128197,39.78539458077983
51.14912,438,2066.732164,synthetic_track_0,0.3422383675361849,56.149119816060924
17.322718,239,2067.060509,synthetic_track_0,0.1360607353917349,22.32271790206029
46.603904,417,2067.586987,synthetic_track_0,0.314534511970206,51.603904395769014
47.563495,415,2069.383771,synthetic_track_0,0.3203833808898194,52.56349535022588
47.62484,420,2069.974841,synthetic_track_0,0.3207572883373934,52.62484023748996
48.187554,422,2070.606995,synthetic_track_0,0.32418712549992196,53.18755428727584
37.829408,365,2071.118582,synthetic_track_0,0.26105247433347656,42.829407950818855
46.375322,402,2071.69963,synthetic_track_0,0.3131412625292976,51.37532181353426
31.135732,323,2073.399034,synthetic_track_0,0.22025339187876602,36.13573247069408
46.182716,423,2073.970782,synthetic_track_0,0.31196729921898764,51.18271627066425
1.779716,119,2074.127582,synthetic_track_0,0.04132351298523665,6.779715841133091
11.577073,213,2074.406537,synthetic_track_0,0.10104005684240999,16.577072578708595
26.985801,299,2074.853915,synthetic_track_0,0.19495885641558564,31.985800618697525
1.479338,116,2075.005927,synthetic_track_0,0.03949265934430862,6.479338004509411
30.98175,333,2075.467019,synthetic_track_0,0.21931483991841424,35.98174954103375
50.469403,438,2077.35989,synthetic_track_0,0.33809537942204293,55.469403109567224
11.23065,200,2077.642576,synthetic_track_0,0.09892855291769313,16.230650032006626
38.996089,380,2078.13558,synthetic_track_0,0.2681635930549423,43.99608911515558
30.979611,326,2078.564312,synthetic_track_0,0.21930180330936747,35.979610698072825
1.384732,119,2078.715555,synthetic_track_0,0.03891602238426458,6.384732428889785
49.366586,419,2079.288613,synthetic_track_0,0.33137352062898,54.36658562748457
34.44222,360,2079.773024,synthetic_track_0,0.2404069903051306,39.44221976174007
44.625012,397,2081.611041,synthetic_track_0,0.302472826159484,49.6250115946914
45.907413,422,2082.178517,synthetic_track_0,0.31028927980488413,50.90741308413239
45.837463,425,2082.815023,synthetic_track_0,0.3098629199887854,50.83746263243048
42.622901,385,2083.342775,synthetic_track_0,0.2902696216045753,47.6229006109747
46.660036,404,2083.915794,synthetic_track_0,0.31487664338815236,51.66003596896873
34.712484,353,2085.600017,synthetic_track_0,0.24205429804389184,39.712484256815564
46.024984,427,2086.282016,synthetic_track_0,0.3110058953177519,51.024984151876005
46.460405,433,2086.888725,synthetic_track_0,0.3136598593514604,51.46040507089514
1.391674,119,2087.046812,synthetic_track_0,0.038958330866964465,6.391673743159876
1.471182,116,2087.210362,synthetic_track_0,0.039442946127472026,6.471181837248869
0.26877,108,2087.339159,synthetic_track_0,0.03211404167552882,5.268769795737738
28.473679,321,2087.777974,synthetic_track_0,0.2040277277366261,33.47367921649297
23.55329,283,2088.185457,synthetic_track_0,0.17403712166713362,28.553289531154213
33.785875,343,2089.842894,synthetic_track_0,0.23640646005365704,38.78587531376109
32.405742,334,2090.284623,synthetic_track_0,0.22799431384219068,37.40574190283396
47.095799,408,2090.8369,synthetic_track_0,0.31753269015605784,52.095798590447515
41.708103,408,2091.437956,synthetic_track_0,0.28469377575927435,46.70810301333075
30.661843,328,2091.897875,synthetic_track_0,0.21736495799928016,35.661843405749096
46.828102,418,2093.835099,synthetic_track_0,0.31590103327744035,51.82810184377428
45.486927,413,2094.370519,synthetic_track_0,0.3077263480785653,50.48692732265141
45.844898,421,2094.96601,synthetic_track_0,0.3099082419986442,50.84489835911474
49.994157,437,2095.555138,synthetic_track_0,0.33519867392658265,54.994156967215154
46.76958,419,2096.086185,synthetic_track_0,0.31554433057399955,51.76957964189961
47.733446,408,2097.946024,synthetic_track_0,0.3214192583217829,52.73344592140468
14.234949,216,2098.24698,synthetic_track_0,0.11724026095284502,19.234948749022212
36.37,347,2098.782956,synthetic_track_0,0.25215713535609263,41.36999982647173
35.551877,361,2099.455483,synthetic_track_0,0.24717053555935084,40.551876506524565
44.209653,402,2100.047882,synthetic_track_0,0.29994114434901475,49.20965283075284
47.353821,423,2100.671061,synthetic_track_0,0.31910537934254696,52.35382084026514
45.106201,404,2102.426973,synthetic_track_0,0.3054057554743633,50.10620077490739
1.15595,113,2102.577702,synthetic_track_0,0.037521553714132655,6.1559498145889435
30.969502,317,2103.081112,synthetic_track_0,0.21924018734556353,35.969501714211326
23.953779,282,2103.491588,synthetic_track_0,0.17647817054575873,28.953778660849153
38.202555,369,2104.070984,synthetic_track_0,0.2633268688044333,43.202555031253176
12.695106,202,2104.304864,synthetic_track_0,0.1078546612049157,17.695106303577063
28.618953,307,2104.730749,synthetic_track_0,0.20491319608478692,33.61895301712537
48.424893,421,2106.669503,synthetic_track_0,0.32563374686230967,53.4248932998183
29.276714,330,2107.135762,synthetic_track_0,0.2089223590518187,34.276713786084684
49.646292,415,2107.735089,synthetic_track_0,0.33307837886568087,54.64629210835362
28.68974,306,2108.129051,synthetic_track_0,0.20534465417811487,33.68973991443407
41.957403,394,2108.708322,synthetic_track_0,0.2862133003025138,46.957402839811415
1.67945,118,2108.893088,synthetic_track_0,0.0407123759596105,6.679450034225028
45.239864,404,2110.717474,synthetic_track_0,0.3062204550283615,50.23986393839445
2.109231,122,2110.879028,synthetic_track_0,0.04333196357647139,7.109231008306609
46.056848,435,2111.475966,synthetic_track_0,0.31120010865387054,51.05684763918197
34.448025,347,2112.014466,synthetic_track_0,0.2404423760453753,39.44802530067798
35.229208,348,2112.451092,synthetic_track_0,0.2452038154007513,40.22920781620541
36.949615,363,2112.969,synthetic_track_0,0.25568998871491955,41.94961516289765
18.262628,238,2114.557782,synthetic_track_0,0.14178964602236083,23.262627976229602
47.195799,415,2115.05508,synthetic_track_0,0.3181422071594762,52.19579860944376
46.092535,436,2115.737963,synthetic_track_0,0.3114176280063971,51.09253481322751
17.29038,236,2116.031082,synthetic_track_0,0.13586362860277332,22.290379702256338
48.096101,418,2116.656955,synthetic_track_0,0.32362970524323115,53.096101487853744
32.78661,343,2117.106359,synthetic_track_0,0.23031576720235913,37.78660966995745
30.233107,345,2118.926069,synthetic_track_0,0.21475173521906862,35.23310667453896
47.637012,487,2119.566449,synthetic_track_0,0.3208314754723415,52.637011702539304
45.104165,396,2120.164374,synthetic_track_0,0.3053933475799068,50.10416508160532
49.172121,429,2120.785222,synthetic_track_0,0.3301882246468025,54.17212079702179
36.416315,367,2121.288789,synthetic_track_0,0.2524394317687165,41.416314607629005
13.028497,233,2122.859476,synthetic_track_0,0.10988673455167512,18.028497123091636
46.594645,459,2123.454982,synthetic_track_0,0.31447807721267806,51.59464546321554
46.060405,402,2124.004006,synthetic_track_0,0.3112217919230152,51.060405090925244
32.460786,341,2124.545285,synthetic_track_0,0.22832981884656767,37.46078631771143
41.363633,372,2125.084079,synthetic_track_0,0.28259417471559767,46.363633305226315
45.449189,405,2125.617775,synthetic_track_0,0.3074963247501189,50.449188691759716
27.129298,303,2127.272935,synthetic_track_0,0.19583349872058411,32.129298251453044
1.887789,120,2127.4196,synthetic_track_0,0.041982236851341774,6.88778895271876
17.468726,245,2127.757745,synthetic_track_0,0.13695067875917494,22.46872589388083
44.157986,393,2128.280961,synthetic_track_0,0.29962622621832485,49.15798598819613
46.655243,424,2128.903901,synthetic_track_0,0.3148474298343114,51.6552430658624
34.319937,335,2129.358698,synthetic_track_0,0.23966165413892077,39.31993665829658
47.399552,406,2131.148573,synthetic_track_0,0.3193841188204047,52.39955205518524
35.163633,357,2131.638711,synthetic_track_0,0.24480412869142493,40.16363347077939
45.192708,390,2132.166137,synthetic_track_0,0.3059330337777145,50.192708353950664
24.797059,284,2132.536161,synthetic_track_0,0.18161810802853035,29.797059230602024
15.530854,228,2132.854558,synthetic_track_0,0.1251390208217583,20.53085375660735
42.103219,388,2133.379466,synthetic_track_0,0.2871020726794364,47.10321871381846
48.368739,414,2135.35146,synthetic_track_0,0.32529147675890796,53.368738973277665
48.411966,410,2136.046232,synthetic_track_0,0.3255549511690178,53.411965734579226
1.310731,118,2136.198753,synthetic_track_0,0.03846496976797466,6.31073076865006
11.793456,203,2136.530144,synthetic_track_0,0.10235895282447045,16.793456408069293
45.841095,422,2137.203061,synthetic_track_0,0.30988506146678274,50.84109525991736
9.54305,188,2137.484584,synthetic_track_0,0.0886423429161368,14.543049538851852
32.388903,338,2138.052047,synthetic_track_0,0.22789167564313167,37.388902632070256
48.165586,419,2140.104009,synthetic_track_0,0.3240532230828891,53.165585672500804
1.093173,116,2140.30881,synthetic_track_0,0.03713892010105018,6.093173274537955
50.656881,421,2141.040923,synthetic_track_0,0.3392380883725923,55.65688092580738
32.028053,326,2141.544161,synthetic_track_0,0.22569223831889548,37.02805334817634
33.661819,335,2142.026887,synthetic_track_0,0.23565031741119416,38.66181925267322
45.523532,391,2142.677803,synthetic_track_0,0.30794945847159116,50.523531787195836
45.760405,405,2144.73306,synthetic_track_0,0.30939324139594504,50.76040511320992
47.295799,425,2145.375175,synthetic_track_0,0.31875172397800533,52.29579859810627
9.456028,191,2145.698517,synthetic_track_0,0.08811192992632133,14.456027669470139
15.202742,250,2146.078496,synthetic_track_0,0.12313912147013073,20.202741543114143
41.680046,392,2146.737873,synthetic_track_0,0.2845227648181925,46.680046212190106
16.870033,250,2147.166601,synthetic_track_0,0.1333015430751727,21.870032771829162
45.987835,410,2149.192109,synthetic_track_0,0.3107794623005378,50.987834563110155
44.806671,399,2149.904118,synthetic_track_0,0.30358007301112927,49.806671344258824
28.902316,315,2150.469123,synthetic_track_0,0.20664034085107458,33.90231592327795
30.202405,320,2150.994149,synthetic_track_0,0.2145646033658373,35.20240500621308
18.63013,259,2151.38523,synthetic_track_0,0.14402963416785156,23.630130204787935
47.110811,422,2152.108514,synthetic_track_0,0.3176241926578338,52.11081089012822
21.608717,275,2152.538554,synthetic_track_0,0.16218462420427582,26.60871708314779
10.710626,195,2154.314759,synthetic_track_0,0.09575891625893893,15.710625612164359
26.696478,307,2154.847714,synthetic_track_0,0.19319538475613474,31.696477763952824
9.915769,193,2155.193908,synthetic_track_0,0.09091413056752369,14.915768933093593
9.899037,188,2155.504039,synthetic_track_0,0.09081214658178663,14.899036995421923
22.899173,289,2155.968779,synthetic_track_0,0.17005016821838498,27.899172552667938
40.044033,378,2156.639189,synthetic_track_0,0.2745509879929627,45.04403299786325
28.067244,312,2157.203995,synthetic_track_0,0.20155043753150723,33.067244176647044
49.454204,429,2159.584952,synthetic_track_0,0.3319075665883977,54.45420353771042
14.059857,219,2159.972092,synthetic_track_0,0.11617304712055039,19.05985699127961
49.895941,415,2160.665044,synthetic_track_0,0.33460003078457196,54.89594096136576
9.287348,187,2161.008465,synthetic_track_0,0.08708379849331942,14.287347940677957
33.73242,359,2161.618819,synthetic_track_0,0.23608064009446691,38.732419869654294
9.225872,182,2161.9442,synthetic_track_0,0.08670908986074165,14.225871607506466
47.094177,415,2162.581099,synthetic_track_0,0.3175228047609519,52.09417674939495
17.827499,245,2164.440922,synthetic_track_0,0.13913746074407196,22.82749888758559
47.240748,405,2165.142101,synthetic_track_0,0.31841618144312434,52.24074802581056
0.858041,114,2165.346088,synthetic_track_0,0.03570575086652967,5.858041276787071
27.835821,312,2165.912177,synthetic_track_0,0.20013987516045292,32.83582115955361
46.560405,423,2166.65683,synthetic_track_0,0.31426937630231283,51.5604050812672
29.156251,323,2167.217612,synthetic_track_0,0.20818811876575494,34.15625112115097
44.891518,399,2169.521302,synthetic_track_0,0.30409722552060575,49.89151764137862
30.642896,341,2170.157581,synthetic_track_0,0.21724946913631746,35.64289579899595
20.792107,277,2170.661153,synthetic_track_0,0.15720725011275036,25.792107372651582
40.737976,376,2171.366497,synthetic_track_0,0.2787806907363768,45.737976484784454
29.720842,326,2171.966183,synthetic_track_0,0.21162939459713834,34.72084184885783
46.509916,408,2172.695796,synthetic_track_0,0.31396163409493366,51.509915551998496
27.714243,320,2174.834024,synthetic_track_0,0.19939883695387825,32.71424319812051
45.378986,412,2175.578765,synthetic_track_0,0.30706842841559706,50.378986152141245
46.282551,408,2176.307761,synthetic_track_0,0.31257580678194485,51.28255067645411
10.365145,195,2176.703188,synthetic_track_0,0.09365315156952221,15.365144669446888
39.087963,388,2177.299442,synthetic_track_0,0.2687235770014224,44.087962524710264
47.710063,418,2177.971035,synthetic_track_0,0.32127673709707694,52.71006326743762
50.634282,430,2180.089066,synthetic_track_0,0.3391003465865895,55.63428240740739
43.468111,400,2180.769996,synthetic_track_0,0.2954213234693288,48.468111296565304
47.720072,412,2181.463242,synthetic_track_0,0.32133774042940494,52.720071740306174
46.060405,408,2182.061141,synthetic_track_0,0.31122179192301525,51.06040509092525
29.116395,318,2182.552035,synthetic_track_0,0.20794518659373976,34.11639460906013
46.94301,429,2184.743135,synthetic_track_0,0.3166014176318734,51.943009956846076
8.121405,177,2185.059664,synthetic_track_0,0.07997717648842552,13.121404527281873
47.395799,411,2185.820203,synthetic_track_0,0.31936124089567075,52.395798603033526
49.092651,412,2186.535351,synthetic_track_0,0.3297038419765988,54.09265086271289
40.059959,372,2187.163003,synthetic_track_0,0.2746480578637324,45.05995870439235
46.560405,410,2187.818756,synthetic_track_0,0.3142693763023129,51.560405081267206
21.789274,278,2189.737754,synthetic_track_0,0.16328514743399203,26.789273725965348
1.547755,117,2189.923014,synthetic_track_0,0.03990967186889612,6.547754898782336
31.267,324,2190.466411,synthetic_track_0,0.22105348884871515,36.266999870528764
46.628102,418,2191.14961,synthetic_track_0,0.3146819995412457,51.6281018501845
20.965004,263,2191.605155,synthetic_track_0,0.158261083262633,25.965003837255715
50.281839,428,2192.3824,synthetic_track_0,0.3369521419633185,55.28183858396991
28.097458,315,2194.243672,synthetic_track_0,0.20173459416431325,33.09745771732861
17.728351,248,2194.639633,synthetic_track_0,0.13853313738588946,22.7283509606874
10.666769,198,2194.947567,synthetic_track_0,0.0954916052892511,15.666769408158938
48.734589,414,2195.637604,synthetic_track_0,0.32752139299887645,53.73458876107077
45.740055,415,2196.316149,synthetic_track_0,0.30926920619180465,50.74005535643418
48.831192,437,2197.062047,synthetic_track_0,0.3281102067752349,53.831192118304244
46.433303,399,2199.131365,synthetic_track_0,0.31349466853118363,51.43330314416785
47.795799,416,2199.813164,synthetic_track_0,0.3217993084954369,52.79579861111109
45.760405,398,2200.408754,synthetic_track_0,0.30939324139594504,50.76040511320992
32.499297,342,2200.985815,synthetic_track_0,0.2285645485216279,37.49929709236311
29.1942,325,2201.521061,synthetic_track_0,0.20841942618771395,34.194200426027045
10.705406,193,2201.880073,synthetic_track_0,0.09572710078140935,15.705405826105087
50.237886,445,2204.151591,synthetic_track_0,0.3366842411110856,55.23788560126038
33.976338,348,2204.752764,synthetic_track_0,0.23756736519943147,38.976338477182644
12.714142,216,2205.111549,synthetic_track_0,0.10797068872639129,17.71414228499608
38.773514,371,2205.786281,synthetic_track_0,0.26680695825474443,43.77351369063104
46.78106,422,2206.540122,synthetic_track_0,0.315614306711003,51.781060232252926
47.963495,448,2207.33789,synthetic_track_0,0.32282144851390127,52.96349536229279
45.954799,423,2209.441919,synthetic_track_0,0.31057810558227145,50.954799101361374
47.102235,415,2210.116906,synthetic_track_0,0.3175719198790714,52.10223478997037
47.228102,421,2210.774813,synthetic_track_0,0.3183391008772064,52.22810185185183
45.212314,401,2211.489138,synthetic_track_0,0.3060525325333826,50.21231384119682
26.800275,302,2212.188427,synthetic_track_0,0.1938280463102639,31.800274978921884
47.863495,411,2214.341255,synthetic_track_0,0.32221193159623585,52.86349535736554
42.830117,398,2215.001927,synthetic_track_0,0.2915326387370384,47.83011671246253
47.212821,420,2215.643171,synthetic_track_0,0.3182459615846044,52.212821013126636
48.78071,420,2216.277602,synthetic_track_0,0.3278025107307643,53.78071016272373
30.263244,315,2216.746737,synthetic_track_0,0.2149354252034645,35.2632436548463
18.355995,266,2218.769588,synthetic_track_0,0.14235873155223663,23.355994631267787
37.325084,348,2219.348483,synthetic_track_0,0.25797853187647585,42.32508353924463
33.529438,344,2219.954814,synthetic_track_0,0.23484343292736068,38.52943826369572
47.19804,421,2220.642658,synthetic_track_0,0.31815587007373625,52.19804020677064
48.368701,427,2221.396127,synthetic_track_0,0.32529124409847804,53.368700801992404
46.405342,411,2222.11789,synthetic_track_0,0.3133242418211432,51.40534219452095
42.363415,391,2224.256248,synthetic_track_0,0.2886880150418085,47.36341533749708
36.052518,342,2224.784143,synthetic_track_0,0.250222031598791,41.05251826089667
46.255922,407,2225.491235,synthetic_track_0,0.3124134996150904,51.255921854489095
12.508924,210,2225.897121,synthetic_track_0,0.10671984985301897,17.508924201830276
46.354748,408,2226.480858,synthetic_track_0,0.313015861292001,51.354747939398706
28.976041,321,2227.085565,synthetic_track_0,0.20708971062764023,33.97604148949003
49.989885,434,2229.07364,synthetic_track_0,0.3351726350837937,54.98988492105576
50.047819,413,2229.646145,synthetic_track_0,0.33552575110437494,55.047818676091254
38.160619,355,2230.268787,synthetic_track_0,0.26307126348403315,43.16061930714342
36.128013,347,2230.811908,synthetic_track_0,0.25068218320122554,41.12801274050354
30.552642,317,2231.446281,synthetic_track_0,0.21669935474406557,35.5526416315703
49.168228,427,2233.751928,synthetic_track_0,0.33016449581777135,54.16822774179846
50.143262,440,2234.506365,synthetic_track_0,0.33610749414509894,55.143261977585844
38.709311,358,2235.114954,synthetic_track_0,0.26641563232798016,43.70931105167153
1.493517,120,2235.327564,synthetic_track_0,0.03957908089707799,6.493516701527139
29.957743,312,2235.88953,synthetic_track_0,0.21307334893407534,34.95774329756821
48.504396,411,2236.677733,synthetic_track_0,0.32611832653760947,53.50439555564284
31.973245,330,2238.760299,synthetic_track_0,0.22535817235982175,36.973245029350096
29.852194,313,2239.324672,synthetic_track_0,0.21243001095582667,34.852194461875236
32.598803,333,2239.88868,synthetic_track_0,0.22917105622970757,37.598803393236075
32.620099,326,2240.414142,synthetic_track_0,0.22930085802512432,37.62009924213713
14.011428,234,2240.805137,synthetic_track_0,0.1158778630223369,19.011427800193566
48.46191,412,2241.480395,synthetic_track_0,0.32585937145912386,53.46191025560608
23.911377,284,2241.967798,synthetic_track_0,0.1762197282883782,28.91137749648041
49.921592,413,2244.220484,synthetic_track_0,0.334756379810526,54.921592264738365
1.994974,121,2244.42853,synthetic_track_0,0.042635549675710434,6.994974305187948
45.845751,396,2245.14383,synthetic_track_0,0.3099134375970251,50.845750771654295
31.733046,325,2245.699948,synthetic_track_0,0.22389411846973084,36.73304596025188
43.489618,388,2246.421045,synthetic_track_0,0.295552410923023,48.48961807617288
42.396166,399,2247.116086,synthetic_track_0,0.2888876389044702,47.39616649939465
38.807068,362,2249.154264,synthetic_track_0,0.2670114752192488,43.807067636166266
41.27446,381,2249.79117,synthetic_track_0,0.28205065019437936,46.27446030079504
37.963903,368,2250.364276,synthetic_track_0,0.2618722455819373,42.96390319862802
46.386633,403,2251.050122,synthetic_track_0,0.31321020310762615,51.386632505613086
1.995512,118,2251.227745,synthetic_track_0,0.0426388259590292,6.995511826524147
2.080002,122,2251.410072,synthetic_track_0,0.04315381063174791,7.080002458886868
43.506281,394,2253.382459,synthetic_track_0,0.2956539748090081,48.50628109044629
37.940435,363,2253.990674,synthetic_track_0,0.26172920218403245,42.940434874647636
37.322792,350,2254.636602,synthetic_track_0,0.25796456452499966,42.32279199461977
46.460405,422,2255.361289,synthetic_track_0,0.3136598593514604,51.46040507089514
24.77329,286,2255.842247,synthetic_track_0,0.18147323056766512,29.773290002250064
36.90436,347,2256.359078,synthetic_track_0,0.25541415379569915,41.90436048254063
40.122498,365,2258.409194,synthetic_track_0,0.2750292449509082,45.12249792109167
48.26104,419,2259.213334,synthetic_track_0,0.3246350328789819,53.26103992617246
44.032769,390,2259.859242,synthetic_track_0,0.2988630057149721,49.032768702368884
46.686565,413,2260.484165,synthetic_track_0,0.31503834359265703,51.68656521004237
37.230046,366,2261.070906,synthetic_track_0,0.25739925906286415,42.23004551398807
34.038631,369,2263.084294,synthetic_track_0,0.23794704987074855,39.038631200980916
46.660405,406,2263.768452,synthetic_track_0,0.31487889325897594,51.660405092592576
37.964137,362,2264.275928,synthetic_track_0,0.26187367286279745,42.96413736455338
32.094062,350,2264.854282,synthetic_track_0,0.22609457092937246,37.0940617916896
48.502363,414,2265.511212,synthetic_track_0,0.3261059362087081,53.50236274422239
30.951201,322,2266.052928,synthetic_track_0,0.21912864264982393,35.95120120474181
38.417487,347,2268.036974,synthetic_track_0,0.26463691547029894,43.41748700318804
39.005666,371,2268.656261,synthetic_track_0,0.26822196332167864,44.00566559579469
48.063495,411,2269.311206,synthetic_track_0,0.3234309653998213,53.06349536201175
42.111339,390,2269.922395,synthetic_track_0,0.2871515655998731,47.11133873829044
27.764872,313,2270.418552,synthetic_track_0,0.19970742979926476,32.76487228677217
47.65779,406,2272.514982,synthetic_track_0,0.3209581227510741,52.657790007669526
29.244083,314,2273.031847,synthetic_track_0,0.2087234695557269,34.24408310757073
18.518872,246,2273.390958,synthetic_track_0,0.14335149503357902,23.518871739594953
49.266586,424,2274.010963,synthetic_track_0,0.330764003744511,54.26658562800367
25.108155,295,2274.380074,synthetic_track_0,0.18351429210754755,30.108155463945256
34.39961,344,2274.865061,synthetic_track_0,0.2401472751269034,39.399609756423274
47.377617,410,2276.703922,synthetic_track_0,0.31925042273920845,52.377617292767845
25.728262,285,2277.09454,synthetic_track_0,0.18729394792335632,30.7282622883003
49.621272,407,2277.627962,synthetic_track_0,0.3329258765888188,54.62127191942099
47.329091,432,2278.246962,synthetic_track_0,0.31895464404348395,52.329090549419824
49.498889,420,2278.784914,synthetic_track_0,0.33217993135012847,54.49888888888887
35.690943,353,2279.245053,synthetic_track_0,0.2480181695511485,40.690943037574975
47.095799,407,2281.064476,synthetic_track_0,0.31753269015605784,52.095798590447515
42.944525,381,2281.61085,synthetic_track_0,0.29222997427511127,47.94452462341983
30.066345,319,2282.025915,synthetic_track_0,0.21373529565607896,35.06634516495439
48.64877,411,2282.615022,synthetic_track_0,0.3269983128568592,53.64876995069317
35.829629,347,2283.085546,synthetic_track_0,0.24886348281509468,40.829628819888384
22.662728,272,2283.42906,synthetic_track_0,0.16860900066728832,27.6627283162017
47.24652,409,2285.200021,synthetic_track_0,0.3184513621248737,52.24651992195703
28.17163,313,2285.610259,synthetic_track_0,0.20218668893481306,33.171630357935086
54.275857,449,2286.229755,synthetic_track_0,0.3612963556694026,59.275856502098804
42.603884,380,2286.732354,synthetic_track_0,0.2901537111071416,47.60388382903059
27.572988,304,2287.149805,synthetic_track_0,0.19853786044351673,32.572987635259075
46.028073,401,2288.89792,synthetic_track_0,0.3110247204438177,51.02807268419525
48.508584,409,2289.446565,synthetic_track_0,0.3261438554585806,53.508583941803934
48.381235,428,2290.00244,synthetic_track_0,0.3253676424497872,53.38123504884582
47.128102,440,2290.593852,synthetic_track_0,0.31772958392054335,52.12810184052646
54.500614,436,2291.198551,synthetic_track_0,0.3626662888183503,59.50061371174195
48.565416,407,2293.071341,synthetic_track_0,0.3264902590074938,53.565416419450024
46.995799,409,2293.623654,synthetic_track_0,0.31692317327158886,51.995798590966615
48.674574,411,2294.216157,synthetic_track_0,0.3271555934988398,53.67457409905588
42.600846,389,2294.719579,synthetic_track_0,0.2901351975094413,47.60084640741423
49.850915,434,2295.277617,synthetic_track_0,0.3343255879328994,54.850914669684435
49.620038,419,2297.08191,synthetic_track_0,0.3329183559122046,54.62003804440181
34.7753,349,2297.54099,synthetic_track_0,0.24243717187647187,39.77530020832544
27.953289,312,2297.964469,synthetic_track_0,0.20085586276712097,32.95328921026645
38.293911,361,2298.458574,synthetic_track_0,0.2638836965359773,43.293910618414415
47.541579,419,2299.048973,synthetic_track_0,0.32024979635032,52.54157888782594
47.678795,408,2300.825979,synthetic_track_0,0.32108615248576844,52.67879512455669
47.948798,461,2301.422888,synthetic_track_0,0.32273186400442494,52.94879773679725
46.839675,427,2302.027951,synthetic_track_0,0.31597157445771745,51.839675137592444
39.266175,369,2302.570879,synthetic_track_0,0.26980980951533307,44.2661745703402
50.132447,418,2303.132962,synthetic_track_0,0.3360415758326741,55.13244713163779
12.966723,214,2303.382139,synthetic_track_0,0.10951020789478602,17.96672251691931
42.755271,387,2305.138808,synthetic_track_0,0.29107644405302147,47.75527142215589
37.261877,358,2305.603934,synthetic_track_0,0.2575932802719368,42.26187748009258
43.698954,404,2306.152066,synthetic_track_0,0.29682834709998995,48.698953732469775
40.676716,385,2306.642359,synthetic_track_0,0.27840730042676043,45.67671644143006
25.973142,285,2307.060625,synthetic_track_0,0.18878652808331153,30.973141501696908
38.669397,362,2309.06324,synthetic_track_0,0.26617234695897024,43.66939659254068
25.284566,297,2309.529097,synthetic_track_0,0.18458954451620893,30.284566065600117
30.567706,310,2309.962744,synthetic_track_0,0.2167911718630499,35.567705548722934
36.958465,376,2310.490959,synthetic_track_0,0.25574393080646796,41.95846513779464
25.818996,293,2310.90415,synthetic_track_0,0.1878469835115473,30.818995719877336
36.672605,353,2311.388485,synthetic_track_0,0.2540015640642978,41.67260484786298
30.021125,316,2311.854922,synthetic_track_0,0.2134596712151869,35.02112501659027
46.360405,428,2313.866451,synthetic_track_0,0.3130503425451298,51.360405084233975
38.141823,368,2314.372004,synthetic_track_0,0.26295669606513733,43.141822876524294
45.65372,396,2314.956056,synthetic_track_0,0.30874297849524746,50.653720144525494
37.981348,400,2315.559443,synthetic_track_0,0.26197857692502946,42.98134838271555
35.356628,345,2316.052171,synthetic_track_0,0.2459804622878415,40.356627893129975
35.343173,355,2317.737732,synthetic_track_0,0.24589845228556081,40.34317297433368
55.22077,444,2318.339188,synthetic_track_0,0.3670557652833618,60.22077037254548
30.835374,316,2318.758393,synthetic_track_0,0.21842265458381743,35.83537372229942
51.913276,458,2319.356467,synthetic_track_0,0.3468960314434635,56.913276478785406
6.972351,163,2319.575736,synthetic_track_0,0.07297349919524307,11.972350672452613
27.769459,308,2319.971062,synthetic_track_0,0.19973538743956049,32.76945913922252
38.377967,375,2321.689778,synthetic_track_0,0.2643960331415584,43.37796679732861
42.081383,390,2322.240109,synthetic_track_0,0.2869689815463778,47.081383201832
26.389123,293,2322.638445,synthetic_track_0,0.1913220033007977,31.389122628541877
28.481764,333,2323.10097,synthetic_track_0,0.20407700583932345,33.481763997029354
49.241244,431,2323.658655,synthetic_track_0,0.3306095434494946,54.241244198069516
22.609552,280,2324.076195,synthetic_track_0,0.16828488418620882,27.60955235214627
41.620651,380,2325.85116,synthetic_track_0,0.28416074379419104,46.62065146343961
48.974163,426,2326.481082,synthetic_track_0,0.3289816396177012,53.97416319263336
46.821981,398,2327.068763,synthetic_track_0,0.3158637236985988,51.821980671482166
10.995472,199,2327.374463,synthetic_track_0,0.09749510462835355,15.995472251304566
32.933584,330,2327.827949,synthetic_track_0,0.23121160331617405,37.933584451459204
33.511977,359,2328.327811,synthetic_track_0,0.23473700404762132,38.51197707732028
48.892888,407,2330.125076,synthetic_track_0,0.3284862561976229,53.89288842730207
44.049795,400,2330.635083,synthetic_track_0,0.29896678642670355,49.049795418746584
35.045917,355,2331.113044,synthetic_track_0,0.24408662485568838,40.04591666091004
30.635925,323,2331.609598,synthetic_track_0,0.21720698380605083,35.63592547034245
33.135411,344,2332.10989,synthetic_track_0,0.2324417678375504,38.135410610231204
47.068801,447,2333.942003,synthetic_track_0,0.3173681344160552,52.06880085776095
7.086285,164,2334.183479,synthetic_track_0,0.07366794709401826,12.086284824707525
37.241704,370,2334.700995,synthetic_track_0,0.25747031853315905,42.24170384072792
43.310712,401,2335.253776,synthetic_track_0,0.29446194901387057,48.310712137506094
34.362553,339,2335.679802,synthetic_track_0,0.2399214083252914,39.362553063459586
25.18901,303,2336.089899,synthetic_track_0,0.18400711495285677,30.18901013020775
40.36542,384,2338.150189,synthetic_track_0,0.27650989653809843,45.36542008079429
40.195343,365,2338.741083,synthetic_track_0,0.27547324531796524,45.19534255855221
38.392892,365,2339.271344,synthetic_track_0,0.2644870037705912,43.39289183564643
48.631192,413,2339.906339,synthetic_track_0,0.3268911730180519,53.63119212127101
48.418461,428,2340.59024,synthetic_track_0,0.32559454010976074,53.41846086893009
43.451778,387,2341.217736,synthetic_track_0,0.29532176839416746,48.45177785656039
37.261775,362,2343.124553,synthetic_track_0,0.2575926529863414,42.26177456488085
47.919302,426,2343.735335,synthetic_track_0,0.32255208118665457,52.91930178329406
39.717238,374,2344.272122,synthetic_track_0,0.27255911924858106,44.71723832083357
24.408333,278,2344.676147,synthetic_track_0,0.17924875344100843,29.40833257911858
40.973097,377,2345.238504,synthetic_track_0,0.2802137874297027,45.97309658111045
37.890837,360,2347.039809,synthetic_track_0,0.26142689515963485,42.890837065213425
43.864579,390,2347.672766,synthetic_track_0,0.2978378599885388,48.86457882162344
9.397841,182,2347.959944,synthetic_track_0,0.08775727137594,14.397840840265356
46.675338,396,2348.478796,synthetic_track_0,0.3149699137687362,51.67533831456017
44.178477,396,2349.038735,synthetic_track_0,0.2997511225005109,49.17847701719305
25.338391,292,2349.42903,synthetic_track_0,0.18491761733322182,30.338391123390874
47.105429,415,2351.24198,synthetic_track_0,0.31759138829834654,52.105428863780325
35.102707,358,2351.799649,synthetic_track_0,0.2444327730821689,40.102707249243814
44.441714,406,2352.439489,synthetic_track_0,0.30135559405673645,49.441713621260966
40.809839,400,2352.994453,synthetic_track_0,0.27921870479373223,45.80983898215617
45.656414,392,2353.613246,synthetic_track_0,0.3087594002323078,50.65641436635815
47.294294,420,2355.45766,synthetic_track_0,0.31874255429426623,52.294294179783314
31.309294,329,2355.925581,synthetic_track_0,0.2213112767676481,36.30929368127682
34.171076,345,2356.441202,synthetic_track_0,0.23875432565790491,39.17107638888889
22.237281,271,2356.826104,synthetic_track_0,0.16601582537956772,27.237280664079886
28.755955,325,2357.270017,synthetic_track_0,0.2057482477677142,33.75595523968398
68.500579,506,2357.948745,synthetic_track_0,0.4479984396561195,73.50057869534508
6.613351,160,2358.149015,synthetic_track_0,0.07078533453160912,11.613350830441439
46.14796,419,2359.95138,synthetic_track_0,0.3117554530253454,51.14795985981813
46.728102,408,2360.51517,synthetic_track_0,0.3152915163597748,51.72810183884702
37.266776,361,2360.988519,synthetic_track_0,0.2576231376263193,42.26677600792475
34.028104,342,2361.468574,synthetic_track_0,0.23788288209173075,39.028103555181474
36.172339,350,2361.910679,synthetic_track_0,0.2509523580675416,41.17233880788541
38.75071,371,2363.678871,synthetic_track_0,0.2666679646827919,43.75070979876641
37.161636,363,2364.176585,synthetic_track_0,0.25698228897788644,42.161635582542694
50.889742,425,2364.742373,synthetic_track_0,0.34065741722565657,55.889742210188864
17.215943,234,2365.016033,synthetic_track_0,0.1354099220065821,22.215942618494292
43.667147,401,2365.586675,synthetic_track_0,0.2966344784021604,48.66714678802523
29.208156,340,2366.046105,synthetic_track_0,0.2085044847779721,34.20815550946837
38.429915,367,2367.820185,synthetic_track_0,0.26471266622375933,43.42991500231282
43.626474,389,2368.361034,synthetic_track_0,0.2963865737754597,48.6264744733231
47.895924,415,2368.895816,synthetic_track_0,0.32240958968855726,52.89592400640412
36.84837,356,2369.421257,synthetic_track_0,0.2550728803160197,41.8483696664363
39.4276,375,2369.983286,synthetic_track_0,0.2707937260013335,44.42760020201077
36.610012,379,2371.731996,synthetic_track_0,0.25362005253175557,41.61001240124123
8.362524,181,2371.953278,synthetic_track_0,0.08144683819519881,13.362523639252759
47.247615,421,2372.54757,synthetic_track_0,0.31845803809332507,52.24761521046943
47.295799,406,2373.101002,synthetic_track_0,0.31875172397800533,52.29579859810627
44.448373,420,2373.665245,synthetic_track_0,0.3013961869607802,49.4483734702114
4.438807,150,2373.868564,synthetic_track_0,0.05753112345264431,9.4388071306867
35.459504,350,2374.352166,synthetic_track_0,0.24660750748760485,40.459503664496765
41.303705,373,2376.141396,synthetic_track_0,0.28222890417508034,46.303705426618095
25.048542,286,2376.546298,synthetic_track_0,0.18315093773201618,30.04854195972515
35.689015,349,2377.047747,synthetic_track_0,0.24800641993613948,40.68901534447124
47.563094,395,2377.593244,synthetic_track_0,0.3203809318217921,52.56309354543966
43.911308,384,2378.194742,synthetic_track_0,0.298122683935894,48.91130828115676
41.320584,377,2379.952037,synthetic_track_0,0.2823317792531372,46.32058356078372
4.645987,151,2380.129242,synthetic_track_0,0.058793919608737276,9.645986977827095
6.644664,161,2380.392366,synthetic_track_0,0.07097619471648868,11.644664185124807
29.933975,319,2380.799524,synthetic_track_0,0.21292847764187653,34.933975081274575
47.385548,423,2381.397627,synthetic_track_0,0.31929875953932535,52.38554763909583
33.495432,359,2381.901848,synthetic_track_0,0.234636161802065,38.49543245852425
7.971526,168,2382.123173,synthetic_track_0,0.07906364319852523,12.971526269856081
37.688444,353,2382.59881,synthetic_track_0,0.2601932743693863,42.68844385589002
48.871731,408,2384.473104,synthetic_track_0,0.3283572967656191,53.8717307802179
48.231192,414,2385.044702,synthetic_track_0,0.3244531053925189,53.23119210896604
45.239744,410,2385.637581,synthetic_track_0,0.30621972487935767,50.23974414696313
27.364576,308,2386.099021,synthetic_track_0,0.19726755728153322,32.36457615597807
31.891503,328,2386.578752,synthetic_track_0,0.2248599433370533,36.89150340202566
47.660857,431,2388.392709,synthetic_track_0,0.3209768191790161,52.66085742521305
37.031048,350,2388.876379,synthetic_track_0,0.25618633330584967,42.031047622112624
7.80325,167,2389.152018,synthetic_track_0,0.07803797124097975,12.803250053338346
47.195799,411,2389.753178,synthetic_track_0,0.3181422071594762,52.19579860944376
7.329482,163,2390.010182,synthetic_track_0,0.07515027358819927,12.329481776958914
50.079698,428,2390.647768,synthetic_track_0,0.3357200620240141,55.07969817337537
42.286287,383,2392.435997,synthetic_track_0,0.2882179076076085,47.28628746069196
29.502644,318,2392.873576,synthetic_track_0,0.21029944122128563,34.502643895226484
44.402804,392,2393.405429,synthetic_track_0,0.30111843104950026,49.40280362351551
34.357215,347,2393.929894,synthetic_track_0,0.23988887181694785,39.357214981939
50.327837,431,2394.539699,synthetic_track_0,0.33723250712868785,55.32783651627628
48.788271,424,2395.157634,synthetic_track_0,0.3278485952798394,53.78827099491889
35.04973,351,2396.99101,synthetic_track_0,0.24410986935811196,40.04973025539695
36.57938,352,2397.425158,synthetic_track_0,0.2534333406660763,41.57937963790561
35.61433,343,2397.909547,synthetic_track_0,0.24755119905179998,40.61432981998851
34.164377,339,2398.445291,synthetic_track_0,0.2387134921375725,39.16437706338029
43.697402,388,2399.02011,synthetic_track_0,0.29681888686994806,48.69740164585268
39.486045,368,2401.064665,synthetic_track_0,0.27114995662746016,44.486044952821544
41.987439,404,2401.746411,synthetic_track_0,0.28639637664586004,46.98743914349074
42.476504,387,2402.320118,synthetic_track_0,0.2893773107482997,47.47650419860608
40.610695,376,2402.936308,synthetic_track_0,0.27800488673899093,45.61069469602244
46.38208,416,2403.596548,synthetic_track_0,0.3131824531154991,51.38207972082728
43.381532,387,2404.17782,synthetic_track_0,0.2948936057465991,48.381531624461545
48.180514,416,2406.119844,synthetic_track_0,0.3241442142427502,53.180514079195895
43.994278,386,2406.629984,synthetic_track_0,0.2986283963872777,48.99427767243114
50.655087,436,2407.207626,synthetic_track_0,0.33922715159279837,55.65508658999556
48.396025,427,2407.755059,synthetic_track_0,0.32545779144328163,53.39602528605229
40.398203,374,2408.325183,synthetic_track_0,0.2767097167587398,45.39820345803873
32.268157,341,2409.957752,synthetic_track_0,0.22715571086226724,37.26815703899531
38.325096,369,2410.478584,synthetic_track_0,0.2640737740242865,43.32509556048342
30.807187,323,2410.939458,synthetic_track_0,0.21825085233247554,35.80718709534491
36.189533,350,2411.393044,synthetic_track_0,0.2510571613338186,41.18953328902341
34.34579,343,2411.877527,synthetic_track_0,0.23981923262353935,39.34578967202201
38.650009,361,2413.610189,synthetic_track_0,0.26605417327815156,43.65000850285581
49.064998,415,2414.154088,synthetic_track_0,0.32953529029097134,54.06499753775219
32.560257,332,2414.620189,synthetic_track_0,0.22893610998057637,37.56025708649737
37.07937,349,2415.108467,synthetic_track_0,0.2564808645619537,42.07936970507374
39.046525,365,2415.575215,synthetic_track_0,0.26847100886036007,44.046525093494346
39.739461,367,2416.032395,synthetic_track_0,0.2726945671961851,44.7394605020975
39.164749,358,2417.704215,synthetic_track_0,0.26919160165872735,44.16474869205051
30.634824,332,2418.16506,synthetic_track_0,0.21720026726582375,35.63482352544751
47.289464,458,2418.782043,synthetic_track_0,0.3187131138191581,52.28946404698381
35.180911,341,2419.215341,synthetic_track_0,0.24490944075850676,40.18091142799741
24.37248,282,2419.606164,synthetic_track_0,0.1790302271702733,29.372480205678404
27.363658,299,2420.001412,synthetic_track_0,0.19726195809834848,32.36365752955469
23.959949,285,2421.637609,synthetic_track_0,0.1765157803201723,28.95994908453661
45.709162,397,2422.167981,synthetic_track_0,0.309080903350304,50.70916157066364
47.863495,413,2422.685045,synthetic_track_0,0.32221193159623585,52.86349535736554
34.322564,340,2423.162163,synthetic_track_0,0.2396776669043351,39.322563782456584
32.636816,330,2423.590146,synthetic_track_0,0.22940274803722882,37.63681576208462
43.268317,392,2424.140208,synthetic_track_0,0.2942035429209261,48.26831690643252
28.103992,306,2425.777863,synthetic_track_0,0.20177441908712504,33.10399156792731
33.923476,333,2426.240935,synthetic_track_0,0.2372451599607657,38.92347607989665
20.201153,258,2426.568774,synthetic_track_0,0.15360528096794426,25.20115259881522
34.595056,343,2427.036048,synthetic_track_0,0.2413385527480959,39.59505596068165
50.509112,434,2427.559971,synthetic_track_0,0.3383374133807719,55.50911225686729
31.130258,334,2427.962573,synthetic_track_0,0.2202200257798549,36.130258282925354
24.632646,297,2429.581776,synthetic_track_0,0.18061598291732225,29.632646212432874
41.674641,374,2430.078459,synthetic_track_0,0.28448981748388286,46.674640728769035
46.723965,405,2430.722019,synthetic_track_0,0.31526630311207826,51.723965243420686
22.712147,269,2431.072142,synthetic_track_0,0.16891021500501538,27.71214685469319
48.750253,419,2431.636395,synthetic_track_0,0.32761686854194405,53.75025289524076
37.740548,360,2432.207742,synthetic_track_0,0.26051085641122984,42.740547751333644
39.002403,375,2433.919715,synthetic_track_0,0.2682020779942831,44.00240312221947
36.42733,355,2434.385336,synthetic_track_0,0.25250656980660185,41.427329567057946
47.139433,414,2434.938901,synthetic_track_0,0.3177986483471794,52.13943285169897
34.916547,339,2435.398721,synthetic_track_0,0.2432980939148977,39.91654683428344
20.871918,263,2435.757655,synthetic_track_0,0.15769370737242447,25.871917673160763
44.52372,391,2437.516049,synthetic_track_0,0.3018554368968186,49.52372001849521
43.779054,392,2438.016844,synthetic_track_0,0.2973165716049985,48.77905397495929
39.236137,361,2438.485276,synthetic_track_0,0.2696267250871218,44.236136940222636
36.017737,350,2439.00891,synthetic_track_0,0.25001003493687657,41.017737163569294
34.316049,346,2439.484026,synthetic_track_0,0.23963796099450474,39.31604945764689
47.693646,415,2440.097989,synthetic_track_0,0.3211766722897819,52.69364619855482
36.561647,354,2441.831288,synthetic_track_0,0.2533252590181633,41.56164729117232
33.39727,336,2442.247563,synthetic_track_0,0.23403784337448988,38.39726972674193
24.802318,291,2442.62901,synthetic_track_0,0.18165016412608082,29.802318493831784
28.928304,313,2443.077991,synthetic_track_0,0.2067987445834019,33.92830433074316
42.951495,387,2443.608502,synthetic_track_0,0.2922724617570969,47.951495305093744
27.171125,296,2443.994298,synthetic_track_0,0.19608843810830168,32.17112471974133
40.61379,386,2445.686331,synthetic_track_0,0.27802375202978835,45.6137898179428
37.849181,364,2446.153167,synthetic_track_0,0.2611729917693562,42.84918056718518
47.482892,412,2446.72431,synthetic_track_0,0.31989208909675987,52.48289187507569
47.88903,422,2447.297706,synthetic_track_0,0.32236756767312474,52.88902969120382
17.511782,250,2447.632143,synthetic_track_0,0.1372131132500393,22.511782041493653
44.527518,392,2448.191378,synthetic_track_0,0.3018785854663132,49.52751787380723
43.044274,399,2449.908458,synthetic_track_0,0.29283796189065103,48.04427372436776
43.646742,393,2450.410339,synthetic_track_0,0.29651010987509185,48.64674234483555
28.422757,315,2450.853152,synthetic_track_0,0.20371734788621146,33.422756943999424
50.176841,415,2451.40607,synthetic_track_0,0.3363121648065449,55.176841139311904
31.562518,354,2451.884048,synthetic_track_0,0.2228547208300724,36.562517848439455
41.384799,388,2453.685055,synthetic_track_0,0.282723184863602,46.38479927299881
39.260191,375,2454.207653,synthetic_track_0,0.26977333700738904,44.260190731551795
34.889072,356,2454.683264,synthetic_track_0,0.2431306309348289,39.889072127106886
36.32067,367,2455.163267,synthetic_track_0,0.251856462499775,41.32067012578283
47.563495,404,2455.721007,synthetic_track_0,0.32038338088981944,52.563495350225885
42.118025,377,2457.39305,synthetic_track_0,0.2871923177548704,47.11802471464716
36.065553,343,2457.906065,synthetic_track_0,0.2503014798706768,41.06555289102715
44.500858,388,2458.483328,synthetic_track_0,0.3017160889363988,49.500857984112386
30.130835,318,2458.960033,synthetic_track_0,0.21412837183618802,35.13083495811427
31.553305,337,2459.477023,synthetic_track_0,0.22279856577395762,36.55330480492021
40.685708,367,2459.996478,synthetic_track_0,0.2784621063225898,45.68570813582628
49.726355,429,2461.894068,synthetic_track_0,0.3335663756846292,54.72635499567466
46.129444,419,2462.457619,synthetic_track_0,0.3116425979230306,51.12944435932838
46.628102,399,2462.946251,synthetic_track_0,0.3146819995412457,51.62810185018451
46.728102,413,2463.518595,synthetic_track_0,0.3152915163597748,51.72810183884702
46.553474,401,2464.016177,synthetic_track_0,0.31422713133845537,51.553474188175535
47.495799,402,2465.848606,synthetic_track_0,0.3199707577815908,52.49579860275249
29.108107,302,2466.237628,synthetic_track_0,0.20789467280246693,34.10810709606455
29.90235,327,2466.659867,synthetic_track_0,0.2127357144880172,34.90234951719744
36.488163,347,2467.125889,synthetic_track_0,0.25287735812057877,41.48816271565483
41.522021,374,2467.583157,synthetic_track_0,0.2835595724502438,46.52202066974958
46.87412,410,2468.144389,synthetic_track_0,0.3161815234566712,51.874120286400235
38.516248,384,2469.866042,synthetic_track_0,0.26523887890921655,43.516247751434946
39.273168,368,2470.382239,synthetic_track_0,0.2698524343179028,44.273167781428285
46.179213,403,2470.942981,synthetic_track_0,0.31194594439825923,51.179212705601216
30.070815,310,2471.341073,synthetic_track_0,0.2137625408929044,35.070815137383086
46.460058,403,2471.87783,synthetic_track_0,0.3136577457859645,51.46005831011808
40.141262,387,2473.784182,synthetic_track_0,0.27514361265870246,45.14126158623611
31.132344,354,2474.279775,synthetic_track_0,0.22023273959239437,36.13234416648288
41.646359,384,2474.869554,synthetic_track_0,0.28431743484562555,46.64635888100486
47.595799,433,2475.46072,synthetic_track_0,0.3205802745879213,52.59579858941365
35.938153,357,2475.929058,synthetic_track_0,0.24952495421977616,40.93815270464082
30.894239,309,2476.290027,synthetic_track_0,0.21878145059942522,35.89423936210165
37.245846,360,2477.982219,synthetic_track_0,0.25749556536188345,42.2458459456042
47.271699,406,2478.520271,synthetic_track_0,0.31860483103754783,52.27169870137857
39.851206,402,2479.063787,synthetic_track_0,0.2733756737631596,44.85120581724693
29.29301,314,2479.499944,synthetic_track_0,0.20902168624652426,34.29300983902775
8.393709,173,2479.721209,synthetic_track_0,0.08163691647668508,13.393708711453863
46.628102,408,2480.261207,synthetic_track_0,0.3146819995412457,51.62810185018451
47.179063,401,2481.980034,synthetic_track_0,0.31804020214091333,52.179063221034916
41.575349,404,2482.531151,synthetic_track_0,0.2838846194764872,46.5753493031047
39.115657,366,2483.005479,synthetic_track_0,0.26889237933765925,44.11565697250356
47.214164,415,2483.603083,synthetic_track_0,0.31825414977822397,52.214164403898195
34.487759,344,2484.056263,synthetic_track_0,0.2406845568200794,39.48775853524751
30.257984,318,2485.772685,synthetic_track_0,0.2149033669555504,35.2579840388185
34.239977,341,2486.260977,synthetic_track_0,0.23917428887989195,39.239977387451525
7.024856,162,2486.463447,synthetic_track_0,0.07329352570286847,12.024855617617986
43.27794,403,2487.036236,synthetic_track_0,0.294262197926154,48.277940102510925
37.70261,371,2487.480027,synthetic_track_0,0.26027962089597084,42.70261024378451
46.547507,402,2488.037772,synthetic_track_0,0.31419076129582185,51.54750716029305
7.766809,167,2488.276391,synthetic_track_0,0.07781585610036068,12.766808874246225
29.583637,310,2489.856188,synthetic_track_0,0.21079310515032904,34.583636553356186
54.284665,441,2490.44303,synthetic_track_0,0.36135004198773,59.284664513725176
45.739866,396,2491.001835,synthetic_track_0,0.3092680498499345,50.73986564194167
31.221311,326,2491.446052,synthetic_track_0,0.2207750061537569,36.22131078453154
32.464121,335,2491.862089,synthetic_track_0,0.2283501440991984,37.4641209673402
17.386406,242,2492.17177,synthetic_track_0,0.1364489244317685,22.38640588969605
47.0595,411,2493.945043,synthetic_track_0,0.3173114452986197,52.05950019381123
46.36767,407,2494.469603,synthetic_track_0,0.3130946249239448,51.36767024451312
49.298889,423,2495.055068,synthetic_track_0,0.33096089744261287,54.29888886719143
47.128102,416,2495.624439,synthetic_track_0,0.31772958392054335,52.12810184052646
43.80871,388,2496.174348,synthetic_track_0,0.29749732853348015,48.808709745315966
48.004235,411,2497.915262,synthetic_track_0,0.32306976203740756,53.00423476238891
49.746035,412,2498.469703,synthetic_track_0,0.3336863301529091,54.74603524912026
47.875888,433,2499.026212,synthetic_track_0,0.3222874697594864,52.875888478012925
36.81151,364,2499.556964,synthetic_track_0,0.2548482174259391,41.8115104924513
45.836467,415,2500.096779,synthetic_track_0,0.30985685065924246,50.83646687174426
50.35664,425,2501.84986,synthetic_track_0,0.3374080709852314,55.35664028859263
47.208674,408,2502.402982,synthetic_track_0,0.31822068740419357,52.20867442081334
47.595799,414,2502.95675,synthetic_track_0,0.3205802745879213,52.59579858941365
47.131552,415,2503.577713,synthetic_track_0,0.31775061264345117,52.131551904558236
38.973286,371,2504.206168,synthetic_track_0,0.26802460181455645,43.97328560581794
38.953138,379,2506.083255,synthetic_track_0,0.2679017974902761,43.95313779256255
10.24163,189,2506.347625,synthetic_track_0,0.09290030970108501,15.241630147747452
46.428439,404,2506.874481,synthetic_track_0,0.3134650227226145,51.42843932346483
44.925012,392,2507.380388,synthetic_track_0,0.3043013766865542,49.92501157240673
41.249652,377,2507.832134,synthetic_track_0,0.281899440737988,46.24965221762962
46.528102,411,2508.386126,synthetic_track_0,0.3140724825378274,51.52810183118826
6.808106,161,2509.787571,synthetic_track_0,0.0719724002361586,11.808106009278124
47.725165,410,2510.331903,synthetic_track_0,0.3213687825718372,52.725164649635204
46.528102,409,2510.865493,synthetic_track_0,0.3140724825378274,51.52810183118826
47.824892,416,2511.432379,synthetic_track_0,0.32197663700807694,52.8248919006061
19.807978,256,2511.76428,synthetic_track_0,0.15120881415444806,24.807977797243666
51.218609,443,2512.336438,synthetic_track_0,0.3426619130000452,56.21860853285515
42.087601,388,2514.090275,synthetic_track_0,0.28700688182501416,47.087601286909766
46.559859,408,2514.623285,synthetic_track_0,0.3142660450451133,51.55985854067626
47.6592,430,2515.230047,synthetic_track_0,0.320966714896824,52.65919967259009
29.995181,313,2515.630076,synthetic_track_0,0.21330153597706436,34.99518065945578
34.686711,338,2516.077855,synthetic_track_0,0.24189720385055055,39.686710698030126
37.746065,355,2517.908454,synthetic_track_0,0.2605444872091263,42.74606536677283
6.239811,157,2518.16613,synthetic_track_0,0.06850854590106614,11.239810953739312
30.474131,338,2518.666539,synthetic_track_0,0.21622081626006717,35.474130519949306
27.112722,305,2519.082257,synthetic_track_0,0.19573246384330595,32.11272202865624
39.422528,367,2519.636512,synthetic_track_0,0.27076281043939743,44.42252806003024
7.687609,166,2519.863436,synthetic_track_0,0.07733312248545374,12.687609491144375
32.929513,335,2520.348763,synthetic_track_0,0.23118678419946326,37.92951251888205
48.658732,410,2522.2099,synthetic_track_0,0.32705903170264794,53.65873174945883
32.159552,329,2522.677745,synthetic_track_0,0.22649374630453828,37.1595522454022
47.085519,409,2523.211686,synthetic_track_0,0.3174700344671559,52.08551902474995
36.562545,356,2523.651219,synthetic_track_0,0.2533307303884923,41.562544948060925
33.161632,336,2524.099794,synthetic_track_0,0.2326015937548615,38.16163234757006
45.225012,400,2524.654376,synthetic_track_0,0.3061299273086688,50.225011565715455
20.792615,259,2526.19404,synthetic_track_0,0.1572103454639459,25.79261520947421
8.100957,168,2526.408623,synthetic_track_0,0.07985254771301568,13.100957386613825
49.220903,417,2527.0433,synthetic_track_0,0.3304855600399884,54.22090293894744
37.651528,348,2527.593062,synthetic_track_0,0.2599682633888439,42.65152757266509
39.089731,366,2528.119876,synthetic_track_0,0.2687343535083149,44.089730565450594
42.462654,381,2528.646135,synthetic_track_0,0.28929289280539083,47.46265422256412
16.930302,236,2530.164875,synthetic_track_0,0.13366889525539483,21.930302173329864
45.621738,393,2530.687717,synthetic_track_0,0.30854804181301493,50.62173798190002
45.192708,399,2531.192475,synthetic_track_0,0.3059330337777145,50.192708353950664
46.83696,418,2531.755217,synthetic_track_0,0.31595502243397594,51.836959540358414
36.003106,348,2532.329875,synthetic_track_0,0.24992085623214666,41.00310611617105
43.463535,386,2532.830047,synthetic_track_0,0.2953934282276141,48.46353468149841
30.761021,328,2534.564325,synthetic_track_0,0.21796946348330792,35.7610212130081
47.317799,410,2535.143523,synthetic_track_0,0.3188858229582882,52.31779946190574
46.217978,393,2535.705299,synthetic_track_0,0.3121822250608421,51.217977942033045
31.389358,317,2536.203203,synthetic_track_0,0.22179928503765295,36.389358447308155
14.520346,216,2536.483211,synthetic_track_0,0.11897980480210418,19.520345902826183
35.252474,344,2536.913049,synthetic_track_0,0.24534562691934472,40.252474032691076
43.063359,383,2538.706191,synthetic_track_0,0.29295429088400243,48.063359166578095
31.944684,329,2539.182022,synthetic_track_0,0.22518409043721416,36.94468438958118
46.761136,397,2539.721218,synthetic_track_0,0.3154928641193756,51.76113583079803
60.590468,465,2540.30529,synthetic_track_0,0.39978498175049526,65.5904684286951
46.771263,400,2540.819495,synthetic_track_0,0.3155545882929258,51.77126256802264
39.945335,355,2542.7132,synthetic_track_0,0.2739494097208626,44.945335441764975
44.06757,387,2543.269984,synthetic_track_0,0.2990751242740415,49.06756979867536
39.587533,365,2543.875483,synthetic_track_0,0.2717685456940003,44.58753337407634
16.958437,235,2544.22649,synthetic_track_0,0.1338403840544762,21.95843737393888
34.5316,348,2544.8822,synthetic_track_0,0.24095177634164439,39.5315997358749
47.215147,423,2545.472483,synthetic_track_0,0.3182601372448655,52.215146733799635
39.679116,368,2547.393021,synthetic_track_0,0.27232675674998313,44.67911591548066
26.709247,298,2547.851398,synthetic_track_0,0.19327321350897492,31.709246688722473
36.107887,350,2548.477224,synthetic_track_0,0.2505595106328229,41.107886543692324
32.641556,334,2548.999915,synthetic_track_0,0.22943164328939777,37.641556443229845
44.415708,395,2549.671485,synthetic_track_0,0.3011970861831114,49.41570812792008
34.234474,336,2550.185997,synthetic_track_0,0.23914074712226147,39.234474380346875
40.155274,368,2552.005494,synthetic_track_0,0.2752290207796587,45.155274015208825
27.66608,300,2552.420071,synthetic_track_0,0.1991052752615462,32.666080186022185
41.221166,382,2552.978793,synthetic_track_0,0.28172581203376984,46.22116593484712
47.13449,403,2553.578808,synthetic_track_0,0.31776852375860426,52.134490480259174
40.011097,399,2554.161249,synthetic_track_0,0.27435023539431674,45.011096650615265
30.646062,318,2555.976018,synthetic_track_0,0.2172687658712688,35.64606170552666
43.431116,391,2556.531815,synthetic_track_0,0.29519583392112914,48.43111649744246
34.822947,337,2557.029081,synthetic_track_0,0.2427275899301401,39.822947461348406
33.815592,353,2557.536026,synthetic_track_0,0.23658759117760805,38.81559247625915
30.423207,313,2557.972157,synthetic_track_0,0.21591043015332234,35.423207221014934
27.638047,311,2558.459871,synthetic_track_0,0.19893440953223565,32.63804720895832
43.708955,383,2560.337937,synthetic_track_0,0.29688930778848205,48.70895520900454
22.739439,270,2560.756456,synthetic_track_0,0.16907656632043125,27.73943917731642
46.981696,415,2561.325526,synthetic_track_0,0.31683721620000493,51.981696098758775
48.410124,412,2561.884112,synthetic_track_0,0.32554372364029616,53.41012369722974
33.208767,324,2562.352265,synthetic_track_0,0.2328888868282286,38.20876690269006
44.449374,386,2562.916845,synthetic_track_0,0.3014022882669027,49.44937447711479
43.573929,379,2564.632348,synthetic_track_0,0.29606630194899336,48.573929280078325
42.810507,381,2565.154329,synthetic_track_0,0.29141311566379474,47.81050723556882
49.087367,408,2565.658469,synthetic_track_0,0.32967163873523697,54.087367458427416
41.180092,372,2566.155555,synthetic_track_0,0.2814754568557035,46.180091571995824
46.725637,403,2566.717806,synthetic_track_0,0.31527649150510806,51.725636795634664
47.813832,403,2568.473127,synthetic_track_0,0.3219092264280532,52.81383222672478
45.805471,393,2569.026098,synthetic_track_0,0.30966792589750675,50.80547105102641
46.560405,403,2569.533169,synthetic_track_0,0.31426937630231283,51.5604050812672
46.814329,398,2570.070129,synthetic_track_0,0.31581708659522834,51.81432918481843
46.393837,398,2570.581273,synthetic_track_0,0.3132541160975079,51.39383706233214
35.391447,348,2572.359916,synthetic_track_0,0.24619269001543506,40.39144690010084
14.105293,215,2572.627704,synthetic_track_0,0.1164499893281,19.105293338191192
47.721436,412,2573.209776,synthetic_track_0,0.32134605790019666,52.72143634085465
47.570656,408,2573.819679,synthetic_track_0,0.3204270254679761,52.570655870146204
24.308629,274,2574.234135,synthetic_track_0,0.1786410419674707,29.308628783232344
45.660336,402,2574.793433,synthetic_track_0,0.3087833036848047,50.660336071069196
30.522207,320,2576.535045,synthetic_track_0,0.2165138526496199,35.52220734858168
40.589763,367,2577.012196,synthetic_track_0,0.27787730244703296,45.58976266041413
35.505036,333,2577.453158,synthetic_track_0,0.2468850367106757,40.505036319736
34.422479,338,2577.921292,synthetic_track_0,0.24028666424755973,39.422478543734094
19.274658,255,2578.223368,synthetic_track_0,0.1479581412997452,24.274658225520806
19.572236,252,2578.571061,synthetic_track_0,0.1497719286531021,24.57223609254276
46.734974,399,2579.102657,synthetic_track_0,0.31533340466457715,51.73497421689793
44.045012,385,2580.872577,synthetic_track_0,0.2989376327050454,49.04501233196923
44.351079,378,2581.392902,synthetic_track_0,0.30080316135262564,49.3510791014766
47.472393,416,2581.937551,synthetic_track_0,0.31982809487803815,52.47239270433568
46.997191,405,2582.522085,synthetic_track_0,0.3169316615194768,51.99719120995063
16.431986,236,2582.879857,synthetic_track_0,0.13063157573897474,21.431986281178762
48.054397,408,2584.83132,synthetic_track_0,0.32337551066673303,53.05439721654385
34.074417,332,2585.334252,synthetic_track_0,0.2381651686693949,39.07441672277235
35.904709,340,2585.770244,synthetic_track_0,0.249321109185923,40.90470899897997
29.667128,314,2586.175489,synthetic_track_0,0.21130199989703566,34.66712804588609
46.170399,451,2586.78208,synthetic_track_0,0.31189222080909074,51.17039857915804
30.57499,317,2587.20032,synthetic_track_0,0.21683557388447242,35.57499033809029
46.848431,388,2588.998985,synthetic_track_0,0.31602494023486993,51.84843055983509
43.094873,384,2589.543307,synthetic_track_0,0.29314637583619946,48.094873461931414
14.180004,214,2589.890727,synthetic_track_0,0.1169053628494873,19.180003904973958
35.342279,343,2590.352228,synthetic_track_0,0.2458930058495466,40.34227940827756
47.319814,398,2590.889899,synthetic_track_0,0.31889810451991507,52.31981442849257
43.44579,375,2591.44772,synthetic_track_0,0.295285268862172,48.4457895840882
27.305463,302,2593.443516,synthetic_track_0,0.19690725511451743,32.30546341040428
40.877756,368,2593.997753,synthetic_track_0,0.279632670508734,45.87775600355477
26.872293,293,2594.459903,synthetic_track_0,0.1942670055454873,31.87229254629857
46.09922,401,2595.10703,synthetic_track_0,0.31145837807756566,51.09922044770219
50.254377,427,2595.765391,synthetic_track_0,0.33678476089191794,55.25437731508684
47.128102,414,2597.748618,synthetic_track_0,0.31772958392054335,52.128101840526455
46.309535,413,2598.338814,synthetic_track_0,0.31274027931708126,51.30953475818728
45.955421,400,2598.9909,synthetic_track_0,0.31058189395567604,50.95542063843138
24.253695,274,2599.394524,synthetic_track_0,0.17830621023518511,29.253694828311776
28.319449,302,2599.822307,synthetic_track_0,0.20308766852374777,33.319449000406756
31.813071,319,2600.372511,synthetic_track_0,0.22438188286385624,36.81307071494236
46.770727,399,2602.3505,synthetic_track_0,0.3155513241451449,51.770727037695735
46.129529,394,2602.977559,synthetic_track_0,0.311643113598023,51.1295289632176
40.205056,362,2603.602259,synthetic_track_0,0.2755324498331324,45.205055909628854
13.954956,214,2603.975065,synthetic_track_0,0.11553366038139633,18.95495641311236
47.963495,405,2604.54915,synthetic_track_0,0.32282144851390127,52.96349536229279
13.09261,207,2604.86538,synthetic_track_0,0.11027751413436224,18.092610126458066
15.688406,232,2605.209716,synthetic_track_0,0.12609932762121162,20.688405880090354
33.480005,327,2607.053362,synthetic_track_0,0.23454212661686702,38.480004635750845
12.147202,207,2607.344222,synthetic_track_0,0.10451508919330346,17.147201548291104
30.960862,323,2607.822835,synthetic_track_0,0.21918752579267411,35.960861830073924
48.303128,414,2608.469482,synthetic_track_0,0.3248915665181461,53.30312795430905
39.52935,360,2609.20936,synthetic_track_0,0.27141391077628685,44.52935042215016
12.674704,209,2609.564058,synthetic_track_0,0.10773030794274123,17.674704364812513
12.180514,204,2609.943381,synthetic_track_0,0.10471813622379267,17.180514330038253
31.958046,323,2611.848698,synthetic_track_0,0.22526553458865334,36.95804647241951
16.240853,233,2612.179572,synthetic_track_0,0.12946658900599572,21.240853474751837
47.195799,418,2612.826409,synthetic_track_0,0.3181422071594762,52.19579860944376
46.703447,401,2613.378017,synthetic_track_0,0.3151412430045922,51.70344733653024
31.043846,321,2613.90857,synthetic_track_0,0.21969332576922124,36.043845581108506
20.486412,261,2614.350301,synthetic_track_0,0.1553439875135895,25.486412380935004
31.819737,320,2616.209677,synthetic_track_0,0.22442251392227486,36.81973682366601
30.925314,314,2616.670877,synthetic_track_0,0.21897085577169054,35.925314001067086
43.842326,378,2617.225303,synthetic_track_0,0.29770222710355676,48.84232629872637
41.482271,374,2617.842456,synthetic_track_0,0.2833172911050065,46.48227093513956
47.102766,399,2618.448857,synthetic_track_0,0.31757515676797715,52.10276584808728
10.601946,191,2618.723741,synthetic_track_0,0.09509649854666107,15.601946472058778
34.467298,343,2620.519427,synthetic_track_0,0.24055984553648496,39.4672978579267
27.891028,300,2620.933287,synthetic_track_0,0.20047637210665223,32.89102831673445
46.828102,400,2621.477789,synthetic_track_0,0.31590103327744035,51.82810184377428
35.413844,339,2621.974221,synthetic_track_0,0.24632920421484672,40.41384401528854
45.225012,392,2622.576265,synthetic_track_0,0.3061299273086688,50.225011565715455
45.755271,393,2623.188483,synthetic_track_0,0.3093619496547871,50.75527125362492
12.026464,196,2624.806615,synthetic_track_0,0.10377917367107226,17.026464036802448
46.46551,394,2625.479401,synthetic_track_0,0.3136909734683041,51.46550978866015
37.803158,354,2626.070957,synthetic_track_0,0.2608924778734316,42.80315823349498
45.192708,398,2626.736148,synthetic_track_0,0.3059330337777145,50.192708353950664
14.618854,222,2627.037905,synthetic_track_0,0.11958022776412965,19.618853913712826
44.7677,402,2627.612423,synthetic_track_0,0.30334253534169714,49.76769987779879
8.348848,172,2627.849528,synthetic_track_0,0.08136348555469602,13.348848441371619
46.822577,403,2629.664412,synthetic_track_0,0.3158673573685038,51.822576827221035
46.986725,399,2630.18056,synthetic_track_0,0.3168678671386809,51.986724825492665
13.330797,210,2630.424262,synthetic_track_0,0.11172930132166634,18.330796666775587
9.758673,185,2630.778805,synthetic_track_0,0.08995660670799208,14.758673390876536
46.560405,404,2631.306157,synthetic_track_0,0.3142693763023129,51.560405081267206
8.754805,178,2631.546781,synthetic_track_0,0.08383785786113244,13.754804758028465
44.798467,386,2633.58513,synthetic_track_0,0.30353006468502863,49.798466760084814
23.284555,282,2634.026382,synthetic_track_0,0.17239914230954043,28.284555490994297
45.125012,387,2634.648799,synthetic_track_0,0.30552041042274874,50.125011565996495
12.059054,202,2634.94614,synthetic_track_0,0.10397781470837397,17.05905395208324
14.491177,217,2635.250489,synthetic_track_0,0.11880201368128342,19.491176715814614
45.114463,389,2635.771649,synthetic_track_0,0.30545611321678606,50.114462685847755
45.692708,401,2636.376321,synthetic_track_0,0.30898061804097937,50.692708325255765
44.089618,382,2638.234427,synthetic_track_0,0.2992095120722078,49.089618047196936
34.434329,341,2638.766983,synthetic_track_0,0.24035889560888943,39.434329136030264
50.301979,421,2639.428897,synthetic_track_0,0.3370749023417891,55.301979187284
43.508509,385,2639.975389,synthetic_track_0,0.29566755238659037,48.50850868706547
47.234044,409,2640.553524,synthetic_track_0,0.31837532173594274,52.23404440397323
27.032736,297,2642.245547,synthetic_track_0,0.1952449375639963,32.03273634012136
40.045634,377,2642.736437,synthetic_track_0,0.27456074449316153,45.045633691854974
37.21751,346,2643.330031,synthetic_track_0,0.2573228554458911,42.21751040322686
45.997742,390,2643.868498,synthetic_track_0,0.31083985260551944,50.99774246003753
12.27564,201,2644.382072,synthetic_track_0,0.10529794033635259,17.275639522518404
18.15344,243,2644.716772,synthetic_track_0,0.1411241268626851,23.15343999913184
44.23981,380,2645.231371,synthetic_track_0,0.30012495865129246,49.23981020719429
43.256054,375,2647.239069,synthetic_track_0,0.2941287964171933,48.256053668899746
44.836999,385,2647.786132,synthetic_track_0,0.3037649259372157,49.83699912185401
41.519524,369,2648.275643,synthetic_track_0,0.28354435546855694,46.51952410534002
34.25075,326,2648.731526,synthetic_track_0,0.239239947740452,39.25074966659461
47.331251,400,2649.24539,synthetic_track_0,0.318967815290447,52.33125148166474
36.555713,344,2650.956529,synthetic_track_0,0.25328908701998276,41.555712755326894
45.592708,400,2651.494548,synthetic_track_0,0.30837110112331384,50.592708320328505
45.35741,385,2652.131637,synthetic_track_0,0.30693691935732476,50.35741020224706
13.623552,218,2652.489986,synthetic_track_0,0.11351369707797325,18.623552420145508
0.377045,109,2652.655293,synthetic_track_0,0.03277399780113964,5.377045077194446
14.921505,225,2652.997702,synthetic_track_0,0.1214249396099848,19.921505387902307
38.777761,358,2653.58756,synthetic_track_0,0.2668328487124693,43.777761392089396
7.394337,168,2653.868015,synthetic_track_0,0.07554557746655215,12.39433705601246
45.706221,387,2655.726091,synthetic_track_0,0.30906298094580165,50.7062211427828
8.336484,172,2655.969074,synthetic_track_0,0.08128812149098776,13.336483884254761
34.269697,331,2656.405468,synthetic_track_0,0.23935543535039117,39.26969706777124
13.157319,208,2656.710924,synthetic_track_0,0.11067192714065917,18.157319245155104
45.692708,392,2657.266008,synthetic_track_0,0.30898061804097937,50.692708325255765
10.905167,187,2657.58577,synthetic_track_0,0.09694468053643965,15.905167273201101
7.235515,163,2657.856438,synthetic_track_0,0.07457753265501464,12.235515400504802
44.770844,403,2659.721514,synthetic_track_0,0.30336169812172353,49.77084380710004
45.765531,407,2660.320649,synthetic_track_0,0.3094244849687338,50.76553107008211
20.590547,266,2660.673308,synthetic_track_0,0.15597870406266445,25.59054674734113
8.974082,178,2660.94015,synthetic_track_0,0.08517438824579351,13.9740817644214
29.024465,319,2661.429132,synthetic_track_0,0.20738485966367398,34.02446492812188
48.291774,399,2662.010125,synthetic_track_0,0.32482236378332296,53.2917742516919
30.95646,307,2662.586329,synthetic_track_0,0.21916069613665323,35.956460039645265
37.392561,349,2664.314954,synthetic_track_0,0.25838981607679057,42.39256061964381
47.891605,440,2664.913327,synthetic_track_0,0.3223832662477873,52.891605267858225
45.507346,383,2665.412528,synthetic_track_0,0.3078508011513726,50.507345636783874
29.055695,301,2665.878663,synthetic_track_0,0.20757521253875091,34.05569505134556
11.62772,192,2666.133239,synthetic_track_0,0.10134876210150906,16.627720110444407
45.960405,400,2666.667686,synthetic_track_0,0.31061227491959686,50.960405071929
39.335909,357,2668.434378,synthetic_track_0,0.27023485213141235,44.33590891645977
40.432517,363,2668.97618,synthetic_track_0,0.27691886187409903,45.43251671819653
14.088473,216,2669.268604,synthetic_track_0,0.1163474683783286,19.088473303857192
44.954258,393,2669.802131,synthetic_track_0,0.30447964135617517,49.95425845190062
44.074435,388,2670.336986,synthetic_track_0,0.299116967623501,49.074434801156585
30.065263,304,2670.753263,synthetic_track_0,0.2137286972293265,35.065262598271445
45.911574,402,2672.589637,synthetic_track_0,0.31031463841284634,50.911573527998144
46.66249,395,2673.121459,synthetic_track_0,0.31489160399998345,51.662490472221165
45.777257,396,2673.695606,synthetic_track_0,0.3094959568434702,50.77725705769402
17.292784,239,2674.00984,synthetic_track_0,0.13587828478830796,22.292784260002318
36.166447,337,2674.44451,synthetic_track_0,0.2509164441907699,41.166446620564535
46.160405,389,2676.260578,synthetic_track_0,0.31183130874154436,51.16040507958776
31.808489,317,2676.691072,synthetic_track_0,0.22435395787018933,36.808489218640375
42.36826,371,2677.312209,synthetic_track_0,0.28871754552823803,47.368260237946714
1.787097,119,2677.470005,synthetic_track_0,0.04136850485995292,6.787097404405438
42.552207,378,2678.03542,synthetic_track_0,0.28983873471688876,47.55220742815578
45.074836,386,2678.638685,synthetic_track_0,0.3052145826885284,50.074836133547365
1.670288,118,2678.816485,synthetic_track_0,0.040656534103746665,6.670288375705494
46.532313,393,2680.984091,synthetic_track_0,0.3140981520469995,51.53231328286301
47.703118,407,2681.561424,synthetic_track_0,0.32123440430209205,52.70311796438797
49.734282,420,2682.157675,synthetic_track_0,0.3336146947235586,54.734282428024734
45.45192,421,2682.753541,synthetic_track_0,0.30751297225333923,50.45191995377363
32.719206,318,2683.182459,synthetic_track_0,0.22990493257611128,37.71920634864124
46.017491,400,2683.738498,synthetic_track_0,0.3109602261581873,51.01749147029634
43.900357,381,2685.578622,synthetic_track_0,0.2980559312796393,48.900356549119614
35.688303,343,2686.059533,synthetic_track_0,0.2480020752038506,40.68830252873519
40.953802,359,2686.62775,synthetic_track_0,0.28009618643918005,45.95380244949428
42.232695,365,2687.207775,synthetic_track_0,0.2878912503858736,47.232694651638965
36.742014,346,2687.684565,synthetic_track_0,0.2544246263912475,41.74201429910765
42.796785,404,2689.566041,synthetic_track_0,0.2913294746689187,47.796784729011065
35.360314,339,2690.06449,synthetic_track_0,0.24600293129007617,40.360314255672264
46.239381,413,2690.696079,synthetic_track_0,0.31231267770908344,51.23938057268828
45.192708,390,2691.318515,synthetic_track_0,0.3059330337777145,50.192708353950664
44.389618,396,2691.905378,synthetic_track_0,0.3010380627860539,49.38961805555554
46.728102,403,2693.900469,synthetic_track_0,0.3152915163597748,51.72810183884702
35.175952,333,2694.335328,synthetic_track_0,0.24487921371062288,40.17595224663637
39.331077,362,2694.826737,synthetic_track_0,0.2702053995593971,44.331076798988896
33.868919,326,2695.340062,synthetic_track_0,0.23691262516060232,38.868918969681914
48.615999,395,2695.872957,synthetic_track_0,0.32679856988298533,53.61599924689043
38.545241,350,2696.358874,synthetic_track_0,0.2654155993878536,43.54524128421848
46.460943,390,2698.245363,synthetic_track_0,0.3136631356942447,51.46094260198752
17.77445,234,2698.559526,synthetic_track_0,0.13881412092368103,22.77445034587142
44.434417,379,2699.10422,synthetic_track_0,0.3013111169973861,49.43441652084377
47.123562,390,2699.648662,synthetic_track_0,0.31770191316710267,52.123562055985275
27.415134,307,2700.135599,synthetic_track_0,0.1975757188276328,32.415134483786886
45.910634,397,2700.838382,synthetic_track_0,0.31030891139968153,50.91063392923049
45.876916,388,2702.835983,synthetic_track_0,0.31010339720066993,50.876916373050925
23.001041,275,2703.196962,synthetic_track_0,0.17067107240486945,28.001040802602027
59.478251,461,2703.829247,synthetic_track_0,0.3930058262221277,64.478250594224
48.933025,410,2704.415471,synthetic_track_0,0.32873089551949064,53.93302502184628
37.967383,355,2704.930376,synthetic_track_0,0.26189345464111596,42.96738284941522
48.314785,418,2706.793355,synthetic_track_0,0.32496261629937845,53.314784691419035
6.452002,158,2707.014568,synthetic_track_0,0.06980188859920038,11.45200239984621
14.970138,222,2707.326617,synthetic_track_0,0.12172136401929169,19.970138069838
46.846931,394,2707.894531,synthetic_track_0,0.3160157986418462,51.84693075019745
10.316133,186,2708.166282,synthetic_track_0,0.09335441498527994,15.316132642002925
48.082592,407,2708.761989,synthetic_track_0,0.32354736401759143,53.082592227107995
36.470656,338,2709.381737,synthetic_track_0,0.25277064981963554,41.47065568621753
34.853677,337,2711.322262,synthetic_track_0,0.24291489152637033,39.853676978451304
28.986226,304,2711.837007,synthetic_track_0,0.2071517888296058,33.98622631016114
46.361935,395,2712.49137,synthetic_track_0,0.3130596706025447,51.36193548603319
16.412498,239,2712.827894,synthetic_track_0,0.13051279336615312,21.41249832682808
13.780415,214,2713.113539,synthetic_track_0,0.11446980250873297,18.780415248749428
42.106324,363,2713.610432,synthetic_track_0,0.28712099947988995,47.10632392728137
44.447067,388,2714.158585,synthetic_track_0,0.30138822312368707,49.44706688835047
38.061896,344,2715.913183,synthetic_track_0,0.2624695272474938,43.06189583471001
42.45049,409,2716.478056,synthetic_track_0,0.2892187485763759,47.450489796849375
46.995799,393,2717.061319,synthetic_track_0,0.31692317327158886,51.995798590966615
9.638541,187,2717.39045,synthetic_track_0,0.08922437701955487,14.638540593361977
39.911404,367,2717.949617,synthetic_track_0,0.27374259159232855,44.91140395721871
41.616738,367,2718.448627,synthetic_track_0,0.28413688970280904,46.61673785712845
30.533755,308,2720.270083,synthetic_track_0,0.21658423835208537,35.5337551340317
46.20094,389,2720.812569,synthetic_track_0,0.31207837670805844,51.200940128169194
22.622846,264,2721.153219,synthetic_track_0,0.16836591163711295,27.6228460692767
39.505205,351,2721.652298,synthetic_track_0,0.2712667416496578,44.50520521311411
45.300463,382,2722.153289,synthetic_track_0,0.3065898137644638,50.300462544207775
46.260405,392,2722.712475,synthetic_track_0,0.31244082565920983,51.26040508451502
35.368546,330,2724.501387,synthetic_track_0,0.24605310277770562,40.36854560883859
38.89256,351,2724.998494,synthetic_track_0,0.26753256355668725,43.89255966239413
34.767595,334,2725.47852,synthetic_track_0,0.24239020685270604,39.76759492161087
39.38016,359,2725.934247,synthetic_track_0,0.27050456737791423,44.380159576609536
15.046805,228,2726.227602,synthetic_track_0,0.12218866006549366,20.04680469806165
37.958172,351,2726.762408,synthetic_track_0,0.26183731023257945,42.95817155278413
41.976609,374,2728.517912,synthetic_track_0,0.28633036799010947,46.97660947542249
40.440811,360,2728.994437,synthetic_track_0,0.2769694160781125,45.44081086148266
43.969303,376,2729.573221,synthetic_track_0,0.29847617102862356,48.969302915907946
6.284231,152,2729.809185,synthetic_track_0,0.06877929067707088,11.284230522991304
21.766821,261,2730.156203,synthetic_track_0,0.1631482954451364,26.766821191567644
11.589198,194,2730.436144,synthetic_track_0,0.10111396344650286,16.58919801864183
45.705171,385,2730.951167,synthetic_track_0,0.3090565814838389,50.705171219131365
46.00043,389,2732.752801,synthetic_track_0,0.3108562326543356,51.00042984231496
40.404635,366,2733.260215,synthetic_track_0,0.2767489201308611,45.40463533431923
39.379403,351,2733.747936,synthetic_track_0,0.2704999552326824,44.37940288793931
42.120001,364,2734.257967,synthetic_track_0,0.2872043632822336,47.12000095642283
32.53757,315,2734.676307,synthetic_track_0,0.22879783134489412,37.537570490196615
6.460709,159,2734.889647,synthetic_track_0,0.06985495479256072,11.460708671064785
8.810521,174,2735.120475,synthetic_track_0,0.08417745633773246,13.810520765819293
47.725126,395,2736.966367,synthetic_track_0,0.3213685456522577,52.72512577957527
9.747944,186,2737.219567,synthetic_track_0,0.08989120865909017,14.74794390163205
25.121974,291,2737.639497,synthetic_track_0,0.18359851539914077,30.121973504643076
22.294058,264,2738.015468,synthetic_track_0,0.16636189417522157,27.294058220645674
31.488248,312,2738.512562,synthetic_track_0,0.22240203400701136,36.48824807310657
21.045563,275,2738.939728,synthetic_track_0,0.15875210404417933,26.045562849074596
31.951681,318,2739.412483,synthetic_track_0,0.22522673649013988,36.95168108709539
32.594469,336,2741.16416,synthetic_track_0,0.22914463889952902,37.59446925078415
12.300814,202,2741.459559,synthetic_track_0,0.10545138554643035,17.30081441318856
36.793573,342,2742.004587,synthetic_track_0,0.2547388849064732,41.7935729222733
44.676476,380,2742.531585,synthetic_track_0,0.3027865082042848,49.676475639603915
31.964777,334,2743.04348,synthetic_track_0,0.22530656103022448,36.96477744942828
41.198744,360,2743.574126,synthetic_track_0,0.28158914699441756,46.198744072200626
46.384778,401,2745.422511,synthetic_track_0,0.31319890223368474,51.38477843492682
30.410425,322,2745.898057,synthetic_track_0,0.21583252072834058,35.41042506082175
40.89732,362,2746.349585,synthetic_track_0,0.2797519154854262,45.89731985471487
20.233913,254,2746.687744,synthetic_track_0,0.15380495907881464,25.233912660910594
46.828102,395,2747.262184,synthetic_track_0,0.31590103327744035,51.82810184377428
44.728383,405,2747.86431,synthetic_track_0,0.3031028913536082,49.72838283950973
34.263025,340,2749.61538,synthetic_track_0,0.23931476856295694,39.2630250971894
27.54444,295,2750.009643,synthetic_track_0,0.1983638550209402,32.544439546419035
44.657315,390,2750.576233,synthetic_track_0,0.3026697196904383,49.6573148064562
48.502223,415,2751.147903,synthetic_track_0,0.3261050872597501,53.502223461952255
37.526228,343,2751.62759,synthetic_track_0,0.2592045419817518,42.52622810638485
37.064504,342,2753.403232,synthetic_track_0,0.25639025662826576,42.064504172136694
32.227255,316,2753.844385,synthetic_track_0,0.226906404639571,37.22725477233878
42.962891,370,2754.38562,synthetic_track_0,0.29234191985499847,47.96289090369172
32.630132,322,2754.86971,synthetic_track_0,0.22936201092852443,37.63013225428838
40.708478,361,2755.368672,synthetic_track_0,0.2786008931344973,45.70847810573581
47.194218,395,2755.942401,synthetic_track_0,0.3181325754785377,52.1942183938445
39.728386,355,2757.762008,synthetic_track_0,0.27262706924857627,44.72838649430898
33.84127,322,2758.26556,synthetic_track_0,0.23674410195517284,38.841270317306765
35.422769,339,2758.764096,synthetic_track_0,0.2463836055096349,40.422769329072615
39.190943,356,2759.297894,synthetic_track_0,0.26935126274479615,44.190943386456574
30.679446,319,2759.75555,synthetic_track_0,0.21747225140143153,35.67944642944349
37.714932,373,2760.2889,synthetic_track_0,0.2603547245089003,42.71493207021022
32.221694,317,2762.136521,synthetic_track_0,0.22687251197093317,37.22169419324319
30.844263,309,2762.546243,synthetic_track_0,0.21847683674252172,35.84426308366145
36.540713,338,2763.002424,synthetic_track_0,0.25319766293258084,41.540713320650525
46.107383,408,2763.654233,synthetic_track_0,0.3115081314775287,51.107383207581776
40.598339,358,2764.142463,synthetic_track_0,0.2779295771284783,45.598339072734454
22.143281,262,2764.503165,synthetic_track_0,0.16544287999968896,27.143280745209104
35.526977,337,2766.280165,synthetic_track_0,0.24701876911399193,40.52697704131889
18.584303,249,2766.597903,synthetic_track_0,0.14375031009355513,23.584303078425428
23.276709,276,2766.988752,synthetic_track_0,0.1723513159422435,28.276708888501847
21.635267,262,2767.332495,synthetic_track_0,0.16234644798261097,26.635266598283227
21.697737,262,2767.710011,synthetic_track_0,0.1627272173056981,26.6977372747834
26.909997,291,2768.130009,synthetic_track_0,0.19449682254776474,31.90999732641876
11.455951,194,2768.412212,synthetic_track_0,0.10030179906241096,16.45595078619092
9.410298,177,2768.652199,synthetic_track_0,0.08783320238084069,14.410298412227892
37.111886,347,2770.369469,synthetic_track_0,0.25667905385428047,42.111885505102904
32.807228,330,2770.806562,synthetic_track_0,0.2304414371092969,37.807227623206586
7.386906,164,2771.029985,synthetic_track_0,0.0755002849347098,12.386906165620196
23.788508,281,2771.390512,synthetic_track_0,0.17547081909601306,28.78850818677622
46.016803,404,2771.933241,synthetic_track_0,0.3109560326256789,51.016803461056
46.995799,405,2772.601471,synthetic_track_0,0.31692317327158886,51.995798590966615
46.411748,391,2774.406947,synthetic_track_0,0.31336328763663995,51.41174822137418
43.025684,412,2775.003523,synthetic_track_0,0.29272465137722004,48.02568350714326
47.696124,400,2775.549854,synthetic_track_0,0.3211917719510759,52.69612351486883
46.895799,680,2776.500494,synthetic_track_0,0.316313656632406,51.89579863172843
45.322888,391,2777.13412,synthetic_track_0,0.3067265026227064,50.322888314685336
43.197829,386,2779.003397,synthetic_track_0,0.2937739071405953,48.19782898574517
44.032158,373,2779.614253,synthetic_track_0,0.298859283476481,49.03215801568135
21.677612,261,2779.973503,synthetic_track_0,0.1626045509901863,26.677612103848734
23.799199,271,2780.352584,synthetic_track_0,0.17553597913932847,28.799198627785728
49.849786,428,2780.978711,synthetic_track_0,0.33431870832265226,54.8497859708105
48.202099,407,2781.626121,synthetic_track_0,0.32427578019693504,53.20209936368174
48.739536,404,2783.54155,synthetic_track_0,0.32755154939420866,53.73953635086591
40.644711,364,2784.093398,synthetic_track_0,0.2782122205392105,45.644710783915386
46.737644,397,2784.754645,synthetic_track_0,0.31534967859005264,51.73764418811706
32.920886,320,2785.351498,synthetic_track_0,0.23113420139282892,37.92088555419883
46.774194,392,2786.145387,synthetic_track_0,0.31557245552201946,51.77419394358519
17.508641,245,2788.31644,synthetic_track_0,0.137193970385037,22.508641379538144
31.963836,315,2788.892257,synthetic_track_0,0.22530082243688448,36.963835950766565
45.760405,386,2789.49346,synthetic_track_0,0.30939324139594504,50.76040511320992
41.602603,367,2790.075375,synthetic_track_0,0.2840507349754712,46.60260293665521
48.458025,424,2790.7932,synthetic_track_0,0.3258356887163818,53.458024761500404
20.151537,254,2791.247634,synthetic_track_0,0.1533028683733839,25.151537469079475
40.435034,359,2793.324463,synthetic_track_0,0.2769342046409811,45.43503391947404
46.7992,393,2794.049256,synthetic_track_0,0.3157248722012363,51.79920008899467
46.791819,389,2794.716531,synthetic_track_0,0.315679881474349,51.79181871404015
47.224754,398,2795.503779,synthetic_track_0,0.31831869463184786,52.22475391420275
22.091194,263,2795.956344,synthetic_track_0,0.16512540491313515,27.091194397316976
45.55507,385,2796.58564,synthetic_track_0,0.30814168951884585,50.55507005154175
46.52537,390,2798.727686,synthetic_track_0,0.314055830479619,51.52536982186313
44.257315,382,2799.390062,synthetic_track_0,0.3002316520649054,49.25731479415123
41.258188,364,2800.106209,synthetic_track_0,0.28195146932445675,46.25818825453431
48.359836,391,2800.857603,synthetic_track_0,0.32523721437223296,53.35983644936472
45.692708,389,2801.576524,synthetic_track_0,0.3089806180409793,50.69270832525576
51.098863,408,2803.929162,synthetic_track_0,0.34193204179670883,56.09886267869666
29.356941,301,2804.484508,synthetic_track_0,0.20941135471325545,34.35694054786248
43.175018,376,2805.277991,synthetic_track_0,0.29363487131022314,48.17501816077982
52.553258,497,2806.15651,synthetic_track_0,0.3507968270348237,57.55325802326869
37.061742,344,2806.732454,synthetic_track_0,0.2563734217755324,42.06174217274424
43.964867,373,2807.476993,synthetic_track_0,0.29844913428960107,48.96486715053851
1.662582,118,2809.196041,synthetic_track_0,0.040609561695445426,6.662581877451827
48.083098,398,2809.883653,synthetic_track_0,0.3235504472140211,53.0830980697667
48.335006,393,2810.535353,synthetic_track_0,0.32508587006619394,53.33500624217772
46.628102,390,2811.109266,synthetic_track_0,0.3146819995412457,51.62810185018451
40.942977,361,2811.658622,synthetic_track_0,0.280030201021062,45.94297659389341
38.976328,353,2812.296088,synthetic_track_0,0.26804314777465105,43.976328336949905
45.815794,385,2814.524848,synthetic_track_0,0.30973084684862573,50.815794136800676
39.886334,364,2815.140505,synthetic_track_0,0.2735897848011307,44.88633380833551
46.068531,387,2815.766038,synthetic_track_0,0.31127132097511157,51.06853104331496
46.75526,397,2816.370013,synthetic_track_0,0.31545704859529095,51.75525977964813
27.923644,299,2816.891411,synthetic_track_0,0.20067517199849805,32.92364429438485
42.750444,370,2818.965909,synthetic_track_0,0.29104701932369187,47.7504438726775
38.868399,351,2819.644779,synthetic_track_0,0.2673853027402443,43.86839941032714
34.363363,331,2820.244277,synthetic_track_0,0.23992634491663162,39.36336298217396
12.389971,198,2820.574174,synthetic_track_0,0.10599481278629598,17.389971457216657
43.877609,377,2821.259999,synthetic_track_0,0.29791728308301174,48.87760932103772
45.767706,389,2821.983301,synthetic_track_0,0.30943774090128945,50.76770589621484
48.356299,430,2823.923628,synthetic_track_0,0.32521565580510814,53.35629945677891
45.592374,381,2824.535382,synthetic_track_0,0.30836906409298354,50.59237411624464
47.446298,398,2825.103501,synthetic_track_0,0.31966904096094306,52.44629762472062
37.884459,348,2825.594277,synthetic_track_0,0.26138801910559983,42.8844588901663
26.482005,288,2826.017639,synthetic_track_0,0.1918881356805638,31.48200477688802
43.633264,376,2826.619123,synthetic_track_0,0.29642795635327085,48.63326387959728
43.066217,373,2828.538448,synthetic_track_0,0.29297170809963974,48.06621671096951
32.632663,316,2829.031261,synthetic_track_0,0.22937743925388135,37.632663492662566
37.191589,348,2829.544211,synthetic_track_0,0.25716485707789877,42.191588501603114
48.516985,398,2830.107958,synthetic_track_0,0.32619505950915106,53.51698470175158
30.819882,307,2830.555404,synthetic_track_0,0.21832822917495548,35.8198818777291
20.581393,260,2831.010059,synthetic_track_0,0.1559229128566583,25.581393398658236
45.154851,377,2832.999961,synthetic_track_0,0.3057022863385569,50.15485092229627
33.459407,330,2833.523235,synthetic_track_0,0.23441658172914648,38.45940719369997
42.64311,368,2834.042376,synthetic_track_0,0.29039280116005284,47.64310998629749
37.643421,348,2834.524149,synthetic_track_0,0.25991885051023533,42.64342068020466
43.393694,376,2835.085184,synthetic_track_0,0.294967739097086,48.39369426539752
44.428658,387,2835.701459,synthetic_track_0,0.3012760205525482,49.428658444972534
45.087751,393,2837.590258,synthetic_track_0,0.30529329927583787,50.0877507203138
44.751832,383,2838.15119,synthetic_track_0,0.30324581604644235,49.75183168821828
39.77255,353,2838.682476,synthetic_track_0,0.2728962524095082,44.772549858178564
50.218748,419,2839.448693,synthetic_track_0,0.3365675934135031,55.21874787104335
46.414712,395,2840.079642,synthetic_track_0,0.31338135229319525,51.41471198774749
45.525012,391,2841.919976,synthetic_track_0,0.3079584780225149,50.52501157407406
30.029876,307,2842.432589,synthetic_track_0,0.21351300860147646,35.029875780904064
44.984974,385,2843.005391,synthetic_track_0,0.3046668564868334,49.98497378308451
38.509827,350,2843.749788,synthetic_track_0,0.2651997428386072,43.509826916934145
43.07144,372,2844.291751,synthetic_track_0,0.2930035437933128,48.07143981377749
45.404948,390,2845.085587,synthetic_track_0,0.3072266705533043,50.40494804768802
41.548881,368,2846.98647,synthetic_track_0,0.2837232928767127,46.5488813572532
42.897115,377,2847.518569,synthetic_track_0,0.29194100452715027,47.89711498575036
38.382782,367,2848.036521,synthetic_track_0,0.2644253847080232,43.38278234338818
43.36835,378,2848.578471,synthetic_track_0,0.29481326234013805,48.36835013464704
47.963495,411,2849.217568,synthetic_track_0,0.32282144851390127,52.96349536229279
39.692121,358,2850.993675,synthetic_track_0,0.2724060232171617,44.692120717937634
40.342483,372,2851.566087,synthetic_track_0,0.2763700887078355,45.34248259815851
31.442094,314,2851.984479,synthetic_track_0,0.22212071503241043,36.442093654696045
30.976387,315,2852.418861,synthetic_track_0,0.2192821516404443,35.97638655952607
30.105286,306,2852.863997,synthetic_track_0,0.21397264903056343,35.1052863951812
38.443017,357,2853.417898,synthetic_track_0,0.26479252255577945,43.44301658056937
46.928102,396,2855.350235,synthetic_track_0,0.3165105501633603,51.92810184349323
47.686056,397,2855.965531,synthetic_track_0,0.3211304115050822,52.686056452374146
20.85675,260,2856.360295,synthetic_track_0,0.15760125995333094,25.856750346222118
30.139658,306,2856.793512,synthetic_track_0,0.21418215229496607,35.139658414833725
34.410334,337,2857.274527,synthetic_track_0,0.24021264173256768,39.410334086953
41.159272,361,2857.801354,synthetic_track_0,0.2813485566416823,46.15927176919856
50.008057,401,2859.797027,synthetic_track_0,0.3352833980766981,55.00805718094745
37.662888,349,2860.357193,synthetic_track_0,0.2600375044127694,42.66288755715943
30.656408,310,2860.815665,synthetic_track_0,0.21733182587300165,35.65640760455133
49.818236,399,2861.531497,synthetic_track_0,0.33412640452837444,54.818235771270565
37.505684,357,2862.068539,synthetic_track_0,0.2590793220991812,42.50568398609692
42.682991,370,2862.674726,synthetic_track_0,0.29063588294321513,47.6829910442459
49.502389,407,2864.617599,synthetic_track_0,0.33220126734477196,54.502389365262275
38.54645,361,2865.198542,synthetic_track_0,0.26542296642583035,43.546449952612456
39.232744,355,2865.712515,synthetic_track_0,0.2696060470820857,44.23274441649513
43.173956,371,2866.248494,synthetic_track_0,0.29362839484230074,48.17395560319466
31.507543,319,2866.747612,synthetic_track_0,0.2225196370623725,36.50754254348914
28.191023,296,2868.545509,synthetic_track_0,0.20230488790059425,33.191022595981224
34.29806,330,2869.018578,synthetic_track_0,0.23952831421634263,39.298060328816035
38.98253,357,2869.566062,synthetic_track_0,0.26808094658652165,43.98252977494736
31.589379,317,2870.018623,synthetic_track_0,0.22301844588955294,36.58937929605518
35.056173,340,2870.548546,synthetic_track_0,0.24414913985272652,40.05617314408656
35.22071,334,2871.073358,synthetic_track_0,0.24515201782074125,40.220709679228236
39.229731,353,2872.963209,synthetic_track_0,0.2695876796257168,44.22973097146324
29.758436,312,2873.4124,synthetic_track_0,0.21185853608932137,34.75843580184458
40.549174,364,2873.965184,synthetic_track_0,0.27762990475277216,45.54917351525992
30.758314,322,2874.450302,synthetic_track_0,0.21795296002387443,35.75831358344634
44.22243,395,2875.110105,synthetic_track_0,0.3000190217731416,49.22242974074614
15.56861,222,2875.502666,synthetic_track_0,0.1253691540738716,20.568610422055457
42.348378,375,2876.08854,synthetic_track_0,0.2885963602416955,47.3483780510867
45.797364,390,2878.102313,synthetic_track_0,0.30961851457796474,50.79736441435325
45.492708,387,2878.724497,synthetic_track_0,0.30776158430478473,50.492708331665995
31.290198,316,2879.186603,synthetic_track_0,0.22119488715775817,36.2901982940527
38.18472,349,2879.691633,synthetic_track_0,0.26321816134967624,43.184720011918564
34.767341,336,2880.199958,synthetic_track_0,0.2423886614149681,39.767341370352604
53.242999,439,2882.239482,synthetic_track_0,0.35500091676053064,58.24299932675136
30.691095,317,2882.717933,synthetic_track_0,0.2175432541129851,35.691095444096604
32.527249,324,2883.271508,synthetic_track_0,0.228734920869513,37.52724912311761
33.523369,339,2883.80228,synthetic_track_0,0.23480644117323138,38.52336923511261
35.54625,338,2884.306265,synthetic_track_0,0.24713624177587118,40.5462501187779
40.187723,373,2884.85609,synthetic_track_0,0.2754268028060406,45.18772299741011
38.685673,361,2886.778137,synthetic_track_0,0.26627155370437816,43.685672884046426
50.218771,404,2887.353259,synthetic_track_0,0.33656773341635593,55.21877084052223
32.989149,324,2887.872496,synthetic_track_0,0.23155027980880982,37.9891491945381
39.064956,368,2888.417577,synthetic_track_0,0.2685833459722094,44.06495561020826
35.421044,335,2888.907964,synthetic_track_0,0.2463730901842118,40.42104413890374
45.125012,733,2891.296075,synthetic_track_0,0.3055204104227488,50.1250115659965
40.433475,360,2891.808699,synthetic_track_0,0.27692470301515154,45.433475041283394
16.252467,228,2892.210061,synthetic_track_0,0.12953737608794946,21.252467112271976
27.551681,292,2892.628654,synthetic_track_0,0.19840799276989313,32.551680978091966
33.99316,336,2893.114104,synthetic_track_0,0.2376698928610213,38.99315961268686
38.529871,360,2893.653601,synthetic_track_0,0.2653219149290448,43.52987100314675
14.180145,213,2893.954635,synthetic_track_0,0.11690622180544076,19.180144829035438
19.577288,256,2895.690217,synthetic_track_0,0.14980272304594028,24.577288354992415
30.162129,312,2896.143698,synthetic_track_0,0.21431911709377574,35.162129457324696
34.434382,332,2896.67684,synthetic_track_0,0.2403592175320346,39.43438195214606
38.548619,358,2897.279564,synthetic_track_0,0.26543618489104964,43.5486186316905
43.284044,375,2897.857624,synthetic_track_0,0.29429940064919924,48.28404374357487
27.178732,295,2898.305623,synthetic_track_0,0.1961348039638683,32.17873170430687
35.915465,347,2900.17163,synthetic_track_0,0.24938666715036578,40.915464724665824
39.817555,360,2900.682682,synthetic_track_0,0.27317056388846483,44.81755459627892
40.337021,365,2901.246535,synthetic_track_0,0.2763368013454421,45.337021328246415
29.286125,302,2901.686505,synthetic_track_0,0.2089797223433112,34.28612505797172
40.956924,364,2902.212229,synthetic_track_0,0.2801152156736464,45.956924468728275
40.852356,367,2902.746419,synthetic_track_0,0.2794778510847733,45.85235565335907
41.781147,373,2904.616589,synthetic_track_0,0.28513899358741057,46.781147392767906
31.41481,327,2905.081662,synthetic_track_0,0.22195441446927053,36.41480965871265
33.532027,333,2905.543344,synthetic_track_0,0.2348592109667424,38.53202687767867
44.336446,379,2906.142321,synthetic_track_0,0.3007139673660629,49.336445546874174
20.51166,251,2906.504699,synthetic_track_0,0.1554978765758814,25.51166009193601
29.461614,306,2906.942479,synthetic_track_0,0.21004935827753402,34.46161419632465
19.022285,269,2908.712592,synthetic_track_0,0.14641988501471492,24.0222851877525
31.311165,314,2909.154553,synthetic_track_0,0.22132268304225153,36.31116504445557
47.663495,419,2909.736771,synthetic_track_0,0.3209928977742884,52.66349534970678
35.945998,346,2910.264173,synthetic_track_0,0.24957277477611917,40.94599835376282
33.579889,323,2910.73246,synthetic_track_0,0.2351509412125083,38.579889414662475
44.663817,380,2911.315351,synthetic_track_0,0.3027093544086325,49.66381745125545
29.892082,324,2913.125353,synthetic_track_0,0.21267313001816923,34.89208163600862
46.273733,391,2913.701436,synthetic_track_0,0.31252205882893286,51.273732552772465
42.458323,372,2914.231406,synthetic_track_0,0.2892664939611353,47.45832311299338
44.224336,385,2914.830615,synthetic_track_0,0.30003063861308094,49.22433565019263
32.649732,326,2915.325508,synthetic_track_0,0.2294814739714067,37.649731882339076
43.596406,378,2915.882568,synthetic_track_0,0.2962033004939478,48.59640585910904
32.397195,324,2917.691471,synthetic_track_0,0.22794221742199422,37.39719473683192
44.142856,386,2918.264214,synthetic_track_0,0.29953400551419257,49.14285585710323
32.413049,318,2918.773324,synthetic_track_0,0.2280388521381738,37.41304905000031
35.775676,336,2919.303305,synthetic_track_0,0.24853462835563211,40.77567552242691
23.940338,281,2919.781348,synthetic_track_0,0.17639625026397648,28.940338461989302
18.643241,244,2920.148624,synthetic_track_0,0.14410954377328328,23.643240523312834
35.238178,335,2922.066152,synthetic_track_0,0.2452584906225357,40.23817807164767
44.241034,383,2922.638833,synthetic_track_0,0.3001324185971011,49.24103411845253
38.455547,355,2923.132949,synthetic_track_0,0.264868899794472,43.455547363594775
38.744075,350,2923.625624,synthetic_track_0,0.26662752746322294,43.74407549209018
18.668306,245,2924.058761,synthetic_track_0,0.14426232195242322,23.668305977976978
37.927214,358,2924.600547,synthetic_track_0,0.2616486197362603,42.927214166672655
30.986225,318,2926.488849,synthetic_track_0,0.219342115708092,35.986224526096706
36.992467,345,2927.010692,synthetic_track_0,0.25595117840715165,41.99246708341562
45.716741,387,2927.573613,synthetic_track_0,0.30912710009688926,50.71674081047185
38.877276,359,2928.118839,synthetic_track_0,0.2674394087640189,43.877276280660425
48.863845,408,2928.769124,synthetic_track_0,0.32830923185877964,53.863845041887316
32.23506,326,2929.338719,synthetic_track_0,0.22695398073931314,37.23506031484424
30.313264,310,2931.24428,synthetic_track_0,0.21524030666147592,35.313263837091846
50.796886,425,2931.888611,synthetic_track_0,0.340091442599497,55.79688594358771
33.594072,326,2932.388129,synthetic_track_0,0.23523738829255927,38.5940722997974
28.969297,303,2932.886073,synthetic_track_0,0.20704860413354528,33.96929737871492
39.872463,362,2933.531663,synthetic_track_0,0.27350524252510766,44.87246343366036
37.342005,356,2934.078587,synthetic_track_0,0.2580816705661246,42.34200492267819
40.241098,371,2935.926476,synthetic_track_0,0.27575213439414525,45.241098317225784
36.707383,348,2936.438538,synthetic_track_0,0.25421354180403943,41.70738284073612
22.569432,274,2936.841692,synthetic_track_0,0.16804034260673156,27.569431793645112
36.450975,340,2937.325399,synthetic_track_0,0.252650690419227,41.450974623585395
39.989029,365,2937.921247,synthetic_track_0,0.2742157270492939,44.98902862465044
30.489333,313,2938.423713,synthetic_track_0,0.21631347493048145,35.48933250570135
17.061918,231,2940.166227,synthetic_track_0,0.13447111754888172,22.06191826301726
17.352477,232,2940.558651,synthetic_track_0,0.13624212265720312,22.352477088253245
37.498649,345,2941.076478,synthetic_track_0,0.25903644435603823,42.49864927647476
38.510792,353,2941.602466,synthetic_track_0,0.2652056270798705,43.51079231122964
31.765853,319,2942.076508,synthetic_track_0,0.2240940839985269,36.76585317738619
36.16822,342,2942.633426,synthetic_track_0,0.2509272514556152,41.16821970758879
30.057565,314,2943.093655,synthetic_track_0,0.2136817771624654,35.05756468738282
26.437679,298,2944.92297,synthetic_track_0,0.1916179631982707,31.437679100639365
40.00742,366,2945.486428,synthetic_track_0,0.27432782364343955,45.00741968098047
37.99319,355,2946.008525,synthetic_track_0,0.2620507560935997,42.99319041203988
34.716562,330,2946.498872,synthetic_track_0,0.2420791553307182,39.71656245174842
41.867329,367,2947.120321,synthetic_track_0,0.2856642866660521,46.86732926718347
43.239756,374,2948.927576,synthetic_track_0,0.2940294574181796,48.23975567929039
26.918269,297,2949.414522,synthetic_track_0,0.19454724042351634,31.91826910309543
45.425012,393,2949.966099,synthetic_track_0,0.30734896106585186,50.425011562748686
19.730346,250,2950.326313,synthetic_track_0,0.1507356356744175,24.73034607126014
37.912451,361,2950.880217,synthetic_track_0,0.26155863578586463,42.912451007157074
29.27771,312,2951.392868,synthetic_track_0,0.20892842864166736,34.2777095894778
37.98169,351,2951.998895,synthetic_track_0,0.2619806597939194,42.98169010727351
39.69118,364,2953.880307,synthetic_track_0,0.2724002924299848,44.6911804999891
29.71169,305,2954.320144,synthetic_track_0,0.21157361246211856,34.71168998840054
29.652436,314,2954.779289,synthetic_track_0,0.21121244698328182,34.652435604122644
44.557315,402,2955.346509,synthetic_track_0,0.30206020280451834,49.557314806737246
31.180771,314,2955.834336,synthetic_track_0,0.2205279096248947,36.18077104988665
37.384309,349,2956.372667,synthetic_track_0,0.2583395214508096,42.38430906386226
46.898906,402,2958.307498,synthetic_track_0,0.31633259385324014,51.89890555480446
47.028102,417,2958.937706,synthetic_track_0,0.31712006696969086,52.02810183015439
41.694916,369,2959.46885,synthetic_track_0,0.2846133965652834,46.69491565205794
35.92113,341,2959.963203,synthetic_track_0,0.24942119902516405,40.921130174713056
37.576756,351,2960.519257,synthetic_track_0,0.2595125177077934,42.57675594774419
39.194233,361,2962.375488,synthetic_track_0,0.2693713141340377,44.1942331048628
28.778788,304,2962.846698,synthetic_track_0,0.20588741578057657,33.778787751085396
37.905577,353,2963.363988,synthetic_track_0,0.26151673631552186,42.90557679723888
34.93921,340,2963.847716,synthetic_track_0,0.24343623066301062,39.93921015189049
29.819025,306,2964.275649,synthetic_track_0,0.21222783840263618,34.81902515068919
29.503399,307,2964.715435,synthetic_track_0,0.2103040428808074,34.503398863565366
34.068202,329,2966.565138,synthetic_track_0,0.23812728769968097,39.068201805600644
37.005369,348,2967.065195,synthetic_track_0,0.2560298156526515,42.00536865301859
32.774557,329,2967.592108,synthetic_track_0,0.23024230635297027,37.77455736248585
31.778922,315,2968.036324,synthetic_track_0,0.22417373872122298,36.77892167873738
30.59074,333,2968.528526,synthetic_track_0,0.21693156791610257,35.5907395377561
45.952611,394,2969.160579,synthetic_track_0,0.3105647671861266,50.95261074589239
31.284809,310,2969.676948,synthetic_track_0,0.22116203810747942,36.284808935538564
44.866356,384,2971.512514,synthetic_track_0,0.30394385912043687,49.86635568060598
33.478524,325,2972.033546,synthetic_track_0,0.23453309995631694,38.478523682436304
36.127862,349,2972.574467,synthetic_track_0,0.2506812636790307,41.127861879680246
39.774865,356,2973.106398,synthetic_track_0,0.27291036393663803,44.77486505689023
29.631898,309,2973.541731,synthetic_track_0,0.21108726783778708,34.63189816733712
43.182204,380,2975.44645,synthetic_track_0,0.2936786710711731,48.1822041406663
31.543583,335,2975.936364,synthetic_track_0,0.2227393081447413,36.543582739720925
38.419246,365,2976.520054,synthetic_track_0,0.2646476370527912,43.41924603279162
21.480462,266,2976.911693,synthetic_track_0,0.16140288814870876,26.4804620550381
17.743186,237,2977.266324,synthetic_track_0,0.13862355750530592,22.743185679995605
27.188716,313,2977.708558,synthetic_track_0,0.1961956599400409,32.188716001281634
45.460054,408,2978.274592,synthetic_track_0,0.3075625525941423,50.46005432081235
17.392433,235,2980.006536,synthetic_track_0,0.13648565778496538,22.39243252389474
41.681382,369,2980.517667,synthetic_track_0,0.2845309092114552,46.681382416884006
31.232593,317,2981.045205,synthetic_track_0,0.22084377061008936,36.23259258126723
39.61442,359,2981.56861,synthetic_track_0,0.2719324240757442,44.61441997641156
45.311102,395,2982.136961,synthetic_track_0,0.3066546655808175,50.3111024161571
49.373983,423,2982.752486,synthetic_track_0,0.33141860944662455,54.37398309563671
29.748282,322,2984.634384,synthetic_track_0,0.21179664743712145,34.74828207953505
28.949522,314,2985.108046,synthetic_track_0,0.2069280719622858,33.949522344797884
35.592202,346,2985.677994,synthetic_track_0,0.2474163235888655,40.592201563057316
30.792095,310,2986.160532,synthetic_track_0,0.21815886472902032,35.79209520776613
43.783792,392,2986.75886,synthetic_track_0,0.297345448947351,48.78379171774187
42.427415,381,2987.333509,synthetic_track_0,0.28907810153733465,47.427414629959834
30.373488,318,2989.25136,synthetic_track_0,0.21560738222461528,35.37348785558703
14.943454,216,2989.553352,synthetic_track_0,0.12155872107546296,19.943454158837547
43.167885,387,2990.189528,synthetic_track_0,0.2935913921465486,48.16788477948117
37.750148,355,2990.69696,synthetic_track_0,0.2605693708481053,42.750147885154824
15.19331,219,2991.006335,synthetic_track_0,0.1230816376044533,20.193310489300252
31.169043,319,2991.472544,synthetic_track_0,0.22045642319812406,36.1690426748045
47.017037,395,2993.382393,synthetic_track_0,0.31705262217640107,52.01703654309537
31.333115,323,2993.845269,synthetic_track_0,0.22145647174695188,36.33311500308918
45.6557,397,2994.479891,synthetic_track_0,0.30875504501388246,50.65569983022081
35.10142,348,2995.060704,synthetic_track_0,0.24442492681979963,40.101419957205074
29.777773,303,2995.531374,synthetic_track_0,0.21197639779557215,34.777772707620635
46.509755,390,2996.129072,synthetic_track_0,0.3139606542272266,51.509754790627156
32.552286,317,2998.007579,synthetic_track_0,0.22888752762221617,37.55228645281258
24.315156,279,2998.462339,synthetic_track_0,0.1786808269926102,29.31515608804485
42.155309,370,2999.080865,synthetic_track_0,0.28741957063127704,47.155308813089306
35.275171,347,2999.672536,synthetic_track_0,0.24548397148948978,40.275171446487484
23.554953,274,3000.09621,synthetic_track_0,0.17404725907420535,28.554952718389455
47.419915,399,3000.722782,synthetic_track_0,0.3195082322557661,52.41991464691644
9.670718,178,3001.026747,synthetic_track_0,0.0894205013913737,14.67071761352305
46.622404,434,3003.246732,synthetic_track_0,0.3146472684962095,51.62240372339903
43.97419,384,3003.890572,synthetic_track_0,0.2985059579095957,48.97418988156493
32.023955,321,3004.412455,synthetic_track_0,0.22566725782383326,37.023954939162735
45.513164,407,3005.099478,synthetic_track_0,0.3078862674017529,50.51316438456591
32.257983,321,3005.666243,synthetic_track_0,0.22709369790255748,37.25798292225335
40.531436,365,3007.735897,synthetic_track_0,0.2775217922167672,45.531436100891504
42.270764,382,3008.444696,synthetic_track_0,0.28812329148077875,47.27076432609971
14.959538,216,3008.791601,synthetic_track_0,0.12165675616535046,19.959538223426502
32.855558,341,3009.350507,synthetic_track_0,0.23073602049800013,37.85555825926939
14.458779,214,3009.678157,synthetic_track_0,0.11860454596485935,19.458779300676387
25.530609,283,3010.140188,synthetic_track_0,0.18608921907614623,30.530609217211733
29.814137,307,3010.76337,synthetic_track_0,0.21219804679343404,34.81413740929816
26.614029,295,3012.741362,synthetic_track_0,0.19269284566177639,31.614029007477853
36.361152,348,3013.4493,synthetic_track_0,0.25210320672054426,41.361152059224814
33.008074,328,3014.028678,synthetic_track_0,0.23166563245706498,38.008074453312
40.023964,373,3014.703403,synthetic_track_0,0.27442866154195283,45.02396358658166
28.008369,295,3015.190314,synthetic_track_0,0.2011915855008052,33.008369346764056
46.205399,398,3015.855723,synthetic_track_0,0.312105554786813,51.20539908235177
29.250193,306,3017.798764,synthetic_track_0,0.20876071215265266,34.25019329051749
36.234532,343,3018.314477,synthetic_track_0,0.2513314382669691,41.23453235938807
41.004798,375,3018.891453,synthetic_track_0,0.28040701422519976,46.0047982122576
41.363016,368,3019.527563,synthetic_track_0,0.2825904108134648,46.36301578301992
33.617503,328,3020.125318,synthetic_track_0,0.23538020389742673,38.617503251058174
14.436947,214,3020.500439,synthetic_track_0,0.11847147252488938,19.436946691495244
41.638512,389,3022.764414,synthetic_track_0,0.28426960925695144,46.63851240625666
37.255742,356,3023.46627,synthetic_track_0,0.2575558827644839,42.25574188184884
22.130206,269,3024.041752,synthetic_track_0,0.16536318438073086,27.130205534238723
30.75276,314,3024.676789,synthetic_track_0,0.2179191087122069,35.75275978955574
34.172634,337,3025.321751,synthetic_track_0,0.23876381869826874,39.17263385851056
33.58915,324,3026.080485,synthetic_track_0,0.23520738645246567,38.58915006700905
40.538857,366,3028.600727,synthetic_track_0,0.2775670234471925,45.53885693390581
33.912933,331,3029.129888,synthetic_track_0,0.23718089745292723,38.91293289247357
29.920233,304,3029.648796,synthetic_track_0,0.21284471521416268,34.920232651915626
35.472318,336,3030.165803,synthetic_track_0,0.24668561558455943,40.47231841968065
32.413757,324,3030.663611,synthetic_track_0,0.22804316700423102,37.41375696575208
16.70428,231,3031.00888,synthetic_track_0,0.13229125275156622,21.70428013328787
39.801127,363,3031.611438,synthetic_track_0,0.2730704334494021,44.80112675956193
44.74659,403,3033.817578,synthetic_track_0,0.3032138691315754,49.74659033797596
35.358312,355,3034.492507,synthetic_track_0,0.24599072659158575,40.35831189958697
49.298889,425,3035.409767,synthetic_track_0,0.33096089744261287,54.29888886719143
33.732584,342,3035.994495,synthetic_track_0,0.2360816413310899,38.732584136903206
30.445369,313,3036.486652,synthetic_track_0,0.21604551248245976,35.44536941731798
30.622727,312,3036.940688,synthetic_track_0,0.2171265350788231,35.62272670114343
17.013832,234,3038.717832,synthetic_track_0,0.13417802495435144,22.013832213151037
46.457323,400,3039.282514,synthetic_track_0,0.31364107637525845,51.457323453866465
47.504182,402,3039.88511,synthetic_track_0,0.32002185695606034,52.50418215626944
29.690194,318,3040.37467,synthetic_track_0,0.2114425914389119,34.690194107668596
21.826506,265,3068.486891,synthetic_track_0,0.16351208277152168,26.826505727593872
32.350823,333,3069.07437,synthetic_track_0,0.22765957405124818,37.35082303221129
35.686165,340,3071.259804,synthetic_track_0,0.2479890463924881,40.686164965096374
37.262679,356,3071.851742,synthetic_track_0,0.25759816498620197,42.26267888762767
18.880484,248,3072.363416,synthetic_track_0,0.1455555805868841,23.88048363223084
42.831548,376,3073.046722,synthetic_track_0,0.2915413625096315,47.8315479726573
46.996202,390,3073.678578,synthetic_track_0,0.3169256335752975,51.99620223912773
41.032664,368,3074.295523,synthetic_track_0,0.2805768636629072,46.03266445208682
47.768225,404,3076.301584,synthetic_track_0,0.321631241815707,52.7682248583341
32.481214,325,3076.849426,synthetic_track_0,0.22845432629786605,37.4812135534164
31.344309,325,3077.348649,synthetic_track_0,0.22152469865456662,36.34430860723684
40.351306,363,3077.90653,synthetic_track_0,0.27642386695245164,45.3513056916129
25.81021,285,3078.319444,synthetic_track_0,0.18779343528597006,30.810210364350077
34.588329,348,3078.856314,synthetic_track_0,0.24129754903727155,39.588328712978374
45.549129,394,3080.880222,synthetic_track_0,0.30810547750189293,50.54912895004191
42.144159,376,3081.502448,synthetic_track_0,0.2873516133009859,47.144159436973574
38.123144,356,3082.067746,synthetic_track_0,0.26284284553687615,43.12314406211058
18.447029,242,3082.421425,synthetic_track_0,0.14291360326136004,23.447029304856272
36.401378,351,3082.973445,synthetic_track_0,0.25234838870405685,41.40137768520619
19.373783,246,3083.339556,synthetic_track_0,0.14856232385536522,24.373783051736254
38.505243,362,3085.530641,synthetic_track_0,0.2651718007713317,43.505242619461434
25.555008,289,3086.039696,synthetic_track_0,0.18623793111435405,30.55500756305336
31.285913,323,3086.584595,synthetic_track_0,0.22116876477029726,36.28591254118991
37.175575,353,3087.183558,synthetic_track_0,0.2570672535743044,42.17557524494448
32.026258,345,3087.746469,synthetic_track_0,0.2256812980807153,37.02625844496658
36.751947,362,3088.353745,synthetic_track_0,0.25448516509928265,41.751946543687495
32.129192,323,3090.306021,synthetic_track_0,0.22630869706124176,37.12919225914897
32.477266,321,3090.859811,synthetic_track_0,0.22843026607527178,37.47726612831917
33.479596,333,3091.366788,synthetic_track_0,0.2345396355536562,38.47959594105159
37.655657,357,3091.906793,synthetic_track_0,0.25999343441796147,42.655657241527145
21.240146,261,3092.295344,synthetic_track_0,0.15993812193711401,26.240146119365996
24.026299,274,3092.761334,synthetic_track_0,0.17692019416668153,29.026298984714064
15.547168,225,3093.109345,synthetic_track_0,0.12523845952834636,20.547168104676395
30.895124,318,3095.041655,synthetic_track_0,0.21878684382918165,35.89512419890697
35.973483,346,3095.596516,synthetic_track_0,0.24974029729204258,40.97348282865144
26.376123,294,3096.072501,synthetic_track_0,0.19124276626849443,31.37612265529897
42.986318,389,3096.713349,synthetic_track_0,0.29248471178800445,47.986317971243615
43.589618,385,3097.331711,synthetic_track_0,0.29616192756220583,48.589618035411064
32.746037,331,3097.816981,synthetic_track_0,0.23006846764147135,37.746036624992584
25.203488,285,3099.657598,synthetic_track_0,0.18409536296854015,30.203488484700287
25.523322,291,3100.141181,synthetic_track_0,0.18604480066329884,30.523321738595698
35.86218,350,3100.650037,synthetic_track_0,0.24906188907664412,40.86218021683489
27.584415,298,3101.114388,synthetic_track_0,0.1986075148998625,32.58441544928016
50.693332,416,3101.72575,synthetic_track_0,0.3394602643240283,55.69333208178746
31.688257,321,3102.198109,synthetic_track_0,0.22362112444970236,36.68825737021156
22.426424,265,3103.933604,synthetic_track_0,0.16716868813627775,27.426424358061368
17.762293,235,3104.261486,synthetic_track_0,0.13874001990462706,22.762293009371398
31.858428,321,3104.739918,synthetic_track_0,0.22465834503450308,36.8584283049052
20.528861,256,3105.096419,synthetic_track_0,0.15560272055586666,25.52886125274263
23.126692,274,3105.496808,synthetic_track_0,0.17143693620593572,28.126691759385263
46.91826,427,3106.317067,synthetic_track_0,0.31645056187925336,51.91825990386463
15.086654,222,3106.628273,synthetic_track_0,0.12243154990837674,20.08665426545039
48.019996,436,3108.692926,synthetic_track_0,0.3231658290931371,53.01999594270709
33.93081,346,3109.171703,synthetic_track_0,0.2372898609933145,38.930809926334014
45.627816,399,3109.730168,synthetic_track_0,0.30858508649150634,50.627815693484884
34.808624,346,3110.293915,synthetic_track_0,0.24264028560130002,39.808623932236834
36.39214,352,3110.860281,synthetic_track_0,0.2522920835285125,41.39214001243834
46.72221,403,3111.753787,synthetic_track_0,0.3152556043715499,51.72220996136937
24.430451,284,3113.590049,synthetic_track_0,0.17938356840423048,29.430450910202985
25.671947,287,3114.132831,synthetic_track_0,0.1869506937487958,30.671946510751706
42.59855,389,3114.779031,synthetic_track_0,0.29012120196887375,47.59855023796405
30.528535,316,3115.284758,synthetic_track_0,0.21655241997006602,35.52853487144916
16.174969,229,3115.61989,synthetic_track_0,0.12906501125567918,21.174968876890073
49.589086,413,3116.264161,synthetic_track_0,0.33272969656585005,54.58908576888945
29.594035,310,3118.156539,synthetic_track_0,0.21085648672541452,34.594035211108164
48.979113,409,3118.787437,synthetic_track_0,0.32901181213173897,53.979113426933665
15.406437,224,3119.105467,synthetic_track_0,0.1243806788501363,20.40643686398163
32.693868,327,3119.711755,synthetic_track_0,0.2297504905124865,37.69386790982873
28.167394,316,3120.185261,synthetic_track_0,0.20216086767924932,33.16739401008523
24.591214,285,3120.634591,synthetic_track_0,0.1803634474832854,29.59121414727426
31.323893,325,3121.110119,synthetic_track_0,0.22140026495000092,36.323893470742604
37.096096,359,3122.95557,synthetic_track_0,0.2565828149312141,42.096096127479576
20.982718,259,3123.313454,synthetic_track_0,0.158369055106512,25.98271816906009
24.395282,283,3123.710653,synthetic_track_0,0.1791692078579299,29.395281983689227
39.968675,366,3124.244364,synthetic_track_0,0.2740916697593678,44.96867524438432
27.484685,297,3124.79975,synthetic_track_0,0.1979996387338749,32.48468463323202
25.166407,280,3125.296645,synthetic_track_0,0.18386934319443177,30.1664066944014
24.710987,280,3127.130473,synthetic_track_0,0.18109348042863657,29.7109865375334
17.378549,238,3127.460605,synthetic_track_0,0.13640103460080244,22.37854887507714
34.844173,344,3128.172774,synthetic_track_0,0.2428569645686843,39.8441732290292
27.000165,293,3128.647721,synthetic_track_0,0.1950464069438545,32.000164540361595
31.287039,323,3129.103539,synthetic_track_0,0.22117563094060746,36.28703903504915
25.213729,291,3129.532532,synthetic_track_0,0.18415778013476045,30.213728917325984
26.385059,300,3129.953668,synthetic_track_0,0.191297232774722,31.38505866795632
25.831975,292,3131.667594,synthetic_track_0,0.1879260918785887,30.831974583735988
18.729232,248,3132.057609,synthetic_track_0,0.14463367502948882,23.72923178407034
30.125549,323,3132.511733,synthetic_track_0,0.21409615335508103,35.125549053529724
23.833643,282,3132.904364,synthetic_track_0,0.17574592378891335,28.833643063017075
29.511466,312,3133.399529,synthetic_track_0,0.21035321072590227,34.511465554758416
30.407395,315,3133.857634,synthetic_track_0,0.21581404992798803,35.407394660725
33.115152,334,3134.389516,synthetic_track_0,0.23231828862629478,38.11515207207402
36.839213,360,3136.209615,synthetic_track_0,0.2550170669210416,41.83921267733385
31.207903,318,3136.689565,synthetic_track_0,0.22069328444041464,36.207903163676335
29.695783,310,3137.106519,synthetic_track_0,0.2114766595189638,34.69578346552613
27.102782,291,3137.590695,synthetic_track_0,0.1956718766206006,32.10278182454793
31.880455,324,3138.065772,synthetic_track_0,0.2247926044794573,36.88045549523878
24.570183,288,3138.467149,synthetic_track_0,0.1802352580707508,29.570182832943924
32.681599,336,3140.29986,synthetic_track_0,0.22967571106041793,37.681599266648234
30.882335,319,3140.738879,synthetic_track_0,0.2187088911581611,35.88233494357998
31.80939,340,3141.194502,synthetic_track_0,0.2243594494019686,36.80939018330447
28.74181,307,3141.612796,synthetic_track_0,0.20566203151593423,33.74181022524233
32.707422,330,3142.081378,synthetic_track_0,0.22983310425179612,37.707421880356186
31.889916,319,3142.541382,synthetic_track_0,0.22485027033427096,36.88991640698441
36.03808,345,3143.046352,synthetic_track_0,0.25013402902155624,41.0380801741069
32.960767,337,3144.831695,synthetic_track_0,0.23137728498872526,37.960766909552305
17.749792,240,3145.171595,synthetic_track_0,0.1386638264597175,22.74979238035594
29.817264,309,3145.606071,synthetic_track_0,0.21221710599256655,34.81726434466603
33.416289,328,3146.09149,synthetic_track_0,0.2341537717857449,38.41628944770573
30.546649,318,3146.682088,synthetic_track_0,0.21666282944298365,35.54664913130936
32.259071,329,3147.391498,synthetic_track_0,0.22710032691690785,37.25907050727107
46.12959,402,3149.32259,synthetic_track_0,0.3116434886509089,51.12959049603048
27.579355,299,3149.741634,synthetic_track_0,0.1985766731682615,32.57935542022653
27.245667,310,3150.175617,synthetic_track_0,0.19654278756122237,32.2456672733833
22.856185,270,3150.561701,synthetic_track_0,0.16978814974970102,27.856184659469204
32.485839,325,3151.027774,synthetic_track_0,0.22848251851486415,37.48583889154404
33.700873,336,3151.528634,synthetic_track_0,0.2358883592755404,38.70087343955074
36.158605,350,3153.315656,synthetic_track_0,0.250868649864961,41.15860527493841
15.369518,222,3153.632544,synthetic_track_0,0.12415565430173982,20.369518354755357
34.169082,333,3154.293593,synthetic_track_0,0.2387421702524693,39.16908212003724
31.066693,316,3154.755687,synthetic_track_0,0.21983258258075195,36.06669266120689
18.240297,238,3155.116649,synthetic_track_0,0.14165353406849376,23.240296855201002
32.527266,340,3155.632991,synthetic_track_0,0.22873502171188786,37.527265667757625
24.048606,281,3156.043551,synthetic_track_0,0.17705615870861696,29.048605920697977
34.52426,337,3157.933494,synthetic_track_0,0.2409070408174458,39.524260230586975
38.218534,358,3158.43965,synthetic_track_0,0.2634242609210762,43.21853360684623
25.763998,287,3158.864523,synthetic_track_0,0.18751176014633408,30.763997511949903
25.165261,284,3159.255393,synthetic_track_0,0.1838623589483054,30.16526082850858
17.02714,234,3159.779098,synthetic_track_0,0.1342591393530996,22.027140195324126
18.223181,241,3160.135265,synthetic_track_0,0.1415492097996922,23.223180960478764
32.396106,349,3160.61182,synthetic_track_0,0.22793557865785036,37.39610555222054
17.932528,245,3160.959187,synthetic_track_0,0.1397776309147715,22.932527998950423
32.229824,322,3162.741661,synthetic_track_0,0.22692206727971176,37.22982445341876
37.786757,358,3163.253703,synthetic_track_0,0.26079251154182087,42.7867573209626
15.472441,225,3163.580574,synthetic_track_0,0.1247829833918652,20.472440702413603
29.308688,310,3164.030586,synthetic_track_0,0.20911724953076657,34.30868836839769
34.536748,336,3164.500521,synthetic_track_0,0.24098315432066836,39.53674774402047
31.528095,319,3164.987741,synthetic_track_0,0.22264490628970232,36.52809475949357
38.57581,363,3167.005711,synthetic_track_0,0.2656019208499449,43.575809996238064
27.292039,298,3167.655563,synthetic_track_0,0.19682543173215472,32.29203910928599
31.031113,319,3168.241557,synthetic_track_0,0.21961572145668737,36.031113478994776
37.184481,350,3168.896586,synthetic_track_0,0.25712153844729313,42.184481458060176
31.508548,323,3169.456858,synthetic_track_0,0.22252576590859638,36.50854806874172
30.915306,323,3170.013387,synthetic_track_0,0.21890985315421885,35.91530564548098
28.207816,310,3171.84801,synthetic_track_0,0.202407245708792,33.20781586459684
35.256892,335,3172.355751,synthetic_track_0,0.24537255473890804,40.25689192825881
37.040012,349,3172.865325,synthetic_track_0,0.2562409708782487,42.040011700632455
30.067656,312,3173.308279,synthetic_track_0,0.2137432847989906,35.067655898598325
31.562592,321,3173.848707,synthetic_track_0,0.22285517055150608,36.562591631700066
37.272289,358,3174.405542,synthetic_track_0,0.2576567391504422,42.27228882058092
40.002231,366,3176.311726,synthetic_track_0,0.274296198979768,45.0022312006753
27.527922,295,3176.740123,synthetic_track_0,0.19826317687044126,32.52792184977409
17.037785,231,3177.060815,synthetic_track_0,0.13432402117521222,22.03778499014918
30.120008,322,3177.520818,synthetic_track_0,0.21406238249375453,35.12000845867309
34.363594,332,3177.986164,synthetic_track_0,0.2399277518579131,39.3635938110993
17.721098,236,3178.347216,synthetic_track_0,0.1384889296086928,22.721098039875255
31.496806,323,3178.878531,synthetic_track_0,0.22245419326570082,36.49680554866594
30.82225,311,3180.687727,synthetic_track_0,0.21834266142919137,35.822249696329166
37.275686,355,3181.226558,synthetic_track_0,0.25767744679580007,42.27568620722894
42.835685,381,3181.770451,synthetic_track_0,0.2915665772665527,47.83568481569362
25.085957,283,3182.162719,synthetic_track_0,0.18337898901291674,30.085957047892133
33.418209,335,3182.648769,synthetic_track_0,0.2341654722252469,38.418209072861224
37.871043,353,3183.214761,synthetic_track_0,0.26130624642627787,42.8710429076101
34.711055,344,3185.050048,synthetic_track_0,0.2420455873682086,39.71105514535697
26.180698,288,3185.535683,synthetic_track_0,0.19005162124414915,31.180698205457894
48.459289,407,3186.140775,synthetic_track_0,0.3258433941265971,53.4592889447202
18.609614,240,3186.511565,synthetic_track_0,0.14390458568130746,23.609614204479936
42.214904,375,3187.054752,synthetic_track_0,0.2877828106381719,47.21490355349191
35.661979,343,3187.607865,synthetic_track_0,0.24784162997595405,40.661979184599545
14.263267,214,3187.957626,synthetic_track_0,0.11741286805504161,19.263267423319636
35.542248,345,3189.892389,synthetic_track_0,0.24711184913769094,40.542248156129254
32.893663,324,3190.418507,synthetic_track_0,0.2309682742130791,37.89366281712355
31.24193,324,3190.854597,synthetic_track_0,0.22090068396420084,36.24193003446438
32.790793,329,3191.468764,synthetic_track_0,0.23034126428036997,37.79079283182354
27.626412,302,3191.939878,synthetic_track_0,0.1988634911435233,32.62641202867845
20.091207,255,3192.348818,synthetic_track_0,0.15293514405792005,25.091207013447338
12.822222,205,3192.658731,synthetic_track_0,0.10862945568513728,17.82222246654843
33.293303,332,3194.465579,synthetic_track_0,0.2334041488688321,38.29330304123816
31.046052,314,3194.926519,synthetic_track_0,0.2197067744505832,36.04605203045139
32.054809,318,3195.401729,synthetic_track_0,0.22585531736919867,37.0548088087078
31.812956,323,3195.865715,synthetic_track_0,0.22438118101362475,36.812955566331105
49.680324,411,3196.491286,synthetic_track_0,0.33328581120724454,54.68032436336943
15.901758,225,3196.820274,synthetic_track_0,0.12739974406115775,20.90175787514272
35.80763,352,3198.699522,synthetic_track_0,0.24872939591445606,40.80762993792806
48.433781,410,3199.413487,synthetic_track_0,0.325687917114675,53.4337807077744
37.849856,357,3199.920865,synthetic_track_0,0.26117710980946496,42.84985619081306
25.011494,283,3200.323651,synthetic_track_0,0.18292512278768613,30.0114937746934
18.833768,244,3200.704438,synthetic_track_0,0.14527083915577438,23.833767710672788
32.327835,323,3201.247779,synthetic_track_0,0.22751945546189778,37.327834565083734
45.699692,406,3203.148521,synthetic_track_0,0.30902318280508245,50.699691686171064
29.910396,315,3203.650055,synthetic_track_0,0.2127847583449074,34.91039586634466
36.605808,356,3204.184495,synthetic_track_0,0.2535944268129964,41.60580813401268
37.460975,359,3204.715725,synthetic_track_0,0.25880681314340304,42.460974977813905
50.239109,422,3205.306511,synthetic_track_0,0.33669169679679345,55.23910881358791
25.639687,286,3205.828679,synthetic_track_0,0.18675406859017163,30.639687329322335
23.330032,277,3207.546777,synthetic_track_0,0.17267632862885696,28.330031887947452
17.809433,237,3207.925092,synthetic_track_0,0.139027344650581,22.80943276083419
32.12597,327,3208.43347,synthetic_track_0,0.22628905921813408,37.12597038892583
34.824061,339,3208.942537,synthetic_track_0,0.24273437810840665,39.82406115949267
25.187966,285,3209.356632,synthetic_track_0,0.18400075284016584,30.18796633424081
39.020906,369,3209.868767,synthetic_track_0,0.2683148547531363,44.02090576933909
28.481573,299,3210.331842,synthetic_track_0,0.20407584397829295,33.48157337703932
37.421061,360,3212.219584,synthetic_track_0,0.2585635291287227,42.42106074088028
27.502732,295,3212.698377,synthetic_track_0,0.1981096427932924,32.50273237918451
35.820948,349,3213.211869,synthetic_track_0,0.24881057084075434,40.82094785051511
47.418578,405,3213.783475,synthetic_track_0,0.3195000840581293,52.41857781806032
33.274469,330,3214.272568,synthetic_track_0,0.2332893529576373,38.274469123175514
31.20443,315,3214.791884,synthetic_track_0,0.2206721134419559,36.20442975729691
29.907254,317,3216.622633,synthetic_track_0,0.21276560689077817,34.90725379521951
34.723238,344,3217.199674,synthetic_track_0,0.24211984332939904,39.72323790233993
35.549881,347,3217.72763,synthetic_track_0,0.24715837045292105,40.549880646085484
36.11448,350,3218.261506,synthetic_track_0,0.2505996964468133,41.11447960367241
30.429609,321,3218.763836,synthetic_track_0,0.2159494474452038,35.42960856815939
47.285245,410,3219.490101,synthetic_track_0,0.3186873980296324,52.28524500235231
29.91744,308,3221.309705,synthetic_track_0,0.2128276942738674,34.91744012218583
37.047301,358,3221.897008,synthetic_track_0,0.25628540198987665,42.04730126266583
19.021215,248,3222.266389,synthetic_track_0,0.14641336208786954,24.021215007913725
29.837554,317,3222.761879,synthetic_track_0,0.2123407736330227,34.83755379734
33.999759,341,3223.275747,synthetic_track_0,0.23771011498027178,38.99975862906632
32.976386,328,3223.800365,synthetic_track_0,0.23147248722424582,37.97638620369365
34.594008,345,3225.679498,synthetic_track_0,0.24133216673886754,39.59400824414451
30.026206,312,3226.19432,synthetic_track_0,0.21349064104311516,35.026206061686246
35.089535,339,3226.735107,synthetic_track_0,0.24435248438313573,40.08953473496862
33.390597,332,3227.219799,synthetic_track_0,0.2339971711139647,38.39059685822091
32.441375,323,3227.67685,synthetic_track_0,0.22821150484519095,37.44137520642358
32.927,326,3228.150147,synthetic_track_0,0.2311714714818918,37.92700024762556
45.538937,394,3230.158828,synthetic_track_0,0.30804335887440254,50.53893749698281
42.833813,385,3230.805651,synthetic_track_0,0.2915551662239859,47.83381267026199
31.833549,335,3231.310798,synthetic_track_0,0.22450670019640132,36.833548791116726
47.399478,405,3231.89248,synthetic_track_0,0.31938366599957724,52.399477763424564
17.760842,236,3232.270807,synthetic_track_0,0.13873117691365497,22.760842189689203
37.736742,358,3232.79673,synthetic_track_0,0.2604876619256316,42.73674236282533
36.105209,351,3234.779651,synthetic_track_0,0.2505431914277908,41.10520914371158
42.472603,372,3235.362865,synthetic_track_0,0.2893535311853411,47.472602819753234
46.238595,396,3235.940586,synthetic_track_0,0.3123078879200159,51.23859473899528
30.413468,312,3236.398584,synthetic_track_0,0.2158510652342131,35.413467553367695
34.286677,346,3236.887886,synthetic_track_0,0.23945892842358985,39.286676592916244
27.961137,300,3237.336692,synthetic_track_0,0.20090369608757336,32.96113695352392
37.030935,352,3239.306469,synthetic_track_0,0.25618564887915474,42.03093533208279
30.113062,326,3239.863266,synthetic_track_0,0.21402004335718247,35.113062115194985
47.022522,405,3240.519538,synthetic_track_0,0.3170860552644482,52.02252172139404
46.678881,407,3241.192807,synthetic_track_0,0.314991505261516,51.6788807090726
41.92075,372,3241.754613,synthetic_track_0,0.285989896845441,46.92075029390078
32.819745,334,3242.388621,synthetic_track_0,0.23051773123417074,37.81974477021627
37.405136,361,3244.242702,synthetic_track_0,0.258466463196637,42.40513568054887
25.273874,285,3244.717893,synthetic_track_0,0.184524373176811,30.27387377130602
45.860405,400,3245.286345,synthetic_track_0,0.31000275803512795,50.86040507244811
31.567063,320,3245.82154,synthetic_track_0,0.22288242599220925,36.56706327822146
18.769886,243,3246.176542,synthetic_track_0,0.14488146771701998,23.769885733543905
28.113365,298,3246.619452,synthetic_track_0,0.2018315518452495,33.11336501750413
25.543671,284,3248.372778,synthetic_track_0,0.18616883189890168,30.54367084427585
37.579482,359,3248.922812,synthetic_track_0,0.25952913501142416,42.57948225508168
9.545151,177,3249.20476,synthetic_track_0,0.08865514874505238,14.54515051901752
31.676359,319,3249.674512,synthetic_track_0,0.22354860026541068,36.676358736102614
35.803465,342,3250.180686,synthetic_track_0,0.24870401004456538,40.803465021351386
30.947039,329,3250.651745,synthetic_track_0,0.21910327070935603,35.947038573487006
45.701683,407,3251.310344,synthetic_track_0,0.3090353200167807,50.70168297007878
43.172412,383,3253.222543,synthetic_track_0,0.29361898748046045,48.172412190365385
34.489858,344,3253.776739,synthetic_track_0,0.24069735101436765,39.48985760658546
30.302589,316,3254.227624,synthetic_track_0,0.2151752444127838,35.30258944069492
45.760405,403,3254.818813,synthetic_track_0,0.30939324139594504,50.76040511320992
37.295511,356,3255.381624,synthetic_track_0,0.2577982842922949,42.295511334136265
8.678121,171,3255.625006,synthetic_track_0,0.08337045947332966,13.678121339195252
46.911919,403,3257.788749,synthetic_track_0,0.31641191322188295,51.91191903650647
39.716083,359,3258.357832,synthetic_track_0,0.272552079844247,44.71608340544454
32.2806,326,3258.932819,synthetic_track_0,0.22723155412248042,37.28060021518157
49.99754,417,3259.544427,synthetic_track_0,0.33521929377679077,54.997539949807845
33.479392,325,3260.050036,synthetic_track_0,0.23453839416732306,38.479392273793415
45.492708,402,3262.363594,synthetic_track_0,0.30776158430478473,50.492708331665995
44.148278,390,3263.015783,synthetic_track_0,0.2995670554565971,49.14827817485604
42.450072,378,3263.532711,synthetic_track_0,0.28921620464329517,47.45007242808858
40.095652,375,3264.055626,synthetic_track_0,0.27486561550282423,45.09565215989884
45.525012,396,3264.617301,synthetic_track_0,0.3079584780225149,50.52501157407406
29.506776,309,3265.085591,synthetic_track_0,0.21032462756849593,34.50677607724167
43.898472,384,3266.970855,synthetic_track_0,0.2980444424994485,48.89847164971422
30.137429,308,3267.483628,synthetic_track_0,0.214168561266278,35.13742861136743
44.783139,387,3268.055769,synthetic_track_0,0.30343663795913745,49.78313876380008
34.874615,338,3268.555596,synthetic_track_0,0.24304251009893468,39.874614638285465
31.260842,317,3269.031761,synthetic_track_0,0.22101595607863847,36.260842080508795
33.272075,325,3269.557915,synthetic_track_0,0.2332747615775144,38.27207519768814
42.573439,387,3271.386346,synthetic_track_0,0.28996814292257217,47.5734387030079
46.25038,392,3272.00169,synthetic_track_0,0.312379722451385,51.25038022563669
34.679401,350,3272.51558,synthetic_track_0,0.24185264957163527,39.67940092863419
39.765325,371,3273.152745,synthetic_track_0,0.2728522142532539,44.765324766118304
8.634945,171,3273.419557,synthetic_track_0,0.0831072922719587,13.634944979899789
50.451421,414,3274.177389,synthetic_track_0,0.33798577302966304,55.45142060660401
33.202387,328,3276.056461,synthetic_track_0,0.23285000215604623,38.20238731371208
33.605232,329,3276.650102,synthetic_track_0,0.2353054109686091,38.605232396823425
49.734282,406,3277.354476,synthetic_track_0,0.3336146947235586,54.73428242802474
47.843823,406,3277.940405,synthetic_track_0,0.3220920232430904,52.8438226697701
25.684629,292,3278.368489,synthetic_track_0,0.18702799264650968,30.684628505177496
38.587365,356,3278.923783,synthetic_track_0,0.265672347988884,43.58736457993675
45.653757,393,3280.800727,synthetic_track_0,0.3087432053058503,50.653757356062606
28.775513,301,3281.251518,synthetic_track_0,0.20586745474387916,33.77551285631178
45.64237,395,3281.804726,synthetic_track_0,0.30867379780909254,50.64237005930906
46.540875,396,3282.373469,synthetic_track_0,0.31415033867430964,51.54087524863771
38.368895,351,3282.879747,synthetic_track_0,0.26434073818670706,43.3688948657754
46.46094,395,3284.825634,synthetic_track_0,0.31366311706049416,51.4609395448531
46.759143,400,3285.38671,synthetic_track_0,0.3154807203140164,51.75914346510554
46.307554,396,3286.007955,synthetic_track_0,0.312728204139949,51.30755365194113
30.065109,306,3286.44358,synthetic_track_0,0.21372775817391107,35.06510853274275
49.283169,407,3287.053641,synthetic_track_0,0.33086508105361256,54.28316881235055
17.174022,235,3287.406776,synthetic_track_0,0.13515441166723385,22.174022477390324
40.71396,368,3289.303631,synthetic_track_0,0.278634306005367,45.71395996711613
31.301529,314,3289.759568,synthetic_track_0,0.2212639511098628,36.30152922737152
35.19937,331,3290.284365,synthetic_track_0,0.24502195036128616,40.19937024432591
50.56656,408,3290.895651,synthetic_track_0,0.3386875647969105,55.566559625962896
36.341888,353,3291.413776,synthetic_track_0,0.2519857879543353,41.341887824124626
46.4444,393,3291.999445,synthetic_track_0,0.3135623070691204,51.444400217818995
43.733777,376,3293.966507,synthetic_track_0,0.2970405978555675,48.733776517512176
46.594124,420,3294.676544,synthetic_track_0,0.31447489737276535,51.59412376480534
36.504299,346,3295.209244,synthetic_track_0,0.25297570961043586,41.504298690203306
20.579553,252,3295.594651,synthetic_track_0,0.15591169803518137,25.579553446114762
46.769673,401,3296.209678,synthetic_track_0,0.3155448990732402,51.76967291236548
50.261613,405,3298.175874,synthetic_track_0,0.3368288630352277,55.2616129051426
42.749662,373,3298.797737,synthetic_track_0,0.29104225242628645,47.74966179469047
49.174455,399,3299.462624,synthetic_track_0,0.3302024502365639,54.17445470934647
39.456174,362,3299.992531,synthetic_track_0,0.2709678873208333,44.456173867980254
33.532441,322,3300.465686,synthetic_track_0,0.23486173484102943,38.532440955506246
44.825012,388,3301.011656,synthetic_track_0,0.3036918596831359,49.825011553410484
23.831447,280,3302.728693,synthetic_track_0,0.17573254069957459,28.831447374987704
35.781452,336,3303.227635,synthetic_track_0,0.24856983975787653,40.78145245871183
34.680416,328,3303.764352,synthetic_track_0,0.24185883548738,39.68041581696136
39.553802,356,3304.27073,synthetic_track_0,0.27156294733867953,44.55380201084551
25.441397,287,3304.703516,synthetic_track_0,0.1855454538422791,30.441396720413035
50.134282,419,3305.301723,synthetic_track_0,0.33605276206915785,55.134282394402575
46.636945,399,3307.198745,synthetic_track_0,0.31473589777581773,51.63694462971459
38.734226,357,3307.725781,synthetic_track_0,0.2665674933295927,43.73422603018874
33.50377,326,3308.24157,synthetic_track_0,0.2346869799872508,38.503769911713306
25.483739,286,3308.65468,synthetic_track_0,0.18580353948802367,30.48373937752083
38.127294,350,3309.234743,synthetic_track_0,0.2628681381494228,43.1272936784805
29.726764,306,3309.716869,synthetic_track_0,0.21166549070131593,34.726763933202
39.075675,359,3311.620833,synthetic_track_0,0.2686486807711572,44.07567472238931
40.084627,375,3312.280787,synthetic_track_0,0.2747984158466222,45.0846270911
39.525544,360,3312.896239,synthetic_track_0,0.2713907119794293,44.525544326317835
46.770702,396,3313.452905,synthetic_track_0,0.31555117043158193,51.770701818777916
35.482439,334,3313.947832,synthetic_track_0,0.2467473030405521,40.48243913286256
36.392109,349,3315.915905,synthetic_track_0,0.25229189701977023,41.39210941300032
40.175635,361,3316.469952,synthetic_track_0,0.27535312586398786,45.17563523683323
32.201931,318,3316.92855,synthetic_track_0,0.22675205098086068,37.201930837622264
41.677854,371,3317.509629,synthetic_track_0,0.284509402263637,46.67785389318687
42.956546,377,3318.078577,synthetic_track_0,0.2923032469093773,47.95654605149717
9.084632,174,3318.32356,synthetic_track_0,0.08584820835024362,14.084631630737134
24.984065,283,3318.721683,synthetic_track_0,0.18275794118318409,29.98406523122001
33.535117,326,3320.60485,synthetic_track_0,0.2348780457032399,38.53511698672727
30.427326,319,3321.081633,synthetic_track_0,0.2159355333402753,35.42732575939546
32.103221,317,3321.527798,synthetic_track_0,0.2261503971913292,37.103220891804696
46.568217,396,3322.126519,synthetic_track_0,0.3143169883136974,51.568216515593406
40.640606,363,3322.669551,synthetic_track_0,0.2781871983709634,45.64060553781723
45.073398,393,3323.25553,synthetic_track_0,0.30520581575715444,50.07339779253469
41.112826,367,3325.165854,synthetic_track_0,0.2810654597454227,46.11282565720337
38.85861,360,3325.698789,synthetic_track_0,0.2673256369544908,43.85861038118552
34.688101,331,3326.198607,synthetic_track_0,0.24190567736067398,39.68810089907219
41.375398,369,3326.786222,synthetic_track_0,0.28266588432793466,46.375398297106265
39.808619,358,3327.312632,synthetic_track_0,0.2731161002727567,44.80861905785279
43.883462,380,3329.263894,synthetic_track_0,0.2979529590762005,48.88346248014006
47.982947,411,3329.922911,synthetic_track_0,0.32294000952937235,52.98294699979072
39.282711,358,3330.46631,synthetic_track_0,0.26991059927172656,44.282710577535155
33.123486,321,3331.033978,synthetic_track_0,0.23236908680584709,38.12348624305156
44.187917,383,3331.684033,synthetic_track_0,0.29980865810401075,49.18791655933984
47.495799,402,3332.289366,synthetic_track_0,0.3199707577815908,52.49579860275249
35.399993,341,3334.153537,synthetic_track_0,0.2462447828196399,40.39999347284752
46.572382,401,3334.73477,synthetic_track_0,0.314342380006436,51.57238238749191
32.907756,324,3335.188886,synthetic_track_0,0.2310541734260105,37.90775581678841
38.708223,355,3335.776848,synthetic_track_0,0.2664089978523957,43.70822257065991
44.46807,394,3336.360615,synthetic_track_0,0.30151624009680855,49.46806991151831
48.455035,409,3338.315516,synthetic_track_0,0.3258174669171856,53.4550352136198
39.009768,361,3338.810142,synthetic_track_0,0.2682469678657086,44.00976795038688
31.192774,316,3339.278606,synthetic_track_0,0.22060106831930948,36.192773784494854
36.995945,355,3339.794824,synthetic_track_0,0.2559723754137937,41.99594475681108
40.634009,364,3340.336468,synthetic_track_0,0.278146988736355,45.634008569722624
49.885197,418,3340.943782,synthetic_track_0,0.3345345417018629,54.88519653671768
37.37861,354,3342.832457,synthetic_track_0,0.2583047856023165,42.3786101490007
44.557315,390,3343.393925,synthetic_track_0,0.3020602028045183,49.55731480673724
45.753232,393,3343.963901,synthetic_track_0,0.30934951968381175,50.753231938352855
31.874595,321,3344.415462,synthetic_track_0,0.2247568867230892,36.87459548428702
42.461479,373,3345.008547,synthetic_track_0,0.2892857304571342,47.46147913645872
46.121509,395,3345.57167,synthetic_track_0,0.31159422802055,51.121508582082164
30.471383,318,3347.399448,synthetic_track_0,0.21620406860640695,35.47138282681725
26.288363,294,3347.828532,synthetic_track_0,0.19070785470615095,31.288362730480358
50.171159,414,3348.439445,synthetic_track_0,0.33627752988536963,55.171158783026456
26.151284,288,3348.893817,synthetic_track_0,0.18987233882354324,31.1512843492968
47.830515,404,3349.535552,synthetic_track_0,0.3220109137363501,52.83051549020117
48.757478,407,3351.416597,synthetic_track_0,0.3276609047749431,53.75747767176337
31.729783,315,3351.873775,synthetic_track_0,0.2238742299405238,36.729782961373495
26.234908,288,3352.315819,synthetic_track_0,0.19038204201496636,31.234908478794267
38.902879,355,3352.851632,synthetic_track_0,0.2675954641455947,43.902879407455124
37.927547,357,3353.371137,synthetic_track_0,0.26165064924462816,42.92754713667055
30.979775,317,3353.894768,synthetic_track_0,0.2193028065588269,35.97977529555647
35.882114,343,3354.370061,synthetic_track_0,0.2491833895903998,40.88211412124688
36.203798,348,3356.419987,synthetic_track_0,0.25114410860010994,41.20379823689532
41.532254,367,3356.975376,synthetic_track_0,0.2836219453169735,46.532253834407555
46.115992,391,3357.556892,synthetic_track_0,0.3115606045538855,51.11599216943689
1.357758,115,3357.735783,synthetic_track_0,0.03875160588992883,6.357757541454877
1.607503,121,3357.90987,synthetic_track_0,0.04027384622943248,6.607502933320081
31.565026,319,3358.470429,synthetic_track_0,0.22287000557726674,36.565025530753836
32.495018,327,3358.960822,synthetic_track_0,0.22853846948174614,37.495018451293284
24.94509,283,3360.834885,synthetic_track_0,0.1825203775276401,29.94508950136509
45.760405,392,3361.488765,synthetic_track_0,0.3093932413959451,50.76040511320993
31.968896,320,3362.012855,synthetic_track_0,0.2253316620907825,36.96889563894318
30.519484,315,3362.490252,synthetic_track_0,0.2164972512583732,35.51948365189936
38.208538,353,3363.11771,synthetic_track_0,0.26336333410597534,43.208537687727826
30.902714,317,3363.631932,synthetic_track_0,0.21883310200449668,35.90271351698061
30.11593,312,3365.458699,synthetic_track_0,0.21403752268366857,35.115929849763255
29.829956,311,3365.912809,synthetic_track_0,0.2122944651863845,34.829956231533735
31.845464,323,3366.385253,synthetic_track_0,0.22457932265687763,36.845463548845316
30.66979,315,3366.827761,synthetic_track_0,0.21741339679159585,35.66979048536223
39.136278,354,3367.323888,synthetic_track_0,0.26901806946410545,44.136278243053475
25.644819,285,3367.805595,synthetic_track_0,0.1867853460728962,30.644818849606548
23.363365,274,3368.202793,synthetic_track_0,0.172879499181371,28.363364935256943
44.631902,394,3370.195591,synthetic_track_0,0.3025148244195537,49.63190201248323
27.294496,298,3370.613717,synthetic_track_0,0.19684040757144833,32.29449611082236
40.324183,365,3371.131551,synthetic_track_0,0.27625854724967536,45.3241826198604
29.917846,306,3371.579813,synthetic_track_0,0.21283017108613778,34.917846478813615
30.967178,320,3372.110221,synthetic_track_0,0.21922602454496404,35.96717810335052
34.107448,329,3372.619429,synthetic_track_0,0.2383665002016596,39.1074480523958
27.442268,301,3374.438076,synthetic_track_0,0.1977411003640583,32.44226770023766
26.537709,292,3374.886685,synthetic_track_0,0.19222766000758615,31.53770861937561
28.214994,307,3375.339728,synthetic_track_0,0.20245100060306725,33.2149944834609
28.747089,305,3375.78255,synthetic_track_0,0.20569420748019931,33.74708915432829
40.976767,374,3376.302803,synthetic_track_0,0.2802361566514838,45.976766573236176
31.58083,323,3376.813323,synthetic_track_0,0.22296633950088726,36.580830494582585
36.706238,351,3378.596903,synthetic_track_0,0.25420656234443084,41.70623776014029
47.028102,411,3379.369909,synthetic_track_0,0.31712006696969086,52.02810183015439
34.442979,336,3379.890038,synthetic_track_0,0.24041161708556139,39.44297885152489
29.640251,306,3380.390492,synthetic_track_0,0.2111381819769472,34.640251363153865
36.450283,344,3380.925818,synthetic_track_0,0.25264647272530405,41.45028265031795
29.431726,307,3381.405933,synthetic_track_0,0.2098671834063832,34.43172579210697
47.359033,397,3383.373796,synthetic_track_0,0.3191371463839525,52.35903267968258
46.447949,406,3384.048309,synthetic_track_0,0.31358393504899046,51.44794859856264
15.618563,222,3384.397665,synthetic_track_0,0.12567362295664974,20.618562915408102
40.815333,366,3384.948534,synthetic_track_0,0.2792521939195344,45.81533335425342
1.582098,117,3385.127738,synthetic_track_0,0.04011899697910313,6.5820976896802055
42.448174,387,3385.740242,synthetic_track_0,0.2892046332435427,47.44817397375741
47.675139,401,3387.656921,synthetic_track_0,0.32106386932656744,52.675139252233365
42.599806,386,3388.250028,synthetic_track_0,0.29012885527621807,47.5998058729595
43.842517,383,3388.83597,synthetic_track_0,0.29770339084283665,48.84251722687021
16.270285,228,3389.16872,synthetic_track_0,0.12964597931414112,21.27028503141338
31.330037,314,3389.688501,synthetic_track_0,0.2214377106962888,36.33003698326008
46.928102,400,3390.266887,synthetic_track_0,0.3165105501633603,51.92810184349323
28.232656,305,3392.216847,synthetic_track_0,0.20255864956593408,33.232655841997634
28.516893,303,3392.681979,synthetic_track_0,0.20429112274934,33.51689295151133
38.049653,356,3393.307855,synthetic_track_0,0.2623949033262948,43.04965270860258
44.557315,386,3393.922596,synthetic_track_0,0.3020602028045183,49.55731480673724
32.884042,328,3394.413752,synthetic_track_0,0.2309096337528421,37.88404200735981
43.32593,381,3394.983311,synthetic_track_0,0.29455470743533646,48.325930488850894
44.271402,389,3397.024959,synthetic_track_0,0.30031751822228464,49.27140237057798
41.572198,378,3397.640378,synthetic_track_0,0.28386541112074287,46.57219789645231
43.336448,377,3398.16586,synthetic_track_0,0.2946188131708827,48.33644795552769
45.611383,391,3398.72457,synthetic_track_0,0.3084849291442752,50.611383442096404
32.21814,319,3399.17663,synthetic_track_0,0.22685084752700624,37.21813983004727
42.568258,375,3399.765983,synthetic_track_0,0.2899365669944206,47.56825821846478
45.292708,400,3401.714559,synthetic_track_0,0.3065425504168974,50.29270831318885
45.3252,404,3402.370316,synthetic_track_0,0.3067405916588453,50.32519982342689
14.421723,215,3402.682742,synthetic_track_0,0.11837868190328396,19.421723057255058
32.3257,321,3403.129159,synthetic_track_0,0.22750644210359838,37.32569953674187
46.060405,400,3403.710636,synthetic_track_0,0.3112217919230152,51.060405090925244
24.486011,282,3404.104605,synthetic_track_0,0.17972221476609607,29.48601070989626
47.873247,399,3406.018843,synthetic_track_0,0.32227136647058735,52.87324650217504
44.203979,391,3406.690267,synthetic_track_0,0.29990656374516167,49.20397938600427
46.791792,404,3407.474944,synthetic_track_0,0.31567971593255845,51.791791554531706
48.992144,419,3408.078937,synthetic_track_0,0.3290912328729016,53.99214354025358
34.346232,348,3408.593941,synthetic_track_0,0.23982193074375657,39.346232337397154
45.125012,392,3410.593561,synthetic_track_0,0.3055204104227488,50.1250115659965
46.060405,398,3411.179441,synthetic_track_0,0.3112217919230152,51.060405090925244
32.354998,329,3411.703763,synthetic_track_0,0.22768501991469262,37.354997791592154
27.447487,312,3412.15463,synthetic_track_0,0.19777291074482795,32.44748665010026
17.790671,240,3412.502667,synthetic_track_0,0.13891298863629686,22.790671014178045
32.227777,318,3412.946653,synthetic_track_0,0.22690958806689393,37.22777705931516
36.69146,346,3414.831682,synthetic_track_0,0.2541164877824831,41.691459734498125
33.427321,324,3415.300469,synthetic_track_0,0.23422101045735547,38.427320917542716
45.82678,392,3415.855873,synthetic_track_0,0.3097978095101124,50.82678032321246
23.954381,277,3416.329903,synthetic_track_0,0.17648184305418949,28.954381188606014
46.864903,402,3416.906956,synthetic_track_0,0.3161253435838453,51.86490317134308
46.087272,396,3417.493521,synthetic_track_0,0.3113855475159918,51.087271547999556
39.821735,359,3419.508774,synthetic_track_0,0.27319604231669686,44.821734698380915
49.922074,407,3420.110313,synthetic_track_0,0.3347593174927489,54.922074233701416
26.791019,289,3420.572925,synthetic_track_0,0.19377162662090838,31.791018518518527
33.361875,328,3421.107919,synthetic_track_0,0.23382210667991982,38.36187502333874
43.964864,384,3421.664978,synthetic_track_0,0.2984491145509247,48.96486391212514
1.469314,116,3421.823786,synthetic_track_0,0.039431561511355843,6.4693140274560355
33.35875,327,3422.328186,synthetic_track_0,0.2338030588214085,38.35874994856267
46.660261,403,3424.265925,synthetic_track_0,0.31487801306568364,51.660260684240626
25.552037,285,3424.696762,synthetic_track_0,0.18621982583660354,30.55203713218953
47.228102,398,3425.346661,synthetic_track_0,0.3183391008772064,52.22810185185183
31.385158,320,3425.818523,synthetic_track_0,0.2217736804303235,36.38515764371289
32.762493,322,3426.288861,synthetic_track_0,0.23016877105990768,37.76249284146033
26.902934,296,3426.725875,synthetic_track_0,0.19445377178474268,31.90293423040033
38.789689,360,3428.780553,synthetic_track_0,0.2669055516836804,43.78968935876041
32.007536,324,3429.295923,synthetic_track_0,0.22556718403510997,37.007536396747625
30.653254,317,3429.76959,synthetic_track_0,0.21731260563095497,35.65325424778032
46.762139,401,3430.38424,synthetic_track_0,0.3154989758637503,51.76213855024662
33.084577,327,3430.842533,synthetic_track_0,0.2321319293720742,38.08457715971281
44.614152,396,3432.809492,synthetic_track_0,0.3024066326918182,49.61415160557398
32.498838,325,3433.276745,synthetic_track_0,0.22856174998478054,37.49883795219748
44.777358,390,3433.836004,synthetic_track_0,0.30340140077886074,49.77735759825871
29.010582,306,3434.290334,synthetic_track_0,0.2073002422799253,34.01058223094555
29.281768,307,3434.82025,synthetic_track_0,0.20895316805790298,34.28176844604726
31.748372,318,3435.281817,synthetic_track_0,0.22398753543776642,36.74837235562024
36.727978,351,3435.788777,synthetic_track_0,0.2543390756705622,41.72797847460121
33.283609,337,3437.650439,synthetic_track_0,0.23334506392954768,38.28360930830258
35.769038,357,3438.168268,synthetic_track_0,0.2484941708021943,40.76903787968744
26.065888,286,3438.577833,synthetic_track_0,0.18935183319094268,31.06588792416708
35.706302,356,3439.231827,synthetic_track_0,0.24811178358215905,40.706301763954826
46.596416,401,3439.816957,synthetic_track_0,0.314488870965732,51.596416333436366
30.898796,318,3440.285462,synthetic_track_0,0.21880922665760216,35.89879642339733
31.286376,324,3442.158307,synthetic_track_0,0.2211715916189177,36.28637632630855
37.188385,356,3442.671981,synthetic_track_0,0.2571453340313981,42.188385465412196
31.871838,322,3443.141592,synthetic_track_0,0.22474007693199152,36.87183759661586
46.184223,433,3443.804792,synthetic_track_0,0.3119764800672916,51.18422252069445
30.048436,312,3444.260322,synthetic_track_0,0.21362613495742738,35.04843578444888
32.055118,327,3446.10085,synthetic_track_0,0.22585719974158072,37.05511763893387
41.173043,370,3446.621595,synthetic_track_0,0.28143249602730186,46.17304323104362
27.632887,300,3447.057985,synthetic_track_0,0.19890296021628937,32.63288749696602
40.907212,367,3447.590126,synthetic_track_0,0.2798122113871878,45.907212263438076
29.497199,310,3448.068877,synthetic_track_0,0.21026625399091242,34.49719905341052
30.941442,318,3448.537868,synthetic_track_0,0.2190691561925158,35.94144159700737
45.888712,401,3450.520652,synthetic_track_0,0.3101752955756061,50.8887123341465
30.692404,322,3450.989408,synthetic_track_0,0.21755122947087094,35.69240391610905
44.189618,395,3451.553544,synthetic_track_0,0.29981902887853834,49.1896180338581
42.333855,376,3452.102853,synthetic_track_0,0.28850783682252196,47.333854512695936
45.192708,397,3452.715663,synthetic_track_0,0.3059330337777145,50.192708353950664
45.162411,396,3453.293888,synthetic_track_0,0.30574836516808923,50.16241081611829
32.667884,331,3455.142617,synthetic_track_0,0.22959211245125138,37.66788371407492
12.174061,200,3455.416762,synthetic_track_0,0.10467880356836631,17.174061242974645
26.585268,295,3455.852725,synthetic_track_0,0.1925175434499458,31.5852681617347
27.218644,302,3456.276843,synthetic_track_0,0.19637807349627967,32.21864356521627
16.030195,226,3456.589859,synthetic_track_0,0.12818258932230311,21.030194884359226
29.270386,308,3457.045855,synthetic_track_0,0.20888378751712455,34.27038557180929
33.313116,340,3457.575885,synthetic_track_0,0.23352491407165318,38.31311630732994
30.959185,321,3459.352001,synthetic_track_0,0.2191773078246496,35.95918542565727
28.712892,306,3459.840466,synthetic_track_0,0.2054857692157005,33.71289186320675
46.243089,398,3460.441602,synthetic_track_0,0.3123352804739294,51.24308888090821
16.663745,232,3460.798199,synthetic_track_0,0.13204418377391566,21.663744918814974
44.862699,395,3461.37589,synthetic_track_0,0.3039215734817965,49.862699401495
32.017486,325,3461.874791,synthetic_track_0,0.22562782870627343,37.01748602610063
44.742973,404,3463.752622,synthetic_track_0,0.3031918187958128,49.742972663681776
30.95471,317,3464.250458,synthetic_track_0,0.21915002830456978,35.95470982856828
30.272517,316,3464.702993,synthetic_track_0,0.21499194841088057,35.27251709887433
44.694141,400,3465.261921,synthetic_track_0,0.30289417918045836,49.6941406097398
15.068628,220,3465.573839,synthetic_track_0,0.12232167894262459,20.068628355425354
30.357565,320,3466.042679,synthetic_track_0,0.21551032890528243,35.35756486455888
15.592047,224,3466.397783,synthetic_track_0,0.12551200392165227,20.592046991357975
29.696102,317,3468.148588,synthetic_track_0,0.21147859943131225,34.69610173601015
29.911193,319,3468.662579,synthetic_track_0,0.21278961721314654,34.91119303346795
41.201228,371,3469.186515,synthetic_track_0,0.2816042854029005,46.20122774554752
37.231588,353,3469.704872,synthetic_track_0,0.2574086637591428,42.23158848949366
28.617372,304,3470.139241,synthetic_track_0,0.20490356216681843,33.617372434509214
26.383274,294,3470.560633,synthetic_track_0,0.19128635698700636,31.383274338770978
16.696049,232,3472.334703,synthetic_track_0,0.1322410807689672,21.69604869891468
18.759706,246,3472.666523,synthetic_track_0,0.14481941827702088,23.759705631686504
34.245964,332,3473.185402,synthetic_track_0,0.23921077593246987,39.24596361249602
19.393081,252,3473.561766,synthetic_track_0,0.14867994991704866,24.393081296636446
28.6608,312,3474.015887,synthetic_track_0,0.20516825926768326,33.66079979579082
30.113024,317,3474.462781,synthetic_track_0,0.21401981320842262,35.11302435598527
45.781082,402,3475.044844,synthetic_track_0,0.3095192730209748,50.78108241150746
29.184867,312,3476.850866,synthetic_track_0,0.20836253903642277,34.18486727177892
16.827597,232,3477.197002,synthetic_track_0,0.13304288870738618,21.827596807701738
44.389618,390,3477.824997,synthetic_track_0,0.3010380627860539,49.38961805555554
18.535776,243,3478.185324,synthetic_track_0,0.14345453171189593,23.53577638660433
31.128427,319,3478.671846,synthetic_track_0,0.2202088623839836,36.12842676749111
26.976524,299,3479.123853,synthetic_track_0,0.19490231663613863,31.97652445578979
29.361857,306,3479.556607,synthetic_track_0,0.20944132037759958,34.36185684549953
30.181084,316,3481.424053,synthetic_track_0,0.21443464851806068,35.18108404687407
41.307129,373,3482.095888,synthetic_track_0,0.2822497691962839,46.30712863303401
35.055328,347,3482.792537,synthetic_track_0,0.2441439881910491,40.05532793999428
16.314453,229,3483.202847,synthetic_track_0,0.1299151921741267,21.314453267839287
21.363938,261,3483.648754,synthetic_track_0,0.1606926563291671,26.363938323874592
34.71744,343,3484.25268,synthetic_track_0,0.24208450269046472,39.71743976291978
24.688452,281,3486.127974,synthetic_track_0,0.18095613053419374,29.688452314572622
24.6995,286,3486.598507,synthetic_track_0,0.18102346577002737,29.699499627157365
26.050284,293,3487.129088,synthetic_track_0,0.18925672481666692,31.05028402931109
29.008467,311,3487.647759,synthetic_track_0,0.20728734881088684,34.008466872158934
45.025012,404,3488.277996,synthetic_track_0,0.3049108935050833,50.02501156106924
21.017325,259,3488.669591,synthetic_track_0,0.158579988991971,26.017324902645136
27.199622,299,3489.104852,synthetic_track_0,0.19626213403188048,32.19962203082541
24.5486,280,3490.908326,synthetic_track_0,0.18010370746102555,29.54860006593707
11.717564,198,3491.205013,synthetic_track_0,0.10189637288401099,16.717563524730846
22.551422,269,3491.608954,synthetic_track_0,0.16793056973024037,27.5514219765722
20.698328,260,3492.092776,synthetic_track_0,0.1566356471354945,25.698327694212217
12.555503,203,3492.382041,synthetic_track_0,0.10700375350393937,17.555502673515107
11.827796,198,3492.685353,synthetic_track_0,0.10256825880067941,16.827796059759958
17.508065,237,3493.020925,synthetic_track_0,0.13719045874134672,22.508065243952483
25.655625,292,3493.44892,synthetic_track_0,0.18685121138444738,30.655625000000008
21.751551,264,3493.824021,synthetic_track_0,0.16305522279894416,26.751551287143226
12.081462,201,3495.388659,synthetic_track_0,0.10411439401131667,17.0814617484403
25.755171,296,3495.774746,synthetic_track_0,0.18745795815113594,30.755170521871403
29.726616,315,3496.17839,synthetic_track_0,0.21166459101917526,34.72661632742455
25.65436,292,3496.64944,synthetic_track_0,0.18684349827381697,30.65435955341651
30.621505,318,3497.086545,synthetic_track_0,0.21711909093220982,35.62150538197011
21.225921,260,3497.422687,synthetic_track_0,0.15985141979074283,26.22592138693768
30.197825,330,3497.886307,synthetic_track_0,0.21453668494632333,35.1978245884953
23.842408,281,3499.593964,synthetic_track_0,0.17579935039201622,28.84240846463053
26.067314,293,3499.984501,synthetic_track_0,0.18936052562558225,31.06731404292046
20.373827,255,3500.328808,synthetic_track_0,0.15465775780765698,25.373826541255088
14.117592,212,3500.595665,synthetic_track_0,0.116524954181126,19.1175923990617
28.355329,302,3501.012659,synthetic_track_0,0.20330636293806872,33.355328960217264
13.075872,206,3501.269529,synthetic_track_0,0.11017549249459756,18.075872011102334
24.434158,280,3501.700563,synthetic_track_0,0.1794061648297042,29.434158178357848
18.339706,243,3502.019445,synthetic_track_0,0.14225945214686342,23.339706418851105
17.170503,233,3503.552923,synthetic_track_0,0.13513295737643446,22.17050259283344
26.171457,287,3503.952024,synthetic_track_0,0.18999529264599255,31.171456689874073
25.471558,291,3504.392995,synthetic_track_0,0.18572929179319525,30.471557976753292
30.98702,318,3504.833927,synthetic_track_0,0.2193469645791188,35.987020053033724
14.024076,222,3505.150323,synthetic_track_0,0.11595495810137207,19.02407635523764
35.557239,345,3505.667045,synthetic_track_0,0.24720321962967318,40.55723879770722
27.559576,303,3506.065219,synthetic_track_0,0.19845611646493758,32.55957636147196
11.328297,195,3507.478597,synthetic_track_0,0.09952372495444847,16.328296553182867
13.147275,206,3507.798891,synthetic_track_0,0.11061070347642513,18.147274623672704
46.10418,412,3508.377807,synthetic_track_0,0.31148860774729253,51.10418005921422
23.367833,272,3508.754859,synthetic_track_0,0.17290673052614272,28.367832628494696
29.436873,313,3509.180532,synthetic_track_0,0.20989855746968697,34.4368731578224
15.848255,225,3509.47187,synthetic_track_0,0.12707363644185024,20.848255236261966
17.148023,235,3509.799768,synthetic_track_0,0.134995938122407,22.14802261618184
32.248571,325,3511.495553,synthetic_track_0,0.22703632838512297,37.24857062891111
31.067163,319,3511.934753,synthetic_track_0,0.2198354521173383,36.067163449899475
25.667891,289,3512.377927,synthetic_track_0,0.1869259725960973,30.66789065057784
22.844833,270,3512.751038,synthetic_track_0,0.16971896163569625,27.84483335560731
23.020455,284,3513.127626,synthetic_track_0,0.17078940807645474,28.02045546919885
17.916824,237,3513.419545,synthetic_track_0,0.13968191090437326,22.916823756403517
23.325249,275,3513.786289,synthetic_track_0,0.1726471768634265,28.32524912211735
19.807532,252,3514.103786,synthetic_track_0,0.15120609532663296,24.807531734489658
28.405526,309,3515.853984,synthetic_track_0,0.20361232162509013,33.4055258773543
46.330582,401,3516.356831,synthetic_track_0,0.3128685678291237,51.33058233121526
23.450743,276,3516.70052,synthetic_track_0,0.1734120840189249,28.45074312745473
18.800539,245,3517.062954,synthetic_track_0,0.1450683047754805,23.800539036553452
30.28018,319,3517.543797,synthetic_track_0,0.21503865696998073,35.28018030887686
41.597379,375,3518.074561,synthetic_track_0,0.2840188927920238,46.59737876910654
14.988295,223,3519.55475,synthetic_track_0,0.12183203288790934,19.988294887288525
22.561332,268,3519.955939,synthetic_track_0,0.16799097141035788,27.561331739754
24.171532,279,3520.363042,synthetic_track_0,0.17780541108674391,29.171531534955623
12.185485,201,3520.644975,synthetic_track_0,0.10474843076568295,17.18548458476047
11.915417,199,3520.895622,synthetic_track_0,0.10310232377958503,16.915417090405985
34.983965,339,3521.390211,synthetic_track_0,0.24370901959326335,39.98396509400737
26.144933,294,3521.800431,synthetic_track_0,0.18983362564139022,31.144932895721276
14.18718,213,3522.070885,synthetic_track_0,0.11694910390444432,19.187180253299086
25.350812,288,3523.568822,synthetic_track_0,0.18499332730849244,30.350812432267915
18.077343,243,3523.932057,synthetic_track_0,0.14066030287619213,23.077343012173174
25.1884,287,3524.347044,synthetic_track_0,0.1840033953385408,30.18839987405383
30.334818,323,3524.792695,synthetic_track_0,0.21537168361692266,35.33481811362009
45.922272,400,3525.291951,synthetic_track_0,0.3103798483712677,50.922272158297716
30.938855,322,3525.731759,synthetic_track_0,0.2190533912492715,35.938855131633865
42.882187,394,3526.365839,synthetic_track_0,0.2918500155318876,47.882186934188745
25.250426,286,3527.974999,synthetic_track_0,0.18438145487816654,30.250425971656128
47.234364,412,3528.562841,synthetic_track_0,0.31837727005559946,52.23436405379693
22.421587,271,3528.930532,synthetic_track_0,0.16713920309491986,27.421586913528472
45.225012,404,3529.458849,synthetic_track_0,0.3061299273086688,50.225011565715455
23.398843,277,3529.76846,synthetic_track_0,0.17309574417080073,28.39884303173258
30.004739,311,3530.179575,synthetic_track_0,0.21335979651932882,35.00473913821929
36.009611,347,3531.969491,synthetic_track_0,0.24996050762723243,41.00961149705389
43.291052,393,3532.456692,synthetic_track_0,0.29434211955499434,48.2910523936487
18.975546,244,3532.794707,synthetic_track_0,0.14613500234889537,23.975546094611726
45.263877,395,3533.31302,synthetic_track_0,0.30636682136224264,50.263877437749585
47.248728,405,3533.858806,synthetic_track_0,0.31846482369264567,52.24872848550057
30.448566,318,3534.256961,synthetic_track_0,0.2160649977051136,35.448566247963555
1.579708,117,3535.652015,synthetic_track_0,0.04010442953573334,6.579707691360985
1.175326,117,3535.787925,synthetic_track_0,0.03763965408757906,6.175325877146459
37.825972,374,3536.335993,synthetic_track_0,0.2610315332349377,42.82597226282337
30.707831,316,3536.780917,synthetic_track_0,0.2176452615543515,35.70783123000116
31.48523,322,3537.274806,synthetic_track_0,0.22238363602786235,36.4852296203742
18.760717,243,3537.64082,synthetic_track_0,0.14482558361384773,23.760717143746618
1.175017,117,3537.813004,synthetic_track_0,0.03763777344553179,6.175017330806658
28.258775,303,3538.266739,synthetic_track_0,0.20271784992789144,33.25877494799576
18.661248,243,3539.95495,synthetic_track_0,0.14421930104242564,23.661247779775994
45.78045,397,3540.523876,synthetic_track_0,0.30951542098249646,50.780450429267674
45.366582,399,3541.040512,synthetic_track_0,0.30699282124604066,50.36658171001824
14.50443,215,3541.299855,synthetic_track_0,0.1188827962267355,19.50443025268802
28.625155,307,3541.759793,synthetic_track_0,0.20495099752433368,33.625154886230845
14.833047,219,3542.096593,synthetic_track_0,0.12088576928517994,19.833046751932653
31.910139,328,3542.506932,synthetic_track_0,0.22497352958062108,36.91013885673946
26.369548,294,3544.180892,synthetic_track_0,0.19120269537188384,31.369548449165617
32.169038,326,3544.634949,synthetic_track_0,0.2265515607608397,37.16903753735629
49.004816,405,3545.15698,synthetic_track_0,0.32916847532069,54.0048162732583
25.484918,286,3545.515995,synthetic_track_0,0.1858107214787637,30.484917686257763
26.294472,299,3545.948471,synthetic_track_0,0.19074509461319375,31.29447247211318
48.931192,410,3546.487216,synthetic_track_0,0.32871972373189795,53.931192129629615
30.007915,317,3548.103714,synthetic_track_0,0.21337915654913112,35.00791542917941
41.969004,377,3548.597974,synthetic_track_0,0.2862840110337932,46.969003950906796
30.79875,318,3549.070363,synthetic_track_0,0.2181994297895437,35.79875048858713
30.244402,314,3549.465714,synthetic_track_0,0.2148205822133604,35.24440201281238
41.551596,379,3550.013912,synthetic_track_0,0.283739840592741,46.551596247744996
40.246835,371,3550.575969,synthetic_track_0,0.2757871016417746,45.24683519643928
46.950435,409,3552.409854,synthetic_track_0,0.3166466715219204,51.9504345074968
1.605231,121,3552.572882,synthetic_track_0,0.04025999635528421,6.605230662538207
43.101343,379,3553.022905,synthetic_track_0,0.2931858117740707,48.10134349396357
2.408561,121,3553.216032,synthetic_track_0,0.04515643058208346,7.408561025674492
13.873354,211,3553.514907,synthetic_track_0,0.11503627879900571,18.873353820553827
44.181298,387,3553.950802,synthetic_track_0,0.29976831794830444,49.18129817738442
27.40735,306,3554.348556,synthetic_track_0,0.19752827122899402,32.407350023733116
1.79495,119,3554.500207,synthetic_track_0,0.04141636747754379,6.7949499542792795
30.730005,317,3556.065001,synthetic_track_0,0.2177804155471523,35.7300051837575
26.864687,301,3556.412908,synthetic_track_0,0.19422064910352618,31.86468710617022
12.87452,207,3556.676694,synthetic_track_0,0.1089482197163853,17.874520284330952
46.963973,418,3557.223831,synthetic_track_0,0.31672919173671743,51.96397313398466
47.320579,414,3557.779893,synthetic_track_0,0.31890276290972386,52.32057870424986
31.941753,325,3558.200715,synthetic_track_0,0.22516622311692117,36.94175299905607
15.314668,225,3559.693694,synthetic_track_0,0.12382133299816633,20.31466814299637
21.779698,267,3560.155756,synthetic_track_0,0.16322678145802433,26.77969794928845
43.084675,395,3560.647887,synthetic_track_0,0.2930842129493672,48.08467474749158
45.631725,400,3561.135877,synthetic_track_0,0.30860891381037825,50.63172490738123
41.421813,403,3561.647947,synthetic_track_0,0.2829487921277434,46.42181338511267
36.785041,354,3562.089959,synthetic_track_0,0.25468688439138903,41.785041490882435
13.536274,209,3563.509727,synthetic_track_0,0.11298171756794141,18.536273540622133
47.763495,418,3564.003942,synthetic_track_0,0.32160241477770674,52.763495368703026
47.028102,407,3564.566938,synthetic_track_0,0.31712006696969086,52.0281018301544
19.839937,250,3564.884376,synthetic_track_0,0.15140361361246676,24.839937446265893
45.559907,397,3565.378478,synthetic_track_0,0.308171172167076,50.559907103447664
13.797714,212,3565.702673,synthetic_track_0,0.11457524174603381,18.79771407006844
46.943283,407,3567.542827,synthetic_track_0,0.31660307989854825,51.94328267556948
17.949922,239,3567.850944,synthetic_track_0,0.13988364813514523,22.9499216466942
26.334319,295,3568.375084,synthetic_track_0,0.19098796364525256,31.33431862518729
13.419017,210,3568.655045,synthetic_track_0,0.1122670190637063,18.419016985678994
31.611552,321,3569.106166,synthetic_track_0,0.22315359258051376,36.61155205183979
47.195799,404,3569.746798,synthetic_track_0,0.3181422071594762,52.19579860944376
45.473562,392,3570.310703,synthetic_track_0,0.3076448812560979,50.473561520305275
46.015335,407,3572.032698,synthetic_track_0,0.3109470825424934,51.01533507135802
28.551125,309,3572.40884,synthetic_track_0,0.20449977475808492,33.55112531044649
16.805804,231,3572.70402,synthetic_track_0,0.1329100607032943,21.805804465801636
32.27792,331,3573.090385,synthetic_track_0,0.22721521784697746,37.2779200145449
30.289298,325,3573.504054,synthetic_track_0,0.21509423358288543,35.28929845047922
45.576528,404,3574.08419,synthetic_track_0,0.30827247767736177,50.5765277274765
12.93633,206,3575.474774,synthetic_track_0,0.10932495831547866,17.936329662666044
30.608071,314,3575.87295,synthetic_track_0,0.21703720664345252,35.608071088282976
43.83451,391,3576.441719,synthetic_track_0,0.29765458413293133,48.83450978509204
46.460405,400,3576.954043,synthetic_track_0,0.31365985935146035,51.460405070895135
28.04527,304,3577.338976,synthetic_track_0,0.2014164990428689,33.04526964380703
29.838847,313,3577.666646,synthetic_track_0,0.21234865629087232,34.83884706058004
28.806343,311,3579.23569,synthetic_track_0,0.20605537228022255,33.80634342723708
31.042507,319,3579.673883,synthetic_track_0,0.21968516812659247,36.042507202665796
28.216678,306,3580.094913,synthetic_track_0,0.20246126283001245,33.216678149189185
27.465258,303,3580.772938,synthetic_track_0,0.1978812300812527,32.46525799304785
12.176542,203,3581.042048,synthetic_track_0,0.10469392159692932,17.176541572702952
32.829551,331,3581.468825,synthetic_track_0,0.23057750141960612,37.829550927625206
43.293354,388,3582.01283,synthetic_track_0,0.29435614602968957,48.29335363828684
12.752418,205,3583.496009,synthetic_track_0,0.10820398560952015,17.752417989552
42.663348,391,3583.983337,synthetic_track_0,0.2905161549555298,47.66334794819481
44.578861,396,3584.484464,synthetic_track_0,0.30219153112973096,49.5788611047771
47.228102,409,3584.994959,synthetic_track_0,0.3183391008772064,52.22810185185183
31.548284,319,3585.472822,synthetic_track_0,0.2227679636066479,36.548284079829465
31.280565,321,3585.90171,synthetic_track_0,0.22113617280869585,36.280565361765895
12.494004,203,3587.355969,synthetic_track_0,0.10662890842938598,17.49400395507778
23.940254,293,3587.789903,synthetic_track_0,0.17639573815333986,28.94025444288384
44.996488,396,3588.29757,synthetic_track_0,0.30473703698081567,49.996487901135424
27.031055,297,3588.657945,synthetic_track_0,0.19523469051946096,32.03105516528548
47.262764,410,3589.189713,synthetic_track_0,0.31855037199517566,52.2627639132739
45.988912,407,3589.845989,synthetic_track_0,0.31078602698402874,50.988911593726385
16.020431,228,3590.1669,synthetic_track_0,0.12812307412076923,21.020430560721696
46.55116,405,3592.145817,synthetic_track_0,0.3142130285610479,51.551160424981504
27.727395,300,3592.572023,synthetic_track_0,0.19947900069440277,32.727395211157564
27.368953,300,3593.022677,synthetic_track_0,0.19729423711183558,32.36895336534563
45.892708,402,3593.569544,synthetic_track_0,0.3101996517332299,50.89270831163588
33.279662,334,3594.028858,synthetic_track_0,0.23332100347844173,38.27966184571473
31.077441,320,3595.729854,synthetic_track_0,0.21989809640216276,36.077441144594324
46.060405,402,3596.223047,synthetic_track_0,0.3112217919230152,51.060405090925244
46.660405,407,3596.779572,synthetic_track_0,0.31487889325897594,51.660405092592576
31.119622,320,3597.22232,synthetic_track_0,0.22015519777385462,36.119622317406495
44.790994,400,3597.805005,synthetic_track_0,0.30348451740002297,49.79099407377705
47.645868,411,3598.384188,synthetic_track_0,0.32088545395090257,52.645867647248345
33.618839,339,3600.09692,synthetic_track_0,0.2353883465298206,38.618839166856255
44.576095,394,3600.667883,synthetic_track_0,0.3021746723144572,49.57609517398571
32.154934,323,3601.156291,synthetic_track_0,0.22646559951231157,37.15493435986075
17.873544,240,3601.493043,synthetic_track_0,0.13941811349037717,22.873544001675057
29.618863,322,3601.973813,synthetic_track_0,0.21100781390503381,34.61886260846002
32.959905,330,3602.491797,synthetic_track_0,0.23137203300152928,37.95990524561771
45.752443,415,3604.238574,synthetic_track_0,0.3093447094581158,50.752442751737426
46.183672,401,3604.787725,synthetic_track_0,0.31197312214355627,51.18367160507529
27.980565,304,3605.148052,synthetic_track_0,0.2010221158352363,32.98056541400888
17.46683,237,3605.444036,synthetic_track_0,0.136939121738625,22.466829798664367
38.465825,362,3605.969503,synthetic_track_0,0.26493154213883974,43.465824739929836
47.134477,406,3606.493962,synthetic_track_0,0.3177684388778708,52.13447655435569
31.63139,324,3608.08972,synthetic_track_0,0.22327450811027247,36.63138998122486
32.359704,328,3608.498221,synthetic_track_0,0.22771370569211657,37.359704105396744
33.674262,343,3608.928666,synthetic_track_0,0.2357261592717257,38.6742621992216
45.792708,401,3609.405891,synthetic_track_0,0.30959013492689935,50.79270832497472
32.393012,325,3609.858788,synthetic_track_0,0.2279167216780846,37.393011793844295
43.567318,400,3610.398489,synthetic_track_0,0.2960260027584704,48.567317619049625
33.874369,334,3612.006937,synthetic_track_0,0.23694584420930395,38.87436903175167
44.977201,420,3612.633476,synthetic_track_0,0.3046194797427782,49.97720094774287
30.27911,316,3613.049007,synthetic_track_0,0.21503213531719081,35.27911033806518
15.705664,226,3613.360877,synthetic_track_0,0.12620451692702192,20.70566369655854
46.928102,412,3613.868433,synthetic_track_0,0.3165105501633603,51.92810184349323
38.065003,363,3614.392776,synthetic_track_0,0.26248846553209926,43.065002932313
46.845726,434,3616.201759,synthetic_track_0,0.31600845786259646,51.845726389924806
32.462313,329,3616.637771,synthetic_track_0,0.22833912569950773,37.462313240612
49.843097,413,3617.240512,synthetic_track_0,0.3342779357794226,54.843096649471434
46.406789,405,3617.775892,synthetic_track_0,0.3133330573333365,51.406788505914804
32.633731,333,3618.250033,synthetic_track_0,0.22938394471340967,37.63373080673709
46.077827,404,3620.099512,synthetic_track_0,0.31132798333755796,51.07782731772443
43.890596,396,3620.622757,synthetic_track_0,0.29799643686762983,48.89059563630217
37.164167,378,3621.109754,synthetic_track_0,0.2569977182940068,42.16416698346585
45.011439,404,3621.69604,synthetic_track_0,0.3048281664032421,50.01143899179024
33.577746,333,3622.20951,synthetic_track_0,0.2351378769879822,38.577746040985524
37.505706,356,3623.896398,synthetic_track_0,0.2590794552321805,42.50570582847766
33.268132,331,3624.316033,synthetic_track_0,0.23325072980227474,38.268132439788026
34.276889,337,3624.763849,synthetic_track_0,0.23939927300418748,39.27688926452342
32.240403,329,3625.176016,synthetic_track_0,0.22698654703074145,37.24040328270765
33.173142,328,3625.622097,synthetic_track_0,0.2326717488553065,38.17314229944645
30.422884,317,3626.140514,synthetic_track_0,0.21590845955045482,35.42288391531045
44.051737,391,3627.743787,synthetic_track_0,0.2989786237243643,49.05173749744874
44.657315,392,3628.279427,synthetic_track_0,0.3026697196904383,49.6573148064562
45.192708,398,3628.812,synthetic_track_0,0.3059330337777145,50.192708353950664
28.302676,302,3629.19401,synthetic_track_0,0.20298543575023748,33.302676245527515
30.416266,314,3629.579996,synthetic_track_0,0.2158681247299439,35.41626640867047
37.908848,354,3630.061743,synthetic_track_0,0.26153667717837864,42.908848382204184
45.004663,387,3631.776974,synthetic_track_0,0.3047868654729923,50.004662980971204
42.801583,389,3632.308398,synthetic_track_0,0.29135871868272034,47.801582629511444
45.58888,398,3632.940303,synthetic_track_0,0.30834776720596446,50.58888005603873
46.765664,402,3633.489478,synthetic_track_0,0.31552046619256846,51.765664347358104
31.553588,320,3633.950308,synthetic_track_0,0.22280028935303045,36.553587582823134
33.088351,323,3634.39859,synthetic_track_0,0.23215492890175177,38.08835056290216
29.788324,312,3636.193046,synthetic_track_0,0.21204071108559883,34.78832422659109
46.208125,401,3636.722455,synthetic_track_0,0.3121221714149462,51.20812527886417
18.88648,245,3637.005984,synthetic_track_0,0.14559213167484963,23.886480363200423
45.892708,399,3637.589471,synthetic_track_0,0.3101996517332299,50.892708311635886
32.807038,323,3638.06467,synthetic_track_0,0.23044027967330802,37.80703772920818
30.182001,315,3638.493971,synthetic_track_0,0.21444023981088686,35.18200137877079
41.494673,369,3640.252054,synthetic_track_0,0.28339288545128155,46.49467327341909
45.225012,396,3640.801065,synthetic_track_0,0.3061299273086688,50.225011565715455
32.069598,325,3641.244001,synthetic_track_0,0.22594545849560718,37.06959775520583
15.818529,230,3641.534857,synthetic_track_0,0.12689245273766303,20.81852944722094
46.717876,403,3642.088454,synthetic_track_0,0.3152291857260334,51.71787560311736
45.724635,398,3642.590516,synthetic_track_0,0.3091752134963319,50.724634504710494
32.216418,325,3644.224734,synthetic_track_0,0.2268403528471618,37.216418027082106
32.167195,324,3644.666962,synthetic_track_0,0.22654032903861615,37.16719481200258
34.3028,332,3645.155559,synthetic_track_0,0.23955720402111708,39.30280011623795
33.772815,332,3645.724974,synthetic_track_0,0.23632685464124992,38.77281490247105
47.132891,408,3646.320568,synthetic_track_0,0.317758774994705,52.13289105551852
41.015593,373,3646.855995,synthetic_track_0,0.28047280738199626,46.01559252462719
31.735179,321,3648.546647,synthetic_track_0,0.22390712222060805,36.735179412358136
32.268182,321,3649.042964,synthetic_track_0,0.22715586547089045,37.268182404760616
31.172932,318,3649.468964,synthetic_track_0,0.22048013071796083,36.17293223394844
31.939958,325,3649.896966,synthetic_track_0,0.22515528183136804,36.93995792400973
46.412221,401,3650.423866,synthetic_track_0,0.31336617076995055,51.41222124080466
45.882826,397,3652.241946,synthetic_track_0,0.3101394153685078,50.88282567081915
45.592708,403,3652.784736,synthetic_track_0,0.30837110112331384,50.592708320328505
34.825756,334,3653.305773,synthetic_track_0,0.24274470813454319,39.82575594865211
45.789722,401,3653.922029,synthetic_track_0,0.30957193541734895,50.78972243403066
40.187447,367,3654.470754,synthetic_track_0,0.2754251202617248,45.187446951848464
27.559414,302,3654.914972,synthetic_track_0,0.198455126475805,32.559413939535396
31.429386,316,3656.717439,synthetic_track_0,0.2220432619394222,36.42938636232076
34.786752,335,3657.217022,synthetic_track_0,0.24250697473600674,39.786752370021226
28.400936,305,3657.620021,synthetic_track_0,0.20358434388889587,33.40093572788315
33.760247,337,3658.174027,synthetic_track_0,0.236250249953705,38.76024680319452
46.792866,407,3658.745009,synthetic_track_0,0.31568626353905294,51.7928657834214
29.650786,311,3659.183698,synthetic_track_0,0.21120239010110772,34.65078562815346
43.518798,381,3661.047892,synthetic_track_0,0.2957302655774261,48.51879768678118
45.770901,406,3661.586416,synthetic_track_0,0.3094572160516061,50.770901074348835
30.547805,316,3662.086192,synthetic_track_0,0.2166698771365921,35.54780540667292
15.160848,219,3662.437572,synthetic_track_0,0.12288377409830903,20.160848139173638
46.305123,396,3662.963497,synthetic_track_0,0.3127133894317466,51.30512308627462
44.9316,390,3663.491647,synthetic_track_0,0.3043415320378568,49.931599634545336
47.238256,413,3665.287872,synthetic_track_0,0.318400993504819,52.2382562263849
46.271819,416,3665.840498,synthetic_track_0,0.312510396756652,51.27181922231066
46.092708,402,3666.356031,synthetic_track_0,0.31141868564074543,51.09270833333332
17.295532,232,3666.690685,synthetic_track_0,0.1358950352371737,22.295532411727986
47.426449,402,3667.313656,synthetic_track_0,0.31954806301140504,52.42644945447421
13.584123,210,3667.586475,synthetic_track_0,0.11327337051898113,18.584123396295915
41.566691,384,3669.407986,synthetic_track_0,0.28383184615537904,46.56669108178567
32.589817,327,3669.857625,synthetic_track_0,0.22911628431076492,37.58981727323613
43.10897,386,3670.334954,synthetic_track_0,0.2932322958843917,48.108969879920075
33.430813,328,3670.74502,synthetic_track_0,0.23424229398956084,38.43081278669962
26.630005,294,3671.118782,synthetic_track_0,0.19279022019087422,31.630004697581533
26.889158,296,3671.51754,synthetic_track_0,0.19436980297907633,31.88915794177403
26.277969,292,3673.195852,synthetic_track_0,0.1906445046668803,31.277969246631752
25.862081,293,3673.565762,synthetic_track_0,0.1881095985966677,30.86208149657177
45.281796,395,3674.190654,synthetic_track_0,0.30647603524367445,50.28179554365407
33.917028,333,3674.607709,synthetic_track_0,0.23720585853565893,38.91702811661553
46.405822,419,3675.256056,synthetic_track_0,0.3133271651535101,51.405821809184005
29.172264,307,3675.706964,synthetic_track_0,0.20828572110256935,34.17226418638259
44.070784,393,3677.629731,synthetic_track_0,0.2990947135905065,49.07078370740578
32.956434,330,3678.108763,synthetic_track_0,0.23135087341110683,37.956433710890494
31.567788,321,3678.604913,synthetic_track_0,0.22288684427124067,36.56778816035698
37.856429,360,3679.121953,synthetic_track_0,0.2612171711860633,42.85642883505166
32.134502,320,3679.54098,synthetic_track_0,0.22634105955025305,37.13450179029863
38.769525,354,3679.97295,synthetic_track_0,0.26678264528976897,43.769524799516006
43.400106,386,3681.725092,synthetic_track_0,0.29500682162621583,48.40010631564957
44.823325,391,3682.228786,synthetic_track_0,0.30368158125442085,49.82332522954915
49.60369,423,3682.783697,synthetic_track_0,0.33281871303478044,54.603690199174565
40.799748,363,3683.254046,synthetic_track_0,0.2791571983299174,45.79974796334065
45.892708,399,3683.775996,synthetic_track_0,0.3101996517332299,50.89270831163588
45.392708,395,3685.487723,synthetic_track_0,0.3071520673013664,50.39270831266975
36.993395,352,3685.973775,synthetic_track_0,0.25595683138089403,41.993394534952586
47.011948,409,3686.45856,synthetic_track_0,0.3170216066174834,52.01194799517374
33.98181,342,3686.901729,synthetic_track_0,0.23760071346762993,38.98180973956685
41.881177,372,3687.423934,synthetic_track_0,0.2857486907144987,46.881176963639334
47.693444,408,3687.911964,synthetic_track_0,0.321175439281845,52.69344390589289
39.897895,362,3689.685645,synthetic_track_0,0.27366025118714105,44.89789483107993
33.726999,332,3690.106023,synthetic_track_0,0.23604759950225868,38.72699908593548
47.195799,404,3690.616888,synthetic_track_0,0.3181422071594762,52.19579860944376
33.887405,333,3691.046796,synthetic_track_0,0.2370252999367859,38.88740488507978
33.792871,337,3691.444984,synthetic_track_0,0.2364490999703337,38.792871004535506
43.617787,398,3693.175174,synthetic_track_0,0.2963336235384169,48.61778722640392
32.185327,323,3693.567875,synthetic_track_0,0.22665084834508875,37.185327091635024
40.283858,367,3694.077544,synthetic_track_0,0.2760127616441142,45.28385796101204
30.993609,320,3694.455836,synthetic_track_0,0.21938712436264585,35.99360884234242
46.79674,400,3694.984557,synthetic_track_0,0.31570987483083224,51.796739554970365
42.714284,387,3695.446769,synthetic_track_0,0.2908266171536851,47.714283731017986
32.842428,332,3696.874901,synthetic_track_0,0.23065599104004753,37.84242827721698
46.742937,401,3697.399999,synthetic_track_0,0.3153819418470362,51.74293743882728
32.560027,323,3697.812998,synthetic_track_0,0.22893470725727916,37.56002694959294
30.179446,312,3698.22303,synthetic_track_0,0.2144246614234551,35.17944552055786
45.492708,395,3698.773784,synthetic_track_0,0.30776158430478473,50.492708331665995
32.264434,318,3699.183539,synthetic_track_0,0.22713301631087415,37.26443367187398
31.388887,319,3700.825352,synthetic_track_0,0.22179641144109444,36.38888699251883
44.948297,391,3701.318567,synthetic_track_0,0.30444330565445094,49.94829705813755
48.325945,414,3701.823146,synthetic_track_0,0.325030642158998,53.325945310755394
32.91115,325,3702.24797,synthetic_track_0,0.2310748644891802,37.911150482890285
30.097199,312,3702.650158,synthetic_track_0,0.2139233553736284,35.097199062748714
44.725012,392,3703.189513,synthetic_track_0,0.3030823427986669,49.72501155392959
31.682646,323,3704.783545,synthetic_track_0,0.2235869203158285,36.68264569077037
31.056565,319,3705.269848,synthetic_track_0,0.21977085280295916,36.056565004525794
39.518413,365,3705.774163,synthetic_track_0,0.27134724749244615,44.51841335294121
46.889214,407,3706.358543,synthetic_track_0,0.3162735230683887,51.88921414410691
31.226661,316,3706.823691,synthetic_track_0,0.22080761740249602,36.22666112828752
40.753525,374,3708.61303,synthetic_track_0,0.27887546100756483,45.75352490897268
33.37515,328,3709.056037,synthetic_track_0,0.23390302205461244,38.375150352756904
29.980739,311,3709.470225,synthetic_track_0,0.21321351032405253,34.980738786753335
34.526624,337,3709.983524,synthetic_track_0,0.24092144814517902,39.526623959636254
32.772985,330,3710.456069,synthetic_track_0,0.2302327208111785,37.77298471667631
34.644831,335,3710.865968,synthetic_track_0,0.24164194217189763,39.64483135328478
14.105446,214,3711.173731,synthetic_track_0,0.11645092179765035,19.105446323214128
44.157315,392,3712.904803,synthetic_track_0,0.2996221351804364,49.157314794670334
43.63524,385,3713.410465,synthetic_track_0,0.2964400001406857,48.635239835909445
33.000921,327,3713.874995,synthetic_track_0,0.23162203186976735,38.000921150723954
35.907062,348,3714.369403,synthetic_track_0,0.24933545152132675,40.9070620651041
34.491444,341,3714.842325,synthetic_track_0,0.24070702310023928,39.49144445119434
33.164328,339,3715.285504,synthetic_track_0,0.23261802538681192,38.164328192801555
27.971737,302,3716.894693,synthetic_track_0,0.20096830651892403,32.971737222796456
35.942089,346,3717.396098,synthetic_track_0,0.24954894796091093,40.94208922249973
34.577283,334,3717.928471,synthetic_track_0,0.2412302242812896,39.57728311976382
33.086444,326,3718.440441,synthetic_track_0,0.23214330557018006,38.08644358841014
25.052515,291,3718.902049,synthetic_track_0,0.18317515501465872,30.052515152779172
26.104939,295,3719.323162,synthetic_track_0,0.18958985538997755,31.104938884667813
38.201576,361,3721.209066,synthetic_track_0,0.263320901622767,43.20157602939329
30.314461,314,3721.689603,synthetic_track_0,0.21524760451472297,35.3144611547372
30.789847,319,3722.108838,synthetic_track_0,0.21814516039307547,35.789846814616915
12.802302,205,3722.367537,synthetic_track_0,0.10850804012363548,17.802302499773873
35.705917,349,3722.829031,synthetic_track_0,0.24810943856127998,40.70591702959773
31.827988,320,3723.208461,synthetic_track_0,0.224472808094028,36.82798830492496
37.446002,355,3723.737815,synthetic_track_0,0.25871554805161917,42.44600162865236
38.724627,356,3725.281955,synthetic_track_0,0.26650898492771086,43.724626886494946
37.067581,350,3725.738493,synthetic_track_0,0.25640900813091316,42.06758062547669
38.076912,349,3726.186416,synthetic_track_0,0.26256105158213916,43.076911716386526
33.11277,324,3726.596024,synthetic_track_0,0.23230377012168557,38.11277010286139
34.004828,328,3727.008668,synthetic_track_0,0.23774101502579503,39.00482822535646
31.549852,318,3727.459537,synthetic_track_0,0.22277751875719232,36.54985173951835
34.187841,333,3729.423082,synthetic_track_0,0.2388565114952742,39.18784144322005
31.121859,322,3729.91306,synthetic_track_0,0.22016882800126134,36.121858551985596
40.497852,371,3730.4667,synthetic_track_0,0.2773170898667054,45.497851740192864
32.176206,323,3730.886472,synthetic_track_0,0.226595253007908,37.17620587804623
38.645707,357,3731.540498,synthetic_track_0,0.2660279556421827,43.64570712310723
48.731192,422,3733.912003,synthetic_track_0,0.3275006898243824,53.73119210793217
18.374558,242,3734.307789,synthetic_track_0,0.14247187566051173,23.374557547336362
50.07961,432,3735.070988,synthetic_track_0,0.3357195233649699,55.07960979862232
32.092505,326,3735.592033,synthetic_track_0,0.22608508271146552,37.09250511326125
21.030483,261,3736.012013,synthetic_track_0,0.1586601915016078,26.030483276311898
32.932696,332,3736.547546,synthetic_track_0,0.23120618624766792,37.9326957035646
25.935663,297,3737.009148,synthetic_track_0,0.18855809238448817,30.935663344248233
48.452391,409,3739.107996,synthetic_track_0,0.32580135299866725,53.452391493840196
45.75601,398,3739.790077,synthetic_track_0,0.3093664509702092,50.756009759072995
22.723015,269,3740.374175,synthetic_track_0,0.16897645518582588,27.72301450777295
16.036856,227,3740.796046,synthetic_track_0,0.12822319073061048,21.036856128556252
24.234866,286,3741.241043,synthetic_track_0,0.17819144439186096,29.234865843315177
29.835828,313,3741.804333,synthetic_track_0,0.21233025492341676,34.83582805194732
44.457315,388,3743.774907,synthetic_track_0,0.3014506858868528,49.457314801809986
37.535588,357,3744.435045,synthetic_track_0,0.2592615935511596,42.53558823578657
46.710431,406,3745.073696,synthetic_track_0,0.31518380896176107,51.71043089318511
45.839033,400,3745.675978,synthetic_track_0,0.3098724919537437,50.83903305076548
45.743278,398,3746.286597,synthetic_track_0,0.30928885041915394,50.743278274083856
29.325432,308,3746.765039,synthetic_track_0,0.20921930185949644,34.32543151871895
50.170325,423,3748.767586,synthetic_track_0,0.336272449607649,55.170325290497594
37.357579,359,3749.386536,synthetic_track_0,0.25817659433070217,42.35757852966162
45.792708,400,3750.026192,synthetic_track_0,0.30959013492689935,50.792708324974726
40.405779,364,3750.613807,synthetic_track_0,0.276755890695602,45.40577895558427
45.692708,394,3751.238784,synthetic_track_0,0.30898061804097937,50.692708325255765
44.800929,387,3753.249471,synthetic_track_0,0.3035450737931208,49.800929219845436
34.111507,331,3753.786564,synthetic_track_0,0.23839123854610486,39.11150673312265
45.598305,394,3754.390547,synthetic_track_0,0.3084052137874982,50.59830499285333
31.045062,314,3754.85497,synthetic_track_0,0.21970074236727355,36.045062380544714
30.331654,328,3755.336111,synthetic_track_0,0.2153523962942193,35.33165375130385
46.234333,416,3756.026066,synthetic_track_0,0.31228191400033056,51.23433334440354
36.956413,351,3757.965257,synthetic_track_0,0.25573142405421107,41.95641322545051
45.292708,395,3758.59306,synthetic_track_0,0.30654255041689743,50.292708313188854
35.492851,351,3759.144087,synthetic_track_0,0.24681076385841047,40.49285079152961
26.12742,295,3759.615134,synthetic_track_0,0.189726880545443,31.12741982953508
31.342346,320,3760.165868,synthetic_track_0,0.2215127340656269,36.34234564457207
45.256636,396,3760.74301,synthetic_track_0,0.3063226835330353,50.256635992909764
33.293158,328,3762.538621,synthetic_track_0,0.23340326557427143,38.29315812407859
34.501759,332,3763.007927,synthetic_track_0,0.24076989202680227,39.50175900159296
42.795076,383,3763.566063,synthetic_track_0,0.2913190574459198,47.79507563395394
35.111639,336,3764.060043,synthetic_track_0,0.24448721210547278,40.11163875293279
37.49553,355,3764.69284,synthetic_track_0,0.2590174336356504,42.495530294741265
34.005652,328,3765.193094,synthetic_track_0,0.23774603832361332,39.005652369513946
39.483032,364,3767.076091,synthetic_track_0,0.27113158964752704,44.483031585955786
46.516468,389,3767.630345,synthetic_track_0,0.31400157537450823,51.51646849259538
39.738816,366,3768.154029,synthetic_track_0,0.2726906366540475,44.738815640204855
39.154855,362,3768.697029,synthetic_track_0,0.2691312981246732,44.15485503114009
36.640278,360,3769.236938,synthetic_track_0,0.2538045271874716,41.64027811814899
33.639216,329,3771.009633,synthetic_track_0,0.23551254818945258,38.63921623304622
34.326194,332,3771.519456,synthetic_track_0,0.239699793830839,39.326194022561964
30.150426,315,3771.943927,synthetic_track_0,0.21424778505013334,35.15042641101216
31.838343,320,3772.406818,synthetic_track_0,0.22453592464678582,36.83834348195753
29.541243,313,3772.819997,synthetic_track_0,0.21053471062570167,34.54124322023119
42.096383,368,3773.347782,synthetic_track_0,0.2870604080809536,47.09638303800239
28.350231,300,3775.122937,synthetic_track_0,0.20327529047522344,33.35023107638898
33.365186,344,3775.680911,synthetic_track_0,0.23384228648177996,38.36518580967946
28.090501,302,3776.21605,synthetic_track_0,0.20169219167852098,33.090500980501034
44.145734,384,3776.770846,synthetic_track_0,0.2995515493823803,49.145734180664675
42.84359,385,3777.340519,synthetic_track_0,0.2916147597477413,47.84358984378492
34.705676,333,3777.843935,synthetic_track_0,0.2420128010015989,39.705676070999075
33.755058,325,3779.690514,synthetic_track_0,0.23621862525797133,38.75505831762909
27.931997,300,3780.130492,synthetic_track_0,0.20072608491210567,32.931997289132106
48.809992,417,3780.773927,synthetic_track_0,0.32798098634284306,53.80999165035763
31.657596,326,3781.240441,synthetic_track_0,0.22343423971069318,36.657596244523155
45.319745,393,3781.781065,synthetic_track_0,0.3067073415726824,50.31974466921582
25.624513,287,3782.218549,synthetic_track_0,0.18666158067178046,30.62451335789222
45.960405,398,3784.131397,synthetic_track_0,0.3106122749195969,50.96040507192901
38.993432,360,3784.635125,synthetic_track_0,0.26814739903524715,43.99343225362741
38.975395,359,3785.204164,synthetic_track_0,0.2680374612549051,43.97539538170923
43.536341,390,3785.75854,synthetic_track_0,0.29583719695571037,48.536341315260366
29.490005,310,3786.223122,synthetic_track_0,0.21022240380450702,34.49000480050381
35.949074,344,3786.735153,synthetic_track_0,0.2495915241330854,40.949074455072996
44.957315,391,3788.671983,synthetic_track_0,0.30449827040428445,49.9573148148148
45.008661,393,3789.29317,synthetic_track_0,0.30481123488151335,50.00866113246061
31.570504,318,3789.815991,synthetic_track_0,0.2229033952241249,36.57050358190149
29.629972,318,3790.421049,synthetic_track_0,0.21107552822518172,34.629972115271364
32.898128,325,3790.874949,synthetic_track_0,0.23099549204140812,37.89812829279473
38.993035,357,3791.405059,synthetic_track_0,0.268144980019704,43.99303537938287
33.506864,326,3793.218611,synthetic_track_0,0.23470583894018648,38.50686399381642
29.886372,315,3793.687894,synthetic_track_0,0.21263833021694467,34.88637222878289
46.528102,395,3794.297601,synthetic_track_0,0.31407248253782744,51.528101831188266
40.503232,369,3794.811019,synthetic_track_0,0.2773498807460825,45.50323155493507
28.751673,303,3795.240263,synthetic_track_0,0.20572214946626255,33.75167343847696
45.196039,388,3795.82308,synthetic_track_0,0.30595333320302953,50.19603876623732
34.56654,337,3797.884518,synthetic_track_0,0.24116474228563692,39.56653985784913
33.625635,330,3798.367531,synthetic_track_0,0.2354297687615472,38.62563507892482
32.605942,329,3798.965994,synthetic_track_0,0.2292145684394958,37.605942196224326
40.337272,368,3799.572034,synthetic_track_0,0.27633832994956276,45.33727211770799
36.663699,355,3800.100585,synthetic_track_0,0.25394728441520803,41.663699491802944
45.992708,395,3801.963578,synthetic_track_0,0.31080916868408237,50.99270832200795
45.885566,397,3802.516726,synthetic_track_0,0.3101561196020391,50.88556624025541
48.131192,403,3803.13916,synthetic_track_0,0.32384358850804995,53.13119210948515
32.888662,330,3803.61383,synthetic_track_0,0.23093779589108726,37.88866241063601
36.338025,348,3804.096023,synthetic_track_0,0.2519622437548009,41.3380250600221
25.126385,285,3804.493037,synthetic_track_0,0.18362540529955293,30.126385179029423
39.278166,363,3806.314823,synthetic_track_0,0.2698828996150663,44.278166051005655
49.683427,411,3806.911839,synthetic_track_0,0.3333047240733743,54.68342729070639
48.619355,422,3807.540246,synthetic_track_0,0.3268190231989418,53.61935490714718
26.899468,295,3808.046177,synthetic_track_0,0.1944326456810794,31.89946818965693
30.357385,313,3808.501282,synthetic_track_0,0.2155092297797805,35.35738453723338
32.297668,325,3808.968477,synthetic_track_0,0.22733558589230768,37.29766812124587
39.49232,362,3810.908579,synthetic_track_0,0.2711882038620285,44.49231996100333
45.592708,402,3811.485481,synthetic_track_0,0.3083711011233138,50.5927083203285
36.197112,340,3812.032149,synthetic_track_0,0.2511033522606741,41.19711157402136
39.345937,365,3812.677691,synthetic_track_0,0.27029597406181455,44.34593684704584
27.221272,302,3813.192779,synthetic_track_0,0.19639409476769637,32.221272084908136
46.924453,395,3813.780051,synthetic_track_0,0.3164883092189578,51.92445289711393
30.979597,318,3815.645143,synthetic_track_0,0.21930172081102656,35.979597163035066
20.88339,259,3816.035111,synthetic_track_0,0.1577636337414027,25.883390098354717
36.504272,347,3816.615257,synthetic_track_0,0.2529755469101245,41.50427199688034
33.916819,329,3817.207851,synthetic_track_0,0.23720458099664274,38.91681851799044
32.806005,328,3817.679864,synthetic_track_0,0.23043398767381337,37.80600543631814
15.440311,224,3818.006051,synthetic_track_0,0.12458714614331423,20.44031078894862
45.477442,394,3819.911808,synthetic_track_0,0.3076685305680531,50.47744152961018
33.620589,327,3820.37108,synthetic_track_0,0.23539901122236132,38.62058886284616
44.825012,392,3820.990673,synthetic_track_0,0.3036918596831359,49.825011553410484
49.246535,415,3821.604024,synthetic_track_0,0.33064179059770643,54.24653480590436
33.315868,325,3822.060853,synthetic_track_0,0.2335416840404902,38.31586766158727
42.446639,380,3822.652512,synthetic_track_0,0.28919527458754896,47.44663855182184
13.054585,207,3824.491054,synthetic_track_0,0.1100457472502188,18.054585440211312
45.156209,393,3825.076143,synthetic_track_0,0.3057105612900426,50.15620854694189
39.561707,362,3825.620514,synthetic_track_0,0.27161112881529687,44.56170687412246
37.241383,353,3826.218702,synthetic_track_0,0.25746836052907757,42.24138260203525
14.834022,216,3826.542849,synthetic_track_0,0.1208917142624076,19.834022110835463
35.776346,336,3827.061893,synthetic_track_0,0.24853871764082605,40.776346428398
45.525012,398,3829.036105,synthetic_track_0,0.3079584780225149,50.52501157407406
37.548311,354,3829.594078,synthetic_track_0,0.25933914150107273,42.54831109080283
27.126188,302,3830.029968,synthetic_track_0,0.19581453936943602,32.12618769758115
43.977727,383,3830.58408,synthetic_track_0,0.29852751780499326,48.97772709207296
29.84952,316,3831.044213,synthetic_track_0,0.21241371147361449,34.849520297706384
44.355191,380,3831.561854,synthetic_track_0,0.3008282256577073,49.35519126072767
41.278808,369,3833.41475,synthetic_track_0,0.2820771479048828,46.278807630793786
15.403549,220,3833.770108,synthetic_track_0,0.12436307395644174,20.40354852830927
34.931255,335,3834.24731,synthetic_track_0,0.24338774335651508,39.93125511282934
44.488479,391,3834.853858,synthetic_track_0,0.30164063851243605,49.488479258355376
46.560405,399,3835.398875,synthetic_track_0,0.31426937630231283,51.5604050812672
18.808603,246,3835.74208,synthetic_track_0,0.14511745569529683,23.808602950911464
26.015583,286,3836.145838,synthetic_track_0,0.18904521556183657,31.01558289811656
34.851098,339,3838.012122,synthetic_track_0,0.24289917099771074,39.851097799928354
27.694109,299,3838.482233,synthetic_track_0,0.19927611425175187,32.694108776151836
36.665142,351,3839.015052,synthetic_track_0,0.2539560762914583,41.66514192538085
45.425012,392,3839.62306,synthetic_track_0,0.30734896106585186,50.425011562748686
29.946417,311,3840.110087,synthetic_track_0,0.2130043138560495,34.94641710145674
34.514929,332,3840.633982,synthetic_track_0,0.24085016291770225,39.51492859418812
23.605236,273,3842.417042,synthetic_track_0,0.1743537416964853,28.60523559463102
41.678781,382,3842.988549,synthetic_track_0,0.2845150502560365,46.67878052746298
48.031192,424,3843.654832,synthetic_track_0,0.32323407186886705,53.03119215024696
32.788847,330,3844.192239,synthetic_track_0,0.23032940338619798,37.788846881774795
40.977824,367,3844.760276,synthetic_track_0,0.28024260074085855,45.97782381865553
29.555651,316,3845.201858,synthetic_track_0,0.21062252646584184,34.55565067011846
35.425952,349,3847.155087,synthetic_track_0,0.24640300529074977,40.42595214180652
43.35341,390,3847.709541,synthetic_track_0,0.2947222018956475,48.35341036081335
12.2764,202,3847.9864,synthetic_track_0,0.10530257276803157,17.27639953947166
6.549609,160,3848.40432,synthetic_track_0,0.07039681790265064,11.549609097137337
11.624802,197,3848.675021,synthetic_track_0,0.10133097838873696,16.624802436933972
40.102311,365,3849.196381,synthetic_track_0,0.2749062051266789,45.10231147068714
29.342073,304,3849.878542,synthetic_track_0,0.20932073736297324,34.34207346999789
34.320615,334,3851.720607,synthetic_track_0,0.2396657895844913,39.32061513754046
41.246386,371,3852.323056,synthetic_track_0,0.28187953223440626,46.24638594166816
32.355835,326,3852.824375,synthetic_track_0,0.22769012461363175,37.35583529077269
7.15685,164,3853.041075,synthetic_track_0,0.07409805202261499,12.156849715906354
32.53879,325,3853.509907,synthetic_track_0,0.22880526624712394,37.53879029269605
34.248811,343,3854.054862,synthetic_track_0,0.23922813097608525,39.248810956674255
27.973527,305,3855.838826,synthetic_track_0,0.20097921518933465,32.97352694686021
45.892708,400,3856.405226,synthetic_track_0,0.3101996517332299,50.892708311635886
6.341301,158,3856.630597,synthetic_track_0,0.06912714732911722,11.341301403077532
26.240958,297,3857.046045,synthetic_track_0,0.19041891607220437,31.24095819751186
6.784114,161,3857.298761,synthetic_track_0,0.07182616781503386,11.784114480234093
6.518911,159,3857.527043,synthetic_track_0,0.07020970667597205,11.518910812893695
45.163663,391,3858.06768,synthetic_track_0,0.3057559966902622,50.163662876943484
39.016392,362,3858.576233,synthetic_track_0,0.26828734237806756,44.016391969044626
19.884771,249,3860.29303,synthetic_track_0,0.15167688016588288,24.884770749322893
32.957877,332,3860.748637,synthetic_track_0,0.23135967038195118,37.95787698030974
36.594543,354,3861.26048,synthetic_track_0,0.2535257619737956,41.594542680898265
15.660161,228,3861.581867,synthetic_track_0,0.12592716864570197,20.660160727412432
13.240485,212,3861.927544,synthetic_track_0,0.11117883768150737,18.240485200214483
9.799947,190,3862.20487,synthetic_track_0,0.09020817593730472,14.799946936272397
8.397446,176,3862.456105,synthetic_track_0,0.08165969601183139,13.397446021380542
8.035682,171,3862.697526,synthetic_track_0,0.07945468624529661,13.03568249828971
34.479654,348,3864.457914,synthetic_track_0,0.2406351591060709,39.47965413075753
22.168843,274,3864.848631,synthetic_track_0,0.16559868830807908,27.168843336098945
16.442962,238,3865.193833,synthetic_track_0,0.13069847344430138,21.442961810599517
44.55686,393,3865.756099,synthetic_track_0,0.30205743176283134,49.5568601775476
30.004845,315,3866.335353,synthetic_track_0,0.21336044193011947,35.00484502712963
31.542757,331,3866.806394,synthetic_track_0,0.222734273968907,36.542756810868674
29.254763,313,3867.247904,synthetic_track_0,0.20878856668736487,34.25476322701595
14.562187,222,3868.882062,synthetic_track_0,0.11923483451532443,19.562187190310542
37.953732,362,3869.403989,synthetic_track_0,0.2618102493567213,42.95373182742012
8.559054,178,3869.650305,synthetic_track_0,0.08264472460185551,13.559054109689527
25.864054,290,3870.123785,synthetic_track_0,0.18812162207306363,30.864054120569538
22.909601,272,3870.506602,synthetic_track_0,0.17011373267975313,27.909601215541418
28.705545,309,3870.968313,synthetic_track_0,0.20544099080183248,33.70554532125253
25.716887,291,3871.385395,synthetic_track_0,0.18722461109039024,30.71688658495673
45.26469,388,3873.282009,synthetic_track_0,0.3063717742498292,50.264690030097235
13.312641,209,3873.583751,synthetic_track_0,0.11161864208432665,18.312641429474546
28.572773,306,3874.029878,synthetic_track_0,0.20463172050156878,33.572772904821804
31.746161,325,3874.509779,synthetic_track_0,0.22397405520324057,36.74616072952762
33.869669,336,3874.97502,synthetic_track_0,0.2369171995199602,38.86966945903679
25.040245,283,3875.443979,synthetic_track_0,0.18310036842147465,30.040245337996108
30.509987,316,3875.926155,synthetic_track_0,0.21643936974300604,35.50998735794236
45.52608,403,3878.046158,synthetic_track_0,0.30796499259062354,50.52608038254201
46.428102,397,3878.614637,synthetic_track_0,0.3134629656533584,51.428101831707366
30.643047,318,3879.057974,synthetic_track_0,0.217250388129588,35.64304657304162
7.523266,169,3879.295101,synthetic_track_0,0.07633141835781874,12.523265541377045
49.973743,413,3879.877011,synthetic_track_0,0.33507424884583903,54.973743245582796
42.742846,384,3880.472227,synthetic_track_0,0.2910007088481483,47.742845974000176
45.180555,392,3882.458888,synthetic_track_0,0.30585895508433325,50.18055468029792
14.438524,214,3882.808563,synthetic_track_0,0.11848108623672012,19.438523959004282
30.517763,315,3883.367729,synthetic_track_0,0.21648676341145737,35.51776296997427
32.205483,327,3883.888738,synthetic_track_0,0.22677370352033444,37.20548324772165
39.090595,356,3884.482131,synthetic_track_0,0.2687396205538314,44.090594699918945
22.969563,274,3884.893087,synthetic_track_0,0.17047921087337337,27.969563162623725
28.515338,307,3886.602038,synthetic_track_0,0.2042816455570491,33.515338081993654
31.800289,323,3887.160106,synthetic_track_0,0.22430397822831988,36.80028934052649
7.66519,169,3887.4186,synthetic_track_0,0.07719647178328197,12.665189980718267
29.203381,310,3887.951906,synthetic_track_0,0.2084753828645984,34.20338092258421
43.960651,384,3888.583744,synthetic_track_0,0.29842343700763757,48.96065114233843
46.360405,403,3889.284413,synthetic_track_0,0.31305034254512987,51.36040508423398
46.516131,402,3891.357708,synthetic_track_0,0.3139995161789206,51.516130651982685
33.343571,332,3891.896829,synthetic_track_0,0.23371054069086936,38.343571020395736
46.065857,414,3892.51298,synthetic_track_0,0.3112550236874824,51.065857239198984
10.629353,194,3892.790051,synthetic_track_0,0.09526354820991405,15.629353368675162
45.225012,395,3893.402071,synthetic_track_0,0.3061299273086688,50.225011565715455
46.005886,410,3894.06397,synthetic_track_0,0.31088948988669673,51.00588616896249
31.00899,323,3896.307736,synthetic_track_0,0.2194808732935108,36.00898970098097
26.997363,302,3896.786392,synthetic_track_0,0.19502932879828513,31.997362625284936
21.779337,266,3897.268589,synthetic_track_0,0.16322458070878096,26.77933688476538
29.593364,312,3897.76057,synthetic_track_0,0.210852395249622,34.59336394573791
45.04051,391,3898.386517,synthetic_track_0,0.30500536102687587,50.0405103148707
35.212022,334,3898.902983,synthetic_track_0,0.24509906453453367,40.21202193204977
35.385118,344,3899.436104,synthetic_track_0,0.246154116635979,40.385118383165754
12.063743,202,3901.142021,synthetic_track_0,0.10400639570909165,17.063743075764236
46.528102,402,3901.823809,synthetic_track_0,0.31407248253782744,51.528101831188266
30.3825,319,3902.315013,synthetic_track_0,0.21566231105862332,35.38249971975725
30.268101,318,3902.807847,synthetic_track_0,0.21496502871309955,35.26810053580164
37.113281,356,3903.317586,synthetic_track_0,0.2566875577129891,42.11328068526628
34.397447,335,3903.816086,synthetic_track_0,0.24013409115025133,39.39744673569004
44.016337,389,3905.714025,synthetic_track_0,0.29876285035037164,49.01633677625944
38.840536,364,3906.256915,synthetic_track_0,0.26721547206984203,43.84053624954389
45.382706,394,3906.805001,synthetic_track_0,0.30709110232652875,50.38270613289842
42.896276,380,3907.390873,synthetic_track_0,0.29193588824578615,47.89627558630665
36.549091,349,3907.883666,synthetic_track_0,0.25324872694591116,41.549091105477565
45.389086,402,3909.869838,synthetic_track_0,0.3071299889625851,50.389086044078134
48.731192,432,3910.535449,synthetic_track_0,0.3275006898243824,53.73119210793218
33.318555,329,3911.034603,synthetic_track_0,0.23355806210622593,38.31855471851187
38.900087,360,3911.590748,synthetic_track_0,0.26757844610094966,43.90008735279834
39.644367,364,3912.175007,synthetic_track_0,0.2721149532755203,44.64436651332951
33.160673,328,3912.762962,synthetic_track_0,0.2325957468649046,38.16067308129286
27.146289,299,3915.359116,synthetic_track_0,0.19593706082535428,32.14628910221886
12.342626,205,3915.779149,synthetic_track_0,0.10570623299523564,17.342625797577757
24.317555,281,3916.316408,synthetic_track_0,0.17869544780638136,29.317554842544983
45.692708,397,3916.985655,synthetic_track_0,0.3089806180409793,50.69270832525576
30.872549,320,3917.500901,synthetic_track_0,0.21864924289905707,35.872548789936936
37.596429,352,3918.053181,synthetic_track_0,0.25963242928759567,42.59642916471902
13.772947,211,3918.380175,synthetic_track_0,0.11442428214738448,18.772946979654332
35.407353,347,3921.444591,synthetic_track_0,0.24628963933804005,40.40735282897206
27.369329,301,3921.997004,synthetic_track_0,0.19729652782229587,32.36932918929847
40.219028,362,3922.600288,synthetic_track_0,0.27561760905908994,45.2190275038021
13.773849,210,3922.966058,synthetic_track_0,0.11442978046638481,18.77384905785953
31.031013,319,3923.594227,synthetic_track_0,0.2196151111421711,36.03101334813234
34.066891,333,3924.284514,synthetic_track_0,0.23811929835408546,39.06689103870352
8.955142,173,3924.608543,synthetic_track_0,0.08505894853396516,13.955142221617812
40.502145,369,3926.823251,synthetic_track_0,0.27734325817362965,45.50214502680316
45.425012,398,3927.542054,synthetic_track_0,0.3073489610658518,50.42501156274868
46.339683,402,3928.203641,synthetic_track_0,0.31292403715393163,51.33968287066436
37.438927,354,3928.752074,synthetic_track_0,0.25867242537336,42.43892673390636
34.12384,340,3929.36956,synthetic_track_0,0.2384664143072179,39.123840396494145
34.455959,344,3931.459616,synthetic_track_0,0.24049073566371112,39.455959390662535
26.33471,295,3931.933911,synthetic_track_0,0.19099035042352783,31.33471021044501
49.566586,419,3932.633035,synthetic_track_0,0.3325925544509274,54.56658563514332
42.841265,375,3933.246041,synthetic_track_0,0.2916005913109709,47.84126530822932
40.142447,363,3933.80688,synthetic_track_0,0.27515083559168146,45.1424466121354
44.189618,393,3934.365252,synthetic_track_0,0.29981902887853834,49.1896180338581
45.228037,396,3936.263001,synthetic_track_0,0.3061483677236659,50.22803698065822
33.403977,336,3936.745373,synthetic_track_0,0.23407872281524647,38.40397658615568
35.731293,349,3937.268099,synthetic_track_0,0.2482641098117584,40.73129306980542
37.46738,357,3937.754578,synthetic_track_0,0.2588458553979975,42.46738042044997
14.970426,218,3938.088888,synthetic_track_0,0.1217231173847297,19.97042573462196
48.716572,499,3938.819882,synthetic_track_0,0.3274115791997731,53.71657223005556
16.739565,231,3940.443022,synthetic_track_0,0.1325063171011693,21.739564528842237
26.8747,303,3940.873212,synthetic_track_0,0.1942816769509259,31.874699601088402
28.287951,311,3941.316007,synthetic_track_0,0.20289568281409057,33.287950987217535
33.803275,343,3941.807916,synthetic_track_0,0.23651251105808893,38.803274504264856
48.593435,402,3942.366137,synthetic_track_0,0.3266610381659254,53.59343519331777
43.654258,384,3942.914278,synthetic_track_0,0.29655591764864164,48.65425776803042
45.782073,400,3944.804567,synthetic_track_0,0.3095253090853861,50.78207271457105
30.43904,319,3945.244201,synthetic_track_0,0.21600693329404647,35.43903994734002
42.792601,396,3945.78849,synthetic_track_0,0.2913039771794429,47.792601499638245
29.520019,312,3946.245829,synthetic_track_0,0.2104053448665926,34.52001890934926
34.924934,346,3946.698638,synthetic_track_0,0.24334921231520482,39.92493354207518
45.592708,402,3947.280614,synthetic_track_0,0.30837110112331384,50.592708320328505
30.88127,317,3949.03065,synthetic_track_0,0.21870240010993552,35.881269993886654
31.456497,318,3949.518562,synthetic_track_0,0.2222085034782382,36.4564966101529
31.961399,322,3949.977775,synthetic_track_0,0.2252859707052173,36.961399310868885
37.784904,357,3950.476081,synthetic_track_0,0.26078121289278744,42.78490361530446
46.699113,398,3951.016929,synthetic_track_0,0.315114824869667,51.69911306204807
41.139806,366,3951.54312,synthetic_track_0,0.2812299124628486,46.139806487556505
31.616857,323,3953.243318,synthetic_track_0,0.22318592920321836,36.61685733925031
29.484794,312,3953.717243,synthetic_track_0,0.21019064072822352,34.484793611621605
36.205807,352,3954.195255,synthetic_track_0,0.25115635088018223,41.20580675877891
9.452788,181,3954.44235,synthetic_track_0,0.08809218115882508,14.452787600507827
46.928102,409,3955.038052,synthetic_track_0,0.3165105501633603,51.92810184349323
33.309577,325,3955.48801,synthetic_track_0,0.23350334400229325,38.30957742763726
47.523161,402,3957.34754,synthetic_track_0,0.3201375343439191,52.52316069323959
27.594109,301,3957.795052,synthetic_track_0,0.19866659761256897,32.594108816913646
45.425012,404,3958.430439,synthetic_track_0,0.30734896106585186,50.425011562748686
28.841979,310,3958.902141,synthetic_track_0,0.2062725749292309,33.8419786415216
29.599235,310,3959.366699,synthetic_track_0,0.21088817800530643,34.59923462076111
26.713415,297,3959.838624,synthetic_track_0,0.193298619953762,31.713414980906425
45.946247,399,3961.815128,synthetic_track_0,0.3105259767447834,50.94624661683703
47.354609,392,3962.369221,synthetic_track_0,0.3191101810871885,52.354608635441785
9.811639,179,3962.617778,synthetic_track_0,0.09027943965512007,14.811638772751628
29.798243,314,3963.081113,synthetic_track_0,0.2121011702660476,34.79824342352811
46.719804,404,3963.633238,synthetic_track_0,0.31524093974063094,51.71980401803679
38.978425,359,3964.170443,synthetic_track_0,0.2680559294766171,43.97842535874297
41.715587,374,3965.990291,synthetic_track_0,0.2847393896389997,46.71558662545879
44.342371,385,3966.550367,synthetic_track_0,0.30075008237719725,49.34237073317617
46.328102,406,3967.12061,synthetic_track_0,0.3128534490141755,51.328101872469176
27.560219,306,3967.563988,synthetic_track_0,0.19846003361328496,32.56021902592095
45.392708,398,3968.102167,synthetic_track_0,0.3071520673013664,50.39270831266975
35.799501,350,3968.601062,synthetic_track_0,0.24867984889103537,40.79950103708446
50.487296,419,3970.485665,synthetic_track_0,0.3382044396763205,55.48729601073049
30.197199,313,3970.946187,synthetic_track_0,0.21453287233029147,35.19719907407409
48.515798,407,3971.49124,synthetic_track_0,0.3261878293258224,53.51579848632829
33.171604,327,3971.991935,synthetic_track_0,0.2326623737100846,38.171604172216156
42.754132,376,3972.508618,synthetic_track_0,0.29106949835865853,47.75413188123358
29.29962,308,3974.258788,synthetic_track_0,0.20906197567836782,34.299619899004924
35.311092,348,3974.735004,synthetic_track_0,0.2457029156908803,40.31109238745448
35.749482,351,3975.255054,synthetic_track_0,0.2483749772834448,40.749482470941935
45.930815,392,3975.815061,synthetic_track_0,0.3104319154789015,50.930814515152825
25.723322,294,3976.236205,synthetic_track_0,0.18726383448524628,30.723321746254452
33.773297,339,3976.726229,synthetic_track_0,0.23632979442356453,38.7732972159843
33.753029,337,3978.499935,synthetic_track_0,0.236206256202423,38.753028996407764
30.821355,317,3978.963157,synthetic_track_0,0.21833720997148662,35.82135530639258
41.614408,369,3979.501863,synthetic_track_0,0.28412269138360946,46.614408418931134
34.548151,341,3979.965127,synthetic_track_0,0.24105266019292704,39.548151180687924
44.389618,396,3980.516,synthetic_track_0,0.3010380627860539,49.38961805555554
41.286088,378,3981.086535,synthetic_track_0,0.2821215225901822,46.28608793527751
28.830975,310,3982.815199,synthetic_track_0,0.2062055063262841,33.83097507389163
39.255456,366,3983.363106,synthetic_track_0,0.2697444805061028,44.25545640804547
47.128102,410,3983.933077,synthetic_track_0,0.31772958392054335,52.128101840526455
27.979059,301,3984.348829,synthetic_track_0,0.2010129355888408,32.97905926273042
39.152832,359,3984.856085,synthetic_track_0,0.2691189696227729,44.15283236332719
45.933403,400,3985.479561,synthetic_track_0,0.31044768979731263,50.93340251865711
10.21064,182,3987.055123,synthetic_track_0,0.09271142054220939,15.210640168190176
35.854216,353,3987.580439,synthetic_track_0,0.24901334649308066,40.8542161087768
27.328372,296,3988.000615,synthetic_track_0,0.1970468844259925,32.32837160446881
38.15757,355,3988.519943,synthetic_track_0,0.2630526802762215,43.157570464988474
37.06312,354,3988.997815,synthetic_track_0,0.2563818226573871,42.063120458075645
29.767219,313,3989.434146,synthetic_track_0,0.21191207127514053,34.76721901801223
35.047322,343,3991.230165,synthetic_track_0,0.24409518826593818,40.04732161135908
37.107721,361,3991.749271,synthetic_track_0,0.25665367059965777,42.10772101759851
40.252932,368,3992.362274,synthetic_track_0,0.2758242650130743,45.25293238128415
41.616902,373,3992.935671,synthetic_track_0,0.28413788798348166,46.616901639411246
45.866469,402,3993.635047,synthetic_track_0,0.3100397190600004,50.86646905945526
29.379934,312,3994.239445,synthetic_track_0,0.20955150410080298,34.37993406787663
40.095596,367,3996.530043,synthetic_track_0,0.27486527183397785,45.09559577608842
33.78502,341,3997.038479,synthetic_track_0,0.23640124837093923,38.78502026235504
37.46949,355,3997.574184,synthetic_track_0,0.25885871646589376,42.469490463363826
28.927499,314,3998.024865,synthetic_track_0,0.20679383885794905,33.92749947602094
27.006406,300,3998.465904,synthetic_track_0,0.19508445013141965,32.00640607170175
36.756649,350,3999.092672,synthetic_track_0,0.25451382807381545,41.75664911635027
47.157159,412,4001.07685,synthetic_track_0,0.3179066891924637,52.15715850417496
45.860405,405,4001.669464,synthetic_track_0,0.31000275803512795,50.86040507244811
45.978424,408,4002.300306,synthetic_track_0,0.31072210304883735,50.97842395400903
34.953283,340,4002.811975,synthetic_track_0,0.24352200597421986,39.95328282369822
32.0159,327,4003.336666,synthetic_track_0,0.22561816437307652,37.01590045342939
27.935904,301,4003.76225,synthetic_track_0,0.20074989417011674,32.93590353988482
29.113638,308,4005.500445,synthetic_track_0,0.20792838186334348,34.11363755166972
40.274463,367,4006.076143,synthetic_track_0,0.27595549687294346,45.27446285279886
45.760405,401,4006.643152,synthetic_track_0,0.30939324139594504,50.76040511320992
38.672753,356,4007.14927,synthetic_track_0,0.26619280233245635,43.672752590364716
29.027211,310,4007.585569,synthetic_track_0,0.20740159920290518,34.02721128996531
26.422436,292,4008.002301,synthetic_track_0,0.19152505608012993,31.422436353469294
26.452482,295,4009.680438,synthetic_track_0,0.19170819104923084,31.452482275545727
27.012757,298,4010.122116,synthetic_track_0,0.1951231572001892,32.01275652228891
37.377994,359,4010.613192,synthetic_track_0,0.25830103126886816,42.377994196674436
30.042299,312,4011.046998,synthetic_track_0,0.2135887307961226,35.042299094545164
29.084508,313,4011.470658,synthetic_track_0,0.20775083302298944,34.08450811424863
46.328172,418,4012.310703,synthetic_track_0,0.31285387704779843,51.32817209753293
49.500182,409,4014.142857,synthetic_track_0,0.332187814189134,54.50018218185015
26.961642,296,4014.580389,synthetic_track_0,0.19481160358983296,31.961641677618058
29.401103,315,4015.039785,synthetic_track_0,0.20968053426829777,34.401103320134084
45.683769,403,4015.593169,synthetic_track_0,0.3089261342298577,50.683769473481995
16.154534,229,4015.900959,synthetic_track_0,0.1289404550421772,21.154533641045223
33.483664,332,4016.368804,synthetic_track_0,0.23456442862361912,38.483663600285645
30.236984,318,4018.16193,synthetic_track_0,0.21477536832982494,35.236984025804496
46.437178,402,4018.752961,synthetic_track_0,0.31351828380008134,51.43717756822022
29.679415,315,4019.22621,synthetic_track_0,0.2113768907173106,34.67941496062044
30.757788,320,4019.706442,synthetic_track_0,0.2179497547106024,35.75778770576566
45.760405,409,4020.542986,synthetic_track_0,0.30939324139594504,50.76040511320992
36.379743,349,4021.048604,synthetic_track_0,0.2522165192976871,41.37974261503089
39.468763,361,4022.877844,synthetic_track_0,0.27104461912761457,44.468762822993334
46.200869,400,4023.437788,synthetic_track_0,0.3120779418145862,51.20086877764864
42.370614,376,4023.978832,synthetic_track_0,0.2887318903061884,47.3706137048057
9.721322,181,4024.237698,synthetic_track_0,0.08972894069079929,14.72132151075441
45.327882,399,4024.85293,synthetic_track_0,0.30675693834376866,50.32788173187849
45.946222,406,4026.824199,synthetic_track_0,0.31052582643473947,50.946221956315405
43.889618,382,4027.366967,synthetic_track_0,0.29799047826862224,48.889618042550715
27.283289,300,4027.795101,synthetic_track_0,0.19677209605354665,32.283288625141864
38.357753,361,4028.298819,synthetic_track_0,0.2642728263037488,43.35775294594739
34.431,344,4028.797604,synthetic_track_0,0.2403386040001663,39.43100000616777
42.292185,386,4029.333103,synthetic_track_0,0.2882538525686194,47.29218474782874
45.632879,403,4031.146209,synthetic_track_0,0.3086159510046705,50.632879460181165
35.203122,349,4031.637693,synthetic_track_0,0.2450448179955763,40.20312200818252
47.463239,402,4032.218539,synthetic_track_0,0.3197723008611367,52.46323889448505
40.99936,364,4032.742106,synthetic_track_0,0.2803738674579851,45.99936000900397
45.415569,405,4033.301968,synthetic_track_0,0.30729140933353477,50.41556937443778
46.44816,399,4035.36611,synthetic_track_0,0.31358522117001464,51.44815960518941
31.039112,318,4035.805845,synthetic_track_0,0.2196644762979376,36.03911241097508
45.678489,391,4036.338475,synthetic_track_0,0.3088939507348787,50.67848930887425
46.828102,399,4036.91326,synthetic_track_0,0.3159010332774403,51.82810184377427
43.68354,384,4037.454095,synthetic_track_0,0.29673439950208275,48.683540279649456
45.792708,400,4038.000705,synthetic_track_0,0.30959013492689935,50.79270832497472
31.036976,319,4039.746123,synthetic_track_0,0.21965145414418344,36.03697593961253
46.489691,402,4040.293119,synthetic_track_0,0.31383836103540347,51.48969083599285
30.176255,317,4040.835105,synthetic_track_0,0.2144052168185505,35.17625535383744
14.941252,222,4041.134288,synthetic_track_0,0.12154529883087682,19.941252046827447
30.221983,318,4041.61517,synthetic_track_0,0.21468393542443814,35.22198314441106
27.439611,302,4042.109975,synthetic_track_0,0.1977249067574672,32.43961090648516
37.791794,354,4043.857568,synthetic_track_0,0.2608232131845274,42.79179436642097
38.01818,356,4044.441145,synthetic_track_0,0.26220306886139716,43.018179509288515
34.324359,345,4045.036224,synthetic_track_0,0.23968860626481558,39.32435854166711
42.581092,385,4045.662899,synthetic_track_0,0.2900147892140134,47.581091697106615
27.782867,302,4046.206141,synthetic_track_0,0.19981711079229683,32.78286702904387
14.709583,222,4046.528122,synthetic_track_0,0.12013323684594139,19.709582996537634
46.918984,395,4047.070492,synthetic_track_0,0.31645497769371805,51.91898438165258
34.834631,332,4048.874972,synthetic_track_0,0.242798804452184,39.83463122655473
45.191393,396,4049.451353,synthetic_track_0,0.30592501346461354,50.19139250638947
35.028584,344,4049.91516,synthetic_track_0,0.24398097830312007,40.028583826543695
35.66022,347,4050.437913,synthetic_track_0,0.2478309070562829,40.66021993561257
30.670502,321,4050.916779,synthetic_track_0,0.21741773639551934,35.67050245971627
45.960405,397,4052.797713,synthetic_track_0,0.3106122749195969,50.96040507192901
31.099261,323,4053.280491,synthetic_track_0,0.2200310909618811,36.099260812337214
29.331802,310,4053.744897,synthetic_track_0,0.20925813243706942,34.331802232699296
45.325012,402,4054.310444,synthetic_track_0,0.3067394441149993,50.325011552376615
36.19106,352,4054.803077,synthetic_track_0,0.25106646408256006,41.19105953857124
37.774642,358,4055.342911,synthetic_track_0,0.2607186669328411,42.77464205221812
46.533889,399,4057.305327,synthetic_track_0,0.3141077541586483,51.53388864719558
36.144843,341,4057.895073,synthetic_track_0,0.25078476439831066,41.144842659274694
44.808584,387,4058.496991,synthetic_track_0,0.3035917293422939,49.80858373280804
38.765774,360,4059.035898,synthetic_track_0,0.2667597833502262,43.7657739699645
37.289055,355,4059.638386,synthetic_track_0,0.2577589331400411,42.289055212402445
41.311298,371,4060.263155,synthetic_track_0,0.2822751842301417,46.31129833437838
38.08761,364,4062.136586,synthetic_track_0,0.2626262567842849,43.087609566350785
45.225012,396,4062.69775,synthetic_track_0,0.3061299273086688,50.225011565715455
44.14467,394,4063.256098,synthetic_track_0,0.2995450618133689,49.14466980178641
43.075191,385,4063.800432,synthetic_track_0,0.29302640869959806,48.07519113006571
15.094074,218,4064.123979,synthetic_track_0,0.12247677376224207,20.094073888234096
28.825508,304,4064.574051,synthetic_track_0,0.20617218653507172,33.825508483566004
46.393194,401,4066.491758,synthetic_track_0,0.3132501949325839,51.393193738906064
36.844829,352,4067.030272,synthetic_track_0,0.25505130070338916,41.844829221032995
43.166317,377,4067.605041,synthetic_track_0,0.29358183875263344,48.16631740799254
35.891236,350,4068.090262,synthetic_track_0,0.24923898675505032,40.89123563465834
32.044081,321,4068.595364,synthetic_track_0,0.2257899275681353,37.04408067263969
46.573797,399,4070.432937,synthetic_track_0,0.3143510047606202,51.57379740229449
46.974064,398,4071.092435,synthetic_track_0,0.316790696837193,51.97406392912479
32.885167,327,4071.537843,synthetic_track_0,0.2309164910628994,37.8851670475673
40.917369,365,4072.036187,synthetic_track_0,0.27987411838980597,45.91736899639728
38.451654,357,4072.567055,synthetic_track_0,0.2648451665490388,43.451653583797246
31.844523,322,4073.052228,synthetic_track_0,0.22457358977795794,36.844522987716324
46.486732,400,4074.936195,synthetic_track_0,0.31382032591336384,51.48673191518105
46.257569,400,4075.526205,synthetic_track_0,0.31242354150098456,51.25756937010317
46.628773,395,4076.10502,synthetic_track_0,0.3146860880311687,51.62877262567997
50.772188,415,4076.673212,synthetic_track_0,0.33994090566387886,55.772188197114644
46.536601,403,4077.25486,synthetic_track_0,0.3141242879713197,51.536601256641994
45.677954,397,4079.234323,synthetic_track_0,0.3088906896272513,50.67795427732819
42.829267,377,4079.829677,synthetic_track_0,0.29152745864533147,47.829266844015564
40.520101,367,4080.363222,synthetic_track_0,0.27745270060988503,45.52010063040922
47.103694,400,4080.934987,synthetic_track_0,0.31758081370161906,52.10369394930264
40.477628,371,4081.530567,synthetic_track_0,0.2771938208288725,45.477627684004425
36.524991,350,4083.355894,synthetic_track_0,0.2531018339415452,41.52499119826475
32.775869,322,4083.872163,synthetic_track_0,0.23025029922933998,37.7758687086572
15.841264,226,4084.249418,synthetic_track_0,0.12703102522906798,20.8412642547737
36.894448,354,4084.815406,synthetic_track_0,0.25535373379769294,41.89444771404609
40.798974,372,4085.409339,synthetic_track_0,0.2791524810333211,45.79897402307877
20.456889,254,4085.787817,synthetic_track_0,0.15516404053947747,25.456889495226157
13.537711,210,4086.106328,synthetic_track_0,0.11299047916400334,18.53771100630023
33.662134,330,4088.093243,synthetic_track_0,0.235652235094223,38.66213387611808
41.642787,367,4088.661061,synthetic_track_0,0.28429566345417817,46.642786971532104
46.528102,408,4089.365386,synthetic_track_0,0.31407248253782744,51.528101831188266
43.067822,376,4089.915956,synthetic_track_0,0.2929814926629041,48.067822009110195
27.562801,299,4090.360623,synthetic_track_0,0.1984757715921003,32.56280106739259
31.368719,319,4090.856261,synthetic_track_0,0.22167348626061767,36.36871935106854
40.584429,363,4092.777824,synthetic_track_0,0.27784479343601515,45.58442909022479
41.004892,365,4093.259971,synthetic_track_0,0.28040758474269967,46.00489181384789
46.249332,395,4093.912047,synthetic_track_0,0.31237333166950504,51.24933172607751
34.574092,339,4094.366233,synthetic_track_0,0.24121077631412502,39.57409240141636
46.568707,407,4094.906408,synthetic_track_0,0.3143199794495362,51.5687072543899
19.175136,250,4095.289876,synthetic_track_0,0.1473515355056514,24.175135832228396
35.762865,342,4097.070347,synthetic_track_0,0.24845654492994068,40.7628648149181
43.28883,377,4097.53767,synthetic_track_0,0.29432857390962075,48.288830035966996
45.192708,396,4098.178746,synthetic_track_0,0.3059330337777145,50.192708353950664
42.91328,381,4098.678539,synthetic_track_0,0.29203953396585997,47.91328015536401
31.270261,318,4099.152987,synthetic_track_0,0.22107336522911,36.270260876220014
41.485619,369,4099.751951,synthetic_track_0,0.2833376992224355,46.48561917992869
39.619834,359,4101.609496,synthetic_track_0,0.2719654208538311,44.61983357179446
31.111252,318,4102.105101,synthetic_track_0,0.22010417714907582,36.111251651094534
40.470132,366,4102.746917,synthetic_track_0,0.27714813464664406,45.47013220961227
42.172344,373,4103.419309,synthetic_track_0,0.287523403270811,47.17234404896885
39.079447,362,4104.022923,synthetic_track_0,0.26867167420275745,44.07944712510149
41.958832,375,4105.899054,synthetic_track_0,0.28622201152307447,46.95883204066498
47.207217,408,4106.560493,synthetic_track_0,0.3182118070099028,52.20721746457949
38.248849,356,4107.125333,synthetic_track_0,0.26360903840001915,43.24884900625388
41.396545,370,4107.763376,synthetic_track_0,0.282794778521524,46.39654524089152
39.863428,363,4108.2487,synthetic_track_0,0.2734501695253201,44.86342791702333
37.804213,357,4108.758472,synthetic_track_0,0.2608989082224182,42.80421322460631
43.178634,386,4110.5679,synthetic_track_0,0.293656909985371,48.17863392198267
29.698997,310,4111.042262,synthetic_track_0,0.21149624900917738,34.698997402762494
43.028865,376,4111.562373,synthetic_track_0,0.29274404371222773,48.02886509823633
43.789618,388,4112.205288,synthetic_track_0,0.2973809614500932,48.78961805388821
49.992691,411,4112.76074,synthetic_track_0,0.33518973927358264,54.99269110906072
46.895799,395,4114.463024,synthetic_track_0,0.316313656632406,51.89579863172843
46.905396,405,4115.002133,synthetic_track_0,0.31637215201892593,51.905395640065166
42.352562,374,4115.522095,synthetic_track_0,0.2886218646189696,47.35256241050177
41.989472,369,4116.037507,synthetic_track_0,0.2864087681489618,46.98947214755563
44.089618,389,4116.62523,synthetic_track_0,0.2992095120722078,49.089618047196936
45.291483,394,4117.144071,synthetic_track_0,0.30653508296897625,50.29148317110129
41.193583,368,4118.909482,synthetic_track_0,0.2815576885611117,46.193582864374534
40.557656,363,4119.380538,synthetic_track_0,0.2776816069786239,45.55765600801784
44.115039,383,4119.859819,synthetic_track_0,0.29936445475902523,49.115038620434724
40.46447,363,4120.319999,synthetic_track_0,0.2771136246541783,45.46447034967599
44.782667,391,4120.812128,synthetic_track_0,0.30343376379433135,49.78266721578158
45.760405,395,4122.632019,synthetic_track_0,0.30939324139594504,50.76040511320992
35.037719,346,4123.116067,synthetic_track_0,0.24403665617104925,40.037718580487166
44.957315,394,4123.707571,synthetic_track_0,0.30449827040428445,49.9573148148148
33.895163,331,4124.107872,synthetic_track_0,0.23707258650025867,38.8951629250016
46.992906,400,4124.663041,synthetic_track_0,0.31690554080169475,51.99290573102264
42.389041,380,4125.155167,synthetic_track_0,0.28884420926679316,47.38904124354723
38.817354,361,4126.87527,synthetic_track_0,0.2670741732821361,43.81735415392475
42.261891,371,4127.364225,synthetic_track_0,0.28806920495520144,47.261890654725754
41.174838,368,4127.90812,synthetic_track_0,0.2814434330503355,46.17483760676241
41.069665,367,4128.407538,synthetic_track_0,0.28080239043613847,46.06966535851078
39.551105,360,4128.891024,synthetic_track_0,0.27154651083710324,44.551105366681945
41.177793,369,4130.571024,synthetic_track_0,0.28146144652160865,46.177792975455
39.512484,361,4131.096926,synthetic_track_0,0.27131110450424745,44.51248357659997
45.933106,396,4131.610112,synthetic_track_0,0.310445884537998,50.93310633993733
43.912149,393,4132.209921,synthetic_track_0,0.29812780863361427,48.91214906142458
47.907908,403,4132.895281,synthetic_track_0,0.3224826364112194,52.90790837043804
42.130361,371,4134.839905,synthetic_track_0,0.28726751177920445,47.13036137436237
43.127437,378,4135.460543,synthetic_track_0,0.2933448558292241,48.127436955585445
33.837497,332,4135.945962,synthetic_track_0,0.23672110415931727,38.83749719857582
45.025012,391,4136.524104,synthetic_track_0,0.3049108935050833,50.02501156106924
44.202394,393,4137.134643,synthetic_track_0,0.2998968981637024,49.20239360853766
14.622155,213,4137.454384,synthetic_track_0,0.11960034852606283,19.62215501370553
27.534019,298,4137.966117,synthetic_track_0,0.19830033787879153,32.53401864694317
39.914116,363,4140.069391,synthetic_track_0,0.2737591224796313,44.914116086716376
31.254985,318,4140.67222,synthetic_track_0,0.2209802585682322,36.25498539119787
43.612842,387,4141.388092,synthetic_track_0,0.2963034793346126,48.61284163680404
42.550014,384,4142.119833,synthetic_track_0,0.28982536829333044,47.55001447438707
49.073276,402,4142.780364,synthetic_track_0,0.3295857461182127,54.07327554091585
37.650694,349,4144.738711,synthetic_track_0,0.2599631839958538,42.650694225288966
42.459507,379,4145.300002,synthetic_track_0,0.28927370996300306,47.45950700174432
32.487044,322,4145.76643,synthetic_track_0,0.22848986586401213,37.48704432970286
40.328451,366,4146.450251,synthetic_track_0,0.27628456571303484,45.32845132248167
50.836993,417,4147.055207,synthetic_track_0,0.3403359024167291,55.83699308781819
47.271381,410,4147.718811,synthetic_track_0,0.31860289315707996,52.27138076425374
44.894253,392,4149.677003,synthetic_track_0,0.3041138951481586,49.894252533207066
43.889618,393,4150.242928,synthetic_track_0,0.2979904782686223,48.88961804255072
47.531909,406,4150.858866,synthetic_track_0,0.3201908553399356,52.53190876849367
36.193749,343,4151.334158,synthetic_track_0,0.2510828554444997,41.19374877692907
37.422828,352,4151.913207,synthetic_track_0,0.25857430390911496,42.42282849836344
42.162615,379,4153.833154,synthetic_track_0,0.2874641047060162,47.16261526769996
41.29134,367,4154.388003,synthetic_track_0,0.2821535319368068,46.29133952834639
29.15028,307,4154.826251,synthetic_track_0,0.20815172565152262,34.150280308041324
35.508643,337,4155.382082,synthetic_track_0,0.2469070225714006,40.508643415974184
38.407207,356,4155.866963,synthetic_track_0,0.26457425587170835,43.407206796049906
34.034429,331,4156.366234,synthetic_track_0,0.23792143959914494,39.03442946808012
28.207439,302,4158.096981,synthetic_track_0,0.20240494656210467,33.20743865655979
34.485983,337,4158.595515,synthetic_track_0,0.24067373562256586,39.48598316236891
40.618287,370,4159.143341,synthetic_track_0,0.278051160377311,45.61828655102415
34.706263,341,4159.653228,synthetic_track_0,0.24201637921153715,39.70626312773382
36.114165,343,4160.200183,synthetic_track_0,0.2505977779411046,41.11416484525511
43.360837,386,4160.728578,synthetic_track_0,0.29476746673404014,48.360836707697416
48.733894,406,4162.590214,synthetic_track_0,0.3275171595315713,53.733894199953426
38.535467,366,4163.118043,synthetic_track_0,0.2653560229061391,43.53546690668714
39.143169,359,4163.60853,synthetic_track_0,0.26906006976703173,44.14316899600527
23.716993,278,4164.057825,synthetic_track_0,0.17503492415533803,28.716993360933117
45.468087,390,4164.700223,synthetic_track_0,0.3076115107276975,50.4680866058152
20.05309,251,4165.114335,synthetic_track_0,0.1527028115801717,25.05308953344599
46.661008,401,4167.138765,synthetic_track_0,0.3148825680496333,51.6610079947815
37.64186,351,4167.672364,synthetic_track_0,0.25990933696928503,42.641859847167325
41.061338,369,4168.212392,synthetic_track_0,0.280751635285406,46.06133824702916
35.832799,341,4168.673352,synthetic_track_0,0.24888280469312365,40.83279885150211
44.725012,391,4169.274353,synthetic_track_0,0.30308234279866686,49.72501155392958
42.5756,383,4171.092051,synthetic_track_0,0.2899813138767457,47.57559958721649
38.915849,355,4171.653075,synthetic_track_0,0.2676745147256983,43.91584879053663
40.174858,363,4172.176028,synthetic_track_0,0.27534838861672695,45.17485802337828
42.871484,382,4172.725979,synthetic_track_0,0.29178478079118586,47.871484238000114
18.860733,240,4173.089046,synthetic_track_0,0.14543519716372177,23.860733002575635
39.805799,362,4173.630132,synthetic_track_0,0.27309890924526864,44.80579862287603
46.266579,396,4175.451321,synthetic_track_0,0.31247845369352023,51.266578504000826
40.749599,370,4176.062958,synthetic_track_0,0.2788515349100851,45.74959948902694
42.100394,374,4176.595211,synthetic_track_0,0.28708485254750404,47.100393503839584
47.128102,403,4177.156401,synthetic_track_0,0.31772958392054335,52.12810184052646
43.799707,375,4177.67336,synthetic_track_0,0.2974424546537802,48.79970689718931
30.950533,313,4178.192093,synthetic_track_0,0.21912456811734837,35.95053271916606
34.777725,332,4179.96508,synthetic_track_0,0.24245195266789618,39.77772520945735
9.281776,175,4180.273291,synthetic_track_0,0.08704983670926926,14.281776022206257
30.594377,315,4180.806314,synthetic_track_0,0.2169537413165147,35.594377402573635
42.261279,374,4181.374004,synthetic_track_0,0.28806547404127936,47.26127854470915
32.333832,323,4181.850034,synthetic_track_0,0.22755601331680428,37.33383240626718
35.882156,340,4182.316938,synthetic_track_0,0.24918364327413536,40.8821557417074
17.192613,232,4182.612213,synthetic_track_0,0.13526772285870825,22.192612805857586
38.944091,355,4184.52055,synthetic_track_0,0.26784665380354256,43.94409067871675
29.360105,305,4184.985702,synthetic_track_0,0.20943064476862563,34.36010535851196
30.646602,317,4185.415371,synthetic_track_0,0.21727205821139878,35.64660186121336
33.684538,326,4185.916793,synthetic_track_0,0.235788790399628,38.684537735334395
43.016845,373,4186.493095,synthetic_track_0,0.2926707767450213,48.01684459992152
39.631551,356,4186.999542,synthetic_track_0,0.2720368435068357,44.6315514838743
15.713976,221,4188.577017,synthetic_track_0,0.1262551826329703,20.713976133338615
33.891448,330,4189.019799,synthetic_track_0,0.23704994138997024,38.89144766940362
37.650878,350,4189.578722,synthetic_track_0,0.25996430455286573,42.65087806876151
42.03881,376,4190.110553,synthetic_track_0,0.28670948946168845,47.038809798214416
17.841598,235,4190.426298,synthetic_track_0,0.1392233999769625,22.841598453099564
41.643648,370,4191.041011,synthetic_track_0,0.28430090928119645,46.64364762480106
18.047216,238,4191.362053,synthetic_track_0,0.1404766762581879,23.04721642803252
37.083167,344,4193.200533,synthetic_track_0,0.2565040109914807,42.08316720929333
35.271218,336,4193.660043,synthetic_track_0,0.24545987715716497,40.27121842519904
34.205212,329,4194.187268,synthetic_track_0,0.23896238802443726,39.20521200854995
40.369003,364,4194.682,synthetic_track_0,0.2765317373028503,45.36900337195405
40.22933,370,4195.139059,synthetic_track_0,0.2756804019648899,45.22932958190265
43.645978,385,4196.90854,synthetic_track_0,0.2965054527374488,48.64597827451404
32.982239,322,4197.348568,synthetic_track_0,0.23150816182467435,37.982239134293664
39.489464,357,4197.840234,synthetic_track_0,0.27117079745602074,44.48946419008689
45.792708,392,4198.418561,synthetic_track_0,0.30959013492689935,50.79270832497472
43.007127,377,4199.005059,synthetic_track_0,0.2926115453465591,48.00712683825421
16.19662,227,4199.298765,synthetic_track_0,0.1291969775751833,21.196619847057054
46.328102,393,4201.203792,synthetic_track_0,0.3128534490141755,51.328101872469176
17.835997,233,4201.53309,synthetic_track_0,0.13918926035094184,22.83599735709823
34.063876,331,4201.966253,synthetic_track_0,0.23810091990559645,39.06387579025644
38.157545,357,4202.478796,synthetic_track_0,0.26305252593113065,43.15754514245945
46.251184,396,4203.057781,synthetic_track_0,0.3123846210429743,51.25118390994613
32.781112,325,4203.617577,synthetic_track_0,0.2302822597277324,37.78111228747198
35.213863,337,4205.315328,synthetic_track_0,0.24511028542064286,40.21386287958328
44.376867,391,4205.860186,synthetic_track_0,0.30096034159374313,49.37686677763564
48.263495,407,4206.448809,synthetic_track_0,0.3246499991570044,53.26349535904498
39.093269,367,4206.963248,synthetic_track_0,0.2687559187529681,44.09326865358084
40.915833,372,4207.493233,synthetic_track_0,0.27986475323794113,45.91583250872075
31.850811,320,4208.004932,synthetic_track_0,0.22461191469914502,36.85081074150374
35.756307,335,4209.613434,synthetic_track_0,0.24841657129428357,40.75630656584114
30.521416,316,4210.080292,synthetic_track_0,0.21650903171569444,35.521416405127404
48.870226,402,4210.723166,synthetic_track_0,0.3283481228264635,53.87022566373274
40.789121,364,4211.207622,synthetic_track_0,0.27909242396276385,45.78912079804501
44.3717,383,4211.733993,synthetic_track_0,0.30092884811860837,49.37169982069421
34.145023,337,4212.227731,synthetic_track_0,0.23859552438662987,39.1450227594494
36.12432,343,4214.057971,synthetic_track_0,0.25065967514225196,41.124319970142245
30.138245,309,4214.470486,synthetic_track_0,0.21417353650532717,35.138244870793564
40.851776,375,4215.10308,synthetic_track_0,0.2794743173587182,45.85177589484428
39.209824,362,4215.527603,synthetic_track_0,0.26946634196709734,44.20982378577546
46.193916,401,4216.009418,synthetic_track_0,0.3120355665081605,51.19391649998653
35.746136,352,4217.723985,synthetic_track_0,0.24835458026943436,40.74613604782811
43.125742,376,4218.190448,synthetic_track_0,0.29333452255196885,48.12574163303329
38.266492,358,4218.627645,synthetic_track_0,0.263716574727705,43.26649188537137
46.654338,400,4219.115006,synthetic_track_0,0.3148419152085773,51.65433831230332
45.842228,391,4219.609604,synthetic_track_0,0.30989196827687104,50.842228421315916
31.496713,321,4219.966403,synthetic_track_0,0.22245362860416096,36.49671290783001
30.027714,312,4221.267752,synthetic_track_0,0.21349982940101042,35.02771354377275
39.761084,361,4221.657253,synthetic_track_0,0.27282636302920643,44.76108350150825
44.62752,394,4222.087745,synthetic_track_0,0.30248811604114323,49.62752011938849
38.37765,356,4222.482445,synthetic_track_0,0.2643941011218966,43.3776498217532
42.076615,376,4222.87531,synthetic_track_0,0.2869399156373868,47.076614521983956
43.461855,376,4223.277955,synthetic_track_0,0.2953831898209909,48.46185492383607
36.87927,346,4224.84881,synthetic_track_0,0.2552612202452121,41.879269536975364
43.382193,382,4225.316651,synthetic_track_0,0.2948976376014475,48.38219310815957
36.707808,345,4225.694072,synthetic_track_0,0.2542161305178754,41.707807556423006
37.085155,350,4226.048798,synthetic_track_0,0.25651612628657333,42.085154897467106
23.411345,275,4226.40062,synthetic_track_0,0.17317194544814085,28.411344945770768
36.668768,353,4226.759076,synthetic_track_0,0.2539781772157541,41.66876789945052
36.641753,343,4228.117721,synthetic_track_0,0.2538135141178287,41.64175255315473
39.592745,367,4228.590555,synthetic_track_0,0.27180031447801684,44.592745499394134
34.182077,332,4228.937889,synthetic_track_0,0.2388213791735267,39.18207748122649
42.802982,373,4229.369815,synthetic_track_0,0.2913672453821902,47.80298155702977
30.637914,313,4229.803403,synthetic_track_0,0.21721910721121176,35.63791448908941
47.095799,396,4231.309407,synthetic_track_0,0.31753269015605784,52.095798590447515
35.142711,336,4231.645982,synthetic_track_0,0.244676605115086,40.142711396440454
16.544411,228,4231.885737,synthetic_track_0,0.1313168205121349,21.54441052849063
28.502328,301,4232.226107,synthetic_track_0,0.2042023465964839,33.502327948529896
45.244006,393,4232.635399,synthetic_track_0,0.3062457018165718,50.244006036623816
35.478063,341,4233.099296,synthetic_track_0,0.24672062676289885,40.478062506358114
39.898567,363,4233.482137,synthetic_track_0,0.27366434705048254,44.89856681629061
39.800729,362,4234.856362,synthetic_track_0,0.2730680067133383,44.80072861865509
16.936727,230,4235.107618,synthetic_track_0,0.13370805578302994,21.936727020357022
37.197755,348,4235.527975,synthetic_track_0,0.2572024447141186,42.19775529320192
36.49473,350,4235.941306,synthetic_track_0,0.25291738881178527,41.49473032551417
9.27607,175,4236.135393,synthetic_track_0,0.08701505847996503,14.276070154163898
41.02408,368,4236.537594,synthetic_track_0,0.28052453911675107,46.02407985874449
9.277756,175,4236.708468,synthetic_track_0,0.08702533462332106,14.277756103079264
45.980843,393,4238.202122,synthetic_track_0,0.3107368488666839,50.98084321722318
35.103966,340,4238.590842,synthetic_track_0,0.24444044660440284,40.10396620078226
41.206693,369,4238.986462,synthetic_track_0,0.28163759577116715,46.20669278990355
39.62412,358,4239.426439,synthetic_track_0,0.27199154681754056,44.62411991139219
31.120922,318,4239.873224,synthetic_track_0,0.22016311988057383,36.1209220528002
50.847934,417,4241.354244,synthetic_track_0,0.3404025870822062,55.84793366499171
33.944809,334,4241.698471,synthetic_track_0,0.2373751904107462,38.94480944286309
38.227634,355,4242.190786,synthetic_track_0,0.2634797294822587,43.22763402101161
33.493917,331,4242.566965,synthetic_track_0,0.2346269223704135,38.49391659705446
48.432031,405,4242.99415,synthetic_track_0,0.32567725072095793,53.43203073268209
42.331943,374,4243.398602,synthetic_track_0,0.288496185103876,47.33194288089666
45.983235,397,4244.875972,synthetic_track_0,0.3107514301478387,50.98323548582979
40.847201,378,4245.288682,synthetic_track_0,0.2794464340131499,45.84720123151107
19.142367,245,4245.547011,synthetic_track_0,0.147151805038101,24.142367180267655
39.786857,368,4245.948673,synthetic_track_0,0.2729834572177645,44.78685705950894
42.761597,373,4246.35236,synthetic_track_0,0.29111500224432196,47.7615974472559
39.971395,366,4246.838476,synthetic_track_0,0.27410824529878675,44.971394699703
40.469737,365,4248.241996,synthetic_track_0,0.27714572796666576,45.46973735919431
39.107494,358,4248.596093,synthetic_track_0,0.2688426222899814,44.107493614163964
41.781914,377,4249.138487,synthetic_track_0,0.2851436644188378,46.781913709751414
43.974652,387,4249.657594,synthetic_track_0,0.2985087768898694,48.974652375768265
43.580248,384,4250.103091,synthetic_track_0,0.2961048138704887,48.580247713952225
41.440703,376,4251.73698,synthetic_track_0,0.283063930443141,46.44070347950279
33.93414,330,4252.193417,synthetic_track_0,0.23731015574103395,38.93413957119394
43.834881,385,4252.674399,synthetic_track_0,0.29765684586784524,48.834880855190306
45.960405,418,4253.193915,synthetic_track_0,0.31061227491959686,50.960405071929
35.539378,341,4253.667738,synthetic_track_0,0.2470943575601067,40.53937841159237
44.935792,390,4254.093321,synthetic_track_0,0.30436708286662606,49.93579161499538
46.022524,396,4255.680121,synthetic_track_0,0.31099089805825764,51.02252363604806
50.634282,406,4256.164322,synthetic_track_0,0.3391003465865895,55.63428240740739
15.277374,218,4256.382076,synthetic_track_0,0.12359401673033812,20.27737364428101
29.863461,307,4256.742193,synthetic_track_0,0.21249868507765574,34.863461437938156
42.420935,373,4257.122157,synthetic_track_0,0.2890386063145165,47.420934871380624
39.015903,368,4257.477855,synthetic_track_0,0.2682843617642039,44.01590295652928
45.441624,384,4259.116089,synthetic_track_0,0.30745021446584625,50.44162363733576
33.838773,328,4259.49235,synthetic_track_0,0.2367288814131045,38.83877316876549
39.361384,360,4259.929945,synthetic_track_0,0.27039012933224343,44.36138437152618
46.069868,387,4260.473262,synthetic_track_0,0.31127946714554144,51.069867539578674
38.560818,354,4260.872977,synthetic_track_0,0.26551054365364124,43.56081825471988
14.535706,213,4261.090686,synthetic_track_0,0.1190734263433889,19.53570586137438
9.890908,179,4262.347281,synthetic_track_0,0.09076260161689696,14.890908432309903
25.464624,283,4262.668532,synthetic_track_0,0.18568702664387363,30.464623771946307
38.68551,354,4263.094026,synthetic_track_0,0.26627055989233356,43.68550983490624
18.215074,238,4263.342444,synthetic_track_0,0.14149979764039283,23.215074186031337
35.764964,340,4263.686733,synthetic_track_0,0.2484693390682356,40.76496387706954
25.889269,287,4263.99133,synthetic_track_0,0.18827530829712408,30.889268553045277
9.245407,175,4264.186401,synthetic_track_0,0.08682815931536823,14.245406661750653
33.882464,328,4265.618498,synthetic_track_0,0.23699518569073988,38.882464210480435
33.93609,329,4265.944147,synthetic_track_0,0.23732204174309435,38.9360896405524
39.464705,361,4266.314997,synthetic_track_0,0.2710198847515622,44.46470479333833
46.019451,392,4266.807795,synthetic_track_0,0.3109721719717887,51.019451352597194
43.375146,385,4267.206452,synthetic_track_0,0.2948546820893466,48.37514563942286
45.681446,383,4267.598502,synthetic_track_0,0.3089119718493569,50.68144593154441
10.63389,186,4268.720798,synthetic_track_0,0.09529120026906518,15.633890086149638
15.774076,220,4269.008487,synthetic_track_0,0.12662150210751816,20.774076104640542
47.117096,400,4269.453321,synthetic_track_0,0.3176625026954941,52.117096202059294
15.492393,219,4269.663048,synthetic_track_0,0.12490459694994306,20.49239315337032
8.562985,170,4269.840671,synthetic_track_0,0.0826686817694143,13.562984627127989
35.189506,342,4270.232228,synthetic_track_0,0.24496182905038993,40.18950647974185
43.248317,375,4270.616876,synthetic_track_0,0.2940816416851019,48.24831725780956
40.027577,365,4272.081105,synthetic_track_0,0.27445068860554367,45.027577442741794
38.77673,355,4272.5152,synthetic_track_0,0.266826561433951,43.77672987374333
36.436691,341,4272.874282,synthetic_track_0,0.2525636282694769,41.43669082743199
45.292708,388,4273.294262,synthetic_track_0,0.3065425504168974,50.29270831318885
40.852296,367,4273.723484,synthetic_track_0,0.2794774854652466,45.852295668224265
35.903602,336,4274.089928,synthetic_track_0,0.2493143633643842,40.90360225006527
13.273215,205,4274.298568,synthetic_track_0,0.11137833300530606,18.27321527346535
26.191443,286,4275.569833,synthetic_track_0,0.19011711450059954,31.191443314868188
40.324028,365,4275.993049,synthetic_track_0,0.2762576066807565,45.32402830601973
15.007114,215,4276.218774,synthetic_track_0,0.12194673946087842,20.007114148132064
43.727799,387,4276.604356,synthetic_track_0,0.2970041620554743,48.72779870117394
9.849459,179,4276.779746,synthetic_track_0,0.09050995875871419,14.849458742677205
44.805955,382,4277.196355,synthetic_track_0,0.3035757065979035,49.80595497145367
33.746669,331,4278.620445,synthetic_track_0,0.23616749077583052,38.746668971381546
13.886907,210,4278.907844,synthetic_track_0,0.11511888547941922,18.886906632967982
17.959383,238,4279.19065,synthetic_track_0,0.13994131651618727,22.959382972903878
41.517282,373,4279.622458,synthetic_track_0,0.2835306885044153,46.5172818435719
14.170158,211,4279.850785,synthetic_track_0,0.11684534799430821,19.17015760597933
34.568518,329,4280.252168,synthetic_track_0,0.24117680141475786,39.56851833118853
9.123399,174,4280.461329,synthetic_track_0,0.08608450185274898,14.12339897374267
40.597305,372,4280.87416,synthetic_track_0,0.27792327511250187,45.5973051364967
9.704564,178,4282.068846,synthetic_track_0,0.08962679973286275,14.704563819538802
42.806603,372,4282.568688,synthetic_track_0,0.29138931668670887,47.806602671549555
14.924421,215,4282.823173,synthetic_track_0,0.12144271157845658,19.92442113459159
47.227233,403,4283.31098,synthetic_track_0,0.31833380686858104,52.227233293698184
15.193319,216,4283.548654,synthetic_track_0,0.12308168924899811,20.193318962329606
9.721899,178,4283.782443,synthetic_track_0,0.08973246139582748,14.721899132982708
46.460405,401,4284.226082,synthetic_track_0,0.31365985935146035,51.460405070895135
43.850116,385,4285.834218,synthetic_track_0,0.29774970438682863,48.85011562897057
36.429191,343,4286.296184,synthetic_track_0,0.25251791284977476,41.42919055621232
16.63094,225,4286.59072,synthetic_track_0,0.13184423223459363,21.63093999685481
26.191019,287,4286.963832,synthetic_track_0,0.19011452528494766,31.191018516851198
45.42984,394,4287.423095,synthetic_track_0,0.3073783917622081,50.429840091203495
16.659568,226,4287.654072,synthetic_track_0,0.132018724753067,21.65956800077296
25.763652,282,4287.935266,synthetic_track_0,0.1875096516730996,30.763651586631465
44.802969,388,4289.425439,synthetic_track_0,0.3035575082178377,49.80296926581778
48.242273,408,4289.852016,synthetic_track_0,0.3245206470470474,53.242273287502506
26.248447,287,4290.171258,synthetic_track_0,0.19046456451185853,31.248447479692608
25.64493,285,4290.475526,synthetic_track_0,0.18678602608848233,30.644930415930617
14.365384,212,4290.685367,synthetic_track_0,0.1180352865368374,19.3653841151496
45.688588,392,4291.134016,synthetic_track_0,0.3089555049153252,50.68858815628856
33.539071,344,4292.556999,synthetic_track_0,0.23490214415282432,38.53907068351129
41.026107,364,4292.993235,synthetic_track_0,0.28053689502167073,46.026107022416305
37.293858,342,4293.400764,synthetic_track_0,0.2577882067036769,42.29385796097755
44.803012,391,4294.004462,synthetic_track_0,0.3035577676320087,49.803011826438535
48.052531,413,4294.480479,synthetic_track_0,0.32336413583998785,53.05253101283793
14.588948,214,4294.716027,synthetic_track_0,0.11939794466131205,19.588947752535656
1.790436,119,4295.901337,synthetic_track_0,0.04138885710569349,6.7904364826415815
36.925365,349,4296.399793,synthetic_track_0,0.25554218071844165,41.92536513808671
15.437578,219,4296.665614,synthetic_track_0,0.12457048996024943,20.437578102881545
14.620931,213,4296.907626,synthetic_track_0,0.11959288674351037,19.620930801103082
47.56785,409,4297.378826,synthetic_track_0,0.3204099249655198,52.56785028710112
26.706815,288,4297.706077,synthetic_track_0,0.19325839491002242,31.706815484722526
48.061625,407,4298.156331,synthetic_track_0,0.3234195651282562,53.06162498371766
46.528102,397,4299.685731,synthetic_track_0,0.3140724825378274,51.52810183118826
43.995421,377,4300.087629,synthetic_track_0,0.2986353645633929,48.99542090180782
49.091128,400,4300.557253,synthetic_track_0,0.32969455724812274,54.09112756964842
26.627025,287,4300.874206,synthetic_track_0,0.1927720592385436,31.62702513250317
32.988736,321,4301.199854,synthetic_track_0,0.23154775973608646,37.98873574041165
44.389618,388,4301.563315,synthetic_track_0,0.3010380627860539,49.38961805555554
9.545637,177,4302.736225,synthetic_track_0,0.08865811682282852,14.545637474807648
50.691533,417,4303.234062,synthetic_track_0,0.33944930144492075,55.691533464008366
44.010514,379,4303.644034,synthetic_track_0,0.29872735813557616,49.010513768642156
12.959233,203,4303.863554,synthetic_track_0,0.10946455874208914,17.959233117753662
14.228536,211,4304.163132,synthetic_track_0,0.11720117360500823,19.22853590819206
43.815864,383,4304.664332,synthetic_track_0,0.2975409369259884,48.81586432846092
42.581605,378,4306.266014,synthetic_track_0,0.2900179176361206,47.58160495968731
35.881452,337,4306.617616,synthetic_track_0,0.24917935300287247,40.881451861084905
36.63359,346,4307.062482,synthetic_track_0,0.25376375950004765,41.633589593474596
30.293831,314,4307.494148,synthetic_track_0,0.21512186251877174,35.29383137424998
27.607852,296,4307.847679,synthetic_track_0,0.19875036457120157,32.607851989634895
46.881825,385,4308.253139,synthetic_track_0,0.31622848671248543,51.88182528305694
23.838941,273,4308.560518,synthetic_track_0,0.17577821789974973,28.838941375745012
16.057803,223,4309.875444,synthetic_track_0,0.1283508630647831,21.057802608754436
43.06133,382,4310.288447,synthetic_track_0,0.292941922302323,48.061329923101766
41.312722,371,4310.664474,synthetic_track_0,0.28228385992941674,46.31272170745484
35.841896,340,4311.032469,synthetic_track_0,0.24893825487408452,40.84189625012813
45.786129,391,4311.402348,synthetic_track_0,0.30955003358369215,50.78612912363989
44.490115,385,4312.870545,synthetic_track_0,0.30165060655576864,49.490114659036614
39.428565,356,4313.258586,synthetic_track_0,0.2707996088661263,44.42856537047651
30.098289,311,4313.573203,synthetic_track_0,0.21393000011132926,35.098289227407925
25.843317,284,4313.87437,synthetic_track_0,0.1879952286550512,30.843317464936703
45.960405,392,4314.317019,synthetic_track_0,0.3106122749195969,50.96040507192901
48.470905,393,4314.780489,synthetic_track_0,0.3259141976957656,53.47090528720474
50.740024,419,4316.358779,synthetic_track_0,0.3397448598101456,55.74002405897328
38.95755,358,4316.736442,synthetic_track_0,0.26792869016587706,43.95754992225848
39.582028,361,4317.115867,synthetic_track_0,0.27173499035089177,44.58202813807889
47.763495,404,4317.536334,synthetic_track_0,0.32160241477770674,52.763495368703026
43.234398,383,4317.966388,synthetic_track_0,0.2939968023906428,48.23439815299385
15.282823,218,4318.198652,synthetic_track_0,0.12362723319906027,20.282823283068073
30.188777,306,4319.558434,synthetic_track_0,0.2144815356187291,35.188776549185285
42.030724,372,4320.06149,synthetic_track_0,0.2866602081774877,47.0307244957067
39.888763,361,4320.662462,synthetic_track_0,0.2736045903480105,44.88876287095546
45.925988,396,4321.164223,synthetic_track_0,0.31040249933297115,50.925988373904374
37.289427,348,4321.629925,synthetic_track_0,0.2577612000796966,42.28942713641333
37.753672,346,4322.085946,synthetic_track_0,0.2605908506646222,42.753671957572294
40.937259,367,4323.679916,synthetic_track_0,0.27999535414395604,45.937259463193186
34.957909,337,4324.143544,synthetic_track_0,0.2435502060423348,39.95790944991434
34.955496,340,4324.607554,synthetic_track_0,0.24353549290604345,39.95549554857873
35.304917,335,4325.066293,synthetic_track_0,0.2456652780150875,40.30491738614501
42.85554,374,4325.68211,synthetic_track_0,0.2916875980394169,47.855540011721764
46.060405,394,4326.212027,synthetic_track_0,0.31122179192301525,51.06040509092525
10.275155,184,4327.56617,synthetic_track_0,0.09310464666523725,15.275154561639537
42.884521,378,4328.021052,synthetic_track_0,0.2918642417439973,47.88452094861858
44.457315,388,4328.523709,synthetic_track_0,0.3014506858868528,49.45731480180998
42.630801,375,4328.906029,synthetic_track_0,0.2903177737998927,47.630800670233825
31.321245,315,4329.238584,synthetic_track_0,0.2213841190889624,36.32124451033378
27.259351,300,4329.561137,synthetic_track_0,0.1966261898347483,32.25935061427477
33.903608,324,4331.020331,synthetic_track_0,0.2371240588627163,38.90360770536815
43.0054,380,4331.426553,synthetic_track_0,0.2926010211358973,48.0054001903343
38.253542,352,4331.859766,synthetic_track_0,0.2636376420081973,43.25354183901347
44.619931,387,4332.333437,synthetic_track_0,0.30244186167756104,49.619931426684374
41.651264,376,4332.70646,synthetic_track_0,0.2843473294734364,46.65126352407831
45.299021,389,4334.125369,synthetic_track_0,0.30658102709298507,50.29902096454738
38.562904,350,4334.597724,synthetic_track_0,0.2655232592805041,43.56290443594321
44.657315,387,4335.022192,synthetic_track_0,0.3026697196904383,49.6573148064562
40.337092,369,4335.459867,synthetic_track_0,0.2763372345206316,45.33709239685802
27.971535,296,4335.759953,synthetic_track_0,0.20096707330784747,32.971534896806546
48.263495,405,4336.189523,synthetic_track_0,0.3246499991570043,53.263495359044974
16.228862,224,4337.489675,synthetic_track_0,0.12939349940370887,21.2288620756996
14.891534,219,4337.708882,synthetic_track_0,0.12124225690573058,19.891533666369924
31.248292,316,4338.11849,synthetic_track_0,0.2209394585699588,36.24829156546454
46.060405,399,4338.579497,synthetic_track_0,0.31122179192301525,51.06040509092525
42.279203,376,4339.066527,synthetic_track_0,0.2881747266259424,47.27920300043462
35.72319,341,4339.429885,synthetic_track_0,0.2482147188008469,40.72318976505478
45.168087,395,4341.058786,synthetic_track_0,0.3057829626115254,50.168087023642336
43.867333,379,4341.533275,synthetic_track_0,0.2978546469632774,48.867332965943184
37.898835,349,4341.918535,synthetic_track_0,0.2614756430116984,42.89883485051726
47.122619,391,4342.33336,synthetic_track_0,0.3176961621155068,52.12261851336773
27.964224,297,4342.670514,synthetic_track_0,0.2009225095960655,32.96422357981334
33.628563,334,4343.00341,synthetic_track_0,0.23544761505797077,38.62856302018218
44.747959,394,4344.453362,synthetic_track_0,0.30322221043763903,49.74795884904315
31.294329,318,4344.800693,synthetic_track_0,0.2212200648454332,36.29432905534674
40.046101,364,4345.20445,synthetic_track_0,0.2745635932073364,45.04610106433187
44.511075,386,4345.691147,synthetic_track_0,0.30177836421269544,49.51107513765812
41.440218,372,4346.088875,synthetic_track_0,0.2830609708127345,46.440217909624984
34.01001,329,4346.467627,synthetic_track_0,0.23777259955183874,39.01001012050729
40.295957,363,4348.087728,synthetic_track_0,0.27608650824881725,45.295957150747284
34.777111,331,4348.457044,synthetic_track_0,0.24244820767070938,39.77711078887889
32.995305,329,4348.815112,synthetic_track_0,0.23158780245124055,37.995305322972285
33.997069,328,4349.210465,synthetic_track_0,0.2376937229227841,38.99706927659385
42.897972,381,4349.665526,synthetic_track_0,0.29194622636090345,47.89797170257957
34.787642,337,4350.122309,synthetic_track_0,0.2425124000388262,39.78764246887321
43.925781,385,4351.700522,synthetic_track_0,0.2982108978529179,48.92578104127444
33.326055,325,4352.02048,synthetic_track_0,0.23360377782978475,38.326055039583586
43.319374,384,4352.470578,synthetic_track_0,0.29451474570915415,48.31937419369433
41.190857,369,4352.917707,synthetic_track_0,0.2815410720779831,46.190856691652215
45.151543,383,4353.370428,synthetic_track_0,0.3056821258463405,50.151543303979956
33.894997,328,4353.789668,synthetic_track_0,0.2370715767768378,38.89499726537159
43.433575,381,4355.515314,synthetic_track_0,0.29521081593244874,48.43357451158835
40.466426,378,4356.026048,synthetic_track_0,0.27712554483726887,45.46642602692339
44.089618,388,4356.515509,synthetic_track_0,0.2992095120722078,49.089618047196936
46.916291,405,4357.048557,synthetic_track_0,0.31643855954839867,51.91629074909662
44.257315,398,4357.546475,synthetic_track_0,0.3002316520649054,49.25731479415123
30.129789,311,4359.146464,synthetic_track_0,0.21412199862124084,35.12978934066273
45.225012,405,4359.62613,synthetic_track_0,0.30612992730866884,50.22501156571546
37.242371,350,4360.063457,synthetic_track_0,0.2574743833516953,42.242370732592406
40.930015,369,4360.495199,synthetic_track_0,0.27995119779526845,45.93001497996663
36.291035,347,4360.917609,synthetic_track_0,0.2516758317970217,41.29103506456988
40.036406,360,4361.390646,synthetic_track_0,0.2745044988689118,45.03640578933234
35.638531,345,4363.000858,synthetic_track_0,0.24769870636414237,40.638530513248256
31.670698,314,4363.376431,synthetic_track_0,0.22351409769146682,36.6706980932814
36.175546,343,4363.836055,synthetic_track_0,0.250971906977829,41.17554608740203
40.598452,365,4364.26992,synthetic_track_0,0.27793026433576473,45.59845181896025
45.960405,403,4364.728788,synthetic_track_0,0.3106122749195969,50.96040507192901
38.370208,354,4366.342539,synthetic_track_0,0.2643487440185371,43.3702083374761
45.584487,402,4366.856506,synthetic_track_0,0.3083209890791325,50.584486719713645
48.87302,404,4367.356177,synthetic_track_0,0.32836515382901743,53.873019844320595
28.849129,304,4367.745425,synthetic_track_0,0.2063161595716599,33.84912932812493
40.263138,361,4368.208673,synthetic_track_0,0.2758864720195259,45.26313833418123
19.206042,246,4368.524181,synthetic_track_0,0.14753991227474958,24.20604174688315
35.825278,351,4370.188625,synthetic_track_0,0.24883696219059076,40.82527773051875
40.750872,368,4370.649527,synthetic_track_0,0.2788592903074725,45.750871873360296
44.713662,388,4371.114195,synthetic_track_0,0.30301316602701484,49.71366211094357
50.221404,411,4371.602251,synthetic_track_0,0.33658378589335686,55.22140447993841
43.831346,381,4372.036165,synthetic_track_0,0.2976352996115141,48.831345882367025
40.6867,370,4372.507017,synthetic_track_0,0.2784681495122424,45.68669960788805
25.303225,283,4374.058094,synthetic_track_0,0.18470327688924232,30.303225494951622
40.695371,365,4374.496108,synthetic_track_0,0.27852100463490426,45.69537124992689
39.3316,365,4374.963091,synthetic_track_0,0.2702085887931886,44.331600038599845
34.837645,333,4375.386675,synthetic_track_0,0.24281717691035318,39.83764549220379
41.069445,365,4375.819842,synthetic_track_0,0.2808010461055916,46.06944480177574
43.728584,390,4377.500765,synthetic_track_0,0.297008947339141,48.72858379569122
47.763495,401,4378.024185,synthetic_track_0,0.3216024147777067,52.76349536870302
39.1011,364,4378.467778,synthetic_track_0,0.2688036493634773,44.10109954579689
46.658751,399,4378.996266,synthetic_track_0,0.31486880874601536,51.658750583396
45.882828,401,4379.594992,synthetic_track_0,0.31013942889106744,50.88282788938929
41.814054,369,4380.219096,synthetic_track_0,0.28533956259587123,46.81405361940907
42.930815,401,4381.902285,synthetic_track_0,0.292146414246155,47.93081540048414
33.886023,327,4382.302191,synthetic_track_0,0.23701687803410762,38.88602315098034
39.042962,361,4382.786607,synthetic_track_0,0.2684492890893477,44.04296165309539
42.905068,380,4383.232501,synthetic_track_0,0.29198948088315596,47.90506822822638
50.328501,419,4383.760969,synthetic_track_0,0.3372365565464465,55.32850088142199
38.214858,355,4385.519918,synthetic_track_0,0.26340185754165757,43.21485801066947
46.126013,391,4386.075076,synthetic_track_0,0.31162168300496235,51.126012966615136
26.964389,290,4386.430904,synthetic_track_0,0.19482835058775408,31.964389263166694
44.059245,386,4387.126586,synthetic_track_0,0.29902438418123445,49.059245157662694
32.795414,331,4387.526176,synthetic_track_0,0.23036943197267354,37.79541414632279
44.02993,386,4388.018384,synthetic_track_0,0.2988457007105136,49.02992956783306
46.092708,409,4389.746467,synthetic_track_0,0.31141868564074543,51.09270833333332
38.852007,359,4390.194407,synthetic_track_0,0.26728538642056526,43.85200670297049
35.791902,342,4390.670805,synthetic_track_0,0.2486335304787546,40.7919018362714
32.096632,322,4391.147838,synthetic_track_0,0.22611023608558936,37.096631885568
38.255651,360,4391.580026,synthetic_track_0,0.26365050039421445,43.255651441926545
27.591522,300,4391.973358,synthetic_track_0,0.1986508279956942,32.59152158476393
41.405239,372,4393.782113,synthetic_track_0,0.28284776946761236,46.40523916671434
38.938844,359,4394.226212,synthetic_track_0,0.26781467542394555,43.93884416623353
31.152646,320,4394.613359,synthetic_track_0,0.22035648388823714,36.152646195574036
34.048462,338,4395.077967,synthetic_track_0,0.23800696775491537,39.048461590488174
26.066007,288,4395.444288,synthetic_track_0,0.18935255974027754,31.066007125021
36.912197,350,4395.860219,synthetic_track_0,0.25546191947116403,41.9121971276663
27.219888,293,4397.417721,synthetic_track_0,0.19638565631249366,32.21988763512932
49.703768,407,4397.927991,synthetic_track_0,0.3334287019746319,54.703767646121165
28.108317,298,4398.266251,synthetic_track_0,0.2018007813956789,33.10831668329142
39.454638,355,4398.683564,synthetic_track_0,0.27095852512467217,44.454637865229365
33.982229,344,4399.166321,synthetic_track_0,0.23760326844782614,38.98222892076561
31.213543,311,4399.596418,synthetic_track_0,0.22072765981481132,36.21354293758485
16.511472,227,4401.059335,synthetic_track_0,0.13111605395354894,21.511471890913974
46.358623,426,4401.628459,synthetic_track_0,0.31303947782461616,51.358622570782074
42.457749,369,4402.236149,synthetic_track_0,0.2892629949584509,47.4577490513463
15.121788,219,4402.496218,synthetic_track_0,0.1226456968529837,20.121788147538314
45.972219,404,4402.998613,synthetic_track_0,0.3106842804369826,50.97221861128233
44.090167,383,4403.478096,synthetic_track_0,0.2992128582675275,49.09016703860105
41.301703,371,4405.138803,synthetic_track_0,0.28221670169466906,46.30170343444053
47.463495,399,4405.633417,synthetic_track_0,0.31977386425063653,52.463495390987696
42.787624,377,4406.39549,synthetic_track_0,0.2912736384284026,47.78762399176998
41.931996,374,4406.840906,synthetic_track_0,0.28605844083468107,46.93199591984335
42.058543,377,4407.367872,synthetic_track_0,0.28682976485187806,47.05854270350875
37.376571,359,4407.804201,synthetic_track_0,0.2582923573891509,42.37657112212256
36.004187,340,4409.439167,synthetic_track_0,0.24992744196103714,41.00418659958736
44.203265,385,4409.882204,synthetic_track_0,0.2999022096425267,49.20326503292836
39.157091,358,4410.308686,synthetic_track_0,0.26914492437723986,44.157090613589595
44.874585,408,4410.89542,synthetic_track_0,0.3039940203061476,49.87458534359456
40.957807,385,4411.369205,synthetic_track_0,0.280120594768439,45.95780698648976
37.65524,354,4413.005184,synthetic_track_0,0.25999089055587327,42.655239884413696
11.2942,192,4413.226543,synthetic_track_0,0.09931590282581451,16.29420034799961
48.902145,407,4413.686553,synthetic_track_0,0.3285426756365895,53.902144846625525
43.852838,389,4414.173111,synthetic_track_0,0.2977662976275693,48.852837988445316
43.875165,383,4414.64327,synthetic_track_0,0.29790238633988025,48.875165296362816
44.627639,403,4415.220637,synthetic_track_0,0.30248883788073044,49.62763854754066
36.901882,350,4416.803252,synthetic_track_0,0.25539904622176596,41.901881868044505
42.402912,373,4417.265526,synthetic_track_0,0.2889287561738384,47.4029123780081
46.009083,410,4417.792477,synthetic_track_0,0.3109089762892619,51.00908319318947
32.335987,322,4418.179548,synthetic_track_0,0.2275691480182971,37.33598734270279
36.150568,341,4418.610472,synthetic_track_0,0.2508196599981353,41.150567783636745
37.673222,351,4420.243307,synthetic_track_0,0.2601004953215818,42.67322212049811
33.454526,346,4420.690755,synthetic_track_0,0.23438682711700862,38.454525522208726
26.881534,296,4421.14229,synthetic_track_0,0.1943233351363129,31.881534224743994
35.70852,340,4421.663423,synthetic_track_0,0.2481253014561676,40.70851956534521
44.389618,395,4422.175105,synthetic_track_0,0.3010380627860539,49.38961805555554
31.466918,331,4422.600493,synthetic_track_0,0.22227202553552983,36.46691831602856
43.88337,379,4424.364515,synthetic_track_0,0.2979523966327632,48.883370203215705
29.061806,306,4424.786651,synthetic_track_0,0.20761245709383042,34.061805555555566
38.16659,368,4425.232285,synthetic_track_0,0.26310765799108365,43.1665903487649
44.658248,395,4425.718653,synthetic_track_0,0.3026754055139324,49.65824764746675
29.527449,313,4426.144565,synthetic_track_0,0.21045063333346462,34.527449132824756
14.753396,216,4426.476426,synthetic_track_0,0.12040028708743968,19.753396424338682
36.468506,350,4426.940874,synthetic_track_0,0.2527575451821927,41.468505682221135
10.920882,189,4428.482228,synthetic_track_0,0.09704046238258326,15.920881660790194
40.8683,371,4429.003369,synthetic_track_0,0.279575035531803,45.8683001577693
44.153878,394,4429.505378,synthetic_track_0,0.29960118954501824,49.15387836233463
47.410167,408,4429.992166,synthetic_track_0,0.31944881710552997,52.41016673813136
45.192708,396,4430.495527,synthetic_track_0,0.3059330337777145,50.192708353950664
40.337131,368,4432.276201,synthetic_track_0,0.2763374706956036,45.337131144754395
39.183203,362,4432.766427,synthetic_track_0,0.2693040828457552,44.18320284636683
30.225557,316,4433.241048,synthetic_track_0,0.21470571886932405,35.22555703142353
17.346729,236,4433.516701,synthetic_track_0,0.1362070900279721,22.34672948224891
43.552024,381,4433.984875,synthetic_track_0,0.2959327855298981,48.5520239938091
53.112266,424,4434.521135,synthetic_track_0,0.354204077301432,58.11226636835983
25.323322,283,4434.843248,synthetic_track_0,0.18482576713964696,30.32332177987661
43.213932,387,4436.58219,synthetic_track_0,0.29387205992892906,48.21393236045475
42.377877,384,4437.06636,synthetic_track_0,0.2887761613877859,47.377877011614046
46.037296,399,4437.562636,synthetic_track_0,0.3110809373129622,51.037295869029855
35.182044,338,4438.09438,synthetic_track_0,0.24491634149726915,40.18204359330774
47.939338,419,4438.641553,synthetic_track_0,0.3226742060801982,52.93933812617831
32.451645,319,4440.355201,synthetic_track_0,0.2282741023139327,37.45164522026763
35.949271,345,4440.813576,synthetic_track_0,0.24959272131844012,40.949270870525794
15.499262,222,4441.094567,synthetic_track_0,0.12494646196616664,20.499261710595395
47.068115,412,4441.715203,synthetic_track_0,0.31736395551176233,52.06811524848946
49.714613,417,4442.38675,synthetic_track_0,0.33349480528079006,54.714612842948256
17.433296,232,4442.712281,synthetic_track_0,0.1367347278803794,22.433296050479093
26.537496,295,4444.508191,synthetic_track_0,0.1922263647833514,31.537496119236394
31.586392,315,4444.962464,synthetic_track_0,0.22300023696111937,36.58639185980804
48.771872,404,4445.486657,synthetic_track_0,0.32774864145670596,53.77187213458188
31.655123,323,4445.91706,synthetic_track_0,0.22341916640092677,36.655123251555736
44.100454,385,4446.476429,synthetic_track_0,0.2992755560018476,49.100453502453355
26.30861,291,4446.944497,synthetic_track_0,0.19083126384420085,31.30860977212167
44.289618,388,4448.643292,synthetic_track_0,0.3004285458293908,49.28961804423016
44.33731,385,4449.13246,synthetic_track_0,0.3007192349291125,49.33730976625127
35.445595,343,4449.524516,synthetic_track_0,0.24652272961103355,40.445594636167705
42.251805,384,4449.931581,synthetic_track_0,0.28800772891030557,47.251804626570795
28.667316,306,4450.243293,synthetic_track_0,0.20520797630992285,33.66731594703215
37.253875,346,4450.711502,synthetic_track_0,0.25754450203498075,42.2538747097107
45.206629,390,4452.322103,synthetic_track_0,0.30601788214289605,50.20662894694867
43.757105,387,4452.741475,synthetic_track_0,0.29718278777886403,48.75710481672447
16.594378,228,4452.995216,synthetic_track_0,0.13162138013167635,21.594377908512566
38.76864,355,4453.391493,synthetic_track_0,0.266777252238549,43.76863999200215
47.495799,406,4453.943347,synthetic_track_0,0.31997075778159084,52.495798602752494
37.018104,351,4454.337825,synthetic_track_0,0.2561074414793611,42.01810428484186
45.692708,391,4455.636509,synthetic_track_0,0.30898061804097937,50.692708325255765
39.944006,357,4456.037793,synthetic_track_0,0.273941309138829,44.944006424932475
44.557315,394,4456.384542,synthetic_track_0,0.30206020280451834,49.557314806737246
40.786643,368,4456.716692,synthetic_track_0,0.279077318725274,45.78664256687598
44.430373,381,4457.068558,synthetic_track_0,0.30128646964110006,49.43037276803132
30.087549,308,4458.268519,synthetic_track_0,0.21386453491837115,35.08754872221662
47.534495,412,4458.676331,synthetic_track_0,0.32020661645256476,52.53449460539975
44.625012,386,4459.04351,synthetic_track_0,0.302472826159484,49.6250115946914
40.615814,378,4459.384433,synthetic_track_0,0.27803608966404214,45.61581398404945
48.775218,407,4459.74854,synthetic_track_0,0.3277690343028851,53.775217873903124
40.700201,377,4460.075095,synthetic_track_0,0.2785504446016591,45.70020129932375
40.294034,366,4461.320441,synthetic_track_0,0.276074784352311,45.294033677133314
45.760405,410,4461.701459,synthetic_track_0,0.30939324139594504,50.76040511320992
24.429085,280,4461.950238,synthetic_track_0,0.17937524483943226,29.42908530984521
44.211213,396,4462.345166,synthetic_track_0,0.2999506542082575,49.21121305975317
43.989618,384,4462.830701,synthetic_track_0,0.2985999951862878,48.98961804747798
41.333757,382,4464.120597,synthetic_track_0,0.28241207257647105,46.33375683374186
45.152528,396,4464.512244,synthetic_track_0,0.3056881307704722,50.1525284980334
46.995799,393,4464.948544,synthetic_track_0,0.3169231732715889,51.99579859096662
44.341661,389,4465.330841,synthetic_track_0,0.3007457576624223,49.3416612016008
43.937463,380,4465.754417,synthetic_track_0,0.29828210426401663,48.93746347576371
31.740324,320,4466.062565,synthetic_track_0,0.22393848084060705,36.740324244377604
45.679788,404,4467.477633,synthetic_track_0,0.3089018660651714,50.67978793249786
43.689618,384,4467.85999,synthetic_track_0,0.2967714444466749,48.68961803489197
44.389618,393,4468.262531,synthetic_track_0,0.3010380627860539,49.38961805555554
28.076267,304,4468.59044,synthetic_track_0,0.2016054317111052,33.07626676169986
45.296041,413,4469.098691,synthetic_track_0,0.30656286187946524,50.296040700359725
40.905969,369,4470.5061,synthetic_track_0,0.27980463211771245,45.90596877541844
45.268885,392,4470.856446,synthetic_track_0,0.3063973420995309,50.268884803075714
10.305287,183,4471.011503,synthetic_track_0,0.09328830626162173,15.305286556357139
42.89115,378,4471.383679,synthetic_track_0,0.29190464842998165,47.8911502458217
36.001104,347,4471.777645,synthetic_track_0,0.2499086560428799,41.00110449988866
48.756603,408,4472.178539,synthetic_track_0,0.32765557155971625,53.756602681203624
20.598906,256,4473.356382,synthetic_track_0,0.15602965303207128,25.59890565756012
46.764004,392,4473.736458,synthetic_track_0,0.31551034361009367,51.764003592310914
23.160633,274,4474.053518,synthetic_track_0,0.17164381609111604,28.160633375996365
47.842065,401,4474.448803,synthetic_track_0,0.3220813090280103,52.842064848896314
36.978254,359,4474.825852,synthetic_track_0,0.2558645467858259,41.97825392163397
46.807973,400,4475.199638,synthetic_track_0,0.315778344136292,51.8079729279661
47.028102,405,4476.402322,synthetic_track_0,0.31712006696969086,52.0281018301544
32.994241,337,4476.695337,synthetic_track_0,0.23158131743667643,37.99424136318779
30.343095,315,4476.967883,synthetic_track_0,0.21542213098467156,35.34309472888251
46.328102,415,4477.374445,synthetic_track_0,0.3128534490141755,51.328101872469176
46.056985,413,4477.718606,synthetic_track_0,0.3112009479780757,51.05698534237316
47.195799,428,4479.012386,synthetic_track_0,0.3181422071594762,52.19579860944376
42.285545,374,4479.358786,synthetic_track_0,0.28821338230925647,47.285545020499754
31.357016,325,4479.641306,synthetic_track_0,0.2216021536155909,36.357016206090265
46.160405,399,4479.974371,synthetic_track_0,0.31183130874154436,51.16040507958776
46.718815,403,4480.306191,synthetic_track_0,0.3152349086416014,51.7188145296154
38.467423,367,4480.641292,synthetic_track_0,0.26494128682441614,43.46742349556305
46.693604,409,4481.78442,synthetic_track_0,0.31508124422254774,51.69360367456421
45.726809,395,4482.126407,synthetic_track_0,0.3091884697971059,50.726809391254726
48.526376,446,4482.479503,synthetic_track_0,0.32625230053475257,53.526375914163076
30.009814,312,4482.740275,synthetic_track_0,0.2133907283947064,35.00981395665422
46.348397,397,4483.108911,synthetic_track_0,0.31297715073536203,51.34839691657647
43.934249,379,4484.190442,synthetic_track_0,0.298262513385309,48.93424931072495
26.513682,292,4484.420677,synthetic_track_0,0.19208121485187185,31.513682188166623
46.20503,403,4484.750017,synthetic_track_0,0.3121033043495099,51.205029865788816
46.460405,389,4485.153602,synthetic_track_0,0.3136598593514604,51.46040507089514
44.925012,390,4485.535652,synthetic_track_0,0.3043013766865542,49.92501157240673
29.877898,315,4485.843518,synthetic_track_0,0.21258667981379906,34.87789823828425
37.186546,344,4486.937592,synthetic_track_0,0.2571341225297861,42.18654605754025
36.712205,352,4487.226268,synthetic_track_0,0.2542429309914168,41.712204559046754
23.32823,276,4487.509888,synthetic_track_0,0.17266534739072292,28.328230258106373
50.410204,411,4487.836002,synthetic_track_0,0.3377345534200202,55.41020442133662
29.766314,303,4488.10023,synthetic_track_0,0.21190655470507083,34.76631394545696
31.755704,320,4488.350071,synthetic_track_0,0.22403222303211898,36.755703997328496
36.503374,349,4489.399872,synthetic_track_0,0.25297007199210786,41.503373757942626
45.647024,396,4489.756368,synthetic_track_0,0.3087021671192954,50.64702445212055
44.614529,393,4490.078619,synthetic_track_0,0.3024089359462915,49.61452948755231
46.163075,390,4490.386407,synthetic_track_0,0.31184758452255484,51.16307535523406
46.269118,397,4490.737801,synthetic_track_0,0.3124939300825673,51.26911762791373
11.016845,188,4491.75633,synthetic_track_0,0.09762537349162898,16.016844729396404
38.198315,354,4492.129676,synthetic_track_0,0.2633010247130713,43.19831493686263
41.292195,377,4492.430568,synthetic_track_0,0.282158744276718,46.29219468757445
32.644312,337,4492.714526,synthetic_track_0,0.22944843779646473,37.64431182333624
42.389431,377,4493.032486,synthetic_track_0,0.28884658715731865,47.38943137064194
36.423587,353,4493.329754,synthetic_track_0,0.2524837591170668,41.42358714580631
