rollout/ep_len_mean,time/iterations,time/total_timesteps,time/fps,rollout/ep_rew_mean,time/time_elapsed,train/policy_gradient_loss,train/clip_fraction,train/n_updates,train/clip_range,train/value_loss,train/learning_rate,train/std,train/approx_kl,train/loss,train/explained_variance,train/entropy_loss
164.33333333333334,1,2048,576,0.8567726666666665,3,,,,,,,,,,,
170.45833333333334,2,4096,623,1.2982882083333334,6,-0.0031957513274392113,0.0064697265625,4,0.2,0.8379232734441757,0.0003,0.9996087551116943,0.0030794027,0.21177779138088226,-0.3526571989059448,-2.8383764252066612
175.0,3,6144,637,1.533870794117647,9,-0.0031383960013045,0.001708984375,8,0.2,0.5700214551761746,0.0003,0.9998942613601685,0.001652004,0.1564585566520691,0.52906334400177,-2.8370066061615944
179.6888888888889,4,8192,649,1.8165459333333334,12,-0.005445777191198431,0.037109375,12,0.2,0.3912261612713337,0.0003,1.0001909732818604,0.0074712783,0.13155032694339752,0.7408831119537354,-2.8380946218967438
183.07272727272726,5,10240,659,2.003252527272727,15,-0.003751523225218989,0.0076904296875,16,0.2,0.36144182784482837,0.0003,0.9991426467895508,0.0034806407,0.08950816094875336,0.8020140528678894,-2.837263211607933
187.64615384615385,6,12288,659,2.2882336,18,-0.004307981398596894,0.02685546875,20,0.2,0.3810004838742316,0.0003,0.9960334897041321,0.0060799783,0.10557019710540771,0.8365997672080994,-2.8340403363108635
198.72222222222223,7,14336,660,3.1710428472222225,21,-0.007813671145413537,0.0367431640625,24,0.2,0.29473940655589104,0.0003,0.9938973188400269,0.006754192,0.13941039144992828,0.9003086686134338,-2.827581152319908
211.64935064935065,8,16384,660,4.211151194805194,24,-0.004203239244816359,0.0035400390625,28,0.2,0.8068281961604953,0.0003,0.9949725866317749,0.0022855012,0.19127100706100464,0.4752259850502014,-2.8257522881031036
224.3170731707317,9,18432,655,5.234607573170732,28,-0.0047775828425074,0.01123046875,32,0.2,0.7498200321570039,0.0003,0.9979922771453857,0.0030413573,0.3072042465209961,0.47001248598098755,-2.8304579630494118
236.3953488372093,10,20480,652,6.267720046511627,31,-0.006283698538027238,0.0145263671875,36,0.2,0.703491473570466,0.0003,0.9959895014762878,0.0042970837,0.1658349484205246,0.7191085815429688,-2.8328674882650375
249.0222222222222,11,22528,651,7.461126455555556,34,-0.004149119689827785,0.0079345703125,40,0.2,0.6819197786971927,0.0003,0.992761492729187,0.0028303452,0.1995108425617218,0.7142825722694397,-2.826759912073612
261.2340425531915,12,24576,650,8.517002542553193,37,-0.003656366578070447,0.0042724609375,44,0.2,0.7894551381468773,0.0003,0.9918277263641357,0.0020171863,0.3574746549129486,0.6955264210700989,-2.8220209255814552
270.48979591836735,13,26624,651,9.377065377551022,40,-0.005712545636924915,0.009521484375,48,0.2,0.6529658194631338,0.0003,0.9908081293106079,0.003616328,0.2253677099943161,0.8314693570137024,-2.820989653468132
281.62,14,28672,652,10.39313637,43,-0.004143929290876258,0.012939453125,52,0.2,1.0631996914744377,0.0003,0.9904968738555908,0.004163448,0.2775857448577881,0.6092016696929932,-2.818640723824501
295.06,15,30720,652,11.736868780000002,47,-0.004249502228049096,0.005126953125,56,0.2,0.7445372873917222,0.0003,0.992377758026123,0.0022163028,0.2282990962266922,0.8060144186019897,-2.8203456848859787
309.05,16,32768,649,13.125548160000001,50,-0.005307409941451624,0.01611328125,60,0.2,1.0848269276320934,0.0003,0.9927724599838257,0.0043542553,0.3793885409832001,0.8000283241271973,-2.823527455329895
326.17,17,34816,649,14.806163070000002,53,-0.0054864010598976165,0.025146484375,64,0.2,0.9731011372059584,0.0003,0.992351770401001,0.0043211756,0.3282749056816101,0.7307036519050598,-2.823151521384716
333.66,18,36864,647,15.64912916,56,-0.007013329231995158,0.0184326171875,68,0.2,1.516191527247429,0.0003,0.9895812273025513,0.0044122743,0.4637099504470825,0.7434899806976318,-2.820221446454525
348.97,19,38912,644,17.330914770000003,60,-0.005694148923794273,0.0101318359375,72,0.2,1.752575609833002,0.0003,0.9861288070678711,0.0034659146,0.6977618932723999,0.5973994731903076,-2.813562199473381
361.92,20,40960,639,18.82275525,64,-0.004275374951248523,0.0087890625,76,0.2,1.1289573423564434,0.0003,0.9827464818954468,0.0035481006,0.37985894083976746,0.836582601070404,-2.8069491386413574
373.81,21,43008,634,20.233365850000002,67,-0.004950638583977707,0.0087890625,80,0.2,0.9602463990449905,0.0003,0.9828797578811646,0.0029174183,0.22470876574516296,0.7440005540847778,-2.8022705912590027
386.96,22,45056,630,21.835417000000003,71,-0.003764342713111546,0.0103759765625,84,0.2,1.1839604787528515,0.0003,0.9815464019775391,0.002476981,0.3113490641117096,0.6830490827560425,-2.8029972836375237
399.67,23,47104,630,23.288330389999995,74,-0.004558914930385072,0.0074462890625,88,0.2,1.1387255154550076,0.0003,0.9793092012405396,0.0028668623,0.49871838092803955,0.7788404822349548,-2.7979668378829956
409.86,24,49152,628,24.46515558,78,-0.009581478727341164,0.0555419921875,92,0.2,1.7563657518476248,0.0003,0.979221522808075,0.010118701,0.9174668788909912,0.7194725275039673,-2.7955867797136307
422.32,25,51200,626,26.068634770000003,81,-0.006355681027343962,0.0084228515625,96,0.2,1.608807621523738,0.0003,0.9764851331710815,0.0032737528,0.3786573112010956,0.7975761294364929,-2.793837308883667
433.53,26,53248,620,27.594984559999997,85,-0.00701849003235111,0.025390625,100,0.2,1.4280114863067865,0.0003,0.9738904237747192,0.005694605,0.5834140181541443,0.8192965388298035,-2.7876151353120804
444.31,27,55296,616,29.030440629999998,89,-0.009668644022895023,0.0350341796875,104,0.2,1.5552578419446945,0.0003,0.9724600315093994,0.0070136236,0.7155706286430359,0.7916189432144165,-2.783222198486328
454.04,28,57344,613,30.3447989,93,-0.006385424581822008,0.0224609375,108,0.2,1.3472458366304636,0.0003,0.9731330871582031,0.0059569804,0.46635615825653076,0.8329417705535889,-2.782609634101391
463.85,29,59392,610,32.03030934,97,-0.0061331824836088344,0.0155029296875,112,0.2,1.592331761494279,0.0003,0.9709198474884033,0.004296854,0.7858108282089233,0.7769919633865356,-2.781599923968315
470.04,30,61440,610,33.05838635999999,100,-0.005586187733570114,0.023681640625,116,0.2,1.2739889603108168,0.0003,0.970815122127533,0.005587484,0.6233123540878296,0.820149838924408,-2.7784114629030228
474.34,31,63488,605,34.20403693000001,104,-0.00339262472698465,0.0067138671875,120,0.2,1.9779377207159996,0.0003,0.9694479703903198,0.00260014,0.4588810205459595,0.6691192984580994,-2.777703084051609
480.33,32,65536,600,35.570759470000006,109,-0.006542234870721586,0.03125,124,0.2,1.0173250921070576,0.0003,0.9666745066642761,0.0063965106,0.47054100036621094,0.8771935105323792,-2.773477263748646
473.66,33,67584,596,35.63292535,113,-0.0060076838854001835,0.0162353515625,128,0.2,1.5413812287151814,0.0003,0.9645169973373413,0.0041904715,0.8082181215286255,0.7912791967391968,-2.7679012939333916
468.55,34,69632,591,35.88096704,117,-0.00768749386043055,0.0191650390625,132,0.2,1.6189365945756435,0.0003,0.9628876447677612,0.005045449,0.8053025603294373,0.7810776233673096,-2.7635652869939804
462.44,35,71680,591,36.15022922,121,-0.008749356187763624,0.0521240234375,136,0.2,1.2442953530699015,0.0003,0.9617389440536499,0.008283364,0.529047966003418,0.8479774594306946,-2.7612911835312843
456.66,36,73728,587,36.247062580000005,125,-0.0038701296944054775,0.0126953125,140,0.2,1.262635376304388,0.0003,0.9597463011741638,0.0033420373,0.5350579619407654,0.7957864999771118,-2.7579881101846695
452.47,37,75776,586,36.50749977,129,-0.007449098855431657,0.0286865234375,144,0.2,1.5647894404828548,0.0003,0.9586026668548584,0.006034702,0.5342512130737305,0.8256000280380249,-2.7544245198369026
440.0,38,77824,585,35.76608431,132,-0.008473943948047236,0.0428466796875,148,0.2,1.2630218993872404,0.0003,0.9575770497322083,0.0072085597,0.4033014178276062,0.8345277905464172,-2.752256378531456
436.1,39,79872,583,35.93510425,136,-0.007138462868169881,0.021728515625,152,0.2,1.5506760869175196,0.0003,0.9567893743515015,0.0046908855,0.5157817602157593,0.7644527554512024,-2.7497830390930176
438.74,40,81920,582,36.79362294999999,140,-0.005503717096871696,0.00439453125,156,0.2,1.513395393267274,0.0003,0.95648193359375,0.0018917986,0.39612579345703125,0.7844457626342773,-2.7489879950881004
430.45,41,83968,582,36.27779155,144,-0.006327327871986199,0.017578125,160,0.2,0.9765482693910599,0.0003,0.9556126594543457,0.0035377124,0.2665421962738037,0.8399407863616943,-2.7484311014413834
425.66,42,86016,583,36.21236311,147,-0.009269111964385957,0.048583984375,164,0.2,1.3823690246790648,0.0003,0.953065812587738,0.007989051,0.460507333278656,0.8735201358795166,-2.744580328464508
419.89,43,88064,582,36.08240296,151,-0.0036029933326062746,0.01611328125,168,0.2,1.2701031249016523,0.0003,0.9491697549819946,0.0042698495,0.36131131649017334,0.8173372149467468,-2.7380754202604294
419.44,44,90112,582,36.72102709,154,-0.006533127336297184,0.0223388671875,172,0.2,1.9207023493945599,0.0003,0.9481974840164185,0.0045168824,0.7890281677246094,0.772290050983429,-2.7319984138011932
419.31,45,92160,582,36.737976280000005,158,-0.003771635972952936,0.01220703125,176,0.2,1.960694633424282,0.0003,0.9470062255859375,0.003113327,0.5478427410125732,0.7456613183021545,-2.7305593341588974
419.4,46,94208,582,37.191766109999996,161,-0.005758312559919432,0.031005859375,180,0.2,1.997392613440752,0.0003,0.9461190104484558,0.0062223524,0.8266009092330933,0.8504795432090759,-2.727779358625412
419.53,47,96256,582,37.624133900000004,165,-0.009160022673313506,0.046630859375,184,0.2,1.6479207314550877,0.0003,0.9454334378242493,0.006806001,0.5946096777915955,0.7947671413421631,-2.7264613956212997
412.14,48,98304,582,37.08477015,168,-0.0037193923453742173,0.022216796875,188,0.2,1.203227959573269,0.0003,0.9451533555984497,0.0039553884,0.3413054347038269,0.8202114701271057,-2.7254869639873505
401.64,49,100352,581,35.979187870000004,172,-0.00783554758891114,0.05810546875,192,0.2,1.6959350854158401,0.0003,0.9436010718345642,0.009441551,0.5431873202323914,0.8408674597740173,-2.7237949445843697
406.41,50,102400,580,36.30423072,176,-0.005346497753635049,0.027099609375,196,0.2,2.6884546391665936,0.0003,0.9425104260444641,0.0058647087,1.1152520179748535,0.6733044981956482,-2.7205923199653625
400.0,51,104448,579,35.675639,180,-0.00782788702781545,0.0213623046875,200,0.2,1.7722692601382732,0.0003,0.9407870769500732,0.004351722,0.7309286594390869,0.8823872804641724,-2.717801161110401
399.09,52,106496,579,35.6272533,183,-0.0037263625126797706,0.017578125,204,0.2,1.9268885292112827,0.0003,0.9394397735595703,0.004010563,0.6942337155342102,0.7450584173202515,-2.714381091296673
394.22,53,108544,579,35.13526485,187,-0.007603958831168711,0.0115966796875,208,0.2,2.040902502834797,0.0003,0.9371813535690308,0.0035189085,1.08351731300354,0.7436059713363647,-2.7106258049607277
390.96,54,110592,579,34.84728357,190,-0.004550580069917487,0.010498046875,212,0.2,1.789207112044096,0.0003,0.9365757703781128,0.0034296021,0.9847282767295837,0.7509186267852783,-2.707249127328396
385.88,55,112640,579,34.43004253,194,-0.009604590581147932,0.0618896484375,216,0.2,1.8249552175402641,0.0003,0.9353528022766113,0.009236794,0.6248025298118591,0.7733826637268066,-2.7056646570563316
386.45,56,114688,576,34.6481719,198,-0.008125054242555052,0.028564453125,220,0.2,1.5551607348024845,0.0003,0.9334173202514648,0.006162228,0.5210119485855103,0.8347139358520508,-2.7020621821284294
391.06,57,116736,575,35.49773839,202,-0.0038528870572918095,0.0169677734375,224,0.2,1.4883820973336697,0.0003,0.9318968057632446,0.0041547595,0.5030921697616577,0.7803678512573242,-2.6983733847737312
390.08,58,118784,573,35.54305986,207,-0.00857310611900175,0.040771484375,228,0.2,1.2360449023544788,0.0003,0.9300152659416199,0.0074286275,0.45456773042678833,0.8581457138061523,-2.6951604411005974
381.53,59,120832,573,34.65288527,210,-0.006075556724681519,0.0185546875,232,0.2,1.4075802937150002,0.0003,0.9297072887420654,0.0044428487,0.6087049841880798,0.8338445425033569,-2.692299574613571
379.95,60,122880,573,34.42932994,214,-0.0061974432610441,0.034423828125,236,0.2,1.9093545489013195,0.0003,0.9283974170684814,0.0052727303,0.8696758151054382,0.8255946636199951,-2.6907911151647568
379.7,61,124928,573,34.516139349999996,217,-0.007203747292805929,0.0343017578125,240,0.2,2.0304332077503204,0.0003,0.9283734560012817,0.006768602,0.6954391002655029,0.8277715444564819,-2.6890532299876213
381.25,62,126976,572,34.908900440000004,221,-0.00760599165369058,0.0301513671875,244,0.2,1.290119867771864,0.0003,0.9285049438476562,0.0040316684,0.4010884761810303,0.8611486554145813,-2.6894781589508057
376.49,63,129024,572,34.74158973,225,-0.0065456403099233285,0.03173828125,248,0.2,0.9286456406116486,0.0003,0.9285062551498413,0.006244144,0.29315751791000366,0.9102067351341248,-2.689484253525734
377.22,64,131072,573,34.98050635,228,-0.006215743283974007,0.05322265625,252,0.2,1.4473938513547182,0.0003,0.9280387759208679,0.0064303726,0.556257963180542,0.8169664740562439,-2.6890822499990463
375.25,65,133120,573,34.781709580000005,231,-0.005909346175030805,0.037109375,256,0.2,0.9764536581933498,0.0003,0.9288269281387329,0.0059304098,0.3361928462982178,0.9032551050186157,-2.6893054991960526
377.56,66,135168,573,35.292838090000004,235,-0.004513856518315151,0.0263671875,260,0.2,1.691752027720213,0.0003,0.928053617477417,0.0048633446,0.9628445506095886,0.8409545421600342,-2.689687207341194
380.69,67,137216,572,36.0174923,239,-0.0067544322373578325,0.03564453125,264,0.2,0.8692264780402184,0.0003,0.9276442527770996,0.007529233,0.29162275791168213,0.9080682396888733,-2.6877530366182327
379.78,68,139264,572,36.315006159999996,243,-0.00598718314722646,0.0531005859375,268,0.2,0.922808526083827,0.0003,0.9265068769454956,0.0062087816,0.6056174635887146,0.9083653092384338,-2.686462126672268
375.88,69,141312,572,36.207313410000005,246,-0.0035573393979575485,0.018310546875,272,0.2,1.2314834333956242,0.0003,0.9267722368240356,0.004131863,0.4791324734687805,0.8729680180549622,-2.685402937233448
376.77,70,143360,570,36.57981727000001,251,-0.006472498906077817,0.046875,276,0.2,1.0918058408424258,0.0003,0.9261007308959961,0.00428282,0.363292932510376,0.9050331711769104,-2.6851566061377525
375.59,71,145408,569,36.535890210000005,255,-0.008215736437705345,0.048095703125,280,0.2,0.8582103010267019,0.0003,0.9251101016998291,0.00627195,0.36714106798171997,0.93033367395401,-2.683546133339405
377.78,72,147456,566,37.07964769000001,260,-0.006183963683724869,0.0264892578125,284,0.2,1.453612932935357,0.0003,0.9250502586364746,0.0058308924,0.4419703781604767,0.8683418035507202,-2.6814128383994102
379.24,73,149504,565,37.428591600000004,264,-0.004278935783077031,0.0113525390625,288,0.2,0.9464067835360765,0.0003,0.9232445955276489,0.0025813044,0.3421030044555664,0.9086759090423584,-2.681106314063072
381.27,74,151552,564,37.887139180000005,268,-0.006292249483522028,0.0263671875,292,0.2,0.6960123376920819,0.0003,0.9224648475646973,0.0049972376,0.210623636841774,0.9270642995834351,-2.6762944534420967
380.96,75,153600,563,38.04412326,272,-0.006607875504414551,0.02783203125,296,0.2,1.12105692923069,0.0003,0.923385739326477,0.0046932343,0.3630220890045166,0.897384524345398,-2.6779238879680634
379.04,76,155648,562,37.82453785,276,-0.010234116052743047,0.0626220703125,300,0.2,0.6455617872998118,0.0003,0.920609712600708,0.008604238,0.20678377151489258,0.939367949962616,-2.6759188920259476
380.9,77,157696,561,38.25007203,280,-0.00553782257338753,0.03759765625,304,0.2,1.2644860316067934,0.0003,0.918813943862915,0.004622455,0.4637361764907837,0.8771889209747314,-2.6698252260684967
384.37,78,159744,561,38.912662309999995,284,-0.006013258680468425,0.0682373046875,308,0.2,0.5560586694628,0.0003,0.9167075753211975,0.008573741,0.18711036443710327,0.9417684078216553,-2.666291080415249
386.28,79,161792,560,38.89031338999999,288,-0.002187868292821804,0.023193359375,312,0.2,1.4565727896988392,0.0003,0.9165723919868469,0.0026149335,0.6373974680900574,0.8647492527961731,-2.663468025624752
386.72,80,163840,560,39.040978339999995,292,-0.005769562776549719,0.0120849609375,316,0.2,1.4192679934203625,0.0003,0.9144509434700012,0.0024816026,0.41012313961982727,0.9348664879798889,-2.6618198603391647
384.88,81,165888,559,38.82772555,296,-0.006687928398605436,0.0338134765625,320,0.2,1.016468970105052,0.0003,0.9111124277114868,0.0057392484,0.2889392077922821,0.8949851393699646,-2.655610926449299
383.93,82,167936,559,38.73057951,300,-0.006308688040007837,0.0296630859375,324,0.2,0.8770612869411707,0.0003,0.9095449447631836,0.0069491747,0.43007612228393555,0.9055569171905518,-2.650062344968319
385.75,83,169984,559,38.60039398,303,-0.007284302613697946,0.0191650390625,328,0.2,1.355294892564416,0.0003,0.9073944687843323,0.00375363,0.38536906242370605,0.9224512577056885,-2.6459608301520348
390.18,84,172032,558,38.92215109,307,-0.007509600603953004,0.0274658203125,332,0.2,1.04122509714216,0.0003,0.9071981906890869,0.006079137,0.507483959197998,0.9189797043800354,-2.6433641836047173
386.83,85,174080,558,38.45202746999999,311,-0.010803550016134977,0.0484619140625,336,0.2,1.2599180862307549,0.0003,0.9035141468048096,0.007849152,0.4741590619087219,0.93485426902771,-2.639955624938011
385.7,86,176128,558,38.33783432,315,-0.008185493905330077,0.0599365234375,340,0.2,1.3295737821608782,0.0003,0.9017816781997681,0.0061925054,0.5083042979240417,0.8664723634719849,-2.6323917657136917
383.81,87,178176,557,37.79206498999999,319,-0.004429256412549876,0.021240234375,344,0.2,0.7896759528666735,0.0003,0.8997417092323303,0.0038782614,0.3087303638458252,0.9172715544700623,-2.6289884597063065
387.23,88,180224,557,38.139416839999996,323,-0.007218188970000483,0.033447265625,348,0.2,1.8963517844676971,0.0003,0.8995841145515442,0.0061699124,0.803716242313385,0.8948018550872803,-2.626379057765007
385.38,89,182272,557,37.89449981,326,-0.008350553638592828,0.032958984375,352,0.2,0.5913679208606482,0.0003,0.9002761244773865,0.005583194,0.30773690342903137,0.9604185223579407,-2.626936435699463
384.7,90,184320,557,37.82350974,330,-0.007031334767816588,0.0372314453125,356,0.2,0.973843103274703,0.0003,0.9000701308250427,0.0056326604,0.48106849193573,0.9176819324493408,-2.627439923584461
385.57,91,186368,557,37.92903108,334,-0.004637978650862351,0.02099609375,360,0.2,1.7989580482244492,0.0003,0.8998291492462158,0.0047811484,0.7349516749382019,0.7825733423233032,-2.6270825266838074
386.95,92,188416,556,37.65250037,338,-0.007954099652124569,0.040283203125,364,0.2,0.8349771676585078,0.0003,0.8984942436218262,0.006253808,0.3476717174053192,0.9368260502815247,-2.6258611008524895
380.46,93,190464,556,36.70420697,342,-0.010945021436782554,0.0751953125,368,0.2,1.4635942038148642,0.0003,0.8958148956298828,0.0108682625,0.2721492052078247,0.9236621856689453,-2.6208366751670837
378.14,94,192512,556,36.38742377,345,-0.0034542520879767835,0.0245361328125,372,0.2,1.712785329669714,0.0003,0.893274188041687,0.0053209276,0.7704592347145081,0.8689693808555603,-2.6153703704476357
379.9,95,194560,556,36.41883742,349,-0.004636409910744987,0.0347900390625,376,0.2,1.5778403989970684,0.0003,0.8916507959365845,0.004792646,0.5993148684501648,0.8359967470169067,-2.61013650149107
376.1,96,196608,555,35.9127536,353,-0.0061879344284534454,0.019775390625,380,0.2,1.0693983528763056,0.0003,0.8903840780258179,0.0044374303,0.3634614646434784,0.940991997718811,-2.607759177684784
374.08,97,198656,555,36.22215874,357,-0.005438309410237707,0.038818359375,384,0.2,1.2760784458369017,0.0003,0.8866063356399536,0.0063253837,0.5160728096961975,0.8942046165466309,-2.601670518517494
374.54,98,200704,554,36.00544765999999,362,-0.009110933613555972,0.0684814453125,388,0.2,0.6360568264499307,0.0003,0.8847429752349854,0.007899063,0.13634361326694489,0.9463909268379211,-2.5945298448204994
375.66,99,202752,552,36.29704131,366,-0.008670831273775548,0.04931640625,392,0.2,2.0061721578240395,0.0003,0.8840811252593994,0.008354453,0.5820189714431763,0.8866128921508789,-2.592565357685089
376.51,100,204800,550,36.56557642,371,-0.008312043733894825,0.0460205078125,396,0.2,0.711930220015347,0.0003,0.8836575746536255,0.0065514534,0.18214744329452515,0.925091028213501,-2.590622916817665
379.2,101,206848,548,36.49047168999999,377,-0.009744106166181155,0.06640625,400,0.2,0.45124579034745693,0.0003,0.8849129676818848,0.0096961055,0.2292160540819168,0.955506443977356,-2.5912835225462914
371.95,102,208896,546,35.822005929999996,382,-0.007713514962233603,0.0302734375,404,0.2,2.00250106677413,0.0003,0.8848339319229126,0.0063005607,0.5948039889335632,0.9244325160980225,-2.593696430325508
375.08,103,210944,544,36.39166607999999,387,-0.006163569720229134,0.0467529296875,408,0.2,1.574878629297018,0.0003,0.8858329057693481,0.007361455,0.7591437697410583,0.8810211420059204,-2.5934415459632874
376.29,104,212992,543,36.69180612,391,-0.005059623006673064,0.025634765625,412,0.2,0.7917374949902296,0.0003,0.8875221014022827,0.005530604,0.32354936003685,0.9321938157081604,-2.5971473082900047
377.81,105,215040,541,37.02612836,396,-0.005220730643486604,0.024169921875,416,0.2,0.7103440538048744,0.0003,0.8864213228225708,0.0034059603,0.30018350481987,0.9268134236335754,-2.598525308072567
380.72,106,217088,540,37.83701464,401,-0.0066587184119271114,0.045166015625,420,0.2,0.32001078175380826,0.0003,0.8874276876449585,0.00623635,0.08746082335710526,0.9686256051063538,-2.596980519592762
377.08,107,219136,540,37.61405568,405,-0.009003759594634175,0.0496826171875,424,0.2,0.31494127959012985,0.0003,0.8892122507095337,0.008374482,0.10032373666763306,0.9694336652755737,-2.6010702326893806
379.4,108,221184,539,38.04068437,409,-0.009853677642240655,0.0968017578125,428,0.2,0.7416835865005851,0.0003,0.8877192139625549,0.015022532,0.2600573003292084,0.9445655941963196,-2.601336419582367
381.89,109,223232,538,38.47286851,414,-0.007303008533199318,0.0621337890625,432,0.2,0.7654495984315872,0.0003,0.886467695236206,0.009917913,0.27967819571495056,0.9351603984832764,-2.5980836302042007
377.53,110,225280,538,38.35968624,418,-0.00711457464058185,0.044677734375,436,0.2,0.838249939493835,0.0003,0.88618403673172,0.0064909877,0.32134026288986206,0.9326101541519165,-2.596668519079685
378.36,111,227328,537,38.407639759999995,422,-0.004232918028719723,0.0374755859375,440,0.2,0.9416102971881628,0.0003,0.8854963183403015,0.0055429554,0.43494904041290283,0.9343327283859253,-2.595484159886837
388.37,112,229376,536,39.41829984,427,-0.007593010617711116,0.07080078125,444,0.2,2.008343629539013,0.0003,0.8847000598907471,0.009041471,1.4006047248840332,0.8442991971969604,-2.5935383811593056
393.41,113,231424,535,40.204817059999996,431,-0.011291692353552207,0.05517578125,448,0.2,1.1681553106755018,0.0003,0.8837087154388428,0.008138754,0.5884312987327576,0.9449501633644104,-2.59217332303524
392.54,114,233472,535,40.34513854,436,-0.004585032998875249,0.0369873046875,452,0.2,0.8074566004797816,0.0003,0.8832110166549683,0.008006146,0.36046287417411804,0.9252803921699524,-2.5895565822720528
400.86,115,235520,535,40.53945023,440,-0.01034136708767619,0.03759765625,456,0.2,0.7210085801780224,0.0003,0.8821291327476501,0.0058869403,0.25799721479415894,0.9530766010284424,-2.5886950120329857
407.97,116,237568,535,41.647302950000004,443,-0.006628833900322206,0.0352783203125,460,0.2,1.9690934494137764,0.0003,0.8818109035491943,0.0069791907,0.5094264149665833,0.9047149419784546,-2.5866124406456947
406.45,117,239616,535,41.392819419999995,447,-0.007874920687754638,0.0699462890625,464,0.2,0.3793559526093304,0.0003,0.8810874223709106,0.009178828,0.11570199579000473,0.9651578664779663,-2.585824638605118
405.02,118,241664,535,41.626320639999996,451,-0.004509679187322035,0.0245361328125,468,0.2,1.128805359825492,0.0003,0.8821810483932495,0.003749079,0.2991144061088562,0.8987913131713867,-2.58564779907465
404.75,119,243712,535,41.64509448,455,-0.010425909218611196,0.083984375,472,0.2,0.6580133000388741,0.0003,0.8849998712539673,0.008932319,0.35084155201911926,0.9491077661514282,-2.5899035781621933
404.91,120,245760,535,41.627708510000005,458,-0.007251256800373085,0.02490234375,476,0.2,0.34753439854830503,0.0003,0.8869507312774658,0.0043538697,0.06649340689182281,0.9642842411994934,-2.5959621742367744
399.05,121,247808,535,41.85319814,462,-0.00872898286615964,0.05810546875,480,0.2,0.845721647143364,0.0003,0.8869222402572632,0.007705411,0.1962595283985138,0.9412025809288025,-2.598187707364559
408.04,122,249856,535,42.91049430000001,466,-0.006902168322994839,0.038330078125,484,0.2,0.3749038144014776,0.0003,0.8844994306564331,0.0063699163,0.11473831534385681,0.9732046723365784,-2.595970034599304
414.55,123,251904,536,43.089916159999994,469,-0.009989548700104933,0.032958984375,488,0.2,0.8164524585008621,0.0003,0.8829493522644043,0.006296727,0.32840415835380554,0.9641039371490479,-2.5900859013199806
417.7,124,253952,536,43.10426358000001,473,-0.007443379501637537,0.0341796875,492,0.2,1.064758399501443,0.0003,0.8811948299407959,0.0060446234,0.3612557649612427,0.9533517956733704,-2.586778700351715
413.6,125,256000,536,41.787528140000006,477,-0.009285096923122182,0.028076171875,496,0.2,0.8970184475183487,0.0003,0.8788648843765259,0.0050128675,0.2720199227333069,0.955687940120697,-2.582243397831917
412.84,126,258048,535,41.64175273,481,-0.0045905295191914774,0.0322265625,500,0.2,2.0813181288540363,0.0003,0.8790034055709839,0.006369824,0.6384854912757874,0.8923159837722778,-2.5792429074645042
412.52,127,260096,535,41.588279990000004,485,-0.00691697423462756,0.03955078125,504,0.2,0.9015960460528731,0.0003,0.8797017335891724,0.008359416,0.213980570435524,0.9032106399536133,-2.581026591360569
412.02,128,262144,535,41.50612564,489,-0.008640329622721765,0.0712890625,508,0.2,1.0935892723500729,0.0003,0.8795666694641113,0.009581359,0.73908531665802,0.9120239615440369,-2.5811062529683113
408.43,129,264192,535,40.599034030000006,492,-0.00649539903679397,0.052490234375,512,0.2,1.1476057078689337,0.0003,0.8809932470321655,0.0062835086,0.32709187269210815,0.9255121350288391,-2.5825085490942
412.15,130,266240,535,40.838118400000006,496,-0.006607626950426493,0.03466796875,516,0.2,2.5077056251466274,0.0003,0.8812258243560791,0.005910641,1.2735637426376343,0.8363953828811646,-2.5847737789154053
412.22,131,268288,535,40.93154711,500,-0.010041582441772334,0.058837890625,520,0.2,1.1991368159651756,0.0003,0.881840169429779,0.00628122,0.4176082909107208,0.9425087571144104,-2.5854674875736237
412.02,132,270336,535,41.13477486,504,-0.0075134843500563875,0.05908203125,524,0.2,0.6100956052541733,0.0003,0.8821426630020142,0.008959975,0.36377859115600586,0.9498245120048523,-2.586517885327339
412.68,133,272384,535,41.26343895000001,508,-0.006652850264799781,0.0240478515625,528,0.2,0.8875531889498234,0.0003,0.8820192217826843,0.005860755,0.25953561067581177,0.9477807283401489,-2.587630055844784
412.5,134,274432,535,41.22421031000001,512,-0.009412341169081628,0.05712890625,532,0.2,0.9755532387644053,0.0003,0.8791970014572144,0.008075272,0.4321821630001068,0.9027972221374512,-2.5840586572885513
402.38,135,276480,535,40.627855880000006,516,-0.011105937483080197,0.078857421875,536,0.2,0.37449081474915147,0.0003,0.8781689405441284,0.010159165,0.06628184765577316,0.9675096273422241,-2.5785528868436813
400.68,136,278528,535,40.275742040000004,519,-0.006084144573833328,0.031005859375,540,0.2,1.161786949262023,0.0003,0.8756235837936401,0.0061807386,0.3844701051712036,0.8902984857559204,-2.5762295722961426
405.58,137,280576,536,40.49481274000001,523,-0.007398213667329401,0.0716552734375,544,0.2,1.1054325383156538,0.0003,0.8727542161941528,0.012463497,0.28794196248054504,0.9002528786659241,-2.568585269153118
404.91,138,282624,536,40.33027475,527,-0.0056412517733406276,0.0255126953125,548,0.2,1.0852583833038807,0.0003,0.870772659778595,0.006307621,0.38866692781448364,0.9453750252723694,-2.563409022986889
407.36,139,284672,536,40.16480364,530,-0.008111120943794958,0.0364990234375,552,0.2,0.43471728544682264,0.0003,0.8702512979507446,0.005192808,0.12488571554422379,0.9570662975311279,-2.5597535595297813
406.18,140,286720,536,39.967720740000004,534,-0.005285779305268079,0.0181884765625,556,0.2,1.0386854242533445,0.0003,0.869525671005249,0.003452361,0.5554131865501404,0.9513731598854065,-2.5594353154301643
408.79,141,288768,536,39.756440180000006,538,-0.006907874194439501,0.04638671875,560,0.2,0.8710975740104914,0.0003,0.865118145942688,0.007649291,0.3247702121734619,0.9276295304298401,-2.5540120527148247
401.77,142,290816,536,39.59804761,542,-0.007096617846400477,0.0391845703125,564,0.2,0.9839609395712614,0.0003,0.8625699877738953,0.007585433,0.23995845019817352,0.9518465995788574,-2.544954262673855
394.14,143,292864,536,39.31493005,546,-0.00657209001656156,0.039794921875,568,0.2,0.41333960462361574,0.0003,0.8597677946090698,0.005897369,0.18518736958503723,0.9616972804069519,-2.5389017462730408
394.46,144,294912,536,40.06282220999999,550,-0.00850955837086076,0.0521240234375,572,0.2,0.7682178011164069,0.0003,0.8588953614234924,0.0073501077,0.3945731818675995,0.9382479190826416,-2.534222699701786
393.8,145,296960,535,39.94339023,554,-0.005447734729386866,0.042236328125,576,0.2,0.6986712450161576,0.0003,0.8579250574111938,0.0054664537,0.25653859972953796,0.9099854826927185,-2.533051572740078
395.32,146,299008,535,40.19596645000001,558,-0.008381478561204858,0.0308837890625,580,0.2,0.8094930835068226,0.0003,0.8570029735565186,0.0073307226,0.2419077306985855,0.9177023768424988,-2.5298590138554573
394.61,147,301056,535,40.0473721,562,-0.004500598828599323,0.0244140625,584,0.2,0.5773117137141526,0.0003,0.8594900369644165,0.0046689715,0.10514378547668457,0.9378512501716614,-2.531509079039097
396.65,148,303104,535,40.86983894,566,-0.0071396851853933185,0.052490234375,588,0.2,1.017279490828514,0.0003,0.8617525696754456,0.009398514,0.4046560525894165,0.9247109889984131,-2.538065917789936
393.89,149,305152,535,40.87421552000001,569,-0.009966014884412289,0.07177734375,592,0.2,0.38717772299423814,0.0003,0.8604549169540405,0.00947367,0.2659033536911011,0.9697369337081909,-2.5399724394083023
394.37,150,307200,535,41.00858224,573,-0.007524666682002135,0.0640869140625,596,0.2,0.643543541431427,0.0003,0.858856201171875,0.01054268,0.24714721739292145,0.9480351209640503,-2.5346522703766823
390.87,151,309248,535,40.896828150000005,577,-0.006333116485620849,0.044677734375,600,0.2,0.44607447180897,0.0003,0.8550481796264648,0.0046649883,0.17270790040493011,0.9707247614860535,-2.53029303252697
389.47,152,311296,535,40.67213467,581,-0.006145065155578777,0.048828125,604,0.2,0.3118965015746653,0.0003,0.8542861342430115,0.007788501,0.10757134854793549,0.9711292386054993,-2.5225512757897377
390.61,153,313344,535,40.672983009999996,584,-0.003714047219546046,0.04345703125,608,0.2,0.8158070277422667,0.0003,0.8527736663818359,0.005164721,0.27781715989112854,0.9355229139328003,-2.521396905183792
392.36,154,315392,535,41.09683602,588,-0.010181801102589816,0.0416259765625,612,0.2,0.4881595177575946,0.0003,0.850932240486145,0.008398184,0.12798592448234558,0.9737263917922974,-2.517568290233612
392.81,155,317440,535,41.30224106,592,-0.0070529819204239175,0.05908203125,616,0.2,0.20034934650175273,0.0003,0.8489291667938232,0.010055276,0.07092293351888657,0.982495129108429,-2.512963205575943
388.52,156,319488,535,41.23270378,596,-0.004133905029448215,0.0526123046875,620,0.2,0.656265240162611,0.0003,0.8478289246559143,0.0044413083,0.19470636546611786,0.942386269569397,-2.508556492626667
386.86,157,321536,535,40.968456610000004,600,-0.005914018343901262,0.0313720703125,624,0.2,0.548861799761653,0.0003,0.845838725566864,0.006211611,0.13995671272277832,0.9510117769241333,-2.506166271865368
384.92,158,323584,535,41.205465690000004,603,-0.006858413347799797,0.0361328125,628,0.2,0.6598289264366031,0.0003,0.8459579944610596,0.005507978,0.17241185903549194,0.9496428966522217,-2.5025923177599907
387.56,159,325632,535,41.136505070000005,607,-0.007034896450932138,0.0421142578125,632,0.2,0.7270053643733263,0.0003,0.8445583581924438,0.005204654,0.20689570903778076,0.9456543326377869,-2.5026104748249054
380.56,160,327680,535,40.702242600000005,611,-0.005192836440983228,0.0250244140625,636,0.2,1.476513471454382,0.0003,0.8438276052474976,0.004213415,0.4892900288105011,0.930855393409729,-2.4987224638462067
380.97,161,329728,535,40.823491849999996,615,-0.006969657180889044,0.0283203125,640,0.2,0.8012989442795515,0.0003,0.8440734148025513,0.005528666,0.29500681161880493,0.9206417202949524,-2.4981630071997643
382.87,162,331776,536,40.65410291999999,618,-0.010367613554990385,0.05322265625,644,0.2,0.38914291746914387,0.0003,0.8434298038482666,0.009107322,0.10551117360591888,0.9674572944641113,-2.498541511595249
381.68,163,333824,536,40.474124829999994,622,-0.006926886169821955,0.0634765625,648,0.2,1.4338290374726057,0.0003,0.8431917428970337,0.0077603078,0.43074384331703186,0.9335954189300537,-2.4968439117074013
386.15,164,335872,536,40.85767312,626,-0.009917969415255357,0.0421142578125,652,0.2,1.0747010633349419,0.0003,0.8430331945419312,0.0072051636,0.5987942814826965,0.9348594546318054,-2.496607318520546
383.99,165,337920,536,40.537754760000006,630,-0.007008399654296227,0.0260009765625,656,0.2,0.49310079403221607,0.0003,0.8408323526382446,0.0052108197,0.16102193295955658,0.9681613445281982,-2.494318924844265
385.57,166,339968,536,40.926790860000004,634,-0.006083586642489536,0.0401611328125,660,0.2,0.7783845867961645,0.0003,0.8412425518035889,0.0074997684,0.22359046339988708,0.9183530211448669,-2.4907296523451805
382.28,167,342016,536,40.305356700000004,637,-0.0057965250161942095,0.044921875,664,0.2,0.4293149635195732,0.0003,0.8409072160720825,0.0074966904,0.14820805191993713,0.9683130383491516,-2.4916495978832245
378.7,168,344064,536,39.76546686,641,-0.00464062207902316,0.04296875,668,0.2,1.0507239568978548,0.0003,0.840607762336731,0.009175546,0.3819597363471985,0.9132753014564514,-2.490757569670677
379.22,169,346112,535,39.84051513,645,-0.010041920802905224,0.09375,672,0.2,0.9792471639811993,0.0003,0.8402842283248901,0.013543889,0.2854806184768677,0.9089287519454956,-2.4900915697216988
378.36,170,348160,536,39.71484842,649,-0.0045619402881129645,0.043701171875,676,0.2,0.8294331301003695,0.0003,0.8396676182746887,0.009172138,0.3204629123210907,0.9268841743469238,-2.489537999033928
378.53,171,350208,536,39.79951064,653,-0.008122714636556339,0.053955078125,680,0.2,0.8551721340045333,0.0003,0.8389931917190552,0.008118074,0.3824111521244049,0.9137908220291138,-2.487570770084858
380.71,172,352256,536,39.951986100000006,657,-0.011047404455894139,0.0457763671875,684,0.2,0.5685498099774122,0.0003,0.8388494849205017,0.0062503843,0.14797265827655792,0.9586256146430969,-2.4866554588079453
383.32,173,354304,536,40.00289155000001,660,-0.011033305228920653,0.054443359375,688,0.2,0.8377994764596224,0.0003,0.8356480598449707,0.009342391,0.28986749053001404,0.950980007648468,-2.4832678586244583
383.39,174,356352,536,40.01625388,664,-0.011910384113434702,0.068603515625,692,0.2,0.33375238720327616,0.0003,0.8342626094818115,0.0076586744,0.11616389453411102,0.9699033498764038,-2.476971410214901
387.14,175,358400,535,40.24351599,668,-0.007854025810956955,0.0714111328125,696,0.2,0.7690693382173777,0.0003,0.8341072201728821,0.009475125,0.39891332387924194,0.9205803275108337,-2.4753198698163033
390.41,176,360448,535,40.40261245,672,-0.011887259388458915,0.04248046875,700,0.2,0.4085808121599257,0.0003,0.8320882320404053,0.0076768273,0.07870788127183914,0.9796262979507446,-2.473597213625908
392.28,177,362496,535,40.78289323,676,-0.013097088274662383,0.0601806640625,704,0.2,0.59872817248106,0.0003,0.8274450302124023,0.008994028,0.2127518504858017,0.9682404398918152,-2.4640005230903625
388.62,178,364544,536,40.70263138999999,680,-0.009414957210537978,0.072998046875,708,0.2,0.27718917978927493,0.0003,0.825077474117279,0.0071191303,0.10970579832792282,0.9718088507652283,-2.4563841968774796
392.35,179,366592,536,41.222283389999994,683,-0.005542310795135563,0.037353515625,712,0.2,1.30319070443511,0.0003,0.8215810656547546,0.0071682343,0.2969639003276825,0.8830511569976807,-2.448792837560177
392.81,180,368640,536,41.29667111,687,-0.007565039515611716,0.0390625,716,0.2,0.9319788850843906,0.0003,0.8212099671363831,0.006364383,0.3925408720970154,0.9223440289497375,-2.4434913843870163
390.67,181,370688,536,41.44711016,691,-0.008248235782957636,0.0380859375,720,0.2,0.2527122665196657,0.0003,0.8204421401023865,0.0075753694,0.04583411663770676,0.972931444644928,-2.4433679208159447
395.46,182,372736,535,41.855217429999996,695,-0.005075232038507238,0.031005859375,724,0.2,1.118758887052536,0.0003,0.8194136619567871,0.004604879,0.5449600219726562,0.9148842096328735,-2.4405487328767776
393.86,183,374784,535,41.98453552000001,699,-0.008078025828581303,0.0460205078125,728,0.2,0.6260563679970801,0.0003,0.8196945190429688,0.0068391473,0.2474224865436554,0.9676501750946045,-2.4392413645982742
398.77,184,376832,535,42.34534581,703,-0.008010590056073852,0.057373046875,732,0.2,0.6214855541475117,0.0003,0.8196953535079956,0.009841153,0.17293740808963776,0.9500289559364319,-2.4398036003112793
399.11,185,378880,535,42.44840349000001,706,-0.007804131324519403,0.0338134765625,736,0.2,0.6900106389075518,0.0003,0.8193488121032715,0.0058450447,0.2607017159461975,0.9655625820159912,-2.43951927870512
401.29,186,380928,536,42.47641052,710,-0.005600869539193809,0.0738525390625,740,0.2,0.5358529118821025,0.0003,0.8148198127746582,0.007549916,0.1605762392282486,0.954105019569397,-2.4340690672397614
408.77,187,382976,536,43.557315849999995,714,-0.012728571891784668,0.080322265625,744,0.2,0.6605411916971207,0.0003,0.8118826150894165,0.011077665,0.36043301224708557,0.9668012261390686,-2.424050234258175
410.39,188,385024,536,43.80797419,718,-0.011635324350208975,0.0703125,748,0.2,0.42208859976381063,0.0003,0.8089585304260254,0.009828681,0.20992302894592285,0.9781648516654968,-2.41752340644598
410.38,189,387072,536,43.91570341000001,721,-0.008214281813707203,0.0618896484375,752,0.2,0.5344299883581698,0.0003,0.8050534725189209,0.0109144505,0.20202414691448212,0.9568367004394531,-2.408870503306389
409.81,190,389120,536,43.85414991999999,725,-0.008682934363605455,0.048583984375,756,0.2,0.2507446240633726,0.0003,0.803841233253479,0.0075978623,0.07154316455125809,0.9786083698272705,-2.4020392298698425
417.72,191,391168,536,44.1117493,729,-0.0058039406867465,0.0501708984375,760,0.2,0.8820434361696243,0.0003,0.8041122555732727,0.005531541,0.28352656960487366,0.9220463037490845,-2.40080726146698
413.34,192,393216,536,43.96274619999999,733,-0.010377799553680234,0.07080078125,764,0.2,0.7019372545182705,0.0003,0.8024051189422607,0.008959718,0.22253970801830292,0.9707227945327759,-2.3999157398939133
410.98,193,395264,536,43.825063650000004,737,-0.009508101022220217,0.05517578125,768,0.2,0.2296342416666448,0.0003,0.8003711700439453,0.008266273,0.10996631532907486,0.9782027006149292,-2.394303895533085
410.35,194,397312,536,43.79514009999999,740,-0.009563520710798912,0.073486328125,772,0.2,0.46357784047722816,0.0003,0.8014003038406372,0.0071878787,0.13131016492843628,0.9737319350242615,-2.3936151564121246
407.05,195,399360,536,43.66706233,744,-0.007053641114907805,0.0660400390625,776,0.2,1.2520897258073092,0.0003,0.8011825084686279,0.011074263,0.5819429159164429,0.9128299355506897,-2.394938923418522
404.8,196,401408,536,43.7408752,748,-0.0088880594848888,0.0758056640625,780,0.2,0.34456592286005616,0.0003,0.8003041744232178,0.008221544,0.1092677041888237,0.9672594666481018,-2.3936323449015617
403.07,197,403456,536,43.499590030000014,752,-0.00870063134789234,0.0936279296875,784,0.2,0.3419046448543668,0.0003,0.8008947372436523,0.0076990547,0.09301792085170746,0.9741768836975098,-2.3921434804797173
408.42,198,405504,536,43.919012220000006,756,-0.006009377611917444,0.03173828125,788,0.2,0.5247033834457397,0.0003,0.798731803894043,0.00500603,0.20687894523143768,0.9632201790809631,-2.3914991095662117
412.61,199,407552,536,44.00428288,760,-0.00934582062473055,0.03857421875,792,0.2,0.522856236435473,0.0003,0.7984292507171631,0.006497932,0.22669553756713867,0.9751273393630981,-2.387490876019001
412.93,200,409600,536,44.04257248999999,763,-0.011282474937615916,0.070068359375,796,0.2,0.43132949667051435,0.0003,0.8010132312774658,0.00974866,0.17769020795822144,0.9812342524528503,-2.3901002183556557
415.15,201,411648,536,44.17096517,767,-0.012722202263830695,0.052734375,800,0.2,0.28334752609953284,0.0003,0.8004446625709534,0.008874334,0.055068664252758026,0.9795242547988892,-2.39448381960392
413.77,202,413696,536,44.37434556,771,-0.0100865467247786,0.0572509765625,804,0.2,0.2860839287750423,0.0003,0.7987770438194275,0.008740749,0.11081905663013458,0.9840372800827026,-2.390495643019676
411.99,203,415744,536,44.152625439999994,774,-0.010067239883937873,0.0684814453125,808,0.2,0.23703894717618823,0.0003,0.7946904301643372,0.008430045,0.06354030221700668,0.9838287830352783,-2.38442375510931
408.31,204,417792,536,44.083897709999995,778,-0.006895372360304464,0.0423583984375,812,0.2,0.6499127056449652,0.0003,0.7933509349822998,0.0055360305,0.17418788373470306,0.9496800899505615,-2.3749939799308777
408.01,205,419840,536,44.06014117999999,782,-0.009323822960141115,0.0552978515625,816,0.2,0.23836970841512084,0.0003,0.7881413102149963,0.008955732,0.065852090716362,0.9803487062454224,-2.3702846243977547
408.57,206,421888,536,44.063642899999984,785,-0.006175229311338626,0.048583984375,820,0.2,0.4387665893882513,0.0003,0.7857071757316589,0.010229632,0.12716321647167206,0.9554619789123535,-2.357206530869007
404.88,207,423936,536,43.66476398,789,-0.008274650637758896,0.0496826171875,824,0.2,0.5940897352993488,0.0003,0.7868754863739014,0.008328743,0.22094841301441193,0.9720011949539185,-2.3563953191041946
403.68,208,425984,536,43.49689839,793,-0.008546312179532833,0.02685546875,828,0.2,0.7069301558658481,0.0003,0.7878105044364929,0.0042182654,0.26452603936195374,0.9404309988021851,-2.3596675992012024
404.31,209,428032,536,43.53309902000001,797,-0.007130879908800125,0.043212890625,832,0.2,0.5685624955222011,0.0003,0.7875865697860718,0.0056435904,0.38055652379989624,0.954939603805542,-2.3607764840126038
407.17,210,430080,537,43.430532459999995,800,-0.010312363738194108,0.060302734375,836,0.2,0.49410523753613234,0.0003,0.7860419750213623,0.0096972445,0.1316511332988739,0.9686567783355713,-2.3592899814248085
397.91,211,432128,536,42.997616789999995,804,-0.00855485166539438,0.032958984375,840,0.2,0.542585535440594,0.0003,0.7860860824584961,0.005178439,0.12390521168708801,0.9755725860595703,-2.356111913919449
393.43,212,434176,536,42.22514624,808,-0.005931748091825284,0.0421142578125,844,0.2,0.7749940026551485,0.0003,0.7871359586715698,0.006796213,0.35274410247802734,0.9266833662986755,-2.3572346940636635
398.13,213,436224,536,42.610276939999984,812,-0.007693756830121856,0.0384521484375,848,0.2,1.8398969881236553,0.0003,0.7872377038002014,0.0073765237,0.6699071526527405,0.9073358774185181,-2.359475761651993
401.13,214,438272,536,42.62903002,816,-0.009801335429074243,0.052001953125,852,0.2,0.9179955432191491,0.0003,0.7868503332138062,0.008026254,0.35264480113983154,0.9442781805992126,-2.358186088502407
401.19,215,440320,536,42.644489320000005,820,-0.01199545306735672,0.074951171875,856,0.2,0.3453747355379164,0.0003,0.7860920429229736,0.0107408175,0.10730153322219849,0.9823004603385925,-2.3581773713231087
396.91,216,442368,536,41.9965899,823,-0.004797984875040129,0.0445556640625,860,0.2,0.9695422891527414,0.0003,0.7851438522338867,0.006628977,0.2854243814945221,0.892246425151825,-2.3554095700383186
390.33,217,444416,537,41.36748494,827,-0.005603260389761999,0.0494384765625,864,0.2,1.2860087491571903,0.0003,0.7847291231155396,0.0079908585,0.4772007465362549,0.8794873356819153,-2.3528757244348526
386.09,218,446464,537,40.995650319999996,831,-0.006740092852851376,0.04638671875,868,0.2,0.8785006459802389,0.0003,0.7855596542358398,0.009980703,0.29473528265953064,0.9190102815628052,-2.3540091812610626
384.07,219,448512,537,40.70123188,835,-0.006616588769247755,0.0250244140625,872,0.2,1.088374873623252,0.0003,0.7859388589859009,0.0037871504,0.522807240486145,0.9439572691917419,-2.355051279067993
381.59,220,450560,536,40.53124915,839,-0.006390119291609153,0.0328369140625,876,0.2,0.816234951838851,0.0003,0.7847769260406494,0.0062217265,0.30803993344306946,0.9183021783828735,-2.3548504412174225
383.22,221,452608,536,40.59592322,843,-0.007107572993845679,0.0546875,880,0.2,0.4734334433451295,0.0003,0.7820920944213867,0.008448579,0.1531543880701065,0.9592383503913879,-2.349728249013424
384.39,222,454656,536,40.821166080000005,846,-0.009485223890806083,0.0501708984375,884,0.2,0.4132630657404661,0.0003,0.7805023789405823,0.008425495,0.17564348876476288,0.9733564853668213,-2.3437918424606323
382.05,223,456704,536,40.341442550000004,850,-0.007922046061139554,0.0433349609375,888,0.2,0.6458556726574898,0.0003,0.7771810293197632,0.0056284443,0.1501920372247696,0.9477373957633972,-2.338705725967884
382.04,224,458752,536,40.30739325,854,-0.004312664968892932,0.0357666015625,892,0.2,1.0926695549860597,0.0003,0.7762143015861511,0.0052755633,0.379404753446579,0.8950552940368652,-2.331216737627983
379.66,225,460800,537,40.45656976,858,-0.007269635476404801,0.023193359375,896,0.2,0.39064017916098237,0.0003,0.7760277986526489,0.005637776,0.12828081846237183,0.9634786248207092,-2.3308920189738274
381.3,226,462848,537,40.73932962,861,-0.006315105834801216,0.036376953125,900,0.2,0.7781240697950125,0.0003,0.7750346660614014,0.0059390883,0.4389866292476654,0.9415614008903503,-2.3294176310300827
380.71,227,464896,537,40.62440837,865,-0.00803171339794062,0.056884765625,904,0.2,0.6677019763737917,0.0003,0.7726073861122131,0.008379804,0.26014208793640137,0.9516579508781433,-2.325158342719078
381.89,228,466944,537,40.892196569999996,868,-0.006175640635774471,0.02294921875,908,0.2,0.6882201191037893,0.0003,0.7712918519973755,0.0057456885,0.18511074781417847,0.9457122087478638,-2.320351503789425
378.83,229,468992,537,40.978112329999995,872,-0.007967245081090368,0.044921875,912,0.2,0.4870244665071368,0.0003,0.7704496383666992,0.0063131666,0.13217908143997192,0.951272189617157,-2.316679798066616
381.32,230,471040,537,41.42858421000001,876,-0.00787245569517836,0.04833984375,916,0.2,0.3916695094667375,0.0003,0.7726321220397949,0.008693617,0.09134339541196823,0.9635668992996216,-2.3183687180280685
379.59,231,473088,537,41.74323474,879,-0.006086130579205928,0.0433349609375,920,0.2,0.3372625890187919,0.0003,0.7745096683502197,0.0071786596,0.05822151154279709,0.9672852158546448,-2.324079602956772
377.75,232,475136,537,41.43162172,883,-0.007961306851939298,0.0447998046875,924,0.2,0.45063989236950874,0.0003,0.7744807004928589,0.006137262,0.10904198884963989,0.9686663746833801,-2.326690159738064
374.79,233,477184,537,41.44036433,887,-0.0068730739076272584,0.02880859375,928,0.2,0.9953071186318994,0.0003,0.7754126787185669,0.0056368145,0.3023897111415863,0.921403706073761,-2.327767200767994
374.07,234,479232,537,41.288749179999996,891,-0.009579416058841161,0.0814208984375,932,0.2,0.2660173091571778,0.0003,0.7763682007789612,0.0065474417,0.03223823755979538,0.9778465628623962,-2.3299743235111237
379.16,235,481280,537,42.170637670000005,895,-0.006093019248510245,0.0457763671875,936,0.2,0.9137531351298094,0.0003,0.775750458240509,0.004850704,0.27796030044555664,0.9351315498352051,-2.331375077366829
382.07,236,483328,537,42.69518889,899,-0.010409355629235506,0.0599365234375,940,0.2,0.19546558777801692,0.0003,0.7773160934448242,0.007987633,0.026728078722953796,0.9831603169441223,-2.3316596001386642
383.47,237,485376,537,42.76624312999999,903,-0.00748289204784669,0.038818359375,944,0.2,0.3916627950966358,0.0003,0.7753556966781616,0.0066170823,0.1000485047698021,0.973177969455719,-2.33252827078104
384.06,238,487424,537,42.909096489999996,907,-0.012199036922538653,0.0693359375,948,0.2,0.5514001967385411,0.0003,0.7719008922576904,0.010564802,0.19059918820858002,0.9746401906013489,-2.324803814291954
380.37,239,489472,537,42.32585708,910,-0.008892871672287583,0.0447998046875,952,0.2,0.38776165805757046,0.0003,0.7704894542694092,0.0075362595,0.13571161031723022,0.9718270897865295,-2.317593529820442
379.08,240,491520,537,42.36116825999999,914,-0.008368744609470014,0.0751953125,956,0.2,1.0361453723162413,0.0003,0.7715641260147095,0.009897677,0.37542450428009033,0.9276368618011475,-2.3171279579401016
381.16,241,493568,537,42.455046599999996,918,-0.008861385482305195,0.037353515625,960,0.2,0.6266897702589631,0.0003,0.7716115713119507,0.0056071132,0.15741384029388428,0.9517557621002197,-2.3197148963809013
381.47,242,495616,537,42.54414803,922,-0.009507484413916245,0.0306396484375,964,0.2,0.4799148580059409,0.0003,0.7707593441009521,0.005297645,0.16601908206939697,0.9747269749641418,-2.3184009715914726
382.26,243,497664,537,42.68160862,925,-0.008562985931348521,0.0438232421875,968,0.2,0.6162448935210705,0.0003,0.7690492868423462,0.008102274,0.16149738430976868,0.9609814286231995,-2.3148248195648193
383.95,244,499712,537,42.79911685,929,-0.011139351576275658,0.06494140625,972,0.2,0.24028043961152434,0.0003,0.7686554193496704,0.009685096,0.084369957447052,0.9813142418861389,-2.311864286661148
389.04,245,501760,537,43.08725631,933,-0.01016324941883795,0.0694580078125,976,0.2,0.2370206955820322,0.0003,0.7690143585205078,0.007825815,0.07112929224967957,0.9850453734397888,-2.312172554433346
389.16,246,503808,537,43.15519614999998,937,-0.008412506969762035,0.0560302734375,980,0.2,0.4358988534659147,0.0003,0.7678731679916382,0.008044936,0.15190452337265015,0.9799015522003174,-2.3114115446805954
387.97,247,505856,537,42.951557290000004,941,-0.0072742479969747365,0.06201171875,984,0.2,0.44455908983945847,0.0003,0.7686561346054077,0.0071896333,0.11288657784461975,0.9638566970825195,-2.3101546466350555
388.64,248,507904,537,43.121666219999994,945,-0.008989927024231292,0.071533203125,988,0.2,0.9762026704847813,0.0003,0.7674026489257812,0.01092536,0.34339824318885803,0.9300829768180847,-2.3106391727924347
387.53,249,509952,537,42.88749823000001,948,-0.008958191603596788,0.0487060546875,992,0.2,0.24547537043690681,0.0003,0.7657953500747681,0.007966096,0.08944153040647507,0.9821203351020813,-2.3064032420516014
386.22,250,512000,537,42.70411786999999,952,-0.007526566652813926,0.0526123046875,996,0.2,0.7107869079336524,0.0003,0.7643690705299377,0.0075218775,0.1836656630039215,0.9452808499336243,-2.3020992651581764
387.9,251,514048,537,43.008419630000006,956,-0.004788697719050106,0.04736328125,1000,0.2,0.7375238165259361,0.0003,0.7645981311798096,0.0066287895,0.2666586935520172,0.934188961982727,-2.300280064344406
386.5,252,516096,537,42.75340864999999,960,-0.008875949555658735,0.0830078125,1004,0.2,0.5349275846965611,0.0003,0.7654328942298889,0.010889634,0.1922069489955902,0.9617083668708801,-2.3021976351737976
386.8,253,518144,537,42.76607346,964,-0.007210347073851153,0.0399169921875,1008,0.2,1.0583516731858253,0.0003,0.7646777629852295,0.005684347,0.7801750898361206,0.9327800869941711,-2.302728071808815
386.05,254,520192,537,42.622364829999995,968,-0.009859078461886384,0.08837890625,1012,0.2,0.5677108950912952,0.0003,0.7632399797439575,0.010372266,0.10524558275938034,0.959254801273346,-2.299355573952198
386.98,255,522240,537,42.79063338,971,-0.008816753383143805,0.05419921875,1016,0.2,0.5131591828539968,0.0003,0.759928822517395,0.008429145,0.1834886223077774,0.9573730230331421,-2.293870747089386
384.09,256,524288,537,42.821070959999986,975,-0.010632613382767886,0.052734375,1020,0.2,0.26304116984829307,0.0003,0.7577165365219116,0.00575993,0.04843062534928322,0.9819920659065247,-2.286054454743862
385.23,257,526336,537,42.96751735,979,-0.011273476342466893,0.0751953125,1024,0.2,0.14883335400372744,0.0003,0.7594531178474426,0.011745876,0.027455836534500122,0.9887300133705139,-2.2838027998805046
387.08,258,528384,537,43.20279420999999,982,-0.008905192116799299,0.0546875,1028,0.2,0.3058162019588053,0.0003,0.7570780515670776,0.00750523,0.09508337825536728,0.9789509773254395,-2.2860350534319878
385.69,259,530432,537,43.24863531999999,986,-0.008258840418420732,0.0428466796875,1032,0.2,1.1334983725100756,0.0003,0.7552528977394104,0.0068619503,0.41395169496536255,0.9302953481674194,-2.2784640714526176
386.12,260,532480,537,43.37336049999999,990,-0.008204864599974826,0.0645751953125,1036,0.2,0.2348578106611967,0.0003,0.753692626953125,0.0060981363,0.08712116628885269,0.9809903502464294,-2.274966962635517
386.69,261,534528,537,43.49794954,994,-0.00833041518490063,0.0517578125,1040,0.2,0.1884448539931327,0.0003,0.7511135339736938,0.007948552,0.052285704761743546,0.9868595004081726,-2.2692124098539352
386.13,262,536576,537,43.43283902,998,-0.006248791454709135,0.0596923828125,1044,0.2,0.3160580825060606,0.0003,0.7496817111968994,0.0066385157,0.15215879678726196,0.9733402132987976,-2.2633827477693558
387.14,263,538624,537,43.446555849999996,1001,-0.010166203152039088,0.036376953125,1048,0.2,0.23347579455003142,0.0003,0.7469474077224731,0.0066350587,0.06799200922250748,0.9866657853126526,-2.25896655023098
379.74,264,540672,537,42.771100530000005,1005,-0.011572125309612602,0.06494140625,1052,0.2,0.2501933085732162,0.0003,0.7449799180030823,0.007907026,0.07534034550189972,0.9879093766212463,-2.251183733344078
380.45,265,542720,537,42.85857279000001,1009,-0.008175649345503189,0.0665283203125,1056,0.2,0.8468847097828984,0.0003,0.7446746826171875,0.01111672,0.22937263548374176,0.9392382502555847,-2.2482876926660538
381.28,266,544768,537,42.968351890000015,1013,-0.006926669251697604,0.0352783203125,1060,0.2,0.5095894536934793,0.0003,0.7433398962020874,0.0049177175,0.10955040901899338,0.958418607711792,-2.247276231646538
382.64,267,546816,537,43.219869179999996,1017,-0.007706586737185717,0.0843505859375,1064,0.2,0.3561772173270583,0.0003,0.741847038269043,0.008314004,0.14315900206565857,0.9753555655479431,-2.2423715963959694
381.62,268,548864,537,43.0095659,1021,-0.010570938291493803,0.0794677734375,1068,0.2,0.32539090840145946,0.0003,0.7427077293395996,0.011158202,0.0978957936167717,0.9764454960823059,-2.2413394823670387
383.41,269,550912,537,43.31404584,1024,-0.007894153161032591,0.0557861328125,1072,0.2,0.40026922430843115,0.0003,0.7436933517456055,0.0068822443,0.1658896505832672,0.9735367894172668,-2.244259662926197
383.04,270,552960,537,43.25207376000001,1028,-0.0092692652324331,0.093017578125,1076,0.2,0.11411511618643999,0.0003,0.7477240562438965,0.008242666,0.028788574039936066,0.9905169010162354,-2.250224769115448
385.91,271,555008,537,43.76950173000001,1032,-0.005006071325624362,0.039306640625,1080,0.2,0.6527317953296006,0.0003,0.7473201751708984,0.0065506725,0.3145279586315155,0.9574876427650452,-2.2567318752408028
388.32,272,557056,537,44.22863861999999,1036,-0.007599103104439564,0.0491943359375,1084,0.2,0.19303476717323065,0.0003,0.7455205917358398,0.0071000555,0.03151537477970123,0.9824303984642029,-2.2533153519034386
388.34,273,559104,537,44.18727883,1039,-0.011056610561354319,0.0550537109375,1088,0.2,0.1645791600458324,0.0003,0.7395188808441162,0.00639,0.05498092621564865,0.9876640439033508,-2.2438449636101723
387.93,274,561152,537,44.072206010000016,1043,-0.008723756996914744,0.0594482421875,1092,0.2,0.07911537808831781,0.0003,0.7360621094703674,0.0077986983,0.014856748282909393,0.9939334392547607,-2.2288355380296707
388.44,275,563200,537,44.19204088000001,1047,-0.011088725441368297,0.0589599609375,1096,0.2,0.15199857112020254,0.0003,0.7342398166656494,0.008373583,0.05580352619290352,0.9852886199951172,-2.2218953147530556
388.21,276,565248,537,44.10331814,1050,-0.010126090397534426,0.0531005859375,1100,0.2,0.1142311014700681,0.0003,0.7325640916824341,0.007980442,0.01530398428440094,0.9907936453819275,-2.218449041247368
390.61,277,567296,537,44.566091009999994,1054,-0.0053879553597653285,0.0582275390625,1104,0.2,0.27055512415245175,0.0003,0.734178900718689,0.006728734,0.1101299375295639,0.9788808822631836,-2.2165650725364685
390.64,278,569344,538,44.56194846,1058,-0.006547985598444939,0.053955078125,1108,0.2,0.09488626790698618,0.0003,0.7339698672294617,0.0073177116,0.03507108613848686,0.9927597641944885,-2.2204481661319733
391.88,279,571392,538,44.70395966,1062,-0.008067650618613698,0.062255859375,1112,0.2,0.0790520008886233,0.0003,0.7343248128890991,0.009312421,0.019141945987939835,0.9923749566078186,-2.2190634980797768
391.29,280,573440,537,44.53382130000001,1066,-0.009462524132686667,0.0782470703125,1116,0.2,0.0684876199811697,0.0003,0.732410192489624,0.008390872,0.01444250252097845,0.9951927065849304,-2.219040721654892
391.4,281,575488,537,44.50596987,1070,-0.005558549106353894,0.0587158203125,1120,0.2,0.7050892505794764,0.0003,0.7311118245124817,0.007919394,0.341592401266098,0.9566166400909424,-2.21187487244606
389.6,282,577536,537,44.62629851999999,1073,-0.008289497010991909,0.0501708984375,1124,0.2,0.2121477797627449,0.0003,0.7312497496604919,0.006964039,0.05465047061443329,0.9852999448776245,-2.211735539138317
391.08,283,579584,537,44.87281212,1077,-0.007968637946760282,0.066650390625,1128,0.2,0.2598747340962291,0.0003,0.729357123374939,0.008936829,0.06822942197322845,0.9800242185592651,-2.210015296936035
393.39,284,581632,537,45.234500849999996,1081,-0.00883722907747142,0.069580078125,1132,0.2,0.10214776126667857,0.0003,0.7283791303634644,0.007533269,0.022459354251623154,0.9912699460983276,-2.205461196601391
393.25,285,583680,538,45.233252979999996,1084,-0.00714496623550076,0.0479736328125,1136,0.2,0.6932132616639137,0.0003,0.7280930876731873,0.0073985616,0.23620083928108215,0.9475613832473755,-2.2024963796138763
395.84,286,585728,537,45.3467869,1088,-0.00984949771373067,0.0704345703125,1140,0.2,0.4442597068846226,0.0003,0.7287551164627075,0.007812789,0.15910345315933228,0.97132807970047,-2.2046103924512863
395.77,287,587776,537,45.357858209999996,1092,-0.012211856883368455,0.0609130859375,1144,0.2,0.30683289328590035,0.0003,0.728044867515564,0.008138597,0.06322385370731354,0.9830924272537231,-2.2047539204359055
396.49,288,589824,537,45.50243659999999,1096,-0.009069312778592575,0.0517578125,1148,0.2,0.19038368575274944,0.0003,0.727288007736206,0.0075977175,0.05178340524435043,0.9845197200775146,-2.201493628323078
396.9,289,591872,537,45.55833901999999,1100,-0.009027856129250722,0.056640625,1152,0.2,0.134757068939507,0.0003,0.7240351438522339,0.0077826343,0.033135708421468735,0.9888548851013184,-2.196942612528801
396.86,290,593920,537,45.52120991999999,1104,-0.006786731639294885,0.064697265625,1156,0.2,0.302899232134223,0.0003,0.7231677770614624,0.008790553,0.08900943398475647,0.9752832651138306,-2.190243124961853
396.38,291,595968,537,45.40905603,1108,-0.007076920330291614,0.0283203125,1160,0.2,0.3884358857758343,0.0003,0.7241131067276001,0.0054864697,0.12255202233791351,0.9761443734169006,-2.1906277239322662
396.4,292,598016,537,45.43751854,1111,-0.005460266362206312,0.06591796875,1164,0.2,0.2525675205979496,0.0003,0.7246435880661011,0.008907424,0.13285434246063232,0.9805896282196045,-2.1927523091435432
396.55,293,600064,537,45.47016868,1115,-0.006238983245566487,0.031005859375,1168,0.2,0.13627817993983626,0.0003,0.7227970361709595,0.005770078,0.054407667368650436,0.9889872670173645,-2.19178768992424
395.87,294,602112,537,45.35864557000001,1119,-0.007891210134403082,0.0474853515625,1172,0.2,0.21598589606583118,0.0003,0.7214509844779968,0.008930011,0.10413223505020142,0.9817062020301819,-2.186493583023548
393.98,295,604160,537,45.081807090000005,1123,-0.007581842510262504,0.0760498046875,1176,0.2,0.26428128429688513,0.0003,0.7228561639785767,0.010717858,0.07913783192634583,0.9790689945220947,-2.1857331916689873
394.66,296,606208,537,45.19557756000001,1127,-0.006694541560136713,0.03076171875,1180,0.2,0.48022166499868035,0.0003,0.7228423357009888,0.0060420837,0.11545123904943466,0.9643952250480652,-2.1888650953769684
394.43,297,608256,537,45.14461306000001,1130,-0.004471090192964766,0.028564453125,1184,0.2,0.32203795202076435,0.0003,0.7216622829437256,0.0043641813,0.08074437826871872,0.9749334454536438,-2.1876256242394447
394.86,298,610304,537,45.23551085000001,1134,-0.007947337071527727,0.0526123046875,1188,0.2,0.20911262393929064,0.0003,0.7246018648147583,0.0064337873,0.051712147891521454,0.9855539798736572,-2.1880833506584167
395.24,299,612352,538,45.31439437,1138,-0.00826760390191339,0.0872802734375,1192,0.2,0.18156260554678738,0.0003,0.7271392345428467,0.010451846,0.030110258609056473,0.9828205108642578,-2.1979924365878105
394.43,300,614400,538,45.13143168999999,1141,-0.00902646197937429,0.0863037109375,1196,0.2,0.676619746023789,0.0003,0.7265467643737793,0.012262931,0.11268144845962524,0.9594671130180359,-2.199993208050728
394.08,301,616448,538,45.06405965999999,1145,-0.002860184511519037,0.0230712890625,1200,0.2,0.7676608115434647,0.0003,0.7267993092536926,0.0046111345,0.3913246691226959,0.9394146203994751,-2.19912913441658
393.78,302,618496,538,45.024955410000004,1149,-0.011434802152507473,0.0814208984375,1204,0.2,0.06772702478338033,0.0003,0.7244859933853149,0.008978864,0.00830777920782566,0.9951192736625671,-2.1979328766465187
394.49,303,620544,538,45.15589245000001,1153,-0.00840411904209759,0.041748046875,1208,0.2,0.09109150536824018,0.0003,0.722959041595459,0.007113032,0.03372949734330177,0.9921448826789856,-2.1908822655677795
395.86,304,622592,538,45.39504312,1157,-0.008732669841265306,0.055908203125,1212,0.2,0.08789608289953321,0.0003,0.7228970527648926,0.005540764,0.011886022053658962,0.9922855496406555,-2.1894095093011856
392.0,305,624640,538,45.00087953000001,1160,-0.010039875851362012,0.0343017578125,1216,0.2,0.2638901404570788,0.0003,0.7212636470794678,0.0053953333,0.05825832486152649,0.9816462397575378,-2.1870125234127045
391.63,306,626688,538,44.90652254000001,1164,-0.007548904060968198,0.037353515625,1220,0.2,0.602427382953465,0.0003,0.7200350761413574,0.0055691423,0.21422259509563446,0.9584988355636597,-2.1824929490685463
390.86,307,628736,538,44.65927573,1168,-0.005653050713590346,0.049072265625,1224,0.2,0.7151917601004243,0.0003,0.7199063301086426,0.005811684,0.2273179143667221,0.9333550333976746,-2.1807733923196793
390.58,308,630784,538,44.59737901,1171,-0.005279803415760398,0.0335693359375,1228,0.2,0.5397855890914798,0.0003,0.7202967405319214,0.005579439,0.2671065628528595,0.9586983919143677,-2.180656798183918
389.02,309,632832,538,44.30476166,1175,-0.007151808364142198,0.0528564453125,1232,0.2,0.5585147556848824,0.0003,0.7197424173355103,0.009278441,0.22804579138755798,0.9620406031608582,-2.1811185628175735
388.53,310,634880,538,44.22756497,1179,-0.007068031256494578,0.0433349609375,1236,0.2,0.8578709987923503,0.0003,0.7195655107498169,0.0069904216,0.2646060883998871,0.9415003061294556,-2.1794320195913315
386.61,311,636928,538,43.818325080000015,1182,-0.007090671177138574,0.0338134765625,1240,0.2,0.5694424267858267,0.0003,0.7200307846069336,0.006014738,0.07174648344516754,0.9623588919639587,-2.1805337741971016
386.43,312,638976,538,43.80875841,1186,-0.00886480143526569,0.060791015625,1244,0.2,0.728544264100492,0.0003,0.7188868522644043,0.007895621,0.20958729088306427,0.9470641613006592,-2.1794544607400894
387.65,313,641024,538,44.014166210000006,1190,-0.006496088128187694,0.061767578125,1248,0.2,0.183128219563514,0.0003,0.718339204788208,0.008147539,0.03855159506201744,0.9806127548217773,-2.176931217312813
387.66,314,643072,538,43.93830018,1194,-0.0065152111201314256,0.05615234375,1252,0.2,0.18279927293770015,0.0003,0.7170693874359131,0.0057353545,0.07089866697788239,0.9824783802032471,-2.17481005191803
387.82,315,645120,538,43.91686329000001,1198,-0.0057040034007513896,0.0670166015625,1256,0.2,0.38768494594842196,0.0003,0.7160418033599854,0.010391921,0.07027071714401245,0.958159327507019,-2.1705658212304115
388.06,316,647168,538,43.921105229999995,1201,-0.005431206853245385,0.0435791015625,1260,0.2,0.24907761858776212,0.0003,0.7145349979400635,0.0063186847,0.09757038205862045,0.975970447063446,-2.1682843267917633
387.21,317,649216,538,43.7792399,1205,-0.009877007345494349,0.092041015625,1264,0.2,0.15708842081949115,0.0003,0.7120009660720825,0.010393547,0.04690125212073326,0.9858859777450562,-2.16233991086483
387.84,318,651264,538,43.90270501,1209,-0.009664954704931006,0.068603515625,1268,0.2,0.09374527586624026,0.0003,0.7098608613014221,0.0072142114,0.0029226280748844147,0.9916878938674927,-2.1554948687553406
387.67,319,653312,538,43.88315802,1213,-0.006983916900935583,0.051513671875,1272,0.2,0.21054806606844068,0.0003,0.7102569341659546,0.005186681,0.024810781702399254,0.9784539937973022,-2.1521369591355324
387.95,320,655360,538,43.86648447,1216,-0.005986546209896915,0.04833984375,1276,0.2,0.736650156788528,0.0003,0.7098493576049805,0.00768257,0.2605580985546112,0.942616879940033,-2.1536818146705627
388.28,321,657408,538,43.862246969999994,1220,-0.009238026570528746,0.031494140625,1280,0.2,0.1676544777583331,0.0003,0.7074369192123413,0.0061258012,0.017848599702119827,0.9844675064086914,-2.149677410721779
388.29,322,659456,538,43.841098810000005,1223,-0.008673789838212542,0.056884765625,1284,0.2,0.10271151410415769,0.0003,0.7046583294868469,0.0060373335,0.01774211786687374,0.9904846549034119,-2.1421669349074364
390.04,323,661504,538,43.97383833,1227,-0.010451258087414317,0.078125,1288,0.2,0.06612374924588948,0.0003,0.7019933462142944,0.008018559,0.007814083248376846,0.9943506717681885,-2.1333472281694412
390.37,324,663552,538,44.049547479999994,1231,-0.010894316204939969,0.0679931640625,1292,0.2,0.1392053123563528,0.0003,0.7021420001983643,0.009234954,0.0309014730155468,0.9926753044128418,-2.129953384399414
391.63,325,665600,539,44.28411112,1234,-0.00963112782483222,0.0810546875,1296,0.2,0.4726646547205746,0.0003,0.7010440230369568,0.010749776,0.06699415296316147,0.9684809446334839,-2.1294609010219574
391.84,326,667648,539,44.3206859,1238,-0.008120887709083036,0.0562744140625,1300,0.2,0.059582169516943395,0.0003,0.6980210542678833,0.0061184037,-0.003589889034628868,0.9951704144477844,-2.1245120987296104
393.14,327,669696,539,44.568019969999995,1242,-0.01192698217346333,0.0577392578125,1304,0.2,0.33815259486436844,0.0003,0.6978764533996582,0.008426749,0.15720529854297638,0.9752961993217468,-2.1176169589161873
394.24,328,671744,539,44.81054965000001,1245,-0.00918072545027826,0.0469970703125,1308,0.2,0.21227806597016752,0.0003,0.6966949701309204,0.0052152476,0.04751516506075859,0.9814144372940063,-2.117419995367527
396.6,329,673792,539,45.259087580000006,1249,-0.00928025185567094,0.09326171875,1312,0.2,0.05842489760834724,0.0003,0.6967228651046753,0.011646025,0.005681319162249565,0.9951767921447754,-2.1142642572522163
396.47,330,675840,539,45.25509791999999,1253,-0.009312478798165102,0.0499267578125,1316,0.2,0.07284189912024885,0.0003,0.6958218812942505,0.008166904,0.011570444330573082,0.9934636950492859,-2.113888695836067
396.96,331,677888,539,45.40126132,1257,-0.008314594699186273,0.057861328125,1320,0.2,0.2548559820279479,0.0003,0.6957818269729614,0.0060826745,0.0677001029253006,0.980623185634613,-2.111639104783535
394.87,332,679936,539,45.01403886999999,1261,-0.003386199474334717,0.0404052734375,1324,0.2,0.24398696096614003,0.0003,0.6977556347846985,0.0067745848,0.09143944829702377,0.9803041815757751,-2.114181272685528
396.11,333,681984,539,45.254515760000004,1265,-0.0074609593211789615,0.0389404296875,1328,0.2,0.3753784680739045,0.0003,0.6982229948043823,0.0055154823,0.11754517257213593,0.9576733112335205,-2.1186561435461044
396.03,334,684032,539,45.23234911999998,1268,-0.010227472841506824,0.062255859375,1332,0.2,0.07845558819826692,0.0003,0.6953001022338867,0.0077045728,0.00461621955037117,0.9938165545463562,-2.116019383072853
394.58,335,686080,539,45.04794276999999,1272,-0.00533632374026638,0.0372314453125,1336,0.2,0.21762358769774437,0.0003,0.6929603219032288,0.0060705664,0.0676785260438919,0.9809407591819763,-2.107085108757019
396.03,336,688128,539,45.04340665999999,1276,-0.008899154840037227,0.06201171875,1340,0.2,0.29943998251110315,0.0003,0.6936222314834595,0.0084907515,0.06252609193325043,0.9788535833358765,-2.104252763092518
395.08,337,690176,539,44.890508679999996,1279,-0.010382917127572,0.0653076171875,1344,0.2,0.34473676746711135,0.0003,0.6924690008163452,0.008998591,0.06817511469125748,0.9823989272117615,-2.1048256009817123
395.31,338,692224,539,45.01573078000001,1283,-0.007494991092244163,0.0491943359375,1348,0.2,0.5233424725010991,0.0003,0.6925920844078064,0.0074149305,0.16273611783981323,0.9589089751243591,-2.102030523121357
394.15,339,694272,539,44.91156422,1287,-0.006761719336282113,0.04150390625,1352,0.2,0.3941683773882687,0.0003,0.6931097507476807,0.0078925295,0.1880040019750595,0.9780157208442688,-2.1031456142663956
391.95,340,696320,539,44.57780972999999,1290,-0.009551554074278101,0.127685546875,1356,0.2,0.16274554037954658,0.0003,0.6944856643676758,0.014937905,0.045590031892061234,0.9892579317092896,-2.1058078184723854
389.8,341,698368,539,44.12427441,1294,-0.005891613531275652,0.0694580078125,1360,0.2,0.2676713317632675,0.0003,0.6935287714004517,0.0057743676,0.0512213408946991,0.9739320278167725,-2.1077556163072586
389.21,342,700416,539,44.123579109999994,1298,-0.008605238421296235,0.0504150390625,1364,0.2,0.6507539171725512,0.0003,0.6936864852905273,0.0069998456,0.15536817908287048,0.955906867980957,-2.105340138077736
387.92,343,702464,539,43.950694909999996,1302,-0.006177497940370813,0.052978515625,1368,0.2,0.5151583710685372,0.0003,0.6931427717208862,0.0076506687,0.13017244637012482,0.9553701877593994,-2.1055752635002136
384.69,344,704512,539,43.45005217999999,1305,-0.008649599709315225,0.035400390625,1372,0.2,0.38125249883159995,0.0003,0.6936657428741455,0.005301943,0.14675596356391907,0.9667670130729675,-2.104800097644329
381.05,345,706560,539,42.89582626000001,1309,-0.0017056020733434707,0.0330810546875,1376,0.2,1.5880618076771498,0.0003,0.6939911842346191,0.0064521874,0.7619563341140747,0.8854551315307617,-2.1066165044903755
378.15,346,708608,539,42.420188229999994,1313,-0.004749285377329215,0.0386962890625,1380,0.2,1.4566405238583684,0.0003,0.694449782371521,0.0075963475,0.7751237750053406,0.8972834944725037,-2.10712032020092
377.03,347,710656,539,42.259011179999995,1317,-0.0039781305531505495,0.0621337890625,1384,0.2,1.377854217775166,0.0003,0.6959917545318604,0.006307125,0.8616838455200195,0.8952254056930542,-2.1101947501301765
376.61,348,712704,539,42.180854919999994,1320,-0.009245793808076996,0.0936279296875,1388,0.2,0.40965617075562477,0.0003,0.6972757577896118,0.011295157,0.10534443706274033,0.9569051861763,-2.1143717914819717
376.24,349,714752,539,42.12953014000001,1324,-0.006202518838108517,0.031005859375,1392,0.2,0.1620390242896974,0.0003,0.6980711221694946,0.0057431706,0.031335990875959396,0.9829628467559814,-2.117421545088291
377.76,350,716800,539,42.30435304999999,1328,-0.003639989583462011,0.0380859375,1396,0.2,0.3229822451248765,0.0003,0.6960620880126953,0.006133526,0.12489476054906845,0.9769377708435059,-2.116550751030445
377.56,351,718848,539,42.331175429999995,1332,-0.007159727203543298,0.0322265625,1400,0.2,0.5212405463680625,0.0003,0.6936802268028259,0.00573912,0.1497838944196701,0.969059407711029,-2.1096345335245132
377.73,352,720896,539,42.148581379999996,1336,-0.00691657847710303,0.0391845703125,1404,0.2,0.21142757288180292,0.0003,0.6904233694076538,0.005954773,0.051042430102825165,0.9815645813941956,-2.1015744283795357
376.37,353,722944,539,41.928692889999994,1340,-0.00402357654820662,0.06005859375,1408,0.2,0.5701658194884658,0.0003,0.6896333694458008,0.0051163975,0.15671703219413757,0.9612031579017639,-2.0949671119451523
373.12,354,724992,539,41.69298207,1344,-0.005412634476670064,0.02685546875,1412,0.2,0.9458566745743155,0.0003,0.6884516477584839,0.0055861278,0.4042254090309143,0.9281143546104431,-2.0927005782723427
373.08,355,727040,539,41.74080173,1347,-0.008114004987874068,0.086669921875,1416,0.2,0.9525207541882992,0.0003,0.6872789859771729,0.009948357,0.25226646661758423,0.9285181164741516,-2.089027464389801
373.05,356,729088,539,41.74667718,1351,-0.007722418231423944,0.072509765625,1420,0.2,0.5013571456074715,0.0003,0.6865516901016235,0.0068358434,0.23710282146930695,0.9531472325325012,-2.0864148512482643
370.98,357,731136,539,41.4117169,1355,-0.008718488126760349,0.051025390625,1424,0.2,0.2685280195437372,0.0003,0.686660885810852,0.006789012,0.04959341883659363,0.98023521900177,-2.0855287238955498
371.32,358,733184,539,41.478137929999995,1359,-0.005228689235082129,0.0289306640625,1428,0.2,0.6868876880034804,0.0003,0.686743974685669,0.0047232276,0.2647782564163208,0.9410329461097717,-2.0856006368994713
375.15,359,735232,539,42.07860066,1364,-0.009935093534295447,0.0712890625,1432,0.2,0.33592059183865786,0.0003,0.6870354413986206,0.007361927,0.11670713126659393,0.9760386347770691,-2.0863648131489754
373.44,360,737280,538,41.82102186,1368,-0.006344128996715881,0.0389404296875,1436,0.2,0.5292767835780978,0.0003,0.6867910623550415,0.0071431054,0.08758173137903214,0.9627985954284668,-2.086578831076622
371.38,361,739328,538,41.51710122,1372,-0.005872790119610727,0.0361328125,1440,0.2,0.5544043136760592,0.0003,0.6869429349899292,0.006052001,0.14656034111976624,0.9472228288650513,-2.086058884859085
373.56,362,741376,538,41.86424659,1376,-0.0060907137230969965,0.033447265625,1444,0.2,0.3830553791485727,0.0003,0.6850712299346924,0.0051705306,0.13413026928901672,0.9649997353553772,-2.0846236273646355
375.14,363,743424,538,42.12676597999999,1380,-0.006009558564983308,0.0596923828125,1448,0.2,0.8224225174635649,0.0003,0.6843945980072021,0.008348186,0.3522791266441345,0.9401382803916931,-2.0793394297361374
373.18,364,745472,538,41.728452499999996,1384,-0.004022539178549778,0.033203125,1452,0.2,1.0805224133655429,0.0003,0.684590220451355,0.0052337805,0.33523011207580566,0.9097015857696533,-2.0792021229863167
375.56,365,747520,538,42.15606509,1388,-0.007403326890198514,0.0487060546875,1456,0.2,0.7928691236302257,0.0003,0.6847133636474609,0.008318899,0.16028296947479248,0.9220703840255737,-2.079978682100773
374.26,366,749568,538,41.9262168,1392,-0.009943470780854113,0.041259765625,1460,0.2,0.3089482649229467,0.0003,0.6835849285125732,0.0073235063,0.05577909201383591,0.9722503423690796,-2.078897438943386
373.22,367,751616,538,41.72093175999999,1396,-0.005576422656304203,0.0604248046875,1464,0.2,0.3963512973859906,0.0003,0.6839168071746826,0.008961479,0.1263331025838852,0.9708380699157715,-2.076607458293438
371.56,368,753664,538,41.62388077,1400,-0.007029828353552148,0.0780029296875,1468,0.2,0.6456207754090428,0.0003,0.6836910247802734,0.008284859,0.2755269408226013,0.9481439590454102,-2.0778446719050407
372.02,369,755712,538,41.63107091,1404,-0.007856984266254585,0.0484619140625,1472,0.2,0.3215352538973093,0.0003,0.6840934753417969,0.007024954,0.11242449283599854,0.9751532673835754,-2.077711969614029
369.79,370,757760,538,41.485303269999996,1408,-0.00991756352595985,0.0911865234375,1476,0.2,0.2713585887104273,0.0003,0.6841319799423218,0.011551851,0.10052906721830368,0.9771959185600281,-2.078676275908947
372.32,371,759808,538,41.88039236999999,1412,-0.005948888196144253,0.07177734375,1480,0.2,1.4198862863704562,0.0003,0.6824414134025574,0.013578279,0.6746965646743774,0.9128208756446838,-2.077086493372917
373.64,372,761856,538,42.087861419999996,1416,-0.007145678784581833,0.073486328125,1484,0.2,0.17577596055343747,0.0003,0.6822111010551453,0.008683819,0.03407170996069908,0.9840454459190369,-2.0727675706148148
373.33,373,763904,537,41.940981789999995,1420,-0.010842428673640825,0.05859375,1488,0.2,0.2800713845063001,0.0003,0.6808706521987915,0.010167176,0.06565985083580017,0.9775657653808594,-2.0718166306614876
373.61,374,765952,537,41.94583479,1424,-0.005435516068246216,0.0382080078125,1492,0.2,0.9180797087028623,0.0003,0.6811560988426208,0.006682595,0.18087762594223022,0.927655816078186,-2.0687261149287224
374.71,375,768000,537,42.05961457,1428,-0.007310346016311087,0.0560302734375,1496,0.2,0.3693843921646476,0.0003,0.6811251640319824,0.006043339,0.087227463722229,0.9634654521942139,-2.070302799344063
378.13,376,770048,537,42.58373742,1432,-0.006466286620707251,0.0498046875,1500,0.2,0.18825059104710817,0.0003,0.6807780265808105,0.006599892,0.08019305020570755,0.9814130663871765,-2.069034516811371
377.54,377,772096,537,42.5595529,1435,-0.010215350543148816,0.0838623046875,1504,0.2,0.0776024506194517,0.0003,0.6782263517379761,0.009746522,0.007412763312458992,0.9940172433853149,-2.06624486297369
377.53,378,774144,537,42.532750570000005,1440,-0.00617945876729209,0.101806640625,1508,0.2,0.16728421580046415,0.0003,0.6786606311798096,0.009137451,0.04267065227031708,0.9833136200904846,-2.0608718246221542
380.07,379,776192,537,42.98124748,1444,-0.009063511082786135,0.0712890625,1512,0.2,0.3751725028268993,0.0003,0.6784985661506653,0.009265473,0.08931839466094971,0.9752974510192871,-2.0625357776880264
381.79,380,778240,537,43.25215963000001,1448,-0.009471406272496097,0.0677490234375,1516,0.2,0.42420787224546075,0.0003,0.6786422729492188,0.009041856,0.1766190081834793,0.9724857211112976,-2.062088653445244
381.31,381,780288,537,43.23947488999999,1452,-0.007886707579018548,0.049560546875,1520,0.2,0.31573651172220707,0.0003,0.6781604886054993,0.008564371,0.16090048849582672,0.9737057685852051,-2.0627716332674026
382.31,382,782336,537,43.36484078,1456,-0.008689989081176464,0.054443359375,1524,0.2,0.1918917535804212,0.0003,0.6782349944114685,0.009496222,0.055409546941518784,0.9823660254478455,-2.0611723959445953
385.76,383,784384,537,43.91011525999999,1460,-0.007722748530795798,0.051513671875,1528,0.2,0.7298247497528791,0.0003,0.6798756122589111,0.008634895,0.29718488454818726,0.9596919417381287,-2.0635296031832695
386.18,384,786432,536,43.85021004999999,1464,-0.012028527073198347,0.0445556640625,1532,0.2,0.30619002552703023,0.0003,0.6806244850158691,0.00735444,0.08498810231685638,0.9752526879310608,-2.0671278163790703
386.68,385,788480,536,43.899236679999994,1468,-0.00998058014374692,0.1116943359375,1536,0.2,0.38315181946381927,0.0003,0.6788803339004517,0.0077909906,0.1212083101272583,0.9725829362869263,-2.0663396045565605
390.32,386,790528,536,44.29180379,1472,-0.0027620080654742196,0.035888671875,1540,0.2,0.8519751681014895,0.0003,0.6784454584121704,0.0062181437,0.1691206395626068,0.9256292581558228,-2.062079504132271
390.79,387,792576,536,44.34683078,1476,-0.008780638032476418,0.0582275390625,1544,0.2,0.30945865297690034,0.0003,0.6787749528884888,0.007351824,0.08256196975708008,0.9816664457321167,-2.062746085226536
391.94,388,794624,536,44.48820181999999,1480,-0.005214531243836973,0.0457763671875,1548,0.2,0.6050947988405824,0.0003,0.6784464120864868,0.006798233,0.14403003454208374,0.9392297267913818,-2.0624312683939934
394.66,389,796672,536,44.90334943,1484,-0.007572648697532713,0.052490234375,1552,0.2,0.21005249372683465,0.0003,0.6788049936294556,0.0059469836,0.03475819528102875,0.9849978089332581,-2.0625195503234863
392.73,390,798720,536,44.53618806999999,1488,-0.009504910762188956,0.0565185546875,1556,0.2,0.17530852905474603,0.0003,0.678406834602356,0.007904523,0.03365655243396759,0.9871649742126465,-2.0622716322541237
392.88,391,800768,536,44.543058770000016,1492,-0.008076734979113098,0.0478515625,1560,0.2,0.4713169103488326,0.0003,0.6783804893493652,0.0064609013,0.13303492963314056,0.9439574480056763,-2.061692275106907
395.07,392,802816,536,44.920448560000004,1497,-0.010690897455788217,0.0333251953125,1564,0.2,0.47125822585076094,0.0003,0.6784070730209351,0.005563747,0.10019528120756149,0.9595171809196472,-2.0619193613529205
395.26,393,804864,536,44.96650592,1501,-0.008264516640338115,0.0738525390625,1568,0.2,0.2836330400314182,0.0003,0.676465630531311,0.009559123,0.09530095756053925,0.9717187285423279,-2.0600821673870087
395.66,394,806912,536,45.00928302000001,1505,-0.010349716059863567,0.10546875,1572,0.2,0.12241760292090476,0.0003,0.6734349727630615,0.011322655,0.03649307042360306,0.9893440008163452,-2.0520413145422935
398.93,395,808960,535,45.071911710000016,1509,-0.011538645369000733,0.068115234375,1576,0.2,0.08597491367254406,0.0003,0.6736952066421509,0.009314418,0.01647941768169403,0.9920547604560852,-2.046124368906021
398.88,396,811008,535,45.05357199000001,1513,-0.009376391011755913,0.0643310546875,1580,0.2,0.3283187975175679,0.0003,0.6731714010238647,0.008624354,0.09018046408891678,0.9853591918945312,-2.0478967279195786
398.29,397,813056,535,44.99633269,1516,-0.009556892444379628,0.096923828125,1584,0.2,0.18302422179840505,0.0003,0.6738969683647156,0.008895947,0.03866223618388176,0.983421266078949,-2.0457836985588074
399.72,398,815104,535,45.148281669999996,1520,-0.010460993114975281,0.0567626953125,1588,0.2,0.0914302549790591,0.0003,0.6751599311828613,0.0075707147,0.012050876393914223,0.9925071597099304,-2.0504144728183746
399.6,399,817152,535,45.08993206000001,1525,-0.01056845803395845,0.0767822265625,1592,0.2,0.14235552423633635,0.0003,0.6735348105430603,0.0070853336,0.03448688983917236,0.9911509156227112,-2.051186263561249
400.41,400,819200,535,45.144394729999995,1529,-0.0065911765123018995,0.048828125,1596,0.2,0.49623918160796165,0.0003,0.6717066168785095,0.008391556,0.08067308366298676,0.9589197039604187,-2.043921895325184
401.55,401,821248,535,45.30275696,1532,-0.007117883236787748,0.0457763671875,1600,0.2,0.16163656953722239,0.0003,0.6695678234100342,0.006578856,0.05807262659072876,0.982489824295044,-2.039508566260338
402.96,402,823296,535,45.5182974,1536,-0.006296365630987566,0.0545654296875,1604,0.2,0.10041442874353379,0.0003,0.6675381660461426,0.005720984,0.032750509679317474,0.9924389123916626,-2.0326537415385246
402.54,403,825344,535,45.513224009999995,1540,-0.008181436358427163,0.0679931640625,1608,0.2,0.07200007501523942,0.0003,0.6658613681793213,0.009148859,0.008857257664203644,0.9953702092170715,-2.0264425426721573
403.38,404,827392,535,45.721419619999985,1544,-0.0065685473891790025,0.0537109375,1612,0.2,0.12369649717584252,0.0003,0.6660535335540771,0.010830148,0.024063430726528168,0.9891481399536133,-2.0246686562895775
404.06,405,829440,535,45.878796419999986,1548,-0.009350391068437602,0.0538330078125,1616,0.2,0.11068179248832166,0.0003,0.6633793115615845,0.0063094883,0.010745227336883545,0.9920670390129089,-2.0213597491383553
403.35,406,831488,535,45.98776865,1552,-0.008317043641000055,0.07421875,1620,0.2,0.045008937595412135,0.0003,0.6661969423294067,0.008196879,0.009463464841246605,0.9963495135307312,-2.0194142311811447
401.85,407,833536,535,45.7277584,1556,-0.00861911200627219,0.057861328125,1624,0.2,0.3011580710299313,0.0003,0.6663975715637207,0.007900368,0.041288722306489944,0.9739592671394348,-2.026408366858959
401.7,408,835584,535,45.72930555,1561,-0.003513681120239198,0.0589599609375,1628,0.2,0.8838624525815248,0.0003,0.6662461757659912,0.0053520836,0.48684367537498474,0.9302146434783936,-2.024454578757286
401.32,409,837632,535,45.624959839999995,1565,-0.007305178165552206,0.0411376953125,1632,0.2,0.10335419583134353,0.0003,0.6658667922019958,0.007716979,0.03026454895734787,0.9915500283241272,-2.0252752155065536
402.51,410,839680,535,45.878074500000004,1568,-0.007702764793066308,0.03857421875,1636,0.2,0.312036101706326,0.0003,0.6655892729759216,0.006115782,0.07135646045207977,0.9723227024078369,-2.0233227983117104
402.91,411,841728,535,45.975985170000016,1572,-0.009541795356199145,0.06689453125,1640,0.2,0.21690248884260654,0.0003,0.663156270980835,0.010415873,0.07123765349388123,0.9824480414390564,-2.0203024968504906
403.09,412,843776,535,45.94584003,1576,-0.00618611388199497,0.0472412109375,1644,0.2,0.22922655241563916,0.0003,0.661982536315918,0.005491386,0.05786879360675812,0.9831304550170898,-2.013303115963936
405.38,413,845824,535,46.02225507000001,1580,-0.011231006268644705,0.09716796875,1648,0.2,0.07133227656595409,0.0003,0.6615424156188965,0.010101483,-0.00013745762407779694,0.9940885305404663,-2.011936016380787
402.02,414,847872,535,45.914492,1584,-0.011377266804629471,0.0458984375,1652,0.2,0.2627202835865319,0.0003,0.6602524518966675,0.005657315,0.057712625712156296,0.9875873327255249,-2.0086546689271927
402.82,415,849920,534,46.01459903999999,1588,-0.008723027218366042,0.065673828125,1656,0.2,0.23404846480116248,0.0003,0.6608052253723145,0.008340583,0.06532193720340729,0.9864356517791748,-2.0073405355215073
401.62,416,851968,534,45.795489890000006,1592,-0.008323155052494258,0.0548095703125,1660,0.2,0.181741155218333,0.0003,0.6613357067108154,0.0059889425,0.06143462657928467,0.987846851348877,-2.0094335675239563
401.77,417,854016,534,45.84719429,1596,-0.0053523636306636035,0.0570068359375,1664,0.2,0.9843388693407178,0.0003,0.6625977158546448,0.006339601,0.2554302513599396,0.9218282103538513,-2.0116164162755013
402.2,418,856064,534,45.96532270999999,1600,-0.012076512415660545,0.0816650390625,1668,0.2,0.1806811101268977,0.0003,0.6620141267776489,0.007755656,0.03582525998353958,0.9871757626533508,-2.0143501684069633
402.16,419,858112,534,45.95308,1604,-0.006462995370384306,0.0589599609375,1672,0.2,0.17497092857956886,0.0003,0.6585437059402466,0.010149276,0.07313364744186401,0.9830428957939148,-2.007553346455097
402.39,420,860160,534,46.02523509999999,1608,-0.007299357865122147,0.0587158203125,1676,0.2,0.33838672935962677,0.0003,0.6583423614501953,0.008489885,0.08744276314973831,0.9748653769493103,-2.0006245896220207
408.49,421,862208,534,46.20622874000001,1612,-0.011438478482887149,0.0865478515625,1680,0.2,0.10568206268362701,0.0003,0.6595677137374878,0.009201237,0.028663337230682373,0.9922246336936951,-2.002828925848007
411.47,422,864256,534,46.13692566,1616,-0.009151725098490715,0.0711669921875,1684,0.2,0.39530618907883763,0.0003,0.6585500240325928,0.0076253084,0.07926306128501892,0.9843094348907471,-2.003649190068245
412.53,423,866304,534,45.9596086,1621,-0.007370919294771738,0.054443359375,1688,0.2,0.445386731531471,0.0003,0.6561414003372192,0.0066678347,0.13892637193202972,0.9799196124076843,-1.9981870092451572
411.71,424,868352,534,45.82155118000001,1625,-0.008468304920825176,0.0611572265625,1692,0.2,0.42759818490594625,0.0003,0.6571522355079651,0.0086604925,0.13259658217430115,0.9794577956199646,-1.9940994828939438
411.99,425,870400,534,45.843663160000006,1629,-0.00592935078748269,0.0250244140625,1696,0.2,0.2102726015727967,0.0003,0.6566206812858582,0.004112793,0.06899885088205338,0.9823659062385559,-1.997321866452694
411.69,426,872448,534,45.756766580000004,1633,-0.010348335636081174,0.05615234375,1700,0.2,0.14021613320801407,0.0003,0.6534961462020874,0.006854285,0.03662022203207016,0.9884915351867676,-1.9911232180893421
411.84,427,874496,534,45.758206660000006,1636,-0.008556296961614862,0.05322265625,1704,0.2,0.15049772569909692,0.0003,0.6511702537536621,0.0064894976,0.012782622128725052,0.9868504405021667,-1.981929700821638
414.21,428,876544,534,46.12870573000001,1640,-0.007773832818202209,0.0506591796875,1708,0.2,0.27856102492660284,0.0003,0.6506795883178711,0.0061583184,0.09518426656723022,0.9806327223777771,-1.97827510535717
413.75,429,878592,534,46.09610139,1644,-0.00861239885125542,0.0521240234375,1712,0.2,0.48529783077538013,0.0003,0.6501169204711914,0.00623318,0.15660269558429718,0.9548919796943665,-1.9773802123963833
413.94,430,880640,534,46.16140443000001,1648,-0.007243916435982101,0.061767578125,1716,0.2,0.18798007676377892,0.0003,0.6478016972541809,0.0076672644,0.0713299885392189,0.9853606224060059,-1.9732876904308796
416.59,431,882688,534,46.08106095,1652,-0.01195014508539316,0.083251953125,1720,0.2,0.2857696167193353,0.0003,0.6480460166931152,0.007813215,0.11944400519132614,0.9799325466156006,-1.9680996350944042
416.14,432,884736,533,46.06188791,1656,-0.010526603247853927,0.059326171875,1724,0.2,0.457462802529335,0.0003,0.6479177474975586,0.0073454278,0.10966428369283676,0.9797981977462769,-1.9700309000909328
418.15,433,886784,533,46.088636550000004,1660,-0.00666127959266305,0.041015625,1728,0.2,0.1638899347744882,0.0003,0.6479793787002563,0.006759918,0.030887991189956665,0.9833071827888489,-1.9694784097373486
416.3,434,888832,533,45.749924379999996,1664,-0.010385464556748047,0.0657958984375,1732,0.2,0.45189035311341286,0.0003,0.6466913223266602,0.00966973,0.1836080551147461,0.9814369678497314,-1.967758733779192
414.28,435,890880,533,45.41797039,1668,-0.010618092244840227,0.044189453125,1736,0.2,0.8214620081707835,0.0003,0.6467667818069458,0.0081739705,0.49878057837486267,0.948286771774292,-1.964744322001934
416.8,436,892928,534,45.7728716,1671,-0.006884951355459634,0.0599365234375,1740,0.2,0.7955951513722539,0.0003,0.6443164348602295,0.0070407763,0.6249423623085022,0.9515931010246277,-1.9621887281537056
417.06,437,894976,534,45.78559946,1675,-0.009382381336763501,0.076416015625,1744,0.2,0.20139107201248407,0.0003,0.6434385776519775,0.009198323,0.044584937393665314,0.9865754842758179,-1.9559699222445488
418.22,438,897024,534,45.77712746999999,1679,-0.0106440104500507,0.064697265625,1748,0.2,0.1047675177687779,0.0003,0.6426066160202026,0.007544797,0.0034699272364377975,0.9910249710083008,-1.954317357391119
420.25,439,899072,534,45.588432729999994,1682,-0.012749529705615714,0.059814453125,1752,0.2,0.19568714662455022,0.0003,0.6412769556045532,0.010154467,0.050140924751758575,0.9886773228645325,-1.9506400674581528
419.8,440,901120,534,45.54385761,1686,-0.010080417938297614,0.0841064453125,1756,0.2,0.9270965857431293,0.0003,0.6412990689277649,0.011305625,0.285684734582901,0.9634475708007812,-1.9474620968103409
420.58,441,903168,534,45.18996313999999,1690,-0.01040940367965959,0.0665283203125,1760,0.2,0.2899841512553394,0.0003,0.6422139406204224,0.008586306,0.07186359167098999,0.976241946220398,-1.9497446157038212
411.48,442,905216,534,45.11392114,1694,-0.0024725637231313158,0.0531005859375,1764,0.2,1.0378234786912799,0.0003,0.6412723660469055,0.006473558,0.3167269825935364,0.941080629825592,-1.9502428025007248
410.32,443,907264,534,45.238574279999995,1698,-0.006402874874765985,0.0518798828125,1768,0.2,0.29089085618034005,0.0003,0.6404646039009094,0.0076766424,0.09365209937095642,0.9662121534347534,-1.9469688348472118
410.45,444,909312,534,45.182778989999996,1701,-0.006361570063745603,0.060791015625,1772,0.2,0.2422608556225896,0.0003,0.6389442086219788,0.008234727,0.10170061886310577,0.975276529788971,-1.943338718265295
411.35,445,911360,534,45.26998938,1705,-0.005190293006307911,0.0479736328125,1776,0.2,0.22685763565823436,0.0003,0.637519896030426,0.006557052,0.07092886418104172,0.9732843041419983,-1.9392798133194447
412.05,446,913408,534,45.441453630000005,1709,-0.008653153330669738,0.05126953125,1780,0.2,0.14488270273432136,0.0003,0.6345117092132568,0.0069311005,0.027262292802333832,0.9869616627693176,-1.932370126247406
411.44,447,915456,534,45.37304370000001,1712,-0.009915346337947994,0.0972900390625,1784,0.2,0.09173934464342892,0.0003,0.6357589960098267,0.00880052,0.008076883852481842,0.994005024433136,-1.9278926104307175
413.28,448,917504,534,45.20630569,1716,-0.004312590557674412,0.060546875,1788,0.2,0.38475504238158464,0.0003,0.6356456279754639,0.0046300255,0.11258678883314133,0.9575046896934509,-1.9314038902521133
413.95,449,919552,534,45.262741080000005,1719,-0.011080553158535622,0.0885009765625,1792,0.2,0.3930311920121312,0.0003,0.6366130709648132,0.008200918,0.06935134530067444,0.9807717800140381,-1.9314051605761051
414.7,450,921600,534,45.30159966,1723,-0.007828152585716452,0.053466796875,1796,0.2,0.16534917033277452,0.0003,0.635905921459198,0.006080984,0.02289273403584957,0.981590747833252,-1.9326332584023476
414.3,451,923648,534,45.489236760000004,1726,-0.008775162903475575,0.0682373046875,1800,0.2,0.12235809536650777,0.0003,0.6360845565795898,0.009325683,0.026787368580698967,0.989804208278656,-1.9311934672296047
414.46,452,925696,534,45.513774809999994,1730,-0.010402337800769601,0.0701904296875,1804,0.2,0.29498201282694936,0.0003,0.6362820863723755,0.011409891,0.1253150850534439,0.9870261549949646,-1.9325949363410473
409.99,453,927744,534,45.35930857,1735,-0.007421789283398539,0.06201171875,1808,0.2,0.15610977006144822,0.0003,0.6357457637786865,0.005007826,0.04571524262428284,0.9865710735321045,-1.9314658008515835
411.26,454,929792,534,45.60436652000001,1738,-0.007255673102918081,0.0751953125,1812,0.2,0.28941749641671777,0.0003,0.6338974237442017,0.009012999,0.056320250034332275,0.9756519198417664,-1.9280802980065346
411.68,455,931840,534,45.64734394999999,1742,-0.00495101154956501,0.029052734375,1816,0.2,0.4655071999877691,0.0003,0.6316958665847778,0.0047068596,0.12559475004673004,0.9641191363334656,-1.9214335344731808
413.16,456,933888,535,45.64295321,1745,-0.007832246759789996,0.056640625,1820,0.2,0.4733693436719477,0.0003,0.6318049430847168,0.007572855,0.027746714651584625,0.9440454840660095,-1.916856087744236
413.02,457,935936,535,45.60581601999999,1748,-0.012030907208099961,0.0926513671875,1824,0.2,0.2045432012528181,0.0003,0.6302680373191833,0.013511522,0.03436490148305893,0.9882354736328125,-1.9163648188114166
411.87,458,937984,535,45.49955575999999,1751,-0.008102333020360675,0.0714111328125,1828,0.2,0.5960590420290828,0.0003,0.6288635730743408,0.009387877,0.1304207444190979,0.9414787292480469,-1.9106802754104137
409.61,459,940032,535,45.60158249999999,1754,-0.00717536271258723,0.069091796875,1832,0.2,0.4467500071041286,0.0003,0.6291203498840332,0.0072322474,0.21447494626045227,0.9602135419845581,-1.9084034636616707
409.63,460,942080,535,45.562063189999996,1757,-0.010484222031664103,0.0699462890625,1836,0.2,0.1643344657495618,0.0003,0.6294999122619629,0.008133267,0.03361361101269722,0.9862021207809448,-1.9104897528886795
408.77,461,944128,536,45.78899012,1761,-0.010235343623207882,0.0889892578125,1840,0.2,0.6732793850824237,0.0003,0.6310914754867554,0.008658976,0.3262571692466736,0.9551171064376831,-1.91228761151433
409.69,462,946176,536,45.82583531999999,1764,-0.00866120561840944,0.045166015625,1844,0.2,0.2924536895006895,0.0003,0.6314916610717773,0.0046694763,0.08292463421821594,0.9715649485588074,-1.916813399642706
410.06,463,948224,536,45.79509553,1767,-0.00937362619151827,0.05078125,1848,0.2,0.0827508787624538,0.0003,0.6314264535903931,0.008232825,0.01236114650964737,0.9928174614906311,-1.9163843803107738
411.56,464,950272,536,45.907872570000016,1770,-0.006456741539295763,0.0721435546875,1852,0.2,0.1934442708734423,0.0003,0.6308367848396301,0.007814094,0.08923803269863129,0.9803158044815063,-1.9154736995697021
411.73,465,952320,536,45.91226626000002,1773,-0.013247765717096627,0.073974609375,1856,0.2,0.14083582570310682,0.0003,0.6277412176132202,0.010955134,0.017162621021270752,0.990913450717926,-1.9105339609086514
411.62,466,954368,537,45.822041060000004,1777,-0.01031016129127238,0.091796875,1860,0.2,0.13207664375659078,0.0003,0.6252111196517944,0.0082196975,0.03792620822787285,0.9906967282295227,-1.9005728848278522
412.35,467,956416,537,45.86967380000001,1780,-0.00947677664225921,0.0946044921875,1864,0.2,0.15987940528430045,0.0003,0.624345064163208,0.008475218,0.05224062502384186,0.988142192363739,-1.8950192667543888
410.74,468,958464,537,45.962503659999996,1783,-0.005182463937671855,0.0755615234375,1868,0.2,0.18808512878604233,0.0003,0.6246004700660706,0.0061397697,0.07840333133935928,0.9849075675010681,-1.894086990505457
413.0,469,960512,537,45.89691439999999,1786,-0.006642254498729017,0.079345703125,1872,0.2,0.14767930330708623,0.0003,0.6242698431015015,0.009121508,0.0245746411383152,0.9891966581344604,-1.8943526186048985
413.37,470,962560,537,45.90225116,1790,-0.007946962330606766,0.043212890625,1876,0.2,0.5196504229679704,0.0003,0.6241463422775269,0.008150043,0.21406108140945435,0.9766662120819092,-1.8928753025829792
413.33,471,964608,537,45.965185340000005,1793,-0.006566784795722924,0.073974609375,1880,0.2,0.0612133425893262,0.0003,0.6256263256072998,0.0100564435,0.015000049024820328,0.9942485094070435,-1.8945967219769955
414.41,472,966656,537,46.01971531000001,1796,-0.008127383553073741,0.0775146484375,1884,0.2,0.07418165158014745,0.0003,0.6255090236663818,0.0074220444,0.013556042686104774,0.9949589967727661,-1.8978119604289532
413.52,473,968704,538,45.71948609999998,1800,-0.009403986914549023,0.065185546875,1888,0.2,0.07991214247886091,0.0003,0.625412106513977,0.0073798574,0.013598958030343056,0.993791937828064,-1.8970871157944202
413.71,474,970752,538,45.5952123,1803,-0.003984911294537596,0.0316162109375,1892,0.2,0.757169799413532,0.0003,0.6245027780532837,0.0050450144,0.08963166177272797,0.9237672686576843,-1.8951349332928658
414.7,475,972800,538,45.71645957999999,1806,-0.007372381678578677,0.02978515625,1896,0.2,0.6599168749526143,0.0003,0.6243618130683899,0.004253212,0.2817884087562561,0.9413466453552246,-1.8931665681302547
415.43,476,974848,538,45.805758049999994,1809,-0.005446004855912179,0.068359375,1900,0.2,0.231935974676162,0.0003,0.6244473457336426,0.005907281,0.06354766339063644,0.9713496565818787,-1.8932771533727646
414.35,477,976896,538,45.885641619999994,1812,-0.008894250757293776,0.061279296875,1904,0.2,0.20203040353953838,0.0003,0.6220735311508179,0.008281535,0.03776238113641739,0.9803563356399536,-1.88995710760355
415.19,478,978944,539,45.874958500000005,1816,-0.01024892131681554,0.0721435546875,1908,0.2,0.21248813602142036,0.0003,0.6211247444152832,0.008211747,0.03910083323717117,0.9832147359848022,-1.8831174261868
415.14,479,980992,539,45.81835795,1819,-0.005441647590487264,0.0911865234375,1912,0.2,0.15772856399416924,0.0003,0.6201890707015991,0.0106591135,0.06060471385717392,0.9879431128501892,-1.8805409334599972
415.22,480,983040,539,45.77226286999999,1822,-0.00853775706491433,0.0740966796875,1916,0.2,0.08523432677611709,0.0003,0.620262622833252,0.006840634,0.010639721527695656,0.9914620518684387,-1.8795989751815796
416.64,481,985088,539,46.033868299999995,1825,-0.005405528503615642,0.05078125,1920,0.2,0.13287290511652827,0.0003,0.6202826499938965,0.0051142876,0.031071258708834648,0.9892245531082153,-1.8799842856824398
416.89,482,987136,539,46.062304700000006,1828,-0.008729727953323163,0.056884765625,1924,0.2,0.2878842572681606,0.0003,0.6202257871627808,0.010379098,0.06579449027776718,0.9739270210266113,-1.8802928254008293
417.72,483,989184,540,46.17403639,1831,-0.009314212802564725,0.0684814453125,1928,0.2,0.09120699763298035,0.0003,0.6203968524932861,0.009381219,0.008414408192038536,0.9914193153381348,-1.8803250044584274
415.84,484,991232,540,45.91959653999999,1834,-0.00705770271451911,0.0750732421875,1932,0.2,0.10462877550162375,0.0003,0.6185643672943115,0.0074527333,0.02986294962465763,0.991986095905304,-1.878044217824936
414.97,485,993280,540,45.69507433,1837,-0.008226437399571296,0.053955078125,1936,0.2,0.3121491000056267,0.0003,0.6184998154640198,0.007989151,0.024099137634038925,0.9607461094856262,-1.8733574487268925
414.61,486,995328,540,45.57039026999999,1841,-0.007508901588153094,0.0484619140625,1940,0.2,0.4197902912274003,0.0003,0.6189826726913452,0.0060958695,0.15245169401168823,0.9690865874290466,-1.8751038424670696
414.26,487,997376,540,45.552946320000004,1843,-0.008183193960576318,0.0828857421875,1944,0.2,0.5064013078808784,0.0003,0.61907559633255,0.013834277,0.06939948350191116,0.9660194516181946,-1.8759693577885628
414.57,488,999424,541,45.668326449999995,1847,-0.011001645474607358,0.0562744140625,1948,0.2,0.17086586076766253,0.0003,0.618381142616272,0.00807019,0.044381123036146164,0.9828565120697021,-1.8745938017964363
411.86,489,1001472,540,45.7021966,1851,-0.0056090624202624895,0.0369873046875,1952,0.2,0.19158920319750905,0.0003,0.6170269846916199,0.006929245,0.04526565596461296,0.9786319732666016,-1.8713841624557972
408.48,490,1003520,541,45.25657403,1854,-0.00951988055021502,0.052001953125,1956,0.2,0.050864547258242965,0.0003,0.617577314376831,0.007254784,0.0038325050845742226,0.9959349632263184,-1.8691477365791798
406.65,491,1005568,541,44.60432067,1858,-0.006456220718973782,0.073974609375,1960,0.2,0.8904802855104208,0.0003,0.6171923875808716,0.01157937,0.24792081117630005,0.9298174977302551,-1.8694994114339352
404.63,492,1007616,541,44.399579089999996,1861,-0.006690194371913094,0.0460205078125,1964,0.2,1.6655246261507273,0.0003,0.6171640157699585,0.007249949,0.6725144982337952,0.9202221035957336,-1.8685451969504356
406.39,493,1009664,541,44.80722333,1864,-0.0039662047784077,0.0206298828125,1968,0.2,0.7494402090087533,0.0003,0.6154055595397949,0.0050633596,0.25736117362976074,0.9027427434921265,-1.8662523590028286
407.67,494,1011712,541,45.08872994,1867,-0.00946170833776705,0.05615234375,1972,0.2,0.2062169685959816,0.0003,0.6133095622062683,0.009042692,0.05418997257947922,0.9772293567657471,-1.8590339943766594
406.74,495,1013760,541,44.996289,1870,-0.008484055557346437,0.0733642578125,1976,0.2,0.08038279740139842,0.0003,0.6107320189476013,0.009285564,0.01661098748445511,0.9913502335548401,-1.851791262626648
406.36,496,1015808,542,44.90707559,1873,-0.010197597868682351,0.0653076171875,1980,0.2,0.32903215382248163,0.0003,0.6115358471870422,0.0076328367,0.28463923931121826,0.9731252193450928,-1.8471806235611439
406.73,497,1017856,542,44.951766770000006,1876,-0.008844062860589474,0.064453125,1984,0.2,0.05939015874173492,0.0003,0.613173246383667,0.009515399,0.004085993394255638,0.9950242638587952,-1.8530253358185291
405.86,498,1019904,542,44.92403015,1879,-0.009569365123752505,0.075927734375,1988,0.2,0.14488876215182245,0.0003,0.6134299039840698,0.008538054,0.03834490478038788,0.9863466620445251,-1.8557121083140373
409.05,499,1021952,542,45.11803939000001,1883,-0.004551555794023443,0.0528564453125,1992,0.2,0.10219987272284925,0.0003,0.6123443841934204,0.0062441602,0.03301941603422165,0.9919692873954773,-1.8548243381083012
407.56,500,1024000,542,44.922136419999994,1885,-0.013844446770235663,0.0736083984375,1996,0.2,0.39416793640702963,0.0003,0.6087840795516968,0.011783898,0.07317107915878296,0.9824631810188293,-1.8483214378356934
408.16,501,1026048,543,45.03755751,1888,-0.010255308880005032,0.0679931640625,2000,0.2,0.4175133011303842,0.0003,0.6061855554580688,0.006774046,0.10034830868244171,0.9675620794296265,-1.836360938847065
408.08,502,1028096,543,45.045100810000015,1891,-0.008812056796159595,0.0780029296875,2004,0.2,0.1701367071364075,0.0003,0.6047296524047852,0.011897356,0.02684726007282734,0.9818751811981201,-1.830269444733858
405.28,503,1030144,543,44.66651619,1895,-0.009173822523734998,0.1070556640625,2008,0.2,0.05399151029996574,0.0003,0.6017529964447021,0.009423826,0.0018090829253196716,0.9957600831985474,-1.823250412940979
407.63,504,1032192,543,45.139993219999994,1898,-0.002640894104843028,0.057861328125,2012,0.2,0.9203174458816648,0.0003,0.6008223295211792,0.0059607513,0.7364988923072815,0.9262204170227051,-1.8150690980255604
410.18,505,1034240,544,45.16393416000001,1901,-0.005554095965635497,0.0518798828125,2016,0.2,0.1643254510127008,0.0003,0.5986679196357727,0.0068876175,0.055195774883031845,0.9825589060783386,-1.811856359243393
410.8,506,1036288,544,45.306446490000006,1904,-0.01413483872602228,0.08984375,2020,0.2,0.1844476859550923,0.0003,0.598241925239563,0.010612173,0.04303569346666336,0.9908145070075989,-1.8057419136166573
412.78,507,1038336,544,45.34543139,1907,-0.007377245579846203,0.06103515625,2024,0.2,0.13556997862178832,0.0003,0.5997360348701477,0.006268375,0.04674603044986725,0.987312376499176,-1.8069904558360577
410.03,508,1040384,544,44.89686671,1910,-0.013656018767505884,0.0831298828125,2028,0.2,0.14583596494048834,0.0003,0.5999060869216919,0.011655965,0.02356027066707611,0.9928728938102722,-1.8111148364841938
411.12,509,1042432,544,45.02234051000001,1913,-0.007411384547594935,0.0748291015625,2032,0.2,1.2969936793670058,0.0003,0.6005522012710571,0.012030241,0.6937490701675415,0.9035772085189819,-1.8107648491859436
413.82,510,1044480,544,45.39342396999999,1916,-0.010878989865886979,0.0635986328125,2036,0.2,0.28329888405278325,0.0003,0.598318338394165,0.009662373,0.07470645755529404,0.9778112769126892,-1.8103294372558594
414.12,511,1046528,545,45.80772901,1919,-0.008138072953443043,0.0423583984375,2040,0.2,0.2108297790400684,0.0003,0.5975884795188904,0.0071861814,0.03511662781238556,0.9745891094207764,-1.8027497120201588
415.25,512,1048576,545,45.93124073,1922,-0.007429785939166322,0.089111328125,2044,0.2,0.14168074284680188,0.0003,0.5966446399688721,0.0061846646,0.04009561240673065,0.9888763427734375,-1.801117904484272
416.46,513,1050624,545,46.14596739999999,1925,-0.009674950611952227,0.0863037109375,2048,0.2,0.11854574049357325,0.0003,0.5954976081848145,0.008643394,0.03607068210840225,0.9904829263687134,-1.7970601171255112
414.55,514,1052672,545,45.73664964,1928,-0.006730885826982558,0.075439453125,2052,0.2,0.23139678430743515,0.0003,0.597347617149353,0.01075485,0.08326488733291626,0.9827008247375488,-1.7974476665258408
416.09,515,1054720,546,45.908000439999995,1931,-0.008610790231614374,0.045654296875,2056,0.2,0.7254248959943652,0.0003,0.5970724821090698,0.00861215,0.20285235345363617,0.9472195506095886,-1.8012495636940002
415.58,516,1056768,546,45.84301435,1934,-0.007014031063590664,0.05419921875,2060,0.2,0.08867813996039331,0.0003,0.5955238342285156,0.0045126015,0.0055640023201704025,0.9904057383537292,-1.7985245026648045
412.85,517,1058816,546,45.50249990999999,1937,-0.008419797086389735,0.0753173828125,2064,0.2,0.29204899072647095,0.0003,0.5949893593788147,0.011090507,0.09970390051603317,0.9751378297805786,-1.793769795447588
412.28,518,1060864,546,45.414640479999996,1940,-0.007887959931395017,0.0440673828125,2068,0.2,0.9457550100050867,0.0003,0.5948688387870789,0.0035681305,0.7065007090568542,0.9260832071304321,-1.7928878143429756
408.61,519,1062912,546,45.13822674000001,1943,-0.007904612553829793,0.0579833984375,2072,0.2,0.4827191811054945,0.0003,0.5958836078643799,0.007676273,0.16476692259311676,0.9633578658103943,-1.793832253664732
409.51,520,1064960,546,45.25674907,1947,-0.010188069209107198,0.0753173828125,2076,0.2,0.4137127709109336,0.0003,0.596610963344574,0.009339288,0.10378897190093994,0.9715324640274048,-1.7968969121575356
409.6,521,1067008,547,45.18792892000001,1950,-0.010004106690757908,0.0943603515625,2080,0.2,0.1936916026752442,0.0003,0.5964598655700684,0.010216463,0.037783462554216385,0.9814414978027344,-1.7980878204107285
409.83,522,1069056,547,45.179055149999996,1953,-0.010150977366720326,0.086181640625,2084,0.2,0.058508152374997735,0.0003,0.5940438508987427,0.008519609,0.005298035219311714,0.9960775375366211,-1.793396145105362
411.54,523,1071104,547,45.4212812,1956,-0.0028280305850785226,0.04150390625,2088,0.2,0.09177990700118244,0.0003,0.5927345156669617,0.008012606,0.016025356948375702,0.9905511140823364,-1.7858585119247437
411.46,524,1073152,547,45.3880998,1959,-0.005346090605598874,0.0556640625,2092,0.2,0.36873254366219044,0.0003,0.592104434967041,0.007935122,0.07345864176750183,0.9760521054267883,-1.7823410220444202
408.2,525,1075200,547,45.33448793,1962,-0.008245942888606805,0.083251953125,2096,0.2,0.039844800950959325,0.0003,0.590325117111206,0.008639343,0.006807279773056507,0.9970740079879761,-1.7797637730836868
406.2,526,1077248,548,44.97033517,1965,-0.009899829718051478,0.0899658203125,2100,0.2,0.07793491741176695,0.0003,0.5883272886276245,0.009172648,0.006164301186800003,0.9939256906509399,-1.7735696583986282
404.53,527,1079296,548,44.93468564,1968,-0.0036595721321646124,0.0517578125,2104,0.2,0.8995094755664468,0.0003,0.5883535742759705,0.0041128984,0.21674096584320068,0.8972120881080627,-1.769460778683424
404.75,528,1081344,548,44.9218008,1971,-0.006628796661971137,0.0517578125,2108,0.2,0.13718062522821128,0.0003,0.58713698387146,0.008186557,0.02746901661157608,0.9850525259971619,-1.7695330120623112
402.23,529,1083392,548,44.45992283,1974,-0.006180866155773401,0.0582275390625,2112,0.2,1.2426202315837145,0.0003,0.5863847732543945,0.009102356,0.30430588126182556,0.8964530229568481,-1.76430107280612
402.77,530,1085440,548,44.528587099999996,1977,-0.0071194136326084845,0.026123046875,2116,0.2,0.8597572492435575,0.0003,0.5867828130722046,0.005081673,0.2564583718776703,0.9112025499343872,-1.7643752470612526
403.54,531,1087488,549,44.57727816,1980,-0.008439320226898417,0.065673828125,2120,0.2,0.11426936904899776,0.0003,0.5853722095489502,0.0066119717,0.015672584995627403,0.9897170662879944,-1.7633860036730766
402.72,532,1089536,549,44.49248947,1983,-0.00716302843648009,0.0657958984375,2124,0.2,0.12509708432480693,0.0003,0.583320677280426,0.008750351,0.060050979256629944,0.9907889366149902,-1.7573855742812157
404.97,533,1091584,549,44.657878739999994,1986,-0.009911190209095366,0.07470703125,2128,0.2,0.21217322605662048,0.0003,0.5822952389717102,0.009556672,0.03459467738866806,0.9803785681724548,-1.751857042312622
405.78,534,1093632,549,44.83787873,1989,-0.013106237194733694,0.0882568359375,2132,0.2,0.21986587019637227,0.0003,0.5809280872344971,0.008285208,0.04256675764918327,0.9866814017295837,-1.7484480701386929
405.25,535,1095680,549,44.802606489999995,1992,-0.006158307151054032,0.08837890625,2136,0.2,0.13451908249408007,0.0003,0.5805626511573792,0.008667507,0.018925178796052933,0.9867801666259766,-1.7445069812238216
404.32,536,1097728,549,44.619957940000006,1996,-0.007174415040935855,0.0579833984375,2140,0.2,0.11849825899116695,0.0003,0.5799838304519653,0.007834971,0.03114716336131096,0.990878164768219,-1.7433971837162971
408.12,537,1099776,550,45.20504333000001,1999,-0.00841394581948407,0.07958984375,2144,0.2,0.4469657940790057,0.0003,0.5802178382873535,0.008789077,0.08894050121307373,0.9667944312095642,-1.7415970265865326
408.52,538,1101824,550,45.18475143999999,2002,-0.006854376755654812,0.0858154296875,2148,0.2,0.08548211341258138,0.0003,0.5804492235183716,0.008092158,0.02121744677424431,0.993320643901825,-1.7430086620151997
407.27,539,1103872,550,45.025521119999986,2006,-0.013777411702903919,0.1055908203125,2152,0.2,0.10961150308139622,0.0003,0.5812273025512695,0.01084901,0.0010406803339719772,0.9931768774986267,-1.744113016873598
407.22,540,1105920,550,45.03627156,2009,-0.010911197663517669,0.0775146484375,2156,0.2,0.6632737345062196,0.0003,0.5812607407569885,0.009799691,0.18249553442001343,0.9536241292953491,-1.7450912036001682
406.43,541,1107968,550,45.018681959999995,2012,-0.010103722728672437,0.0975341796875,2160,0.2,0.11927188432309777,0.0003,0.582526683807373,0.0100953635,0.0017675887793302536,0.9905405044555664,-1.747233785688877
406.21,542,1110016,550,44.98118940000001,2015,-0.004117701726499945,0.0714111328125,2164,0.2,0.10122200881596655,0.0003,0.5833231210708618,0.007199053,0.023100432008504868,0.9911487102508545,-1.7515792436897755
405.14,543,1112064,550,44.88711681000001,2018,-0.006657056324911537,0.121826171875,2168,0.2,0.10138087894301862,0.0003,0.5841840505599976,0.013789201,0.027925405651330948,0.9928315281867981,-1.7538532800972462
404.51,544,1114112,551,44.90988492000001,2021,-0.0035699570944416337,0.05419921875,2172,0.2,0.4386567978654057,0.0003,0.5843895077705383,0.0059171976,0.1175713986158371,0.949746310710907,-1.7549734972417355
406.04,545,1116160,551,45.126634980000006,2024,-0.007520267157815397,0.075927734375,2176,0.2,0.06950930564198643,0.0003,0.5835481882095337,0.011675312,0.013161556795239449,0.9934498071670532,-1.7556116096675396
407.26,546,1118208,551,45.31158957,2027,-0.010805056415847503,0.0989990234375,2180,0.2,0.0861903972690925,0.0003,0.5818196535110474,0.009216617,0.007422707974910736,0.9916483759880066,-1.7510901913046837
406.66,547,1120256,551,45.237445820000005,2030,-0.010430484653625172,0.0814208984375,2184,0.2,0.0645756107987836,0.0003,0.5822725892066956,0.0077759833,0.007758712396025658,0.9942618012428284,-1.747549369931221
408.09,548,1122304,551,45.48262539,2033,-0.008387428853893653,0.074462890625,2188,0.2,0.2254461592528969,0.0003,0.5809855461120605,0.0092478,0.0815134197473526,0.9845613241195679,-1.7479167841374874
409.79,549,1124352,551,45.78431739,2037,-0.007614942360305577,0.0582275390625,2192,0.2,0.4653283376246691,0.0003,0.5805514454841614,0.0067577222,0.08275499939918518,0.9662091732025146,-1.742972407490015
409.45,550,1126400,552,45.781710890000014,2040,-0.010989047688781284,0.0648193359375,2196,0.2,0.29169060103595257,0.0003,0.5788053274154663,0.007943359,0.0691947191953659,0.9803954362869263,-1.7406882345676422
408.54,551,1128448,552,45.75137557,2043,-0.011621533180004917,0.075439453125,2200,0.2,0.03834146825829521,0.0003,0.5788990259170532,0.00959755,-0.01656123250722885,0.9975106120109558,-1.7362614534795284
409.25,552,1130496,552,45.90514031000001,2046,-0.00943014337826753,0.0673828125,2204,0.2,0.16544726607389748,0.0003,0.5781041979789734,0.009478379,0.028266357257962227,0.9883506894111633,-1.736627135425806
407.28,553,1132544,552,45.78122366,2049,-0.012563777600007597,0.0706787109375,2208,0.2,0.11508774186950177,0.0003,0.5761284232139587,0.007933156,0.021350886672735214,0.9898621439933777,-1.7302415184676647
404.89,554,1134592,552,45.396696180000006,2052,-0.009245071021723561,0.0535888671875,2212,0.2,0.14142847910989076,0.0003,0.5757967233657837,0.0058112093,0.020193293690681458,0.9878207445144653,-1.7257156446576118
402.99,555,1136640,552,44.80599892,2055,-0.01324984552047681,0.098876953125,2216,0.2,1.165791604667902,0.0003,0.5751074552536011,0.013458341,0.40222346782684326,0.9363426566123962,-1.724739659577608
400.06,556,1138688,553,44.270492080000004,2058,-0.006959942315006629,0.048828125,2220,0.2,2.884722951799631,0.0003,0.575041651725769,0.0061928397,0.7471794486045837,0.8403121829032898,-1.7223923429846764
397.56,557,1140736,553,44.00757663,2061,-0.007255390286445618,0.0474853515625,2224,0.2,1.7373903412371874,0.0003,0.5758126974105835,0.00716542,1.139296293258667,0.8724029064178467,-1.7241845019161701
398.22,558,1142784,553,44.07200933,2064,-0.007857045144191943,0.038818359375,2228,0.2,0.6106660035438836,0.0003,0.5767682790756226,0.0065979064,0.30035626888275146,0.9405405521392822,-1.7272471524775028
398.99,559,1144832,553,44.21712034,2067,-0.005829156994877849,0.0484619140625,2232,0.2,0.5365081285126507,0.0003,0.577213704586029,0.0060433894,0.1057126522064209,0.9332137703895569,-1.7300867959856987
399.24,560,1146880,553,44.304256020000004,2070,-0.007577740529086441,0.0631103515625,2236,0.2,0.28324082028120756,0.0003,0.5768435001373291,0.005420972,0.06434746086597443,0.9719197154045105,-1.729983776807785
398.73,561,1148928,554,44.26363534,2073,-0.008109953967505135,0.0518798828125,2240,0.2,0.1292621036991477,0.0003,0.5769883394241333,0.005544334,0.03691733628511429,0.9875372052192688,-1.7295771054923534
398.94,562,1150976,554,44.29526052999999,2076,-0.009358369919937104,0.070556640625,2244,0.2,0.22959767398424447,0.0003,0.5762115716934204,0.008770307,0.07461085915565491,0.9794961214065552,-1.7290434874594212
400.24,563,1153024,554,44.50312601999999,2079,-0.008718293669517152,0.0498046875,2248,0.2,0.16255850973539054,0.0003,0.5740984678268433,0.0071847932,0.03226644545793533,0.9834128618240356,-1.724761825054884
399.16,564,1155072,554,44.26251181000001,2082,-0.01083642482990399,0.0772705078125,2252,0.2,0.0971485092304647,0.0003,0.5718224048614502,0.0072568674,0.015938416123390198,0.991196870803833,-1.7169291153550148
397.89,565,1157120,554,44.08108874,2085,-0.007101784693077207,0.068359375,2256,0.2,0.7419894877821207,0.0003,0.5707676410675049,0.011138382,0.15708866715431213,0.9336624145507812,-1.7104600220918655
395.64,566,1159168,554,43.76862136,2088,-0.01076125584950205,0.0892333984375,2260,0.2,0.30625157826580107,0.0003,0.5706560015678406,0.011163522,0.06391899287700653,0.9701001644134521,-1.7082537412643433
396.32,567,1161216,555,43.89648007999999,2091,-0.008458977859845618,0.058349609375,2264,0.2,0.5744640771299601,0.0003,0.5713034272193909,0.006917155,0.19858622550964355,0.9551004767417908,-1.7091592252254486
397.75,568,1163264,555,43.91226446,2094,-0.008995015974505804,0.073974609375,2268,0.2,0.2741350745782256,0.0003,0.5710306167602539,0.0110878525,0.06788867712020874,0.9765621423721313,-1.7109348624944687
397.51,569,1165312,555,43.83966863,2097,-0.01388339367986191,0.087890625,2272,0.2,0.18709483975544572,0.0003,0.5695714950561523,0.009525685,0.05156204104423523,0.9892544150352478,-1.707279484719038
397.39,570,1167360,555,43.866154079999994,2101,-0.010148756453418173,0.0533447265625,2276,0.2,0.3707600519992411,0.0003,0.5691789388656616,0.0077533973,0.1459026038646698,0.9693511128425598,-1.7036099582910538
396.98,571,1169408,555,43.825709470000014,2104,-0.0060604242971749045,0.0333251953125,2280,0.2,0.12755261920392513,0.0003,0.5682215690612793,0.005948641,0.017785631120204926,0.9879580140113831,-1.7019166946411133
397.47,572,1171456,555,43.90529617999999,2107,-0.0059213159256614745,0.0382080078125,2284,0.2,0.18840380641631782,0.0003,0.566460371017456,0.007917719,0.022405199706554413,0.9809342622756958,-1.6972666941583157
400.34,573,1173504,555,44.43485169,2111,-0.008422016791882925,0.056884765625,2288,0.2,0.12388831668067724,0.0003,0.5641916990280151,0.008895864,0.023725152015686035,0.9868347644805908,-1.6894266679883003
397.42,574,1175552,556,44.28363846,2114,-0.0078096260549500585,0.037353515625,2292,0.2,0.14662267523817718,0.0003,0.5620654821395874,0.005845242,0.022601794451475143,0.9859092235565186,-1.6830804608762264
400.87,575,1177600,556,44.86479818,2117,-0.003783904860028997,0.031982421875,2296,0.2,0.151271405746229,0.0003,0.5615500211715698,0.006097786,0.06865622103214264,0.9786598086357117,-1.67655935510993
405.47,576,1179648,556,45.65086597,2120,-0.009608427892089821,0.0645751953125,2300,0.2,0.3136205670889467,0.0003,0.5626364946365356,0.0064025912,0.04596898704767227,0.973233699798584,-1.677748166024685
406.37,577,1181696,556,45.81157056,2123,-0.009003453495097347,0.0638427734375,2304,0.2,0.17952239559963346,0.0003,0.5627323389053345,0.008911958,0.04207282513380051,0.980798602104187,-1.680091217160225
405.71,578,1183744,556,45.7757533,2126,-0.011951767170103267,0.101806640625,2308,0.2,0.4013679113704711,0.0003,0.5634037256240845,0.014437543,0.08720263093709946,0.9696267247200012,-1.681290376931429
405.08,579,1185792,556,45.75055142,2129,-0.015058414661325514,0.103271484375,2312,0.2,0.29916937462985516,0.0003,0.5637737512588501,0.011099211,0.08195971697568893,0.9755454063415527,-1.6830640323460102
405.01,580,1187840,556,45.755188660000016,2132,-0.008771441964199767,0.093017578125,2316,0.2,0.09140100493095815,0.0003,0.5640371441841125,0.010080351,-0.015478584915399551,0.9926379919052124,-1.6835719533264637
405.61,581,1189888,557,45.51835215,2136,-0.010503383062314242,0.078369140625,2320,0.2,0.05157147435238585,0.0003,0.5635403394699097,0.010619488,0.0017685014754533768,0.9959304332733154,-1.6838625818490982
405.52,582,1191936,557,45.50372131999998,2139,-0.008502217242494226,0.0633544921875,2324,0.2,0.5374319823458791,0.0003,0.5627416372299194,0.00782216,0.07532510161399841,0.9648871421813965,-1.6800630204379559
405.1,583,1193984,557,45.46997452999999,2143,-0.01070322873420082,0.0697021484375,2328,0.2,0.19068670109845698,0.0003,0.561713695526123,0.009947747,0.07592928409576416,0.9860500693321228,-1.677488461136818
405.16,584,1196032,557,45.58121287,2146,-0.010100301991769811,0.094482421875,2332,0.2,0.15138455596752465,0.0003,0.5607087016105652,0.010601699,0.01954522356390953,0.9877806901931763,-1.6734070293605328
405.14,585,1198080,557,45.66380283999999,2150,-0.009692714869743213,0.070556640625,2336,0.2,0.4690306349657476,0.0003,0.5600566864013672,0.0071560745,0.16487234830856323,0.9641847014427185,-1.670726865530014
406.5,586,1200128,557,45.59820406,2153,-0.009319684271758888,0.0728759765625,2340,0.2,0.650783933699131,0.0003,0.560486912727356,0.00906931,0.2203330397605896,0.9549244046211243,-1.6706287302076817
404.47,587,1202176,557,45.518371200000004,2157,-0.009619127828045748,0.0726318359375,2344,0.2,1.2726474404335022,0.0003,0.5615748167037964,0.008833887,0.21333113312721252,0.9449895620346069,-1.6734812520444393
404.74,588,1204224,557,45.6876399,2161,-0.011011642942321487,0.070068359375,2348,0.2,0.14221616729628295,0.0003,0.5595366954803467,0.009776577,0.008309120312333107,0.9865078330039978,-1.6730448864400387
404.98,589,1206272,557,45.58334685999999,2165,-0.009732230151712429,0.07470703125,2352,0.2,0.24248690158128738,0.0003,0.5568620562553406,0.009691374,0.06972864270210266,0.9750601053237915,-1.664253730326891
403.47,590,1208320,556,45.43235047999999,2169,-0.011267155583482236,0.0986328125,2356,0.2,0.37495421525090933,0.0003,0.5543187856674194,0.016658628,0.13615202903747559,0.9801555871963501,-1.653755772858858
400.19,591,1210368,557,44.95216517,2173,-0.0071645318530499935,0.0687255859375,2360,0.2,0.2376748223323375,0.0003,0.5520942211151123,0.006486184,0.07373785227537155,0.9812483787536621,-1.6456589177250862
399.2,592,1212416,557,44.89789419999999,2176,-0.006582489135325886,0.08984375,2364,0.2,1.3709470387548208,0.0003,0.551313042640686,0.010759868,0.2823850214481354,0.9138180613517761,-1.639766864478588
400.25,593,1214464,557,44.452640460000005,2180,-0.006454112270148471,0.054931640625,2368,0.2,0.29806836089119315,0.0003,0.5500587821006775,0.009735577,0.08603209257125854,0.9711419939994812,-1.6374696120619774
402.09,594,1216512,557,44.53969347,2183,-0.009635715061449446,0.0438232421875,2372,0.2,1.480438232421875,0.0003,0.549324631690979,0.006135824,0.5364996790885925,0.9392806887626648,-1.6329999044537544
403.64,595,1218560,557,44.36626730999999,2187,-0.012786901701474562,0.0682373046875,2376,0.2,0.4085874743759632,0.0003,0.5484592318534851,0.0117523335,0.11364772915840149,0.9797296524047852,-1.631445985287428
411.83,596,1220608,557,44.603870900000004,2190,-0.008346128321136348,0.10595703125,2380,0.2,1.1794471144676208,0.0003,0.5488722324371338,0.01264209,0.48567596077919006,0.9579336643218994,-1.6292718388140202
409.5,597,1222656,557,44.278240739999994,2194,-0.013336187272216193,0.06591796875,2384,0.2,0.5468077706173062,0.0003,0.5478053092956543,0.010040799,0.16876320540905,0.9804992079734802,-1.630118489265442
410.08,598,1224704,557,44.47618535999999,2197,-0.004875892700511031,0.067626953125,2388,0.2,1.071580432355404,0.0003,0.5467573404312134,0.007879304,0.3234635293483734,0.9089881181716919,-1.6244411952793598
410.14,599,1226752,557,44.51459421,2201,-0.014625793592131231,0.0771484375,2392,0.2,0.18292132439091802,0.0003,0.5442631244659424,0.009110177,0.033981624990701675,0.9837222099304199,-1.6203381530940533
408.71,600,1228800,557,44.38741296,2205,-0.008836925830109976,0.10107421875,2396,0.2,0.21036716178059578,0.0003,0.544090986251831,0.010384247,0.03673660755157471,0.9833999872207642,-1.613593701273203
407.49,601,1230848,557,44.53596417999999,2208,-0.007799188184435479,0.0726318359375,2400,0.2,0.3220195814501494,0.0003,0.544114351272583,0.011573822,0.0834152102470398,0.9720911979675293,-1.6143457256257534
407.62,602,1232896,557,44.60035675,2212,-0.008826921271975152,0.066162109375,2404,0.2,0.27881334628909826,0.0003,0.5419964790344238,0.009481171,0.08623327314853668,0.9829573035240173,-1.6101635470986366
407.48,603,1234944,557,44.670229549999995,2215,-0.009505165959126316,0.085693359375,2408,0.2,0.051968474639579654,0.0003,0.539634108543396,0.010771925,0.0024916362017393112,0.9962520599365234,-1.6024144664406776
408.26,604,1236992,557,44.84663637999999,2219,-0.013309196045156568,0.0887451171875,2412,0.2,0.13252614997327328,0.0003,0.5379912853240967,0.009760694,0.018454749137163162,0.9906001687049866,-1.5947556644678116
411.56,605,1239040,557,44.77789044,2223,-0.011535895158885978,0.067626953125,2416,0.2,0.18167859385721385,0.0003,0.5363659262657166,0.008177805,0.06742268800735474,0.9851388335227966,-1.5895820669829845
411.45,606,1241088,557,45.19947312999999,2226,-0.010876988737436477,0.0810546875,2420,0.2,0.8668394787237048,0.0003,0.5361442565917969,0.010356959,0.22570328414440155,0.966612696647644,-1.5849179439246655
412.63,607,1243136,557,45.12978209999999,2230,-0.00933762697968632,0.052978515625,2424,0.2,0.19588625920005143,0.0003,0.5360273122787476,0.0104320515,0.03842926025390625,0.9843763113021851,-1.5862790308892727
411.52,608,1245184,557,44.97591493,2234,-0.016556590184336528,0.0838623046875,2428,0.2,0.518503223080188,0.0003,0.536149263381958,0.009333696,0.14752313494682312,0.9741238951683044,-1.5852153673768044
413.3,609,1247232,557,45.08942415999999,2237,-0.009738887893036008,0.09228515625,2432,0.2,0.3029571052175015,0.0003,0.5369482636451721,0.013255286,0.08851524442434311,0.965781569480896,-1.586676299571991
413.22,610,1249280,557,45.02543577,2241,-0.011548371199751273,0.06005859375,2436,0.2,0.2965416582301259,0.0003,0.5370041728019714,0.0075414567,0.0926709771156311,0.9854677319526672,-1.588256012648344
414.34,611,1251328,557,45.15871245,2245,-0.011865269028930925,0.0589599609375,2440,0.2,0.3900088118389249,0.0003,0.5359621644020081,0.0066418676,0.11286436766386032,0.9755100607872009,-1.586308877915144
413.81,612,1253376,557,45.029165690000006,2248,-0.007212981479824521,0.1370849609375,2444,0.2,0.6810375712811947,0.0003,0.5345276594161987,0.01312826,0.2197653353214264,0.9525142908096313,-1.5813052281737328
411.58,613,1255424,557,45.27774179000001,2252,-0.010116491932421923,0.061279296875,2448,0.2,0.4638744229450822,0.0003,0.5343483686447144,0.008340898,0.19972994923591614,0.9731733798980713,-1.5777967907488346
408.9,614,1257472,557,45.084114160000006,2255,-0.010572096052783309,0.0506591796875,2452,0.2,0.9121205527335405,0.0003,0.5340639352798462,0.007710403,0.2880370616912842,0.9185713529586792,-1.576946571469307
404.68,615,1259520,557,45.52616226999999,2259,-0.009414058135007508,0.06201171875,2456,0.2,0.48228678898885846,0.0003,0.5318603515625,0.0071729664,0.10815806686878204,0.955269455909729,-1.5734181478619576
399.75,616,1261568,557,45.28400667999999,2262,-0.011878615237947088,0.0731201171875,2460,0.2,0.1680326561909169,0.0003,0.5302645564079285,0.0104100965,0.04582437872886658,0.9867043495178223,-1.565232440829277
399.88,617,1263616,557,45.263899460000005,2266,-0.008681972154590767,0.0770263671875,2464,0.2,0.15447414456866682,0.0003,0.5308664441108704,0.0076075,0.027276625856757164,0.9871572852134705,-1.5634489953517914
400.84,618,1265664,557,45.368591480000006,2269,-0.008715437681530602,0.09521484375,2468,0.2,0.7599963559769094,0.0003,0.5307564735412598,0.011955954,0.579369068145752,0.9567190408706665,-1.5650231800973415
403.13,619,1267712,557,45.47126408000001,2272,-0.007255684016854502,0.0677490234375,2472,0.2,0.3182518882676959,0.0003,0.5310108065605164,0.009872086,0.11023653298616409,0.976722240447998,-1.565131425857544
408.09,620,1269760,557,45.46980703,2275,-0.012316781532717869,0.0845947265625,2476,0.2,0.3359686015173793,0.0003,0.5327271223068237,0.011506131,0.11867911368608475,0.9833329916000366,-1.5683761984109879
408.53,621,1271808,558,45.53990009000001,2278,-0.012157592544099316,0.0860595703125,2480,0.2,0.2789873220026493,0.0003,0.533286452293396,0.012884498,0.07262850552797318,0.9908714890480042,-1.5732317604124546
407.93,622,1273856,558,45.4062025,2281,-0.013926876308687497,0.076171875,2484,0.2,0.08195667783729732,0.0003,0.5310201644897461,0.009799482,0.01390775479376316,0.9942331314086914,-1.5706613212823868
407.84,623,1275904,558,45.4395232,2284,-0.0112255370040657,0.0574951171875,2488,0.2,0.414866182487458,0.0003,0.5292761921882629,0.008818693,0.11541129648685455,0.971747875213623,-1.5622249133884907
407.37,624,1277952,558,45.38657177,2287,-0.011263454129220918,0.070068359375,2492,0.2,0.13232981390319765,0.0003,0.5267976522445679,0.00724511,0.08148449659347534,0.9898942112922668,-1.5549621768295765
403.86,625,1280000,558,45.44246456,2290,-0.008581523405155167,0.06640625,2496,0.2,0.16105880751274526,0.0003,0.5275925993919373,0.0099417735,0.012328613549470901,0.9887527823448181,-1.550229899585247
404.51,626,1282048,559,45.61549929999999,2293,-0.012172068207291886,0.0892333984375,2500,0.2,0.23229956964496523,0.0003,0.528200626373291,0.0120235495,0.012243056669831276,0.9740716814994812,-1.5542345754802227
406.58,627,1284096,559,45.73993407999999,2296,-0.01003605083678849,0.0531005859375,2504,0.2,0.22039215196855366,0.0003,0.5258668661117554,0.0086373035,0.030875738710165024,0.983348548412323,-1.552141536027193
407.8,628,1286144,559,45.88776956999999,2299,-0.013421669747913256,0.073486328125,2508,0.2,0.5363681558519602,0.0003,0.5245370864868164,0.00817726,0.15466290712356567,0.9820435643196106,-1.5435005687177181
404.95,629,1288192,559,45.89846667999999,2302,-0.010038418782642111,0.066162109375,2512,0.2,0.13482396258041263,0.0003,0.5236395597457886,0.011171379,0.03126034140586853,0.9877716302871704,-1.5392525158822536
404.57,630,1290240,559,45.84968470999999,2305,-0.010896243446040899,0.060302734375,2516,0.2,0.11244030739180744,0.0003,0.5225614309310913,0.008768362,0.03540245443582535,0.9905977249145508,-1.536707654595375
405.41,631,1292288,559,46.0813887,2308,-0.011328650180075783,0.074951171875,2520,0.2,0.5141627616249025,0.0003,0.5226796269416809,0.008814561,0.35099464654922485,0.9633120894432068,-1.532266229391098
406.41,632,1294336,559,46.320846849999995,2311,-0.008238458562118467,0.05859375,2524,0.2,0.3303457638248801,0.0003,0.5235206484794617,0.007985486,0.060689777135849,0.9734991788864136,-1.5347054116427898
409.3,633,1296384,560,46.31054579,2314,-0.011655744252493605,0.055908203125,2528,0.2,0.2512511487584561,0.0003,0.5229935646057129,0.0088702785,0.027973847463726997,0.9799675941467285,-1.5369623377919197
409.32,634,1298432,560,46.42494573,2317,-0.015524183058005292,0.0921630859375,2532,0.2,0.3046392132528126,0.0003,0.5212163925170898,0.01190443,0.060724303126335144,0.988704264163971,-1.531223613768816
410.15,635,1300480,560,45.986088070000015,2320,-0.011798941530287266,0.0772705078125,2536,0.2,0.12178558995947242,0.0003,0.5216742157936096,0.010009417,0.0038960427045822144,0.9895654320716858,-1.5285575948655605
411.32,636,1302528,560,46.03496364999999,2323,-0.0033322006929665804,0.044677734375,2540,0.2,1.0481932954862714,0.0003,0.5211648941040039,0.0077067045,0.5014724731445312,0.9505591988563538,-1.528652559965849
414.23,637,1304576,560,46.01279981999999,2326,-0.013638760356116109,0.08203125,2544,0.2,0.22935834107920527,0.0003,0.521195113658905,0.012603037,0.05085630714893341,0.989957332611084,-1.5263715647161007
417.86,638,1306624,560,46.232281820000004,2329,-0.013588386798801366,0.0948486328125,2548,0.2,0.5779236480593681,0.0003,0.5209431648254395,0.011443323,0.2226153314113617,0.9769076108932495,-1.5262685492634773
419.41,639,1308672,560,46.202739220000005,2333,-0.013834639743436128,0.08154296875,2552,0.2,0.1756073257420212,0.0003,0.5194945335388184,0.011197926,0.06724832952022552,0.9936110973358154,-1.5235179625451565
420.26,640,1310720,560,46.215437189999996,2336,-0.01426768548117252,0.0711669921875,2556,0.2,0.3236338780261576,0.0003,0.5177234411239624,0.008757095,0.08463390171527863,0.9870942234992981,-1.5171501450240612
416.47,641,1312768,561,46.098313850000004,2339,-0.013989778570248745,0.1048583984375,2560,0.2,0.31940361857414246,0.0003,0.5164953470230103,0.012742928,0.08009196817874908,0.9859320521354675,-1.5118163861334324
419.51,642,1314816,561,46.211049030000005,2342,-0.012271186264115386,0.0589599609375,2564,0.2,0.2835608865134418,0.0003,0.515163779258728,0.009363843,0.07469265162944794,0.9785163998603821,-1.5054369755089283
421.3,643,1316864,561,46.12091696999999,2345,-0.008161315286997706,0.09521484375,2568,0.2,0.2293218052946031,0.0003,0.515117883682251,0.011319982,0.04760408774018288,0.9890736937522888,-1.5029920972883701
421.72,644,1318912,561,46.21669672,2348,-0.011600275451201014,0.0634765625,2572,0.2,0.2085367562249303,0.0003,0.5133460164070129,0.007555864,0.07591523975133896,0.9910648465156555,-1.5003687217831612
425.11,645,1320960,561,46.32974453,2352,-0.013073169975541532,0.0826416015625,2576,0.2,0.18056409852579236,0.0003,0.5107754468917847,0.009880546,0.017283057793974876,0.9862967133522034,-1.4915854558348656
425.41,646,1323008,561,46.41206028000001,2355,-0.018238149088574573,0.10400390625,2580,0.2,0.1690321983769536,0.0003,0.5095946192741394,0.010262845,0.03839170187711716,0.9934471249580383,-1.4835940413177013
426.22,647,1325056,561,46.311327459999994,2357,-0.008093641983577982,0.089599609375,2584,0.2,0.18857095181010664,0.0003,0.5089364051818848,0.011267191,0.04673103615641594,0.9837888479232788,-1.4807232394814491
422.12,648,1327104,562,46.17082424,2360,-0.01346166453731712,0.0865478515625,2588,0.2,0.18651504395529628,0.0003,0.508131206035614,0.0063006887,0.06162216514348984,0.9911502003669739,-1.4784174859523773
424.35,649,1329152,562,46.15686965999999,2363,-0.011761059035052313,0.1124267578125,2592,0.2,0.16435471316799521,0.0003,0.5069371461868286,0.013045555,0.06545022130012512,0.9914864897727966,-1.4745642952620983
424.69,650,1331200,562,46.270215990000004,2366,-0.012902950365969446,0.06494140625,2596,0.2,0.17298094555735588,0.0003,0.5065772533416748,0.008364917,0.03523771092295647,0.9935311079025269,-1.4719110131263733
423.83,651,1333248,562,46.17791288,2369,-0.011643242731224746,0.0791015625,2600,0.2,0.13448425545357168,0.0003,0.5045742392539978,0.009679904,0.023936422541737556,0.9913356304168701,-1.4670901373028755
428.7,652,1335296,562,46.41507478000001,2372,-0.0074928034882759675,0.0728759765625,2604,0.2,0.8141858894377947,0.0003,0.5048888921737671,0.010256112,0.27412915229797363,0.9166427850723267,-1.4620566479861736
430.04,653,1337344,562,46.22718519,2375,-0.01231420409749262,0.0869140625,2608,0.2,0.25976760452613235,0.0003,0.5051052570343018,0.0096055865,0.05151772499084473,0.9911062121391296,-1.4647245295345783
426.77,654,1339392,563,46.190490929999996,2378,-0.014210123394150287,0.0770263671875,2612,0.2,0.3006185838021338,0.0003,0.5051766633987427,0.008955953,0.0762655958533287,0.9855944514274597,-1.4647051841020584
429.32,655,1341440,563,46.090681059999994,2381,-0.014773238901398145,0.1259765625,2616,0.2,0.2369270925410092,0.0003,0.5056180953979492,0.011732554,0.07522367686033249,0.9887474179267883,-1.4660475887358189
430.62,656,1343488,563,46.48647369,2384,-0.014892652674461715,0.0794677734375,2620,0.2,0.2649990532081574,0.0003,0.5070935487747192,0.010008154,0.04756302759051323,0.987297773361206,-1.4689123518764973
426.76,657,1345536,563,46.44095519,2388,-0.01241299226967385,0.042724609375,2624,0.2,0.15879884199239314,0.0003,0.5069623589515686,0.008029958,0.051129281520843506,0.9944851994514465,-1.4729234427213669
426.12,658,1347584,563,46.58043771,2391,-0.010827853446244262,0.0806884765625,2628,0.2,0.14255051175132394,0.0003,0.5064795017242432,0.006397217,0.019959013909101486,0.9900321364402771,-1.4700692109763622
425.85,659,1349632,563,46.52923525,2394,-0.01084849912149366,0.0872802734375,2632,0.2,0.17706590238958597,0.0003,0.5074593424797058,0.011441272,0.07273033261299133,0.9876076579093933,-1.4708631224930286
423.51,660,1351680,563,46.47980511000001,2397,-0.015030512295197695,0.0877685546875,2636,0.2,0.16248633852228522,0.0003,0.5077660083770752,0.009559004,0.05234939977526665,0.9944278001785278,-1.4739518240094185
426.26,661,1353728,563,46.5911559,2400,-0.018140365267754532,0.0985107421875,2640,0.2,0.284139092778787,0.0003,0.5072026252746582,0.0107274745,0.08109662681818008,0.9901826977729797,-1.4728493243455887
423.21,662,1355776,563,46.60937620000001,2403,-0.012196363197290339,0.0908203125,2644,0.2,0.19988436182029545,0.0003,0.5077151656150818,0.009179546,0.0961647629737854,0.9925075769424438,-1.471877746284008
424.89,663,1357824,564,46.61604185,2406,-0.011523864057380706,0.0643310546875,2648,0.2,0.16477159084752202,0.0003,0.5083760023117065,0.010427249,0.037047576159238815,0.9887213110923767,-1.4748440384864807
425.61,664,1359872,564,46.58715924,2409,-0.013291797033161856,0.0570068359375,2652,0.2,0.23790449742227793,0.0003,0.507868766784668,0.007941781,0.08668264001607895,0.9892762899398804,-1.4754439927637577
428.71,665,1361920,564,46.549769360000006,2412,-0.01516612753039226,0.06640625,2656,0.2,0.19228668767027557,0.0003,0.5072450637817383,0.010798841,0.017757220193743706,0.9928695559501648,-1.4725095070898533
425.53,666,1363968,564,46.196794310000016,2415,-0.012682900665822672,0.0689697265625,2660,0.2,0.18167772865854204,0.0003,0.508188009262085,0.008000845,0.043408218771219254,0.9916175007820129,-1.4732244350016117
428.12,667,1366016,564,46.28368081000001,2418,-0.004982297541573644,0.07177734375,2664,0.2,1.0666050408035517,0.0003,0.5085331201553345,0.0077848644,0.3598877787590027,0.9456144571304321,-1.4762901552021503
431.41,668,1368064,564,46.498083050000005,2421,-0.01348138816683786,0.09375,2668,0.2,0.257967556361109,0.0003,0.5076382756233215,0.011110489,0.05750485509634018,0.9861764907836914,-1.476225856691599
431.65,669,1370112,565,46.487823479999996,2424,-0.008209140389226377,0.070068359375,2672,0.2,0.6318460432812572,0.0003,0.5065816640853882,0.00907577,0.19797417521476746,0.972572922706604,-1.471057903021574
429.08,670,1372160,565,46.485122260000004,2427,-0.013380067131947726,0.07958984375,2676,0.2,0.3613173677586019,0.0003,0.5063136219978333,0.011106253,0.13077804446220398,0.9758091568946838,-1.4675915092229843
431.0,671,1374208,565,46.40000945,2430,-0.01599072286626324,0.1209716796875,2680,0.2,0.15818061702884734,0.0003,0.506746768951416,0.013416662,0.015567963942885399,0.9879721999168396,-1.4681689999997616
432.5,672,1376256,565,46.638215640000006,2433,-0.009648420003941283,0.050537109375,2684,0.2,0.6902645844966173,0.0003,0.5050762891769409,0.006045735,0.22273224592208862,0.9621778130531311,-1.4671150892972946
431.26,673,1378304,565,46.645263099999994,2436,-0.009462532136240043,0.06787109375,2688,0.2,0.3731680870987475,0.0003,0.5042258501052856,0.008426479,0.07014238834381104,0.9751309752464294,-1.4604130238294601
429.37,674,1380352,565,46.617047150000005,2439,-0.013820014170050854,0.0867919921875,2692,0.2,0.2029737269040197,0.0003,0.5030915141105652,0.013696725,0.019544385373592377,0.9919306635856628,-1.4575040824711323
426.86,675,1382400,566,46.72356809000001,2442,-0.00985459472576622,0.0946044921875,2696,0.2,0.34862993052229285,0.0003,0.5018831491470337,0.0081556365,0.10549485683441162,0.9758544564247131,-1.4521813280880451
427.07,676,1384448,566,46.754923319999996,2445,-0.013066405110294,0.0474853515625,2700,0.2,0.17033616011030972,0.0003,0.5005089044570923,0.008015161,0.06912289559841156,0.9901144504547119,-1.4471605084836483
424.32,677,1386496,566,46.722384930000004,2448,-0.009360797877889127,0.0694580078125,2704,0.2,0.13394915219396353,0.0003,0.499828577041626,0.009056544,0.009465396404266357,0.9882588982582092,-1.4427172541618347
426.5,678,1388544,566,46.69268994000001,2451,-0.012820972653571516,0.0841064453125,2708,0.2,0.17519124899990857,0.0003,0.49861258268356323,0.009800384,0.022064222022891045,0.9889439344406128,-1.4393226727843285
426.24,679,1390592,566,46.622473510000006,2454,-0.010461542129633017,0.0623779296875,2712,0.2,0.48404891788959503,0.0003,0.4978569447994232,0.009102337,0.10874083638191223,0.9803992509841919,-1.4344479031860828
419.57,680,1392640,566,46.527252090000005,2457,-0.011924529710086063,0.10888671875,2716,0.2,0.22494862508028746,0.0003,0.497371643781662,0.011862922,0.02425774745643139,0.9854011535644531,-1.4324726164340973
422.16,681,1394688,566,46.613631770000005,2459,-0.0074256606203562114,0.0914306640625,2720,0.2,0.2216842849738896,0.0003,0.4974750280380249,0.0118124075,0.060688622295856476,0.9739856719970703,-1.4304764457046986
419.49,682,1396736,567,46.521104629999996,2462,-0.013983304452267475,0.0989990234375,2724,0.2,0.24806018290109932,0.0003,0.4978604316711426,0.01086953,0.07922583073377609,0.9906505346298218,-1.4331960417330265
421.0,683,1398784,567,46.59716304,2465,-0.009571692658937536,0.0784912109375,2728,0.2,0.34962699096649885,0.0003,0.4975660443305969,0.008757345,0.07622712850570679,0.9736899733543396,-1.4324549585580826
417.32,684,1400832,567,46.636251810000005,2468,-0.014920684217941016,0.078857421875,2732,0.2,0.14474784093908966,0.0003,0.49619826674461365,0.012667106,0.01695333793759346,0.9930071234703064,-1.4302428290247917
413.93,685,1402880,567,46.60898972,2471,-0.01160014810739085,0.1197509765625,2736,0.2,0.15004273084923625,0.0003,0.4954501986503601,0.011703039,0.058239176869392395,0.9920949339866638,-1.42432102560997
413.41,686,1404928,567,46.819015769999986,2474,-0.011801779532106593,0.0679931640625,2740,0.2,0.12171379942446947,0.0003,0.4953523874282837,0.008433854,0.02192980982363224,0.99044269323349,-1.4235036261379719
411.61,687,1406976,567,46.853900700000004,2477,-0.007184916139522102,0.0565185546875,2744,0.2,0.2181488238275051,0.0003,0.49460092186927795,0.0067048417,0.023010732606053352,0.9764325618743896,-1.4220422953367233
409.94,688,1409024,568,46.622366529999994,2480,-0.007960705013829283,0.09033203125,2748,0.2,0.18927609897218645,0.0003,0.4930153489112854,0.009585665,0.03963848203420639,0.9850495457649231,-1.4183682426810265
408.87,689,1411072,568,46.507076780000006,2483,-0.01075276928168023,0.0963134765625,2752,0.2,0.2460686480626464,0.0003,0.4926421642303467,0.011524046,0.09678024053573608,0.9908236265182495,-1.4126437306404114
410.52,690,1413120,568,46.52879591999999,2486,-0.011871709270053543,0.084228515625,2756,0.2,0.21784077025949955,0.0003,0.49293503165245056,0.009747645,0.07648026943206787,0.9808186888694763,-1.4129969403147697
409.99,691,1415168,568,46.61891827,2489,-0.016789023153251037,0.07666015625,2760,0.2,0.1424749328289181,0.0003,0.4925886392593384,0.010240085,0.013702087104320526,0.9946155548095703,-1.4134214036166668
410.25,692,1417216,568,46.69269679,2492,-0.012382080283714458,0.0771484375,2764,0.2,0.19508082536049187,0.0003,0.49189308285713196,0.009831969,0.029072055593132973,0.9882341027259827,-1.4112867191433907
406.95,693,1419264,568,46.26307807000001,2494,-0.008052840807067696,0.086181640625,2768,0.2,0.3236287101171911,0.0003,0.4906339645385742,0.008717213,0.06990088522434235,0.9785802960395813,-1.4076469875872135
408.31,694,1421312,569,46.31289324,2497,-0.009383174299728125,0.06396484375,2772,0.2,0.8847807878628373,0.0003,0.4897998571395874,0.010920526,0.21310536563396454,0.9462180137634277,-1.4025064334273338
408.64,695,1423360,569,46.373923780000005,2501,-0.01246643731428776,0.089111328125,2776,0.2,0.26377322478219867,0.0003,0.4897480309009552,0.010726645,0.06667914241552353,0.9867084622383118,-1.401325099170208
408.14,696,1425408,569,46.25591659,2503,-0.013431782164843753,0.0833740234375,2780,0.2,0.14459956507198513,0.0003,0.488986998796463,0.007789772,0.0328073687851429,0.9898630380630493,-1.3998800329864025
408.51,697,1427456,569,46.24684631000001,2506,-0.008028284282772802,0.0567626953125,2784,0.2,0.36124719493091106,0.0003,0.48783078789711,0.005652756,0.09727716445922852,0.9742262959480286,-1.3949487581849098
410.51,698,1429504,569,46.31195760000001,2509,-0.01116531113802921,0.0606689453125,2788,0.2,0.16288663679733872,0.0003,0.4877203106880188,0.009199825,0.042678192257881165,0.9880972504615784,-1.392404817044735
410.27,699,1431552,569,46.34798017,2512,-0.01934295672981534,0.1016845703125,2792,0.2,0.24185460666194558,0.0003,0.4883996844291687,0.012670794,0.053886909037828445,0.9923803210258484,-1.39395197853446
410.83,700,1433600,569,46.46476427000002,2515,-0.014844639285001904,0.1224365234375,2796,0.2,0.09955830976832658,0.0003,0.48938482999801636,0.014235251,0.002462247386574745,0.9928504824638367,-1.3974137417972088
409.9,701,1435648,569,46.50261721000001,2518,-0.0076285734976409,0.1112060546875,2800,0.2,0.07966529449913651,0.0003,0.4886789619922638,0.015649913,0.01847510039806366,0.9948161244392395,-1.3990565426647663
410.68,702,1437696,570,46.657474539999995,2521,-0.013828277456923388,0.1107177734375,2804,0.2,0.09658571216277778,0.0003,0.48708900809288025,0.011454867,0.011980194598436356,0.9962169528007507,-1.3940865024924278
413.14,703,1439744,570,46.69928930000001,2524,-0.014312809478724375,0.05908203125,2808,0.2,0.14116950379684567,0.0003,0.48473596572875977,0.009251438,0.02459884062409401,0.9932630658149719,-1.3865043111145496
413.14,704,1441792,570,46.68798640000001,2527,-0.01786769973114133,0.0924072265625,2812,0.2,0.1763112978078425,0.0003,0.48372477293014526,0.014250564,0.011675504967570305,0.9932162165641785,-1.3792347386479378
412.85,705,1443840,570,46.706226109999996,2530,-0.010069840674987063,0.083984375,2816,0.2,0.14114007004536688,0.0003,0.4838905930519104,0.010773102,0.028871748596429825,0.9888385534286499,-1.3759486339986324
411.78,706,1445888,570,46.52486946,2533,-0.01134877973163384,0.061767578125,2820,0.2,0.1075577128212899,0.0003,0.4839998483657837,0.010046456,0.00532892718911171,0.9945101141929626,-1.3777510225772858
417.82,707,1447936,570,46.55401064999999,2536,-0.007674498236156069,0.1212158203125,2824,0.2,1.1908083660528064,0.0003,0.4845171570777893,0.020582117,0.5270074605941772,0.9254201054573059,-1.3784782551229
415.16,708,1449984,570,46.529650020000005,2540,-0.009645853060646914,0.087158203125,2828,0.2,0.2801772505044937,0.0003,0.48466914892196655,0.01219917,0.0677931010723114,0.9912853240966797,-1.380116656422615
417.03,709,1452032,570,46.703891649999996,2543,-0.013766844698693603,0.1087646484375,2832,0.2,0.15181540604680777,0.0003,0.4840810298919678,0.010479229,0.007030557841062546,0.9908779859542847,-1.3783844225108624
415.67,710,1454080,570,46.72634993999999,2547,-0.0159055185795296,0.080810546875,2836,0.2,0.14092190912924707,0.0003,0.4842081665992737,0.009901855,0.03390450030565262,0.9935004711151123,-1.3777875155210495
417.55,711,1456128,570,46.744263000000004,2550,-0.008698737059603445,0.1129150390625,2840,0.2,0.16119884978979826,0.0003,0.4834322929382324,0.010897538,0.03706831485033035,0.9909960031509399,-1.3770748041570187
417.64,712,1458176,571,46.79756889,2553,-0.012229533196659759,0.0745849609375,2844,0.2,0.1280638420721516,0.0003,0.48128241300582886,0.009431171,0.02112896740436554,0.9957139492034912,-1.371251206845045
417.48,713,1460224,571,46.50336765,2556,-0.0013905478845117614,0.0452880859375,2848,0.2,0.09219289058819413,0.0003,0.4795074462890625,0.007753166,0.022198297083377838,0.9928334355354309,-1.3609880693256855
418.61,714,1462272,571,46.67455895,2559,-0.005370647806557827,0.083984375,2852,0.2,0.4886325723491609,0.0003,0.4794689416885376,0.008874295,0.08772407472133636,0.9715729355812073,-1.3583155274391174
416.9,715,1464320,571,46.730621760000005,2562,-0.010994760028552264,0.0821533203125,2856,0.2,0.3093478726223111,0.0003,0.47841572761535645,0.00885406,0.08040861040353775,0.9770808219909668,-1.3567700423300266
417.08,716,1466368,571,46.73234313,2565,-0.004858602573222015,0.0853271484375,2860,0.2,0.40777786262333393,0.0003,0.47905629873275757,0.011412805,0.08529245853424072,0.9550360441207886,-1.354687962681055
416.54,717,1468416,571,46.68292373,2568,-0.007196078957349528,0.0579833984375,2864,0.2,0.2617317927069962,0.0003,0.4790724217891693,0.009317122,0.050187818706035614,0.9710757732391357,-1.3576592206954956
413.43,718,1470464,571,46.819153449999995,2571,-0.00947588498092955,0.112548828125,2868,0.2,0.34134432510472834,0.0003,0.48028475046157837,0.008753486,0.11893121898174286,0.9784188270568848,-1.3585281297564507
414.08,719,1472512,571,46.85896485999999,2574,-0.012053660640958697,0.093017578125,2872,0.2,0.1383223484735936,0.0003,0.4783492982387543,0.011544432,0.013104824349284172,0.9891353249549866,-1.3598189540207386
413.2,720,1474560,572,46.700393440000006,2577,-0.008201230099075474,0.07421875,2876,0.2,0.11918929126113653,0.0003,0.47561362385749817,0.009224341,0.029710844159126282,0.9908117651939392,-1.3486961089074612
415.43,721,1476608,572,46.76494676,2580,-0.011084088444476947,0.111572265625,2880,0.2,0.14042774715926498,0.0003,0.4752596616744995,0.008882788,0.025610346347093582,0.9834034442901611,-1.340586882084608
413.28,722,1478656,572,46.73948950999999,2583,-0.013627640539198183,0.070068359375,2884,0.2,0.1263306150212884,0.0003,0.4750646948814392,0.007905405,0.0042896270751953125,0.9948337078094482,-1.3414130099117756
409.91,723,1480704,572,46.696959150000005,2586,-0.011385644094843883,0.0826416015625,2888,0.2,0.10033826413564384,0.0003,0.4737231731414795,0.009033751,0.011766183190047741,0.9939138293266296,-1.3371982090175152
410.19,724,1482752,572,46.73183103,2589,-0.009311099536716938,0.073974609375,2892,0.2,0.11758284200914204,0.0003,0.47153809666633606,0.009347551,0.025526460260152817,0.991604745388031,-1.329694040119648
409.97,725,1484800,572,46.79692147,2593,-0.007815544071490876,0.084228515625,2896,0.2,0.13162132631987333,0.0003,0.4700571596622467,0.0077023352,0.013706695288419724,0.9865639209747314,-1.3198922015726566
412.84,726,1486848,572,47.29579617,2596,-0.012071391902281903,0.070556640625,2900,0.2,0.1344489734619856,0.0003,0.4690842628479004,0.007490043,0.01918374001979828,0.9900315999984741,-1.315175898373127
406.77,727,1488896,572,47.274881210000004,2599,-0.015923353610560298,0.0909423828125,2904,0.2,0.10366698051802814,0.0003,0.46839988231658936,0.012632268,0.017712820321321487,0.9932474493980408,-1.3110267110168934
408.54,728,1490944,572,47.40333115000001,2603,-0.009233920063707046,0.094970703125,2908,0.2,0.11960595892742276,0.0003,0.4681151807308197,0.011144079,0.049456916749477386,0.9925265312194824,-1.3081313334405422
409.81,729,1492992,572,47.40650018,2606,-0.017739947223162744,0.11376953125,2912,0.2,0.11686994158662856,0.0003,0.46768510341644287,0.012223635,0.030743947252631187,0.9957770109176636,-1.3070013038814068
409.85,730,1495040,572,47.43600737,2610,-0.013501762885425705,0.1092529296875,2916,0.2,0.14221634855493903,0.0003,0.4681296944618225,0.012533121,0.05290984362363815,0.9925813674926758,-1.306026864796877
406.92,731,1497088,572,47.44543003999999,2613,-0.007963837633724324,0.0767822265625,2920,0.2,0.11058479326311499,0.0003,0.4682512879371643,0.00927996,0.041083671152591705,0.9920226335525513,-1.3080719374120235
409.8,732,1499136,572,47.614000829999995,2616,-0.01013012665498536,0.1005859375,2924,0.2,0.06478383438661695,0.0003,0.4671283960342407,0.010080347,0.009578093886375427,0.9959179162979126,-1.3055701330304146
409.01,733,1501184,572,47.972196000000004,2620,-0.011686477075272705,0.070556640625,2928,0.2,0.14175812411122024,0.0003,0.46515098214149475,0.011572637,0.03028791770339012,0.993503749370575,-1.2989892326295376
412.12,734,1503232,573,48.15519503,2623,-0.00869368233543355,0.05322265625,2932,0.2,0.09748640505131334,0.0003,0.46433210372924805,0.009965392,0.019788473844528198,0.9924700260162354,-1.2918655909597874
412.04,735,1505280,573,48.142585630000006,2626,-0.011627019703155383,0.0811767578125,2936,0.2,0.165765117155388,0.0003,0.4641425907611847,0.00926478,0.03653273731470108,0.9927830696105957,-1.2905324660241604
412.65,736,1507328,573,48.26458456999999,2629,-0.009972892024961766,0.070068359375,2940,0.2,0.09894065430853516,0.0003,0.4652438163757324,0.009900019,0.032419584691524506,0.9940135478973389,-1.2919575423002243
413.51,737,1509376,573,48.44657205000001,2632,-0.0124731892865384,0.062744140625,2944,0.2,0.11942619027104229,0.0003,0.46551603078842163,0.011709026,0.030400775372982025,0.9925386905670166,-1.2956663370132446
414.23,738,1511424,573,48.50548216999999,2636,-0.011655655776849017,0.0767822265625,2948,0.2,0.0694697976578027,0.0003,0.46600812673568726,0.00990301,0.0045557692646980286,0.995914101600647,-1.2974405400454998
417.02,739,1513472,573,48.57954285000001,2639,-0.014279784176324029,0.0927734375,2952,0.2,0.11079229833558202,0.0003,0.4648178517818451,0.012430979,0.03333980217576027,0.9936389327049255,-1.2962773106992245
419.11,740,1515520,573,48.741758239999996,2642,-0.012411270843585953,0.0712890625,2956,0.2,0.1522024618461728,0.0003,0.4636208415031433,0.010692995,0.03960033133625984,0.9950482845306396,-1.2907554395496845
418.54,741,1517568,573,48.896283679999996,2645,-0.014187387321726419,0.0665283203125,2960,0.2,0.18210434797219932,0.0003,0.4630367159843445,0.007777498,0.049118030816316605,0.9925848841667175,-1.2865038849413395
419.21,742,1519616,573,48.974217229999994,2649,-0.015841448286664672,0.0623779296875,2964,0.2,0.10095734160859138,0.0003,0.46207794547080994,0.008505801,0.005690127611160278,0.9950974583625793,-1.2842146158218384
421.56,743,1521664,573,49.03139756,2652,-0.01532715056964662,0.0775146484375,2968,0.2,0.08116048050578684,0.0003,0.46159136295318604,0.010024422,0.0018479786813259125,0.9953497648239136,-1.2805469930171967
421.83,744,1523712,573,49.07850496000001,2655,-0.014839723327895626,0.0814208984375,2972,0.2,0.1272088224068284,0.0003,0.4607585072517395,0.008065335,0.027991533279418945,0.9951276779174805,-1.278356958180666
423.18,745,1525760,573,49.12742255,2658,-0.007243207641295157,0.0648193359375,2976,0.2,0.13094724609982222,0.0003,0.4602230191230774,0.009623774,0.013010252267122269,0.9894716143608093,-1.2743916772305965
422.34,746,1527808,574,48.99164732000001,2661,-0.011029172776034102,0.084228515625,2980,0.2,0.1451273241546005,0.0003,0.459530234336853,0.011839431,0.01854490116238594,0.9911390542984009,-1.2727893590927124
422.25,747,1529856,574,48.97560390999999,2664,-0.008452878857497126,0.086669921875,2984,0.2,0.11209634516853839,0.0003,0.4601519703865051,0.008593023,0.009345563128590584,0.9896273016929626,-1.2717727236449718
422.62,748,1531904,574,48.99522427,2667,-0.006498159622424282,0.0791015625,2988,0.2,0.17820168612524867,0.0003,0.46070146560668945,0.0075169723,0.07761200517416,0.9891759157180786,-1.2753134593367577
420.35,749,1533952,574,49.09439992000001,2670,-0.01267889681912493,0.0863037109375,2992,0.2,0.0775941307656467,0.0003,0.4603138864040375,0.009618323,0.0065429918467998505,0.9957756400108337,-1.2761725597083569
420.97,750,1536000,574,49.195956480000014,2673,-0.01380058322683908,0.0726318359375,2996,0.2,0.08048238535411656,0.0003,0.4600067734718323,0.009442984,0.005558302626013756,0.9959489703178406,-1.2742883563041687
421.18,751,1538048,574,49.19250819999999,2677,-0.01141373161226511,0.06689453125,3000,0.2,0.06945049262139946,0.0003,0.46001386642456055,0.009900307,0.018633034080266953,0.9959269762039185,-1.2734022289514542
419.59,752,1540096,574,49.11122802,2680,-0.0029634669481310993,0.081298828125,3004,0.2,0.11800785502418876,0.0003,0.45958253741264343,0.00860633,0.008598849177360535,0.991490364074707,-1.2727891728281975
419.92,753,1542144,574,49.15413120000001,2683,-0.013639931145007722,0.0885009765625,3008,0.2,0.12880815053358674,0.0003,0.45984238386154175,0.010422187,-0.0014458037912845612,0.9914346933364868,-1.2724235877394676
417.74,754,1544192,574,49.04862442,2686,-0.00907561146595981,0.0809326171875,3012,0.2,0.08825633744709194,0.0003,0.46065059304237366,0.008978615,0.006189268082380295,0.9933983087539673,-1.2755026072263718
418.47,755,1546240,574,49.10068792000001,2690,-0.009415438675205223,0.1107177734375,3016,0.2,0.1359034163178876,0.0003,0.4609410762786865,0.013491636,0.01073683425784111,0.9861099720001221,-1.2778806202113628
418.35,756,1548288,574,49.08039912,2693,-0.010690198294469155,0.08984375,3020,0.2,0.09410937607754022,0.0003,0.46076124906539917,0.009052909,0.01354287564754486,0.9934250116348267,-1.2786061242222786
418.53,757,1550336,574,49.12744438,2696,-0.005377361041610129,0.1043701171875,3024,0.2,0.19855964952148497,0.0003,0.45988407731056213,0.011685524,0.059551507234573364,0.9845948219299316,-1.2763015404343605
417.93,758,1552384,574,49.021002750000015,2700,-0.012430236827640329,0.1331787109375,3028,0.2,0.07262259547132999,0.0003,0.459455668926239,0.013550112,0.023608500137925148,0.9955611824989319,-1.2729748636484146
417.48,759,1554432,575,48.95010211000001,2703,-0.010540652627241798,0.060546875,3032,0.2,0.1665766502264887,0.0003,0.4584832787513733,0.0076526515,0.04744147136807442,0.9896587133407593,-1.2705688960850239
411.47,760,1556480,575,48.38346027000001,2706,-0.009669493796536699,0.1141357421875,3036,0.2,0.14712889026850462,0.0003,0.45782530307769775,0.01434879,0.029484691098332405,0.9848780035972595,-1.266748946160078
411.77,761,1558528,575,48.15570091000001,2710,-0.004941317267366685,0.091064453125,3040,0.2,0.866540911141783,0.0003,0.45793795585632324,0.0066694533,0.3066171705722809,0.9317514896392822,-1.2656074464321136
411.58,762,1560576,575,48.14215846,2713,-0.011244368070038036,0.0797119140625,3044,0.2,0.44824165338650346,0.0003,0.4573899209499359,0.008927362,0.11732915043830872,0.9791239500045776,-1.265915721654892
410.21,763,1562624,575,48.1936188,2716,-0.014320714326458983,0.130859375,3048,0.2,0.09609277755953372,0.0003,0.45691633224487305,0.017604144,-0.002487916499376297,0.9932670593261719,-1.262947864830494
409.35,764,1564672,575,48.06324162999999,2719,-0.008410969414399005,0.0833740234375,3052,0.2,0.10601174086332321,0.0003,0.4560011625289917,0.009761145,0.006821334362030029,0.9919130206108093,-1.2622541412711143
409.06,765,1566720,575,48.081589949999994,2722,-0.011276913261099253,0.06884765625,3056,0.2,0.1105332353617996,0.0003,0.4562765955924988,0.008754738,-0.001856992021203041,0.9880582690238953,-1.2580504603683949
409.78,766,1568768,575,48.20685528,2725,-0.012130118790082633,0.0975341796875,3060,0.2,0.12189759884495288,0.0003,0.4555262625217438,0.013755079,0.02475403994321823,0.9924417734146118,-1.258884560316801
410.01,767,1570816,575,48.188536949999985,2728,-0.01418793827178888,0.1392822265625,3064,0.2,0.08868648647330701,0.0003,0.45537686347961426,0.015412673,0.006502953357994556,0.9938424825668335,-1.2555723004043102
411.99,768,1572864,575,48.21049672000001,2731,-0.013654823284014128,0.0831298828125,3068,0.2,0.14075681543909013,0.0003,0.45610830187797546,0.01211102,0.03497040644288063,0.9907890558242798,-1.2559031210839748
411.66,769,1574912,575,48.15470476,2735,-0.012084559726645239,0.0736083984375,3072,0.2,0.11178448749706149,0.0003,0.45478153228759766,0.01027387,0.01578645594418049,0.9952980279922485,-1.2569984309375286
410.83,770,1576960,575,48.117235449999995,2738,-0.013051763278781436,0.0701904296875,3076,0.2,0.04142977867741138,0.0003,0.45341140031814575,0.009826396,-0.02335764840245247,0.9975663423538208,-1.2495633214712143
408.23,771,1579008,575,47.735012609999984,2741,-0.012535429137642495,0.0977783203125,3080,0.2,0.12180907500442117,0.0003,0.45396819710731506,0.014989154,0.010612646117806435,0.991391122341156,-1.2479971833527088
408.83,772,1581056,576,47.78651005,2744,-0.0059539889334701,0.0623779296875,3084,0.2,0.6289020511321723,0.0003,0.4550006687641144,0.0064996,0.08330058306455612,0.9257774353027344,-1.2514996156096458
408.76,773,1583104,576,47.787839059999996,2747,-0.011350946282618679,0.11328125,3088,0.2,0.17592994077131152,0.0003,0.4545575976371765,0.01334154,0.03260579705238342,0.9909802079200745,-1.2535293139517307
408.83,774,1585152,576,47.831258,2750,-0.011180217275978066,0.1121826171875,3092,0.2,0.13250120147131383,0.0003,0.4526124596595764,0.011590915,0.02010023593902588,0.9898508787155151,-1.2482386082410812
407.93,775,1587200,576,47.75966931999999,2753,-0.007616207702085376,0.0906982421875,3096,0.2,0.3367897439748049,0.0003,0.45190179347991943,0.007837333,0.1164708063006401,0.9721452593803406,-1.2402408681809902
408.37,776,1589248,576,47.862613970000005,2757,-0.010846038479940034,0.1004638671875,3100,0.2,0.13527280616108328,0.0003,0.45096245408058167,0.013980353,0.043419767171144485,0.989543080329895,-1.2379950769245625
407.88,777,1591296,576,47.787653,2760,-0.010824685945408419,0.097412109375,3104,0.2,0.0872349989367649,0.0003,0.4502745270729065,0.014670244,0.03983746096491814,0.9934042096138,-1.23403200507164
407.25,778,1593344,576,47.74003156,2763,-0.011239285246119834,0.095458984375,3108,0.2,0.11554366652853787,0.0003,0.4498085379600525,0.010592284,0.03872304782271385,0.9931895732879639,-1.2312268279492855
407.33,779,1595392,576,47.785695340000004,2766,-0.01002350326598389,0.085693359375,3112,0.2,0.2825931184925139,0.0003,0.44899535179138184,0.009757308,0.05984988063573837,0.9729382991790771,-1.2293940410017967
410.01,780,1597440,576,48.10358505,2769,-0.01112755345820915,0.095458984375,3116,0.2,0.09491437813267112,0.0003,0.4495641589164734,0.012849085,0.011786378920078278,0.9933009147644043,-1.2278921715915203
408.34,781,1599488,576,48.22734095,2772,-0.009080766438273713,0.06103515625,3120,0.2,0.1855815425515175,0.0003,0.44930344820022583,0.007254746,0.03428506478667259,0.9884291887283325,-1.229671124368906
411.29,782,1601536,576,48.07933717999998,2775,-0.01777682255487889,0.104248046875,3124,0.2,0.4150469792075455,0.0003,0.44810545444488525,0.01298021,0.17277543246746063,0.9842076897621155,-1.2264752201735973
410.76,783,1603584,577,48.042422939999994,2778,-0.012600944843143225,0.0587158203125,3128,0.2,0.20805647154338658,0.0003,0.447101354598999,0.012253176,0.03195549175143242,0.9854738712310791,-1.2206827141344547
412.28,784,1605632,576,48.18319209000001,2782,-0.01598739622568246,0.138671875,3132,0.2,0.14094460383057594,0.0003,0.4464399218559265,0.013349888,0.04523906484246254,0.9929203391075134,-1.2184452041983604
410.91,785,1607680,576,48.07702748,2786,-0.01607151255302597,0.091796875,3136,0.2,0.14318959787487984,0.0003,0.44425973296165466,0.015007403,0.03123975731432438,0.9921578764915466,-1.2114774323999882
409.91,786,1609728,576,47.795460430000006,2790,-0.013232944293122273,0.093017578125,3140,0.2,0.19305660063400865,0.0003,0.4444335997104645,0.0108211,0.028994452208280563,0.985771894454956,-1.2056692726910114
409.54,787,1611776,576,47.822222530000005,2794,-0.00883474246802507,0.0823974609375,3144,0.2,0.4215522035956383,0.0003,0.4452638626098633,0.009376599,0.22656342387199402,0.9760714173316956,-1.2082224786281586
407.24,788,1613824,576,47.750060090000005,2798,-0.011082911805715412,0.07958984375,3148,0.2,0.09236965619493276,0.0003,0.44470542669296265,0.0076249735,0.003626963123679161,0.9931418299674988,-1.2101332806050777
406.46,789,1615872,576,47.661492069999994,2802,-0.011194079605047591,0.091064453125,3152,0.2,0.2145183109678328,0.0003,0.44262415170669556,0.0083155865,0.04006612300872803,0.9810641407966614,-1.203703049570322
404.29,790,1617920,576,47.30262417000001,2806,-0.011189911900146399,0.0721435546875,3156,0.2,0.16058193217031658,0.0003,0.44111165404319763,0.009481881,0.029447555541992188,0.986801028251648,-1.19454737752676
407.0,791,1619968,576,47.698293910000004,2810,-0.009978199901524931,0.063720703125,3160,0.2,0.6758271185681224,0.0003,0.4409900903701782,0.0064518144,0.174559086561203,0.9504774808883667,-1.190396573394537
405.74,792,1622016,576,47.58846895,2813,-0.013534460435039364,0.1063232421875,3164,0.2,0.11883615772239864,0.0003,0.44117724895477295,0.013236241,0.024264076724648476,0.9936402440071106,-1.1908590383827686
405.43,793,1624064,576,47.5520811,2817,-0.007692183324252255,0.061279296875,3168,0.2,0.22635013004764915,0.0003,0.4406737685203552,0.01153953,0.04606267809867859,0.9769863486289978,-1.1900365240871906
405.95,794,1626112,576,47.67349511,2820,-0.012415553734172136,0.087646484375,3172,0.2,0.08463059656787664,0.0003,0.4408142864704132,0.008792898,-0.0012567676603794098,0.9937252998352051,-1.1884788051247597
406.66,795,1628160,576,47.780933989999994,2824,-0.013381295138970017,0.1104736328125,3176,0.2,0.06862740020733327,0.0003,0.44129133224487305,0.013429083,0.004658747464418411,0.9956802129745483,-1.1900577135384083
404.85,796,1630208,576,47.38463604,2827,-0.008635787492494273,0.073974609375,3180,0.2,0.09934113675262779,0.0003,0.44051533937454224,0.008057031,0.022098876535892487,0.993150532245636,-1.190332856029272
405.31,797,1632256,576,47.46746259,2830,-0.005782552965683863,0.037353515625,3184,0.2,0.6269035027362406,0.0003,0.44053876399993896,0.0070864907,0.09340862929821014,0.889866054058075,-1.1872220002114773
405.88,798,1634304,576,47.58482233000001,2833,-0.00937727002747124,0.0823974609375,3188,0.2,0.10501632560044527,0.0003,0.4393004775047302,0.010269633,0.01749435067176819,0.9902830123901367,-1.1858180351555347
404.5,799,1636352,576,47.49707016,2837,-0.01146937659359537,0.08544921875,3192,0.2,0.09731526405084878,0.0003,0.4393776059150696,0.013263607,0.024787403643131256,0.9914360046386719,-1.1818942241370678
406.62,800,1638400,576,47.66632968999999,2840,-0.005475800338899717,0.068603515625,3196,0.2,0.20946138142608106,0.0003,0.43989235162734985,0.009754241,0.07313720136880875,0.9823188781738281,-1.1843018494546413
404.2,801,1640448,576,47.72924902,2843,-0.01198662405658979,0.07666015625,3200,0.2,0.2941529522649944,0.0003,0.4396657943725586,0.010512879,0.14376819133758545,0.9820137023925781,-1.1845564879477024
405.14,802,1642496,576,47.82005938000001,2847,-0.015313663010601886,0.126220703125,3204,0.2,0.11167527362704277,0.0003,0.43846404552459717,0.01500169,0.023304089903831482,0.9946364164352417,-1.1822669804096222
403.36,803,1644544,576,47.43296225,2850,-0.01580813697364647,0.1019287109375,3208,0.2,0.25095046730712056,0.0003,0.4377182126045227,0.010434017,0.05488927289843559,0.9815481305122375,-1.1765576377511024
404.67,804,1646592,577,47.55211839,2853,-0.010703230713261291,0.1221923828125,3212,0.2,0.5954468650743365,0.0003,0.43775832653045654,0.013346167,0.12332822382450104,0.9295823574066162,-1.1741764023900032
405.28,805,1648640,577,47.5725987,2856,-0.017169668775750324,0.1199951171875,3216,0.2,0.13102182606235147,0.0003,0.43771299719810486,0.014797992,0.018565043807029724,0.9932121634483337,-1.175531916320324
406.41,806,1650688,577,47.82396127,2860,-0.012449124275008217,0.0921630859375,3220,0.2,0.10481123242061585,0.0003,0.4381711483001709,0.011328994,0.01248897798359394,0.9916383624076843,-1.1756228171288967
406.29,807,1652736,577,47.661438849999996,2863,-0.008270753562101163,0.0931396484375,3224,0.2,0.09238414408173412,0.0003,0.43824058771133423,0.013309159,0.02595730870962143,0.9943835139274597,-1.1775650531053543
406.47,808,1654784,577,47.65053895,2866,-0.00778677796915872,0.0958251953125,3228,0.2,0.4010875285603106,0.0003,0.4379764497280121,0.013644141,0.024721400812268257,0.9608907699584961,-1.1771468669176102
406.48,809,1656832,577,47.61522044,2869,-0.0016398982843384147,0.107421875,3232,0.2,0.40464379731565714,0.0003,0.4369114637374878,0.016939575,0.12349085509777069,0.969965398311615,-1.173660982400179
407.24,810,1658880,577,47.571765669999984,2873,-0.011448199424194172,0.0953369140625,3236,0.2,0.12305658590048552,0.0003,0.43671634793281555,0.010587937,0.01829499378800392,0.9890550374984741,-1.170420777052641
407.52,811,1660928,577,47.68623678,2876,-0.005680982634657994,0.10107421875,3240,0.2,1.1364383678883314,0.0003,0.43669581413269043,0.009071773,0.3723123073577881,0.9333269596099854,-1.1697416566312313
408.06,812,1662976,577,47.82984965000001,2879,-0.011002418934367597,0.0694580078125,3244,0.2,0.2829509563744068,0.0003,0.437173992395401,0.009318465,0.026730474084615707,0.9736422300338745,-1.1708575524389744
408.1,813,1665024,577,47.765952880000015,2883,-0.012261684823897667,0.0927734375,3248,0.2,0.1258427866268903,0.0003,0.4372571110725403,0.010820152,0.015722092241048813,0.9892663359642029,-1.1731228940188885
408.27,814,1667072,577,47.75409267999999,2886,-0.008633765508420765,0.108642578125,3252,0.2,0.16089167376048863,0.0003,0.4378916919231415,0.012640327,0.03701800853013992,0.9840020537376404,-1.17349399253726
405.65,815,1669120,577,47.259302500000004,2889,-0.012419103120919317,0.1209716796875,3256,0.2,0.07624596252571791,0.0003,0.43787556886672974,0.011483559,0.013497641310095787,0.9954956769943237,-1.1765906400978565
406.47,816,1671168,577,47.46658252000001,2892,-0.005632945372781251,0.0850830078125,3260,0.2,1.1270407140254974,0.0003,0.43728622794151306,0.009010132,0.4434581398963928,0.9192590713500977,-1.1738407649099827
406.47,817,1673216,577,47.36148932000001,2896,-0.007773003562761005,0.086669921875,3264,0.2,0.29498679796233773,0.0003,0.43757903575897217,0.008930663,0.08187877386808395,0.9764907360076904,-1.1732389777898788
406.7,818,1675264,577,47.432832340000004,2899,-0.01283458174293628,0.095458984375,3268,0.2,0.17619175603613257,0.0003,0.4374293386936188,0.012718504,0.05070245638489723,0.9880217909812927,-1.173170741647482
406.95,819,1677312,577,47.533888450000006,2902,-0.01402758926997194,0.1322021484375,3272,0.2,0.08981864433735609,0.0003,0.43705838918685913,0.017430993,0.013599807396531105,0.9935668706893921,-1.1726965196430683
406.34,820,1679360,577,47.555707160000004,2905,-0.013104983889206778,0.146484375,3276,0.2,0.10161898820661008,0.0003,0.4357060492038727,0.015378565,0.004837661981582642,0.9922401905059814,-1.167583890259266
405.5,821,1681408,578,47.491785690000015,2908,-0.010079629493702669,0.072021484375,3280,0.2,0.16411160887219012,0.0003,0.4367060661315918,0.00985462,0.03152835741639137,0.9901491403579712,-1.1660939194262028
406.56,822,1683456,578,47.609693969999995,2912,-0.008603895243140869,0.0875244140625,3284,0.2,0.16018446371890604,0.0003,0.4360784888267517,0.011373516,0.0329800583422184,0.9847579002380371,-1.1683787479996681
407.01,823,1685504,578,47.784762310000005,2915,-0.011696963047143072,0.08154296875,3288,0.2,0.4168881722725928,0.0003,0.4360787868499756,0.010169964,0.09671521931886673,0.971890926361084,-1.165616486221552
405.28,824,1687552,578,47.67937634,2918,-0.009827170943026431,0.0625,3292,0.2,0.637078560423106,0.0003,0.4367176294326782,0.009754155,0.3131222724914551,0.957249104976654,-1.1670890487730503
404.95,825,1689600,578,47.68296117999999,2921,-0.006170587323140353,0.0863037109375,3296,0.2,0.2003499286947772,0.0003,0.43856096267700195,0.011029072,0.03916309028863907,0.97323077917099,-1.1732487492263317
407.18,826,1691648,578,47.733545649999996,2925,-0.007580912868434098,0.1348876953125,3300,0.2,0.13164774142205715,0.0003,0.43860459327697754,0.013178596,0.041171059012413025,0.9913926124572754,-1.1786358654499054
407.45,827,1693696,578,47.82290156,2928,-0.011589367262786254,0.1051025390625,3304,0.2,0.15703223296441138,0.0003,0.43777257204055786,0.014769165,0.049754492938518524,0.9918768405914307,-1.1767464503645897
407.84,828,1695744,578,47.989044699999994,2932,-0.008585137475165538,0.0867919921875,3308,0.2,0.18287098314613104,0.0003,0.4375377893447876,0.011072455,0.03966148942708969,0.9835470914840698,-1.1725984439253807
408.25,829,1697792,578,48.06240221,2935,-0.009742556576384231,0.10546875,3312,0.2,0.08338143303990364,0.0003,0.43519914150238037,0.014980061,0.0041222237050533295,0.9931440949440002,-1.1686363369226456
410.73,830,1699840,578,48.48886932000001,2938,-0.017628810797759797,0.135986328125,3316,0.2,0.11204853467643261,0.0003,0.43353986740112305,0.01295235,0.012901850044727325,0.992919385433197,-1.157013576477766
409.58,831,1701888,578,48.31892262,2942,-0.01474070468248101,0.166259765625,3320,0.2,0.16322778933681548,0.0003,0.4336129128932953,0.017030716,0.03742782026529312,0.9913803935050964,-1.1525848135352135
407.35,832,1703936,578,47.92081763,2945,-0.010644495356245898,0.0997314453125,3324,0.2,0.09757155855186284,0.0003,0.4349774718284607,0.012801213,0.0005028825253248215,0.992971658706665,-1.1563415750861168
409.27,833,1705984,578,47.99225753,2948,-0.009827505389694124,0.096923828125,3328,0.2,0.820784330368042,0.0003,0.4358307719230652,0.009821327,0.35080060362815857,0.9486234188079834,-1.1624242030084133
409.11,834,1708032,578,48.02292531,2951,-0.015994592555216514,0.108642578125,3332,0.2,0.12233061622828245,0.0003,0.43576329946517944,0.013280433,0.0192796029150486,0.9946027398109436,-1.164354331791401
413.05,835,1710080,578,48.37530099000001,2954,-0.010032131816842593,0.102783203125,3336,0.2,0.16595205257181078,0.0003,0.4347154498100281,0.009741746,0.0717737078666687,0.9893777966499329,-1.1617697104811668
413.18,836,1712128,578,48.44179603999999,2958,-0.01544127962552011,0.075439453125,3340,0.2,0.2175713104661554,0.0003,0.4338667392730713,0.011439696,0.06127139925956726,0.9902353882789612,-1.15706991776824
414.31,837,1714176,578,48.640395099999985,2961,-0.008604864597145934,0.0697021484375,3344,0.2,0.19150436599738896,0.0003,0.43272605538368225,0.009818682,0.028157750144600868,0.9834843873977661,-1.1530846282839775
413.27,838,1716224,578,48.59414503,2964,-0.01428154151653871,0.0859375,3348,0.2,0.1646100429352373,0.0003,0.4311872720718384,0.012061942,0.018391862511634827,0.9877693057060242,-1.1470698341727257
417.04,839,1718272,579,48.57541599999999,2967,-0.014785963430767879,0.0947265625,3352,0.2,0.06392870034324005,0.0003,0.4308868646621704,0.016120343,-0.009802479296922684,0.9957289099693298,-1.1418041549623013
415.92,840,1720320,579,48.368881710000004,2970,-0.01754403143422678,0.1141357421875,3356,0.2,0.5120686804875731,0.0003,0.4300509989261627,0.0132559035,0.17528632283210754,0.9854888916015625,-1.1407009176909924
415.72,841,1722368,579,48.17014272999999,2973,-0.01267970071057789,0.0859375,3360,0.2,0.41589891514740884,0.0003,0.4302918016910553,0.0098693445,0.07916641980409622,0.969234824180603,-1.1387379541993141
413.97,842,1724416,579,48.09686129,2977,-0.0071315598470391706,0.08544921875,3364,0.2,0.5084726419299841,0.0003,0.42951783537864685,0.008119506,0.08360260725021362,0.9671908020973206,-1.1388977356255054
414.3,843,1726464,579,47.953017650000014,2980,-0.014092617195274215,0.087158203125,3368,0.2,0.15959999687038362,0.0003,0.4291878342628479,0.012148958,0.04029709845781326,0.9902634620666504,-1.1356593556702137
416.36,844,1728512,579,48.246927289999995,2983,-0.010131571725651156,0.12109375,3372,0.2,0.17313853465020657,0.0003,0.4290164113044739,0.014682293,0.05324250087141991,0.9924794435501099,-1.1354844607412815
417.38,845,1730560,579,48.15487564,2987,-0.008988854213384911,0.08740234375,3376,0.2,0.13678834470920265,0.0003,0.42751044034957886,0.010109725,0.03840727359056473,0.9904194474220276,-1.132149115204811
412.19,846,1732608,579,47.669866930000005,2990,-0.011374336994776968,0.08837890625,3380,0.2,0.25759882340207696,0.0003,0.42705002427101135,0.013755513,0.11122007668018341,0.988673210144043,-1.1259113550186157
412.34,847,1734656,579,47.75207387000001,2993,-0.006880790780996904,0.1077880859375,3384,0.2,1.0961406170390546,0.0003,0.42848795652389526,0.013840258,0.4992751181125641,0.9260110259056091,-1.1296769864857197
415.3,848,1736704,579,47.732998529999996,2997,-0.011314513227262069,0.1199951171875,3388,0.2,0.1106161306379363,0.0003,0.42906320095062256,0.011648718,0.007122397422790527,0.992072343826294,-1.13445008918643
414.71,849,1738752,579,47.60015664,3000,-0.016831440734677017,0.1126708984375,3392,0.2,0.1988866573665291,0.0003,0.4298911988735199,0.012523026,0.03822951018810272,0.9935401678085327,-1.1374841071665287
413.85,850,1740800,579,47.69408292000001,3004,-0.010301585381967016,0.0885009765625,3396,0.2,0.20932690147310495,0.0003,0.4298284351825714,0.0074279043,0.06028754636645317,0.9882286190986633,-1.1390743665397167
414.25,851,1742848,579,47.72193021000001,3008,-0.010534247281611897,0.08251953125,3400,0.2,0.12914661946706474,0.0003,0.42759543657302856,0.009120333,0.01883956976234913,0.98969966173172,-1.1337008737027645
415.57,852,1744896,579,47.93809515000001,3012,-0.010460033256094903,0.09814453125,3404,0.2,0.11424889683257788,0.0003,0.42652055621147156,0.012613708,0.007188022136688232,0.9919413924217224,-1.123912937939167
417.04,853,1746944,579,47.96701043,3015,-0.009679477676399983,0.09521484375,3408,0.2,0.23876539338380098,0.0003,0.42600369453430176,0.012076583,0.08958078175783157,0.9848094582557678,-1.1208133585751057
419.0,854,1748992,579,47.86621972,3019,-0.01577199400344398,0.0938720703125,3412,0.2,0.32399680791422725,0.0003,0.42508500814437866,0.015220361,0.13532844185829163,0.9854828715324402,-1.1179081462323666
419.15,855,1751040,578,47.85873916999999,3024,-0.015560496045509353,0.11669921875,3416,0.2,0.18118588370271027,0.0003,0.4244304895401001,0.013847021,0.050924528390169144,0.9932527542114258,-1.1134449876844883
419.89,856,1753088,578,47.770991839999986,3028,-0.013478128137649037,0.0877685546875,3420,0.2,0.10958932188805193,0.0003,0.4226173758506775,0.015546064,0.032411687076091766,0.9936263561248779,-1.108904179185629
419.54,857,1755136,578,47.7116019,3032,-0.011259651131695136,0.1158447265625,3424,0.2,0.29005089751444757,0.0003,0.421737939119339,0.011078216,0.07991859316825867,0.9881769418716431,-1.1019539386034012
419.92,858,1757184,578,47.62207568000001,3035,-0.014529321721056476,0.087158203125,3428,0.2,0.09469281265046448,0.0003,0.4219256639480591,0.011012069,0.018637292087078094,0.993164598941803,-1.1007540188729763
417.46,859,1759232,578,47.48296914,3038,-0.016053566156188026,0.0799560546875,3432,0.2,0.07716904627159238,0.0003,0.42112720012664795,0.011917258,0.0015061721205711365,0.9964261054992676,-1.1011595539748669
415.06,860,1761280,579,47.49915305,3041,-0.008601587447628845,0.1123046875,3436,0.2,0.38357944786548615,0.0003,0.4210652709007263,0.0133989155,0.06579464673995972,0.9644264578819275,-1.097900364547968
413.24,861,1763328,579,47.34880373,3044,-0.012109028699342161,0.1322021484375,3440,0.2,0.6872173957526684,0.0003,0.42087286710739136,0.015786268,0.31153666973114014,0.9602980613708496,-1.0979483053088188
413.76,862,1765376,579,47.51060109000001,3047,-0.009664961355156265,0.107421875,3444,0.2,0.4082735769916326,0.0003,0.4204590618610382,0.011262346,0.05895119160413742,0.9671220183372498,-1.0963874459266663
413.03,863,1767424,579,47.60795304000001,3050,-0.011899215620360337,0.0947265625,3448,0.2,0.1468820432201028,0.0003,0.4202830493450165,0.013370426,0.030170688405632973,0.9866830110549927,-1.0951775573194027
412.6,864,1769472,579,47.66899774,3053,-0.015605789056280628,0.117431640625,3452,0.2,0.09355920332018286,0.0003,0.41827768087387085,0.015404462,-0.0013381652534008026,0.9944427013397217,-1.0906596519052982
411.18,865,1771520,579,47.685257850000006,3056,-0.008342239350895397,0.0946044921875,3456,0.2,0.11107995745260268,0.0003,0.41667473316192627,0.015093466,0.016581617295742035,0.9919155240058899,-1.0803998410701752
413.01,866,1773568,579,48.03032440999999,3059,-0.01723979046801105,0.11279296875,3460,0.2,0.09964028082322329,0.0003,0.4174571633338928,0.015307847,0.013146419078111649,0.9930806159973145,-1.0778024084866047
416.01,867,1775616,579,47.94408527,3062,-0.011373142697266303,0.0831298828125,3464,0.2,0.11556939431466162,0.0003,0.41765081882476807,0.011749577,0.017514294013381004,0.9932941794395447,-1.0807680189609528
414.19,868,1777664,579,48.00607012999999,3065,-0.01612116202886682,0.1080322265625,3468,0.2,0.15885358792729676,0.0003,0.41694074869155884,0.015562299,0.030977357178926468,0.99515700340271,-1.0793234519660473
413.69,869,1779712,579,48.0671707,3069,-0.0156204343365971,0.110595703125,3472,0.2,0.06391341018024832,0.0003,0.41558539867401123,0.01283531,0.0070267245173454285,0.9963412880897522,-1.075231947004795
412.72,870,1781760,579,47.922812920000005,3072,-0.007567157415905967,0.078857421875,3476,0.2,0.2753316673915833,0.0003,0.4146260619163513,0.0076298406,0.0521949827671051,0.9787852764129639,-1.0683151856064796
414.63,871,1783808,579,47.882525189999996,3075,-0.010147296896320768,0.107177734375,3480,0.2,0.18310221191495657,0.0003,0.4155856668949127,0.009014631,0.039280738681554794,0.9884741306304932,-1.0682056546211243
413.76,872,1785856,579,47.80326067,3079,-0.014592548715882003,0.0986328125,3484,0.2,0.13335012563038617,0.0003,0.4145835041999817,0.012746449,0.056527577340602875,0.9948285222053528,-1.070157304406166
410.63,873,1787904,579,47.82850391,3083,-0.008980460814200342,0.072021484375,3488,0.2,0.13982633501291275,0.0003,0.4145086705684662,0.0072564897,0.02300471067428589,0.9890391230583191,-1.0657849423587322
408.45,874,1789952,579,47.917768110000004,3086,-0.007616171438712627,0.0753173828125,3492,0.2,0.1334829379338771,0.0003,0.41322529315948486,0.0101914955,0.02363290637731552,0.9876177310943604,-1.0636723265051842
410.35,875,1792000,579,47.88830993000001,3089,-0.01254085082837264,0.06787109375,3496,0.2,0.06261643546167761,0.0003,0.411865770816803,0.010078697,-0.006717728450894356,0.9953852891921997,-1.0565008074045181
407.4,876,1794048,579,47.98302126999999,3093,-0.013335488198208623,0.1043701171875,3500,0.2,0.1462598484940827,0.0003,0.4109349250793457,0.015745223,0.0569104440510273,0.9951854944229126,-1.0514055043458939
407.32,877,1796096,579,47.98954186,3096,-0.0016953574086073786,0.073974609375,3504,0.2,0.09569168789312243,0.0003,0.4110608398914337,0.0077366796,0.009709127247333527,0.9889305233955383,-1.0476712696254253
409.55,878,1798144,579,48.10546308999999,3100,-0.015633435163181275,0.1180419921875,3508,0.2,0.1429919470101595,0.0003,0.4111045002937317,0.012504993,0.01708376407623291,0.9882346987724304,-1.0500921979546547
409.22,879,1800192,569,48.09566500999999,3162,-0.011331148241879418,0.0816650390625,3512,0.2,0.20119299041107297,0.0003,0.41078561544418335,0.012020571,0.03152639791369438,0.9907824993133545,-1.0493784248828888
410.03,880,1802240,569,48.25619588000001,3166,-0.010959141814964823,0.0802001953125,3516,0.2,0.4220694229006767,0.0003,0.41092419624328613,0.010997552,0.1603216677904129,0.9740250110626221,-1.0484721027314663
411.31,881,1804288,569,48.484890920000005,3169,-0.013679843832505867,0.128173828125,3520,0.2,0.16667639277875423,0.0003,0.4095156192779541,0.01506458,0.03613157570362091,0.9898728132247925,-1.0457611121237278
411.35,882,1806336,569,48.47701915000002,3172,-0.009590498426405247,0.095947265625,3524,0.2,0.1360438207630068,0.0003,0.40814322233200073,0.011603264,0.030720029026269913,0.9897415637969971,-1.0378641672432423
411.88,883,1808384,569,48.41844114,3175,-0.012480497083743103,0.0755615234375,3528,0.2,0.12139575695618987,0.0003,0.4069499373435974,0.009394296,0.015242308378219604,0.9916243553161621,-1.0310737937688828
412.88,884,1810432,569,48.3750274,3178,-0.012517527968157083,0.070068359375,3532,0.2,0.08476654510013759,0.0003,0.40605032444000244,0.010461891,0.018782567232847214,0.9961432218551636,-1.0267822034657001
416.63,885,1812480,569,48.39952193999999,3182,-0.011756362233427353,0.095458984375,3536,0.2,0.08806202188134193,0.0003,0.404172420501709,0.012224631,0.005356058478355408,0.996267557144165,-1.0201888158917427
416.74,886,1814528,569,48.37772722,3185,-0.015443858472281136,0.099853515625,3540,0.2,0.20923194126226008,0.0003,0.40328842401504517,0.015158353,0.05860799551010132,0.992917537689209,-1.012303102761507
417.15,887,1816576,569,48.4389848,3188,-0.009768613075721078,0.1661376953125,3544,0.2,0.14432042371481657,0.0003,0.40279674530029297,0.014024118,0.02791605144739151,0.9890134930610657,-1.0095703266561031
418.28,888,1818624,569,48.41413446999999,3192,-0.013400112969975453,0.1378173828125,3548,0.2,0.12365625600796193,0.0003,0.40218257904052734,0.016544705,0.030594617128372192,0.9955297708511353,-1.0069653391838074
418.06,889,1820672,569,48.35054590000001,3195,-0.011684862358379178,0.0782470703125,3552,0.2,0.1559263642411679,0.0003,0.40139853954315186,0.010438593,0.006308816373348236,0.9932560920715332,-1.0025613270699978
418.22,890,1822720,569,48.32795473,3198,-0.007196569211373571,0.0870361328125,3556,0.2,0.16026493883691728,0.0003,0.4011850655078888,0.0081083905,0.013207487761974335,0.9842649698257446,-0.9998476915061474
416.17,891,1824768,569,48.32345531000001,3202,-0.013637373893288895,0.146484375,3560,0.2,0.2382448932621628,0.0003,0.4023141860961914,0.018456474,0.04987064749002457,0.9865261316299438,-1.001569727435708
416.49,892,1826816,569,48.41283026,3205,-0.011201877146959305,0.11669921875,3564,0.2,0.13832743954844773,0.0003,0.4017248749732971,0.013565896,0.011621082201600075,0.9873784184455872,-1.0039626099169254
416.89,893,1828864,569,48.46464416,3208,-0.01280719462374691,0.0960693359375,3568,0.2,0.09088150702882558,0.0003,0.40012460947036743,0.01234131,0.012416195124387741,0.9937931299209595,-0.9981725290417671
419.8,894,1830912,570,48.636159819999996,3211,-0.013889583613490686,0.130615234375,3572,0.2,0.0680869995849207,0.0003,0.39974239468574524,0.01524943,-0.0027092639356851578,0.9960219860076904,-0.9924382399767637
420.78,895,1832960,570,48.53418168,3215,-0.013350249020732008,0.09765625,3576,0.2,0.29274980910122395,0.0003,0.398836612701416,0.01208965,0.04908863455057144,0.9862766861915588,-0.9905843809247017
418.41,896,1835008,570,48.48891885,3218,-0.009732193590025418,0.0638427734375,3580,0.2,0.2272707603406161,0.0003,0.39801025390625,0.007660461,0.06421810388565063,0.988145649433136,-0.9853070713579655
418.22,897,1837056,570,48.41753760000002,3222,-0.010766611580038443,0.0794677734375,3584,0.2,0.09478377155028284,0.0003,0.3986547291278839,0.015440844,0.011280301958322525,0.9906122088432312,-0.9847202114760876
415.07,898,1839104,570,48.3199405,3225,-0.005317191811627708,0.1142578125,3588,0.2,0.3744821408763528,0.0003,0.39906442165374756,0.012788734,0.06554677337408066,0.9574283957481384,-0.988545436412096
414.6,899,1841152,570,48.20647447,3228,-0.01216340163955465,0.09716796875,3592,0.2,0.16499083954840899,0.0003,0.39852750301361084,0.012804944,0.04083671048283577,0.9885022640228271,-0.9887300506234169
416.47,900,1843200,570,48.246643869999986,3232,-0.012644222311791964,0.14208984375,3596,0.2,0.41029945807531476,0.0003,0.39841073751449585,0.014825023,0.10564975440502167,0.9693057537078857,-0.9858664274215698
416.12,901,1845248,570,48.174351859999994,3235,-0.014835109643172473,0.129150390625,3600,0.2,0.19744162098504603,0.0003,0.3982366621494293,0.018430097,0.039527688175439835,0.9923707842826843,-0.9865570403635502
415.68,902,1847296,570,48.11734278,3239,-0.009279153338866308,0.0897216796875,3604,0.2,0.17206347035244107,0.0003,0.3981930613517761,0.01037709,0.020018333569169044,0.9847781658172607,-0.9856413975358009
415.34,903,1849344,570,48.04151764,3242,-0.010295296626281925,0.126220703125,3608,0.2,0.15748337539844215,0.0003,0.39874523878097534,0.011719923,0.04869210720062256,0.9871441721916199,-0.9864835329353809
412.54,904,1851392,570,47.899422349999995,3245,-0.00616531210107496,0.079345703125,3612,0.2,0.19110367563553154,0.0003,0.3995663523674011,0.0089098,0.04632321745157242,0.986467182636261,-0.9905546400696039
407.83,905,1853440,570,47.67347565,3249,-0.00804457075719256,0.0830078125,3616,0.2,0.105026904377155,0.0003,0.39962702989578247,0.010987419,0.011982527561485767,0.9897245764732361,-0.9926840458065271
407.83,906,1855488,570,47.68802378,3252,-0.011287491783150472,0.1103515625,3620,0.2,0.38388377893716097,0.0003,0.3992535471916199,0.013951214,0.050389569252729416,0.9645793437957764,-0.9927035495638847
405.74,907,1857536,570,47.71181286,3255,-0.010274923188262619,0.0968017578125,3624,0.2,0.16411910019814968,0.0003,0.3990548253059387,0.01144644,0.03709397092461586,0.987389087677002,-0.9913751613348722
403.27,908,1859584,570,47.71920363,3259,-0.010606026160530746,0.1090087890625,3628,0.2,0.27697334391996264,0.0003,0.39814531803131104,0.008697061,0.08754818141460419,0.982684850692749,-0.9892200548201799
404.04,909,1861632,570,47.82292735000001,3262,-0.0155175773834344,0.090087890625,3632,0.2,0.09598433086648583,0.0003,0.3974390923976898,0.014486959,0.00025838054716587067,0.9913116693496704,-0.9843926094472408
403.05,910,1863680,570,47.680839889999994,3266,-0.016285558376694098,0.1065673828125,3636,0.2,0.0964996952097863,0.0003,0.3960478603839874,0.0117870215,0.00854768231511116,0.9931970834732056,-0.9806886445730925
405.27,911,1865728,570,47.626314789999995,3269,-0.009987023455323651,0.1131591796875,3640,0.2,0.17851709062233567,0.0003,0.39579105377197266,0.011387065,0.010855449363589287,0.9836981892585754,-0.9736988991498947
404.58,912,1867776,570,47.452857050000006,3273,-0.010499641124624759,0.0931396484375,3644,0.2,0.1564907853025943,0.0003,0.39637166261672974,0.01115436,0.04822900518774986,0.9938924908638,-0.9758406598120928
402.66,913,1869824,570,47.34319577,3276,-0.01674928388092667,0.130126953125,3648,0.2,0.11425431980751455,0.0003,0.3967283368110657,0.011887501,0.023412011563777924,0.9915886521339417,-0.9784376285970211
402.49,914,1871872,570,47.32435142,3279,-0.012976017125765793,0.1278076171875,3652,0.2,0.14125029928982258,0.0003,0.3970973491668701,0.01863122,0.04191652685403824,0.9888867139816284,-0.9804370142519474
403.27,915,1873920,570,47.38955472000001,3282,-0.01399817033961881,0.1253662109375,3656,0.2,0.10787572572007775,0.0003,0.3963392376899719,0.01282045,0.018052009865641594,0.9931376576423645,-0.9798526559025049
405.1,916,1875968,570,47.534076539999994,3285,-0.015018864665762521,0.1181640625,3660,0.2,0.11795898783020675,0.0003,0.39500296115875244,0.014001398,0.01397511176764965,0.995189368724823,-0.9744505807757378
405.79,917,1878016,570,47.540706410000006,3289,-0.012291544495383278,0.089599609375,3664,0.2,0.15520032797940075,0.0003,0.3944166898727417,0.0131332325,0.03615312650799751,0.9917129874229431,-0.9678824357688427
407.11,918,1880064,571,47.74711559,3292,-0.01308735906786751,0.1038818359375,3668,0.2,0.13929264072794467,0.0003,0.39414945244789124,0.009810376,0.006463516503572464,0.9917638301849365,-0.9662394467741251
407.59,919,1882112,571,47.83425509,3295,-0.01436328717682045,0.100830078125,3672,0.2,0.06641597137786448,0.0003,0.39339694380760193,0.016924767,0.010376987978816032,0.9958635568618774,-0.9645165111869574
405.62,920,1884160,571,47.78430194,3298,-0.011214376543648541,0.0972900390625,3676,0.2,0.09104043594561517,0.0003,0.3937094211578369,0.010772539,0.005571475252509117,0.9908128976821899,-0.9619993772357702
408.43,921,1886208,571,47.77641123,3302,-0.01010114312521182,0.1217041015625,3680,0.2,0.2777094980701804,0.0003,0.39253515005111694,0.014222828,0.11367498338222504,0.9904583096504211,-0.9624943602830172
409.01,922,1888256,571,47.890455509999995,3305,-0.009652346532675438,0.1005859375,3684,0.2,0.18566657870542258,0.0003,0.3920127749443054,0.011863379,0.036208365112543106,0.9849591851234436,-0.9555684830993414
409.01,923,1890304,571,47.85847301,3308,-0.012675218313233927,0.1280517578125,3688,0.2,0.09161730471532792,0.0003,0.39164999127388,0.014247945,0.0046109892427921295,0.9933276772499084,-0.9539284929633141
412.15,924,1892352,571,47.95189298,3312,-0.010891163794440217,0.088134765625,3692,0.2,0.1067567904246971,0.0003,0.39211225509643555,0.012687873,0.009761674329638481,0.9898741841316223,-0.9533195029944181
416.43,925,1894400,571,48.17876048000001,3315,-0.01587596963508986,0.127197265625,3696,0.2,0.26490675657987595,0.0003,0.3918917775154114,0.014163513,0.06348438560962677,0.9914301633834839,-0.9544159304350615
416.62,926,1896448,571,48.21752291999999,3318,-0.014814416117587825,0.0885009765625,3700,0.2,0.08468319661915302,0.0003,0.3912021517753601,0.011356831,0.006483420729637146,0.9951894283294678,-0.9522767681628466
418.02,927,1898496,571,48.18576845999999,3321,-0.011207278002984822,0.1156005859375,3704,0.2,0.1381683519575745,0.0003,0.39042532444000244,0.0120296385,0.055304545909166336,0.9917699694633484,-0.9480937141925097
417.68,928,1900544,571,48.084215910000005,3325,-0.013018176643527113,0.136962890625,3708,0.2,0.17544785840436816,0.0003,0.38949811458587646,0.016562767,0.03676363825798035,0.9918909668922424,-0.9432960152626038
418.52,929,1902592,571,47.70674754000001,3328,-0.01752286482224008,0.12548828125,3712,0.2,0.10806990717537701,0.0003,0.38848260045051575,0.016939336,0.01663004234433174,0.9929959177970886,-0.9390910118818283
418.85,930,1904640,571,47.783200040000004,3331,-0.003373828943949775,0.126953125,3716,0.2,0.7834186339750886,0.0003,0.3882330060005188,0.021372207,0.19494661688804626,0.9647925496101379,-0.934561125934124
417.12,931,1906688,571,47.87527152000001,3334,-0.01452363892167341,0.1036376953125,3720,0.2,0.09372457070276141,0.0003,0.3884238600730896,0.0126356445,0.013565531000494957,0.9921615719795227,-0.9345309697091579
418.13,932,1908736,571,48.09064679,3338,-0.011031359259504825,0.1153564453125,3724,0.2,0.08327067189384252,0.0003,0.38828808069229126,0.013799759,0.02726661041378975,0.9950743913650513,-0.9356358274817467
418.12,933,1910784,571,48.159182679999994,3341,-0.012556632762425579,0.0819091796875,3728,0.2,0.16980129154399037,0.0003,0.38691550493240356,0.013627877,0.038389913737773895,0.9856621026992798,-0.9321852549910545
421.89,934,1912832,571,48.20441177,3344,-0.014154272284940816,0.0958251953125,3732,0.2,0.064797677914612,0.0003,0.38626694679260254,0.013970176,0.00027238577604293823,0.9959951639175415,-0.9255968295037746
419.62,935,1914880,571,48.14772271999999,3347,-0.015401171884150244,0.1043701171875,3736,0.2,0.26396246952936053,0.0003,0.38640373945236206,0.015755903,0.06694067269563675,0.9893642663955688,-0.9255471024662256
417.44,936,1916928,572,47.73541628,3351,-0.011205705304746516,0.0650634765625,3740,0.2,0.12478896719403565,0.0003,0.38655534386634827,0.010953117,0.014830309897661209,0.99137282371521,-0.9249557834118605
415.85,937,1918976,572,47.72199252,3354,-0.0017827533883973956,0.1865234375,3744,0.2,0.9074729597195983,0.0003,0.38596105575561523,0.02585863,0.15174108743667603,0.9312816262245178,-0.923685958608985
415.05,938,1921024,572,47.58168500000001,3358,-0.010008075230871327,0.1123046875,3748,0.2,0.08346315764356405,0.0003,0.3864421248435974,0.009231365,0.020183121785521507,0.9932823181152344,-0.9228260703384876
415.19,939,1923072,572,47.59720482999999,3361,-0.016096625331556424,0.095458984375,3752,0.2,0.08959491003770381,0.0003,0.38666850328445435,0.012382971,0.0025150366127490997,0.9949133992195129,-0.9237652942538261
419.69,940,1925120,572,47.92722751000001,3364,-0.014749572219443507,0.0982666015625,3756,0.2,0.07000465434975922,0.0003,0.3863430619239807,0.012742226,0.009358366951346397,0.9957168698310852,-0.9242804944515228
417.08,941,1927168,572,47.92020590999999,3367,-0.009858011297183111,0.1083984375,3760,0.2,0.245292155072093,0.0003,0.3852805197238922,0.017148994,0.04926302656531334,0.9908694624900818,-0.9191838279366493
420.41,942,1929216,572,47.9135706,3371,-0.01587779598776251,0.1107177734375,3764,0.2,0.10422001453116536,0.0003,0.3837921619415283,0.015683573,0.008548248559236526,0.9943393468856812,-0.9132275991141796
418.33,943,1931264,572,47.55757197999999,3374,-0.018955153922433965,0.1068115234375,3768,0.2,0.16839070641435683,0.0003,0.3836135268211365,0.014411425,0.040599532425403595,0.9933064579963684,-0.9078202750533819
419.58,944,1933312,572,47.72899032,3377,-0.0032881591469049454,0.092041015625,3772,0.2,0.8856495311483741,0.0003,0.38436734676361084,0.004167065,0.24360230565071106,0.9219309091567993,-0.9093349222093821
416.74,945,1935360,572,47.749608310000006,3381,-0.014564310549758375,0.0888671875,3776,0.2,0.1384897717507556,0.0003,0.38332489132881165,0.012943646,0.011339396238327026,0.9951006770133972,-0.9104616660624743
416.98,946,1937408,572,47.813861530000004,3384,-0.011677834707370494,0.07861328125,3780,0.2,0.12706138519570231,0.0003,0.3829023241996765,0.013849605,0.027685893699526787,0.9893757104873657,-0.9041668586432934
420.25,947,1939456,572,47.82904669999999,3387,-0.014130295719951391,0.120361328125,3784,0.2,0.06863404589239508,0.0003,0.38383984565734863,0.01364154,-0.001756301149725914,0.9953675270080566,-0.9060712922364473
418.7,948,1941504,572,47.85431439999999,3391,-0.01686408468231093,0.1033935546875,3788,0.2,0.1839406955987215,0.0003,0.3834584355354309,0.013658876,0.04035471752285957,0.9931119084358215,-0.9086396060883999
420.24,949,1943552,572,48.163257189999996,3394,-0.015286180961993523,0.1129150390625,3792,0.2,0.049357269948814064,0.0003,0.38253939151763916,0.0113413315,-3.2432377338409424e-05,0.9970164895057678,-0.9045151397585869
417.26,950,1945600,572,48.170124379999976,3397,-0.007380162438494153,0.083740234375,3796,0.2,0.12188730214256793,0.0003,0.38235044479370117,0.011528596,0.02095995470881462,0.9905794858932495,-0.9006462432444096
417.48,951,1947648,572,48.21614792,3400,-0.009879532706690952,0.1121826171875,3800,0.2,0.16924331639893353,0.0003,0.382423996925354,0.01013946,0.06779807060956955,0.9886509776115417,-0.9003614988178015
416.67,952,1949696,572,48.05390187999999,3404,-0.016194303301745094,0.0943603515625,3804,0.2,0.05571519781369716,0.0003,0.3822746276855469,0.012324629,-0.001670297235250473,0.9967563152313232,-0.8990002162754536
416.03,953,1951744,572,47.91281704,3407,-0.013132497202605009,0.114990234375,3808,0.2,0.15275817667134106,0.0003,0.38270890712738037,0.013284996,0.04765186458826065,0.9859918355941772,-0.8993371333926916
412.07,954,1953792,572,47.848078459999996,3410,-0.0013543423847295344,0.1439208984375,3812,0.2,0.09141607000492513,0.0003,0.3828932046890259,0.01882263,0.012445980682969093,0.9924890995025635,-0.9011582173407078
412.28,955,1955840,572,47.89343920999999,3414,-0.013830870593665168,0.12255859375,3816,0.2,0.07808438607025892,0.0003,0.3823414444923401,0.012487047,0.023044660687446594,0.9946714043617249,-0.9004609547555447
414.0,956,1957888,572,48.21211487999999,3417,-0.010962800108245574,0.0889892578125,3820,0.2,0.04005659424001351,0.0003,0.3815552294254303,0.010863502,-0.012652707286179066,0.9976476430892944,-0.895965525880456
414.08,957,1959936,572,48.270799309999994,3420,-0.01207833165244665,0.0904541015625,3824,0.2,0.05249542696401477,0.0003,0.3810548484325409,0.013428062,-0.0070699285715818405,0.9960601329803467,-0.8928897231817245
414.47,958,1961984,572,48.396269829999994,3424,-0.009385432145791128,0.10986328125,3828,0.2,0.04347794916247949,0.0003,0.3795803487300873,0.013074295,-0.0006788186728954315,0.9966352581977844,-0.8870476707816124
414.78,959,1964032,573,48.42796957999999,3427,-0.01150159802637063,0.0618896484375,3832,0.2,0.06844754703342915,0.0003,0.37811079621315,0.009695162,-0.003310002386569977,0.9938832521438599,-0.8788863252848387
410.93,960,1966080,573,48.26792329,3430,-0.013582000057795085,0.1297607421875,3836,0.2,0.05906064307782799,0.0003,0.3775781989097595,0.017204724,-0.008517147973179817,0.9966759085655212,-0.8727400042116642
413.13,961,1968128,573,48.25697496,3433,-0.013159299000108149,0.12841796875,3840,0.2,0.03433191531803459,0.0003,0.3766133189201355,0.018025722,-0.0013707056641578674,0.997804582118988,-0.869554178789258
410.31,962,1970176,573,48.33554978000001,3437,-0.015703014636528678,0.132568359375,3844,0.2,0.15649277321062982,0.0003,0.37616488337516785,0.014472433,0.028621584177017212,0.9936938881874084,-0.8649625480175018
412.58,963,1972224,573,48.73080022999999,3440,-0.01312704200609005,0.083984375,3848,0.2,0.05324980232398957,0.0003,0.37646567821502686,0.0114834625,0.0006997399032115936,0.9966686367988586,-0.8635216858237982
409.9,964,1974272,573,48.710221819999994,3443,-0.016303370211971924,0.1202392578125,3852,0.2,0.05201287136878818,0.0003,0.37579506635665894,0.014427919,-0.024524250999093056,0.9968622326850891,-0.8637816421687603
411.0,965,1976320,573,48.74632653,3446,-0.011699501737894025,0.087646484375,3856,0.2,0.04889904079027474,0.0003,0.3750208020210266,0.011984721,-0.007976410910487175,0.9968211054801941,-0.8585705421864986
415.03,966,1978368,573,48.78984778,3450,-0.01596302642428782,0.12744140625,3860,0.2,0.10768472380004823,0.0003,0.3740755319595337,0.018846443,0.036324091255664825,0.9949201345443726,-0.8539344184100628
412.0,967,1980416,573,48.790743320000004,3453,-0.01296195933537092,0.1114501953125,3864,0.2,0.1729857784230262,0.0003,0.373190701007843,0.016751546,0.0364563912153244,0.9929900169372559,-0.8490373138338327
415.4,968,1982464,573,48.79160451,3456,-0.01374339904577937,0.1131591796875,3868,0.2,0.07415399118326604,0.0003,0.37339693307876587,0.014869583,0.013998979702591896,0.9949213862419128,-0.8461938463151455
415.64,969,1984512,573,48.81756146,3459,-0.02004108703113161,0.0924072265625,3872,0.2,0.14443718898110092,0.0003,0.37257206439971924,0.015346136,0.027233395725488663,0.9950591325759888,-0.8467198796570301
416.05,970,1986560,573,48.876352559999994,3462,-0.012172821559943259,0.094970703125,3876,0.2,0.07192751427646726,0.0003,0.37285104393959045,0.012426288,0.0001559518277645111,0.9949489831924438,-0.8431155234575272
416.65,971,1988608,573,48.948533069999996,3465,-0.015626144071575254,0.09716796875,3880,0.2,0.05262604739982635,0.0003,0.3728896975517273,0.01341729,0.0068044159561395645,0.9965431690216064,-0.8455480951815844
418.25,972,1990656,573,49.002399189999984,3469,-0.013601334721897729,0.14599609375,3884,0.2,0.07876897661481053,0.0003,0.3710987865924835,0.0110694785,0.0063410792499780655,0.9941913485527039,-0.8420937340706587
418.81,973,1992704,573,49.13401737,3472,-0.017297968166531064,0.114990234375,3888,0.2,0.09411362325772643,0.0003,0.371510773897171,0.015572221,0.0024917759001255035,0.9960735440254211,-0.8362184353172779
419.05,974,1994752,573,49.151825790000004,3475,-0.015681373843108304,0.1175537109375,3892,0.2,0.0526130959042348,0.0003,0.3720892071723938,0.019067496,0.004586849361658096,0.9969068765640259,-0.8408102989196777
419.42,975,1996800,573,49.214183160000005,3479,-0.007953022337460425,0.074462890625,3896,0.2,0.1726657161489129,0.0003,0.3724291920661926,0.0106014665,0.033113494515419006,0.9857509732246399,-0.8428466580808163
419.78,976,1998848,573,49.26241022,3482,-0.013471866011968814,0.12451171875,3900,0.2,0.05876411928329617,0.0003,0.3730568289756775,0.018838514,-0.007126059383153915,0.9967672824859619,-0.84557837061584
420.37,977,2000896,573,49.35093416000001,3485,-0.01931407472875435,0.1102294921875,3904,0.2,0.036995925911469385,0.0003,0.37282025814056396,0.017226383,-0.026401279494166374,0.9975176453590393,-0.8481890447437763
