#{"t_start": 1791259014.3339791, "env_id": "f1tenth-v0"}
r,l,t,track_name,laps,progress_m
-2.655355,99,4.675734,synthetic_track_0,0.014291004555822065,2.3446445612556426
-1.27446,130,4.85463,synthetic_track_0,0.02270779570727583,3.725540041303686
3.676154,224,5.155774,synthetic_track_0,0.052882620910095615,8.676153521432227
3.301261,202,5.438058,synthetic_track_0,0.05059758932390432,8.301261269461168
-0.046738,155,5.654818,synthetic_track_0,0.030190967035867863,4.953261779687682
3.118971,203,5.919881,synthetic_track_0,0.049486501740475905,8.118971392679708
2.747952,185,6.187833,synthetic_track_0,0.047225073522010726,7.747951612202882
2.189278,173,6.426871,synthetic_track_0,0.04381986247446961,7.18927783028933
-1.988716,128,6.619534,synthetic_track_0,0.01835428668604011,3.0112843562574403
0.944422,167,6.853924,synthetic_track_0,0.03623225548795021,5.944421922197104
-1.043858,121,7.024289,synthetic_track_0,0.024113353081347797,3.9561419167546332
1.312361,185,7.271671,synthetic_track_0,0.03847490690133445,6.312361098106292
-2.442642,98,8.701582,synthetic_track_0,0.015587531178110693,2.5573583758512544
0.199335,142,8.914374,synthetic_track_0,0.031690825169053236,5.199335049127336
2.147755,174,9.141849,synthetic_track_0,0.043566771431379034,7.147754609485157
3.198094,213,9.425955,synthetic_track_0,0.04996876910556351,8.198094280801879
-2.435874,113,9.57294,synthetic_track_0,0.01562877912179956,2.5641256934639043
0.113535,145,9.758152,synthetic_track_0,0.031167859460680288,5.113535013232707
-0.054613,145,9.977306,synthetic_track_0,0.03014296616539805,4.945386547443302
0.806426,156,10.175833,synthetic_track_0,0.035391149534799465,5.806426409649931
-0.442404,139,10.357525,synthetic_track_0,0.027779319613541204,4.557596381196097
-2.683826,96,10.486403,synthetic_track_0,0.014117469962807739,2.316173718767877
2.371545,198,10.76889,synthetic_track_0,0.0449308086130627,7.371544501013963
2.032059,185,11.032484,synthetic_track_0,0.04286158669289063,7.032058924460431
3.668712,211,11.329378,synthetic_track_0,0.05283726168842665,8.66871168961603
-1.055335,126,12.805994,synthetic_track_0,0.02404340005418709,3.9446651179029453
-0.809877,141,12.990686,synthetic_track_0,0.025539505667492565,4.190122732558288
2.16087,181,13.263252,synthetic_track_0,0.04364671110812129,7.160869861640466
7.252447,240,13.613737,synthetic_track_0,0.07468073620491944,12.252447425194974
2.615451,192,13.866832,synthetic_track_0,0.04641746241042665,7.615451409506228
2.380058,189,14.103949,synthetic_track_0,0.04498269903699663,7.380057870370379
1.900817,185,14.342347,synthetic_track_0,0.04206164499794591,6.900816999720462
4.224658,223,14.65396,synthetic_track_0,0.056225849351827416,9.22465816659716
-0.579067,131,14.828812,synthetic_track_0,0.02694633307282484,4.4209329748791415
0.820455,171,15.04495,synthetic_track_0,0.0354766587029668,5.820455416868977
2.85162,215,15.31961,synthetic_track_0,0.04785695042396572,7.8516200937126905
3.525845,223,16.938185,synthetic_track_0,0.051966462298940176,8.525844542346636
7.250492,250,17.286948,synthetic_track_0,0.07466881851406766,12.250492156835133
3.015451,213,17.566353,synthetic_track_0,0.04885552975602595,8.015451375884068
2.147755,175,17.814538,synthetic_track_0,0.04356677143137903,7.1477546094851565
3.315451,206,18.092616,synthetic_track_0,0.05068408036594198,8.315451367191445
3.283148,210,18.375787,synthetic_track_0,0.05048718666784006,8.283148128003678
3.215451,181,18.604748,synthetic_track_0,0.05007456355961145,8.215451380530284
4.492495,213,18.90299,synthetic_track_0,0.0578583595264416,9.492494908734667
4.119436,218,19.190099,synthetic_track_0,0.05558450078236545,9.11943572198983
4.072045,209,19.471713,synthetic_track_0,0.05529564792012123,9.072045261101053
2.422541,181,21.049974,synthetic_track_0,0.0452416379821972,7.422540523510004
4.355149,232,21.386605,synthetic_track_0,0.057021210500297896,9.355148586896945
3.465049,195,21.664641,synthetic_track_0,0.05159590564749585,8.465049401315625
2.931737,203,21.927998,synthetic_track_0,0.04834527636317557,7.931736977939838
4.498237,200,22.210761,synthetic_track_0,0.05789335716745305,9.49823677441904
2.764536,192,22.491366,synthetic_track_0,0.04732615757263792,7.764535902593873
12.475999,318,22.915627,synthetic_track_0,0.10651916538224131,17.47599903193761
3.474687,187,23.171572,synthetic_track_0,0.051654650503597556,8.474687338720416
3.095396,180,23.423915,synthetic_track_0,0.04934280832826346,8.095396424515911
-1.602618,119,23.57839,synthetic_track_0,0.02070761702255473,3.3973819992043826
4.6099,188,25.117851,synthetic_track_0,0.05857396459828601,9.60990019911528
6.620175,233,25.44664,synthetic_track_0,0.07082692919374621,11.620175032195489
12.539377,334,25.895952,synthetic_track_0,0.10690546680631423,17.53937732906291
8.678442,256,26.23596,synthetic_track_0,0.08337241300846603,13.678441844693294
1.312361,148,26.424783,synthetic_track_0,0.038474906901334455,6.312361098106293
23.356493,470,27.082836,synthetic_track_0,0.17283761139810008,28.356492642770746
2.979178,185,27.324789,synthetic_track_0,0.048634440269178104,7.979178470024737
7.668807,242,27.671649,synthetic_track_0,0.07721851916062525,12.668807169641267
4.029562,208,29.304582,synthetic_track_0,0.05503670680004024,9.029562251141057
20.299905,419,29.946987,synthetic_track_0,0.1542071942689391,25.299905121215755
24.321784,424,30.561609,synthetic_track_0,0.17872122716178726,29.321784316072126
8.472829,248,30.938943,synthetic_track_0,0.08211916857223969,13.472829094389827
4.959643,188,31.211293,synthetic_track_0,0.06070570648001246,9.959643073345529
16.441713,353,31.794981,synthetic_track_0,0.13069085875863856,21.44171251204564
18.526187,365,33.81436,synthetic_track_0,0.1433960817690077,23.526186833948092
5.939999,190,34.091911,synthetic_track_0,0.06668114403533157,10.939999430414492
5.703547,186,34.369499,synthetic_track_0,0.0652399236986601,10.703546533716535
8.132351,236,34.720309,synthetic_track_0,0.08004389483998656,13.132350631141298
5.44955,191,34.993735,synthetic_track_0,0.06369177122476853,10.449549884025068
28.278032,462,35.636243,synthetic_track_0,0.20283522605136545,33.278032186942795
4.546405,183,35.922361,synthetic_track_0,0.058186950484511155,9.546404975007908
5.274818,205,36.224198,synthetic_track_0,0.062626748375693,10.274817588548986
5.571629,210,36.503738,synthetic_track_0,0.06443586677514525,10.571629446621984
3.095851,168,36.730857,synthetic_track_0,0.049345581520579745,8.095851406547181
3.016419,172,38.25954,synthetic_track_0,0.04886142771130642,8.016419020161058
8.207671,244,38.597808,synthetic_track_0,0.08050298641407812,13.207671197873156
5.470562,182,38.86807,synthetic_track_0,0.06381984464339675,10.470562167889026
2.70956,161,39.107858,synthetic_track_0,0.04699106897447531,7.709559805136773
-0.751362,119,39.271827,synthetic_track_0,0.02589616379754239,4.248637621527955
38.648425,581,40.110878,synthetic_track_0,0.2660445240436023,43.648425407334585
46.560405,629,42.361079,synthetic_track_0,0.3142693763023129,51.560405081267206
21.30298,351,42.922594,synthetic_track_0,0.16032110528729268,26.302980038810944
14.600151,326,43.404908,synthetic_track_0,0.11946623252172461,19.60015135686527
5.307517,202,43.684021,synthetic_track_0,0.06282605832476797,10.30751724841386
10.400497,286,44.058728,synthetic_track_0,0.09386862913534035,15.40049685905642
40.65337,580,44.862729,synthetic_track_0,0.2782649998570024,45.653369989076516
8.324321,229,45.192805,synthetic_track_0,0.08121398575664798,13.32432085221349
5.268225,206,46.729703,synthetic_track_0,0.06258656540931175,10.26822499576008
13.208813,279,47.161681,synthetic_track_0,0.11098579212379205,18.208813303728565
11.624958,276,47.557429,synthetic_track_0,0.10133192846503661,16.62495831059702
8.179746,238,47.897782,synthetic_track_0,0.08033277686730748,13.179745876979814
21.108591,350,48.384819,synthetic_track_0,0.15913627130448468,26.108591005980504
24.477118,380,48.902909,synthetic_track_0,0.17966801005139277,29.47711764789862
21.701895,372,50.725037,synthetic_track_0,0.1627525582904338,26.70189482730571
43.912036,607,51.584325,synthetic_track_0,0.2981271177335497,48.91203570934549
16.161006,312,52.039387,synthetic_track_0,0.12897990495057188,21.161005965142408
38.185867,529,52.768238,synthetic_track_0,0.2632251543725619,43.18586731776481
37.262922,517,53.480315,synthetic_track_0,0.2575996462423336,42.26292190897158
26.748021,452,55.654757,synthetic_track_0,0.19350955078821722,31.74802121393048
36.163848,502,56.414333,synthetic_track_0,0.25090060246971474,41.16384755868838
37.599827,524,57.166847,synthetic_track_0,0.2596531410945671,42.59982723413952
29.919408,487,57.862476,synthetic_track_0,0.21283968986692248,34.91940817152104
24.505478,412,59.827243,synthetic_track_0,0.17984087156620548,29.505478062239888
49.078276,634,60.718871,synthetic_track_0,0.3296162269231162,54.07827635476072
47.189012,631,61.722314,synthetic_track_0,0.3181008399859894,52.18901173047025
46.830343,653,64.182338,synthetic_track_0,0.31591469117790577,51.830342618516134
31.370193,463,64.84084,synthetic_track_0,0.22168246986039902,36.37019323964548
47.543678,596,65.773562,synthetic_track_0,0.32026259256348066,52.543678290388904
57.41434,745,66.900019,synthetic_track_0,0.38042594428762533,62.41434027611043
49.776554,645,69.770952,synthetic_track_0,0.3338723494910771,54.77655439337078
47.228102,614,70.940023,synthetic_track_0,0.3183391008772064,52.22810185185183
5.519524,186,71.223865,synthetic_track_0,0.06411827267820992,10.519523573367403
47.563495,585,72.12705,synthetic_track_0,0.32038338088981944,52.563495350225885
5.683246,182,73.834296,synthetic_track_0,0.06511618790716062,10.683245899885046
35.192683,477,74.728163,synthetic_track_0,0.2449811910750149,40.19268309798128
48.230989,602,75.753563,synthetic_track_0,0.32445186865887554,53.23098920504845
51.784994,639,76.611994,synthetic_track_0,0.34611412543427966,56.78499356734381
54.275857,688,79.034392,synthetic_track_0,0.3612963556694026,59.275856502098804
42.400204,526,79.935609,synthetic_track_0,0.28891224928096576,47.40020418514132
31.147989,429,80.561873,synthetic_track_0,0.2203280945455114,36.14798851613943
50.055409,619,81.522212,synthetic_track_0,0.3355720160450895,55.055409104125864
3.084774,157,83.186866,synthetic_track_0,0.04927806436621773,8.08477424761493
5.081692,182,83.494201,synthetic_track_0,0.061449614031918884,10.081691792093142
48.18445,584,84.386387,synthetic_track_0,0.324168205358186,53.18445016627118
13.693452,255,84.756473,synthetic_track_0,0.11393974442573088,18.693451606928033
46.622251,588,85.632054,synthetic_track_0,0.31464633656573365,51.622250826819005
5.992235,179,86.050622,synthetic_track_0,0.06699953158558512,10.99223548108242
28.519722,402,88.555792,synthetic_track_0,0.20430836769569305,33.519722232652335
8.100841,202,88.912513,synthetic_track_0,0.07985183851031592,13.100841031724544
38.855758,475,89.701771,synthetic_track_0,0.26730824943317094,43.855757708573385
48.877642,611,90.765863,synthetic_track_0,0.32839332694021145,53.87764204786665
48.85103,582,93.344522,synthetic_track_0,0.3282311193571203,53.85102956404835
32.382179,421,94.13835,synthetic_track_0,0.22785069512375128,37.38217918925647
28.675741,404,94.800877,synthetic_track_0,0.20525932816057946,33.675740955706814
30.069842,386,95.460677,synthetic_track_0,0.2137566081161679,35.06984178014609
26.168033,364,96.138678,synthetic_track_0,0.1899744233178873,31.168032776849074
5.270742,170,96.45962,synthetic_track_0,0.06260190822265826,10.270742204660738
47.603176,580,99.016621,synthetic_track_0,0.32062524377416873,52.6031764303168
5.405828,167,99.29302,synthetic_track_0,0.06342528067787777,10.40582828216336
48.638256,581,100.429884,synthetic_track_0,0.32693422755130697,53.63825583585032
49.736212,608,101.406856,synthetic_track_0,0.3336264584476281,54.7362124359225
48.723067,557,103.631872,synthetic_track_0,0.3274511648364933,53.72306682233403
48.882516,583,104.600427,synthetic_track_0,0.32842303453893645,53.88251600613225
27.800531,371,105.182886,synthetic_track_0,0.1999247746122497,32.80053082509897
48.031192,586,106.218564,synthetic_track_0,0.32323407186886705,53.03119215024696
23.490438,348,108.579758,synthetic_track_0,0.17365403266898255,28.49043827864196
49.394112,584,109.711288,synthetic_track_0,0.33154130041794994,54.39411231171173
26.758715,344,110.378284,synthetic_track_0,0.19357473290317823,31.758715276110465
25.062003,346,110.962042,synthetic_track_0,0.1832329853912859,30.062003056691363
5.828786,174,111.264013,synthetic_track_0,0.06600328103984464,10.82878626975551
10.338234,221,111.672074,synthetic_track_0,0.09348912411246849,15.338233609165899
47.212555,534,114.451131,synthetic_track_0,0.318244341333561,52.21255518767106
48.58526,554,115.526145,synthetic_track_0,0.32661120697078605,53.58525967002212
48.231192,540,116.590011,synthetic_track_0,0.324453105392519,53.23119210896605
28.132685,391,117.420764,synthetic_track_0,0.20194930854288334,33.132684695108324
47.775343,529,120.224524,synthetic_track_0,0.3216746300357002,52.77534331901559
48.918041,553,121.358951,synthetic_track_0,0.3286395628979087,53.918040593451416
6.196209,187,121.749032,synthetic_track_0,0.0682427869615003,11.196209382567448
47.650534,521,122.703922,synthetic_track_0,0.32091389735847,52.65053419679678
6.386971,185,122.975752,synthetic_track_0,0.06940550995829031,11.386970790558179
30.956467,400,123.639262,synthetic_track_0,0.21916073750948417,35.956466827452424
30.231843,388,125.752999,synthetic_track_0,0.2147440353823808,35.23184340573639
40.066584,458,126.554069,synthetic_track_0,0.2746884414314849,45.06658420871747
50.120938,547,127.69332,synthetic_track_0,0.3359714280022783,55.1209383725174
32.607403,405,128.481709,synthetic_track_0,0.22922347475839544,37.607403405762625
49.012156,527,131.196553,synthetic_track_0,0.32921321028782286,54.01215568715159
5.492931,165,131.499774,synthetic_track_0,0.06395618362994834,10.492930536890425
44.71168,518,132.354943,synthetic_track_0,0.30300108574985574,49.71168016796476
49.370038,579,133.322905,synthetic_track_0,0.3313945640080911,54.370038096077
43.006045,527,134.252958,synthetic_track_0,0.29260495034225525,48.00604483307311
28.674738,358,136.271268,synthetic_track_0,0.2052532179979857,33.67473849577211
29.916813,382,136.907219,synthetic_track_0,0.2128238741948321,34.91681338335171
50.351131,565,137.854007,synthetic_track_0,0.33737449235069816,55.35113123130241
44.567459,482,138.655835,synthetic_track_0,0.30212203260846243,49.56745887414516
49.808956,547,141.235646,synthetic_track_0,0.3340698415378379,54.80895580025022
47.018388,521,142.056467,synthetic_track_0,0.317060857876275,52.018387727950305
48.709272,540,142.933281,synthetic_track_0,0.32736708517056845,53.70927234549003
57.61434,611,144.116503,synthetic_track_0,0.3816449780238199,62.6143402697002
49.827367,534,146.610334,synthetic_track_0,0.3341820592993221,54.82736673582248
25.335248,336,147.13638,synthetic_track_0,0.18489845754201906,30.33524768444906
28.946361,375,147.744716,synthetic_track_0,0.20690880314030663,33.94636101779118
121.884056,1711,151.753276,synthetic_track_0,0.773379747481329,126.88405574530678
54.575856,569,152.681635,synthetic_track_0,0.3631249061964728,59.575856479814135
49.466586,556,153.592062,synthetic_track_0,0.3319830376323982,54.4665856464808
43.535899,475,155.798831,synthetic_track_0,0.2958345004687627,48.53589891784655
41.011993,450,156.451964,synthetic_track_0,0.2804508676947375,46.01199300380932
50.337108,666,157.587033,synthetic_track_0,0.3372890194755259,55.337108178470494
46.660405,525,158.478977,synthetic_track_0,0.31487889325897594,51.660405092592576
48.933222,546,160.817354,synthetic_track_0,0.32873209434471296,53.933221706342906
54.59697,575,161.704365,synthetic_track_0,0.36325359624395304,59.596969930498
51.07133,542,162.553879,synthetic_track_0,0.34176422753591934,56.07133033887238
48.146988,512,164.803302,synthetic_track_0,0.3239398698995712,53.14698845466848
40.303943,433,165.464364,synthetic_track_0,0.2761351814835904,45.30394269401289
34.621176,419,166.181064,synthetic_track_0,0.24149775885530086,39.621176009270165
12.533162,220,166.519064,synthetic_track_0,0.10686758150770692,17.53316170167407
37.85154,440,167.258176,synthetic_track_0,0.2611873719541562,42.8515398430464
48.263495,536,169.666446,synthetic_track_0,0.3246499991570043,53.263495359044974
48.773498,536,170.496475,synthetic_track_0,0.32775855072826415,53.773497892909376
47.307939,511,171.351527,synthetic_track_0,0.3188257211950956,52.30793890440322
47.953714,495,172.13102,synthetic_track_0,0.32276182723367997,52.95371363492296
49.722902,546,174.563596,synthetic_track_0,0.3335453298575816,54.722902125463094
45.744962,494,175.439967,synthetic_track_0,0.3092991103813684,50.74496156825054
50.643086,563,176.400942,synthetic_track_0,0.33915400666799367,55.64308611448966
13.025738,227,176.797873,synthetic_track_0,0.10986991819606264,18.025738158417532
50.01618,588,177.900057,synthetic_track_0,0.3353329057772374,55.01617963030756
48.503406,578,180.466461,synthetic_track_0,0.32611229609110937,53.50340617427828
50.166306,524,181.312982,synthetic_track_0,0.3362479509490303,55.16630593367323
47.730841,483,182.235605,synthetic_track_0,0.32140338047653894,52.73084093283649
46.728102,491,183.157854,synthetic_track_0,0.3152915163597748,51.72810183884702
48.798889,537,185.506386,synthetic_track_0,0.3279133130107494,53.7988888682253
50.032439,533,186.338029,synthetic_track_0,0.33543200852339056,55.03243885924181
48.131192,529,187.184209,synthetic_track_0,0.3238435885080499,53.13119210948514
53.80816,547,189.519379,synthetic_track_0,0.35844566469035494,58.80815970207773
50.368994,526,190.349959,synthetic_track_0,0.3374833683559022,55.36899390375877
34.071678,392,190.962467,synthetic_track_0,0.23814847271708173,39.07167751198887
47.418986,509,191.796752,synthetic_track_0,0.31950256952111095,52.418985593961544
47.98671,500,192.666854,synthetic_track_0,0.3229629443001441,52.98670977835143
25.598376,353,194.78204,synthetic_track_0,0.18650226800978695,30.598375827460178
27.564662,345,195.319954,synthetic_track_0,0.19848711263481522,32.5646617283431
48.536035,509,196.158872,synthetic_track_0,0.3263111750285559,53.53603512049482
11.196818,220,196.496496,synthetic_track_0,0.0987223381877147,16.196817543660117
45.058991,447,197.139956,synthetic_track_0,0.3051180055816688,50.05899127201536
49.637048,534,199.667841,synthetic_track_0,0.33302203558759585,54.6370481843167
28.361806,344,200.340114,synthetic_track_0,0.20334583875445136,33.36180553489199
48.675868,519,201.299753,synthetic_track_0,0.3271634779195816,53.6758676515237
38.362312,423,202.138494,synthetic_track_0,0.2643006173653941,43.36231246877755
42.675727,450,203.044261,synthetic_track_0,0.29059160715630833,47.67572696546397
47.616105,525,205.705867,synthetic_track_0,0.32070404704024086,52.616105237979234
49.223896,508,206.576444,synthetic_track_0,0.3305038021451401,54.22389581831171
48.60476,520,207.55438,synthetic_track_0,0.3267300622414353,53.60475958430847
48.318228,530,210.237313,synthetic_track_0,0.3249836025180352,53.31822778201793
47.595799,495,211.108081,synthetic_track_0,0.3205802745879214,52.595798589413654
47.128102,493,212.021845,synthetic_track_0,0.31772958392054335,52.12810184052646
39.132859,439,212.771154,synthetic_track_0,0.2689972267610451,44.13285869824951
47.736561,498,213.569728,synthetic_track_0,0.32143824736679066,52.73656134698074
30.934945,373,215.606681,synthetic_track_0,0.21902955801053126,35.93494494649809
47.395799,515,216.531821,synthetic_track_0,0.31936124089567075,52.395798603033526
47.81465,521,217.332921,synthetic_track_0,0.3219142086561283,52.814649632801
48.163495,483,218.129001,synthetic_track_0,0.32404048220615184,53.16349534867291
48.657206,487,220.367016,synthetic_track_0,0.3270497338428617,53.65720630201432
49.835997,503,221.206471,synthetic_track_0,0.33423466006216673,54.8359966464799
28.582115,370,221.83904,synthetic_track_0,0.20468866202498787,33.58211497959847
48.9031,511,222.666498,synthetic_track_0,0.32854849468190794,53.90309954458985
27.58372,353,223.303715,synthetic_track_0,0.19860327510969344,32.58371985080617
49.105964,476,225.53796,synthetic_track_0,0.32978498717660154,54.10596389827419
47.095799,474,226.343673,synthetic_track_0,0.31753269015605784,52.095798590447515
49.422881,497,227.265897,synthetic_track_0,0.33171664958045083,54.4228808603867
33.21065,364,227.960943,synthetic_track_0,0.23290036243213727,38.210649640337124
43.409135,451,230.18846,synthetic_track_0,0.2950618544752377,48.409135244976795
25.378631,319,230.662066,synthetic_track_0,0.18516288443304663,30.37863071392581
26.858715,334,231.164927,synthetic_track_0,0.1941842497217073,31.858715264772975
47.963495,459,231.849721,synthetic_track_0,0.3228214485139013,52.9634953622928
41.767648,437,232.531166,synthetic_track_0,0.28505671079158446,46.76764771827232
35.996723,389,234.497956,synthetic_track_0,0.24988195112925823,40.99672317524229
32.305459,372,235.027825,synthetic_track_0,0.22738307202610003,37.30545890354507
46.382452,465,235.696223,synthetic_track_0,0.3131847199384885,51.38245162569741
47.719756,530,236.609958,synthetic_track_0,0.32133581616800594,52.71975603758521
49.455088,508,237.522012,synthetic_track_0,0.3319129572680343,54.45508795613196
48.572104,467,239.926568,synthetic_track_0,0.3265310205217733,53.57210393133141
49.930937,473,240.749484,synthetic_track_0,0.334813337053764,54.93093691857712
49.537085,478,241.533048,synthetic_track_0,0.33241274573432716,54.53708543256509
48.787493,502,242.284973,synthetic_track_0,0.3278438529206115,53.78749294277233
49.304214,488,244.61654,synthetic_track_0,0.3309933575108074,54.30421440760764
25.170567,317,245.117155,synthetic_track_0,0.1838947022724151,30.170567215380864
28.571194,336,245.646749,synthetic_track_0,0.20462209801176973,33.571194197160985
47.095799,480,246.517147,synthetic_track_0,0.31753269015605784,52.095798590447515
50.63361,496,247.299178,synthetic_track_0,0.33909624525284765,55.63360952469896
22.02436,285,249.320055,synthetic_track_0,0.16471803843426833,27.02436007539215
49.985098,497,250.056404,synthetic_track_0,0.33514345720578975,54.985097871082914
20.955027,277,250.599777,synthetic_track_0,0.15820027182500845,25.955026847469476
35.461553,395,251.350925,synthetic_track_0,0.24662000050275112,40.46155332307059
49.613638,472,252.245817,synthetic_track_0,0.3328793445257107,54.61363766612101
12.68631,221,253.029415,synthetic_track_0,0.10780104838966165,17.68631035118561
49.090939,490,255.994384,synthetic_track_0,0.32969340579131434,54.09093865662045
28.085096,350,256.625769,synthetic_track_0,0.20165924925243503,33.08509630234455
22.300108,292,257.101665,synthetic_track_0,0.16639876573537116,27.30010752968004
43.21393,437,257.849992,synthetic_track_0,0.2938720429181461,48.213929569591485
22.086223,294,258.419003,synthetic_track_0,0.16509510040527553,27.086222507534345
30.749165,354,260.682099,synthetic_track_0,0.21789720064915827,35.74916545714377
47.301109,472,261.981097,synthetic_track_0,0.31878409366034544,52.301109309424845
50.043215,496,263.464049,synthetic_track_0,0.3354976892642859,55.04321472816817
50.080422,486,264.596413,synthetic_track_0,0.33572447350425927,55.08042194007235
41.749189,439,265.587891,synthetic_track_0,0.2849442020613064,46.74918904509019
48.979857,472,268.17397,synthetic_track_0,0.3290163433901644,53.9798568449615
49.742516,487,269.094853,synthetic_track_0,0.33366487778188314,54.74251567952978
25.215817,310,269.714667,synthetic_track_0,0.1841705080536945,30.21581711524015
43.218399,435,270.555602,synthetic_track_0,0.29389928333595344,48.21839875139104
49.194753,480,273.13086,synthetic_track_0,0.33032617378434703,54.19475333442043
54.109853,520,273.95769,synthetic_track_0,0.360284534174697,59.109852652946266
31.300363,343,274.625008,synthetic_track_0,0.22125684054696323,36.30036263739775
47.304498,462,275.470041,synthetic_track_0,0.31880475005944947,52.304498288388864
49.610691,470,276.304595,synthetic_track_0,0.3328613819289349,54.610690644120425
50.547779,490,278.795806,synthetic_track_0,0.3385730962886439,55.54777942305316
27.872011,330,279.450149,synthetic_track_0,0.20036045600600896,32.87201061550333
42.60783,455,280.266687,synthetic_track_0,0.29017776564006126,47.60783032065497
43.376287,421,281.040112,synthetic_track_0,0.2948616362137091,48.376286563407675
29.433332,333,281.701684,synthetic_track_0,0.2098769733651741,34.433331975461286
37.271761,386,283.989103,synthetic_track_0,0.257653520281193,42.271760718847474
47.603162,456,284.762054,synthetic_track_0,0.32062515830169397,52.60316240732966
43.966144,425,285.553972,synthetic_track_0,0.29845691599079,48.96614385038831
47.516056,452,286.484974,synthetic_track_0,0.3200942274488475,52.51605557507958
51.182051,478,287.326505,synthetic_track_0,0.34243908939015727,56.182051119203614
48.295645,479,289.731997,synthetic_track_0,0.32484595769955193,53.295645172532275
32.363733,360,290.442447,synthetic_track_0,0.22773826490661264,37.36373339728256
30.75263,358,291.151363,synthetic_track_0,0.21791831968250125,35.752630337899575
50.722217,497,291.965899,synthetic_track_0,0.3396363221298912,55.722216893584324
33.089165,356,292.610522,synthetic_track_0,0.23215989603216727,38.08916549199047
49.777946,487,295.149071,synthetic_track_0,0.33388083313616723,54.7779462571997
41.336468,422,295.932991,synthetic_track_0,0.282428596982612,46.336467899911845
42.927241,428,296.678153,synthetic_track_0,0.2921246298985051,47.927241365360274
48.264398,472,297.619107,synthetic_track_0,0.3246554989540107,53.26439767973829
51.1216,478,300.005735,synthetic_track_0,0.34207063189513814,56.12160037493466
49.817272,510,300.866692,synthetic_track_0,0.334120531848771,54.817272273831435
46.11757,530,301.737969,synthetic_track_0,0.3115702204013229,51.11756978732287
47.563495,471,302.649995,synthetic_track_0,0.32038338088981944,52.563495350225885
32.383829,358,303.237308,synthetic_track_0,0.22786075387498683,37.38382947187203
50.116844,490,305.628872,synthetic_track_0,0.3359464736448217,55.11684425175341
48.483908,460,306.424856,synthetic_track_0,0.32599344898779015,53.48390759995973
49.866586,482,307.312062,synthetic_track_0,0.3344211050608434,54.86658562645069
47.752924,469,308.103891,synthetic_track_0,0.32153798000100337,52.75292391809833
49.71623,478,310.466231,synthetic_track_0,0.33350466457776884,54.716230402228206
42.117643,431,311.252036,synthetic_track_0,0.2871899935619815,47.117643397421
49.766302,483,312.1631,synthetic_track_0,0.3338098595333452,54.76630201825209
49.796084,471,313.026586,synthetic_track_0,0.33399138614187374,54.7960840656755
27.53915,321,313.566513,synthetic_track_0,0.19833161214219547,32.53914963905159
43.259398,437,315.932429,synthetic_track_0,0.29414917900974163,48.259397725965584
32.436172,363,316.591785,synthetic_track_0,0.2281797897229981,37.436171885098716
28.903124,326,317.134308,synthetic_track_0,0.2066452662910129,33.90312401244468
48.097313,471,318.02981,synthetic_track_0,0.32363709202818636,53.09731339602316
30.264111,335,318.617037,synthetic_track_0,0.21494071338900966,35.264111257639996
47.899141,451,320.985611,synthetic_track_0,0.3224292007554304,52.899141483601404
30.785528,351,321.570427,synthetic_track_0,0.218118838181657,35.78552827776379
46.628102,467,322.394046,synthetic_track_0,0.3146819995412457,51.62810185018451
45.408702,534,323.314205,synthetic_track_0,0.3072495541870585,50.408702436486514
27.117352,312,323.834846,synthetic_track_0,0.19576068667447852,32.117352389478924
49.19649,473,326.229009,synthetic_track_0,0.33033676026903835,54.196490199289336
48.539477,447,326.999857,synthetic_track_0,0.32633215266619015,53.53947680325372
49.86575,470,327.828991,synthetic_track_0,0.33441601461946374,54.86575046642758
42.925879,427,328.534723,synthetic_track_0,0.29211632302211743,47.92587850297595
40.399372,401,330.823719,synthetic_track_0,0.27671684084349196,45.39937226646664
48.798889,446,331.704288,synthetic_track_0,0.3279133130107494,53.7988888682253
35.907815,373,332.359892,synthetic_track_0,0.249340041783273,40.90781516350701
45.316163,438,333.102858,synthetic_track_0,0.30668550827706526,50.316162603474886
30.278691,338,333.673933,synthetic_track_0,0.21502957951608864,35.27869102218501
42.899859,415,335.893178,synthetic_track_0,0.29195773011766757,47.89985905910693
46.060405,445,336.642092,synthetic_track_0,0.31122179192301525,51.06040509092525
49.835102,478,337.503144,synthetic_track_0,0.33422920573202314,54.83510178527847
47.837543,461,338.313965,synthetic_track_0,0.32205374678014304,52.837542866252925
38.759408,394,339.006758,synthetic_track_0,0.26672098361887225,43.759408316749436
48.201016,449,341.308309,synthetic_track_0,0.3242691769254136,53.20101600214486
50.893976,475,342.213918,synthetic_track_0,0.3406832236251113,55.893976120680655
47.195725,454,343.048233,synthetic_track_0,0.3181417605891754,52.19572534317176
47.690619,457,343.868081,synthetic_track_0,0.3211582203541008,52.69061889347837
49.868574,480,346.181274,synthetic_track_0,0.3344332251165244,54.86857409566736
51.16081,488,346.999144,synthetic_track_0,0.3423096186298888,56.16080958137334
50.249494,474,347.807908,synthetic_track_0,0.33675499742575005,55.2494941909648
26.123322,323,348.416615,synthetic_track_0,0.1897019020460148,31.123321747933893
48.487535,483,349.208249,synthetic_track_0,0.3260155559144045,53.487534558795964
29.551165,328,351.375579,synthetic_track_0,0.21059518760083945,34.55116533664254
42.10494,414,352.08324,synthetic_track_0,0.2871125630398025,47.104939808111155
31.65648,348,352.696422,synthetic_track_0,0.22342743635993215,36.65648005711325
30.697273,348,353.349374,synthetic_track_0,0.21758090550034664,35.69727269498587
42.625166,429,354.236644,synthetic_track_0,0.29028342692091247,47.62516557140767
49.070716,469,356.794067,synthetic_track_0,0.32957014702705095,54.07071628595865
48.697508,465,357.65424,synthetic_track_0,0.3272953774777186,53.697507668529504
47.324177,511,358.668,synthetic_track_0,0.3189246951801018,52.3241770082219
30.380661,336,359.273359,synthetic_track_0,0.21565110526614112,35.38066124855004
49.353647,474,360.154277,synthetic_track_0,0.3312946579956896,54.353647079777275
47.00062,448,362.571192,synthetic_track_0,0.31695255771813574,52.000619531475905
47.508288,459,363.484306,synthetic_track_0,0.3200468814533149,52.50828778447471
47.63769,445,364.510393,synthetic_track_0,0.32083561221111073,52.637690393951004
47.695799,459,365.388646,synthetic_track_0,0.3211897915387738,52.69579859978571
51.627874,476,368.466707,synthetic_track_0,0.34515645561114144,56.62787407770059
49.214917,458,369.430206,synthetic_track_0,0.330449072801135,54.21491668334178
45.759821,436,370.240006,synthetic_track_0,0.3093896834055094,50.759821373775
48.436633,464,371.170139,synthetic_track_0,0.3257053044715535,53.43663335340758
43.554948,431,371.926876,synthetic_track_0,0.29595060970396947,48.55494830557683
36.525103,381,374.835635,synthetic_track_0,0.2531025167871664,41.525103228896725
49.37432,473,375.724287,synthetic_track_0,0.33142066192424535,54.37431983407045
46.540655,500,376.838811,synthetic_track_0,0.3141489990557069,51.540655464964786
50.142171,482,378.151978,synthetic_track_0,0.33610084173928195,55.14217055486205
46.660405,456,381.828043,synthetic_track_0,0.31487889325897594,51.660405092592576
43.28273,437,383.020773,synthetic_track_0,0.2942913922874333,48.28272985680184
50.171404,471,384.052327,synthetic_track_0,0.3362790252173889,55.1714041137219
46.71296,447,385.156565,synthetic_track_0,0.31519922199959566,51.71295962342169
30.422629,337,385.886278,synthetic_track_0,0.21590690397408305,35.42262870066368
48.71912,454,388.993213,synthetic_track_0,0.3274271096176381,53.719120218172066
45.407259,444,389.988847,synthetic_track_0,0.3072407572113033,50.40725916626156
28.830326,326,390.614041,synthetic_track_0,0.2062015498398134,33.83032595545849
47.059416,444,391.631917,synthetic_track_0,0.3173109306296442,52.059415754973536
51.001979,477,392.703004,synthetic_track_0,0.3413415202973044,56.00197914496921
29.517497,343,395.294193,synthetic_track_0,0.21038997557000289,34.517497355492175
31.858683,359,396.088123,synthetic_track_0,0.22465989832645133,36.85868314475948
47.772073,455,397.116488,synthetic_track_0,0.32165469813297126,52.77207320408796
48.898889,451,398.141957,synthetic_track_0,0.32852283001416777,53.898888887221545
36.964671,388,398.951247,synthetic_track_0,0.25578175360461347,41.96467051108501
44.574644,446,402.026849,synthetic_track_0,0.30216582447049833,49.57464355810133
46.154407,466,402.911889,synthetic_track_0,0.31179475057242145,51.1544071868526
47.143081,474,403.954748,synthetic_track_0,0.31782088201368264,52.14308060403437
49.762754,489,404.940984,synthetic_track_0,0.3337882324795568,54.76275378944544
40.947806,407,405.773514,synthetic_track_0,0.2800596388917131,45.947806299394344
39.733234,400,408.176862,synthetic_track_0,0.27265661430737237,44.73323378556466
49.533083,490,409.139143,synthetic_track_0,0.3323883493195858,54.533082850317356
32.602948,367,409.894094,synthetic_track_0,0.2291963165303553,37.60294770837488
46.174546,432,410.693053,synthetic_track_0,0.31191749813612224,51.17454568771966
32.983651,359,411.413146,synthetic_track_0,0.23151676889923894,37.983651248500706
34.318067,380,414.008077,synthetic_track_0,0.23965025985175079,39.31806726182846
43.25696,436,414.919049,synthetic_track_0,0.2941343222763808,48.256960265468216
46.653958,494,415.875822,synthetic_track_0,0.31483959592915356,51.653957801201685
29.331853,336,416.559064,synthetic_track_0,0.2092584445270713,34.3318534355467
47.844156,476,419.357091,synthetic_track_0,0.3220940553561496,52.84415606710501
47.146471,448,420.234617,synthetic_track_0,0.31784154951862537,52.146471405070734
48.908187,477,421.171987,synthetic_track_0,0.32857950521249585,53.90818726754176
48.698889,481,422.223216,synthetic_track_0,0.3273037961262804,53.6988888687444
48.734586,471,423.23911,synthetic_track_0,0.3275213777135845,53.734586253299085
37.341564,392,425.577802,synthetic_track_0,0.258078985275581,42.341564362195285
38.903966,392,426.368725,synthetic_track_0,0.26760208671253005,43.90396593468181
30.621547,353,427.068799,synthetic_track_0,0.21711934611638337,35.62154724859903
25.780586,312,427.646517,synthetic_track_0,0.18761286916332742,30.78058589843186
47.195799,451,428.535307,synthetic_track_0,0.31814220715947616,52.195798609443756
49.666586,470,431.242235,synthetic_track_0,0.33320207136859287,54.66658564007058
32.024486,361,431.949794,synthetic_track_0,0.2256704973243954,37.02448642575939
32.748561,364,432.768089,synthetic_track_0,0.2300838542671346,37.748561021933085
47.860149,460,433.696632,synthetic_track_0,0.3221915322384028,52.86014854971395
48.436259,455,434.67385,synthetic_track_0,0.32570302128585354,53.43625876399976
36.750987,391,437.199857,synthetic_track_0,0.2544793158514989,41.750986890574936
48.546942,461,438.116423,synthetic_track_0,0.3263776566828154,53.54694239076221
45.74193,493,439.123693,synthetic_track_0,0.3092806300140479,50.741929598555274
42.454606,420,439.90403,synthetic_track_0,0.2892438356025839,47.45460568382757
48.222014,470,440.795745,synthetic_track_0,0.32439716124846,53.222013668598926
43.527285,428,443.176876,synthetic_track_0,0.29578199759264745,48.527285066913045
41.36632,423,443.958882,synthetic_track_0,0.28261054796740054,46.36631957235608
49.547193,463,444.814175,synthetic_track_0,0.3324743541829298,54.547193183449885
35.510589,387,445.446541,synthetic_track_0,0.24691888236845985,40.510589186025825
47.095799,481,447.757993,synthetic_track_0,0.31753269015605784,52.095798590447515
32.86554,379,448.349926,synthetic_track_0,0.23079685861697566,37.86553962651448
47.328513,512,449.260211,synthetic_track_0,0.31895112681172594,52.32851349703139
50.281609,469,450.095607,synthetic_track_0,0.33695074289151067,55.281609046144744
21.65378,291,450.585564,synthetic_track_0,0.16245928775959123,26.653779584431724
54.993554,524,452.948735,synthetic_track_0,0.36567084033980346,59.99355354366703
47.671354,450,453.771361,synthetic_track_0,0.321040797152519,52.671353930691566
49.054693,458,454.521564,synthetic_track_0,0.3294724805840857,54.05469270319222
35.81122,383,455.200316,synthetic_track_0,0.24875127736102504,40.81121990352425
27.419234,324,455.781046,synthetic_track_0,0.1976007065681245,32.41923408151727
48.779872,478,458.052134,synthetic_track_0,0.32779740408391067,53.779872343959845
47.782627,447,458.794559,synthetic_track_0,0.3217190235724505,52.782626716350606
48.989587,460,459.60413,synthetic_track_0,0.32907565255319576,53.98958736502334
33.365955,360,460.250166,synthetic_track_0,0.23384697592708384,38.36595518053678
41.376507,412,460.960808,synthetic_track_0,0.2826726411213439,46.376506846113905
33.362478,388,463.089092,synthetic_track_0,0.23382578267708204,38.36247812347211
47.304297,462,463.838048,synthetic_track_0,0.31880352385998206,52.30429711275414
44.975895,449,464.586387,synthetic_track_0,0.3046115204332967,49.975895108701664
48.695192,482,465.390105,synthetic_track_0,0.32728126594725976,53.69519246927167
46.209233,435,467.761552,synthetic_track_0,0.31212892154808525,51.20923273515883
53.140463,509,468.610182,synthetic_track_0,0.35437594043294157,58.140462983580285
48.898889,467,469.390086,synthetic_track_0,0.32852283001416777,53.898888887221545
46.389417,455,470.170058,synthetic_track_0,0.31322717660269306,51.3894172512717
49.386782,451,470.911116,synthetic_track_0,0.3314966205044792,54.386781930162456
49.388316,464,473.151968,synthetic_track_0,0.3315059728684812,54.388316319806414
44.85343,449,473.922642,synthetic_track_0,0.3038650730316662,49.853429691126564
67.519789,589,474.97659,synthetic_track_0,0.4420203616305259,72.5197891312021
32.699789,358,475.550948,synthetic_track_0,0.22978658352489464,37.69978948692372
46.180642,468,477.980183,synthetic_track_0,0.31195465824729696,51.1806423376942
47.123766,449,478.838717,synthetic_track_0,0.31770315767176777,52.12376623485059
50.255962,499,479.713725,synthetic_track_0,0.3367944194337636,55.25596193760372
49.18807,474,480.578075,synthetic_track_0,0.3302854376737379,54.18806999037605
29.916666,339,481.220328,synthetic_track_0,0.21282297616805929,34.91666604916114
47.674024,469,483.804028,synthetic_track_0,0.32105707220256846,52.6740240864132
50.284143,472,484.629926,synthetic_track_0,0.33696618481286905,55.28414251513825
47.567436,452,485.399073,synthetic_track_0,0.3204073984346423,52.56743577342172
40.063674,507,486.226588,synthetic_track_0,0.27467070439977026,45.063674193905
43.822753,443,488.548614,synthetic_track_0,0.29758292442413464,48.82275298060464
33.456183,368,489.180925,synthetic_track_0,0.2343969278783116,38.45618269717925
47.902074,461,489.968288,synthetic_track_0,0.32244707649300347,52.9020742551022
42.134386,431,490.702993,synthetic_track_0,0.28729204528352675,47.1343864481249
49.435831,461,491.476024,synthetic_track_0,0.33179558050433855,54.43583061214735
46.022312,470,493.962578,synthetic_track_0,0.3109896088488336,51.02231212272493
50.364474,472,494.800601,synthetic_track_0,0.33745581939929203,55.36447410173702
47.906106,469,495.564055,synthetic_track_0,0.32247165152063667,52.90610614136029
53.736104,490,496.353822,synthetic_track_0,0.35800647418032894,58.73610419074784
32.135683,347,498.53749,synthetic_track_0,0.226348258558413,37.13568289098772
49.980175,482,499.457961,synthetic_track_0,0.3351134500021937,54.98017475833496
46.450816,482,500.30646,synthetic_track_0,0.31360141292739707,51.45081609555267
48.356379,467,501.119169,synthetic_track_0,0.3252161420642732,53.35637923457915
53.434459,535,502.086799,synthetic_track_0,0.35616789300805846,58.43445854161572
30.856557,338,504.35809,synthetic_track_0,0.21855176786755987,35.85655661097111
49.819501,479,505.195673,synthetic_track_0,0.3341341190089369,54.8195014426111
47.412596,462,505.991622,synthetic_track_0,0.31946362209451706,52.412595709221
32.597052,356,506.62651,synthetic_track_0,0.22916037989912558,37.59705178785834
34.583125,372,507.277358,synthetic_track_0,0.24126582971783048,39.583124703034656
48.95882,474,509.757873,synthetic_track_0,0.3288881214793399,53.95882019881993
34.760328,368,510.470186,synthetic_track_0,0.24234591676699027,39.76032849690396
50.286219,481,511.299327,synthetic_track_0,0.33697883919280314,55.28621864792322
48.873644,479,512.095552,synthetic_track_0,0.3283689559193216,53.87364363184499
29.361119,347,514.30313,synthetic_track_0,0.2094368234085041,34.36111905312877
48.898889,465,515.089378,synthetic_track_0,0.32852283001416777,53.898888887221545
43.239002,445,515.849981,synthetic_track_0,0.2940248628737386,48.2390018782827
49.198889,461,516.604386,synthetic_track_0,0.33035138063628233,54.19888888053027
24.401974,302,517.119237,synthetic_track_0,0.17920999521962658,29.401973736210653
47.289568,445,519.385511,synthetic_track_0,0.3187137489942959,52.289568256588275
32.703378,349,519.945871,synthetic_track_0,0.22980845596390323,37.703377974700246
25.200969,304,520.431366,synthetic_track_0,0.18408000739864774,30.200969182905048
50.086367,469,521.188784,synthetic_track_0,0.33576070732580476,55.08636661892878
49.106389,467,522.006536,synthetic_track_0,0.32978758066739405,54.1063893976894
31.622061,356,522.585898,synthetic_track_0,0.22321764895534876,36.62206142018293
26.857875,322,524.665654,synthetic_track_0,0.19417912755604955,31.857874899926372
35.333939,372,525.299808,synthetic_track_0,0.24584216880011783,40.333938860138495
49.539699,467,526.118273,synthetic_track_0,0.3324286747153467,54.53969881069173
31.273735,352,526.708645,synthetic_track_0,0.22109453953935923,36.27373482594624
30.881229,349,527.340084,synthetic_track_0,0.21870214776702948,35.88122859340848
30.433901,347,529.438249,synthetic_track_0,0.21597561076843014,35.43390103712246
42.808044,628,530.500152,synthetic_track_0,0.29139810108949427,47.80804387899821
33.7345,360,531.147532,synthetic_track_0,0.23609331995002988,38.734500182082094
45.653377,434,531.890171,synthetic_track_0,0.30874088852832143,50.653377255432765
51.477167,479,532.786776,synthetic_track_0,0.3442378706434021,56.47716701996728
26.950856,321,534.818978,synthetic_track_0,0.19474586531084018,31.950856368740386
32.039965,358,535.472829,synthetic_track_0,0.22576484136706937,37.0399649210379
32.494088,368,536.073979,synthetic_track_0,0.22853279632808898,37.49408768895146
31.47879,360,536.681063,synthetic_track_0,0.22234438608541301,36.47879010356249
41.050979,412,537.389445,synthetic_track_0,0.2806884934642635,46.05097892435515
43.190188,437,539.745949,synthetic_track_0,0.29372733563366055,48.19018826111888
40.080639,410,540.520641,synthetic_track_0,0.2747741103596066,45.08063942685169
36.415044,396,541.212106,synthetic_track_0,0.252431689972425,41.41504445475078
39.460885,471,542.143252,synthetic_track_0,0.270996600108569,44.46088461321443
24.740179,326,542.720263,synthetic_track_0,0.1812714138264326,29.74017906712631
48.253813,450,545.072277,synthetic_track_0,0.3245909836734855,53.253813021325335
49.971545,497,545.930075,synthetic_track_0,0.33506085214701986,54.97154532472269
36.396455,420,546.625689,synthetic_track_0,0.25231838674858215,41.396455433487915
38.79564,393,547.285535,synthetic_track_0,0.2669418188191702,43.7956395032479
42.584341,409,547.968108,synthetic_track_0,0.2900345945224919,47.58434104242917
30.278147,343,550.238942,synthetic_track_0,0.21502626264937505,35.278146842559984
47.395799,449,551.015993,synthetic_track_0,0.3193612408956708,52.39579860303353
35.64823,382,551.689239,synthetic_track_0,0.24775782637360225,40.64822999994984
29.87144,355,552.407985,synthetic_track_0,0.21254731605761193,34.87144004869413
45.679886,439,553.434898,synthetic_track_0,0.308902461306289,50.67988559035275
48.86784,471,555.971151,synthetic_track_0,0.3283335831616994,53.867840222892774
32.097092,362,556.615688,synthetic_track_0,0.22611303926235368,37.097091786978645
45.379622,445,557.311269,synthetic_track_0,0.30707230615959324,50.379622351740444
39.714196,422,558.075833,synthetic_track_0,0.27254057551606503,44.71419595516787
47.969769,465,559.081052,synthetic_track_0,0.3228596888555703,52.969769239595436
50.341563,486,561.491229,synthetic_track_0,0.33731617432337524,55.34156332128939
27.986039,345,562.140945,synthetic_track_0,0.20105548089690015,32.98603943160229
23.823427,308,562.780234,synthetic_track_0,0.1756836541242926,28.823426830147373
51.672608,479,563.573293,synthetic_track_0,0.3454291184275137,56.67260832902399
7.04522,175,563.865546,synthetic_track_0,0.07341765226172058,12.045220362446328
38.90025,413,566.140103,synthetic_track_0,0.2675794363107961,43.900249810946185
50.153372,504,567.073178,synthetic_track_0,0.336169116246782,55.153371968454564
41.606175,406,567.787034,synthetic_track_0,0.2840725052878203,46.60617466908639
45.732596,446,568.558928,synthetic_track_0,0.3092237383105375,50.73259569745021
46.375557,479,569.404091,synthetic_track_0,0.31314269311547643,51.37555652174463
43.270945,461,571.636911,synthetic_track_0,0.2942195612349742,48.270944940925595
47.230957,458,572.439309,synthetic_track_0,0.31835650185421144,52.23095673206239
34.819636,469,573.224233,synthetic_track_0,0.24270740543696342,39.819635905329825
29.861323,345,573.815681,synthetic_track_0,0.2124856516090289,34.86132311020823
47.763495,469,576.184841,synthetic_track_0,0.32160241477770674,52.763495368703026
24.537655,309,576.736595,synthetic_track_0,0.18003699606433257,29.537655103123644
31.383653,352,577.3691,synthetic_track_0,0.22176450678090456,36.38365257476319
26.61351,332,577.930202,synthetic_track_0,0.1926896833066311,31.613510177694884
46.764176,447,578.691662,synthetic_track_0,0.31551139701122205,51.76417641789619
46.99927,458,579.459908,synthetic_track_0,0.3169443338475509,51.999270287385755
45.40551,511,581.777068,synthetic_track_0,0.30723009702002946,50.405510208769144
38.222328,427,582.499957,synthetic_track_0,0.26344738960965974,43.22232820040924
49.914704,470,583.32003,synthetic_track_0,0.33471439647455203,54.9147042954588
31.871663,354,583.927319,synthetic_track_0,0.22473901503827254,36.87166337769912
31.573936,352,584.546393,synthetic_track_0,0.22292431370641283,36.573935559376174
50.700578,476,586.873909,synthetic_track_0,0.3395044322272925,55.700578460708265
30.932736,351,587.47558,synthetic_track_0,0.2190160964603912,35.93273638584732
39.522202,387,588.170274,synthetic_track_0,0.2713703410294621,44.522202179384664
50.039137,489,589.021737,synthetic_track_0,0.33547283748707984,55.03913743716765
44.944212,445,591.273048,synthetic_track_0,0.3044184060165435,49.94421191490155
35.967267,372,591.895974,synthetic_track_0,0.24970241048583863,40.96726695391972
34.532426,375,592.542624,synthetic_track_0,0.24095681545550487,39.53242647488127
34.13305,376,593.179402,synthetic_track_0,0.23852254786505592,39.133049912912306
51.502834,480,593.976942,synthetic_track_0,0.3443943179907179,56.502834454371495
7.612066,176,594.265711,synthetic_track_0,0.07687267267659868,12.612066086491035
51.23447,633,596.972473,synthetic_track_0,0.34275858980546314,56.23446975136763
51.469676,482,597.802471,synthetic_track_0,0.3441922111092044,56.46967591756731
34.805242,376,598.564173,synthetic_track_0,0.24261967271137677,39.80524209157885
31.390867,356,599.254972,synthetic_track_0,0.22180847866565193,36.39086679403086
28.500026,340,599.912564,synthetic_track_0,0.20418831542191507,33.50002593280998
30.883701,359,602.138624,synthetic_track_0,0.21871721801238114,35.883701083614646
51.693676,498,603.093307,synthetic_track_0,0.34555753082838897,56.69367622779443
34.087564,360,603.770621,synthetic_track_0,0.2382453049869918,39.087564236684244
42.044825,422,604.520068,synthetic_track_0,0.28674615461005915,47.044825242431735
50.134282,546,606.952001,synthetic_track_0,0.33605276206915785,55.134282394402575
33.171104,355,607.538042,synthetic_track_0,0.2326593246295402,38.17110392675844
43.399642,422,608.270066,synthetic_track_0,0.2950039933832581,48.39964230176988
49.85708,475,609.117326,synthetic_track_0,0.3343631661537309,54.85707991655355
32.691995,359,609.740695,synthetic_track_0,0.2297390746885321,37.691994979941796
31.236917,343,610.385042,synthetic_track_0,0.22087012692294705,36.23691671295126
8.242892,182,612.240364,synthetic_track_0,0.08071766057755178,13.242891577788685
46.786048,560,613.223137,synthetic_track_0,0.31564470835356245,51.78604805837823
33.158416,366,613.824424,synthetic_track_0,0.23258198724189683,38.158415617506876
33.945182,368,614.444961,synthetic_track_0,0.23737746396519582,38.94518245212596
44.672044,452,615.212345,synthetic_track_0,0.30275949955456627,49.67204448268824
50.707653,495,617.533976,synthetic_track_0,0.339547552757255,55.70765300299535
34.015692,378,618.151282,synthetic_track_0,0.23780723174523102,39.015692029260755
41.986409,450,618.921172,synthetic_track_0,0.28639009550518174,46.98640863214549
45.760405,445,619.681923,synthetic_track_0,0.30939324139594504,50.76040511320992
29.11408,344,620.285653,synthetic_track_0,0.20793107728332721,34.11407977403278
49.879151,467,622.59493,synthetic_track_0,0.3344976947445515,54.87915126413228
51.624326,478,623.358894,synthetic_track_0,0.3451348268447975,56.62432556792461
47.247124,508,624.206533,synthetic_track_0,0.3184550415635426,52.247123586719
31.860085,360,624.80994,synthetic_track_0,0.2246684407034101,36.86008464439503
49.2591,471,627.107326,synthetic_track_0,0.3307183785386217,54.25910015765576
36.116553,390,627.77949,synthetic_track_0,0.2506123355426827,41.11655322888704
36.172469,389,628.437886,synthetic_track_0,0.25095315346124575,41.172469303646935
27.120799,342,629.03328,synthetic_track_0,0.19578169655580366,32.12079936227843
34.60725,369,629.662983,synthetic_track_0,0.2414128782860463,39.60725013273142
32.958991,355,630.288026,synthetic_track_0,0.23136645936363312,37.95899081026584
51.354826,488,632.803126,synthetic_track_0,0.3434921844768166,56.35482649393506
48.957895,533,633.747293,synthetic_track_0,0.3288824847353398,53.95789541000531
34.007933,380,634.396663,synthetic_track_0,0.2377599402474342,39.007933179792204
47.663495,446,635.156643,synthetic_track_0,0.3209928977742884,52.66349534970678
38.426813,391,637.313275,synthetic_track_0,0.2646937565847883,43.42681260443759
44.946201,434,638.03915,synthetic_track_0,0.3044305286674748,49.9462008099063
47.330272,481,638.8156,synthetic_track_0,0.3189618479375406,52.33027245171045
37.251277,388,639.480809,synthetic_track_0,0.257528667941586,42.2512768992618
43.13068,446,640.256018,synthetic_track_0,0.2933646202022714,48.13067958486255
30.555384,353,642.373924,synthetic_track_0,0.21671606749380323,35.555383598212536
43.458024,702,643.632702,synthetic_track_0,0.29535984196083903,48.4580243720293
32.595729,357,644.319333,synthetic_track_0,0.2291523200070376,37.59572944679585
33.451506,366,645.007066,synthetic_track_0,0.23436842178145104,38.45150586255187
44.075979,451,645.874163,synthetic_track_0,0.29912637939163345,49.07597893690138
30.544341,352,648.167235,synthetic_track_0,0.2166487637490203,35.54434145218697
50.210452,456,648.942974,synthetic_track_0,0.3365170259604487,55.21045155406175
42.427802,436,649.716174,synthetic_track_0,0.28908046048455976,47.42780164913403
50.968837,479,650.51114,synthetic_track_0,0.3411395153755594,55.96883733612952
50.340268,476,652.780908,synthetic_track_0,0.337308276903657,55.34026763615277
41.202199,406,653.465057,synthetic_track_0,0.2816102036568927,46.202198720119725
32.680396,351,654.068173,synthetic_track_0,0.2296683773145076,37.680396060295934
36.282521,391,654.767102,synthetic_track_0,0.2516239397764316,41.282521433259085
32.193159,347,655.403895,synthetic_track_0,0.2266985874750705,37.19315938159291
32.25278,356,656.044737,synthetic_track_0,0.22706198233849012,37.252779528432626
34.742061,382,658.228977,synthetic_track_0,0.2422345720920606,39.74206080372124
49.474676,495,659.126858,synthetic_track_0,0.3320323472979633,54.47467560535898
49.765554,462,659.997209,synthetic_track_0,0.333805302790043,54.765554419064166
39.377675,417,660.723454,synthetic_track_0,0.27048942628582795,44.37767546297897
29.996935,347,662.916715,synthetic_track_0,0.21331222993230886,34.99693515641254
48.574286,473,663.756496,synthetic_track_0,0.32654432350126883,53.57428647619037
32.18218,348,664.365654,synthetic_track_0,0.22663166589439307,37.18217993507794
13.577344,232,664.746685,synthetic_track_0,0.11323205168853398,18.57734444869241
34.657287,397,665.454638,synthetic_track_0,0.24171786329351222,39.65728730375228
35.009969,378,666.130876,synthetic_track_0,0.2438675178561132,40.00996901056255
36.890334,392,668.412334,synthetic_track_0,0.2553286588501824,41.8903338087517
32.326169,377,669.093298,synthetic_track_0,0.2275093020710802,37.32616875548541
34.860482,367,669.875582,synthetic_track_0,0.2429563688794291,39.86048193396613
33.168525,362,670.485852,synthetic_track_0,0.23264360378840102,38.168524696968724
32.894859,361,671.124872,synthetic_track_0,0.23097556294190014,37.894858637775755
33.952165,366,671.727805,synthetic_track_0,0.23742002283918828,38.952164846684006
31.661309,349,673.896396,synthetic_track_0,0.2234568666197391,36.661308513945876
25.560569,307,674.404212,synthetic_track_0,0.18627182966772568,30.560569107624055
26.290078,311,674.939185,synthetic_track_0,0.19071830754908475,31.29007766949942
38.782692,382,675.578213,synthetic_track_0,0.2668628994515543,43.78269164745962
49.369056,467,676.38889,synthetic_track_0,0.3313885771849629,54.36905587175317
34.921459,400,678.660993,synthetic_track_0,0.2433280322301379,39.92145864490717
41.376964,402,679.374247,synthetic_track_0,0.28267542876679647,46.376964199389775
48.515975,453,680.15571,synthetic_track_0,0.32618890752242535,53.51597537996731
36.739909,384,680.785978,synthetic_track_0,0.2544117924510176,41.7399087068771
30.105348,336,681.424335,synthetic_track_0,0.21397302313262467,35.105347771997636
49.966586,468,683.769613,synthetic_track_0,0.3350306220116959,54.966585636822764
39.069196,407,684.422331,synthetic_track_0,0.26860919306258474,44.06919619663003
47.230439,466,685.221962,synthetic_track_0,0.31835334629707795,52.23043901759089
24.78845,295,685.741313,synthetic_track_0,0.1815656356135696,29.788450377258428
37.283274,388,686.468166,synthetic_track_0,0.2577236980135368,42.28327438381192
47.637474,461,688.796671,synthetic_track_0,0.3208342921641324,52.637473821284175
31.533897,358,689.442919,synthetic_track_0,0.22268027312342206,36.53389719654451
41.278201,411,690.142268,synthetic_track_0,0.2820734525944685,46.27820136204401
42.845138,429,690.911868,synthetic_track_0,0.29162419789092814,47.8451383067362
27.505554,317,691.471237,synthetic_track_0,0.19812684088966506,32.505553973913315
37.980828,395,692.14207,synthetic_track_0,0.2619754074950253,42.98082839220036
36.972161,386,694.363688,synthetic_track_0,0.25582741159514827,41.97216136022491
49.314661,626,695.586718,synthetic_track_0,0.3310570322189513,54.31466115804817
54.532644,501,696.44419,synthetic_track_0,0.36286152142981953,59.53264442580918
35.967721,394,697.170228,synthetic_track_0,0.24970517768724546,40.967720953056244
40.125759,389,699.427154,synthetic_track_0,0.27504912240659823,45.125759103200544
48.716123,463,700.370548,synthetic_track_0,0.327408840203378,53.71612285835633
32.34131,362,701.043101,synthetic_track_0,0.22760159214723474,37.341310268054976
35.047411,369,701.672463,synthetic_track_0,0.2440957352802599,40.04741135691541
41.963694,408,702.43412,synthetic_track_0,0.2862516482914025,46.9636943781866
33.505577,363,704.703006,synthetic_track_0,0.23469799649028966,38.50557732726854
32.144975,345,705.328015,synthetic_track_0,0.22640489809741415,37.14497542088317
42.700515,438,706.047936,synthetic_track_0,0.2907426931595264,47.70051479436315
40.232383,430,706.792364,synthetic_track_0,0.27569901481329623,45.232383287022884
35.990896,371,707.458201,synthetic_track_0,0.24984643502600584,40.99089624838054
35.74071,382,709.577273,synthetic_track_0,0.24832150498055838,40.740709571622595
35.587459,384,710.279194,synthetic_track_0,0.24738741666690162,40.58745896731462
46.628102,431,711.04425,synthetic_track_0,0.3146819995412457,51.62810185018451
29.505487,339,711.622483,synthetic_track_0,0.2103167695146452,34.505486850641034
32.048585,355,712.206839,synthetic_track_0,0.22581738050657657,37.04858472150171
18.846637,263,712.637345,synthetic_track_0,0.14534928141003528,23.846637289162324
33.771369,362,714.70893,synthetic_track_0,0.23631804084266994,38.77136887222007
29.610628,354,715.281488,synthetic_track_0,0.21095762228201048,34.61062795179312
40.081499,394,715.968956,synthetic_track_0,0.27477935247103924,45.08149947052546
39.628925,397,716.658191,synthetic_track_0,0.2720208342048928,44.62892492794653
40.066054,395,717.308993,synthetic_track_0,0.2746852074292605,45.0660536242021
31.4904,355,717.935601,synthetic_track_0,0.2224151495377779,36.49039986430918
32.020221,347,720.089612,synthetic_track_0,0.22564449613290563,37.02022055683643
49.576671,477,720.973345,synthetic_track_0,0.33265402776097747,54.57667121460754
30.694736,340,721.561591,synthetic_track_0,0.21756544436910627,35.6947360743353
35.228625,376,722.264714,synthetic_track_0,0.24520026501764117,40.2286253248615
41.752223,409,722.970096,synthetic_track_0,0.28496269188456663,46.75222256616817
37.65482,391,725.214255,synthetic_track_0,0.25998833316511705,42.65482030772795
30.124337,351,725.840071,synthetic_track_0,0.21408876454702233,35.12433681344112
30.886701,350,726.416446,synthetic_track_0,0.21873550540521364,35.88670139307342
38.62702,411,727.123899,synthetic_track_0,0.26591405253430517,43.627019682252254
50.502961,467,727.930406,synthetic_track_0,0.33829991837226975,55.502960662176
47.381308,616,730.602207,synthetic_track_0,0.31927291793924284,52.38130795343546
32.116701,356,731.213235,synthetic_track_0,0.2262325589179609,37.11670070316001
40.571292,397,731.926208,synthetic_track_0,0.27776472327607377,45.57129243042652
33.252288,359,732.696572,synthetic_track_0,0.2331541541870931,38.25228782298722
30.965701,337,733.2793,synthetic_track_0,0.2192170242731956,35.96570147949463
28.520924,333,735.36395,synthetic_track_0,0.20431569394103388,33.520924208428475
37.880788,382,736.002071,synthetic_track_0,0.26136564380689126,42.88078790103334
47.283431,730,737.244231,synthetic_track_0,0.3186763393704804,52.28343067048122
41.094243,411,737.929201,synthetic_track_0,0.28095219738458205,46.09424334010294
43.371538,404,740.128138,synthetic_track_0,0.2948326932479638,48.37153805416494
32.087113,343,740.731146,synthetic_track_0,0.22605221709305234,37.087113036506686
31.210807,349,741.311353,synthetic_track_0,0.22071098594905258,36.21080735041785
23.367256,318,741.84578,synthetic_track_0,0.17290321862232821,28.367256450231917
40.222298,392,742.476561,synthetic_track_0,0.2756375428643791,45.22229793087207
31.947253,340,743.090235,synthetic_track_0,0.22519974832339573,36.947253290705866
39.776666,397,745.228993,synthetic_track_0,0.27292133795466306,44.77666550216872
36.044291,372,745.8331,synthetic_track_0,0.250171883836923,41.04429080028229
35.218066,374,746.464392,synthetic_track_0,0.24513590119811202,40.218065515800404
32.558292,352,747.092376,synthetic_track_0,0.2289241352253887,37.55829245591361
46.260405,445,747.899659,synthetic_track_0,0.3124408256592098,51.260405084515014
32.674654,350,748.544421,synthetic_track_0,0.22963337899235678,37.67465408286087
51.585817,482,750.922122,synthetic_track_0,0.3449001099255903,56.585816886053834
21.427854,287,751.396427,synthetic_track_0,0.16108223111148512,26.42785366243574
38.153218,366,752.081993,synthetic_track_0,0.2630261537457949,43.153218406667406
41.222914,410,752.820951,synthetic_track_0,0.28173646658333035,46.22291396673544
45.349182,439,753.616755,synthetic_track_0,0.30688676636998596,50.34918188431914
46.328102,435,756.040038,synthetic_track_0,0.3128534490141755,51.328101872469176
14.502252,222,756.460193,synthetic_track_0,0.11886951643440463,19.502251512016464
39.788951,398,757.126681,synthetic_track_0,0.272996220165418,44.78895100438766
14.027351,228,757.548036,synthetic_track_0,0.11597491738416552,19.02735096225812
24.915175,318,758.106071,synthetic_track_0,0.1823380405851896,29.915174507022833
40.67978,406,758.844162,synthetic_track_0,0.2784259727756735,45.67977990846303
30.071822,328,761.062751,synthetic_track_0,0.2137686781536201,35.07182204315391
37.647177,399,761.836538,synthetic_track_0,0.259941742979536,42.647176518601455
15.480916,233,762.249994,synthetic_track_0,0.12483464121226111,20.480915909818687
34.874738,369,762.871247,synthetic_track_0,0.2430432603056788,39.87473772047717
17.301834,245,763.302625,synthetic_track_0,0.13593344661802356,22.301834350464915
40.779232,399,763.969195,synthetic_track_0,0.2790321522170399,45.77923235246675
18.328539,259,765.933248,synthetic_track_0,0.14219138658446132,23.32853928570301
22.394578,286,766.41832,synthetic_track_0,0.16697458080169017,27.394578261829093
23.285612,291,766.923719,synthetic_track_0,0.17240558181948398,28.2856119850922
35.410345,364,767.523825,synthetic_track_0,0.246307877418312,40.410345047997
33.138556,357,768.144223,synthetic_track_0,0.2324609371411112,38.13855560981198
49.61566,451,768.86304,synthetic_track_0,0.33289167108031675,54.61566001445231
37.141966,382,770.971044,synthetic_track_0,0.25686239785095366,42.14196572115487
22.405967,283,771.424845,synthetic_track_0,0.16704399926715102,27.405967358155927
43.025684,413,772.058908,synthetic_track_0,0.2927246573585713,48.02568448846985
47.332002,446,772.799336,synthetic_track_0,0.3189723923241484,52.33200240978409
33.29485,359,773.371204,synthetic_track_0,0.23341357643445296,38.29484976878782
32.663742,358,773.998276,synthetic_track_0,0.2295668656922491,37.66374162063755
18.386666,257,775.8772,synthetic_track_0,0.14254568163804027,23.386666478036403
31.386901,349,776.478979,synthetic_track_0,0.22178430801326157,36.38690125133947
24.550719,306,777.066413,synthetic_track_0,0.18011662173079127,29.55071883738176
35.361496,372,777.671926,synthetic_track_0,0.24601013299653604,40.361495799056215
34.058905,358,778.340475,synthetic_track_0,0.23807061915681393,39.058904517204404
45.992708,570,780.790384,synthetic_track_0,0.31080916868408237,50.99270832200795
36.792921,373,781.418228,synthetic_track_0,0.25473491309671914,41.79292128983544
18.036099,248,781.832316,synthetic_track_0,0.14040891629851257,23.03609943340117
20.135304,267,782.271136,synthetic_track_0,0.15320392153381998,25.135303818860507
42.126669,426,782.98045,synthetic_track_0,0.2872450081651042,47.12666933324639
37.676286,392,783.607404,synthetic_track_0,0.26011917063436496,42.67628607379655
29.662499,329,785.62437,synthetic_track_0,0.21127378424563964,34.66249886300888
15.980116,238,786.048199,synthetic_track_0,0.12787735144499646,20.980116226408988
28.185432,326,786.555859,synthetic_track_0,0.20227081253261883,33.18543204243516
39.096642,388,787.225505,synthetic_track_0,0.2687764779897777,44.096641691674904
36.061367,365,787.839005,synthetic_track_0,0.25027596887264625,41.0613674453819
22.176186,293,788.452119,synthetic_track_0,0.1656434439203027,27.1761861371159
42.188717,406,790.525744,synthetic_track_0,0.2876231977851756,47.18871677241416
32.39766,355,791.163062,synthetic_track_0,0.2279450503425957,37.39765951814626
51.396706,451,791.909278,synthetic_track_0,0.34374744503525034,56.39670565489235
46.148944,471,792.6964,synthetic_track_0,0.3117614509041171,51.14894389797907
17.251463,252,793.176376,synthetic_track_0,0.1356264245713436,22.251462973902694
32.752369,348,793.767317,synthetic_track_0,0.23010706386876711,37.75236889044394
17.207039,250,795.694045,synthetic_track_0,0.13535565066692445,22.207038625715942
41.582056,405,796.403102,synthetic_track_0,0.28392549679916734,46.58205581501758
27.782798,335,796.959275,synthetic_track_0,0.19981669042608852,32.78279806192961
46.900993,564,797.91312,synthetic_track_0,0.316345317399775,51.90099303536374
41.342643,420,798.632993,synthetic_track_0,0.28246623387156305,46.34264277212862
14.896393,229,800.768195,synthetic_track_0,0.12127187791396093,19.896393418221162
43.003267,444,801.555779,synthetic_track_0,0.292588019491549,48.003267083834366
49.125516,459,802.334044,synthetic_track_0,0.3299041628534353,54.125516379797155
39.793089,405,802.993067,synthetic_track_0,0.27302144153304936,44.79308893200592
34.909052,383,803.61193,synthetic_track_0,0.24325241456772176,39.90905248127981
34.392282,371,805.892162,synthetic_track_0,0.24010260946466136,39.39228171299276
25.671391,307,806.40257,synthetic_track_0,0.18694730882032484,30.671391164617802
49.298889,544,807.361146,synthetic_track_0,0.33096089744261287,54.29888886719143
36.61419,379,808.000308,synthetic_track_0,0.2536455158570258,41.614190025485435
27.946653,335,808.571398,synthetic_track_0,0.2008154150524527,32.94665318171844
42.193978,415,809.279673,synthetic_track_0,0.2876552636864365,47.19397764408344
32.365081,349,811.408391,synthetic_track_0,0.22774648061456088,37.36508130217493
29.82596,349,811.995855,synthetic_track_0,0.21227010964621013,34.8259603553458
32.471449,348,812.624899,synthetic_track_0,0.22839480959571287,37.47144898358072
24.344529,302,813.179247,synthetic_track_0,0.17885986137676796,29.34452925026403
34.413922,369,813.880042,synthetic_track_0,0.24023450993530018,39.413921879707594
43.378416,424,816.092561,synthetic_track_0,0.29487461851092167,48.378416495732104
29.361941,333,816.646519,synthetic_track_0,0.20944183547641332,34.36194135485837
38.229835,393,817.319004,synthetic_track_0,0.2634931467966346,43.2298353241499
51.08593,472,818.059987,synthetic_track_0,0.3418532150573142,56.08593001989852
41.774655,403,818.743315,synthetic_track_0,0.2850994232528401,46.77465531102688
48.590249,586,821.300422,synthetic_track_0,0.3266416195292505,53.59024928705843
35.618154,378,821.979888,synthetic_track_0,0.24757450602194786,40.61815366320283
42.394928,416,822.702338,synthetic_track_0,0.28888009029201406,47.39492804109935
30.922478,356,823.293987,synthetic_track_0,0.21895357100750285,35.9224781872384
31.431923,351,823.943843,synthetic_track_0,0.22205872041358016,36.431922547038795
43.017774,442,826.312245,synthetic_track_0,0.29267644100167156,48.017773902581574
34.883484,360,826.939453,synthetic_track_0,0.24309657113357763,39.883484127505504
42.9723,418,827.714728,synthetic_track_0,0.2923992726684396,47.97230045650393
48.576026,542,828.606465,synthetic_track_0,0.3265549240798263,53.57602565336044
31.633873,359,829.196629,synthetic_track_0,0.2232896419127983,36.633872898898325
6.690758,166,829.456487,synthetic_track_0,0.07125714633029498,11.69075833272051
49.366586,452,831.698344,synthetic_track_0,0.33137352062897996,54.36658562748456
32.534103,355,832.36563,synthetic_track_0,0.22877669413278964,37.53410262695388
32.459276,350,833.027449,synthetic_track_0,0.22832061247569202,37.459275880336776
43.019978,443,833.755963,synthetic_track_0,0.2926898747203367,48.01997789707914
40.746225,399,834.47412,synthetic_track_0,0.2788309688441398,45.746225330515095
33.832545,355,836.555698,synthetic_track_0,0.23669091797003008,38.832544720654425
41.511174,427,837.284404,synthetic_track_0,0.28349346266638886,46.511174410163285
36.22139,392,837.94234,synthetic_track_0,0.2512513325740714,41.221389869897955
43.230709,432,838.681175,synthetic_track_0,0.2939743169986068,48.230709101469245
34.145417,364,839.330064,synthetic_track_0,0.2385979247902429,39.145416580139475
46.528102,437,841.768379,synthetic_track_0,0.31407248253782744,51.528101831188266
29.643493,332,842.466782,synthetic_track_0,0.21115794259358783,34.6434933761385
19.322791,264,842.984013,synthetic_track_0,0.1482515173051307,24.322790773008506
38.896788,390,843.734189,synthetic_track_0,0.26755833677704133,43.8967881293779
49.566586,481,844.578361,synthetic_track_0,0.3325925544509274,54.56658563514332
50.711748,464,846.911457,synthetic_track_0,0.33957251378071646,55.71174821741318
24.247943,293,847.404092,synthetic_track_0,0.17827115435307045,29.247943407337896
40.736669,421,848.117836,synthetic_track_0,0.2787727216541969,45.7366690423917
45.403542,445,848.908052,synthetic_track_0,0.3072181013732597,50.40354215062127
38.295828,408,849.563797,synthetic_track_0,0.2638953853835468,43.295828341746876
46.489984,443,851.921674,synthetic_track_0,0.3138401483000037,51.48998406242127
37.585096,374,852.703018,synthetic_track_0,0.25956335128113256,42.58509592558082
35.9301,368,853.35243,synthetic_track_0,0.249475873123083,40.93010024576905
34.636127,379,853.983221,synthetic_track_0,0.2415888850281473,39.63612656678471
37.863905,371,854.612328,synthetic_track_0,0.2612627397691559,42.8639050156165
30.129615,333,855.28188,synthetic_track_0,0.2141209344588967,35.12961474954545
34.086447,365,857.301218,synthetic_track_0,0.23823849788849485,39.08644743440443
31.16542,353,857.948317,synthetic_track_0,0.22043434310355814,36.165420118151204
42.777792,412,858.598248,synthetic_track_0,0.2912137095817625,47.77779180371154
15.984993,235,858.973903,synthetic_track_0,0.12790707357040143,20.98499256798509
46.828102,441,859.703834,synthetic_track_0,0.3159010332774403,51.82810184377427
33.39623,356,860.290688,synthetic_track_0,0.23403150479466592,38.39622979167982
33.708366,351,862.35134,synthetic_track_0,0.23593402776510017,38.708366011206486
46.129641,444,863.062009,synthetic_track_0,0.31164379575627915,51.129640881077464
38.118787,396,863.696524,synthetic_track_0,0.2628162860007926,43.118786588737414
49.55232,459,864.49402,synthetic_track_0,0.33250560459359696,54.552320262174234
46.928102,422,865.206581,synthetic_track_0,0.3165105501633603,51.92810184349323
22.058221,307,867.296502,synthetic_track_0,0.16492442568567983,27.058220868357704
42.702441,436,867.998316,synthetic_track_0,0.2907544315698495,47.70244064917723
29.770918,332,868.530222,synthetic_track_0,0.2119346148985436,34.770917623228996
30.527547,341,869.152837,synthetic_track_0,0.21654639862390765,35.52754698312637
50.114035,464,869.892508,synthetic_track_0,0.3359293516481457,55.11403514227287
39.825575,391,871.982107,synthetic_track_0,0.27321944662458353,44.825574511249364
31.232974,354,872.557038,synthetic_track_0,0.22084609695360274,36.23297425133423
42.978276,415,873.211475,synthetic_track_0,0.2924356954916153,47.97827614379245
24.918238,322,873.786828,synthetic_track_0,0.1823567124909474,29.918237901349823
7.035317,177,874.061282,synthetic_track_0,0.0733572889896792,12.035316900661078
13.449675,220,874.419373,synthetic_track_0,0.11245388455982783,18.449674954295286
36.017667,376,876.509861,synthetic_track_0,0.2500096068384292,41.01766692787016
29.004889,321,877.060505,synthetic_track_0,0.2072655427222758,34.00488927011812
35.071036,374,877.695818,synthetic_track_0,0.24423973413097258,40.07103643665223
35.643241,377,878.341014,synthetic_track_0,0.24772741869186776,40.643241183011135
8.700803,181,878.612471,synthetic_track_0,0.08350870819494388,13.70080302766349
41.277708,412,879.298356,synthetic_track_0,0.28207044391792213,46.2777077454425
26.692312,320,879.84831,synthetic_track_0,0.19316999530468457,31.692312259769867
42.512227,410,882.074044,synthetic_track_0,0.28959504742419795,47.51222702767219
28.843723,324,882.680061,synthetic_track_0,0.20628320802800493,33.843723154100296
40.820612,409,883.341078,synthetic_track_0,0.27928436760490905,45.820611909454676
29.827223,328,883.864196,synthetic_track_0,0.21227780402190086,34.827222728193355
41.397204,427,884.567438,synthetic_track_0,0.2827987934167881,46.39720394212614
44.833245,424,886.790996,synthetic_track_0,0.3037420434973719,49.83324492893366
46.628102,449,887.684131,synthetic_track_0,0.3146819995412457,51.62810185018451
6.353845,158,887.97022,synthetic_track_0,0.06920359987715008,11.353844541681905
31.232593,360,888.568432,synthetic_track_0,0.2208437706100894,36.232592581267234
37.878032,389,889.334083,synthetic_track_0,0.26134884451696033,42.87803173622941
49.181999,456,890.136507,synthetic_track_0,0.330248431673078,54.18199862444497
29.085782,325,892.260013,synthetic_track_0,0.20775859854768064,34.085782160111634
30.073718,337,892.865967,synthetic_track_0,0.21378023457495057,35.07371804005981
34.534628,373,893.602249,synthetic_track_0,0.2409702358330868,39.53462828058251
27.199431,315,894.284345,synthetic_track_0,0.19626096837087634,32.199430787395116
42.120704,430,895.073434,synthetic_track_0,0.28720865129166906,47.12070446596005
31.690365,339,897.135597,synthetic_track_0,0.22363397094166468,36.690365021734095
32.205144,349,897.690608,synthetic_track_0,0.2267716381727959,37.205144397793056
29.958802,335,898.321695,synthetic_track_0,0.2130798019708647,34.95880201093945
41.25556,403,899.084067,synthetic_track_0,0.28193544706390355,46.2555595725604
44.068932,418,899.853438,synthetic_track_0,0.29908342895159473,49.06893230030932
24.671984,299,900.356183,synthetic_track_0,0.18085575061658601,29.67198354731704
41.97315,415,902.635544,synthetic_track_0,0.2863092837363921,46.97315030076381
38.39719,393,903.338058,synthetic_track_0,0.26451320288855884,43.39719017725094
39.072988,396,904.079242,synthetic_track_0,0.26863230377330805,44.07298784066684
42.6527,425,904.744232,synthetic_track_0,0.2904512528065682,47.652699818458224
42.711032,432,905.512049,synthetic_track_0,0.2908067986707703,47.71103222423993
27.507513,329,907.642149,synthetic_track_0,0.19813878145648192,32.5075129954038
40.305322,404,908.381709,synthetic_track_0,0.27614358644436127,45.30532164854908
39.194199,399,909.042445,synthetic_track_0,0.26937110400828806,44.194198630715505
43.188904,425,909.743071,synthetic_track_0,0.29371950486727544,48.18890351141891
38.893109,382,910.522374,synthetic_track_0,0.2675359124623443,43.89310909846801
38.387956,394,912.754099,synthetic_track_0,0.2644569208646375,43.38795630283937
40.383686,422,913.451171,synthetic_track_0,0.2766212305113255,45.38368601820898
36.300163,388,914.109356,synthetic_track_0,0.2517314683742223,41.30016304417626
43.459124,422,914.816303,synthetic_track_0,0.29536654386895367,48.45912391631603
36.666591,381,915.49317,synthetic_track_0,0.25396491140446437,41.66659145256957
38.898878,401,917.634401,synthetic_track_0,0.26757107226197646,43.89887756860322
1.412262,119,917.825759,synthetic_track_0,0.03908381731680482,6.412261597637159
38.399281,385,918.46795,synthetic_track_0,0.2645259463332157,43.399280922382935
42.785803,425,919.162503,synthetic_track_0,0.2912625387484788,47.78580292985209
35.075405,366,919.806497,synthetic_track_0,0.24426636318424924,40.07540531531941
45.192708,435,920.535767,synthetic_track_0,0.3059330337777145,50.192708353950664
29.020069,329,922.669453,synthetic_track_0,0.20735806741697266,34.02006927522941
43.621332,413,923.401956,synthetic_track_0,0.296355232015995,48.62133240751646
32.366391,340,923.988743,synthetic_track_0,0.22775446109920083,37.36639061530503
49.498889,457,924.774064,synthetic_track_0,0.33217993135012847,54.49888888888887
36.714528,364,925.34443,synthetic_track_0,0.25425709565389504,41.71452847537551
43.783782,423,927.660237,synthetic_track_0,0.2973453915295847,48.78378229753262
46.628102,440,928.431226,synthetic_track_0,0.3146819995412457,51.6281018501845
42.257529,414,929.184571,synthetic_track_0,0.2880426192379846,47.25752888596163
38.990794,401,929.887093,synthetic_track_0,0.26813132001236517,43.99079425897817
31.779795,343,930.518013,synthetic_track_0,0.2241790593402927,36.779794602716635
34.786679,360,931.21646,synthetic_track_0,0.24250652610740278,39.786678766055026
44.195395,438,933.534413,synthetic_track_0,0.29985423745826495,49.195394507068436
49.72726,447,934.264402,synthetic_track_0,0.33357189411317556,54.72726037313972
39.972012,393,934.905614,synthetic_track_0,0.2741120107590424,44.972012477541824
46.141154,431,935.823033,synthetic_track_0,0.3117139715447717,51.1411542271252
33.19603,342,936.46327,synthetic_track_0,0.23281125518340093,38.19603031632096
30.354814,333,938.639362,synthetic_track_0,0.2154935589564963,35.35481351359119
30.923468,329,939.21497,synthetic_track_0,0.21895960640042098,35.92346838013388
33.912732,362,939.828483,synthetic_track_0,0.23717967248092134,38.912731918221546
38.496969,390,940.540285,synthetic_track_0,0.26512137225391347,43.49696909686651
33.190301,349,941.094107,synthetic_track_0,0.23277633631391267,38.19030137423637
44.1482,416,943.434599,synthetic_track_0,0.2995665806413219,49.1482002745903
12.089712,211,943.798524,synthetic_track_0,0.10416468060187233,17.08971198589491
30.891701,343,944.419167,synthetic_track_0,0.21876597935778075,35.89170108269408
40.074021,400,945.111886,synthetic_track_0,0.27473377062791887,45.07402111446262
35.897422,365,945.740507,synthetic_track_0,0.24927669431730015,40.897422101844874
39.83295,397,946.381206,synthetic_track_0,0.2732644019369679,44.83295007594601
35.741863,381,948.541303,synthetic_track_0,0.24832853779144792,40.74186340526236
12.856353,220,948.904253,synthetic_track_0,0.1088374878608264,17.856353132968025
35.502408,370,949.553654,synthetic_track_0,0.2468690144560813,40.50240763873971
34.35498,353,950.093459,synthetic_track_0,0.2398752492295442,39.35498000081214
37.365096,380,950.689121,synthetic_track_0,0.25822241207266966,42.365095588318596
43.529417,432,951.384473,synthetic_track_0,0.29579499129515324,48.52941687043965
42.851904,420,953.53686,synthetic_track_0,0.2916654351781899,47.851903876008926
26.021269,300,954.072345,synthetic_track_0,0.18907987216617522,31.021268811836396
43.04236,415,954.792039,synthetic_track_0,0.29282629935047394,48.04236031714087
37.642507,392,955.4601,synthetic_track_0,0.25991327956666027,42.64250668689486
51.201979,459,956.331256,synthetic_track_0,0.34256055420482,56.20197916666665
33.585973,376,958.526839,synthetic_track_0,0.23518802291168384,38.58597320002231
26.184277,315,959.15347,synthetic_track_0,0.19007343212591332,31.18427659388432
42.734083,423,959.923406,synthetic_track_0,0.29094729958879295,47.73408341787761
34.539343,365,960.571592,synthetic_track_0,0.24099897431455572,39.53934324124267
33.735278,359,961.248302,synthetic_track_0,0.23609806371887843,38.735278465497174
42.26575,411,961.968156,synthetic_track_0,0.28809272758841487,47.265749880563575
28.188121,318,964.131066,synthetic_track_0,0.20228720228377403,33.18812101652066
35.022279,368,964.700225,synthetic_track_0,0.24394255179671404,40.02227940624203
47.935247,438,965.493733,synthetic_track_0,0.3226492673564809,52.93524657035381
30.555311,346,966.096677,synthetic_track_0,0.21671562233471842,35.55531056347078
42.441152,402,966.763186,synthetic_track_0,0.2891618339631192,47.44115213707136
45.372434,549,969.151004,synthetic_track_0,0.30702849486779626,50.372434480052895
42.61298,437,969.916596,synthetic_track_0,0.2902091534277203,47.612979938048014
46.886728,427,970.640211,synthetic_track_0,0.3162583701573925,51.88672809141441
40.964031,403,971.314529,synthetic_track_0,0.28015853320316314,45.96403133162177
35.781725,372,972.00594,synthetic_track_0,0.24857150212306375,40.7817251935976
29.054437,326,974.079121,synthetic_track_0,0.2075675445535961,34.05443700824448
49.147924,461,974.866547,synthetic_track_0,0.3300407406849314,54.14792393474226
27.198796,311,975.356665,synthetic_track_0,0.1962570994881062,32.198796041607324
31.725039,364,975.977506,synthetic_track_0,0.22384531744399216,36.72503945104289
31.78184,343,976.623656,synthetic_track_0,0.22419152608553344,36.78183995133514
33.957636,376,978.773108,synthetic_track_0,0.2374533728341724,38.9576363923722
37.719924,381,979.592242,synthetic_track_0,0.2603851483434808,42.71992353725531
42.098107,405,980.243029,synthetic_track_0,0.28707091299789717,47.0981065205107
34.315424,361,980.833039,synthetic_track_0,0.23963414667228133,39.31542366330045
31.383066,344,981.393491,synthetic_track_0,0.22176093240080264,36.3830661463681
29.542503,338,981.979398,synthetic_track_0,0.2105423903019847,34.54250318142978
43.551776,424,984.124223,synthetic_track_0,0.295931270962701,48.55177550730646
29.999041,330,984.651386,synthetic_track_0,0.2133250661922152,34.99904112921933
32.24857,348,985.22465,synthetic_track_0,0.22703632436322302,37.248569969060654
17.213831,244,985.640608,synthetic_track_0,0.13539705018191278,22.21383081077731
33.673932,360,986.30413,synthetic_track_0,0.2357241439775335,38.673931561263394
36.234026,371,986.936874,synthetic_track_0,0.25132835094748096,41.234025840282406
6.183943,166,988.737548,synthetic_track_0,0.06816802009961254,11.183942804986946
33.878044,365,989.374123,synthetic_track_0,0.23696824634581645,38.87804442401184
32.312838,363,989.998068,synthetic_track_0,0.22742804970619065,37.3128381379852
32.720579,354,990.589144,synthetic_track_0,0.22991329691173248,37.72057863803812
35.559847,364,991.277428,synthetic_track_0,0.2472191196288279,40.55984742094266
32.456259,338,991.813468,synthetic_track_0,0.22830222126412544,37.45625853792351
46.850754,422,994.042398,synthetic_track_0,0.3160391001584813,51.85075369868467
34.740686,361,994.668395,synthetic_track_0,0.24222619122324845,39.74068580181691
42.458195,414,995.376585,synthetic_track_0,0.28926571369874254,47.45819509974082
37.217471,380,996.007115,synthetic_track_0,0.25732261580060783,42.21747108597608
40.460098,416,996.732836,synthetic_track_0,0.2770869759303211,45.46009824376754
30.215526,337,998.854787,synthetic_track_0,0.21464457527374556,35.21552554635411
41.161558,395,999.651238,synthetic_track_0,0.2813624896444831,46.16155767842987
33.361506,363,1000.349509,synthetic_track_0,0.23381985852593598,38.361506181387114
36.360953,367,1000.99053,synthetic_track_0,0.25210199450441423,41.36095317775744
31.936035,347,1001.615739,synthetic_track_0,0.2251313732468662,36.93603537731956
35.967838,373,1002.335778,synthetic_track_0,0.24970589136311772,40.96783804183372
12.946837,219,1004.31046,synthetic_track_0,0.1093890047022954,17.94683739233133
44.134554,432,1005.091441,synthetic_track_0,0.2994834064791519,49.13455435864316
34.52931,377,1005.74594,synthetic_track_0,0.24093782265805694,39.5293104336635
32.073888,366,1006.419123,synthetic_track_0,0.22597160621200235,37.073887663644086
32.344481,346,1007.086913,synthetic_track_0,0.22762092058743366,37.344481376286936
40.854391,386,1007.773563,synthetic_track_0,0.2794902553729975,45.854390755006925
42.653201,420,1010.067192,synthetic_track_0,0.2904543073681872,47.653200963164956
32.478045,342,1010.735689,synthetic_track_0,0.2284350150815767,37.478045271014196
28.270369,320,1011.256272,synthetic_track_0,0.2027885163790382,33.27036879429938
40.159789,400,1011.943653,synthetic_track_0,0.27525654183353127,45.1597892393857
30.938808,341,1012.514525,synthetic_track_0,0.21905310671527758,35.93880844974536
42.295435,416,1014.702138,synthetic_track_0,0.2882736630661045,47.295434944482366
34.705106,359,1015.336413,synthetic_track_0,0.24200932502385925,39.70510578692489
49.086125,544,1016.24316,synthetic_track_0,0.329664065135306,54.08612490057798
41.691183,391,1016.869327,synthetic_track_0,0.28459064453159283,46.69118285414008
45.706967,496,1017.723996,synthetic_track_0,0.3090675243442645,50.70696655255815
42.483351,404,1019.992124,synthetic_track_0,0.28941904468435015,47.48335125024603
40.871521,413,1020.717193,synthetic_track_0,0.2795946686902502,45.8715212594066
28.481046,343,1021.371439,synthetic_track_0,0.2040726270986467,33.481045601728816
32.604143,349,1022.233537,synthetic_track_0,0.22920360439703907,37.60414338758109
32.229529,340,1022.821858,synthetic_track_0,0.22692026845920416,37.22952933107775
38.114116,398,1025.016535,synthetic_track_0,0.26278781697698905,43.114115836477524
35.884972,365,1025.678185,synthetic_track_0,0.2492008081366562,40.884971883945475
44.965448,408,1026.58486,synthetic_track_0,0.3045478451374909,49.96544826184675
11.332718,210,1026.931442,synthetic_track_0,0.09955067250627164,16.332717686111245
45.573542,422,1027.604193,synthetic_track_0,0.3082542801745108,50.5735421657603
33.096183,375,1028.369222,synthetic_track_0,0.23220266787553262,38.09618282723305
35.510972,365,1030.630555,synthetic_track_0,0.2469212152967166,40.51097193641455
42.113155,430,1031.419229,synthetic_track_0,0.28716263786814483,47.113155302933095
12.069112,213,1031.968521,synthetic_track_0,0.1040391195394601,17.069111890153536
43.198904,450,1032.812322,synthetic_track_0,0.2937804608672886,48.19890421874137
52.575579,504,1033.691416,synthetic_track_0,0.35093288000282996,57.575579466819605
40.664495,409,1035.874274,synthetic_track_0,0.2783328098534837,45.664495192964566
41.481224,440,1036.594894,synthetic_track_0,0.2833109087112463,46.48122381177191
8.201069,181,1037.031515,synthetic_track_0,0.08046274793546322,13.20106949750499
41.684804,415,1037.722954,synthetic_track_0,0.28455176673394744,46.68480439302863
35.45095,358,1038.338495,synthetic_track_0,0.24655537164097371,40.45095003002183
29.335633,325,1038.914485,synthetic_track_0,0.20928147875666916,34.335632531756374
30.288003,348,1040.993186,synthetic_track_0,0.21508634006415348,35.28800340535543
43.188317,407,1041.679525,synthetic_track_0,0.2937159294136592,48.18831690689838
35.005783,369,1042.316869,synthetic_track_0,0.2438420022755901,40.005782813093575
41.632067,396,1042.983332,synthetic_track_0,0.28423032102052764,46.63206660676842
21.580081,275,1043.432273,synthetic_track_0,0.16201008052936144,26.580080686280727
40.183242,383,1044.180145,synthetic_track_0,0.2753994910213895,45.183242106854784
27.641715,315,1046.232955,synthetic_track_0,0.19895676834761933,32.641715493765076
25.862076,316,1046.752026,synthetic_track_0,0.18810956607284257,30.862076160571107
40.290963,400,1047.409206,synthetic_track_0,0.2760560689670151,45.290963149363606
29.040362,319,1047.930357,synthetic_track_0,0.20748175649771447,34.04036224549019
53.466079,472,1048.747514,synthetic_track_0,0.3563606279772369,58.46607948159113
40.170912,407,1050.918619,synthetic_track_0,0.2753243345278736,45.170911604609344
43.764042,429,1051.63579,synthetic_track_0,0.29722507180058527,48.76404211781968
35.185629,371,1052.220328,synthetic_track_0,0.24493819505793293,40.18562898382065
50.290267,473,1053.006979,synthetic_track_0,0.33700351213797947,55.29026659896067
39.861356,394,1053.647326,synthetic_track_0,0.27343754133626424,44.86135608122812
20.187509,260,1054.079183,synthetic_track_0,0.15352211863686632,25.187508623928668
40.241588,405,1056.256614,synthetic_track_0,0.2757551203389629,45.241588204360696
39.784039,379,1056.875253,synthetic_track_0,0.2729662833251702,44.78403943575761
34.00794,360,1057.472427,synthetic_track_0,0.23775998170585172,39.00793998164107
40.396735,393,1058.144414,synthetic_track_0,0.27670076647686176,45.39673503574238
40.807467,412,1058.861148,synthetic_track_0,0.2792042446751213,45.807466592005156
41.063488,416,1061.133319,synthetic_track_0,0.2807647405034632,46.063488346283684
33.720695,353,1061.695823,synthetic_track_0,0.2360091749162037,38.72069498069499
45.292708,461,1062.490855,synthetic_track_0,0.30654255041689743,50.292708313188854
38.806064,390,1063.155787,synthetic_track_0,0.26700535610910253,43.80606370825706
45.323564,428,1063.870514,synthetic_track_0,0.3067306189532845,50.32356365784016
39.857237,415,1066.138429,synthetic_track_0,0.2734124330586723,44.85723670765514
38.484558,399,1066.761216,synthetic_track_0,0.26504572735525084,43.48455846474171
41.141479,395,1067.330174,synthetic_track_0,0.2812401092005802,46.14147940883866
46.272522,443,1068.012358,synthetic_track_0,0.3125146774680061,51.27252153449282
46.628102,700,1070.595574,synthetic_track_0,0.3146819995412457,51.62810185018451
42.345716,422,1071.303369,synthetic_track_0,0.2885801341574097,47.345715928901896
36.940844,381,1071.938414,synthetic_track_0,0.2556365288045255,41.94084429674468
37.088115,384,1072.589595,synthetic_track_0,0.2565341668485152,42.088114710773006
37.089303,386,1073.208342,synthetic_track_0,0.2565414121398386,42.089303404879836
38.975917,387,1075.362383,synthetic_track_0,0.2680406393684216,43.97591679687934
37.016976,361,1075.948116,synthetic_track_0,0.25610056674039267,42.01697638517117
42.28212,419,1076.746471,synthetic_track_0,0.2881925076875826,47.28212023898879
42.870416,408,1077.451884,synthetic_track_0,0.2917782690957634,47.87041590083758
40.451932,410,1078.180561,synthetic_track_0,0.27703720228685974,45.45193216265128
46.061112,422,1080.354416,synthetic_track_0,0.3112261006867653,51.061112005505876
39.453074,400,1081.01133,synthetic_track_0,0.2709489915515209,44.45307374562174
31.354313,337,1081.547242,synthetic_track_0,0.22158567588289957,36.35431279737007
36.403428,373,1082.148547,synthetic_track_0,0.2523608885072027,41.40342845744884
35.53775,357,1082.763266,synthetic_track_0,0.24708443420077464,40.537750341963225
42.726898,431,1083.491498,synthetic_track_0,0.2909035058690048,47.72689842913051
10.768112,205,1085.341493,synthetic_track_0,0.09610930335422806,15.768111647809707
27.715448,331,1085.921093,synthetic_track_0,0.1994061829367962,32.715448412129675
42.985338,429,1086.573849,synthetic_track_0,0.2924787373281483,47.98533777529213
42.447984,431,1087.296485,synthetic_track_0,0.2892034764585179,47.44798418655902
35.720092,361,1087.9424,synthetic_track_0,0.24819583851038562,40.72009218222412
42.917343,412,1090.130568,synthetic_track_0,0.29206429651652405,47.917342807468735
46.995799,440,1090.871367,synthetic_track_0,0.3169231732715889,51.99579859096662
44.74799,427,1091.589493,synthetic_track_0,0.30322240321047655,49.747990476195966
40.708264,400,1092.382416,synthetic_track_0,0.27859958615708785,45.70826367731947
36.799788,368,1093.084389,synthetic_track_0,0.2547767639513027,41.79978752364007
29.145475,329,1093.694961,synthetic_track_0,0.20812243379052534,34.14547455752126
39.177668,386,1096.080614,synthetic_track_0,0.26927034811871925,44.17766817985957
42.940687,412,1096.855513,synthetic_track_0,0.2922065823021263,47.94068683426918
18.599503,260,1097.31855,synthetic_track_0,0.14384295325917712,23.5995025203936
33.418061,366,1097.923071,synthetic_track_0,0.23416457272535668,38.41806149698458
41.800941,425,1098.694549,synthetic_track_0,0.2852596378042575,46.8009408093729
16.521494,245,1100.644918,synthetic_track_0,0.13117713799220357,21.52149360481461
41.697748,417,1101.398621,synthetic_track_0,0.2846306618570848,46.69774827116198
33.310011,351,1101.999058,synthetic_track_0,0.2335059870940539,38.310011064803724
22.291351,281,1102.476653,synthetic_track_0,0.16634539524770173,27.291351334609434
38.17243,416,1103.194277,synthetic_track_0,0.26314325127939553,43.172429938944276
34.303634,362,1103.850214,synthetic_track_0,0.23956228830845053,39.30363426660139
45.183524,454,1106.258238,synthetic_track_0,0.3058770560952362,50.18352441112412
40.476742,419,1106.958565,synthetic_track_0,0.27718842018714157,45.47674163115823
18.984944,259,1107.354478,synthetic_track_0,0.1461922815604693,23.984943571980455
41.615001,414,1108.100572,synthetic_track_0,0.28412630384239035,46.61500109468044
41.814143,415,1108.821656,synthetic_track_0,0.28534010783531455,46.8141430737711
34.298639,373,1111.089899,synthetic_track_0,0.23953184429213212,39.29863948845232
38.421036,387,1111.723865,synthetic_track_0,0.26465854423743207,43.42103551309351
20.000808,260,1112.135726,synthetic_track_0,0.1523841470437787,25.00080803922349
42.851707,418,1112.861236,synthetic_track_0,0.291664238110136,47.85170747980101
36.539907,392,1113.540466,synthetic_track_0,0.25319274788195073,41.539906935999035
35.009871,366,1114.198568,synthetic_track_0,0.2438669193230768,40.00987081262111
45.960405,478,1116.418586,synthetic_track_0,0.31061227491959686,50.960405071929
40.449417,424,1117.13198,synthetic_track_0,0.27702186948201857,45.44941659578968
35.433592,388,1117.826659,synthetic_track_0,0.24644957413896135,40.43359243023108
35.406588,374,1118.473327,synthetic_track_0,0.2462849773502208,40.40658796290948
36.20013,372,1119.122916,synthetic_track_0,0.25112175013044186,41.200130008808166
33.381626,357,1121.508183,synthetic_track_0,0.23394249082953514,38.38162577217899
41.753796,394,1122.254097,synthetic_track_0,0.2849722852239917,46.75379649129145
36.332112,367,1122.893965,synthetic_track_0,0.2519262043909282,41.33211228473991
35.102569,369,1123.643465,synthetic_track_0,0.2444319320319687,40.10256926287834
25.177501,305,1124.279356,synthetic_track_0,0.18393696236431506,30.177500590445177
35.136589,374,1124.97455,synthetic_track_0,0.24463928990104258,40.13658929961254
39.94879,407,1127.159569,synthetic_track_0,0.2739704675627316,44.948790283180564
36.533317,377,1127.813605,synthetic_track_0,0.2531525799899802,41.533316816383724
35.089662,362,1128.439449,synthetic_track_0,0.24435326194794948,40.0896623056446
28.443329,322,1129.067097,synthetic_track_0,0.20384274028607888,33.44332936822779
44.53366,432,1129.774393,synthetic_track_0,0.30191602257112354,49.5336599685662
28.672465,327,1131.734605,synthetic_track_0,0.20523936205852333,33.672465229888346
1.306999,118,1131.90122,synthetic_track_0,0.03844222244674105,6.306998743878451
32.100914,352,1132.461192,synthetic_track_0,0.22613633420994056,37.10091365771915
43.134573,442,1133.23438,synthetic_track_0,0.2933883528911216,48.13457327334465
26.978177,319,1133.814317,synthetic_track_0,0.1949123920838221,31.97817747769745
28.486888,322,1134.340761,synthetic_track_0,0.20410823536643496,33.48688764950645
0.468678,110,1134.504442,synthetic_track_0,0.03333251712390849,5.468678194192696
1.38059,115,1134.685779,synthetic_track_0,0.038890773423460284,6.380589974215174
30.672125,346,1136.820487,synthetic_track_0,0.2174276280407562,35.67212532619258
1.235211,114,1136.992841,synthetic_track_0,0.03800466192229263,6.235210655094294
37.208064,387,1137.665644,synthetic_track_0,0.25726527903587676,42.20806416618527
32.282811,347,1138.261276,synthetic_track_0,0.22724502727401977,37.282810679208524
43.519513,413,1138.943572,synthetic_track_0,0.2957346227097755,48.519512536925255
39.3526,406,1139.624259,synthetic_track_0,0.27033658694164586,44.352599973311136
39.95881,404,1141.749286,synthetic_track_0,0.2740315392925454,44.95880997763908
25.534435,307,1142.258227,synthetic_track_0,0.18611254060502974,30.53443544899574
51.027915,522,1143.103682,synthetic_track_0,0.34149960268651836,56.02791483148117
0.632994,112,1143.265859,synthetic_track_0,0.03433404683148816,5.6329935278447305
25.352435,308,1143.778313,synthetic_track_0,0.1850032158166083,30.352434784054466
26.953067,324,1144.382256,synthetic_track_0,0.19475933781008264,31.95306672574867
39.187906,406,1146.614107,synthetic_track_0,0.2693327470238054,44.18790561648392
40.519562,413,1147.378147,synthetic_track_0,0.2774494166790378,45.519561854386126
36.659257,383,1147.992608,synthetic_track_0,0.25392020923885894,41.65925742023799
37.122547,384,1148.61419,synthetic_track_0,0.25674403625081904,42.12254680060711
41.46303,425,1149.401282,synthetic_track_0,0.28320001156342195,46.46302954183872
26.988778,312,1151.416874,synthetic_track_0,0.19497700190172707,31.988777646325406
54.524035,504,1152.445513,synthetic_track_0,0.36280904779447165,59.52403537224356
45.325012,433,1153.140071,synthetic_track_0,0.3067394441149993,50.325011552376615
39.351134,392,1153.991172,synthetic_track_0,0.2703276518374118,44.351134041125285
46.628102,436,1154.784552,synthetic_track_0,0.3146819995412457,51.62810185018451
45.716664,457,1157.093666,synthetic_track_0,0.3091266348850019,50.716664485779816
27.413934,310,1157.608229,synthetic_track_0,0.19756840248056778,32.413934131965064
42.085123,419,1158.314302,synthetic_track_0,0.28699177605336945,47.085122968104955
27.537132,320,1158.944793,synthetic_track_0,0.198319315713005,32.53713223322741
34.527728,369,1159.572523,synthetic_track_0,0.24092817929257443,39.52772830104696
42.071407,413,1160.266029,synthetic_track_0,0.28690817642688327,47.07140724862573
38.476445,385,1162.460083,synthetic_track_0,0.2649962770630139,43.47644543403816
42.922032,410,1163.170289,synthetic_track_0,0.292092878578262,47.92203210522535
46.72635,425,1163.865713,synthetic_track_0,0.31528083707710336,51.7263497491366
40.595903,404,1164.528984,synthetic_track_0,0.2779147276506992,45.59590280261947
44.980603,438,1166.787146,synthetic_track_0,0.30464021569508126,49.98060297855183
26.083363,313,1167.271693,synthetic_track_0,0.1894583465799077,31.083362975494804
38.085983,394,1167.99919,synthetic_track_0,0.26261634415525786,43.08598325718229
40.199533,390,1168.627476,synthetic_track_0,0.2754987848003249,45.19953267746079
25.523737,300,1169.143299,synthetic_track_0,0.18604733015346026,30.523736737788127
28.487418,319,1169.713577,synthetic_track_0,0.20411147044719471,33.487418410971046
36.469308,380,1171.840384,synthetic_track_0,0.25276243321122754,41.469307633591804
22.903525,278,1172.357949,synthetic_track_0,0.1700766955067739,27.903524735343623
36.609875,360,1172.924064,synthetic_track_0,0.25361921274931065,41.60987462286922
49.304268,464,1173.65162,synthetic_track_0,0.33099368648282174,54.30426838019167
30.762763,335,1174.248239,synthetic_track_0,0.2179800800676341,35.76276301615443
12.183137,214,1174.67035,synthetic_track_0,0.1047341228270575,17.183137161921866
34.412773,353,1176.687383,synthetic_track_0,0.24022750924521946,39.412773315947874
37.685368,386,1177.408431,synthetic_track_0,0.26017452766790083,42.685368190249605
40.106867,388,1178.101803,synthetic_track_0,0.2749339737035912,45.106867304573896
30.716951,336,1178.696583,synthetic_track_0,0.21770085000211714,35.71695131328245
30.302918,334,1179.341383,synthetic_track_0,0.21517724428805704,35.302917548958014
27.265701,311,1179.908567,synthetic_track_0,0.19666489657388037,32.26570101078017
26.847029,328,1181.982098,synthetic_track_0,0.19411302125940785,31.847029212467508
22.833874,277,1182.428607,synthetic_track_0,0.16965216221884985,27.833873951823467
46.450719,419,1183.074169,synthetic_track_0,0.31360081918331145,51.450718683307386
44.565684,443,1183.846992,synthetic_track_0,0.30211121674416264,49.56568437625687
30.250365,334,1184.399442,synthetic_track_0,0.21485692646683377,35.250364809612726
39.523804,387,1185.096488,synthetic_track_0,0.2713801059651772,44.52380425734398
48.849626,424,1187.289533,synthetic_track_0,0.3282225634581652,53.849625845935094
36.18544,380,1188.003381,synthetic_track_0,0.251032213146814,41.1854401806107
36.960549,401,1188.788185,synthetic_track_0,0.2557566320399072,41.96054895757009
37.421957,383,1189.445614,synthetic_track_0,0.2585689914907863,42.42195691983355
48.739428,616,1192.094533,synthetic_track_0,0.3275508913386059,53.73942838739252
26.209839,315,1192.645523,synthetic_track_0,0.19022923754141405,31.209838710154102
46.117855,430,1193.456521,synthetic_track_0,0.31157195748806027,51.11785478135218
38.380347,388,1194.143596,synthetic_track_0,0.26441054235894856,43.38034724283957
46.98488,444,1194.901252,synthetic_track_0,0.3168566231632312,51.98488008982121
26.36029,303,1195.469573,synthetic_track_0,0.19114626612202146,31.36029042022379
33.070315,344,1197.53672,synthetic_track_0,0.23204499844452633,38.07031489244644
36.134454,373,1198.229662,synthetic_track_0,0.2507214440540868,41.134454047325036
38.24562,382,1198.87746,synthetic_track_0,0.26358935988595794,43.24562046337664
38.741424,376,1199.616786,synthetic_track_0,0.2666113649078999,43.74142379274419
45.8687,432,1200.44552,synthetic_track_0,0.3100533143396208,50.86869956034806
36.114317,376,1202.572485,synthetic_track_0,0.2505987068181709,41.11431724087944
43.402735,417,1203.265954,synthetic_track_0,0.2950228442250991,48.40273505313141
24.050304,282,1203.718586,synthetic_track_0,0.17706650961686654,29.050304135867993
30.44932,341,1204.281366,synthetic_track_0,0.2160695932207011,35.44932020830178
43.343724,402,1205.035947,synthetic_track_0,0.2946631620882585,48.343724032413434
40.427375,400,1205.666705,synthetic_track_0,0.27688752206287903,45.427374972027415
35.166052,354,1207.8285,synthetic_track_0,0.24481887003459765,40.16605199985903
39.673867,404,1208.499667,synthetic_track_0,0.27229476247261075,44.67386679473905
43.555922,439,1209.284437,synthetic_track_0,0.29595654600264143,48.55592224063793
26.133857,304,1209.801041,synthetic_track_0,0.18976611319947542,31.13385650993368
47.47113,647,1210.899603,synthetic_track_0,0.31982039972192505,52.47113020344863
42.176598,390,1213.189656,synthetic_track_0,0.28754932997350907,47.17659769693565
32.638359,347,1213.874561,synthetic_track_0,0.22941215715430155,37.638359462884985
42.682302,401,1214.601932,synthetic_track_0,0.2906316857217066,47.68230242977209
38.579235,396,1215.279373,synthetic_track_0,0.26562279421526613,43.579234571626344
37.448699,381,1215.887127,synthetic_track_0,0.25873198975836864,42.44869912679935
8.463817,180,1217.65067,synthetic_track_0,0.08206423937174832,13.463817170092753
36.300745,364,1218.252412,synthetic_track_0,0.2517350141165801,41.3007447741381
25.755922,297,1218.756622,synthetic_track_0,0.18746253549338662,30.755921500612693
42.712478,438,1219.498361,synthetic_track_0,0.2908156103417346,47.71247790542499
39.629186,378,1220.133483,synthetic_track_0,0.27202242763961526,44.62918635379949
54.900146,697,1222.893682,synthetic_track_0,0.3651015045495217,59.900145829814726
47.694573,444,1223.670231,synthetic_track_0,0.3211823232350859,52.694573317297326
40.632628,403,1224.333461,synthetic_track_0,0.2781385751898918,45.63262820658029
21.748461,266,1224.753556,synthetic_track_0,0.16303638621838173,26.748460875549284
43.674125,426,1225.504696,synthetic_track_0,0.2966770131017297,48.674125216421935
38.183939,383,1227.536795,synthetic_track_0,0.2632133989332573,43.18393866910173
40.133594,405,1228.21057,synthetic_track_0,0.2750968792724915,45.133594302989465
32.688344,341,1228.75953,synthetic_track_0,0.2297168229111399,37.68834425625494
25.429982,288,1229.228664,synthetic_track_0,0.18547588008636548,30.42998214645696
33.566769,359,1229.831615,synthetic_track_0,0.23507097098966104,38.5667691509799
41.887048,407,1230.508475,synthetic_track_0,0.2857844751200222,46.88704790934232
37.459485,384,1232.626595,synthetic_track_0,0.2587977288422002,42.459484567722384
35.835596,371,1233.246098,synthetic_track_0,0.2488998531194214,40.8355958907054
45.849254,433,1233.944443,synthetic_track_0,0.30993478784904244,50.849253587154664
47.682212,420,1234.673486,synthetic_track_0,0.3211069764416352,52.682211593614284
35.981989,589,1235.640471,synthetic_track_0,0.24979214393185178,40.98198901459332
38.233889,387,1237.730361,synthetic_track_0,0.26351785705317016,43.23388939665174
48.931192,675,1238.848212,synthetic_track_0,0.32871972373189795,53.931192129629615
35.916807,373,1239.511092,synthetic_track_0,0.24939484563125527,40.916806521924514
47.747338,641,1240.636762,synthetic_track_0,0.3215039315754846,52.747337784849265
26.776006,308,1242.737692,synthetic_track_0,0.1936801205322217,31.776005630353602
45.760917,428,1243.478946,synthetic_track_0,0.3093963613530565,50.76091698698647
35.779722,368,1244.206839,synthetic_track_0,0.24855929535431878,40.779722497857314
33.957946,363,1244.81456,synthetic_track_0,0.2374552619345363,38.95794632642034
39.563243,384,1245.464427,synthetic_track_0,0.2716204902713068,44.56324275544091
24.063709,292,1247.455714,synthetic_track_0,0.17714821383791393,29.063708886860976
38.979055,393,1248.123623,synthetic_track_0,0.26805976720331337,43.97905499292934
42.646725,407,1248.829714,synthetic_track_0,0.290414834765417,47.64672491572951
43.16995,407,1249.476879,synthetic_track_0,0.293603980474886,48.169950075553
30.070193,320,1249.968571,synthetic_track_0,0.2137587484036638,35.07019292505107
30.323113,323,1250.561985,synthetic_track_0,0.21530033804776172,35.32311284825197
47.028133,454,1252.851048,synthetic_track_0,0.3171202594229666,52.028133404878524
25.54316,309,1253.408579,synthetic_track_0,0.1861657183609536,30.54316002365525
45.857531,419,1254.177489,synthetic_track_0,0.3099852416123208,50.85753125169556
24.263865,295,1254.690596,synthetic_track_0,0.17836819847510174,29.26386488941662
28.412255,327,1255.324419,synthetic_track_0,0.20365333885314094,33.41225534275272
34.626624,357,1256.016675,synthetic_track_0,0.241530966834017,39.6266242551498
38.238321,383,1258.283481,synthetic_track_0,0.2635448679842584,43.23832092785888
28.251918,314,1258.835538,synthetic_track_0,0.20267605485707865,33.251917866319964
42.782637,438,1259.665761,synthetic_track_0,0.2912432389229529,47.78263651626824
27.397024,309,1260.220486,synthetic_track_0,0.1974653302290621,32.39702364866312
27.401404,313,1260.783598,synthetic_track_0,0.19749203219311443,32.40140448939028
39.29069,392,1263.11147,synthetic_track_0,0.26995923386174014,44.2906897805729
44.086176,420,1263.824965,synthetic_track_0,0.299188533066009,49.08617613990537
27.6478,313,1264.347545,synthetic_track_0,0.1989938564768076,32.647800334060854
35.476312,359,1264.951499,synthetic_track_0,0.2467099546104298,40.476311586459815
43.86879,437,1265.651559,synthetic_track_0,0.29786352710402797,48.868789880580124
43.391231,405,1266.336172,synthetic_track_0,0.2949527249265599,48.39123097507189
41.744523,397,1268.452246,synthetic_track_0,0.28491576237620797,46.74452310626627
34.88517,358,1269.113555,synthetic_track_0,0.24310684730375853,39.88517008082188
45.246374,414,1269.773672,synthetic_track_0,0.3062601329021068,50.24637366348171
27.162853,323,1270.289699,synthetic_track_0,0.19603802137607712,32.162853130676694
26.653745,312,1270.811555,synthetic_track_0,0.19293492178883945,31.653745073098797
28.67197,319,1272.918502,synthetic_track_0,0.20523634624967282,33.671970443129894
25.769557,302,1273.467579,synthetic_track_0,0.18754564671608853,30.769557090436077
24.965504,293,1274.001253,synthetic_track_0,0.1826448081436405,29.965504131135827
27.961817,311,1274.512259,synthetic_track_0,0.20090784256588215,32.961817242846976
41.461662,396,1275.177421,synthetic_track_0,0.2831916783418471,46.461662357148036
35.318584,362,1275.819401,synthetic_track_0,0.2457485791257359,40.3185841298134
37.332594,383,1277.980468,synthetic_track_0,0.25802431047493013,42.33259417584603
26.019701,311,1278.522806,synthetic_track_0,0.18907031827382093,31.019701358571663
47.395569,424,1279.264224,synthetic_track_0,0.31935984333399875,52.395569312967844
32.151083,335,1279.803519,synthetic_track_0,0.22644212600135535,37.151083193234776
9.000009,182,1280.084455,synthetic_track_0,0.08533241887287765,14.000008958612497
45.906792,431,1280.846025,synthetic_track_0,0.3102854941586502,50.9067919944939
43.056577,417,1283.050312,synthetic_track_0,0.29291295525150507,48.05657746235692
33.847836,343,1283.624039,synthetic_track_0,0.23678412237378693,38.84783624179977
45.860405,427,1284.331317,synthetic_track_0,0.31000275803512795,50.86040507244811
46.530999,446,1285.080592,synthetic_track_0,0.31409014037102373,51.530998852346265
34.792282,385,1285.765742,synthetic_track_0,0.24254068136868745,39.79228242724599
40.478465,399,1287.987029,synthetic_track_0,0.277198922357757,45.47846466309196
43.491274,418,1288.719295,synthetic_track_0,0.2955625052586928,48.491274196926
35.494472,372,1289.324249,synthetic_track_0,0.24682064461714545,40.494471871918925
28.641622,325,1289.885,synthetic_track_0,0.20505136546007882,33.64162168768977
34.769682,364,1290.470507,synthetic_track_0,0.24240292799942778,39.76968200844634
45.329188,599,1292.926419,synthetic_track_0,0.3067649016735761,50.329188230511924
42.300917,422,1293.641411,synthetic_track_0,0.28830707420312435,47.30091652139971
4.441575,140,1293.872948,synthetic_track_0,0.05754799411042944,9.441575004412176
45.791251,444,1294.643199,synthetic_track_0,0.3095812552424734,50.791251485204384
38.003703,386,1295.315659,synthetic_track_0,0.2621148316986469,43.00370293537554
28.060347,308,1295.82221,synthetic_track_0,0.20150839981013308,33.060347284661425
28.47572,310,1297.858128,synthetic_track_0,0.2040401654354451,33.475719799628784
5.086753,145,1298.095775,synthetic_track_0,0.06148046392201674,10.086753159665362
31.88247,340,1298.733124,synthetic_track_0,0.22480488601385085,36.88247045735759
5.136953,146,1298.981975,synthetic_track_0,0.061786441350140615,10.136953151549443
39.540015,409,1299.674368,synthetic_track_0,0.2714789144288511,44.540015205010675
29.960405,327,1300.215714,synthetic_track_0,0.2130895696008727,34.960404530936216
8.364429,175,1300.485929,synthetic_track_0,0.0814584536548094,13.364429322236491
28.136427,545,1302.932492,synthetic_track_0,0.20197212067785653,33.13642735350484
32.769534,339,1303.659518,synthetic_track_0,0.2302116877199633,37.76953393596097
41.389396,398,1304.378576,synthetic_track_0,0.2827512028550297,46.389396026919194
32.503267,344,1304.950556,synthetic_track_0,0.22858874632446358,37.503267089475024
39.046388,381,1305.625642,synthetic_track_0,0.268470174977573,44.046388283045935
29.537779,319,1306.234282,synthetic_track_0,0.2105135980457332,34.53777939824416
35.305153,360,1308.347084,synthetic_track_0,0.24566671644494795,40.305153381224
29.531182,315,1308.881165,synthetic_track_0,0.21047338594108525,34.53118202490409
35.235246,343,1309.48026,synthetic_track_0,0.24524062202904662,40.235246472236454
31.888426,333,1310.018361,synthetic_track_0,0.22484118905530645,36.88842649273449
38.259126,376,1310.710438,synthetic_track_0,0.26367168089067927,43.25912640659029
34.242374,346,1311.25859,synthetic_track_0,0.2391888940606941,39.24237357713855
47.626071,420,1313.452419,synthetic_track_0,0.3207647883448767,52.626070721441344
37.384038,370,1314.063242,synthetic_track_0,0.25833787091270155,42.38403826937871
36.947105,364,1314.665731,synthetic_track_0,0.25567469105487856,41.947105362045306
20.990864,271,1315.120256,synthetic_track_0,0.1584187064991332,25.990864193170104
43.883691,414,1315.824085,synthetic_track_0,0.29795435042912244,48.88369075157111
42.889457,413,1318.042386,synthetic_track_0,0.29189432783927055,47.88945700467933
35.120461,357,1318.688707,synthetic_track_0,0.24454098378231676,40.120460768849824
28.923393,319,1319.21659,synthetic_track_0,0.20676881025376703,33.92339317401523
43.782461,414,1319.967158,synthetic_track_0,0.29733733547045776,48.78246058532243
45.234926,416,1320.764324,synthetic_track_0,0.3061903569750816,50.234925920450976
30.595922,344,1321.380466,synthetic_track_0,0.2169631535129697,35.595921608590885
39.715741,376,1323.542509,synthetic_track_0,0.2725499911190614,44.715740720077164
41.805342,390,1324.215001,synthetic_track_0,0.28528646169842475,46.8053416544867
33.367111,344,1324.809676,synthetic_track_0,0.23385402112851214,38.36711104702239
7.865834,174,1325.078499,synthetic_track_0,0.07841942822581885,12.865833550625918
43.789618,429,1325.780366,synthetic_track_0,0.2973809614500932,48.78961805388821
42.85612,401,1326.49208,synthetic_track_0,0.29169113429848714,47.85612018581406
36.357924,380,1328.647211,synthetic_track_0,0.2520835284054792,41.35792354899576
21.184603,268,1329.103553,synthetic_track_0,0.15959957670841646,26.18460291202153
8.196693,174,1329.391794,synthetic_track_0,0.08043607173849208,13.1966928842376
42.263503,502,1330.21852,synthetic_track_0,0.2880790297491339,47.263502553285385
29.33196,309,1330.721644,synthetic_track_0,0.2092590942943778,34.33196003920604
39.316328,384,1331.433411,synthetic_track_0,0.27011550435908516,44.31632820019928
26.301792,304,1333.694509,synthetic_track_0,0.1907897088462261,31.301792077843153
37.181795,377,1334.506425,synthetic_track_0,0.2571051642267696,42.18179503199787
47.432233,664,1335.84039,synthetic_track_0,0.3195833161717926,52.4322332417823
27.116378,309,1336.460601,synthetic_track_0,0.19575474762774583,32.11637800355899
40.738405,392,1337.140665,synthetic_track_0,0.27878330440115323,45.738405294031494
37.321487,397,1339.39274,synthetic_track_0,0.2579566079184859,42.32148659903923
37.314657,359,1340.017671,synthetic_track_0,0.2579149807852845,42.3146570699407
44.857315,403,1340.815876,synthetic_track_0,0.30388875344762134,49.85731480348942
18.82914,256,1341.236007,synthetic_track_0,0.14524263186056793,23.829139898748497
10.251673,194,1341.565829,synthetic_track_0,0.09296152188109291,15.251672885077603
45.326837,416,1342.29248,synthetic_track_0,0.3067505728688667,50.32683738429254
20.815387,267,1344.349691,synthetic_track_0,0.15734914600816735,25.815387432367075
38.060901,371,1345.020517,synthetic_track_0,0.26246346247432367,43.06090082156219
29.707701,318,1345.57856,synthetic_track_0,0.21154929967668865,34.70770112674253
40.5383,403,1346.265715,synthetic_track_0,0.2775636282798063,45.538299907930806
34.822937,350,1346.861522,synthetic_track_0,0.24272752485993496,39.82293678564664
32.249772,344,1347.452364,synthetic_track_0,0.2270436479420031,37.2497715073492
35.929551,362,1349.666816,synthetic_track_0,0.24947252764486752,40.929551372016185
40.538191,390,1350.318544,synthetic_track_0,0.27756296202013037,45.53819059846138
8.449087,176,1350.604637,synthetic_track_0,0.08197445376214492,13.449086551232941
33.859537,345,1351.1866,synthetic_track_0,0.23685543781092397,38.859536563576576
8.309735,175,1351.481357,synthetic_track_0,0.08112508317917562,13.309735107457898
43.889306,406,1352.235862,synthetic_track_0,0.2979885743382186,48.889305675421554
22.303992,275,1352.670537,synthetic_track_0,0.16642244123278208,27.303991835085075
47.463495,648,1355.329739,synthetic_track_0,0.31977386425063653,52.463495390987696
23.707798,271,1355.747932,synthetic_track_0,0.17497887571880844,28.707797809888216
42.466328,411,1356.494372,synthetic_track_0,0.2893152835057088,47.466327738552316
33.785721,353,1357.083871,synthetic_track_0,0.23640551887398017,38.78572089971679
33.143786,336,1357.647071,synthetic_track_0,0.23249281986961812,38.14378642936002
36.934878,361,1359.715558,synthetic_track_0,0.255600164589141,41.934878224906086
27.436264,314,1360.248725,synthetic_track_0,0.1977045047018572,32.436263656224504
43.100733,418,1360.989832,synthetic_track_0,0.29318208904765114,48.100732727224354
3.668117,130,1361.250658,synthetic_track_0,0.05283363671338355,8.66811696039414
33.252574,349,1361.91755,synthetic_track_0,0.23315589650644256,38.2525736755017
34.817168,343,1362.541648,synthetic_track_0,0.24269236411312786,39.81716816011378
35.291845,342,1365.186536,synthetic_track_0,0.24558559823690934,40.2918447740821
11.645144,201,1365.646854,synthetic_track_0,0.10145496099173573,16.645143563736912
4.269825,138,1365.94066,synthetic_track_0,0.056501148491527646,9.269824944628418
29.834356,322,1366.555736,synthetic_track_0,0.21232128432869127,34.834356297036585
5.184945,146,1366.827154,synthetic_track_0,0.062078962654653874,10.184945473082852
9.217698,181,1367.17395,synthetic_track_0,0.08665926844337087,14.21769768839419
8.993386,180,1367.512147,synthetic_track_0,0.08529204907622744,13.993385713634497
37.312544,364,1368.300529,synthetic_track_0,0.2579021014045155,42.31254402253704
39.133865,379,1369.029466,synthetic_track_0,0.2690033573572553,44.133864510612476
9.17015,181,1371.221534,synthetic_track_0,0.08636945918948695,14.170150317720122
9.009615,181,1371.543281,synthetic_track_0,0.08539097151966829,14.009615361319078
23.601868,284,1372.156449,synthetic_track_0,0.17433321454918022,28.60186782128108
33.195119,459,1373.079563,synthetic_track_0,0.2328057018011922,38.19511920420554
9.063253,178,1373.393541,synthetic_track_0,0.08571789947444713,14.063252588016509
37.770982,367,1374.021195,synthetic_track_0,0.26069635880224473,42.77098208297871
22.762252,288,1374.540587,synthetic_track_0,0.1692156120925231,27.76225163336367
39.376344,395,1376.901717,synthetic_track_0,0.2704813116642363,44.376344142755315
9.285785,180,1377.204601,synthetic_track_0,0.08707427487328377,14.285785454021905
46.414314,433,1378.041377,synthetic_track_0,0.3133789269233156,51.414314070982776
8.712182,178,1378.344718,synthetic_track_0,0.08357806366880274,13.71218178931326
33.474554,356,1378.963651,synthetic_track_0,0.23450890604845112,38.47455432435014
38.808963,392,1379.656625,synthetic_track_0,0.26702302672484735,43.808962826575744
39.196812,398,1381.926626,synthetic_track_0,0.2693870350839857,44.196812352504175
31.036802,338,1382.624213,synthetic_track_0,0.21965039577517395,36.03680229897501
49.298889,465,1383.496974,synthetic_track_0,0.3309608974426129,54.29888886719144
35.240447,375,1384.206761,synthetic_track_0,0.24527231987078224,40.24044695845411
31.695841,327,1384.871553,synthetic_track_0,0.2236673491934938,36.69584120336357
34.810251,349,1385.479898,synthetic_track_0,0.24265020243483024,39.810250931214455
36.972753,379,1387.882709,synthetic_track_0,0.2558310203441934,41.97275342733878
42.554516,412,1388.575915,synthetic_track_0,0.28985280396137514,47.554515689792474
48.294917,431,1389.428371,synthetic_track_0,0.3248415223178259,53.294917484454054
41.947726,406,1390.162702,synthetic_track_0,0.28615431834230654,46.94772600207254
31.54557,333,1390.787131,synthetic_track_0,0.22275141974778448,36.54556982216096
38.496498,377,1393.212965,synthetic_track_0,0.26511850216096594,43.49649821689488
45.392708,432,1394.016999,synthetic_track_0,0.3071520673013664,50.39270831266975
49.398889,431,1394.780685,synthetic_track_0,0.33157041439346535,54.39888887756349
28.816662,313,1395.341712,synthetic_track_0,0.20611826342367912,33.8166616226362
47.22113,438,1396.098595,synthetic_track_0,0.3182966082134949,52.22113032004137
9.511782,186,1396.46925,synthetic_track_0,0.08845176118254396,14.511781868101505
26.727983,297,1398.664373,synthetic_track_0,0.1933874164539689,31.727983322163013
48.740251,424,1399.644523,synthetic_track_0,0.3275559078775625,53.74025142266167
45.792708,601,1400.701426,synthetic_track_0,0.30959013492689935,50.792708324974726
38.159887,387,1401.432415,synthetic_track_0,0.2630668021291935,43.15988735780285
34.652538,362,1403.678793,synthetic_track_0,0.24168891396327105,39.65253775032258
31.690879,331,1404.264,synthetic_track_0,0.22363710471216014,36.6908791617947
41.02196,424,1404.977938,synthetic_track_0,0.28051161682712084,46.02195977152584
46.087776,431,1405.749139,synthetic_track_0,0.31138862439758713,51.08777635461899
25.469103,288,1406.306156,synthetic_track_0,0.18571432863212622,30.46910305526176
29.059315,312,1406.823648,synthetic_track_0,0.20759727376419684,34.059314512248704
32.349453,322,1408.952765,synthetic_track_0,0.22765122601611978,37.349453417144375
42.867964,396,1409.616287,synthetic_track_0,0.29176332231244406,47.86796366635112
42.141136,384,1410.365266,synthetic_track_0,0.2873331855061475,47.14113609254911
47.223905,582,1411.340679,synthetic_track_0,0.31831352155237275,52.22390519621313
31.950177,323,1411.913951,synthetic_track_0,0.22521757159602018,36.95017745457828
37.046872,372,1414.149575,synthetic_track_0,0.2562827864370311,42.04687214365394
42.896931,419,1414.886264,synthetic_track_0,0.2919398846747564,47.89693125788054
43.346788,440,1415.709687,synthetic_track_0,0.2946818359688921,48.34678775074717
40.900241,393,1416.345858,synthetic_track_0,0.2797697233127373,45.90024148456179
46.060405,442,1417.071724,synthetic_track_0,0.31122179192301525,51.06040509092525
20.920597,259,1417.633131,synthetic_track_0,0.15799041530413424,25.920596871018923
31.741255,330,1419.803568,synthetic_track_0,0.22394415120385275,36.74125454891235
34.739115,362,1420.430537,synthetic_track_0,0.24221661921217177,39.73911537591553
49.739002,434,1421.237238,synthetic_track_0,0.3336434608847924,54.7390019299479
50.736327,461,1422.163119,synthetic_track_0,0.3397223274796319,55.736327306517204
47.537588,446,1422.948732,synthetic_track_0,0.3202254715269387,52.537588051169095
40.68913,393,1425.264936,synthetic_track_0,0.27848296587512905,45.68913044502928
40.592551,386,1425.914583,synthetic_track_0,0.2778942978028741,45.59255099264676
37.849282,385,1426.758417,synthetic_track_0,0.26117361191629784,42.849282311198216
47.638033,567,1427.787224,synthetic_track_0,0.32083770247513604,52.63803333178714
28.059939,316,1428.32643,synthetic_track_0,0.2015059085736586,33.05993856153578
36.634579,364,1430.556772,synthetic_track_0,0.2537697925870666,41.63457940805421
37.843736,377,1431.205642,synthetic_track_0,0.2611398077566806,42.84373625327872
30.366439,347,1431.906938,synthetic_track_0,0.21556441522428083,35.366438502040594
36.08244,383,1432.598659,synthetic_track_0,0.25040440679439013,41.08243953121739
37.580767,387,1433.260618,synthetic_track_0,0.25953696407728893,42.58076672578685
41.942196,426,1435.582402,synthetic_track_0,0.2861206134883804,46.942196236678015
46.060405,422,1436.385354,synthetic_track_0,0.31122179192301525,51.06040509092525
53.301512,729,1437.597141,synthetic_track_0,0.35535756102145616,58.30151194029199
21.850647,272,1438.131482,synthetic_track_0,0.16365922534688782,26.850646580513885
31.620228,340,1438.811491,synthetic_track_0,0.22320647439041677,36.62022807230386
29.066663,317,1441.090526,synthetic_track_0,0.2076420648267157,34.06666312939577
37.07265,365,1441.791425,synthetic_track_0,0.25643990484653717,42.07264967544903
46.812743,430,1442.566625,synthetic_track_0,0.31580741553552966,51.81274250856796
33.710839,340,1443.340758,synthetic_track_0,0.2359491010615127,38.71083900198301
19.667562,255,1443.849118,synthetic_track_0,0.1503529543517166,24.66756170376099
47.095799,737,1446.722977,synthetic_track_0,0.31753269015605784,52.095798590447515
17.813107,247,1447.161578,synthetic_track_0,0.13904973809487536,22.813106727011128
40.258217,407,1447.941532,synthetic_track_0,0.27585647527150653,45.2582169368208
23.386067,281,1448.416168,synthetic_track_0,0.17301787359032758,28.386067244538964
32.45141,344,1448.999364,synthetic_track_0,0.22827267092455106,37.45141038028031
26.453901,305,1449.539995,synthetic_track_0,0.1917168361058219,31.453900621249755
36.244951,356,1452.076148,synthetic_track_0,0.25139494467247486,41.24495149736346
48.21459,438,1452.946685,synthetic_track_0,0.3243519155627904,53.214590463994156
43.163148,418,1453.677516,synthetic_track_0,0.2935625197929315,48.16314785517228
27.459349,315,1454.253856,synthetic_track_0,0.19784521568904884,32.459349314726616
31.920235,337,1454.971849,synthetic_track_0,0.22503506608204216,36.92023480365572
9.122227,178,1455.309503,synthetic_track_0,0.08607735575592192,14.122226553917713
31.656957,335,1457.422866,synthetic_track_0,0.22343034247072766,36.65695684633016
44.538446,399,1458.091521,synthetic_track_0,0.30194519429246997,49.538446008450954
24.308897,288,1458.583505,synthetic_track_0,0.1786426794647479,29.308897438180292
39.041508,381,1459.356389,synthetic_track_0,0.26844042894535625,44.041508019214
18.657444,250,1459.884619,synthetic_track_0,0.144196114782056,23.65744374073457
33.454491,340,1460.489192,synthetic_track_0,0.23438661846950876,38.45449129058954
34.441426,349,1462.78651,synthetic_track_0,0.24040215316909194,39.441426160096405
48.859492,716,1464.027207,synthetic_track_0,0.32828270236529544,53.85949249743408
35.944931,365,1464.726384,synthetic_track_0,0.24956626707159568,40.94493067136459
24.376791,294,1465.243017,synthetic_track_0,0.17905650512786506,29.376791482055634
36.090663,374,1465.95062,synthetic_track_0,0.25045453304353327,41.09066346236027
33.955584,344,1468.200835,synthetic_track_0,0.23744086163750167,38.955583750858146
43.207085,416,1468.945537,synthetic_track_0,0.2938303225011935,48.20708473595371
30.218108,326,1469.527894,synthetic_track_0,0.21466031826666432,35.21810841046143
30.890378,330,1470.078115,synthetic_track_0,0.21875791738782085,35.89037840072685
38.496766,395,1470.792052,synthetic_track_0,0.2651201325214961,43.49676570095696
31.025319,332,1471.404453,synthetic_track_0,0.21958040598720666,36.025319468985
17.983667,251,1473.545036,synthetic_track_0,0.14008933332584056,22.983667256515464
46.190426,425,1474.348445,synthetic_track_0,0.3120142884215764,51.19042552426201
42.570815,403,1475.124906,synthetic_track_0,0.28995215341043523,47.570815393882036
29.200281,317,1475.687071,synthetic_track_0,0.20845648797006489,34.20028094374574
31.358144,328,1476.345014,synthetic_track_0,0.22160902715584863,36.35814390909525
36.937231,361,1477.124229,synthetic_track_0,0.2556145023795114,41.93723054535222
38.152391,370,1479.512625,synthetic_track_0,0.2630211090456731,43.15239075115463
38.586398,374,1480.227262,synthetic_track_0,0.26566645830737434,43.58639829309069
36.74412,375,1480.931714,synthetic_track_0,0.25443745927720907,41.74411971837034
43.608797,402,1481.630542,synthetic_track_0,0.2962788293049196,48.60879744538077
35.915484,361,1482.228575,synthetic_track_0,0.2493867869847493,40.915484385217646
21.321284,264,1484.308602,synthetic_track_0,0.16043267367337324,26.321284435021166
42.504588,390,1485.023213,synthetic_track_0,0.28954848540300127,47.50458785931748
31.554543,335,1485.671723,synthetic_track_0,0.22280611572440165,36.55454348273164
38.800807,382,1486.372801,synthetic_track_0,0.2669733156899968,43.80080701730135
41.964652,406,1487.108443,synthetic_track_0,0.2862574871708481,46.96465233022437
42.446081,430,1487.995667,synthetic_track_0,0.28919187355018133,47.44608056279206
44.256499,417,1490.341933,synthetic_track_0,0.3002266804449383,49.25649912848749
40.411709,392,1491.039562,synthetic_track_0,0.2767920356117441,45.411709048232304
37.248916,372,1491.650545,synthetic_track_0,0.2575142752700309,42.24891557476905
42.623989,404,1492.336863,synthetic_track_0,0.29027625671249335,47.62398919572972
24.479409,291,1492.924149,synthetic_track_0,0.17968197649748324,29.479409043981953
19.886768,255,1494.923203,synthetic_track_0,0.1516890510360088,24.88676755537911
18.114736,242,1495.393651,synthetic_track_0,0.14088821903984503,23.114735932414966
29.891937,323,1495.992764,synthetic_track_0,0.21267224872499005,34.89193704720443
38.127137,385,1496.680429,synthetic_track_0,0.2628671834129348,43.12713704024662
25.470644,297,1497.259172,synthetic_track_0,0.1857237207922226,30.470643974026594
19.18643,253,1497.700691,synthetic_track_0,0.14742037683232032,24.18643024064688
45.607339,444,1498.576656,synthetic_track_0,0.30846028023168165,50.60733943394935
40.417855,390,1501.157775,synthetic_track_0,0.27682949816843383,45.41785531873766
26.020163,297,1501.706988,synthetic_track_0,0.18907313268441792,31.020163103053907
41.625227,398,1502.46877,synthetic_track_0,0.28418863517853327,46.62522744564915
36.852551,371,1503.152645,synthetic_track_0,0.2550983692853337,41.8525514979542
37.1357,380,1503.880571,synthetic_track_0,0.2568242064701922,42.13569987659234
31.44234,328,1506.215976,synthetic_track_0,0.22212221455160516,36.44233967235776
42.681357,403,1507.054469,synthetic_track_0,0.290625923434603,47.68135704380814
40.438154,404,1507.739683,synthetic_track_0,0.27695322077169043,45.438153788848474
21.390441,265,1508.193412,synthetic_track_0,0.16085419691431346,26.390441377099858
47.341485,441,1509.041037,synthetic_track_0,0.3190301922543441,52.341485318521876
47.663495,644,1511.89566,synthetic_track_0,0.3209928977742884,52.66349534970678
18.701796,247,1512.332876,synthetic_track_0,0.14446645123709143,23.701796319066773
45.987844,412,1513.106723,synthetic_track_0,0.31077951996701086,50.987844024123326
21.438929,266,1513.651263,synthetic_track_0,0.1611497401493758,26.438929489744293
33.68695,346,1514.295717,synthetic_track_0,0.23580349237771886,38.68694980600695
37.248918,373,1514.918683,synthetic_track_0,0.2575142906709773,42.248918101515514
20.177063,259,1516.855749,synthetic_track_0,0.15345845293382243,25.177063350904135
45.718685,420,1517.545776,synthetic_track_0,0.3091389497624639,50.718684918307915
24.766899,292,1518.1042,synthetic_track_0,0.1814342765499213,29.76689903613671
28.395991,301,1518.63572,synthetic_track_0,0.20355420192539678,33.39599050583752
44.623259,410,1519.314795,synthetic_track_0,0.30246214417660444,49.62325906197306
33.958,343,1519.853637,synthetic_track_0,0.23745558756203772,38.957999750288984
24.07934,279,1522.106622,synthetic_track_0,0.1772434911009337,29.0793404903412
47.105926,651,1523.277538,synthetic_track_0,0.31759441691409346,52.10592575169407
24.72174,293,1523.791617,synthetic_track_0,0.18115902348468138,29.721739817282437
39.594456,382,1524.418782,synthetic_track_0,0.27181074045306164,44.594456030350095
40.127103,377,1525.046748,synthetic_track_0,0.27505731547068396,45.12710329304203
31.875824,337,1527.366507,synthetic_track_0,0.22476437529677226,36.87582409235925
43.857588,404,1528.135634,synthetic_track_0,0.2977952499434052,48.857588031704715
35.422749,364,1528.766802,synthetic_track_0,0.24638348239693567,40.42274913066602
22.140528,272,1529.280601,synthetic_track_0,0.16542610037764757,27.14052780720495
46.058351,415,1530.099415,synthetic_track_0,0.3112092719205313,51.05835100469106
26.723334,317,1530.636872,synthetic_track_0,0.19335907663194846,31.723333767311384
25.54428,295,1532.807257,synthetic_track_0,0.18617254346977352,30.544279780787235
20.697049,262,1533.323488,synthetic_track_0,0.15662785071647187,25.697048579690403
33.039193,335,1533.958517,synthetic_track_0,0.23185530566599816,38.03919306754265
41.808714,376,1534.60411,synthetic_track_0,0.2853070156128938,46.808713819374354
37.616834,372,1535.249734,synthetic_track_0,0.25975679882905567,42.616833774334175
46.208394,416,1535.950582,synthetic_track_0,0.31212381216385715,51.20839446728934
33.095634,350,1538.116879,synthetic_track_0,0.23219932046036834,38.09563363569592
34.429886,341,1538.71085,synthetic_track_0,0.24033181667940284,39.429886448709205
32.800451,327,1539.337698,synthetic_track_0,0.23040013129221978,37.80045081063335
31.035478,320,1539.869688,synthetic_track_0,0.21964232549790283,36.035478254074064
43.094233,412,1540.574097,synthetic_track_0,0.29314247259053444,48.094233078417155
30.53656,336,1541.155839,synthetic_track_0,0.21660133259200326,35.5365596896174
29.524762,330,1543.369719,synthetic_track_0,0.21043425688246847,34.52476234082138
38.217654,366,1544.140383,synthetic_track_0,0.2634188985117096,43.21765382656854
33.428172,340,1544.790756,synthetic_track_0,0.23422619558302685,38.428171611883855
25.720162,290,1545.332865,synthetic_track_0,0.18724457283455664,30.720161595800796
36.599917,351,1545.976569,synthetic_track_0,0.2535585216508562,41.59991737645228
36.268951,351,1546.658832,synthetic_track_0,0.2515412276291044,41.2689513174829
37.538026,376,1548.916258,synthetic_track_0,0.25927645406710187,42.53802631687075
29.147534,317,1549.483584,synthetic_track_0,0.2081349843275335,34.14753365338272
45.740592,408,1550.206538,synthetic_track_0,0.3092724753985504,50.74059171675694
42.465381,397,1550.973343,synthetic_track_0,0.2893095100183855,47.465380515031455
27.605312,311,1551.534678,synthetic_track_0,0.19873488086544958,32.60531166531146
21.049439,267,1552.004805,synthetic_track_0,0.1587757321364392,26.04943937698371
40.160797,371,1554.383388,synthetic_track_0,0.2752626819309832,45.16079661056384
37.959457,366,1555.096469,synthetic_track_0,0.26184514343959847,42.95945670290514
29.721694,318,1555.77682,synthetic_track_0,0.2116345887813965,34.721694029390235
40.724503,402,1556.518558,synthetic_track_0,0.2786985648304324,45.7245025503274
34.888578,345,1557.070691,synthetic_track_0,0.24312761800469235,39.88857781264281
29.833987,319,1557.657616,synthetic_track_0,0.21231903308019215,34.83398694738528
39.800425,389,1560.062443,synthetic_track_0,0.2730661565586328,44.800425074201605
32.402283,329,1560.705936,synthetic_track_0,0.22797323182855317,37.40228309569255
41.368209,390,1561.456486,synthetic_track_0,0.2826220646285948,46.368209046040555
28.19807,299,1561.995769,synthetic_track_0,0.20234784420400923,33.19807019454437
33.548367,333,1562.643229,synthetic_track_0,0.23495880776142752,38.54836716237068
32.52893,332,1563.271799,synthetic_track_0,0.22874516755245064,37.5289302386282
31.195185,329,1565.527711,synthetic_track_0,0.22061576614976602,36.195185174688426
29.40999,323,1566.098603,synthetic_track_0,0.20973469779896164,34.40998962529852
46.277741,416,1566.911664,synthetic_track_0,0.3125464882411546,51.277740548730804
42.004441,411,1567.6919,synthetic_track_0,0.28650000587398955,47.00444100680776
42.334945,396,1568.389794,synthetic_track_0,0.28851448502909754,47.334945246473865
30.646483,310,1570.508501,synthetic_track_0,0.21727133313788935,35.6464829024898
38.724424,372,1571.172744,synthetic_track_0,0.2665077460154537,43.724423625144475
36.747682,358,1571.763025,synthetic_track_0,0.25445917254952966,41.74768209256557
29.339919,317,1572.346818,synthetic_track_0,0.20930760370180085,34.33991870424179
24.304089,286,1572.861533,synthetic_track_0,0.1786133725048688,29.3040892104718
48.531035,653,1573.96879,synthetic_track_0,0.3262807006828441,53.53103536637314
23.899881,287,1576.074862,synthetic_track_0,0.176149656484163,28.89988121054692
34.060167,345,1576.690699,synthetic_track_0,0.23807831643169336,39.0601673657055
23.344227,285,1577.20275,synthetic_track_0,0.17276285080152162,28.344227093104223
22.332405,270,1577.668794,synthetic_track_0,0.1665956247645055,27.332405080925724
37.059021,359,1578.299503,synthetic_track_0,0.2563568387819087,42.0590214944562
47.759241,426,1579.13312,synthetic_track_0,0.3215764827951166,52.7592408544941
40.634102,370,1581.472171,synthetic_track_0,0.27814756028487453,45.63410234046649
30.320196,321,1582.016499,synthetic_track_0,0.2152825570106898,35.32019561372858
29.330371,315,1582.580985,synthetic_track_0,0.2092494074595995,34.33037077482717
26.189672,308,1583.121259,synthetic_track_0,0.1901063195628395,31.189672250279315
24.170711,294,1583.64867,synthetic_track_0,0.17780040746345735,29.170710618687657
31.43237,329,1584.238838,synthetic_track_0,0.22206144569031705,36.43236966783105
36.227505,367,1586.466228,synthetic_track_0,0.2512886056773307,41.22750505784689
28.636977,312,1587.012923,synthetic_track_0,0.20502305568288043,33.63697706212274
46.346028,426,1587.731569,synthetic_track_0,0.31296271105067563,51.34602787890428
45.651712,409,1588.529191,synthetic_track_0,0.3087307409501867,50.65171239948856
36.628364,370,1589.403172,synthetic_track_0,0.25373190661629175,41.628363670386626
33.908845,350,1589.990817,synthetic_track_0,0.23715598408117022,38.908845496002286
29.196949,315,1592.104877,synthetic_track_0,0.20843617967724334,34.196949076617265
45.736744,425,1592.851294,synthetic_track_0,0.3092490219289554,50.73674383820413
40.28483,379,1593.547082,synthetic_track_0,0.2760186833404891,45.28482950035657
44.771015,414,1594.25161,synthetic_track_0,0.3033627432156686,49.771015269772576
38.135552,384,1594.926452,synthetic_track_0,0.26291847671745905,43.135552443587365
22.109802,283,1597.016094,synthetic_track_0,0.16523882239585364,27.109802164389503
33.133194,358,1597.687226,synthetic_track_0,0.2324282593674204,38.133194351682164
40.912231,376,1598.303784,synthetic_track_0,0.27984280023505315,45.912230803282654
23.932137,286,1598.7768,synthetic_track_0,0.17634626039144488,28.932136905388347
24.861464,285,1599.25174,synthetic_track_0,0.182010664724233,29.861463794883594
32.171093,332,1599.903092,synthetic_track_0,0.22656408854013166,37.17109289948753
33.686457,338,1602.038607,synthetic_track_0,0.23580049150242505,38.68645746931297
39.207043,382,1602.740803,synthetic_track_0,0.26944939303852633,44.207043070603355
32.102861,333,1603.303936,synthetic_track_0,0.22614820274270195,37.102860860988194
31.095759,324,1603.877719,synthetic_track_0,0.22000974674739268,36.09575898738019
26.8803,306,1604.451627,synthetic_track_0,0.19431581470631235,31.880300390185322
38.021252,374,1605.088638,synthetic_track_0,0.262221796709075,43.02125208169098
8.995458,179,1605.384084,synthetic_track_0,0.08530468226153602,13.995458369136733
36.095179,357,1607.531986,synthetic_track_0,0.2504820569375457,41.09517915250289
32.467944,329,1608.106464,synthetic_track_0,0.22837344564295559,37.467943920277186
33.706784,337,1608.71682,synthetic_track_0,0.23592438738768148,38.70678436882474
28.822745,313,1609.354781,synthetic_track_0,0.20615534290747944,33.822745044531906
44.256305,404,1610.0866,synthetic_track_0,0.30022549928681597,49.25630534253237
27.565933,322,1610.678784,synthetic_track_0,0.19849486026644964,32.565932838593135
33.978463,339,1613.029823,synthetic_track_0,0.23758031533464874,38.9784631328698
34.455657,362,1613.645195,synthetic_track_0,0.24048889040845126,39.45565665003347
36.000282,352,1614.344589,synthetic_track_0,0.24990364345405158,41.0002821126948
31.700289,342,1615.004731,synthetic_track_0,0.2236944612774674,36.700289330154426
40.019431,396,1615.734125,synthetic_track_0,0.2744010346415543,45.0194309967619
32.303423,340,1616.410066,synthetic_track_0,0.22737066205115755,37.3034228689094
35.760056,357,1618.883808,synthetic_track_0,0.24843942267532093,40.76005566311819
46.201013,556,1619.884289,synthetic_track_0,0.31207882293759337,51.20101333853366
40.894485,380,1620.574676,synthetic_track_0,0.279734634475898,45.894484656892004
32.009986,329,1621.224432,synthetic_track_0,0.2255821148664256,37.009986014078756
27.875969,316,1621.821328,synthetic_track_0,0.2003845847183084,32.875969277320415
32.61798,329,1624.210569,synthetic_track_0,0.2292879432354897,37.617980385400486
45.841059,407,1624.931808,synthetic_track_0,0.3098848401207981,50.84105894492935
29.732402,318,1625.550333,synthetic_track_0,0.21169985527646742,34.732401935339226
9.260022,181,1625.932828,synthetic_track_0,0.08691724218422515,14.260021985897431
17.150592,243,1626.350515,synthetic_track_0,0.13501159735860405,22.15059173879596
39.474076,381,1627.121381,synthetic_track_0,0.2710770041741742,44.47407605503279
33.743556,349,1629.374652,synthetic_track_0,0.2361485170344495,38.743556056585255
40.662949,380,1630.085797,synthetic_track_0,0.27832338806539436,45.66294941330194
39.474262,387,1630.77286,synthetic_track_0,0.27107814045971085,44.47426247899572
26.070814,305,1631.315658,synthetic_track_0,0.18938185565070684,31.070813539908546
40.802137,384,1632.025878,synthetic_track_0,0.27917175937879346,45.802136912551326
34.669437,349,1632.743508,synthetic_track_0,0.24179191862070373,39.669437143845975
31.04421,321,1634.988812,synthetic_track_0,0.21969554543396624,36.04420974899131
48.131192,421,1635.707715,synthetic_track_0,0.3238435885080499,53.13119210948514
34.228338,347,1636.33086,synthetic_track_0,0.23910334183326118,39.22833750542852
34.436635,337,1636.886959,synthetic_track_0,0.24037295200247769,39.43663528929254
45.6256,408,1637.642913,synthetic_track_0,0.30857158124656925,50.62559996407507
33.665154,350,1638.204093,synthetic_track_0,0.23567064337196975,38.66515401848332
32.806758,337,1640.452762,synthetic_track_0,0.23043857734436496,37.80675843769426
35.837108,350,1641.045577,synthetic_track_0,0.24890907052401315,40.83710813831966
38.214239,370,1641.722315,synthetic_track_0,0.2633980844899195,43.21423898733892
36.278445,375,1642.5006,synthetic_track_0,0.25159909472709335,41.27844524606192
37.84371,375,1643.149807,synthetic_track_0,0.2611396462608365,42.84370975756591
31.275737,346,1645.417644,synthetic_track_0,0.22110674277702988,36.27573694236307
48.798889,427,1646.182961,synthetic_track_0,0.3279133130107494,53.7988888682253
45.676783,412,1646.979752,synthetic_track_0,0.3088835508993829,50.67678306648674
24.798724,291,1647.471686,synthetic_track_0,0.18162825788862072,29.798724460933833
30.527361,311,1648.024316,synthetic_track_0,0.21654526468621363,35.527360944360744
27.456958,313,1648.574762,synthetic_track_0,0.19783064048689783,32.45695804346789
29.775086,318,1650.769812,synthetic_track_0,0.21196001886163385,34.77508550825494
32.743396,346,1651.424429,synthetic_track_0,0.23005237064245804,37.74339568110081
45.467714,445,1652.224292,synthetic_track_0,0.30760924212023816,50.467714408177144
32.34886,342,1652.836484,synthetic_track_0,0.22764760859073457,37.3488599265523
33.281915,348,1653.514049,synthetic_track_0,0.23333473427608975,38.28191458028642
32.695402,346,1654.124292,synthetic_track_0,0.22975983916307244,37.695401690233446
30.291639,324,1656.432622,synthetic_track_0,0.21510850165531786,35.291639332696256
29.866151,323,1657.163906,synthetic_track_0,0.21251507799495606,34.86615093147524
21.964542,278,1657.67187,synthetic_track_0,0.16435343598355456,26.964541806512077
28.343831,303,1658.297219,synthetic_track_0,0.203236280995954,33.343831011015745
31.303085,340,1658.915769,synthetic_track_0,0.2212734353830663,36.30308525861461
33.431597,336,1659.491349,synthetic_track_0,0.2342470742516511,38.431597057355155
32.803158,341,1661.679781,synthetic_track_0,0.23041663398455756,37.80315831434204
43.082113,409,1662.408474,synthetic_track_0,0.29306859680254466,48.08211269430824
18.814079,252,1662.878916,synthetic_track_0,0.14515083304780993,23.81407898499523
42.840764,401,1663.541709,synthetic_track_0,0.2915975348770829,47.840763856349966
45.792708,412,1664.400905,synthetic_track_0,0.30959013492689935,50.79270832497472
21.865952,273,1664.851761,synthetic_track_0,0.16375251191888687,26.865951582539562
34.525794,349,1667.046446,synthetic_track_0,0.24091638678178062,39.52579357027361
34.62032,366,1667.78415,synthetic_track_0,0.2414925391137925,39.62031963570378
31.580915,331,1668.38689,synthetic_track_0,0.22296685536654826,36.58091512975373
43.313087,446,1669.14778,synthetic_track_0,0.2944764267399487,48.313087416414994
36.196968,365,1669.823313,synthetic_track_0,0.25110247849019646,41.196968219424406
42.947421,400,1670.522995,synthetic_track_0,0.2922476309090302,47.94742144781915
49.486815,456,1672.70448,synthetic_track_0,0.3321063379546671,54.48681483533029
46.328102,426,1673.344682,synthetic_track_0,0.3128534490141755,51.328101872469176
33.851312,351,1673.833748,synthetic_track_0,0.23680530965102958,38.851312318947514
35.237495,372,1674.442077,synthetic_track_0,0.24525432803059136,40.237495138651255
43.250642,394,1675.014351,synthetic_track_0,0.29409581106048316,48.25064194735775
38.164457,384,1676.947819,synthetic_track_0,0.26309465561466105,43.164457122157664
34.108717,352,1677.44859,synthetic_track_0,0.23837423354871767,39.10871681905592
13.035736,213,1677.798867,synthetic_track_0,0.10993085860790265,18.035736308276295
39.774445,382,1678.523917,synthetic_track_0,0.2729078008432305,44.77444454460262
46.714503,499,1679.457774,synthetic_track_0,0.31520863102885854,51.71450330981558
33.998383,347,1681.622848,synthetic_track_0,0.23770173258605232,38.99838337689701
43.455533,408,1682.444792,synthetic_track_0,0.29534465466651694,48.455532678258336
45.498314,446,1683.260337,synthetic_track_0,0.3077957517973788,50.49831399957894
49.045966,460,1684.07268,synthetic_track_0,0.32941928716632424,54.0459655589833
45.025012,438,1684.781852,synthetic_track_0,0.3049108935050833,50.02501156106924
42.859638,404,1686.866469,synthetic_track_0,0.291712574027767,47.859637681344516
24.418227,284,1687.307273,synthetic_track_0,0.17930906153319895,29.418226987856738
34.199694,341,1687.840918,synthetic_track_0,0.23892875298212474,39.19969369675335
26.380101,308,1688.354307,synthetic_track_0,0.19126701219986564,31.38010054858842
38.031065,377,1688.947798,synthetic_track_0,0.2622816064103917,43.03106472224784
32.258654,344,1689.487871,synthetic_track_0,0.22709778543691028,37.2586535409738
30.929383,315,1691.717043,synthetic_track_0,0.21899565633971493,35.92938289046582
43.409856,412,1692.470876,synthetic_track_0,0.29506624957148664,48.40985632364387
45.940845,422,1693.313934,synthetic_track_0,0.3104930517997943,50.94084480670558
46.560405,422,1694.088836,synthetic_track_0,0.3142693763023129,51.560405081267206
28.554382,316,1694.647849,synthetic_track_0,0.20451962566619367,33.55438213704334
34.480167,351,1695.342995,synthetic_track_0,0.2406382855869752,39.480167074856006
35.754308,350,1697.630197,synthetic_track_0,0.24840438980806417,40.75430801806231
29.167201,323,1698.223136,synthetic_track_0,0.20825485991183806,34.16720096477915
45.192708,447,1698.961347,synthetic_track_0,0.3059330337777145,50.192708353950664
50.004973,460,1699.722723,synthetic_track_0,0.33526460188057927,55.004973395001535
33.501983,342,1700.420812,synthetic_track_0,0.23467609116126864,38.50198344341307
33.854913,351,1702.436739,synthetic_track_0,0.23682725825654993,38.854913302934285
30.954635,325,1702.945847,synthetic_track_0,0.2191495702683501,35.954634681147596
47.195799,444,1703.648922,synthetic_track_0,0.3181422071594762,52.19579860944376
35.66662,360,1704.268813,synthetic_track_0,0.24786991708573597,40.66662009125133
45.543788,423,1705.028808,synthetic_track_0,0.3080729241773252,50.543788109578216
32.480574,335,1705.575742,synthetic_track_0,0.22845042796948498,37.480573976653204
35.993855,362,1707.681938,synthetic_track_0,0.24986446994584707,40.99385513601879
31.404606,334,1708.286381,synthetic_track_0,0.2218922236391007,36.40460635976693
36.349368,358,1708.858592,synthetic_track_0,0.25203138203093656,41.349368187265725
43.450376,391,1709.626828,synthetic_track_0,0.29531322525756554,48.45037623229448
41.390822,394,1710.218536,synthetic_track_0,0.2827598940675229,46.39082194516192
35.736353,372,1712.365858,synthetic_track_0,0.24829494920907938,40.73635271588688
36.854823,398,1712.993742,synthetic_track_0,0.25511221400193224,41.854822922565965
17.717913,242,1713.398623,synthetic_track_0,0.13846951382395986,22.71791260151795
30.263135,324,1713.957777,synthetic_track_0,0.21493476327517141,35.26313505600244
43.984598,407,1714.578877,synthetic_track_0,0.2985694000782221,48.98459848055761
28.613555,298,1715.007584,synthetic_track_0,0.20488029329010515,33.613554841069984
33.526388,343,1717.105777,synthetic_track_0,0.23482484109595014,38.526388006715514
28.026969,318,1717.658782,synthetic_track_0,0.20130495131210724,33.02696863639855
45.538679,424,1718.333275,synthetic_track_0,0.30804178202023424,50.53867879140791
47.495799,437,1719.031698,synthetic_track_0,0.3199707577815908,52.49579860275249
33.396353,350,1719.587517,synthetic_track_0,0.23403225770483618,38.39635331740742
31.889927,339,1720.113811,synthetic_track_0,0.224850332238552,36.889926563270855
29.614617,315,1722.147593,synthetic_track_0,0.21098193363631482,34.61461657865443
32.262093,322,1722.636815,synthetic_track_0,0.2271187496533879,37.26209302179919
31.234821,335,1723.219809,synthetic_track_0,0.22085735208166365,36.234820816751736
34.651505,355,1723.806766,synthetic_track_0,0.24168262134816043,39.65150535643189
23.91466,290,1724.283216,synthetic_track_0,0.17623973572992624,28.91466000463629
37.164691,369,1724.889407,synthetic_track_0,0.25700090979564255,42.16469059514922
23.437073,281,1726.826798,synthetic_track_0,0.17332876356859456,28.437073210833724
32.176923,328,1727.408298,synthetic_track_0,0.22659962263376643,37.17692277792991
37.10212,360,1728.002553,synthetic_track_0,0.25661953362485745,42.10212035656795
35.527105,367,1728.622766,synthetic_track_0,0.24701954613867508,40.52710452337868
49.641207,462,1729.351504,synthetic_track_0,0.3330473866795314,54.64120739507031
31.976034,330,1729.917392,synthetic_track_0,0.22537517365004878,36.976034335203956
40.624691,397,1731.930769,synthetic_track_0,0.2780901968848313,45.62469105077015
37.243834,358,1732.55795,synthetic_track_0,0.25748330055293744,42.243833727535296
41.261409,387,1733.233941,synthetic_track_0,0.28197110121891455,46.261409148796005
38.685649,366,1733.920789,synthetic_track_0,0.26627141092732737,43.68564945942052
43.206997,412,1734.715852,synthetic_track_0,0.29382979067369425,48.20699748201373
46.175117,422,1737.376871,synthetic_track_0,0.31192097788837225,51.17511659105648
32.989102,344,1738.00878,synthetic_track_0,0.2315499927440051,37.98910209743373
46.933587,423,1738.780851,synthetic_track_0,0.3165439844160392,51.93358721286646
33.907588,351,1739.413512,synthetic_track_0,0.23714832082676496,38.90758822904861
31.436964,338,1739.958853,synthetic_track_0,0.2220894476631216,36.43696379366623
34.18313,346,1742.018205,synthetic_track_0,0.2388277944707902,39.18313000288646
31.418849,328,1742.569845,synthetic_track_0,0.22197903466526953,36.418848955489906
32.744436,336,1743.093467,synthetic_track_0,0.23005871162736385,37.74443601075114
49.789106,443,1743.874044,synthetic_track_0,0.3339488524952843,54.78910581003526
36.537045,363,1744.426853,synthetic_track_0,0.2531753034964585,41.53704493400267
29.250447,318,1744.894856,synthetic_track_0,0.20876226017045324,34.25044726507209
30.085935,317,1746.686604,synthetic_track_0,0.21385470172445933,35.08593544551972
29.062275,314,1747.122393,synthetic_track_0,0.20761531568999084,34.06227454931413
45.362793,407,1747.702865,synthetic_track_0,0.3069697305392796,50.36279334791875
49.554549,445,1748.429955,synthetic_track_0,0.33251918910394124,54.5545489962126
35.160542,363,1748.976386,synthetic_track_0,0.24478528445526848,40.16054180317529
45.251076,414,1749.558574,synthetic_track_0,0.3062887965464512,50.25107634603669
30.481885,323,1751.367237,synthetic_track_0,0.216268079123415,35.481884671525215
28.561804,313,1751.868815,synthetic_track_0,0.2045648653453789,33.561804356198074
34.249813,340,1752.419822,synthetic_track_0,0.2392342378437946,39.24981287603585
34.393222,341,1752.973968,synthetic_track_0,0.24010834096852865,39.393222048524656
31.756296,336,1753.497876,synthetic_track_0,0.22403583389965254,36.75629641201082
37.559515,364,1754.035708,synthetic_track_0,0.2594074288786439,42.55951461591536
44.857315,396,1755.910639,synthetic_track_0,0.30388875344762134,49.85731480348942
47.67872,559,1756.716516,synthetic_track_0,0.3210856956820811,52.67872017935065
34.049397,348,1757.242707,synthetic_track_0,0.238012671005766,39.04939729070688
28.532952,319,1757.729666,synthetic_track_0,0.20438900607112717,33.53295211636356
34.355311,355,1758.244586,synthetic_track_0,0.2398772688010281,39.35531134052149
50.085862,461,1760.293439,synthetic_track_0,0.3357576299048959,55.08586172382721
35.87476,359,1760.77988,synthetic_track_0,0.2491385639640322,40.874759833403985
35.570384,347,1761.231972,synthetic_track_0,0.24728334194322268,40.570384014054
53.431607,473,1761.948119,synthetic_track_0,0.35615051150093546,58.43160685571896
31.306471,327,1762.396499,synthetic_track_0,0.2212940723755196,36.30647105363884
32.420626,334,1764.275488,synthetic_track_0,0.22808503456085438,37.420625939766225
23.518886,282,1764.708728,synthetic_track_0,0.17382742739591944,28.518886174090802
32.277966,335,1765.218933,synthetic_track_0,0.22721549624609397,37.27796568991865
32.870671,346,1765.784577,synthetic_track_0,0.23082813449988018,37.870670884325236
33.340286,345,1766.313869,synthetic_track_0,0.23369052070632448,38.340286454381065
38.575101,387,1766.928881,synthetic_track_0,0.26559759963452345,43.5751010387819
33.993932,337,1768.620349,synthetic_track_0,0.23767459769647334,38.99393150851903
48.24874,604,1769.488897,synthetic_track_0,0.3245600607698326,53.24873967483071
36.394754,353,1769.976729,synthetic_track_0,0.2523080146210336,41.39475373698713
31.730874,325,1770.420727,synthetic_track_0,0.22388088216332921,36.73087435407161
34.338201,350,1770.915865,synthetic_track_0,0.2397729765295558,39.33820069542069
29.579904,320,1771.371086,synthetic_track_0,0.21077035172590713,34.579903527268876
31.480181,323,1773.069768,synthetic_track_0,0.2223528608095593,36.480180503782435
26.318285,301,1773.542008,synthetic_track_0,0.19089023329778335,31.318284557969115
33.337074,351,1774.008946,synthetic_track_0,0.23367094184890744,38.33707426160769
24.866471,310,1774.48469,synthetic_track_0,0.18204118630376936,29.86647129839263
32.948688,469,1775.138027,synthetic_track_0,0.2313036648949587,37.94868847575329
41.125053,379,1777.145746,synthetic_track_0,0.28113998673935564,46.12505288100063
35.95765,368,1777.67581,synthetic_track_0,0.24964379647444865,40.95765048346923
36.671496,362,1778.268297,synthetic_track_0,0.2539948044704297,41.671495839399846
28.103698,308,1778.724965,synthetic_track_0,0.20177262817510408,33.10369774308713
28.648625,314,1779.162399,synthetic_track_0,0.20509404921134372,33.64862457015799
26.317816,297,1779.637897,synthetic_track_0,0.19088737611979725,31.317815796882414
45.225012,420,1781.59374,synthetic_track_0,0.3061299273086688,50.225011565715455
29.018142,310,1782.064342,synthetic_track_0,0.20734631869960163,34.01814172939608
25.765045,293,1782.530466,synthetic_track_0,0.18751814359420357,30.765044808259326
31.678753,337,1783.062386,synthetic_track_0,0.22356319624821522,36.67875341672602
45.960274,413,1783.639827,synthetic_track_0,0.3106114779846778,50.96027432330903
35.933189,358,1784.254117,synthetic_track_0,0.2494946966857937,40.93318852159743
41.263843,405,1786.099974,synthetic_track_0,0.2819859355113537,46.26384292753785
39.342436,398,1786.748892,synthetic_track_0,0.2702746374959583,44.34243627695678
39.224912,370,1787.470091,synthetic_track_0,0.26955830519505075,44.22491167420306
43.268414,389,1788.020309,synthetic_track_0,0.2942041352710907,48.268414089985036
45.192708,541,1788.930938,synthetic_track_0,0.3059330337777145,50.192708353950664
34.60647,342,1790.981339,synthetic_track_0,0.2414081225549869,39.60646988674384
30.164257,322,1791.424953,synthetic_track_0,0.21433208450181276,35.164256946866026
29.066466,333,1791.967472,synthetic_track_0,0.20764086190560604,34.06646577290999
28.169003,306,1792.413829,synthetic_track_0,0.2021706772271104,33.16900340730787
37.381932,375,1792.93803,synthetic_track_0,0.2583250352096688,42.38193238793504
34.33332,351,1793.452927,synthetic_track_0,0.23974322946892196,39.33332026286215
29.308249,318,1795.191513,synthetic_track_0,0.20911457102300438,34.308248920727486
41.306628,394,1795.742784,synthetic_track_0,0.2822467164618447,46.30662778810237
47.463495,422,1796.353992,synthetic_track_0,0.31977386425063653,52.463495390987696
31.685274,341,1796.840976,synthetic_track_0,0.22360293861389158,36.68527372264087
32.565951,348,1797.358912,synthetic_track_0,0.22897081256903487,37.56595054457255
30.425048,321,1797.922341,synthetic_track_0,0.21592165136670827,35.42504822224289
37.283096,366,1800.07983,synthetic_track_0,0.25772261095095134,42.28309603558114
26.616242,304,1800.547247,synthetic_track_0,0.1927063370110245,31.616242457100306
39.104204,377,1801.148845,synthetic_track_0,0.2688225694144424,44.10420365190929
39.911438,399,1801.80424,synthetic_track_0,0.2737427990261866,44.91143798972252
48.482097,654,1802.774936,synthetic_track_0,0.32598241432774355,53.48209720548659
48.598889,461,1804.794519,synthetic_track_0,0.32669427948709756,53.598888909506215
29.344899,321,1805.270648,synthetic_track_0,0.20933795680692796,34.34489856710416
42.294662,391,1805.789314,synthetic_track_0,0.28826894884217746,47.29466150833601
32.218119,336,1806.278834,synthetic_track_0,0.2268507184582814,37.21811865446912
32.239953,341,1806.758843,synthetic_track_0,0.22698380414622685,37.239953273106565
46.660405,457,1808.614859,synthetic_track_0,0.31487889325897594,51.660405092592576
40.655555,391,1809.165616,synthetic_track_0,0.27827831623264826,45.655554731766344
48.437591,466,1809.905949,synthetic_track_0,0.3257111416287708,53.43759102288905
28.222167,318,1810.330789,synthetic_track_0,0.20249471863659713,33.22216705479024
30.871746,338,1810.822842,synthetic_track_0,0.21864434994618367,35.87174603073983
42.58383,412,1812.875846,synthetic_track_0,0.29003148243326815,47.58383045949261
33.829138,358,1813.388875,synthetic_track_0,0.23667015278915743,38.82913789447881
26.79936,302,1813.84598,synthetic_track_0,0.19382247162157318,31.799360371172067
33.522784,335,1814.32623,synthetic_track_0,0.23480287707199252,38.522784493112646
43.643893,407,1814.912799,synthetic_track_0,0.29649274536029185,48.64389344677345
31.334476,329,1815.336738,synthetic_track_0,0.22146476891694478,36.334476273000035
32.023596,342,1817.07075,synthetic_track_0,0.22566506770000996,37.02359561789244
34.014249,353,1817.632072,synthetic_track_0,0.23779843757603522,39.01424921949219
32.889419,347,1818.084932,synthetic_track_0,0.23094240783883344,37.88941906690587
37.062039,392,1818.642907,synthetic_track_0,0.2563752324225291,42.062039235390635
44.436885,423,1819.265776,synthetic_track_0,0.30132616103527726,49.43688471133962
37.477303,373,1819.789823,synthetic_track_0,0.2589063366543681,42.47730323925905
42.062602,407,1821.666744,synthetic_track_0,0.28685450598569984,47.06260184187288
27.282758,304,1822.070929,synthetic_track_0,0.19676886211777397,32.282758051528845
38.50928,390,1822.620322,synthetic_track_0,0.26519640748572276,43.509279704387275
43.06668,413,1823.181977,synthetic_track_0,0.2929745290631789,48.06667953055604
29.607932,305,1823.641654,synthetic_track_0,0.21094119173687614,34.60793228486941
29.89254,334,1825.379905,synthetic_track_0,0.2126759226826502,34.89253981272819
25.642007,295,1825.8381,synthetic_track_0,0.1867682070385887,30.642006944857844
47.743616,640,1826.704324,synthetic_track_0,0.3214812450151121,52.74361572876964
30.550504,316,1827.121866,synthetic_track_0,0.21668632710391805,35.55050426008613
49.30096,448,1827.726873,synthetic_track_0,0.3309735184260594,54.300959520802934
47.02054,608,1829.833885,synthetic_track_0,0.3170739787425246,52.02054039451555
43.986482,418,1830.498921,synthetic_track_0,0.2985808794278681,48.98648183274668
33.952312,348,1831.021752,synthetic_track_0,0.23742091803335683,38.95231171614517
45.776783,415,1831.607921,synthetic_track_0,0.3094930695830347,50.77678336114942
37.110489,371,1832.117798,synthetic_track_0,0.2566705438398663,42.110489315007634
43.220999,429,1834.028853,synthetic_track_0,0.29391513509927414,48.220999460845086
42.084895,402,1834.570861,synthetic_track_0,0.28699038860576126,47.08489533739671
32.553966,327,1835.047505,synthetic_track_0,0.22889776509506282,37.55396605727545
46.512635,532,1835.776185,synthetic_track_0,0.313978210119565,51.512635086923225
6.106372,157,1835.980799,synthetic_track_0,0.06769521032642808,11.10637157065732
27.495043,308,1836.434009,synthetic_track_0,0.19806277517413637,32.49504307309521
42.462836,395,1838.264267,synthetic_track_0,0.28929400106042247,47.462836047720096
24.653612,300,1838.705855,synthetic_track_0,0.1807437721771165,29.653611875958706
31.287014,343,1839.152859,synthetic_track_0,0.22117548068209159,36.28701438298143
49.398889,452,1839.79583,synthetic_track_0,0.3315704143934654,54.3988888775635
37.300741,369,1840.368894,synthetic_track_0,0.2578301614369522,42.300741237573575
45.325012,406,1842.473947,synthetic_track_0,0.3067394441149993,50.325011552376615
41.830242,418,1843.114712,synthetic_track_0,0.2854382354491192,46.83024231823761
44.925012,408,1843.704747,synthetic_track_0,0.3043013766865542,49.92501157240673
45.425012,419,1844.309659,synthetic_track_0,0.30734896106585186,50.425011562748686
47.20752,470,1844.957354,synthetic_track_0,0.3182136515576827,52.2075200891363
25.808167,305,1846.68378,synthetic_track_0,0.18778097917085285,30.808166759756023
26.734168,318,1847.124832,synthetic_track_0,0.19342511244388955,31.734167890742736
34.221891,351,1847.619818,synthetic_track_0,0.23906404713188367,39.22189064527176
31.655269,336,1848.327786,synthetic_track_0,0.22342005761184813,36.655269467507985
49.163223,485,1849.031774,synthetic_track_0,0.330133992584107,54.16322324819324
48.336122,450,1851.219894,synthetic_track_0,0.3250926694438582,53.33612177774403
36.750497,361,1851.780741,synthetic_track_0,0.25447633144864595,41.750497256421475
45.771483,415,1852.656536,synthetic_track_0,0.3094607608519484,50.7714826497595
46.728102,450,1853.435913,synthetic_track_0,0.31529151635977476,51.72810183884701
28.70295,317,1854.068825,synthetic_track_0,0.20542517190805787,33.70295000451963
28.978891,323,1854.60567,synthetic_track_0,0.20710708128719313,33.97889139568711
26.232311,316,1856.632963,synthetic_track_0,0.19036620790236833,31.232310665194788
42.762474,403,1857.271901,synthetic_track_0,0.29112034576032525,47.76247412780598
36.907877,356,1857.983891,synthetic_track_0,0.2554355888588386,41.90787721252373
37.994739,368,1858.558996,synthetic_track_0,0.26206019221662746,42.99473854355505
33.740826,342,1859.078873,synthetic_track_0,0.23613187900431004,38.74082634876632
28.915889,311,1859.556473,synthetic_track_0,0.206723073064921,33.91588933125483
48.628988,474,1861.680771,synthetic_track_0,0.3268777394189429,53.62898814638836
33.061525,345,1862.224383,synthetic_track_0,0.2319914249852757,38.06152539697263
29.456496,318,1862.727861,synthetic_track_0,0.21001816458397107,34.456496422855885
39.860909,374,1863.338244,synthetic_track_0,0.27343481744304393,44.86090918742163
43.238274,403,1864.091845,synthetic_track_0,0.29402042670265066,48.23827406069833
35.040424,356,1866.10628,synthetic_track_0,0.24405314707726264,40.04042415051287
36.010554,355,1866.601897,synthetic_track_0,0.24996625118124713,41.01055380958554
18.525481,244,1866.954389,synthetic_track_0,0.14339177782261003,23.52548070972332
35.582327,358,1867.430681,synthetic_track_0,0.2473561353729438,40.58232682174285
27.09343,304,1867.864441,synthetic_track_0,0.1956148768013355,32.09343018550042
33.496531,347,1868.318956,synthetic_track_0,0.2346428547591005,38.49653053425788
30.816164,322,1868.69784,synthetic_track_0,0.21830556716794852,35.816163849981756
39.076426,381,1870.512866,synthetic_track_0,0.26865326095367975,44.076426167117994
36.573764,361,1870.996683,synthetic_track_0,0.25339911094010953,41.573763759714
37.048195,369,1871.552402,synthetic_track_0,0.2562908490175673,42.048194925794974
26.614137,311,1872.026988,synthetic_track_0,0.19269350412786398,31.614137038297173
40.277418,389,1872.558786,synthetic_track_0,0.27597350984468266,45.277418139535726
48.655137,448,1874.388402,synthetic_track_0,0.32703711854452794,53.655136581127216
46.093488,449,1875.037452,synthetic_track_0,0.31142343999005545,51.093488352625066
39.315176,398,1875.629964,synthetic_track_0,0.27010848141221483,44.31517598489355
31.061527,321,1876.068704,synthetic_track_0,0.21980109413401897,36.061526529247
33.856719,358,1876.551407,synthetic_track_0,0.23683826322465382,38.85671882601776
27.708745,319,1876.976523,synthetic_track_0,0.19936532548868013,32.70874516092449
48.180081,681,1879.262451,synthetic_track_0,0.3241415715959618,53.18008051503352
27.35107,305,1879.682652,synthetic_track_0,0.19718523716383457,32.35107035829323
48.752478,443,1880.330883,synthetic_track_0,0.3276304282037277,53.75247755251585
24.852938,309,1880.786678,synthetic_track_0,0.1819586990763162,29.85293808395234
27.796096,311,1881.170797,synthetic_track_0,0.19989774212447828,32.79609575720833
36.578397,365,1882.963962,synthetic_track_0,0.2534273498416048,41.57839675710393
45.252404,424,1883.5819,synthetic_track_0,0.30629688724169507,50.25240374079934
20.064083,255,1883.909916,synthetic_track_0,0.15276981714713436,25.064082759117365
44.189722,406,1884.422,synthetic_track_0,0.29981966470521176,49.189722350356355
40.816566,401,1885.000507,synthetic_track_0,0.2792597082563367,45.81656618913541
43.735398,424,1887.047689,synthetic_track_0,0.2970504801335284,48.73539784715232
44.59946,424,1887.603841,synthetic_track_0,0.30231708404231505,49.599459863422105
44.220726,420,1888.183863,synthetic_track_0,0.3000086366730891,49.22072591591975
37.535144,387,1888.653936,synthetic_track_0,0.25925888733072944,42.53514424145514
44.479155,422,1889.282746,synthetic_track_0,0.30158380801482787,49.47915539895767
33.366575,342,1890.912873,synthetic_track_0,0.23385075377801956,38.36657499124463
46.979417,419,1891.48619,synthetic_track_0,0.31682332538654356,51.979417111294566
41.867547,397,1892.024031,synthetic_track_0,0.2856656160915209,46.86754737852637
33.678528,347,1892.487694,synthetic_track_0,0.23575215743582528,38.67852757145773
20.751821,261,1892.835559,synthetic_track_0,0.15696169721411649,25.751820892717046
31.872318,337,1893.405625,synthetic_track_0,0.224743003530394,36.87231774711897
44.434472,416,1895.130922,synthetic_track_0,0.3013114541812365,49.434471840697455
29.662982,319,1895.564399,synthetic_track_0,0.21127673027038915,34.66298220068324
25.186214,281,1895.97687,synthetic_track_0,0.18399007275939655,30.18621411359098
41.300802,411,1896.525866,synthetic_track_0,0.2822112091811699,46.30080230871119
48.031192,435,1897.129027,synthetic_track_0,0.32323407186886705,53.03119215024696
19.135811,253,1897.44748,synthetic_track_0,0.14711184439239167,24.135811062378203
28.843162,314,1899.0816,synthetic_track_0,0.20627978566030547,33.84316166552321
46.553165,431,1899.620871,synthetic_track_0,0.3142252446733147,51.55316465366075
46.295178,421,1900.40886,synthetic_track_0,0.31265277295564853,51.29517808272706
34.738795,360,1900.980633,synthetic_track_0,0.2422146635681419,39.73879452442321
33.689409,352,1901.479944,synthetic_track_0,0.23581848116520107,38.68940893187964
42.464032,404,1903.519915,synthetic_track_0,0.28930129301112156,47.464032396967674
34.826053,388,1904.024947,synthetic_track_0,0.24274651574232273,39.82605251267129
38.83678,387,1904.539862,synthetic_track_0,0.2671925747632648,43.836779617522396
29.85375,320,1904.993211,synthetic_track_0,0.21243949484031333,34.85375042934375
30.391687,326,1905.429941,synthetic_track_0,0.21571830808201062,35.3916868357377
22.211109,272,1905.852011,synthetic_track_0,0.1658563041572208,27.211108916326285
48.012273,433,1907.885996,synthetic_track_0,0.3231187548266064,53.012272733147874
44.618455,440,1908.497277,synthetic_track_0,0.30243286286301313,49.618455041906444
43.959263,418,1909.012706,synthetic_track_0,0.29841497743481255,48.95926322791035
45.073183,420,1909.595581,synthetic_track_0,0.305204506604788,50.07318300728542
33.830456,340,1910.025963,synthetic_track_0,0.23667818513993136,38.83045571699315
30.02752,325,1911.801562,synthetic_track_0,0.21349865036278795,35.02752010561765
30.706499,330,1912.23977,synthetic_track_0,0.2176371398874609,35.70649875389502
41.417488,399,1912.808852,synthetic_track_0,0.2829224257071622,46.41748759511142
42.071543,418,1913.391397,synthetic_track_0,0.28690900488713683,47.07154316942964
29.015442,317,1913.824749,synthetic_track_0,0.20732986498680048,34.01544226148387
31.128858,328,1914.296802,synthetic_track_0,0.2202114927479782,36.128858316484745
30.443469,331,1916.030254,synthetic_track_0,0.21603393206045604,35.4434694827569
37.049169,373,1916.56143,synthetic_track_0,0.25629678668880584,42.04916908604533
40.793719,403,1917.107908,synthetic_track_0,0.2791204528104318,45.793719333087544
38.576685,385,1917.590881,synthetic_track_0,0.2656072518423355,43.57668462210961
32.106111,335,1918.094394,synthetic_track_0,0.2261680118469852,37.10611082906704
48.753693,459,1920.094581,synthetic_track_0,0.3276378393802466,53.75369346247164
49.182147,456,1920.827059,synthetic_track_0,0.33024933604449075,54.182146999564864
45.592708,416,1921.486526,synthetic_track_0,0.3083711011233138,50.5927083203285
39.744209,386,1922.043061,synthetic_track_0,0.27272350783821886,44.74420863010199
28.502832,308,1922.456432,synthetic_track_0,0.20420541797000363,33.50283185147041
23.898911,302,1922.839298,synthetic_track_0,0.17614374558478835,28.89891144260536
26.861577,300,1924.532912,synthetic_track_0,0.19420169057895956,31.86157668791089
35.926898,374,1925.053677,synthetic_track_0,0.24945635371397676,40.926897806344925
42.336513,412,1925.669408,synthetic_track_0,0.28852404296900425,47.33651336379771
27.576959,305,1926.085946,synthetic_track_0,0.19856206370065055,32.57695852722694
24.213041,297,1926.493413,synthetic_track_0,0.17805842021382737,29.213041316262252
48.864347,460,1928.348436,synthetic_track_0,0.32831229105650556,53.864346947213974
25.375438,297,1928.72497,synthetic_track_0,0.18514342556978414,30.375438207916982
23.836582,285,1929.13161,synthetic_track_0,0.17576383563551792,28.836581758723135
41.386241,424,1929.729872,synthetic_track_0,0.2827319713352509,46.38624081987424
35.505751,373,1930.278877,synthetic_track_0,0.2468893956255497,40.50575146232884
35.844589,365,1930.757712,synthetic_track_0,0.2489546652178864,40.84458860273309
43.003958,437,1932.611058,synthetic_track_0,0.2925922304014852,48.00395794409133
34.774757,353,1933.056489,synthetic_track_0,0.24243386022708788,39.77475688467827
48.031192,446,1933.619389,synthetic_track_0,0.32323407186886705,53.03119215024696
36.92796,372,1934.095874,synthetic_track_0,0.25555799431725046,41.927959586104414
47.997759,688,1935.040601,synthetic_track_0,0.3230302929371915,52.99775928959778
38.674981,385,1936.819444,synthetic_track_0,0.2662063827432836,43.67498065181844
47.228102,419,1937.383981,synthetic_track_0,0.3183391008772064,52.22810185185183
34.012922,368,1937.860426,synthetic_track_0,0.23779034822735912,39.01292204565333
28.760693,312,1938.262957,synthetic_track_0,0.2057771271495244,33.7606933170689
43.205587,433,1938.859374,synthetic_track_0,0.29382119578736726,48.20558736746214
47.890639,665,1941.125587,synthetic_track_0,0.3223773742747963,52.890638605061746
45.960405,435,1941.763953,synthetic_track_0,0.31061227491959686,50.960405071929
38.198742,396,1942.429717,synthetic_track_0,0.26330362687697023,43.19874185922552
45.395044,429,1942.984424,synthetic_track_0,0.3071663058632318,50.39504435325439
47.6755,634,1945.276446,synthetic_track_0,0.321066065227114,52.67549952125808
46.658369,437,1945.940992,synthetic_track_0,0.3148664827065079,51.65836896320555
45.382675,406,1946.496973,synthetic_track_0,0.30709091262559157,50.38267500973497
30.233844,319,1946.970795,synthetic_track_0,0.21475622950157555,35.23384402613628
31.781937,336,1947.404983,synthetic_track_0,0.22419211942073003,36.7819372964963
43.379848,416,1949.230939,synthetic_track_0,0.29488334626100554,48.37984840849137
37.835336,392,1949.729972,synthetic_track_0,0.2610886039101684,42.835335526809764
35.541749,358,1950.243114,synthetic_track_0,0.24710880809555133,40.5417492294873
31.765225,339,1950.904915,synthetic_track_0,0.22409025328606197,36.76522469398521
27.904044,313,1951.34743,synthetic_track_0,0.20055570771438547,32.90404446269249
35.258873,354,1951.836371,synthetic_track_0,0.24538463061629395,40.25887314939163
25.405172,295,1953.598867,synthetic_track_0,0.18532465655951588,30.405171754830757
27.173054,304,1954.000947,synthetic_track_0,0.19610019750827096,32.17305401820834
31.114898,334,1954.459205,synthetic_track_0,0.22012640012233536,36.11489764904971
37.155419,372,1955.050681,synthetic_track_0,0.25694439814208214,42.155419046697155
35.648471,367,1955.514716,synthetic_track_0,0.24775929741078798,40.64847134472889
31.779312,336,1956.161981,synthetic_track_0,0.22417611478813074,36.77931150664141
36.915439,370,1957.887454,synthetic_track_0,0.2554816764373562,41.91543854174244
48.117109,686,1958.867843,synthetic_track_0,0.32375774663168483,53.11710851670752
28.424795,316,1959.358314,synthetic_track_0,0.20372977270881548,33.42479541460723
36.922326,382,1959.932907,synthetic_track_0,0.25552365464895954,41.922325670295415
31.243076,324,1960.363946,synthetic_track_0,0.22090766704247838,36.24307570875483
48.961072,628,1962.442432,synthetic_track_0,0.32890184674271983,53.961072025415454
44.59093,419,1962.966658,synthetic_track_0,0.3022650959519578,49.59093047048614
47.10754,423,1963.514979,synthetic_track_0,0.3176042579812073,52.10754032010284
30.816928,327,1963.982763,synthetic_track_0,0.21831022493341007,35.81692802330592
27.574547,309,1964.445857,synthetic_track_0,0.1985473622523043,32.5745465434666
33.640106,340,1966.256732,synthetic_track_0,0.23551797168029104,38.64010603461669
23.690444,295,1966.6467,synthetic_track_0,0.17487310015283078,28.690443809019033
27.316399,306,1967.093362,synthetic_track_0,0.1969739101132649,32.31639912032469
34.75225,354,1967.554095,synthetic_track_0,0.2422966798970896,39.7522504812001
30.942739,328,1967.99882,synthetic_track_0,0.21907706381580014,35.942738956185565
49.330968,433,1968.612232,synthetic_track_0,0.3311564252829222,54.330968017790305
34.640186,356,1970.288842,synthetic_track_0,0.24161362981372872,39.64018630427246
37.600066,377,1970.845926,synthetic_track_0,0.2596545940788749,42.600065617084645
49.422461,451,1971.433037,synthetic_track_0,0.33171408847517747,54.42246067428106
39.979935,391,1971.946437,synthetic_track_0,0.2741603013875605,44.97993524875586
46.190193,426,1972.598651,synthetic_track_0,0.31201287258358484,51.190193235703596
27.257703,313,1974.398744,synthetic_track_0,0.19661614483184,32.25770258726976
48.598889,694,1975.470912,synthetic_track_0,0.3266942794870976,53.59888890950622
28.786226,313,1975.924857,synthetic_track_0,0.20593275102746111,33.78622564949386
37.371265,376,1976.456395,synthetic_track_0,0.2582600133398757,42.37126461627646
42.802043,412,1978.326929,synthetic_track_0,0.2913615223186663,47.80204260625743
27.105452,299,1978.746725,synthetic_track_0,0.19568815094844072,32.10545186178075
46.728102,417,1979.305882,synthetic_track_0,0.3152915163597748,51.72810183884702
40.02854,398,1979.867764,synthetic_track_0,0.2744565555893939,45.028540005710816
24.595965,294,1980.285567,synthetic_track_0,0.1803924061605564,29.595965234218458
37.977533,366,1980.751943,synthetic_track_0,0.2619553192803552,42.97753263205365
35.739959,362,1982.486404,synthetic_track_0,0.24831692878326264,40.73995878072761
49.05029,731,1983.461043,synthetic_track_0,0.3294456468121569,54.050290237489754
33.720641,342,1983.971974,synthetic_track_0,0.23600884838309527,38.720641408248504
33.403259,639,1984.977453,synthetic_track_0,0.23407434934125168,38.40325905492996
36.587896,369,1986.841498,synthetic_track_0,0.2534852509491092,41.58789626543245
43.371139,407,1987.368125,synthetic_track_0,0.29483026032144266,48.371138897624654
45.641464,438,1987.921844,synthetic_track_0,0.3086682753066864,50.641464013468784
47.743503,690,1988.881016,synthetic_track_0,0.3214805602145456,52.743503377400806
43.609036,442,1990.653972,synthetic_track_0,0.2962802859275563,48.60903642524602
48.481556,627,1991.553856,synthetic_track_0,0.32597911553816933,53.48155599167592
30.666721,338,1992.032907,synthetic_track_0,0.21739468510964322,35.66672056517916
47.212044,435,1992.637402,synthetic_track_0,0.3182412227097144,52.21204353263575
32.741363,355,1993.087601,synthetic_track_0,0.23003997841410462,37.74136255804797
30.686064,336,1994.893849,synthetic_track_0,0.2175125874562498,35.686064138589316
39.589644,389,1995.408693,synthetic_track_0,0.27178140747922624,44.58964353467844
37.617372,376,1995.968175,synthetic_track_0,0.25976007643636834,42.6173715128906
38.28368,375,1996.46997,synthetic_track_0,0.2638213403735065,43.28368019433003
35.78995,381,1996.949814,synthetic_track_0,0.24862163554860214,40.789950302131196
48.306003,667,1999.333011,synthetic_track_0,0.32490909336366375,53.30600348505696
31.085006,329,1999.778902,synthetic_track_0,0.21994420759607328,36.08500634825744
9.035133,183,2000.021459,synthetic_track_0,0.08554650522379492,14.035132899435311
27.480246,308,2000.452848,synthetic_track_0,0.1979725833536675,32.48024580950845
28.161565,311,2000.851915,synthetic_track_0,0.20212534110676705,33.16156536559595
43.899727,416,2001.42493,synthetic_track_0,0.2980520955676768,48.899727245479255
23.914591,287,2003.123826,synthetic_track_0,0.17623931611209764,28.914591160304475
48.998889,476,2003.699479,synthetic_track_0,0.3291323468326969,53.998888875884056
9.670928,190,2003.931257,synthetic_track_0,0.08942178646046126,14.670928447564508
29.693928,319,2004.326878,synthetic_track_0,0.21146535104525344,34.693928147988615
40.752362,400,2005.04484,synthetic_track_0,0.2788683753357818,45.75236240274409
37.952528,373,2005.646286,synthetic_track_0,0.2618029143990968,42.952528422268706
48.993505,414,2007.595748,synthetic_track_0,0.3290995297289755,53.993504758661516
34.962027,353,2008.07878,synthetic_track_0,0.24357530607550035,39.962027470870744
26.662338,312,2008.526692,synthetic_track_0,0.1929872982890523,31.66233819025036
24.057445,286,2008.924061,synthetic_track_0,0.1771100373505748,29.057445485778292
46.299886,682,2009.985485,synthetic_track_0,0.31268147081545844,51.2998863788206
34.847203,372,2011.830889,synthetic_track_0,0.2428754295233976,39.847202670064874
46.584608,429,2012.429893,synthetic_track_0,0.31441689912111553,51.58460831858447
28.322858,315,2012.911291,synthetic_track_0,0.20310844413766235,33.32285753827275
46.322034,414,2013.484631,synthetic_track_0,0.31281646459119555,51.32203404666642
8.586149,180,2013.785821,synthetic_track_0,0.08280987422272451,13.586149277062221
34.002134,352,2014.251135,synthetic_track_0,0.23772459491202502,39.0021342698479
47.34629,517,2016.495603,synthetic_track_0,0.3190594785953117,52.34629016340178
35.569503,369,2017.057392,synthetic_track_0,0.24727797328742923,40.56950320896026
32.751765,359,2017.604947,synthetic_track_0,0.23010338384353524,37.75176512944789
34.983345,358,2018.124275,synthetic_track_0,0.24370524069866892,39.983345112072314
57.142573,680,2019.094456,synthetic_track_0,0.37876947413838286,62.14257255599439
34.708521,365,2020.932828,synthetic_track_0,0.24203013916507157,39.70852064574745
47.374472,639,2021.907768,synthetic_track_0,0.3192312490148288,52.374471567888236
36.852113,381,2022.412698,synthetic_track_0,0.25509569702369916,41.85211307505096
39.522662,377,2022.976528,synthetic_track_0,0.27137314249807265,44.522661800548136
43.302287,408,2024.760389,synthetic_track_0,0.29441059933673347,48.30228748542852
42.279147,415,2025.374018,synthetic_track_0,0.28817438409402263,47.279146803153346
8.079066,175,2025.607836,synthetic_track_0,0.07971911385592866,13.079065645827905
33.211777,356,2026.100945,synthetic_track_0,0.23290723154731566,38.211776617344285
48.731192,436,2026.706524,synthetic_track_0,0.3275006898243824,53.73119210793217
47.581808,671,2029.003336,synthetic_track_0,0.3204949999991827,52.581808068319184
35.709349,372,2029.487913,synthetic_track_0,0.2481303592915581,40.709349375887484
28.929242,317,2029.92418,synthetic_track_0,0.2068044580715898,33.92924171054408
43.001114,419,2030.503879,synthetic_track_0,0.29257489344534826,48.00111356742373
46.647405,560,2031.228911,synthetic_track_0,0.3147996548627744,51.64740489558257
30.084459,325,2032.900892,synthetic_track_0,0.21384570144331969,35.08445882012636
42.096972,409,2033.436813,synthetic_track_0,0.28706399813482936,47.096972037905196
48.379507,441,2034.032,synthetic_track_0,0.32535711259978983,53.37950747571191
49.496566,426,2034.636571,synthetic_track_0,0.33216577071631564,54.49656563352054
46.544957,717,2036.869051,synthetic_track_0,0.3141752152768928,51.54495661259791
8.586539,181,2037.095792,synthetic_track_0,0.08281225053723924,13.586539145589729
8.476215,181,2037.31989,synthetic_track_0,0.08213980351502731,13.476214553136957
30.307265,326,2037.781553,synthetic_track_0,0.21520374483890586,35.30726534495621
29.039649,316,2038.289049,synthetic_track_0,0.20747741027821096,34.03964918575523
49.957621,454,2039.030949,synthetic_track_0,0.33497598400923523,54.95762148774514
29.266502,324,2039.491855,synthetic_track_0,0.20886011628187962,34.266501965673804
45.125012,440,2041.585855,synthetic_track_0,0.3055204104227488,50.1250115659965
46.671062,429,2042.201873,synthetic_track_0,0.3149438496435611,51.6710621204622
31.55066,342,2042.668703,synthetic_track_0,0.2227824440709204,36.55065980797848
46.213038,440,2043.21317,synthetic_track_0,0.31215211310464286,51.21303764311595
8.015927,175,2043.452713,synthetic_track_0,0.07933427570891458,13.01592742032138
45.87027,444,2044.000053,synthetic_track_0,0.31006288384122027,50.87026957453366
41.041605,393,2045.696575,synthetic_track_0,0.2806313605038158,46.0416054415843
42.379023,411,2046.201907,synthetic_track_0,0.2887831446091815,47.37902270938507
40.05403,383,2046.71867,synthetic_track_0,0.2746119241602147,45.05403045133638
42.497243,408,2047.512737,synthetic_track_0,0.2895037186192402,47.497243225449346
37.868064,369,2048.036572,synthetic_track_0,0.2612880895461298,42.86806401063177
29.725982,319,2049.87646,synthetic_track_0,0.21166072595118535,34.72598220750625
30.250981,332,2050.32836,synthetic_track_0,0.2148606847852978,35.25098141573805
45.682653,420,2050.86328,synthetic_track_0,0.30891932829617624,50.68265286230689
36.034825,363,2051.572865,synthetic_track_0,0.250114185839062,41.03482461500806
39.025528,390,2052.176799,synthetic_track_0,0.26834302763453644,44.02552793518416
28.140436,313,2052.80828,synthetic_track_0,0.2019965526089006,33.140435762712166
41.560706,397,2054.689956,synthetic_track_0,0.2837953691179934,46.56070649987731
34.4749,364,2055.17989,synthetic_track_0,0.24060618141652074,39.474899924575865
38.910641,392,2055.733948,synthetic_track_0,0.2676427711746451,43.91064080504889
41.836096,442,2056.33691,synthetic_track_0,0.28547391762643537,46.83609649193486
36.66212,377,2056.871803,synthetic_track_0,0.25393765545305175,41.66211972225895
29.540415,323,2058.51302,synthetic_track_0,0.21052966017377125,34.540414621051596
30.104158,323,2058.997154,synthetic_track_0,0.21396577219851076,35.10415815210998
42.741262,636,2059.943831,synthetic_track_0,0.29099105571212114,47.74126223838545
43.789618,712,2060.926787,synthetic_track_0,0.2973809614500932,48.78961805388821
33.437571,357,2062.625473,synthetic_track_0,0.23428348920759723,38.43757145391167
41.077873,406,2063.242051,synthetic_track_0,0.28085241980256265,46.077873394652066
26.515228,306,2063.69197,synthetic_track_0,0.19209063657398268,31.515227957004534
44.524655,414,2064.315634,synthetic_track_0,0.3018611359507619,49.524655030150996
47.801749,439,2064.966947,synthetic_track_0,0.32183557857926065,52.80174923931511
29.791256,334,2066.734079,synthetic_track_0,0.21205857889921573,34.791255698053064
48.798889,593,2067.471833,synthetic_track_0,0.3279133130107494,53.7988888682253
30.447676,333,2067.967432,synthetic_track_0,0.21605957177725402,35.447676046564766
45.518152,438,2068.569578,synthetic_track_0,0.3079166689778249,50.51815219978299
33.894491,352,2069.07416,synthetic_track_0,0.2370684882241233,38.89449054393743
48.431192,452,2070.916478,synthetic_track_0,0.3256721392144663,53.43119211662479
30.270524,318,2071.360338,synthetic_track_0,0.21497980138848113,35.27052420538018
21.927688,281,2071.787044,synthetic_track_0,0.1641288031663487,26.927687566414118
9.001744,182,2072.017503,synthetic_track_0,0.08534299619793345,14.001744320711632
29.579374,323,2072.415609,synthetic_track_0,0.21076712355373095,34.579373899256645
39.166761,379,2072.986418,synthetic_track_0,0.2692038696205447,44.166761427393254
33.511736,336,2073.484543,synthetic_track_0,0.2347355351739394,38.51173608749511
34.07945,502,2075.43651,synthetic_track_0,0.2381958461074495,39.079449797109916
27.67358,314,2075.851527,synthetic_track_0,0.19915098831934638,32.67358006973791
34.471023,355,2076.422133,synthetic_track_0,0.24058255009297375,39.47102286652768
35.563401,366,2076.885704,synthetic_track_0,0.2472407798950569,40.563401098727226
46.396614,440,2077.468316,synthetic_track_0,0.3132710429254345,51.3966141515761
40.615756,422,2079.201865,synthetic_track_0,0.27803573770081585,45.61575623942688
48.641196,450,2079.801877,synthetic_track_0,0.32695214654506377,53.64119570414937
30.07356,322,2080.233027,synthetic_track_0,0.21377926860336105,35.07355955854615
45.144192,410,2080.772891,synthetic_track_0,0.3056373213495876,50.14419248275384
34.014208,330,2081.201883,synthetic_track_0,0.23779818887901474,39.01420841717391
31.946941,334,2083.020995,synthetic_track_0,0.22519784379054833,36.946940824737155
48.129693,446,2083.614882,synthetic_track_0,0.32383445181746295,53.12969310416267
35.799083,364,2084.147606,synthetic_track_0,0.24867730014553271,40.79908287877673
47.390825,459,2084.768054,synthetic_track_0,0.31933092724565165,52.39082521334832
32.809155,373,2085.262139,synthetic_track_0,0.23045318486024077,37.809155010483664
32.950119,356,2087.064954,synthetic_track_0,0.23131238583431799,37.95011927111536
33.949984,363,2087.568798,synthetic_track_0,0.23740672747350194,38.9499835509798
35.645625,367,2088.071677,synthetic_track_0,0.24774194770415645,40.64562487615951
31.513683,323,2088.540502,synthetic_track_0,0.2225570618789311,36.513682622183914
48.947941,455,2089.190006,synthetic_track_0,0.3288218133982188,53.947941405718964
43.690495,424,2089.763061,synthetic_track_0,0.2967767922400764,48.69049541721066
43.108241,412,2091.545929,synthetic_track_0,0.293227852129729,48.10824081814134
35.679421,348,2092.008926,synthetic_track_0,0.24794794237605505,40.67942126081729
19.833541,257,2092.370802,synthetic_track_0,0.15136462425780348,24.833540682623344
33.286926,332,2092.873665,synthetic_track_0,0.23336527680554023,38.28692552092977
38.477272,375,2093.384446,synthetic_track_0,0.26500131735434124,43.47727236622489
31.172921,325,2093.865936,synthetic_track_0,0.2204800637521893,36.17292124725178
48.998889,442,2095.709162,synthetic_track_0,0.3291323468326969,53.998888875884056
44.476876,412,2096.288988,synthetic_track_0,0.30156991363435254,49.47687582627359
35.426607,381,2096.776503,synthetic_track_0,0.24640699960147214,40.42660746585142
35.758417,359,2097.261302,synthetic_track_0,0.24842943577814489,40.75841716919313
30.50522,324,2097.939183,synthetic_track_0,0.21641031264340505,35.50522012340127
33.463657,356,2099.788959,synthetic_track_0,0.23444248788240224,38.463657470235596
34.820132,353,2100.300837,synthetic_track_0,0.2427104271070443,39.8201316537073
42.178461,405,2100.897488,synthetic_track_0,0.2875606842512779,47.178460529286845
41.245302,392,2101.411031,synthetic_track_0,0.28187292548940607,46.2453020102572
36.229331,380,2101.962302,synthetic_track_0,0.25129973428296254,41.229330865442655
1.644955,761,2104.376392,synthetic_track_0,0.04050212128445433,6.644954734845766
43.237326,404,2104.957067,synthetic_track_0,0.2940146473283602,48.23732587133594
35.206445,355,2105.431946,synthetic_track_0,0.24506507095542437,40.20644479714194
28.478591,313,2105.886614,synthetic_track_0,0.20405766407119622,33.47859070215932
28.129825,321,2106.380506,synthetic_track_0,0.20193187850047167,33.12982504630034
33.499188,359,2108.165792,synthetic_track_0,0.2346590543672441,38.49918831265128
47.992054,449,2108.800768,synthetic_track_0,0.32299551759032613,52.992053894460916
30.831365,334,2109.274879,synthetic_track_0,0.21839821824828068,35.831364590471814
38.405388,540,2110.010021,synthetic_track_0,0.26456317162175225,43.40538826563984
29.828578,323,2110.434014,synthetic_track_0,0.2122860635866236,34.828577828419505
26.573093,306,2110.857222,synthetic_track_0,0.1924433347952767,31.573093166066037
25.545579,301,2112.50177,synthetic_track_0,0.18618045999745378,30.54557860085947
37.553739,388,2113.017822,synthetic_track_0,0.259372226352294,42.553739135848424
31.507375,353,2113.525741,synthetic_track_0,0.22251861395642594,36.50737468826358
20.995983,269,2114.003187,synthetic_track_0,0.15844990681221371,25.995983052665807
29.335116,322,2114.469822,synthetic_track_0,0.20927833238557583,34.3351163243867
48.580817,448,2116.277626,synthetic_track_0,0.326584127797643,53.58081694272572
31.738822,358,2116.757413,synthetic_track_0,0.22392932268820848,36.73882171793668
8.895479,182,2116.981519,synthetic_track_0,0.08469528817857162,13.895478517006481
36.372493,479,2117.650984,synthetic_track_0,0.2521723297190718,41.372492679957396
32.647233,348,2118.185846,synthetic_track_0,0.2294662410909747,37.647232709512025
42.501141,427,2118.803488,synthetic_track_0,0.2895274760619532,47.50114097515819
42.358881,406,2120.780828,synthetic_track_0,0.28866037810750583,47.35888110147123
34.976313,520,2121.523404,synthetic_track_0,0.2436623767347848,39.97631266313549
40.345741,556,2122.3095,synthetic_track_0,0.2763899492719641,45.345741008964104
40.632225,391,2122.854007,synthetic_track_0,0.27813611823296347,45.63222510750655
26.627261,310,2123.271915,synthetic_track_0,0.19277349570598212,31.62726080561866
49.765746,596,2125.3632,synthetic_track_0,0.33380647011908166,54.76574593615948
29.608222,338,2125.791992,synthetic_track_0,0.21094295767689197,34.608222012693474
34.530386,370,2126.275555,synthetic_track_0,0.24094438030673274,39.530386310117265
46.159852,435,2126.901525,synthetic_track_0,0.3118279376529067,51.159852004077294
35.955994,356,2127.321797,synthetic_track_0,0.2496336984224664,40.955993753001685
34.290145,354,2129.00938,synthetic_track_0,0.23948007156356818,39.290145428711824
30.654448,344,2129.485528,synthetic_track_0,0.21731988131510385,35.6544479282667
44.79295,600,2130.348979,synthetic_track_0,0.30349643961719897,49.79295008474539
35.649062,371,2130.829026,synthetic_track_0,0.2477628946876342,40.64906152966375
37.614061,478,2132.735548,synthetic_track_0,0.25973989682492393,42.61406075779031
34.651505,361,2133.220973,synthetic_track_0,0.24168261855002846,39.65150489735815
43.34626,423,2133.802008,synthetic_track_0,0.2946786198300916,48.34626009698305
28.551036,310,2134.248185,synthetic_track_0,0.2044992292731045,33.55103581580056
39.844525,384,2134.845829,synthetic_track_0,0.2733349509209137,44.84452465006811
33.508037,361,2135.383955,synthetic_track_0,0.23471298783497457,38.508036872687065
39.279827,378,2137.412405,synthetic_track_0,0.26989302518312097,44.2798272958801
37.222079,379,2138.043124,synthetic_track_0,0.2573507026522359,42.22207913740139
30.715474,327,2138.540783,synthetic_track_0,0.21769184856928203,35.7154744989369
45.059232,423,2139.207997,synthetic_track_0,0.3051194747153776,50.05923230450168
35.521764,356,2139.758025,synthetic_track_0,0.24698699428005672,40.52176392342504
48.631192,482,2141.921718,synthetic_track_0,0.3268911730180519,53.63119212127101
3.015451,884,2143.331058,synthetic_track_0,0.04885552975602592,8.015451375884062
36.337898,374,2143.903012,synthetic_track_0,0.2519614667563796,41.33789758227093
48.050178,450,2144.58349,synthetic_track_0,0.3233497939671415,53.050178022602985
46.7386,464,2146.720881,synthetic_track_0,0.3153555014172412,51.738599506551495
37.208771,370,2147.349923,synthetic_track_0,0.25726958813948547,42.20877113652458
32.459551,349,2147.888585,synthetic_track_0,0.2283222868799223,37.459550590400475
39.412341,380,2148.469883,synthetic_track_0,0.27070071782270183,44.41234087441563
42.453384,405,2149.102041,synthetic_track_0,0.28923639109766947,47.453384305869804
33.969054,362,2151.205721,synthetic_track_0,0.23752296711557924,38.96905433383025
28.950365,310,2151.681974,synthetic_track_0,0.20693320537538254,33.9503645549484
48.085974,731,2152.87881,synthetic_track_0,0.3235679745409665,53.08597367949976
42.125512,396,2153.522107,synthetic_track_0,0.2872379551657585,47.12551218740043
40.096459,385,2154.172751,synthetic_track_0,0.2748705355666487,45.096459367036864
31.077975,324,2156.260333,synthetic_track_0,0.2199013528278238,36.077975407996554
17.992866,256,2156.674133,synthetic_track_0,0.1401453984232172,22.992865541011625
33.058088,344,2157.312499,synthetic_track_0,0.23197047548371946,38.05808833034145
48.003654,443,2158.053149,synthetic_track_0,0.3230662192860933,53.00365352315074
26.922798,314,2158.629183,synthetic_track_0,0.19457484346827308,31.922797779054505
45.692056,472,2159.457318,synthetic_track_0,0.3089766447801694,50.692056454751345
40.866388,396,2161.70015,synthetic_track_0,0.27956337873753034,45.866387693240554
45.674476,436,2162.521559,synthetic_track_0,0.30886949154787396,50.6744764279351
31.449243,357,2163.077176,synthetic_track_0,0.22216429233417193,36.449243136957435
29.084575,817,2164.415674,synthetic_track_0,0.20775123817275137,34.084574584886305
45.992708,436,2166.764942,synthetic_track_0,0.31080916868408237,50.99270832200794
48.0648,432,2167.564077,synthetic_track_0,0.32343891538600694,53.06479967143236
44.676567,447,2168.339005,synthetic_track_0,0.3027870647863751,49.676566954890106
35.539022,372,2168.992017,synthetic_track_0,0.24709218292890342,40.53902163210891
30.103722,324,2169.611219,synthetic_track_0,0.21396311083960787,35.10372151795646
37.391054,379,2171.882061,synthetic_track_0,0.2583806330354094,42.39105400980782
25.180292,304,2172.429923,synthetic_track_0,0.18395397577404513,30.180291884677587
38.652626,388,2173.059095,synthetic_track_0,0.2660701299694935,43.652626427258845
39.09861,378,2173.694782,synthetic_track_0,0.26878847476558054,44.09860993505687
37.448688,371,2174.365613,synthetic_track_0,0.25873192420792424,42.44868837230744
41.061991,607,2176.965884,synthetic_track_0,0.2807556121674699,46.061990711652314
48.163495,617,2177.920881,synthetic_track_0,0.32404048220615184,53.16349534867291
38.159968,395,2178.532004,synthetic_track_0,0.26306729079647423,43.159967530689066
47.554967,448,2179.264104,synthetic_track_0,0.3203313972571648,52.55496668864007
35.056266,354,2181.455674,synthetic_track_0,0.2441497048853469,40.05626584580358
33.474035,368,2182.037201,synthetic_track_0,0.23450574285592418,38.47403535718268
44.289729,439,2182.714462,synthetic_track_0,0.3004292196458884,49.28972859350473
19.166003,260,2183.12218,synthetic_track_0,0.1472958713637528,24.16600333023739
25.415992,298,2183.662649,synthetic_track_0,0.18539060557154247,30.415991637489416
9.204673,185,2184.030221,synthetic_track_0,0.08657988222738945,14.204673239426139
48.284943,589,2186.523036,synthetic_track_0,0.32478072676145786,53.28494310021605
17.767965,247,2186.944239,synthetic_track_0,0.13877459276503631,22.767965183696795
40.337886,398,2187.609954,synthetic_track_0,0.276342070023019,45.33788573047773
25.819621,309,2188.17573,synthetic_track_0,0.187850797327363,30.81962143114032
30.967511,338,2188.70378,synthetic_track_0,0.219228055017747,35.967511231574555
10.990019,205,2189.066099,synthetic_track_0,0.0974618689682282,15.990019463892157
32.251261,331,2189.571373,synthetic_track_0,0.22705272440268445,37.25126063109057
48.631192,692,2192.245548,synthetic_track_0,0.3268911730180519,53.63119212127101
44.568277,420,2192.957388,synthetic_track_0,0.30212702206142145,49.568277465567355
31.540458,595,2193.843456,synthetic_track_0,0.22272026017906396,36.54045764736273
9.369025,186,2194.140101,synthetic_track_0,0.08758163431566764,14.369025057825853
24.590842,298,2195.990543,synthetic_track_0,0.18036117944600674,29.590842043182533
47.542183,562,2196.898956,synthetic_track_0,0.32025347678078825,52.542182715306836
34.796807,353,2197.474348,synthetic_track_0,0.24256826235132523,39.79680748359757
34.29685,481,2198.272066,synthetic_track_0,0.23952093828027973,39.29685020056323
29.799748,329,2198.76567,synthetic_track_0,0.21211034029932352,34.79974789919761
9.361116,186,2199.02884,synthetic_track_0,0.08753342857754269,14.361116214100104
32.401024,346,2201.011073,synthetic_track_0,0.22796555467381732,37.40102354819
33.412344,348,2201.563884,synthetic_track_0,0.2341297260675933,38.41234440227065
24.815151,291,2202.08416,synthetic_track_0,0.18172838294207067,29.815151414063674
45.892708,677,2203.287524,synthetic_track_0,0.3101996517332299,50.89270831163588
38.060902,378,2203.919009,synthetic_track_0,0.26246347228987554,43.060902431944456
34.253196,351,2205.98822,synthetic_track_0,0.23925485669955388,39.253195695474915
47.714952,653,2207.156575,synthetic_track_0,0.32130653575348644,52.714952165024236
10.209666,191,2207.480976,synthetic_track_0,0.09270548219717933,15.209665897394641
32.800304,337,2208.001259,synthetic_track_0,0.23039923617733649,37.80030395418007
30.457967,316,2208.542147,synthetic_track_0,0.21612229777532718,35.45796714749172
44.33676,433,2210.619875,synthetic_track_0,0.3007158818902234,49.33675965206131
19.062398,260,2210.999578,synthetic_track_0,0.14666437647240618,24.06239752305476
31.693096,349,2211.487733,synthetic_track_0,0.2236506150486569,36.69309572654801
43.877904,401,2212.171051,synthetic_track_0,0.2979190822094428,48.877904493569865
31.731816,337,2212.664555,synthetic_track_0,0.22388662151332342,36.731815976873314
48.677683,440,2213.399981,synthetic_track_0,0.32717454487105857,53.67768334386981
41.736293,400,2215.453104,synthetic_track_0,0.2848655983538122,46.736292977878755
32.92045,346,2215.95664,synthetic_track_0,0.23113154521369406,37.92044976986065
38.069232,400,2216.550005,synthetic_track_0,0.2625142421362537,43.06923195445782
33.469628,363,2217.144609,synthetic_track_0,0.2344788795963535,38.46962805360902
32.089794,346,2217.840252,synthetic_track_0,0.22606855558196493,37.089793600285
8.385798,177,2218.141086,synthetic_track_0,0.08158870178214868,13.385798398300171
30.834531,472,2220.472834,synthetic_track_0,0.21841751617209398,35.834530692052404
32.144546,342,2221.064091,synthetic_track_0,0.22640228353615965,37.14454646455603
33.159175,343,2221.625715,synthetic_track_0,0.23258661559319044,38.15917496501431
36.544206,537,2222.722102,synthetic_track_0,0.25321895085979,41.54420591087093
36.017582,391,2223.559297,synthetic_track_0,0.25000908814104855,41.017581828114736
43.393999,417,2225.632056,synthetic_track_0,0.29496959503179276,48.39399875814323
41.372578,411,2226.261982,synthetic_track_0,0.28264869251658925,46.372577733526455
37.590386,412,2226.884205,synthetic_track_0,0.2595955970267231,42.5903863032955
37.886663,403,2227.491114,synthetic_track_0,0.26140145198512177,42.88666274699037
32.986063,556,2229.631139,synthetic_track_0,0.2315314679743999,37.986062842905916
47.757788,441,2230.365733,synthetic_track_0,0.32156762756803536,52.75778802730245
27.009274,302,2230.840209,synthetic_track_0,0.1951019303837778,32.00927395817263
42.830433,414,2231.589914,synthetic_track_0,0.2915345663354723,47.830432962672006
45.329401,439,2232.301626,synthetic_track_0,0.3067662000718108,50.329401251391424
46.219569,440,2234.729023,synthetic_track_0,0.3121919212381268,51.219568739184275
31.820122,353,2235.340124,synthetic_track_0,0.22442485865795442,36.82012151123204
47.950858,423,2236.088203,synthetic_track_0,0.3227444212320987,52.9508579303585
34.82522,342,2236.815569,synthetic_track_0,0.24274144179947407,39.82522005946915
34.124701,347,2237.411654,synthetic_track_0,0.23847165726439365,39.12470057892422
33.770567,349,2238.025045,synthetic_track_0,0.23631315190641392,38.77056677200674
29.847938,328,2240.125658,synthetic_track_0,0.21240406606750922,34.84793783029638
27.833286,311,2240.664181,synthetic_track_0,0.20012442134010955,32.83328573836071
27.562964,309,2241.150003,synthetic_track_0,0.19847676387925245,32.56296386635227
34.713229,345,2241.730103,synthetic_track_0,0.24205883651286542,39.7132288578374
44.279206,423,2242.41743,synthetic_track_0,0.300365082199306,49.27920592417698
34.184358,337,2242.984181,synthetic_track_0,0.23883528097698345,39.18435827175729
35.691213,365,2245.211508,synthetic_track_0,0.2480198157531867,40.691213120663996
29.597466,325,2245.75009,synthetic_track_0,0.21087739655839166,34.59746576953918
48.055103,434,2246.534028,synthetic_track_0,0.3233798101115158,53.055102602214035
36.43259,390,2247.239109,synthetic_track_0,0.2525386358523515,41.432590462432664
39.58427,388,2247.915004,synthetic_track_0,0.271748657443371,44.584270420902634
30.611896,322,2248.460023,synthetic_track_0,0.21706052030824213,35.611896029849426
36.992383,381,2250.444299,synthetic_track_0,0.2559506637030703,41.9923826388183
28.036177,314,2250.974113,synthetic_track_0,0.20136107594841288,33.03617668911118
39.503215,393,2251.551528,synthetic_track_0,0.27125461065635215,44.50321494942301
38.65334,484,2252.320003,synthetic_track_0,0.26607447799391,43.653339783115705
43.351495,589,2254.724127,synthetic_track_0,0.2947105253221385,48.35149465121679
39.671263,398,2255.449086,synthetic_track_0,0.27227889462055094,44.67126344569626
45.782867,422,2256.146638,synthetic_track_0,0.30953015266247175,50.78286737296098
32.112677,348,2256.705307,synthetic_track_0,0.22620803414362925,37.112677061677836
30.756513,325,2257.224158,synthetic_track_0,0.21794198248056587,35.756512559794444
47.875633,411,2257.894408,synthetic_track_0,0.322285911629271,52.875632844371424
42.465515,385,2260.125631,synthetic_track_0,0.2893103270430735,47.46551455966657
30.9685,326,2260.624903,synthetic_track_0,0.21923408289007898,35.968500190609866
36.861791,362,2261.204933,synthetic_track_0,0.2551546834083755,41.86179063868752
34.056683,343,2261.72137,synthetic_track_0,0.23805707998253817,39.05668322119924
29.72202,328,2262.31658,synthetic_track_0,0.21163657721825743,34.7220202610175
27.412806,302,2262.784009,synthetic_track_0,0.19756152618828496,32.41280597745083
28.825294,316,2264.625829,synthetic_track_0,0.20617087985553645,33.82529410402021
29.904173,315,2265.124904,synthetic_track_0,0.21274682954130128,34.9041731013359
29.831526,316,2265.637235,synthetic_track_0,0.21230403367505624,34.831526079533994
36.322586,355,2266.200617,synthetic_track_0,0.2518681387747946,41.322585786407906
31.489193,324,2266.712977,synthetic_track_0,0.2224077947694979,36.48919320893519
30.398221,326,2267.242822,synthetic_track_0,0.2157581326725131,35.39822063181629
31.092944,332,2269.19485,synthetic_track_0,0.21999258699257193,36.092943683133676
47.074967,418,2269.891371,synthetic_track_0,0.3174057208704059,52.07496745545714
30.46767,325,2270.436604,synthetic_track_0,0.2161814365487402,35.46766971268933
44.249415,405,2271.058008,synthetic_track_0,0.3001835037739496,49.249415375458696
31.26361,327,2271.646654,synthetic_track_0,0.22103282684564804,36.26360997215411
44.84868,588,2273.951605,synthetic_track_0,0.30383612162213486,49.84867979655945
31.856854,334,2274.405809,synthetic_track_0,0.2246487484941387,36.85685385462186
32.473179,342,2274.870748,synthetic_track_0,0.22840535387108551,37.47317892340464
29.676704,321,2275.296474,synthetic_track_0,0.21136036477495693,34.6767036424127
36.926088,364,2275.811913,synthetic_track_0,0.2555465890791574,41.926088392980084
36.277507,359,2276.327887,synthetic_track_0,0.2515933779694746,41.277507329863916
27.518948,316,2277.996742,synthetic_track_0,0.19820847962571175,32.51894798115136
28.289405,310,2278.423936,synthetic_track_0,0.2029045426190067,33.28940456546875
44.762851,418,2278.951898,synthetic_track_0,0.3033129808984379,49.76285104688714
35.056948,359,2279.409064,synthetic_track_0,0.2441538609792156,40.05694771269735
34.733694,352,2279.879086,synthetic_track_0,0.24218357620144912,39.73369419540469
33.974674,358,2280.417342,synthetic_track_0,0.237557220231472,38.97467404947517
30.219366,328,2282.093729,synthetic_track_0,0.21466798380766716,35.21936605256428
36.89049,369,2282.621456,synthetic_track_0,0.25532961005637417,41.890489867789775
33.034067,341,2283.073915,synthetic_track_0,0.23182406153924026,38.03406701978387
43.635135,399,2283.584047,synthetic_track_0,0.29643936146081423,48.63513505130307
36.177827,363,2284.113041,synthetic_track_0,0.2509858080481164,41.17782675764586
34.038279,340,2285.757422,synthetic_track_0,0.23794490417913228,39.03827916945237
36.479932,353,2286.253852,synthetic_track_0,0.25282719279344096,41.47993237320565
30.672401,330,2286.684523,synthetic_track_0,0.21742930786585044,35.672400925626874
37.893179,374,2287.181908,synthetic_track_0,0.2614411691750478,42.893178922461765
35.279508,353,2287.660079,synthetic_track_0,0.24551040523975848,40.279508282891044
30.979237,325,2288.078069,synthetic_track_0,0.2192995238924015,35.97923672697995
33.657765,342,2289.724876,synthetic_track_0,0.23562560900374718,38.65776548354093
46.79668,563,2290.476154,synthetic_track_0,0.3157095098624072,51.796679676658144
33.668939,336,2290.901422,synthetic_track_0,0.23569371216300183,38.66893878499269
46.968454,418,2291.495549,synthetic_track_0,0.3167565019388171,51.96845376489969
27.393636,313,2291.9626,synthetic_track_0,0.197444682485173,32.39363608971143
37.835087,373,2293.722603,synthetic_track_0,0.2610870879762441,42.83508681607588
30.092304,337,2294.209146,synthetic_track_0,0.21389352083190843,35.0923042776615
47.678519,417,2294.705628,synthetic_track_0,0.3210844666331923,52.678518536227415
29.751179,324,2295.150062,synthetic_track_0,0.21181430734529635,34.75117944112309
48.74581,528,2295.827868,synthetic_track_0,0.3275897909667806,53.74581043011587
48.005792,420,2296.382034,synthetic_track_0,0.32307925326681264,53.00579193489679
35.287986,362,2298.115522,synthetic_track_0,0.2455620808053047,40.28798640164291
48.343121,486,2298.784042,synthetic_track_0,0.3251353326250297,53.34312128539299
31.760932,332,2299.243191,synthetic_track_0,0.22406408871122682,36.76093201967774
36.728301,358,2299.74232,synthetic_track_0,0.2543410407217248,41.72830086946876
32.769234,328,2300.188874,synthetic_track_0,0.23020986204841323,37.769234408320784
37.731927,386,2301.929991,synthetic_track_0,0.26045831405156983,42.73192742255751
37.993926,383,2302.483135,synthetic_track_0,0.26205523892882315,42.993925885545934
48.871027,460,2303.113156,synthetic_track_0,0.328353004239349,53.87102652962908
9.439622,190,2303.348903,synthetic_track_0,0.08801193651038365,14.439622313364914
24.942321,297,2303.727178,synthetic_track_0,0.18250350187981773,29.942320808952328
36.79783,580,2305.727731,synthetic_track_0,0.254764832148174,41.797829939958504
28.087155,312,2306.127921,synthetic_track_0,0.2016717948795623,33.087154592669535
36.631795,375,2306.642247,synthetic_track_0,0.2537528201991603,41.63179484404118
39.622516,409,2307.249322,synthetic_track_0,0.2719817691456562,44.62251574388137
42.899586,413,2307.85452,synthetic_track_0,0.29195606711639566,47.89958621986233
36.550691,363,2308.476365,synthetic_track_0,0.253258481042974,41.5506914052003
44.913724,416,2310.413003,synthetic_track_0,0.30423257831574735,49.91372421151439
33.963932,345,2310.913929,synthetic_track_0,0.23749174791697833,38.96393237589367
44.44447,417,2311.505518,synthetic_track_0,0.3013723945235334,49.444469979146675
33.428626,341,2312.003999,synthetic_track_0,0.23422896771332852,38.42862641967637
43.088674,402,2312.5488,synthetic_track_0,0.2931085880336041,48.08867383016369
47.604429,690,2314.90889,synthetic_track_0,0.3206328765492966,52.60442869670724
35.000999,357,2315.458659,synthetic_track_0,0.24381284613222645,40.00099932900064
27.278358,308,2315.891108,synthetic_track_0,0.1967420430445182,32.2783579973548
42.449706,409,2316.431264,synthetic_track_0,0.28921396817686873,47.449705503648616
38.765791,385,2316.919937,synthetic_track_0,0.26675988543234724,43.76579071800267
34.267713,364,2318.622284,synthetic_track_0,0.23934334183819334,39.26771295339423
35.142693,379,2319.108058,synthetic_track_0,0.2446764956697758,40.14269344036534
24.471406,293,2319.479939,synthetic_track_0,0.17963319797266125,29.47140622637153
32.883342,363,2319.989092,synthetic_track_0,0.2309053669400456,37.88334197543566
27.936132,314,2320.4378,synthetic_track_0,0.20075128477215642,32.936131688122856
35.856562,379,2320.952921,synthetic_track_0,0.24902764781501094,40.85656244605152
39.488608,393,2322.753947,synthetic_track_0,0.271165575896052,44.48860751817596
54.452598,736,2323.724384,synthetic_track_0,0.3623736242916554,59.452597892552525
25.923322,859,2324.961675,synthetic_track_0,0.1884828682888318,30.923321750900673
18.472746,255,2326.651741,synthetic_track_0,0.14307034824138604,23.472745570181537
48.724509,707,2327.658905,synthetic_track_0,0.3274599552360365,53.72450901363694
38.448452,375,2328.163091,synthetic_track_0,0.2648256529188752,43.44845209249167
34.497766,358,2328.64229,synthetic_track_0,0.2407455526094651,39.49776577058804
29.876658,323,2329.064352,synthetic_track_0,0.21257912250253477,34.876658352824535
14.689706,235,2330.615568,synthetic_track_0,0.12001208193017986,19.689705792440463
11.459446,208,2330.918973,synthetic_track_0,0.10032310032890975,16.45944556491338
36.347299,394,2331.486433,synthetic_track_0,0.252018772472218,41.34729940804493
12.743392,223,2331.783989,synthetic_track_0,0.10814897030411369,17.743391938506868
5.005277,149,2331.994333,synthetic_track_0,0.06098385579870176,10.005277464177498
35.466854,381,2332.535649,synthetic_track_0,0.24665230845296224,40.46685390634673
34.81487,354,2332.981162,synthetic_track_0,0.2426783581794879,39.81487028553079
4.645674,145,2333.187267,synthetic_track_0,0.05879200970216507,9.645673630221646
14.497887,237,2334.829319,synthetic_track_0,0.11884291603817627,19.497887334949663
35.519148,363,2335.356465,synthetic_track_0,0.24697104890287916,40.51914785527318
48.115752,631,2336.194805,synthetic_track_0,0.32374948141521137,53.11575248923048
4.770631,147,2336.471027,synthetic_track_0,0.059553648087384954,9.77063134684499
36.739236,383,2337.104707,synthetic_track_0,0.2544076923113922,41.739236020080625
13.770612,223,2337.461136,synthetic_track_0,0.11441004710679284,18.77061151678522
4.769346,146,2337.72214,synthetic_track_0,0.05954581080265653,9.769345527717178
20.239855,265,2339.502124,synthetic_track_0,0.15384117881389836,25.239855028680644
21.237599,276,2339.965119,synthetic_track_0,0.15992259968571537,26.23759947107559
30.420946,346,2340.496876,synthetic_track_0,0.2158966491888992,35.42094625586323
10.662578,199,2340.818934,synthetic_track_0,0.09546605892906522,15.662578160844184
10.259282,192,2341.125819,synthetic_track_0,0.09300790299902459,15.259282373653349
8.809414,180,2341.416633,synthetic_track_0,0.08417070963766993,13.809413872770152
32.44887,345,2341.880025,synthetic_track_0,0.22825718966403544,37.44887045713302
26.378846,306,2342.35638,synthetic_track_0,0.19125936620702863,31.37884611364295
49.100194,457,2344.303032,synthetic_track_0,0.3297498196294581,54.10019415704848
32.049154,341,2344.806671,synthetic_track_0,0.2258208524672433,37.04915434651738
13.182773,223,2345.118333,synthetic_track_0,0.11082707048831468,18.1827727396855
17.460678,245,2345.523416,synthetic_track_0,0.1369016284365844,22.460678483942605
13.022364,220,2345.851945,synthetic_track_0,0.10984935436056764,18.02236436584308
26.45735,311,2346.281035,synthetic_track_0,0.19173786035137555,31.45734995070727
38.425114,387,2348.177586,synthetic_track_0,0.26468340513196853,43.425114299923024
15.865891,238,2348.48667,synthetic_track_0,0.1271811269523057,20.865890598404743
28.849437,323,2348.936071,synthetic_track_0,0.2063180335936821,33.84943678835453
29.442268,322,2349.373086,synthetic_track_0,0.20993143833793654,34.442267736531655
16.503647,243,2349.725613,synthetic_track_0,0.13106836120468088,21.503647210443958
10.189359,192,2350.010468,synthetic_track_0,0.09258171016374221,15.18935931755273
36.624362,366,2350.521223,synthetic_track_0,0.253707513175879,41.624361576120215
45.177357,425,2352.455773,synthetic_track_0,0.3058394658429846,50.17735719032773
43.200168,398,2353.000875,synthetic_track_0,0.29378816449143363,48.20016810893069
23.899072,292,2353.440957,synthetic_track_0,0.17614472194547082,28.899071628598936
18.55427,253,2353.818042,synthetic_track_0,0.1435672517066193,23.554269720753137
25.505802,298,2354.262956,synthetic_track_0,0.18593801222595938,30.505801561631582
33.82905,344,2354.753973,synthetic_track_0,0.23666961571651782,38.82904977999823
29.236066,333,2356.475704,synthetic_track_0,0.2086746034498351,34.236065921027865
41.41237,409,2357.060165,synthetic_track_0,0.28289123149273304,46.41236973618707
41.13774,405,2357.57087,synthetic_track_0,0.28121731435876146,46.13773958763252
39.337209,394,2358.124212,synthetic_track_0,0.2702427771991399,44.33720913764944
33.373726,341,2358.53989,synthetic_track_0,0.23389433955819453,38.37372586451153
28.700119,319,2359.011511,synthetic_track_0,0.2054079177965043,33.700119219695836
13.783674,226,2360.534962,synthetic_track_0,0.11448966547166055,18.783674053112456
35.238748,363,2361.010625,synthetic_track_0,0.2452619671581935,40.23874844725634
38.583963,385,2361.549956,synthetic_track_0,0.2656516171803986,43.583963393044954
24.619986,298,2361.929281,synthetic_track_0,0.1805388183353479,29.61998625443335
31.438384,330,2362.380957,synthetic_track_0,0.22209810674004113,36.438384439606516
38.500993,382,2362.889639,synthetic_track_0,0.2651458957698788,43.500992531895605
24.333175,293,2364.584108,synthetic_track_0,0.17879065667284283,29.33317522458742
23.898259,295,2364.990379,synthetic_track_0,0.1761397679304551,28.898258851280335
48.798889,445,2365.611054,synthetic_track_0,0.32791331301074944,53.798888868225305
26.234848,311,2366.030087,synthetic_track_0,0.1903816705943929,31.23484754191442
47.117888,433,2366.613114,synthetic_track_0,0.31766732993648367,52.11788818027802
43.731007,434,2367.243963,synthetic_track_0,0.29702371630904384,48.731006857332744
48.21053,468,2369.108395,synthetic_track_0,0.32432716853847815,53.21053035921046
29.074141,320,2369.566786,synthetic_track_0,0.20768764469358675,34.07414116122653
31.291224,326,2370.057482,synthetic_track_0,0.22120113730331428,36.29122372020297
47.63704,514,2370.767876,synthetic_track_0,0.3208316486959638,52.637040122362585
41.758496,392,2371.251061,synthetic_track_0,0.28500092788788456,46.75849573170201
37.127285,399,2373.022574,synthetic_track_0,0.256772918088508,42.127285280914215
36.612347,367,2373.504913,synthetic_track_0,0.25363428245868974,41.61234702514138
48.231192,582,2374.253238,synthetic_track_0,0.3244531053925189,53.23119210896604
35.040877,591,2375.070222,synthetic_track_0,0.24405590686650358,40.04087693357712
25.487324,311,2376.866629,synthetic_track_0,0.18582539018934394,30.487324298917372
23.589967,285,2377.248882,synthetic_track_0,0.1742606759765873,28.589966826564652
36.64864,364,2377.774949,synthetic_track_0,0.2538554943235775,41.6486400088759
18.513661,253,2378.197543,synthetic_track_0,0.14331973673413734,23.513661334422256
48.591863,471,2378.824172,synthetic_track_0,0.32665145727524364,53.59186331058964
29.486226,323,2379.279302,synthetic_track_0,0.21019937360823246,34.486226366018755
26.954728,310,2380.902989,synthetic_track_0,0.1947694614787046,31.954727658993896
42.385775,414,2381.475967,synthetic_track_0,0.28882430275515947,47.38577529439347
34.794026,386,2381.984331,synthetic_track_0,0.24255130794625465,39.79402586992704
48.559222,443,2382.589028,synthetic_track_0,0.3264525021775857,53.559221869196506
10.650653,197,2382.835577,synthetic_track_0,0.09539337559551433,15.650653416013384
13.822161,229,2383.155701,synthetic_track_0,0.11472424966777492,18.822160959853523
46.798506,561,2385.216446,synthetic_track_0,0.31572063969094094,51.79850568488852
39.063475,389,2385.784162,synthetic_track_0,0.26857432047274316,44.0634748473862
21.42233,280,2386.186605,synthetic_track_0,0.16104856223358377,26.42232979942481
42.701984,404,2386.749357,synthetic_track_0,0.2907516507625733,47.701984417802414
37.741933,389,2387.297977,synthetic_track_0,0.26051929790070316,42.741932698928146
24.207782,298,2388.939283,synthetic_track_0,0.17802636671285843,29.207782479038986
28.092053,313,2389.445819,synthetic_track_0,0.2017016535280364,33.09205333281602
33.895289,548,2390.27367,synthetic_track_0,0.23707335599128423,38.89528917105666
24.556597,292,2390.710259,synthetic_track_0,0.1801524503856576,29.556597042825004
33.531252,353,2391.175741,synthetic_track_0,0.2348544900688353,38.531252346570035
31.070161,336,2391.66302,synthetic_track_0,0.21985372137647713,36.07016078426535
24.388912,293,2393.321917,synthetic_track_0,0.17913038199011344,29.38891204241209
26.792915,304,2393.739353,synthetic_track_0,0.19378318902807545,31.7929154974869
21.047177,274,2394.15189,synthetic_track_0,0.15876194441372038,26.047177303036527
35.518466,359,2394.63765,synthetic_track_0,0.24696689060553595,40.51846562686777
33.10338,378,2395.181088,synthetic_track_0,0.23224653352224275,38.10337961662481
34.760803,368,2395.726812,synthetic_track_0,0.24234881146762222,39.76080341411966
35.332749,358,2397.478905,synthetic_track_0,0.24583491558786066,40.332748866488714
24.530039,294,2397.900254,synthetic_track_0,0.17999057249946307,29.530038650518076
34.619537,362,2398.469928,synthetic_track_0,0.2414877712685802,39.619537402215414
23.429205,284,2398.860093,synthetic_track_0,0.17328080377978258,28.42920471862538
34.45615,348,2399.41358,synthetic_track_0,0.24049189903729354,39.45615025880844
36.288792,383,2400.054276,synthetic_track_0,0.25166215907072104,41.28879185743681
48.931192,694,2402.560646,synthetic_track_0,0.32871972373189795,53.931192129629615
43.395655,435,2403.287868,synthetic_track_0,0.2949796916441716,48.39565525242316
33.363389,348,2403.834247,synthetic_track_0,0.23383133546603438,38.36338913825529
32.261247,350,2404.336803,synthetic_track_0,0.22711359251774688,37.261246919624554
18.103897,253,2404.70721,synthetic_track_0,0.14082215362212225,23.103896951729897
40.901252,408,2406.644876,synthetic_track_0,0.2797758833708506,45.90125213057312
29.949629,328,2407.089157,synthetic_track_0,0.21302389103070696,34.94962901814923
40.731621,418,2407.661696,synthetic_track_0,0.2787419531852289,45.73162103312529
12.369789,211,2407.93031,synthetic_track_0,0.10587180017947667,17.369789472219157
33.032736,356,2408.458926,synthetic_track_0,0.2318159487335869,38.032735997490974
34.065843,371,2408.956685,synthetic_track_0,0.23811291067710483,39.06584304854766
4.884878,148,2409.132897,synthetic_track_0,0.06025000230902695,9.884878258747005
30.877921,332,2410.876432,synthetic_track_0,0.2186819860760003,35.87792077840971
35.317577,372,2411.353215,synthetic_track_0,0.24574243933731085,40.31757680933556
35.218261,360,2411.828097,synthetic_track_0,0.24513709262370073,40.21826098628086
36.655073,377,2412.424181,synthetic_track_0,0.25389470335509295,41.65507281366129
38.279618,387,2412.94743,synthetic_track_0,0.263796580719413,43.2796180174493
27.813468,329,2414.61431,synthetic_track_0,0.200003630903885,32.813468332366654
26.873424,306,2415.023927,synthetic_track_0,0.19427390389615531,31.87342431980772
40.310538,408,2415.56318,synthetic_track_0,0.27617538116896845,45.31053802979336
26.795317,318,2415.989939,synthetic_track_0,0.19379782478507923,31.79531670363897
35.695406,364,2416.469365,synthetic_track_0,0.24804537167086282,40.6954059360223
38.897965,383,2416.975087,synthetic_track_0,0.26756551203971557,43.89796533427899
23.177902,283,2418.519667,synthetic_track_0,0.17174907424161598,28.177902487424713
42.963459,409,2419.06921,synthetic_track_0,0.292345384538591,47.96345933479885
25.058288,299,2419.467382,synthetic_track_0,0.1832103435236216,30.058288333092438
25.609259,304,2419.875582,synthetic_track_0,0.1865686054061799,30.609259430152562
26.466083,320,2420.28781,synthetic_track_0,0.19179108711447534,31.46608256569789
37.36343,385,2420.786387,synthetic_track_0,0.2582122628799742,42.363430467482495
31.611643,334,2422.527016,synthetic_track_0,0.2231541458024743,36.61164281584843
41.105777,403,2423.077338,synthetic_track_0,0.2810224958737184,46.10577681695366
25.219522,297,2423.656324,synthetic_track_0,0.18419308998751757,30.21952200583158
34.124143,355,2424.187456,synthetic_track_0,0.23846826054722983,39.12414329868593
43.686387,415,2424.74818,synthetic_track_0,0.29675174839943236,48.68638661544451
34.761861,362,2425.210998,synthetic_track_0,0.24235525834688795,39.76186111726071
30.121221,330,2426.92561,synthetic_track_0,0.21406977282299317,35.12122094833311
15.238004,240,2427.226825,synthetic_track_0,0.12335404994369008,20.238003646251926
24.874947,297,2427.589181,synthetic_track_0,0.18209284548871307,29.874946729671375
33.116107,360,2428.061527,synthetic_track_0,0.2323241110395489,38.11610732259656
36.645479,377,2428.614465,synthetic_track_0,0.2538362288782963,41.645479235865
40.794744,405,2429.129993,synthetic_track_0,0.2791266962951566,45.794743666432765
25.877802,315,2430.863323,synthetic_track_0,0.1882054199766324,30.877802370252034
41.576792,414,2431.397813,synthetic_track_0,0.2838934109327346,46.57679166777512
29.132098,324,2431.844276,synthetic_track_0,0.20804090085633367,34.13209790859718
16.253028,244,2432.244843,synthetic_track_0,0.12954079236695262,21.25302760191098
22.313238,289,2432.662437,synthetic_track_0,0.1664787982678243,27.31323801614842
29.386367,327,2433.102499,synthetic_track_0,0.209590712137726,34.386366709484854
49.625404,655,2435.186442,synthetic_track_0,0.33295106043262074,54.62540369071608
26.164875,319,2435.586515,synthetic_track_0,0.18995517501124531,31.164874815678097
27.626158,316,2436.007441,synthetic_track_0,0.1988619426718653,32.62615797966202
34.591527,354,2436.45101,synthetic_track_0,0.2413170453427117,39.59152736191423
21.716897,284,2436.801056,synthetic_track_0,0.16284399652197967,26.716896582532044
28.372085,323,2437.241069,synthetic_track_0,0.20340849413816384,33.372085050518834
35.566553,369,2438.941127,synthetic_track_0,0.2472599895209894,40.56655271377223
25.007475,301,2439.34676,synthetic_track_0,0.18290063063013037,30.00747548446179
37.126988,578,2440.129381,synthetic_track_0,0.25677110887071486,42.12698845274918
37.343925,388,2440.625683,synthetic_track_0,0.2580933742836822,42.3439250856458
45.579403,427,2441.191163,synthetic_track_0,0.30829000307685533,50.579403020983406
23.740684,285,2442.754914,synthetic_track_0,0.17517932009054224,28.740683588084156
34.543539,366,2443.324137,synthetic_track_0,0.24102454553735164,39.5435385676257
36.905361,373,2443.817018,synthetic_track_0,0.2554202518730371,41.90536095971552
30.69072,338,2444.27774,synthetic_track_0,0.2175409649806674,35.69071987906073
28.726176,324,2444.716708,synthetic_track_0,0.2055667402514648,33.72617632462319
34.41879,363,2445.187014,synthetic_track_0,0.2402641825962609,39.418790105931144
24.593991,303,2446.813229,synthetic_track_0,0.1803803706993355,29.593990643938007
16.057845,248,2447.16299,synthetic_track_0,0.12835112118786965,21.057844957554245
32.956184,347,2447.604899,synthetic_track_0,0.23134934883618363,37.95618358247664
29.845173,326,2448.034359,synthetic_track_0,0.21238721607852032,34.845173347583795
39.332752,397,2448.619006,synthetic_track_0,0.27021561318942977,44.33275249169568
33.926176,362,2449.112876,synthetic_track_0,0.23726161758823897,38.926176190067046
16.204055,243,2450.654088,synthetic_track_0,0.12924229392049846,21.204054644391565
12.97385,215,2450.954103,synthetic_track_0,0.10955365386546238,17.973850452429858
13.603817,228,2451.252227,synthetic_track_0,0.11339340669285118,18.603817054717126
25.956238,297,2451.61342,synthetic_track_0,0.18868349782044394,30.956237907234136
45.251642,402,2452.132169,synthetic_track_0,0.30629224219782486,50.25164165463496
39.432153,635,2452.977453,synthetic_track_0,0.2708214750524138,44.432152832404334
25.113534,308,2454.679114,synthetic_track_0,0.18354707342881746,30.11353371054269
42.167319,418,2455.237495,synthetic_track_0,0.2874927754399454,47.16731911340316
21.689686,274,2455.607702,synthetic_track_0,0.16267814395664612,26.689686087023443
22.158651,277,2455.968926,synthetic_track_0,0.16553656681249332,27.158651412487608
12.899676,215,2456.244319,synthetic_track_0,0.10910155011022245,17.899676337747714
33.983101,350,2456.695352,synthetic_track_0,0.23760858526966497,38.98310122175459
18.025277,256,2457.039972,synthetic_track_0,0.14034294996034657,23.02527670814049
27.537189,311,2458.730381,synthetic_track_0,0.19831966330712195,32.53718926103484
40.143659,389,2459.294771,synthetic_track_0,0.2751582261254292,45.143659135348074
34.286692,353,2459.810251,synthetic_track_0,0.23945902365849045,39.28669221756956
34.340302,356,2460.307803,synthetic_track_0,0.23978578406902945,39.34030195622798
23.865868,285,2460.726047,synthetic_track_0,0.17594233849171212,28.865867716145477
22.680362,277,2461.116409,synthetic_track_0,0.1687164820058,27.680362173555363
28.561024,314,2462.779967,synthetic_track_0,0.20456010595040242,33.561023509092266
43.839098,405,2463.2968,synthetic_track_0,0.2976825530009181,48.83909847960638
28.117637,317,2463.74192,synthetic_track_0,0.2018575912669106,33.11763715863581
29.578358,338,2464.185701,synthetic_track_0,0.21076093325007572,34.57835829102973
31.012475,333,2464.691246,synthetic_track_0,0.21950211666933223,36.012474981906315
23.369992,283,2465.084219,synthetic_track_0,0.17291989132122385,28.369991845958257
31.447626,333,2466.744223,synthetic_track_0,0.22215443377034969,36.447625697962344
42.505543,411,2467.251971,synthetic_track_0,0.28955430479990985,47.505542614965215
36.155592,364,2467.695657,synthetic_track_0,0.25085028385335006,41.15559206693982
30.257047,326,2468.124668,synthetic_track_0,0.21489765801494787,35.25704740511427
12.41461,211,2468.404494,synthetic_track_0,0.10614499146276603,17.41461042613075
48.582071,497,2469.051334,synthetic_track_0,0.3265917729185516,53.582071234618816
49.400926,671,2471.07267,synthetic_track_0,0.33158283253174575,54.400926251512
22.952057,286,2471.428625,synthetic_track_0,0.1703725048768291,27.95205651125617
24.866561,306,2471.838343,synthetic_track_0,0.18204173411830674,29.866561175235827
13.496934,220,2472.170988,synthetic_track_0,0.11274193344896506,18.496933511848276
40.986846,401,2472.741231,synthetic_track_0,0.2802975943780236,45.986846314714434
24.920551,290,2473.190299,synthetic_track_0,0.18237081333720667,29.920551347711257
44.925012,415,2475.105661,synthetic_track_0,0.3043013766865542,49.92501157240673
36.974233,372,2475.626826,synthetic_track_0,0.25584003829408364,41.97423295154446
19.511334,269,2475.975636,synthetic_track_0,0.14940071998426196,24.511333978692942
45.321151,444,2476.523294,synthetic_track_0,0.3067159106022484,50.3211505415944
35.144903,548,2477.256733,synthetic_track_0,0.24468996632559656,40.144903494933814
42.586697,435,2479.029997,synthetic_track_0,0.29004895674631087,47.58669737153348
23.032734,284,2479.389302,synthetic_track_0,0.17086424552975726,28.032733628314862
35.650091,355,2479.851353,synthetic_track_0,0.24776917082728458,40.65009122051854
24.212684,289,2480.242422,synthetic_track_0,0.17805624016387836,29.21268364775573
49.983522,668,2481.112508,synthetic_track_0,0.3351338489710737,54.983521502173204
34.895413,350,2482.752008,synthetic_track_0,0.24316927812406883,39.89541275359716
30.509353,328,2483.190293,synthetic_track_0,0.2164355054838319,35.5093533707219
31.351226,327,2483.653634,synthetic_track_0,0.22156685939059162,36.35122568154281
23.857097,286,2484.052658,synthetic_track_0,0.17588887930810398,28.857096969232174
47.646846,693,2484.954638,synthetic_track_0,0.3208914164914379,52.64684588766404
23.384334,282,2486.632369,synthetic_track_0,0.17300730740601059,28.38433371023805
36.910886,373,2487.161312,synthetic_track_0,0.25545392706582304,41.91088585877398
26.529946,305,2487.558351,synthetic_track_0,0.19218034846453105,31.52994648119453
35.121102,360,2488.039254,synthetic_track_0,0.24454489100196433,40.121101804352996
43.635198,416,2488.57676,synthetic_track_0,0.2964397422734528,48.6351975290861
35.106759,373,2489.098997,synthetic_track_0,0.24445746739288862,40.10675870560553
28.975196,319,2490.724361,synthetic_track_0,0.20708455874089937,33.975196248472855
26.863659,310,2491.14335,synthetic_track_0,0.19421438291852938,31.863659048519327
42.68233,412,2491.652719,synthetic_track_0,0.2906318523409935,47.68232976605929
46.483612,441,2492.224544,synthetic_track_0,0.31380131247374515,51.48361248731868
24.471878,289,2492.627736,synthetic_track_0,0.17963607301770784,29.471877918806133
38.779554,365,2493.153384,synthetic_track_0,0.2668437728933361,43.77955366086626
18.855273,790,2495.464243,synthetic_track_0,0.1454019172881652,23.855272960986664
29.353834,325,2495.923331,synthetic_track_0,0.20939241898481759,34.3538338696355
31.299546,333,2496.382116,synthetic_track_0,0.2212518610156671,36.29954567376685
32.593228,357,2496.856488,synthetic_track_0,0.22913707531364239,37.593228335882515
35.271875,496,2498.75791,synthetic_track_0,0.24546388103858188,40.27187531945384
34.308752,467,2499.368955,synthetic_track_0,0.23959348027766808,39.30875175716653
32.078399,379,2499.884042,synthetic_track_0,0.22599910383209962,37.07839904317354
49.734282,693,2500.769063,synthetic_track_0,0.3336146947235586,54.734282428024734
25.232622,290,2502.381569,synthetic_track_0,0.18427293802377454,30.232622223049027
31.828342,338,2502.774276,synthetic_track_0,0.22447496248430338,36.82834176359347
27.069578,307,2503.177541,synthetic_track_0,0.19546949474518271,32.06957817104396
33.366146,356,2503.729425,synthetic_track_0,0.23384813696367265,38.36614566526532
37.721344,362,2504.334303,synthetic_track_0,0.26039380758791003,42.72134421067797
33.236049,353,2504.913256,synthetic_track_0,0.23305517384435573,38.236048676091436
22.353993,277,2505.293952,synthetic_track_0,0.1667272058109126,27.3539928415074
24.188688,286,2506.944381,synthetic_track_0,0.17790998120292484,29.18868776447159
38.958339,400,2507.472062,synthetic_track_0,0.26793349981236014,43.958339013845716
22.384031,274,2507.814245,synthetic_track_0,0.16691029584696804,27.38403139167234
39.690267,386,2508.323362,synthetic_track_0,0.2723947242013316,44.690266952101226
21.681966,268,2508.684263,synthetic_track_0,0.1626310864732359,26.6819656309762
20.520628,270,2509.026806,synthetic_track_0,0.1555525359564194,25.52062774839427
35.977834,511,2510.973987,synthetic_track_0,0.24976681705127723,40.977833776061225
47.752712,480,2511.595821,synthetic_track_0,0.3215366872470793,52.75271182324907
34.235655,355,2512.064089,synthetic_track_0,0.23914794188779548,39.23565478497224
31.641756,333,2512.491018,synthetic_track_0,0.22333769323512834,36.64175640849503
43.515922,433,2513.063239,synthetic_track_0,0.295712735253083,48.51592158528197
24.663263,284,2514.653744,synthetic_track_0,0.18080259965962556,29.663263369412398
21.894623,274,2515.037218,synthetic_track_0,0.16392726695381168,26.894622656052135
22.185072,274,2515.404217,synthetic_track_0,0.1656976040407355,27.18507188278295
22.685795,278,2515.781281,synthetic_track_0,0.16874959323435293,27.685794546181086
22.616645,275,2516.153021,synthetic_track_0,0.16832811519045915,27.61664501932703
24.01963,290,2516.521046,synthetic_track_0,0.1768795437599477,29.0196297016214
23.472186,279,2516.911895,synthetic_track_0,0.17354278326185382,28.47218621551033
23.826225,288,2518.673956,synthetic_track_0,0.17570071183876665,28.82622539320939
24.03937,282,2519.069135,synthetic_track_0,0.1769998624673838,29.0393697137322
22.932276,275,2519.487315,synthetic_track_0,0.1702519404362001,27.932276183085577
24.428376,287,2519.896539,synthetic_track_0,0.17937092441659072,29.428376482423165
37.805086,366,2520.417509,synthetic_track_0,0.26090422748902287,42.80508592669424
36.36703,367,2520.959305,synthetic_track_0,0.2521390345130962,41.367030123193004
25.203851,296,2521.360805,synthetic_track_0,0.1840975724211937,30.203850977142807
31.539811,344,2523.103306,synthetic_track_0,0.22271632028864383,36.53981125175006
25.521504,290,2523.489052,synthetic_track_0,0.18603372287157413,30.52150426775125
31.661183,334,2523.929833,synthetic_track_0,0.22345610376148664,36.661183356092515
34.954372,358,2524.408391,synthetic_track_0,0.24352864615105577,39.954372240082016
31.708152,436,2525.035949,synthetic_track_0,0.223742386162647,36.70815209592056
33.96998,365,2525.51114,synthetic_track_0,0.23752861185393417,38.96998043423361
44.938441,445,2527.399374,synthetic_track_0,0.30438323430493097,49.93844149043486
26.010376,293,2527.872377,synthetic_track_0,0.18901348016095676,31.010376249781835
21.362901,269,2528.267755,synthetic_track_0,0.1606863320898016,26.36290074157067
24.433732,284,2528.663675,synthetic_track_0,0.17940356431142357,29.433731525982267
23.612139,278,2529.009928,synthetic_track_0,0.17439581981558747,28.612139114444158
24.159448,296,2529.437459,synthetic_track_0,0.17773175978584219,29.159447981177852
25.068638,286,2531.017448,synthetic_track_0,0.18327342530178392,30.06863780485315
21.72302,275,2531.367781,synthetic_track_0,0.16288131676466072,26.723019504380193
23.234684,291,2531.776385,synthetic_track_0,0.17209516617107645,28.23468383942375
45.594866,437,2532.435846,synthetic_track_0,0.3083842509387222,50.59486573641904
24.124181,286,2532.833207,synthetic_track_0,0.17751680004704035,29.124180748527973
41.241218,401,2533.374927,synthetic_track_0,0.28184803330815594,46.24121809039293
19.81903,260,2533.726707,synthetic_track_0,0.1512761792055007,24.81903000144333
27.836238,313,2535.437415,synthetic_track_0,0.2001424138823798,32.836237673349764
24.067229,284,2535.803251,synthetic_track_0,0.17716967238909814,29.067229470395183
31.334463,333,2536.293817,synthetic_track_0,0.22146468976551129,36.334463287070506
23.052103,278,2536.640013,synthetic_track_0,0.170982304535308,28.052102903874918
21.545265,283,2537.220325,synthetic_track_0,0.16179787368150042,26.545265104929882
33.539596,356,2537.704358,synthetic_track_0,0.2349053469180653,38.53959614315088
38.872325,383,2539.468096,synthetic_track_0,0.26740922818383084,43.8723247229923
44.925012,425,2540.046858,synthetic_track_0,0.3043013766865542,49.92501157240673
48.810841,739,2541.041154,synthetic_track_0,0.32798616550719273,53.810841366658316
30.70324,546,2541.859383,synthetic_track_0,0.21761727924480212,35.70324033020542
25.577491,291,2543.615574,synthetic_track_0,0.1863749732874871,30.577491299913422
33.896896,353,2544.110915,synthetic_track_0,0.23708314776771172,38.896895652620366
38.923605,372,2544.619336,synthetic_track_0,0.2677217929188868,43.92360545719309
18.614038,252,2544.964039,synthetic_track_0,0.14393155179124986,23.61403838213433
41.884317,401,2545.514196,synthetic_track_0,0.2857678289430877,46.88431686492465
32.235101,336,2546.044432,synthetic_track_0,0.22695422677059923,37.23510067981051
24.782654,290,2547.829982,synthetic_track_0,0.1815303030182082,29.78265355750195
28.228287,318,2548.374969,synthetic_track_0,0.20253201828673406,33.22828659813575
29.441297,321,2549.132378,synthetic_track_0,0.20992552011089097,34.44129676638043
37.600734,380,2549.778974,synthetic_track_0,0.2596586651172883,42.60073352940931
45.525012,419,2550.399048,synthetic_track_0,0.3079584780225149,50.52501157407406
37.822347,382,2551.006795,synthetic_track_0,0.2610094369707276,42.822347053307695
31.840149,493,2552.925594,synthetic_track_0,0.22454693072445187,36.84014918708061
42.350391,396,2553.540108,synthetic_track_0,0.28860862871407217,47.350390870194026
28.210575,323,2554.016628,synthetic_track_0,0.20242406268943852,33.21057493181675
31.928667,333,2554.489219,synthetic_track_0,0.22508646292630163,36.92866719417718
31.283112,546,2555.349673,synthetic_track_0,0.2211516978836162,36.28311247329559
30.244656,322,2557.137804,synthetic_track_0,0.2148221320376934,35.24465628375457
25.466214,290,2557.555808,synthetic_track_0,0.18569671824317552,30.4662138180137
24.16852,283,2557.927094,synthetic_track_0,0.1777870534776479,29.168519705510285
47.638185,636,2558.888421,synthetic_track_0,0.32083862549451625,52.63818476637393
33.48067,550,2559.698296,synthetic_track_0,0.23454618113641987,38.48066983791917
47.851513,541,2561.730754,synthetic_track_0,0.32213889984397587,52.85151344944112
26.811632,303,2562.161354,synthetic_track_0,0.1938972674133438,31.811631695115377
24.482564,285,2562.572078,synthetic_track_0,0.1797012057579222,29.48256388034976
34.709757,356,2563.096556,synthetic_track_0,0.2420376727535316,39.709756639140394
26.404239,302,2563.487417,synthetic_track_0,0.19141414303988863,31.404239476156835
21.692534,273,2563.842297,synthetic_track_0,0.16269550012878767,26.692533616352602
49.024464,695,2565.882183,synthetic_track_0,0.32928822919882966,54.02446361701029
26.781233,302,2566.260309,synthetic_track_0,0.1937119843023495,31.781233339507246
31.905791,545,2566.993486,synthetic_track_0,0.22494702620241436,36.90579059687259
26.122647,301,2567.407837,synthetic_track_0,0.18969778977905305,31.122647071473704
36.69694,378,2569.134078,synthetic_track_0,0.2541498879352025,41.69693950928322
37.230419,385,2569.605665,synthetic_track_0,0.2574015337644871,42.2304187114612
24.658555,285,2570.006522,synthetic_track_0,0.18077390034516339,29.658554834662255
25.266837,288,2570.356819,synthetic_track_0,0.18448148157715366,30.266836788323662
26.784727,302,2570.709203,synthetic_track_0,0.19373327754988823,31.784726802604126
28.503213,312,2571.179758,synthetic_track_0,0.20420774105490716,33.503212986915656
31.378306,332,2571.630291,synthetic_track_0,0.2217319196537772,36.37830618850408
37.639593,376,2573.318648,synthetic_track_0,0.2598955183818621,42.63959270942212
29.329466,325,2573.799081,synthetic_track_0,0.20924388966297422,34.329465501037845
27.239995,314,2574.276873,synthetic_track_0,0.19650821118389028,32.2399945220562
30.373985,319,2574.729106,synthetic_track_0,0.21561041209869,35.37398494994753
32.420068,353,2575.18347,synthetic_track_0,0.2280816322892829,37.42006774824758
36.149736,357,2575.717248,synthetic_track_0,0.2508145898692332,41.14973595616732
28.730057,321,2577.391237,synthetic_track_0,0.20559039663132148,33.73005749351886
31.715769,331,2577.850018,synthetic_track_0,0.2237888152979775,36.715769462440264
31.645557,348,2578.29377,synthetic_track_0,0.2233608558119422,36.645556561908954
24.736604,284,2578.690835,synthetic_track_0,0.18124962578693174,29.736604426301263
34.37284,548,2579.426754,synthetic_track_0,0.2399841110167044,39.37284034059418
25.214178,295,2581.096531,synthetic_track_0,0.184160514726375,30.214177566357705
25.020627,292,2581.474369,synthetic_track_0,0.18298079376449244,30.020627398049182
26.078727,291,2581.846465,synthetic_track_0,0.18943009019561252,31.078727109800433
42.407584,422,2582.478982,synthetic_track_0,0.28895723320521555,47.40758444402545
26.189293,297,2582.902387,synthetic_track_0,0.19010400667099878,31.189292787152432
34.262413,366,2583.448042,synthetic_track_0,0.23931103888008273,39.262413189143885
26.159006,294,2583.930138,synthetic_track_0,0.18991940530319765,31.15900628130712
34.369428,364,2585.707089,synthetic_track_0,0.23996331082858888,39.369427770977566
26.92266,300,2586.084958,synthetic_track_0,0.19457400402821798,31.92266005685646
24.499472,290,2586.430111,synthetic_track_0,0.1798042661751767,29.499472422072813
25.738606,293,2586.829053,synthetic_track_0,0.1873569916340117,30.738605514539724
24.115477,282,2587.183426,synthetic_track_0,0.1774637483180915,29.11547685040386
24.43532,286,2587.581368,synthetic_track_0,0.17941324496963174,29.435319777006086
38.463511,367,2589.322246,synthetic_track_0,0.2649174412222173,43.46351128202431
1.556699,116,2589.486509,synthetic_track_0,0.039964185215520885,6.556698596279621
26.938846,302,2589.970421,synthetic_track_0,0.19467266268091482,31.93884642588062
33.515462,360,2590.459304,synthetic_track_0,0.23475824801278683,38.515462454935985
36.824172,378,2590.967485,synthetic_track_0,0.2549253890278823,41.82417160217754
31.733998,344,2591.488739,synthetic_track_0,0.2238999196544501,36.733997727928376
24.969373,293,2591.963979,synthetic_track_0,0.18266838872571733,29.969372864317016
33.028795,357,2594.043213,synthetic_track_0,0.23179192498863893,38.02879455707556
23.276569,282,2594.484203,synthetic_track_0,0.1723504646217,28.276569217139038
33.303924,559,2595.368433,synthetic_track_0,0.23346888672410862,38.30392421623594
33.783903,364,2595.925608,synthetic_track_0,0.236394438973878,38.78390308296274
36.941051,359,2596.49572,synthetic_track_0,0.25563778929896963,41.94105109896291
25.673154,294,2596.922397,synthetic_track_0,0.18695805386130834,30.673154042923805
22.886954,280,2598.626841,synthetic_track_0,0.16997569487532874,27.886954131067604
26.385263,299,2599.101137,synthetic_track_0,0.1912984761977302,31.385262669360287
24.444412,289,2599.513921,synthetic_track_0,0.17946866403511283,29.44441207069073
25.121676,292,2599.934334,synthetic_track_0,0.1835967002123867,30.121675697184266
24.961581,294,2600.414695,synthetic_track_0,0.1826208946826848,29.961580784393362
33.595193,360,2600.939386,synthetic_track_0,0.23524422054850427,38.59519322951791
24.188914,284,2602.768066,synthetic_track_0,0.17791135872732955,29.188913767135777
24.444801,286,2603.226768,synthetic_track_0,0.1794710333199031,29.444800785890973
32.574546,352,2603.849123,synthetic_track_0,0.2290232048538892,37.57454625142126
33.421885,360,2604.398442,synthetic_track_0,0.23418787659516657,38.42188483154392
23.773303,280,2604.822496,synthetic_track_0,0.17537813844694022,28.773302595109556
55.075856,785,2607.306712,synthetic_track_0,0.36617249057577045,60.07585647015609
36.252215,394,2607.872292,synthetic_track_0,0.25143921682739734,41.25221498026619
24.74013,289,2608.351684,synthetic_track_0,0.1812711128787583,29.74012969233778
25.191839,288,2608.781015,synthetic_track_0,0.18402435948063686,30.19183934267585
33.457964,337,2609.435579,synthetic_track_0,0.23440778373532212,38.457963756446155
23.623236,284,2609.941468,synthetic_track_0,0.1744634553437193,28.623235694293566
23.125349,278,2610.452217,synthetic_track_0,0.17142875297210716,28.125349182338656
24.796986,289,2612.240638,synthetic_track_0,0.1816176642999251,29.796986430550987
32.377526,349,2612.790313,synthetic_track_0,0.2278223322070891,37.37752584539715
24.329114,286,2613.234313,synthetic_track_0,0.17876590272381418,29.329113983704538
25.651338,296,2613.65148,synthetic_track_0,0.18682507879891824,30.65133757399765
26.133803,299,2614.200129,synthetic_track_0,0.1897657859874916,31.133802826107935
34.427044,345,2614.734109,synthetic_track_0,0.24031449091274795,39.42704390783685
23.886039,281,2615.201484,synthetic_track_0,0.176065284071879,28.886038704457928
23.64254,279,2616.925663,synthetic_track_0,0.17458111657874698,28.64253970988608
45.504835,410,2617.528011,synthetic_track_0,0.30783549929427784,50.50483514734457
24.015347,287,2618.004359,synthetic_track_0,0.17685344111379886,29.015347187604405
27.652606,307,2618.472494,synthetic_track_0,0.19902314877311467,32.65260615599974
23.763577,280,2618.857266,synthetic_track_0,0.17531885761607668,28.763576723346798
24.513696,285,2619.283478,synthetic_track_0,0.17989096001933827,29.513695792404395
24.604735,288,2620.945799,synthetic_track_0,0.1804458593675984,29.604735000590246
24.332778,287,2621.28757,synthetic_track_0,0.1787882334324972,29.33277765720335
36.538622,362,2621.817465,synthetic_track_0,0.2531849133268871,41.53862156471194
26.004954,293,2622.222927,synthetic_track_0,0.18898043009186064,31.004953911243444
23.341837,276,2622.840342,synthetic_track_0,0.172748283300872,28.341837085387425
24.194072,288,2623.286435,synthetic_track_0,0.17794280010680835,29.194072177036592
43.047959,406,2623.922418,synthetic_track_0,0.2928604243611755,48.04795901528918
24.197518,281,2625.744373,synthetic_track_0,0.17796380502664758,29.197518335833077
22.532982,276,2626.196649,synthetic_track_0,0.16781817415092912,27.53298186743138
23.291288,278,2626.593755,synthetic_track_0,0.17244017803075426,28.291287990461733
37.908035,370,2627.122201,synthetic_track_0,0.26153171748395787,42.9080346730976
26.105448,292,2627.554163,synthetic_track_0,0.18959295827057215,31.105447956796503
24.118533,280,2627.943443,synthetic_track_0,0.17748237752411625,29.118533239226338
26.240467,291,2628.334199,synthetic_track_0,0.19041592017466596,31.240466677490147
25.310606,301,2629.960363,synthetic_track_0,0.18474826134576777,30.310605841163216
22.652078,278,2630.306521,synthetic_track_0,0.16854408818654043,27.652078491387172
23.833632,282,2630.724195,synthetic_track_0,0.1757458559403316,28.83363193148272
25.685574,289,2631.098273,synthetic_track_0,0.18703375632109476,30.685574118777716
25.340879,299,2631.501124,synthetic_track_0,0.18493277987937773,30.340878756869706
23.606614,277,2631.873476,synthetic_track_0,0.17436214486404125,28.606614254964548
36.470986,372,2632.384051,synthetic_track_0,0.25277266153205974,41.470985736535255
22.510741,275,2634.044234,synthetic_track_0,0.16768261343018856,27.510741184114636
41.676037,673,2635.092421,synthetic_track_0,0.28449832918066487,46.67603719488091
34.54383,344,2635.585582,synthetic_track_0,0.2410263222840295,39.54383006843789
24.566129,286,2635.923451,synthetic_track_0,0.1802105502384164,29.566129158167108
24.723533,291,2636.349001,synthetic_track_0,0.18116995194517266,29.72353278819317
29.986673,332,2638.126829,synthetic_track_0,0.21324968220693918,34.98667330368315
23.783456,282,2638.548221,synthetic_track_0,0.1754400255007763,28.783456055184537
22.692459,278,2639.002707,synthetic_track_0,0.16879021406439113,27.69245897679201
24.06158,293,2639.447839,synthetic_track_0,0.1771352357149174,29.06157963937664
25.470457,294,2639.933032,synthetic_track_0,0.18572258416616844,30.470457494196875
24.174133,283,2640.492463,synthetic_track_0,0.17782126893114258,29.174133242097856
17.875164,839,2642.994691,synthetic_track_0,0.13942798923790795,22.87516425990435
37.469115,583,2643.840362,synthetic_track_0,0.25885642811630993,42.46911502674669
24.420322,286,2644.208549,synthetic_track_0,0.17932183181668337,29.420322136283882
34.781356,602,2644.988412,synthetic_track_0,0.24247408119727595,39.78135571253754
22.719034,274,2646.785614,synthetic_track_0,0.16895219282572574,27.719033919114555
24.501787,286,2647.236783,synthetic_track_0,0.1798183735099015,29.501786932960215
41.365168,413,2647.845695,synthetic_track_0,0.282603529517208,46.36516809479493
41.029926,391,2648.357699,synthetic_track_0,0.28056017385990445,46.029926250186044
24.102981,288,2648.773209,synthetic_track_0,0.17738758656653697,29.10298142113851
36.660664,354,2649.229343,synthetic_track_0,0.2539287846625497,41.66066434166458
26.171114,297,2650.872218,synthetic_track_0,0.18999320122113467,31.171113561586687
23.886859,280,2651.258326,synthetic_track_0,0.1760702868211631,28.886859477333235
47.90181,458,2651.938426,synthetic_track_0,0.3224454665798453,52.90181012572518
24.8054,287,2652.465706,synthetic_track_0,0.18166894546092796,29.805399841572626
37.619476,372,2653.024268,synthetic_track_0,0.25977290279515575,42.61947586127661
24.732314,290,2653.517643,synthetic_track_0,0.18122347776417597,29.73231446760015
34.172761,339,2655.406218,synthetic_track_0,0.23876459446148832,39.172761133609136
24.16496,289,2655.773286,synthetic_track_0,0.1777653586602035,29.16496035910257
40.760344,394,2656.298579,synthetic_track_0,0.2789170235687804,45.760343844109485
23.967459,283,2656.670211,synthetic_track_0,0.17656155516542013,28.967459105370583
38.346674,382,2657.227998,synthetic_track_0,0.26420529932736847,43.34667417557196
33.844554,338,2657.792367,synthetic_track_0,0.23676411830417143,38.84455428685785
38.646316,377,2659.612767,synthetic_track_0,0.26603166833967273,43.64631624445651
23.446746,290,2660.040708,synthetic_track_0,0.17338771982613949,28.446745831681667
23.472739,294,2660.439436,synthetic_track_0,0.17354615005890092,28.47273858692372
23.302726,282,2660.802367,synthetic_track_0,0.17250989419509227,28.30272592856526
38.187069,392,2661.424588,synthetic_track_0,0.2632324790557547,43.18706903724813
48.031192,666,2662.446769,synthetic_track_0,0.32323407186886705,53.03119215024696
24.018192,285,2664.077699,synthetic_track_0,0.17687077879531277,29.01819168328052
38.950711,624,2664.945643,synthetic_track_0,0.2678870054081997,43.95071093903699
44.114032,413,2665.465022,synthetic_track_0,0.2993583196987009,49.11403207566972
25.253281,305,2665.921045,synthetic_track_0,0.1843988545012775,30.253280629740914
48.220666,692,2668.122636,synthetic_track_0,0.32438894824240416,53.220666206990806
6.187091,161,2668.346877,synthetic_track_0,0.06818721139171277,11.187091412103438
44.821842,432,2668.974078,synthetic_track_0,0.3036725407255509,49.821842000937544
7.291248,170,2669.200375,synthetic_track_0,0.07491723247983417,12.291248035926719
48.240757,676,2670.101139,synthetic_track_0,0.32451140501446357,53.2407569993124
23.98395,292,2670.534376,synthetic_track_0,0.17666207090439634,28.983950156072485
6.766242,164,2671.991414,synthetic_track_0,0.07171723041592173,11.76624173522531
22.604361,281,2672.362926,synthetic_track_0,0.16825324344324888,27.604361233802887
32.113273,511,2673.138105,synthetic_track_0,0.22621166605019308,37.11327292811526
41.598171,384,2673.677918,synthetic_track_0,0.2840237204554389,46.59817081663025
45.635151,415,2674.225574,synthetic_track_0,0.3086297980909733,50.635151273576945
25.062768,290,2674.597932,synthetic_track_0,0.1832376468091275,30.06276782924093
31.573026,341,2676.31143,synthetic_track_0,0.22291877043692715,36.573026106398224
40.534123,386,2676.830455,synthetic_track_0,0.2775381681739629,45.53412281187982
33.852517,358,2677.431489,synthetic_track_0,0.2368126522052628,38.852516970431694
38.9302,373,2677.978139,synthetic_track_0,0.2677619875998937,43.93019997193459
25.313941,296,2678.42045,synthetic_track_0,0.18476859169934923,30.31394132767622
40.76114,390,2679.022104,synthetic_track_0,0.2789218786901966,45.76114039651266
43.331029,399,2681.111459,synthetic_track_0,0.294585785681812,48.33102932156679
24.181803,287,2681.521253,synthetic_track_0,0.1778680148480974,29.18180258119301
44.018431,410,2682.125958,synthetic_track_0,0.2987756177394163,49.01843144981217
24.200194,296,2682.528141,synthetic_track_0,0.1779801117471092,29.200193687540718
33.45191,536,2683.214227,synthetic_track_0,0.23437088483423066,38.45190996173757
27.291812,324,2685.017444,synthetic_track_0,0.19682404973397288,32.2918123726344
23.999465,285,2685.376504,synthetic_track_0,0.1767566377005523,28.999465197259156
37.130936,493,2686.033358,synthetic_track_0,0.25679517206292746,42.13093636505494
25.606305,324,2686.54687,synthetic_track_0,0.18655059847430647,30.60630513434242
32.575312,520,2687.346742,synthetic_track_0,0.22902786931218064,37.5753115228003
40.199009,400,2689.235497,synthetic_track_0,0.2754955953834395,45.19900940781066
6.615725,164,2689.449491,synthetic_track_0,0.07079980590711046,11.615725067447002
22.659578,280,2689.821146,synthetic_track_0,0.1685897980763192,27.65957785534348
40.571343,584,2690.721526,synthetic_track_0,0.2777650285102893,45.571342508483696
29.816168,340,2691.255983,synthetic_track_0,0.21221042394092293,34.81616805811857
45.392708,639,2693.561,synthetic_track_0,0.3071520673013664,50.39270831266975
30.578274,329,2694.049144,synthetic_track_0,0.2168555863473692,35.57827367007056
37.211062,617,2694.868022,synthetic_track_0,0.2572835510972219,42.211061960293335
18.037952,243,2695.20417,synthetic_track_0,0.14042020642836503,23.03795174136532
37.306301,511,2695.973907,synthetic_track_0,0.2578640481762804,42.306300843880756
35.80713,362,2697.775525,synthetic_track_0,0.24872634933460636,40.80713010274523
37.076414,595,2698.704466,synthetic_track_0,0.25646284693423244,42.07641365445614
32.906665,338,2699.205675,synthetic_track_0,0.23104752231345993,37.906664606243545
27.774483,322,2699.663019,synthetic_track_0,0.19976601075861075,32.77448333456011
27.345888,332,2700.171465,synthetic_track_0,0.1971536514992079,32.34588827634152
31.66318,330,2700.724312,synthetic_track_0,0.2234682749845418,36.66318022005184
36.146574,350,2702.698506,synthetic_track_0,0.25079531733141114,41.146574019523214
22.847629,726,2703.717573,synthetic_track_0,0.16973600412484907,27.847629420736695
24.532211,291,2704.131141,synthetic_track_0,0.18000381477088875,29.532211235346217
33.973665,544,2704.942365,synthetic_track_0,0.23755106716799243,38.97366455103396
31.066649,336,2706.665774,synthetic_track_0,0.2198323143181331,36.06664864887117
30.610841,339,2707.164775,synthetic_track_0,0.2170540868449066,35.61084052778442
9.168907,825,2708.294494,synthetic_track_0,0.08636187890202084,14.168906662684483
48.48905,718,2710.895587,synthetic_track_0,0.3260247922905945,53.489049918973414
24.460303,288,2711.338317,synthetic_track_0,0.1795655227729651,29.460303137832188
41.364683,395,2712.01022,synthetic_track_0,0.28260057241883535,46.36468294033364
35.853331,636,2713.009471,synthetic_track_0,0.24900795243389162,40.85333113589114
37.105817,569,2713.75756,synthetic_track_0,0.25664206368131287,42.10581673593209
47.299728,419,2715.746794,synthetic_track_0,0.3187756772212021,52.29972847169678
5.87191,161,2715.968035,synthetic_track_0,0.06626612542791346,10.871909666892142
38.833572,377,2716.48831,synthetic_track_0,0.2671730224249341,43.83357177558604
47.763495,435,2717.120398,synthetic_track_0,0.3216024147777067,52.76349536870302
31.583832,337,2717.653433,synthetic_track_0,0.22298463333825697,36.58383186136025
24.416037,299,2718.126871,synthetic_track_0,0.17929571340289177,29.416037035358617
34.476537,359,2720.026948,synthetic_track_0,0.24061616105311065,39.47653722729748
36.897249,372,2720.567573,synthetic_track_0,0.25537080752625585,41.89724890444939
32.423742,334,2721.030326,synthetic_track_0,0.22810402739288083,37.4237419866571
39.161669,485,2721.710648,synthetic_track_0,0.26917282934347236,44.161668824103316
30.605073,337,2722.163036,synthetic_track_0,0.2170189310297614,35.60507271136153
39.164214,392,2724.068464,synthetic_track_0,0.26918834403266784,44.16421423170567
36.070491,464,2724.680367,synthetic_track_0,0.2503315758229481,41.07049056427
48.531192,426,2725.264398,synthetic_track_0,0.3262816561321319,53.53119212155206
27.361826,320,2725.737921,synthetic_track_0,0.19725079203774432,32.36182557693275
32.211106,351,2726.210219,synthetic_track_0,0.22680797630277044,37.21110618994547
22.836421,279,2726.570514,synthetic_track_0,0.16966768911680719,27.83642136244857
23.822635,283,2728.294897,synthetic_track_0,0.17567882848714794,28.822635115062432
33.270384,519,2728.952169,synthetic_track_0,0.23326445195830617,38.2703837565784
38.513539,488,2729.683518,synthetic_track_0,0.26522237072190546,43.51353934619696
35.974732,360,2730.190073,synthetic_track_0,0.24974791194768536,40.974732122280095
41.207348,381,2730.715765,synthetic_track_0,0.2816415915739003,46.207348358734244
36.287216,358,2732.460272,synthetic_track_0,0.25165255212963766,41.287215700766126
35.699895,639,2733.361683,synthetic_track_0,0.24807273024847223,40.69989450363453
38.599479,391,2733.901508,synthetic_track_0,0.2657461868278531,43.5994789020281
24.425604,299,2734.296612,synthetic_track_0,0.1793540265022265,29.4256041368644
24.445985,300,2734.720533,synthetic_track_0,0.17947825134923734,29.445985007276906
51.786974,715,2736.966689,synthetic_track_0,0.34612619676339723,56.786974042267886
43.877105,400,2737.521413,synthetic_track_0,0.29791421000217677,48.87710513798762
38.889743,389,2738.06566,synthetic_track_0,0.26751539290833215,43.88974257090683
23.197643,283,2738.512519,synthetic_track_0,0.17186939513622176,28.19764285837211
33.4117,344,2739.03768,synthetic_track_0,0.23412580010419684,38.41170029158625
45.217895,431,2740.939312,synthetic_track_0,0.30608655112634847,50.217895079987095
47.918855,694,2742.010294,synthetic_track_0,0.32254935932156775,52.918855222232
26.178375,298,2742.433343,synthetic_track_0,0.19003746149447723,31.178375095145576
32.161124,333,2742.894047,synthetic_track_0,0.22650332660589934,37.16112403144381
27.155192,301,2743.386871,synthetic_track_0,0.19599132391635304,32.15519174168624
24.394275,285,2745.076245,synthetic_track_0,0.1791630700085262,29.394274981335688
35.891322,354,2745.612163,synthetic_track_0,0.2492395109387168,40.89132163451775
31.912126,422,2746.179424,synthetic_track_0,0.22498564398733711,36.91212639916229
33.280153,332,2746.610329,synthetic_track_0,0.23332399838304294,38.280153202830824
23.827277,284,2747.014493,synthetic_track_0,0.17570712144105816,28.827276980527405
47.72414,434,2747.637641,synthetic_track_0,0.32136253961687666,52.72414040320542
35.503151,353,2749.362371,synthetic_track_0,0.2468735425800488,40.50315054251471
47.595799,647,2750.270561,synthetic_track_0,0.3205802745879213,52.59579858941365
43.630979,408,2750.810488,synthetic_track_0,0.2964140298755721,48.63097904090269
41.30514,394,2751.322459,synthetic_track_0,0.28223764909702,46.30514015666694
37.731685,373,2753.147594,synthetic_track_0,0.2604568380037477,42.73168525571159
24.409322,290,2753.546521,synthetic_track_0,0.17925478190761232,29.409321635652727
28.507415,311,2753.976795,synthetic_track_0,0.20423335409386362,33.50741517384044
26.023322,322,2754.44441,synthetic_track_0,0.1890923850951623,31.02332173756183
48.263495,496,2755.177395,synthetic_track_0,0.3246499991570043,53.263495359044974
34.673421,367,2755.709082,synthetic_track_0,0.24181620246766514,39.673421257732585
40.384313,413,2757.515774,synthetic_track_0,0.2766250495852758,45.38431259214447
24.599693,289,2757.940567,synthetic_track_0,0.18041512594829057,29.599692741724013
37.43368,378,2758.524089,synthetic_track_0,0.2586404450818369,42.43367990774421
20.279321,730,2759.632533,synthetic_track_0,0.15408172985754678,25.27932088246241
28.94113,329,2760.101344,synthetic_track_0,0.20687692076433215,33.94113025608115
37.083956,384,2762.018542,synthetic_track_0,0.25650881741379566,42.08395577190948
18.193755,245,2762.36119,synthetic_track_0,0.1413698547426435,23.193755187265943
27.921931,321,2762.787666,synthetic_track_0,0.20066472784741587,32.92193078138889
24.593574,291,2763.185709,synthetic_track_0,0.18037783171780458,29.59357408755008
38.797154,392,2763.801494,synthetic_track_0,0.26695104743703446,43.797153590560576
24.231274,288,2764.191521,synthetic_track_0,0.17816955413518465,29.231274432294338
47.519372,406,2766.088753,synthetic_track_0,0.32011443859725786,52.51937150427209
24.531095,286,2766.470773,synthetic_track_0,0.1799970084322301,29.53109455772879
40.41142,385,2766.976539,synthetic_track_0,0.2767902760097024,45.41142036024393
32.52392,557,2767.785759,synthetic_track_0,0.22871462709391946,37.523919637748904
26.544635,299,2768.214141,synthetic_track_0,0.19226987499887355,31.544634595036648
36.0121,348,2769.940556,synthetic_track_0,0.2499756730990718,41.01209961053311
18.181923,243,2770.297576,synthetic_track_0,0.14129773844499283,23.181923472818998
44.825012,423,2770.904513,synthetic_track_0,0.3036918596831359,49.825011553410484
42.073533,504,2771.563985,synthetic_track_0,0.2869211355573164,47.07353338010726
44.413128,415,2772.165986,synthetic_track_0,0.30118135790283806,49.41312767763355
40.185827,670,2774.392069,synthetic_track_0,0.27541524585527427,45.18582691364266
30.495012,325,2774.888317,synthetic_track_0,0.216348092498041,35.495012014876885
29.781068,321,2775.32808,synthetic_track_0,0.21199648581537733,34.78106843579696
35.811671,346,2775.788363,synthetic_track_0,0.248754024689749,40.81167064226172
28.633536,318,2776.215785,synthetic_track_0,0.2050020804546785,33.633535774665816
35.873715,364,2776.775581,synthetic_track_0,0.24913219579491214,40.873715043792856
31.885225,335,2778.5435,synthetic_track_0,0.22482167439278045,36.88522483205503
31.95412,338,2779.041434,synthetic_track_0,0.2252415997242227,36.95411961412957
37.89512,371,2779.647475,synthetic_track_0,0.2614529983446786,42.89511966764387
24.007214,287,2780.063939,synthetic_track_0,0.17680386734337686,29.00721389853107
36.320217,586,2780.89802,synthetic_track_0,0.25185369948255987,41.32021681312305
24.994554,294,2781.373304,synthetic_track_0,0.18282187353606658,29.994554251980496
24.397561,283,2783.055593,synthetic_track_0,0.1791830963896484,29.397560596800744
27.752245,316,2783.538156,synthetic_track_0,0.19963046482204547,32.75224507679966
24.279449,283,2783.999369,synthetic_track_0,0.17846318797013377,29.279449280425194
25.325486,290,2784.454472,synthetic_track_0,0.18483896001927763,30.32548626127136
35.558391,364,2785.099456,synthetic_track_0,0.24721024034072736,40.5583906461952
39.0511,603,2788.023542,synthetic_track_0,0.26849889184072917,44.051099696911386
31.866488,338,2788.751648,synthetic_track_0,0.2247074714337327,36.86648819630877
27.168818,316,2789.269435,synthetic_track_0,0.19607437530092384,32.168817514204754
41.831087,412,2789.92837,synthetic_track_0,0.2854433832599359,46.831086890540874
40.141045,642,2791.025558,synthetic_track_0,0.27514229355835645,45.14104516887791
36.2239,365,2793.153218,synthetic_track_0,0.2512666346454541,41.223900394494265
23.962969,284,2793.624133,synthetic_track_0,0.17653418490735734,28.9629686214122
46.871248,429,2794.367147,synthetic_track_0,0.3161640187225155,51.87124838333882
34.241081,345,2795.02811,synthetic_track_0,0.23918101644441536,39.241081141040624
46.460405,433,2795.841593,synthetic_track_0,0.31365985935146035,51.460405070895135
33.73619,335,2796.403497,synthetic_track_0,0.2361036219061382,38.73619036595023
36.906723,367,2798.458144,synthetic_track_0,0.2554285529036535,41.90672286301712
44.857315,421,2799.174424,synthetic_track_0,0.3038887534476214,49.85731480348943
38.725186,684,2800.46206,synthetic_track_0,0.26651239291521495,43.725186015794435
36.728129,360,2801.149601,synthetic_track_0,0.2543399960904178,41.728129482698655
42.290106,426,2803.958589,synthetic_track_0,0.2882411827070242,47.290106075054894
40.702632,397,2804.77912,synthetic_track_0,0.2785652626308437,45.70263240984509
23.803776,286,2805.295874,synthetic_track_0,0.1755638818283145,28.803776464684454
24.712243,291,2805.826558,synthetic_track_0,0.18110114105752168,29.71224337373278
26.055822,304,2806.357735,synthetic_track_0,0.18929048243848756,31.055822452036622
23.803196,283,2806.844434,synthetic_track_0,0.1755603423910563,28.803195769164773
42.701246,400,2809.110355,synthetic_track_0,0.2907471527002179,47.701246446066655
25.875418,303,2809.630202,synthetic_track_0,0.18819088828955613,30.87541823826634
23.894422,281,2810.141481,synthetic_track_0,0.17611638094345652,28.894421880152365
24.104598,283,2810.602881,synthetic_track_0,0.1773974420966487,29.10459836240982
30.270207,323,2811.084219,synthetic_track_0,0.21497786541092548,35.27020658045543
35.177983,359,2811.622544,synthetic_track_0,0.2448915906495782,40.17798286124385
25.237214,296,2812.12246,synthetic_track_0,0.1843009264218342,30.237214121752338
25.466456,290,2814.144454,synthetic_track_0,0.18569819367120804,30.466455883174234
30.861393,323,2814.767085,synthetic_track_0,0.2185812473164352,35.86139313797692
28.005849,313,2815.315717,synthetic_track_0,0.2011762256259255,33.00584933867382
39.756478,380,2815.914309,synthetic_track_0,0.2727982895374015,44.756477641953815
24.439999,294,2816.38147,synthetic_track_0,0.1794417638025615,29.439998701168548
24.616923,295,2816.847608,synthetic_track_0,0.18052014657943444,29.61692288469047
35.939446,349,2818.908099,synthetic_track_0,0.24953283585679006,40.939445800398104
31.157026,327,2819.512801,synthetic_track_0,0.2203831792946834,36.15702596043173
23.062723,286,2819.997494,synthetic_track_0,0.17104703870822754,28.062723474729147
30.616117,346,2820.602573,synthetic_track_0,0.21708624838894283,35.61611709102471
33.214424,338,2821.201535,synthetic_track_0,0.23292336686904222,38.21442384862761
42.153019,403,2821.998331,synthetic_track_0,0.2874056108961409,47.15301851803443
23.723279,282,2822.415792,synthetic_track_0,0.17507323513282264,28.723278827055868
24.787394,289,2824.201538,synthetic_track_0,0.18155919847361754,29.787394271991673
24.810662,292,2824.638358,synthetic_track_0,0.18170102047013229,29.810662207530836
23.16785,282,2825.044319,synthetic_track_0,0.17168780466937733,28.16785033407477
35.810115,358,2825.543463,synthetic_track_0,0.2487445406709841,40.81011465276293
5.783899,158,2825.763045,synthetic_track_0,0.06572968282858378,10.783898553465425
5.760228,159,2825.99246,synthetic_track_0,0.06558540478225902,10.760227667678315
24.320273,288,2826.457879,synthetic_track_0,0.1787120184086901,29.320273487859815
36.25963,377,2828.364105,synthetic_track_0,0.25148441310035324,41.25963007800556
4.917035,152,2828.613813,synthetic_track_0,0.060446003643232535,9.91703509282042
43.172488,401,2829.26325,synthetic_track_0,0.2936194509772455,48.17248823367025
5.484452,155,2829.476494,synthetic_track_0,0.06390450727642055,10.484452288858861
4.946875,151,2829.698178,synthetic_track_0,0.060627884204219745,9.946875211228544
37.965485,486,2830.401294,synthetic_track_0,0.2618818888215509,42.96548531059395
23.035124,282,2830.794074,synthetic_track_0,0.17087881476445196,28.03512392052666
24.58924,289,2831.3145,synthetic_track_0,0.18035141547112649,29.58924012286197
4.804991,150,2832.955551,synthetic_track_0,0.059763076508280596,9.804991087345197
5.535296,157,2833.178478,synthetic_track_0,0.06421440596157765,10.535295619280856
28.661806,333,2833.697839,synthetic_track_0,0.2051743894940643,33.66180554747801
5.373592,156,2833.914604,synthetic_track_0,0.06322879363790863,10.373591761083171
4.739054,149,2834.116468,synthetic_track_0,0.05936117939056881,9.739054092675122
5.089505,154,2834.329317,synthetic_track_0,0.06149723965097832,10.089505458953857
5.183571,156,2834.544852,synthetic_track_0,0.06207058284453434,10.183570644872253
39.978863,593,2835.419116,synthetic_track_0,0.2741537673030982,44.978863238349774
45.574615,410,2837.380561,synthetic_track_0,0.30826081796947774,50.57461478492797
38.614031,382,2837.967656,synthetic_track_0,0.26583488436897135,43.61403100762483
36.402998,351,2838.439435,synthetic_track_0,0.2523582656692423,41.40299814320922
4.827464,148,2838.6977,synthetic_track_0,0.05990005177661377,9.827463847511876
33.564675,338,2839.164057,synthetic_track_0,0.2350582055013424,38.56467478926858
5.69123,160,2839.454533,synthetic_track_0,0.0651648499116454,10.691229600660547
4.864981,149,2839.659282,synthetic_track_0,0.06012872441492581,9.864980878286866
5.099578,152,2839.888593,synthetic_track_0,0.061558633061394634,10.099577929735549
32.610695,344,2841.744364,synthetic_track_0,0.22924353833519653,37.61069512371305
31.529785,527,2842.557825,synthetic_track_0,0.22265520619103651,36.529784606246494
5.09894,153,2842.787537,synthetic_track_0,0.06155474305659125,10.098939718574822
43.789618,402,2843.351531,synthetic_track_0,0.2973809614500932,48.78961805388821
5.398321,155,2843.573559,synthetic_track_0,0.06337952018126201,10.398320615428572
4.990659,151,2843.794071,synthetic_track_0,0.06089475153685863,9.990658630204061
5.198771,153,2844.016828,synthetic_track_0,0.06216323392912233,10.19877138606054
36.405493,352,2844.532356,synthetic_track_0,0.25237347313746,41.40549314679751
4.066081,142,2846.133204,synthetic_track_0,0.05525929575421105,9.066081166151797
5.093342,151,2846.352504,synthetic_track_0,0.0615206252187776,10.093342197241798
4.86787,150,2846.557784,synthetic_track_0,0.060146335916691114,9.867870298108144
4.544859,145,2846.775527,synthetic_track_0,0.05817752475334477,9.544858548426852
4.894772,150,2847.023458,synthetic_track_0,0.06031030445064432,9.894771691208172
4.427344,146,2847.216627,synthetic_track_0,0.05746125523425666,9.427344245932353
4.520744,148,2847.637835,synthetic_track_0,0.05803054335476599,9.52074413887381
4.455949,147,2847.84435,synthetic_track_0,0.057635607137042924,9.45594917982735
5.406863,154,2848.063432,synthetic_track_0,0.0634315876548491,10.40686303232358
4.699531,150,2848.279471,synthetic_track_0,0.059120281928226805,9.699531403931008
5.139264,153,2848.497443,synthetic_track_0,0.061800529013091646,10.139264434999806
4.17224,144,2848.709619,synthetic_track_0,0.05590635360667069,9.172240300638196
4.191678,144,2849.22262,synthetic_track_0,0.056024827075159385,9.191677574796222
5.1421,153,2850.71353,synthetic_track_0,0.06181781468284612,10.142100397399732
3.015451,758,2851.84148,synthetic_track_0,0.04885552975602596,8.01545137588407
4.951953,148,2852.039549,synthetic_track_0,0.06065883242184085,9.951952710843246
5.421028,152,2852.244628,synthetic_track_0,0.06351792822762434,10.42102844341014
35.233501,348,2852.744514,synthetic_track_0,0.24522998440230068,40.23350121677893
5.221208,151,2852.960948,synthetic_track_0,0.062299989974046226,10.221208179478188
34.770982,357,2853.527865,synthetic_track_0,0.24241084952626432,39.77098164870197
34.78516,365,2855.388427,synthetic_track_0,0.24249727005294827,39.785160177375644
5.47839,153,2855.610461,synthetic_track_0,0.06386755616755743,10.478389928715469
38.173464,368,2856.183574,synthetic_track_0,0.26314955626844405,43.173464362957205
5.589891,154,2856.417706,synthetic_track_0,0.06454717407817137,10.58989100840715
5.720644,155,2856.632581,synthetic_track_0,0.06534413268976173,10.720643515476356
43.503526,390,2857.176754,synthetic_track_0,0.2956371805370179,48.503525748907606
4.793237,147,2857.376503,synthetic_track_0,0.059691432132849706,9.793236798516693
33.799825,404,2857.983569,synthetic_track_0,0.23649148458562536,38.79982480945078
37.425791,379,2859.923596,synthetic_track_0,0.25859235865743563,42.42579063914854
28.237419,325,2860.453272,synthetic_track_0,0.20258768222285847,33.23741906636655
29.882663,328,2860.937603,synthetic_track_0,0.21261572118078084,34.88266289166319
30.438249,326,2861.506688,synthetic_track_0,0.2160021093757836,35.43824851426233
33.513888,356,2862.036767,synthetic_track_0,0.2347486496883908,38.51388771195662
34.980634,364,2863.909156,synthetic_track_0,0.24368871766630718,39.98063427129054
44.189618,410,2864.561451,synthetic_track_0,0.29981902887853834,49.189618033858096
36.995039,366,2865.144578,synthetic_track_0,0.2559668526690309,41.99503867120872
24.810072,287,2865.556494,synthetic_track_0,0.18169742192321722,29.810071814222944
39.126502,369,2866.10041,synthetic_track_0,0.2689584827591759,44.12650218825687
47.321186,638,2868.398117,synthetic_track_0,0.31890646433428205,52.32118597611276
34.645494,344,2868.874485,synthetic_track_0,0.2416459798709393,39.64549379580665
25.101079,291,2869.300548,synthetic_track_0,0.1834711613764536,30.10107924801604
44.882627,434,2869.951298,synthetic_track_0,0.30404303648775044,49.88262715221339
36.932728,354,2870.487825,synthetic_track_0,0.25558705649603086,41.93272765395784
44.086346,411,2871.117722,synthetic_track_0,0.2991895676247629,49.08634587412847
25.633792,290,2872.912296,synthetic_track_0,0.18671813851127264,30.633792483809767
24.030426,279,2873.30016,synthetic_track_0,0.17694535179623022,29.03042645518439
24.731185,287,2873.707622,synthetic_track_0,0.18121659177280772,29.731184721811648
37.873011,373,2874.294097,synthetic_track_0,0.26131823960067696,42.873010560130055
25.137249,293,2874.706739,synthetic_track_0,0.18369162298193628,30.137249140919057
42.157986,395,2875.415929,synthetic_track_0,0.2874358871888863,47.157985778722306
24.818844,290,2875.885978,synthetic_track_0,0.18175088832301975,29.818843745056583
25.350718,288,2877.694033,synthetic_track_0,0.18499274934842175,30.350717609616986
36.170278,380,2878.300419,synthetic_track_0,0.2509397984249531,41.17027821812271
25.910961,297,2878.785527,synthetic_track_0,0.18840752731828872,30.910960982549256
24.880134,286,2879.210425,synthetic_track_0,0.1821244623377579,29.880133927874795
24.091657,298,2879.659955,synthetic_track_0,0.17731856125771187,29.091656827804737
36.77795,376,2880.213612,synthetic_track_0,0.25464365882083584,41.77794971517773
41.62362,380,2882.165946,synthetic_track_0,0.28417883590489135,46.62361973405974
24.541717,284,2882.588472,synthetic_track_0,0.18006175591902682,29.541717312915797
37.435429,381,2883.211832,synthetic_track_0,0.2586511037614616,42.43542861722887
24.314655,286,2883.670569,synthetic_track_0,0.17867777209620653,29.314654888411884
40.703374,398,2884.24572,synthetic_track_0,0.2785697844237768,45.70337427492296
32.009537,332,2884.744323,synthetic_track_0,0.22557937827717625,37.00953703730635
24.449811,282,2886.538242,synthetic_track_0,0.1795015744295495,29.449811493595067
34.005178,341,2887.064223,synthetic_track_0,0.23774314891197393,39.005178320033444
25.869578,291,2887.461387,synthetic_track_0,0.18815529038788711,30.869577891199462
48.200026,648,2888.453026,synthetic_track_0,0.32426314260097683,53.20002598454908
35.037259,360,2888.964989,synthetic_track_0,0.24403385732960464,40.03725939034799
24.826251,287,2890.728094,synthetic_track_0,0.18179603590851107,29.826250854918072
38.452938,479,2891.411558,synthetic_track_0,0.2648529982964095,43.452938494441995
42.035419,388,2891.997012,synthetic_track_0,0.28668881964170023,47.03541861736157
38.089819,365,2892.584195,synthetic_track_0,0.2626397262070912,43.089819418625524
35.129011,352,2893.086729,synthetic_track_0,0.24459310011855975,40.129011202365355
25.23663,285,2893.505988,synthetic_track_0,0.18429736800757493,30.236630312783056
36.886533,355,2895.387604,synthetic_track_0,0.25530549282807696,41.88653309008819
25.488467,286,2895.814154,synthetic_track_0,0.1858323541146913,30.488466830894524
36.667428,369,2896.346475,synthetic_track_0,0.25397000812344545,41.667427642523364
35.83919,357,2896.943781,synthetic_track_0,0.24892175742882072,40.839189607277284
9.426547,188,2897.2479,synthetic_track_0,0.08793224279555961,14.426547414795078
25.199367,286,2897.682541,synthetic_track_0,0.18407024106957506,30.199366876345405
43.236968,392,2899.616683,synthetic_track_0,0.29401246570620715,48.236967944886764
40.210345,371,2900.157601,synthetic_track_0,0.27556468536768197,45.210344612075595
24.747608,283,2900.56405,synthetic_track_0,0.18131669529980815,29.747608143218258
38.441674,374,2901.098244,synthetic_track_0,0.26478433845114674,43.44167386065483
44.963317,429,2901.746801,synthetic_track_0,0.3045348526325155,49.96331665479222
32.380424,335,2902.2404,synthetic_track_0,0.22783999553116835,37.38042376741336
23.750716,281,2903.99222,synthetic_track_0,0.17524046950233974,28.750716027387845
26.286802,300,2904.410711,synthetic_track_0,0.190698343292842,31.286802246513147
33.54241,341,2904.912313,synthetic_track_0,0.2349225001309273,38.5424103740951
27.708778,314,2905.341529,synthetic_track_0,0.19936552686872097,32.70877820021264
36.211949,454,2906.032645,synthetic_track_0,0.2511937869112867,41.21194867738101
42.014282,392,2906.60165,synthetic_track_0,0.286559989334602,47.01428215507281
37.824463,379,2908.540438,synthetic_track_0,0.26102233567913247,42.82446327168763
36.747658,377,2909.069654,synthetic_track_0,0.2544590262465723,41.74765808946404
40.750017,423,2909.689463,synthetic_track_0,0.27885407935641937,45.75001694199436
24.280691,281,2910.113629,synthetic_track_0,0.17847075786357106,29.280691230171115
35.619691,361,2910.657867,synthetic_track_0,0.24758387727878933,40.619691152488464
24.352738,280,2911.051622,synthetic_track_0,0.17890989306060573,29.35273766661031
9.36988,189,2912.716779,synthetic_track_0,0.08758684530729678,14.369879995848878
25.148368,286,2913.125564,synthetic_track_0,0.18375939719977666,30.148368474807175
39.029143,391,2913.703118,synthetic_track_0,0.26836506317544906,44.0291431821707
32.257187,349,2914.19342,synthetic_track_0,0.22708884559892029,37.25718683214729
29.555091,324,2914.650443,synthetic_track_0,0.21061911364897412,34.5550907484925
38.501017,385,2915.292647,synthetic_track_0,0.2651460467553281,43.501017303227194
36.886143,364,2917.131825,synthetic_track_0,0.25530311767289604,41.88614341176605
36.227099,646,2918.12169,synthetic_track_0,0.251286129584836,41.227098819308644
48.546755,702,2919.207453,synthetic_track_0,0.3263765143347782,53.54675497215899
38.318275,609,2921.611566,synthetic_track_0,0.264032198811741,43.31827454971423
34.436838,339,2922.149207,synthetic_track_0,0.24037418453350265,39.436837503710215
35.261887,351,2922.668788,synthetic_track_0,0.2454030004564044,40.26188698551056
24.217546,292,2923.061283,synthetic_track_0,0.17808587873111176,29.217546280413618
25.116699,288,2923.475703,synthetic_track_0,0.18356636497199003,30.116698765287516
43.997197,414,2924.129618,synthetic_track_0,0.2986461897302295,48.99719692591088
32.590889,331,2924.632622,synthetic_track_0,0.2291228165544859,37.590888981642166
23.246371,276,2926.449653,synthetic_track_0,0.17216639844500234,28.24637051708128
23.336773,277,2926.875694,synthetic_track_0,0.17271741716428146,28.336773052344732
43.668128,415,2927.471336,synthetic_track_0,0.29664045698999475,48.66812766123082
23.125807,275,2927.880117,synthetic_track_0,0.17143154405459904,28.12580709951019
39.250207,508,2928.677067,synthetic_track_0,0.26971248519131996,44.25020711710177
23.866366,281,2929.214474,synthetic_track_0,0.1759453780026657,28.86636639157437
46.67947,662,2931.658622,synthetic_track_0,0.31499509475219334,51.67946961657462
46.741505,435,2932.308618,synthetic_track_0,0.3153732086791168,51.741504637194275
45.234734,423,2932.990541,synthetic_track_0,0.3061891871582376,50.234733995195455
39.904948,582,2935.249218,synthetic_track_0,0.2737032405309657,44.904947850396844
33.139358,347,2935.796902,synthetic_track_0,0.23246583047124736,38.13935843090446
36.58064,355,2936.3068,synthetic_track_0,0.25344102477049113,41.58064032560282
36.649247,373,2936.837966,synthetic_track_0,0.2538591960411427,41.6492473288108
31.74128,343,2937.329299,synthetic_track_0,0.2239443053687586,36.74127984187945
43.035779,411,2937.977613,synthetic_track_0,0.2927861832054957,48.0357786873629
37.939224,380,2939.934439,synthetic_track_0,0.26172182160501195,42.93922398465095
41.121115,380,2940.611507,synthetic_track_0,0.28111598577026375,46.121115177291536
37.827142,622,2941.551229,synthetic_track_0,0.2610386614384169,42.82714174698761
36.811523,359,2942.07125,synthetic_track_0,0.2548482916273652,41.81152266626102
35.531898,349,2942.64437,synthetic_track_0,0.24704876621913996,40.531898497271406
50.030193,658,2944.987796,synthetic_track_0,0.3354183201515905,55.030193085239844
23.148814,279,2945.411598,synthetic_track_0,0.1715717741586057,28.1488138622188
36.797887,377,2945.970377,synthetic_track_0,0.25476518184068847,41.797887312038185
44.93173,739,2947.135667,synthetic_track_0,0.30434232489532387,49.93172971420074
27.163903,304,2948.869522,synthetic_track_0,0.19604442015769402,32.16390294270762
34.349851,347,2949.414424,synthetic_track_0,0.23984398993616363,39.34985146475107
33.804544,332,2949.894187,synthetic_track_0,0.23652024836679547,38.8045439208903
34.965652,368,2950.416747,synthetic_track_0,0.24359739558100485,39.965651571523686
38.299462,608,2951.343619,synthetic_track_0,0.26391753411437724,43.2994621591652
32.80789,330,2953.26289,synthetic_track_0,0.23044547490570919,37.807890081703505
41.577721,389,2953.850207,synthetic_track_0,0.28389907767461353,46.577721378172626
37.910666,392,2954.416788,synthetic_track_0,0.26154775792264534,42.910666337455545
35.198952,351,2954.914234,synthetic_track_0,0.24501939884202056,40.19895163094253
37.937663,383,2955.449491,synthetic_track_0,0.2617123063221632,42.93766286583015
39.339607,380,2956.056783,synthetic_track_0,0.2702573943339428,44.33960728856198
37.832655,365,2957.864254,synthetic_track_0,0.2610722676351179,42.83265532624732
48.031192,752,2959.039679,synthetic_track_0,0.32323407186886705,53.03119215024696
34.968476,349,2959.54741,synthetic_track_0,0.24361461074820445,39.96847596696685
26.835529,303,2959.973612,synthetic_track_0,0.19404292489245475,31.835528896664066
40.564551,384,2961.872499,synthetic_track_0,0.2777236307743074,45.56455061529388
54.657522,725,2962.982453,synthetic_track_0,0.3636226706962924,59.65752189547679
44.557315,634,2963.883441,synthetic_track_0,0.3020602028045183,49.55731480673724
40.844874,394,2964.426779,synthetic_track_0,0.279432250771881,45.84487426706485
38.597005,593,2966.656569,synthetic_track_0,0.2657311052667893,43.59700455531683
38.517547,373,2967.209163,synthetic_track_0,0.2652468008004133,43.517547451469106
43.430302,410,2967.852397,synthetic_track_0,0.2951908674749695,48.43030168061615
37.66675,373,2968.397606,synthetic_track_0,0.2600610454450302,42.666749801625244
38.358811,506,2969.154246,synthetic_track_0,0.2642792738930565,43.358810765581026
38.089964,370,2971.020537,synthetic_track_0,0.2626406085480923,43.089964179339944
42.076629,392,2971.584388,synthetic_track_0,0.28694000413407267,47.07662904113636
22.262038,279,2972.032268,synthetic_track_0,0.16616672491225412,27.262037899810043
27.789578,306,2972.488312,synthetic_track_0,0.1998580162492781,32.78957815679295
37.838391,374,2973.068472,synthetic_track_0,0.2611072277418464,42.838391033893465
38.156729,585,2975.286033,synthetic_track_0,0.2630475513357401,43.156728988634754
38.729055,372,2975.798671,synthetic_track_0,0.2665359753797859,43.72905505782583
37.895702,375,2976.342651,synthetic_track_0,0.26145654728114404,42.895701921644935
45.426203,703,2977.4245,synthetic_track_0,0.3073562213906349,50.426202723310496
42.025048,387,2977.977466,synthetic_track_0,0.2866256063985666,47.02504757688408
40.998651,378,2979.948184,synthetic_track_0,0.2803695471129362,45.99865119434493
43.00844,408,2980.517546,synthetic_track_0,0.2926195473238444,48.00843967756147
24.101883,288,2980.970496,synthetic_track_0,0.17738089011061137,29.101882771361698
38.242461,371,2981.535689,synthetic_track_0,0.2635701000280271,43.242460607050816
38.563827,394,2982.099638,synthetic_track_0,0.26552888479161463,43.56382738184097
37.538265,377,2984.075885,synthetic_track_0,0.2592779118561409,42.53826548810105
38.551598,392,2984.649469,synthetic_track_0,0.2654543442603606,43.551597937051746
28.402468,310,2985.11061,synthetic_track_0,0.20359368384766582,33.40246808227061
5.95253,156,2985.334432,synthetic_track_0,0.06675751993886118,10.952529994387248
42.72264,412,2986.003239,synthetic_track_0,0.2908775513893971,47.72264022396271
39.124835,378,2986.590484,synthetic_track_0,0.26894832079014774,44.124834971279896
38.845566,371,2988.598345,synthetic_track_0,0.26724612887719496,43.84556593911853
39.56588,385,2989.184431,synthetic_track_0,0.27163656224864274,44.56587959416712
46.328102,407,2989.762159,synthetic_track_0,0.3128534490141755,51.328101872469176
29.831161,320,2990.296498,synthetic_track_0,0.21230181078260896,34.83116138210028
38.177519,374,2990.834341,synthetic_track_0,0.26317426810526323,43.17751869472726
43.52245,629,2993.106743,synthetic_track_0,0.29575252837279653,48.52245021812561
47.724156,662,2994.08428,synthetic_track_0,0.3213626376569315,52.72415648808458
47.727363,746,2995.294142,synthetic_track_0,0.32138218399403007,52.72736334543261
34.870749,341,2995.813704,synthetic_track_0,0.2430189487656316,39.87074906314208
23.69393,279,2997.605549,synthetic_track_0,0.17489435032287592,28.693930204634363
48.331192,434,2998.313525,synthetic_track_0,0.32506262239593725,53.33119212796229
44.652043,412,2999.029174,synthetic_track_0,0.30263758776483435,49.652043102545136
36.325874,361,2999.663331,synthetic_track_0,0.25188818159931403,41.32587409964846
26.202006,318,3000.155812,synthetic_track_0,0.19018149534705367,31.202005917440882
42.668909,386,3002.252412,synthetic_track_0,0.29055005343990614,47.668909481445844
36.130611,353,3002.845493,synthetic_track_0,0.2506980196732663,41.130610941203486
38.872044,379,3003.458056,synthetic_track_0,0.2674075152974633,43.872043699381265
47.313562,640,3004.523447,synthetic_track_0,0.3188599935703703,52.31356177982638
37.554617,387,3005.150501,synthetic_track_0,0.2593775756610306,42.554616766779596
44.312848,414,3007.368128,synthetic_track_0,0.30057013841564173,49.31284834172049
39.012689,383,3008.000701,synthetic_track_0,0.2682647737800109,44.01268926637723
39.230661,374,3008.686121,synthetic_track_0,0.26959334824556275,44.230660989968214
36.863585,358,3009.268047,synthetic_track_0,0.25516561780675756,41.863584583794534
41.08575,387,3009.878098,synthetic_track_0,0.28090042723441516,46.08574970338552
37.27913,355,3010.516899,synthetic_track_0,0.2576984363329124,42.279129842268134
25.180037,289,3012.590512,synthetic_track_0,0.1839524206795031,30.18003674908191
46.334056,646,3013.840719,synthetic_track_0,0.3128897393444651,51.33405582239672
33.0417,337,3014.451669,synthetic_track_0,0.23187058357390308,38.04169962777337
33.949058,353,3015.038183,synthetic_track_0,0.23740108705702978,38.949058159643386
45.809184,631,3017.499219,synthetic_track_0,0.30969055591902683,50.809183831095226
47.763495,664,3018.535777,synthetic_track_0,0.32160241477770674,52.763495368703026
23.453156,286,3018.983371,synthetic_track_0,0.17342678793543903,28.45315551615346
42.875432,389,3019.667272,synthetic_track_0,0.29180884544429564,47.87543238998705
38.526193,371,3020.318707,synthetic_track_0,0.26529949384748747,43.526192502679876
30.148431,320,3022.506765,synthetic_track_0,0.2142356199327647,35.14843054877841
46.160405,416,3023.342691,synthetic_track_0,0.31183130874154436,51.16040507958776
45.316708,408,3024.194288,synthetic_track_0,0.30668883493048693,50.31670838874994
40.411976,541,3025.342679,synthetic_track_0,0.27679366485086393,45.411976348310915
36.301353,349,3026.065807,synthetic_track_0,0.2517387232017037,41.301353302826776
43.530339,399,3028.6706,synthetic_track_0,0.295800614463663,48.5303394320001
36.809677,351,3029.223457,synthetic_track_0,0.2548370396218546,41.809676613142734
39.78299,393,3029.87449,synthetic_track_0,0.2729598838107107,44.782989503493326
40.690119,396,3030.461563,synthetic_track_0,0.27848899023363277,45.690118827570586
46.604592,570,3031.339515,synthetic_track_0,0.31453870328804384,51.60459204166085
46.69245,414,3033.491524,synthetic_track_0,0.31507421271940855,51.692450055479675
48.140838,632,3034.708346,synthetic_track_0,0.3239023838728491,53.14083833356722
43.789618,399,3035.546188,synthetic_track_0,0.2973809614500932,48.78961805388821
41.945342,660,3069.271434,synthetic_track_0,0.2861397863781617,46.94534182462977
46.988252,615,3072.030698,synthetic_track_0,0.316877177786347,51.98825237097254
31.64124,341,3072.607701,synthetic_track_0,0.2233345450916682,36.641239910343124
5.863207,165,3072.919469,synthetic_track_0,0.06621308181693321,10.863207100637375
31.630172,337,3073.474957,synthetic_track_0,0.22326708167932868,36.63017156856157
38.64008,383,3074.117814,synthetic_track_0,0.26599365617127885,43.640079802256935
43.10514,430,3076.185979,synthetic_track_0,0.2932089498248193,48.10513962352422
24.055959,294,3076.621459,synthetic_track_0,0.17710097827961133,29.055959215069922
23.326654,288,3077.101456,synthetic_track_0,0.17265573809448045,28.32665371503801
38.02265,373,3077.67499,synthetic_track_0,0.2622303169252869,43.022649945537715
45.992708,416,3078.291618,synthetic_track_0,0.31080916868408237,50.99270832200794
45.922635,732,3080.873392,synthetic_track_0,0.310382056991408,50.922634514154474
48.222539,707,3082.030313,synthetic_track_0,0.3244003648179519,53.22253926018743
32.458767,338,3082.536451,synthetic_track_0,0.2283175121922289,37.45876723430481
48.214927,510,3083.327478,synthetic_track_0,0.3243539641326234,53.21492656129918
39.782747,393,3085.490698,synthetic_track_0,0.2729584062245636,44.7827470842631
41.10392,405,3086.200331,synthetic_track_0,0.28101117748346116,46.103919872464196
4.968483,152,3086.448028,synthetic_track_0,0.06075958523921683,9.968482657661824
45.425669,659,3087.599611,synthetic_track_0,0.3073529665243902,50.42566871575291
43.365748,646,3088.590289,synthetic_track_0,0.2947974032394167,48.36574822138703
42.692566,533,3090.888011,synthetic_track_0,0.29069424213088535,47.69256570720509
42.435698,404,3091.502743,synthetic_track_0,0.28912858731125607,47.43569754630649
31.341708,333,3092.001743,synthetic_track_0,0.22150884643446914,36.341707822842
28.697259,321,3092.486774,synthetic_track_0,0.20539048407760085,33.69725896770657
38.170753,384,3093.125601,synthetic_track_0,0.26313303236845115,43.17075337982808
44.257315,397,3095.176751,synthetic_track_0,0.30023165206490543,49.257314794151235
6.67283,178,3095.4405,synthetic_track_0,0.07114786876802133,11.672829779059263
39.625806,410,3096.106092,synthetic_track_0,0.27200182592687916,44.625806346919596
26.169524,317,3096.627468,synthetic_track_0,0.18998351142268152,31.169523810974397
37.203101,374,3097.215286,synthetic_track_0,0.25723502826271727,42.20310109235199
26.910214,323,3097.698538,synthetic_track_0,0.1944981404802523,31.91021355217301
40.825947,384,3099.690458,synthetic_track_0,0.27931688876996297,45.82594747368822
31.735255,338,3100.245582,synthetic_track_0,0.22390758295735844,36.73525500283967
24.210654,298,3100.683666,synthetic_track_0,0.17804386799333974,29.210653815475503
55.118557,803,3101.868629,synthetic_track_0,0.36643275923641333,60.11855728221293
47.386626,426,3103.824613,synthetic_track_0,0.3193053318131146,52.38662591500953
36.698633,369,3104.366459,synthetic_track_0,0.2541602118860121,41.69863330169802
30.721792,333,3104.850361,synthetic_track_0,0.21773035487777792,35.72179201191762
30.861147,338,3105.308141,synthetic_track_0,0.21857974525559012,35.861146703320955
21.810257,277,3105.697471,synthetic_track_0,0.16341304137067045,26.810256563237516
31.251303,345,3106.291469,synthetic_track_0,0.2209578150358548,36.25130320735149
40.642067,399,3108.523693,synthetic_track_0,0.2781961085175605,45.642067375344276
24.753829,310,3108.961392,synthetic_track_0,0.18135461198799865,29.753828920519073
43.385699,407,3109.527914,synthetic_track_0,0.2949190062911343,48.38569894862444
33.660657,351,3110.071636,synthetic_track_0,0.23564323625314745,38.66065748698791
22.940208,286,3110.517949,synthetic_track_0,0.17030028327630348,27.940207520360104
41.401798,398,3111.392058,synthetic_track_0,0.28282679232103447,46.40179756452029
38.329882,375,3113.399674,synthetic_track_0,0.26410294794045075,43.32988196045956
24.024735,300,3113.957781,synthetic_track_0,0.17691066277915213,29.0247352236891
43.286661,410,3114.641479,synthetic_track_0,0.29431535413935195,48.28666114277682
43.68688,404,3115.354517,synthetic_track_0,0.2967547533462957,48.68687962013795
41.560245,405,3115.925848,synthetic_track_0,0.2837925570758405,46.56024514397234
32.065562,341,3116.486611,synthetic_track_0,0.225920861431284,37.06556225351223
23.623346,298,3118.340692,synthetic_track_0,0.17446412700461253,28.62334588991027
43.836739,437,3119.016639,synthetic_track_0,0.2976681732889614,48.83673928132188
38.330753,374,3119.538489,synthetic_track_0,0.2641082578343821,43.33075312482581
42.579816,409,3120.234377,synthetic_track_0,0.29000701333685663,47.57981595277294
42.335613,404,3120.870391,synthetic_track_0,0.2885185524486751,47.33561256507653
22.34976,283,3122.603741,synthetic_track_0,0.1667014064490876,27.349760085639847
24.966879,298,3123.04648,synthetic_track_0,0.18265318681890585,29.966878773157294
35.936298,360,3123.539651,synthetic_track_0,0.2495136493074382,40.9362979713976
40.296662,389,3124.080537,synthetic_track_0,0.2760908016888382,45.296661551250054
46.793216,436,3124.820515,synthetic_track_0,0.31568839870775134,51.79321608851412
46.545241,413,3125.544642,synthetic_track_0,0.31417695045591953,51.54524129363988
39.226113,379,3127.474679,synthetic_track_0,0.2695656295368213,44.22611333767115
43.402581,395,3128.031218,synthetic_track_0,0.2950219080436268,48.40258145911436
40.352681,669,3129.001651,synthetic_track_0,0.27643224715201203,45.35268058371686
41.26129,392,3129.546493,synthetic_track_0,0.2819703749145526,46.261289988133406
40.536754,389,3131.418275,synthetic_track_0,0.27755420613471365,45.536754069696656
25.368873,300,3131.871286,synthetic_track_0,0.18510340649247978,30.368872503485104
41.993253,406,3132.461706,synthetic_track_0,0.28643181552631997,46.993253400844225
48.908424,672,3133.442505,synthetic_track_0,0.3285809452686912,53.908423529444356
23.850445,285,3134.118239,synthetic_track_0,0.1758483344286465,28.8504449994049
38.835618,371,3136.09974,synthetic_track_0,0.2671854944846456,43.83561799611981
45.064718,412,3136.694641,synthetic_track_0,0.30515291314766235,50.06471835959928
34.750139,356,3137.200469,synthetic_track_0,0.24228381067012073,39.75013909967319
23.290667,280,3137.584045,synthetic_track_0,0.17243639457544327,28.29066726027562
40.842698,387,3138.181687,synthetic_track_0,0.2794189866776721,45.842698101895685
43.179064,400,3138.767701,synthetic_track_0,0.2936595343246149,48.17906448252942
35.363049,356,3140.585814,synthetic_track_0,0.24601960224057215,40.36304936454853
42.182765,393,3141.120457,synthetic_track_0,0.28758691951390497,47.18276480094189
51.076728,658,3142.027103,synthetic_track_0,0.341797129758765,56.07672842110984
38.857549,374,3142.573431,synthetic_track_0,0.2673191662874735,43.85754877532216
24.858781,289,3142.99765,synthetic_track_0,0.18199431538658795,29.858781451214902
47.328214,503,3144.976203,synthetic_track_0,0.3189493017361312,52.32821406716622
38.655115,386,3145.520436,synthetic_track_0,0.2660852998457408,43.65511526334446
45.367973,415,3146.122727,synthetic_track_0,0.30700130050594504,50.36797285439445
45.249851,421,3146.781605,synthetic_track_0,0.30628132998724417,50.24985134975545
37.642393,366,3147.289311,synthetic_track_0,0.25991258864133493,42.642393330671375
42.896252,387,3149.386786,synthetic_track_0,0.29193574668433525,47.89625236111736
36.698651,368,3149.915864,synthetic_track_0,0.25416032257944826,41.69865146254612
38.841059,676,3150.892437,synthetic_track_0,0.2672186572711182,43.84105882756278
42.262201,392,3151.477955,synthetic_track_0,0.2880710947747932,47.26220070677355
43.58356,394,3153.306595,synthetic_track_0,0.29612500404677,48.583560202365746
23.802421,287,3153.730495,synthetic_track_0,0.175555623016559,28.802421487993396
37.519442,361,3154.439655,synthetic_track_0,0.25916317882806306,42.51944188691694
41.843962,385,3154.991622,synthetic_track_0,0.28552186166320753,46.84396239979483
37.148975,378,3155.55963,synthetic_track_0,0.2569051208240882,42.14897503853415
22.510889,282,3156.139503,synthetic_track_0,0.16768351559802844,27.51088919770674
46.959093,689,3158.54061,synthetic_track_0,0.31669944770534214,51.95909319841949
14.639776,224,3158.86435,synthetic_track_0,0.11970775221408882,19.63977613138171
35.840716,356,3159.353344,synthetic_track_0,0.24893105816379446,40.8407155264376
37.509,377,3159.870716,synthetic_track_0,0.2590995361886671,42.50900039781512
46.338101,687,3162.185086,synthetic_track_0,0.3129143947131066,51.33810088975117
44.449895,423,3162.792518,synthetic_track_0,0.3014054630335307,49.44989534317977
38.523308,375,3163.324702,synthetic_track_0,0.2652819145145016,43.52330836060891
42.111711,419,3163.929603,synthetic_track_0,0.2871538368528935,47.11171136997079
39.197732,387,3164.502572,synthetic_track_0,0.2693926426583974,44.19773235562886
42.216531,385,3165.080669,synthetic_track_0,0.2877927275009688,47.21653055727114
24.804491,287,3166.89589,synthetic_track_0,0.1816634047086737,29.80449080158265
33.808531,341,3167.522541,synthetic_track_0,0.23654454919559173,38.80853082089083
47.36758,418,3168.243748,synthetic_track_0,0.31918924434991763,52.367580099290166
26.121937,307,3168.818513,synthetic_track_0,0.1896934590182611,31.121936547962406
42.309106,381,3169.45561,synthetic_track_0,0.28835699222185784,47.30910628935304
40.168481,538,3171.735685,synthetic_track_0,0.27530952180020557,45.168481363877945
23.652981,281,3172.16226,synthetic_track_0,0.1746447566911068,28.652980784391325
35.802909,351,3172.689723,synthetic_track_0,0.24870061826605092,40.802908551369455
48.164045,448,3173.320457,synthetic_track_0,0.3240438324573777,53.16404500550668
38.214318,377,3173.947165,synthetic_track_0,0.2633985644687549,43.214317734760876
37.288287,359,3174.500496,synthetic_track_0,0.25775424955626697,42.28828680321327
40.646114,384,3176.398659,synthetic_track_0,0.27822077382448784,45.64611407321726
34.298541,343,3176.892387,synthetic_track_0,0.2395312432914765,39.2985408856625
44.707492,397,3177.454517,synthetic_track_0,0.3029755554541761,49.707491556262994
45.492708,424,3178.067434,synthetic_track_0,0.30776158430478473,50.492708331665995
23.971607,282,3178.50144,synthetic_track_0,0.17658683622446786,28.971606826223063
39.606404,380,3180.456605,synthetic_track_0,0.2718835642222084,44.6064038156575
37.152966,363,3181.035889,synthetic_track_0,0.25692944877305024,42.15296638798741
37.941753,370,3181.615796,synthetic_track_0,0.26173723407956995,42.941752622473906
42.981023,404,3182.193618,synthetic_track_0,0.292452438224009,47.98102302952005
41.316048,392,3182.760786,synthetic_track_0,0.28230413327012743,46.31604784018751
36.989388,376,3183.36647,synthetic_track_0,0.25593240995378885,41.9893878490673
37.083043,364,3185.313882,synthetic_track_0,0.25650325561264126,42.0830432785451
24.210909,283,3185.745727,synthetic_track_0,0.17804542287850264,29.21090891671953
23.909004,283,3186.175512,synthetic_track_0,0.17620525918098948,28.909003631591297
24.293104,288,3186.609516,synthetic_track_0,0.17854641744608657,29.29310427139288
44.257315,396,3187.16472,synthetic_track_0,0.3002316520649054,49.25731479415123
40.791841,391,3187.800261,synthetic_track_0,0.27910900397162786,45.791840986640345
34.354969,344,3189.962674,synthetic_track_0,0.23987518236402094,39.35496903056265
22.957709,276,3190.417966,synthetic_track_0,0.17040695634992112,27.95770877024867
42.643572,386,3190.936078,synthetic_track_0,0.2903956174426282,47.643572037904676
35.017839,350,3191.600712,synthetic_track_0,0.24391548833772045,40.01783925707755
36.467848,362,3192.187877,synthetic_track_0,0.25275353724685323,41.46784812286211
42.941167,390,3194.077412,synthetic_track_0,0.2922095109411686,47.94116731956855
40.586285,386,3194.681969,synthetic_track_0,0.2778561038380005,45.586284724123516
43.441641,402,3195.280448,synthetic_track_0,0.29525998070538506,48.441640698749666
43.371989,401,3195.86038,synthetic_track_0,0.294835440617339,48.371988799571824
37.95815,363,3196.383838,synthetic_track_0,0.26183717682759966,42.95814966578107
43.760153,411,3197.025703,synthetic_track_0,0.2972013646123339,48.76015261307708
23.465769,281,3198.804485,synthetic_track_0,0.17350367065124278,28.46576922995921
41.322463,387,3199.470343,synthetic_track_0,0.2823432325548837,46.322462639440744
45.425012,415,3200.063424,synthetic_track_0,0.3073489610658518,50.42501156274868
43.395433,389,3200.662578,synthetic_track_0,0.2949783388899964,48.39543331367091
26.136307,313,3201.187346,synthetic_track_0,0.18978104803122703,31.13630678359379
46.150444,408,3203.132662,synthetic_track_0,0.3117705970443867,51.150444453657705
43.325224,400,3203.751536,synthetic_track_0,0.29455040116775066,48.32522398380187
42.972986,397,3204.329586,synthetic_track_0,0.2924034489239729,47.97298563120836
43.323516,403,3204.903812,synthetic_track_0,0.2945399929065067,48.32351635904935
43.790223,406,3205.471447,synthetic_track_0,0.29738464912585394,48.79022307006341
39.830546,376,3207.604709,synthetic_track_0,0.27324974604273516,44.83054556599229
60.973313,794,3208.876526,synthetic_track_0,0.4021184855625402,65.9733132455314
23.717651,280,3209.279533,synthetic_track_0,0.17503893531685388,28.717651449592715
43.712489,400,3209.853476,synthetic_track_0,0.2969108479023575,48.71248917406975
40.787154,372,3210.433793,synthetic_track_0,0.27908043894792395,45.78715448421794
41.403939,390,3212.420859,synthetic_track_0,0.28283984426644077,46.403938923631266
43.394773,390,3213.018212,synthetic_track_0,0.294974314035972,48.39477297855861
14.98036,224,3213.347401,synthetic_track_0,0.12178367059418084,19.98036035836738
44.757315,421,3213.951446,synthetic_track_0,0.30327923649676886,49.75731479311736
43.553767,399,3214.531521,synthetic_track_0,0.2959434095053028,48.55376700956802
39.257599,381,3215.150735,synthetic_track_0,0.26975754252222556,44.25759941940213
44.757315,408,3217.15795,synthetic_track_0,0.30327923649676886,49.75731479311736
45.692708,400,3217.766164,synthetic_track_0,0.30898061804097937,50.692708325255765
16.900201,239,3218.10628,synthetic_track_0,0.13348542108841752,21.90020060096986
43.047035,392,3218.714604,synthetic_track_0,0.29285479135679,48.047034840012046
24.521129,285,3219.153366,synthetic_track_0,0.17993626500973914,29.521128726802125
40.965512,379,3221.178558,synthetic_track_0,0.28016755841057117,45.96551204652748
43.349084,398,3221.807906,synthetic_track_0,0.2946958329233312,48.349084152163286
33.700468,349,3222.341779,synthetic_track_0,0.23588588939745275,38.700468220575225
53.281098,775,3223.517215,synthetic_track_0,0.35523313480383534,58.28109803213859
36.98908,359,3224.085601,synthetic_track_0,0.2559305352628084,41.98908027908549
43.603473,390,3226.058533,synthetic_track_0,0.29624637538314874,48.60347291337365
45.438082,706,3227.152541,synthetic_track_0,0.30742862851266983,50.438082151674834
41.673978,386,3227.694439,synthetic_track_0,0.28448577811724507,46.67397801265406
25.081208,288,3228.11048,synthetic_track_0,0.18335004307860217,30.08120805161297
48.793917,669,3230.520374,synthetic_track_0,0.32788300834309053,53.79391695222531
40.695374,376,3231.134564,synthetic_track_0,0.2785210200547631,45.69537377977621
34.477796,343,3231.628673,synthetic_track_0,0.24062383627369474,39.47779645747466
43.362825,403,3232.247186,synthetic_track_0,0.2947795852047892,48.36282491688324
43.012273,405,3232.804113,synthetic_track_0,0.2926429148474091,48.012273455433565
32.160641,334,3234.801072,synthetic_track_0,0.22650038298523203,37.16064108819367
38.089419,363,3235.336871,synthetic_track_0,0.26263728415415755,43.08941876476618
43.963324,412,3235.957844,synthetic_track_0,0.2984397310319465,48.96332441105986
47.513693,429,3236.570543,synthetic_track_0,0.32007982833011306,52.51369319283445
39.220214,373,3237.098528,synthetic_track_0,0.26952966970926295,44.22021361146373
33.624529,333,3237.62568,synthetic_track_0,0.2354230246418551,38.624528609222516
37.038361,364,3239.583059,synthetic_track_0,0.2562309122393045,42.03836143643989
39.933478,394,3240.27345,synthetic_track_0,0.2738771358775367,44.933477879687146
43.292945,400,3240.917983,synthetic_track_0,0.2943536540064141,48.29294478607519
49.30079,714,3242.043594,synthetic_track_0,0.33097248394228584,54.30078979888144
46.75892,416,3244.05685,synthetic_track_0,0.3154793568258775,51.75891976529236
24.819041,286,3244.505993,synthetic_track_0,0.18175209189168637,29.819041207783382
39.942831,378,3245.09686,synthetic_track_0,0.27393414463211974,44.942830984701914
37.226267,370,3245.627682,synthetic_track_0,0.2573762281323177,42.22626695903516
44.971951,412,3246.1998,synthetic_track_0,0.3045874831842715,49.97195145274841
37.376032,365,3246.742488,synthetic_track_0,0.25828906956310027,42.37603170703541
45.803437,417,3248.638603,synthetic_track_0,0.3096555271045486,50.803436850955876
48.915602,420,3249.318777,synthetic_track_0,0.3286246988535068,53.91560193347276
45.931837,415,3249.919782,synthetic_track_0,0.31043815062089425,50.931837479753035
40.427933,375,3250.468801,synthetic_track_0,0.27689092117847586,45.427932645763086
35.337057,341,3251.079531,synthetic_track_0,0.24586117172085598,40.33705656222743
37.701446,366,3253.053777,synthetic_track_0,0.2602725254178136,42.701446128679386
41.284566,385,3253.597633,synthetic_track_0,0.28211224316388517,46.28456551211167
24.013702,287,3254.057418,synthetic_track_0,0.17684341317735525,29.013701960598056
30.650959,328,3254.514829,synthetic_track_0,0.21729861745980486,35.65095928738891
40.459271,382,3255.088203,synthetic_track_0,0.2770819347060153,45.45927115851229
40.919512,378,3255.658719,synthetic_track_0,0.27988718245501365,45.91951234393576
42.548529,392,3257.618591,synthetic_track_0,0.2898163111447445,47.54852851907234
38.647312,366,3258.206895,synthetic_track_0,0.2660377405158119,43.647312472167734
43.243391,406,3258.829592,synthetic_track_0,0.2940516142963425,48.24339083339563
44.741014,413,3259.477902,synthetic_track_0,0.3031798792214379,49.741013805015655
43.754721,398,3260.097382,synthetic_track_0,0.29716826033619337,48.75472138109448
48.129003,430,3262.412662,synthetic_track_0,0.3238302475574458,53.12900333492044
43.414939,403,3263.0776,synthetic_track_0,0.29509723229646456,48.414939484686094
34.688314,347,3263.615217,synthetic_track_0,0.24190697431379937,39.688313682860745
34.387834,351,3264.104661,synthetic_track_0,0.24007550129680244,39.38783422869677
42.985437,404,3264.715758,synthetic_track_0,0.29247934505351425,47.98543748136727
41.826431,409,3266.62975,synthetic_track_0,0.28541500474269194,46.82643098718204
24.159877,282,3267.028513,synthetic_track_0,0.1777343767706868,29.15987733512976
44.557315,415,3267.703464,synthetic_track_0,0.3020602028045183,49.55731480673724
23.979672,282,3268.107578,synthetic_track_0,0.17663599202301078,28.979671541006244
46.214267,668,3269.112777,synthetic_track_0,0.312159608648442,51.21426739473584
46.365863,426,3271.110727,synthetic_track_0,0.3130836077678327,51.36586272181184
31.994777,331,3271.576839,synthetic_track_0,0.22548941341974774,36.99477701026627
40.01947,376,3272.197958,synthetic_track_0,0.27440127068053743,45.01946972234735
43.528357,401,3272.801169,synthetic_track_0,0.29578853028310825,48.528356848613164
49.055299,669,3273.898783,synthetic_track_0,0.32947617316272254,54.055298523754665
45.812016,421,3276.042771,synthetic_track_0,0.30970781718071083,50.81201578900062
25.373889,305,3276.548342,synthetic_track_0,0.18513398187230282,30.37388883370391
23.827056,280,3277.029416,synthetic_track_0,0.1757057730152822,28.827055751911217
49.459996,432,3277.733813,synthetic_track_0,0.33194287155307817,54.459995824256836
17.878372,244,3278.093572,synthetic_track_0,0.139447541347372,22.87837206429185
39.802747,371,3278.635611,synthetic_track_0,0.27308030750991175,44.80274674101118
45.569043,404,3280.574399,synthetic_track_0,0.3082268587016326,50.56904327927584
42.055855,397,3281.187721,synthetic_track_0,0.28681338578447885,47.05585548224687
47.456068,706,3282.202678,synthetic_track_0,0.319728592634007,52.4560679320365
40.55626,375,3282.745888,synthetic_track_0,0.27767310001947965,45.55626031918347
38.187637,365,3284.642087,synthetic_track_0,0.2632359379342543,43.187636515946394
40.92897,386,3285.156825,synthetic_track_0,0.27994483015073,45.92897027642065
45.086148,644,3286.110746,synthetic_track_0,0.30528352984305773,50.08614790454637
41.944671,385,3286.648168,synthetic_track_0,0.2861356991954215,46.94467126359641
50.000306,601,3288.910615,synthetic_track_0,0.3352361529284387,55.00030593578625
44.757315,414,3289.499706,synthetic_track_0,0.30327923649676886,49.75731479311736
45.331021,414,3290.120601,synthetic_track_0,0.3067760703013125,50.331020604308776
39.56715,376,3290.702874,synthetic_track_0,0.2716443060627827,44.56715007810237
24.527433,285,3291.127775,synthetic_track_0,0.17997468799730212,29.527432569787052
36.953873,358,3291.657898,synthetic_track_0,0.2557159428581268,41.953873312874116
45.584798,679,3294.043714,synthetic_track_0,0.3083228866578277,50.584798044753796
32.811612,329,3294.526847,synthetic_track_0,0.23046816172620033,37.811612180459335
44.415895,411,3295.209529,synthetic_track_0,0.3011982255740185,49.41589506136362
48.131192,412,3295.822903,synthetic_track_0,0.3238435885080499,53.13119210948514
43.830575,403,3297.766647,synthetic_track_0,0.29763059894278393,48.83057467014542
37.881688,359,3298.304473,synthetic_track_0,0.2613711296173769,42.881687927037035
24.673655,286,3298.784225,synthetic_track_0,0.18086594083313381,29.67365539870534
36.684248,364,3299.39658,synthetic_track_0,0.25407253256335977,41.68424824946544
47.281384,421,3300.025661,synthetic_track_0,0.3186638632189734,52.28138377862964
31.78465,347,3300.530542,synthetic_track_0,0.22420865478023255,36.784650159722574
48.163495,676,3302.825635,synthetic_track_0,0.3240404822061519,53.16349534867292
31.016886,329,3303.291463,synthetic_track_0,0.2195290048321953,36.01688637122278
40.68924,377,3303.903758,synthetic_track_0,0.27848363096495926,45.68923956256871
41.78849,395,3304.469665,synthetic_track_0,0.28518374511251726,46.788489523234624
41.983336,397,3305.061463,synthetic_track_0,0.28637136685607983,46.98333592825788
45.806102,417,3306.997843,synthetic_track_0,0.3096717731472551,50.80610224760626
41.986576,400,3307.563701,synthetic_track_0,0.2863911182460773,46.98657642747919
40.301957,378,3308.094487,synthetic_track_0,0.2761230804188694,45.30195734053598
24.889902,284,3308.558102,synthetic_track_0,0.18218399748251046,29.889901523483797
32.332221,345,3309.095679,synthetic_track_0,0.22754619407642648,37.33222141884796
40.478086,376,3311.044793,synthetic_track_0,0.2771966127757101,45.47808574298429
41.639447,392,3311.674515,synthetic_track_0,0.28427530582805893,46.639447010567565
45.325012,418,3312.495864,synthetic_track_0,0.3067394441149993,50.325011552376615
54.897339,680,3313.5105,synthetic_track_0,0.3650843965481653,59.89733901646738
49.505326,667,3315.927464,synthetic_track_0,0.3322191646233043,54.50532567086684
24.281695,283,3316.356514,synthetic_track_0,0.17847687640631327,29.281695064989535
36.226164,355,3316.893712,synthetic_track_0,0.2512804342037992,41.22616441024593
38.497837,371,3317.46704,synthetic_track_0,0.26512666181825767,43.497836925871994
32.560085,338,3317.991602,synthetic_track_0,0.22893505885412452,37.56008463410546
32.921327,340,3318.496537,synthetic_track_0,0.23113688970621507,37.921326610622486
32.14226,338,3320.404992,synthetic_track_0,0.22638834680720568,37.142259943995775
46.263531,631,3321.334559,synthetic_track_0,0.31245987677235154,51.26353069325996
37.725086,372,3321.902869,synthetic_track_0,0.26041661420001466,42.72508596296858
43.23955,396,3322.468499,synthetic_track_0,0.29402820532501317,48.23955025542244
37.183422,360,3323.052471,synthetic_track_0,0.25711507984327103,42.183421831304436
40.779021,381,3324.953601,synthetic_track_0,0.27903086578189856,45.77902129430455
22.746788,291,3325.393412,synthetic_track_0,0.16912136104518216,27.746788395305256
44.50184,399,3325.986809,synthetic_track_0,0.30172207192252654,49.501839578921185
36.215565,359,3326.546483,synthetic_track_0,0.2512158263748562,41.21556456793575
37.448922,352,3327.085145,synthetic_track_0,0.2587333495289451,42.44892221669301
38.05905,365,3327.604872,synthetic_track_0,0.26245217975938506,43.05904973012117
39.445557,378,3329.541755,synthetic_track_0,0.27090317698870503,44.445557208550255
47.270718,416,3330.20445,synthetic_track_0,0.318598856175001,52.2707184393599
35.863848,354,3330.748224,synthetic_track_0,0.2490720573991597,40.863848476192736
44.364269,411,3331.445869,synthetic_track_0,0.3008835589682007,49.36426948507487
42.565961,393,3332.07559,synthetic_track_0,0.2899225651127841,47.565961008671145
52.206068,831,3334.674472,synthetic_track_0,0.3486806428584937,57.20606761406642
41.042254,391,3335.227927,synthetic_track_0,0.2806353156893082,46.04225434657326
44.058658,397,3335.869792,synthetic_track_0,0.2990208027573994,49.058657573642016
41.123282,392,3336.437957,synthetic_track_0,0.28112919559767735,46.1232824392135
40.37659,385,3338.364075,synthetic_track_0,0.27657797945858104,45.376590061784796
39.965302,379,3338.888728,synthetic_track_0,0.27407111118242233,44.965302314550456
45.525012,417,3339.488421,synthetic_track_0,0.3079584780225149,50.52501157407406
41.974303,390,3340.068383,synthetic_track_0,0.2863163094694183,46.97430297317843
40.864537,392,3340.664938,synthetic_track_0,0.27955209972268075,45.86453720885227
44.924486,417,3342.641779,synthetic_track_0,0.3042981745814363,49.92448622106981
47.812351,435,3343.264354,synthetic_track_0,0.3219002002992069,52.81235136064389
46.943258,428,3343.870891,synthetic_track_0,0.3166029265829479,51.94325752194315
38.228292,373,3344.418631,synthetic_track_0,0.2634837374093946,43.22829157902473
44.146557,403,3345.054484,synthetic_track_0,0.29955656310326945,49.14655675358937
47.370436,414,3346.996657,synthetic_track_0,0.3192066537655941,52.370436363985974
48.417576,423,3347.641818,synthetic_track_0,0.3255891467275945,53.41757600711975
43.39467,401,3348.231873,synthetic_track_0,0.29497368705533533,48.394670113379746
42.094007,395,3348.862728,synthetic_track_0,0.28704592558785447,47.094006976995225
48.073561,412,3349.529906,synthetic_track_0,0.32349232011908585,53.07356148495426
17.582526,241,3349.872864,synthetic_track_0,0.13764431093311116,22.58252621475953
45.445287,422,3351.833831,synthetic_track_0,0.30747254521394557,50.445287317301386
23.99271,285,3352.261623,synthetic_track_0,0.17671546617135783,28.992710416541865
47.463495,682,3353.275039,synthetic_track_0,0.31977386425063653,52.463495390987696
43.953174,393,3353.914193,synthetic_track_0,0.29837786100669583,48.9531737447689
44.357315,418,3355.824768,synthetic_track_0,0.30084116906832375,49.357314813147475
42.509738,394,3356.559448,synthetic_track_0,0.2895798762987526,47.509737986637695
41.134205,395,3357.144864,synthetic_track_0,0.28119576902217386,46.13420476570637
48.90859,433,3357.797284,synthetic_track_0,0.32858195820081443,53.90858971550807
42.025785,397,3358.465566,synthetic_track_0,0.28663009894280767,47.02578464329392
39.451244,375,3360.426393,synthetic_track_0,0.27093784041367064,44.45124424129192
45.921505,417,3361.174309,synthetic_track_0,0.3103751710671656,50.92150477937894
45.526165,411,3361.876416,synthetic_track_0,0.3079655107093255,50.526165387356876
42.763783,401,3362.507789,synthetic_track_0,0.29112832286671103,47.76378288668496
37.94526,374,3363.1758,synthetic_track_0,0.26175861232551245,42.94526003077977
36.931199,359,3363.756542,synthetic_track_0,0.2555777389629311,41.93119897882368
47.747659,410,3365.698801,synthetic_track_0,0.3215058867558879,52.74765856027698
42.094786,389,3366.263877,synthetic_track_0,0.28705067367846154,47.09478596945686
43.523559,395,3366.824764,synthetic_track_0,0.2957592849789833,48.52355873641672
45.692708,400,3367.37575,synthetic_track_0,0.30898061804097937,50.692708325255765
41.912815,397,3368.010498,synthetic_track_0,0.28594153052714677,46.912815104691816
38.899249,380,3369.974473,synthetic_track_0,0.26757333425001134,43.89924868022961
53.934884,809,3371.127505,synthetic_track_0,0.359218072871369,58.93488435838932
43.291721,411,3371.715756,synthetic_track_0,0.2943461945695364,48.29172095831438
47.677692,682,3374.076975,synthetic_track_0,0.32107942596265965,52.67769154182662
40.900825,392,3374.752924,synthetic_track_0,0.2797732820424363,45.90082534528348
46.099032,413,3375.336821,synthetic_track_0,0.31145723106184325,51.09903226329816
29.018105,315,3375.785867,synthetic_track_0,0.20734609317692743,34.01810472916216
47.546107,419,3376.374905,synthetic_track_0,0.32027739302342023,52.546106518423244
46.335616,415,3378.309957,synthetic_track_0,0.3128992472576643,51.33561573212065
47.508404,657,3379.398211,synthetic_track_0,0.3200475871373829,52.50840356208191
47.441708,714,3380.541552,synthetic_track_0,0.3196410658319085,52.44170790299147
39.112635,380,3381.118187,synthetic_track_0,0.26887395974991235,44.11263497457034
44.157315,397,3383.089509,synthetic_track_0,0.2996221351804364,49.157314794670334
38.642028,386,3383.677806,synthetic_track_0,0.26600552843812897,43.642027618156874
53.523412,810,3384.964436,synthetic_track_0,0.35671007986652625,58.52341208325971
41.243985,382,3385.584799,synthetic_track_0,0.2818649006730473,46.243985423871884
24.210224,290,3387.358391,synthetic_track_0,0.17804124681086175,29.210223772841545
43.236912,400,3387.917426,synthetic_track_0,0.29401212752015604,48.23691246060766
33.799613,341,3388.4846,synthetic_track_0,0.2364901944471382,38.79961314370151
43.227815,409,3389.086789,synthetic_track_0,0.29395667736482206,48.2278150661861
48.263495,685,3390.150913,synthetic_track_0,0.3246499991570043,53.263495359044974
42.317221,399,3392.249819,synthetic_track_0,0.2884064541363253,47.317221226850435
37.360461,771,3393.503644,synthetic_track_0,0.25819416054501493,42.36046051942584
44.089618,398,3394.123572,synthetic_track_0,0.2992095120722078,49.089618047196936
24.30215,288,3394.5527,synthetic_track_0,0.17860155373217365,29.302150171056333
46.099386,430,3396.634758,synthetic_track_0,0.31145938630839903,51.099385862451776
44.962378,419,3397.27076,synthetic_track_0,0.3045291311072795,49.962377956398115
39.171418,375,3397.867427,synthetic_track_0,0.26923224959398495,44.171417569662005
43.940365,403,3398.452752,synthetic_track_0,0.2982997872252754,48.94036461954127
43.641909,668,3399.393609,synthetic_track_0,0.29648064878328334,48.64190882957023
42.36675,392,3401.366481,synthetic_track_0,0.2887083429599808,47.36675042444623
46.905357,723,3402.462325,synthetic_track_0,0.316371917839213,51.90535721951969
34.515481,346,3402.963781,synthetic_track_0,0.24085353139676455,39.515481241560266
40.388587,397,3403.532883,synthetic_track_0,0.2766511018970173,45.38858684807898
42.464772,399,3405.427068,synthetic_track_0,0.2893058039111516,47.46477247490836
33.17436,339,3405.912826,synthetic_track_0,0.23267917373589908,38.17436045775235
44.014409,402,3406.530771,synthetic_track_0,0.29875110185444104,49.01440926675659
31.896818,341,3407.236329,synthetic_track_0,0.22489233862258642,36.89681831391579
41.185873,388,3407.857508,synthetic_track_0,0.2815106956497449,46.18587300229847
41.946032,408,3408.446291,synthetic_track_0,0.28614399183142486,46.946031789641154
23.878807,286,3410.296383,synthetic_track_0,0.17602120275578156,28.878806531405495
48.443109,651,3411.274879,synthetic_track_0,0.32574477196378343,53.44310856238549
43.640932,405,3411.910476,synthetic_track_0,0.2964746949098147,48.6409320111113
36.015737,355,3412.432581,synthetic_track_0,0.2499978410630341,41.01573658342297
49.597579,441,3413.030591,synthetic_track_0,0.3327814646934192,54.59757907377065
44.064416,402,3415.003821,synthetic_track_0,0.29905589833225865,49.06441550678076
47.169096,413,3415.59385,synthetic_track_0,0.3179794478458501,52.169095606306605
47.593874,587,3416.496732,synthetic_track_0,0.32056854179722954,52.593873656580804
41.315625,383,3417.048336,synthetic_track_0,0.28230155469851537,46.315624788478125
32.413913,332,3418.997865,synthetic_track_0,0.2280441190147446,37.4139131567507
40.520646,396,3419.608732,synthetic_track_0,0.2774560246040808,45.52064597940007
43.549968,408,3420.212797,synthetic_track_0,0.29592025456911697,48.54996810970886
45.612929,411,3420.89847,synthetic_track_0,0.30849434930543435,50.61292895483776
47.013581,664,3421.873773,synthetic_track_0,0.3170315581667049,52.013580689759145
42.736402,405,3423.841698,synthetic_track_0,0.2909614313868966,47.736401942333686
46.428102,718,3424.87578,synthetic_track_0,0.31346296565335835,51.42810183170736
32.050822,359,3425.471931,synthetic_track_0,0.22583101987083498,37.050822455112566
41.240933,399,3426.048943,synthetic_track_0,0.28184629834090624,46.240933444096015
48.031192,421,3428.155918,synthetic_track_0,0.32323407186886705,53.03119215024696
39.419611,382,3428.758405,synthetic_track_0,0.2707450312137793,44.419611122701866
33.683809,342,3429.316428,synthetic_track_0,0.23578434719256983,38.68380876339804
33.300369,347,3429.815819,synthetic_track_0,0.23344721840129595,38.3003692166531
45.553488,415,3430.456502,synthetic_track_0,0.30813204361124025,50.55348750185341
47.601909,418,3431.044473,synthetic_track_0,0.32061751789993953,52.601908889681596
47.863495,710,3433.484286,synthetic_track_0,0.32221193159623585,52.86349535736554
48.124835,430,3434.094884,synthetic_track_0,0.32380484068322135,53.124834972281114
43.5357,402,3434.75634,synthetic_track_0,0.2958332905755164,48.53570041748161
47.028102,425,3435.369492,synthetic_track_0,0.31712006696969086,52.02810183015439
47.649039,641,3437.649484,synthetic_track_0,0.32090478310346776,52.649038872354225
41.889111,396,3438.230999,synthetic_track_0,0.2857970504425685,46.88911107162731
32.258307,341,3438.729777,synthetic_track_0,0.22709567165130523,37.25830674408467
40.499362,374,3439.382115,synthetic_track_0,0.27732629787053736,45.49936244547745
40.386862,395,3439.948463,synthetic_track_0,0.27664058671866054,45.38686168203845
32.84917,347,3441.88234,synthetic_track_0,0.23069708344668144,37.849170076741764
32.019213,338,3442.3629,synthetic_track_0,0.22563835625944934,37.019213222407984
43.147165,390,3442.914779,synthetic_track_0,0.2934651003518655,48.147164796615144
41.012563,392,3443.474231,synthetic_track_0,0.28045434006674924,46.01256269631206
47.737703,686,3445.832654,synthetic_track_0,0.3214452029250095,52.73770250621028
40.873645,376,3446.410669,synthetic_track_0,0.27960761550635016,45.873645370544885
49.999543,435,3447.021776,synthetic_track_0,0.3352315024298736,54.99954295470082
48.896048,446,3447.64594,synthetic_track_0,0.32850551681620893,53.896048408424306
41.077575,378,3448.240522,synthetic_track_0,0.28085060194854755,46.07757514959078
46.689961,418,3450.228773,synthetic_track_0,0.31505904439797855,51.68996147448418
17.837562,242,3450.61255,synthetic_track_0,0.1391987989276405,22.837562297609672
42.315023,408,3451.195954,synthetic_track_0,0.28839305861983083,47.31502349996767
43.614027,401,3451.760802,synthetic_track_0,0.29631070385872665,48.61402692375189
33.763564,363,3452.281278,synthetic_track_0,0.23627047101496773,38.76356435873285
42.172498,402,3452.916709,synthetic_track_0,0.28752434137769933,47.17249795887806
47.475056,756,3455.337879,synthetic_track_0,0.3198443263628891,52.475055712560774
45.50567,835,3456.479824,synthetic_track_0,0.3078405895545059,50.50567027764717
46.848937,484,3457.167707,synthetic_track_0,0.31602802876137565,51.84893727696933
47.858952,513,3459.252763,synthetic_track_0,0.32218424201568185,52.858952483966
40.576222,382,3459.853511,synthetic_track_0,0.2777947671779397,45.57622156405276
46.114879,435,3460.501739,synthetic_track_0,0.3115538168838801,51.11487855468017
24.081551,287,3460.939687,synthetic_track_0,0.17725696593676293,29.0815512307001
42.020019,398,3461.503756,synthetic_track_0,0.28659495698662407,47.02001910063274
45.125012,432,3463.44482,synthetic_track_0,0.30552041042274874,50.125011565996495
46.35453,421,3464.054904,synthetic_track_0,0.31301453426935205,51.35453022227292
46.27748,418,3464.688591,synthetic_track_0,0.3125449013925955,51.27748020343253
44.998906,430,3465.279835,synthetic_track_0,0.3047517750184993,49.9989058879021
24.595994,282,3465.678912,synthetic_track_0,0.18039258233752137,29.595994138580014
44.850127,404,3467.586768,synthetic_track_0,0.3038449414324487,49.85012681312172
45.152948,409,3468.170727,synthetic_track_0,0.30569068690422924,50.15294786849038
32.065004,335,3468.69984,synthetic_track_0,0.22591745766174506,37.06500381623051
43.654604,417,3469.289502,synthetic_track_0,0.2965580258300566,48.65460364547167
45.736071,403,3469.873745,synthetic_track_0,0.30924491880562766,50.73607066188842
43.594675,404,3471.866998,synthetic_track_0,0.29619275214289675,48.59467525061155
46.21158,502,3472.593891,synthetic_track_0,0.31214322614227097,51.211579609294056
39.335626,378,3473.12182,synthetic_track_0,0.27023312589353415,44.33562570234164
38.588994,373,3473.701806,synthetic_track_0,0.26568227946479955,43.58899398120799
24.162597,284,3474.110838,synthetic_track_0,0.17775095261685825,29.16259684077559
41.285594,382,3475.992815,synthetic_track_0,0.2821185129559652,46.28559416155637
48.263495,446,3476.642851,synthetic_track_0,0.3246499991570044,53.26349535904498
44.957315,430,3477.263576,synthetic_track_0,0.30449827040428445,49.9573148148148
42.280505,403,3477.920948,synthetic_track_0,0.28818266205017457,47.280504920757615
41.25103,413,3478.543936,synthetic_track_0,0.2819078407709286,46.25103036368447
48.04244,771,3481.016816,synthetic_track_0,0.3233026312337196,53.04244029877961
43.716609,409,3481.692972,synthetic_track_0,0.2969359587384477,48.71660896740111
41.504578,402,3482.47996,synthetic_track_0,0.28345325761444484,46.50457819392059
28.117331,321,3483.093501,synthetic_track_0,0.20185572434009555,33.11733086247684
42.061679,406,3483.799594,synthetic_track_0,0.28684887831196676,47.06167854116583
31.574382,337,3485.803625,synthetic_track_0,0.22292703319603033,36.57438173070837
38.44172,385,3486.423851,synthetic_track_0,0.264784618656502,43.441719832367994
45.496484,426,3487.18061,synthetic_track_0,0.3077845999964674,50.49648438646442
45.492708,420,3487.870642,synthetic_track_0,0.30776158430478473,50.492708331665995
42.156309,386,3488.4865,synthetic_track_0,0.2874256693479333,47.15630939515356
42.772174,402,3490.50508,synthetic_track_0,0.2911794709275662,47.772174460715625
43.454118,412,3491.084395,synthetic_track_0,0.2953360320756184,48.45411801837385
43.033453,398,3491.693513,synthetic_track_0,0.2927720061528069,48.03345273824213
44.96394,421,3492.436877,synthetic_track_0,0.304538651019912,49.96393983480143
48.705594,430,3493.058397,synthetic_track_0,0.3273446628255004,53.705593637726054
26.468054,299,3494.83389,synthetic_track_0,0.19180310619170968,31.468054467950015
21.441127,637,3495.728441,synthetic_track_0,0.16116313415589814,26.441126968894437
41.123827,408,3496.232556,synthetic_track_0,0.28113251453569393,46.123826958665525
39.905865,375,3496.805931,synthetic_track_0,0.2737088281717091,44.905864583116944
50.048087,669,3499.013394,synthetic_track_0,0.33552738532796555,55.048086793943895
24.27343,290,3499.440508,synthetic_track_0,0.1784264964186733,29.27342950440177
47.606254,429,3499.986532,synthetic_track_0,0.3206440046163143,52.60625441593562
47.563495,411,3500.524665,synthetic_track_0,0.3203833808898194,52.56349535022588
39.610081,396,3501.066409,synthetic_track_0,0.2719059762674945,44.61008083359431
43.760278,414,3502.761734,synthetic_track_0,0.2972021316614189,48.76027845849673
37.300069,367,3503.295537,synthetic_track_0,0.2578260610148326,42.300068504429866
45.760405,633,3504.222591,synthetic_track_0,0.30939324139594504,50.76040511320992
61.330697,844,3505.382346,synthetic_track_0,0.4042967975377883,66.33069661249722
46.660405,448,3507.217629,synthetic_track_0,0.31487889325897594,51.660405092592576
42.335853,401,3507.742954,synthetic_track_0,0.2885200188225286,47.33585314476895
43.870756,407,3508.348008,synthetic_track_0,0.29787550923555284,48.87075572135796
48.631192,417,3508.89181,synthetic_track_0,0.3268911730180519,53.63119212127101
43.427857,392,3509.443941,synthetic_track_0,0.29517596792732764,48.427857195821026
44.457315,413,3511.322939,synthetic_track_0,0.3014506858868528,49.45731480180998
36.653964,618,3512.206449,synthetic_track_0,0.25388794468561965,41.6539639568584
42.238806,377,3512.73583,synthetic_track_0,0.2879285006832151,47.23880609794953
47.399923,684,3513.624706,synthetic_track_0,0.3193863781151103,52.39992272493229
44.966881,404,3515.438327,synthetic_track_0,0.3045565802438727,49.96688138151236
41.737633,390,3515.95644,synthetic_track_0,0.2848737635828372,46.737632600978735
47.883181,633,3516.756043,synthetic_track_0,0.32233191756596424,52.88318077907622
39.718048,383,3517.317377,synthetic_track_0,0.2725640521540308,44.71804763482468
24.401548,281,3517.694583,synthetic_track_0,0.17920740157224163,29.4015482111042
47.716535,732,3519.888379,synthetic_track_0,0.32131618444652293,52.716535171702525
43.653601,399,3520.430902,synthetic_track_0,0.2965519152915725,48.653601123866764
42.111155,413,3520.981268,synthetic_track_0,0.2871504472190388,47.11115525185111
46.064551,713,3523.141835,synthetic_track_0,0.31124705992650825,51.06455066982646
43.197232,399,3523.650595,synthetic_track_0,0.2937702683390463,48.197231988086386
44.652141,400,3524.249536,synthetic_track_0,0.30263818663575837,49.65214135592189
30.641035,326,3524.708384,synthetic_track_0,0.21723812741775456,35.64103502716288
39.887285,378,3525.208705,synthetic_track_0,0.2735955811594183,44.88728478416656
43.219603,405,3527.107847,synthetic_track_0,0.2939066213145411,48.21960265217485
43.474733,406,3527.624515,synthetic_track_0,0.29546168243964505,48.474732765327715
41.413655,387,3528.135936,synthetic_track_0,0.28289906835754514,46.41365548642157
49.318633,432,3528.750855,synthetic_track_0,0.3310812435954275,54.318633382110775
40.547829,386,3529.244806,synthetic_track_0,0.2776217115059486,45.547829295437666
43.279698,408,3529.79845,synthetic_track_0,0.2942729107972745,48.279697702888846
44.586231,431,3531.659798,synthetic_track_0,0.3022364548721956,49.58623148997497
33.944989,343,3532.11168,synthetic_track_0,0.23737628641133823,38.944989257502236
42.722045,407,3532.63286,synthetic_track_0,0.2908739235191827,47.72204501974639
34.541034,354,3533.140902,synthetic_track_0,0.24100927732879698,39.54103359871271
42.469641,416,3533.643988,synthetic_track_0,0.2893354783280061,47.46964098921149
40.670605,389,3535.480629,synthetic_track_0,0.2783700496397641,45.67060491478458
40.758402,385,3536.034862,synthetic_track_0,0.27890518817532084,45.758402077818886
47.379127,647,3536.974954,synthetic_track_0,0.31925962468970664,52.379127004916086
43.507713,407,3537.646402,synthetic_track_0,0.2956627033869857,48.507713139033406
36.630016,365,3539.498211,synthetic_track_0,0.25374197762606837,41.63001596419193
42.409163,403,3540.145504,synthetic_track_0,0.2889668569930695,47.40916336465082
42.096957,393,3540.693986,synthetic_track_0,0.2870639095176253,47.096957498980046
45.412797,418,3541.253853,synthetic_track_0,0.3072745134509633,50.41279736222379
37.223665,632,3542.20183,synthetic_track_0,0.2573603671104715,42.22366473058702
46.911369,663,3544.384309,synthetic_track_0,0.3164085586042626,51.911368663302966
47.164579,510,3545.05844,synthetic_track_0,0.3179519181619754,52.16457896625393
46.157776,427,3545.595508,synthetic_track_0,0.3118152845606993,51.157776082562386
41.988201,394,3546.132811,synthetic_track_0,0.2864010221037559,46.98820129758197
24.051451,287,3547.734922,synthetic_track_0,0.1770734984931565,29.051450761405654
39.914421,395,3548.284449,synthetic_track_0,0.2737609814990149,44.91442108554764
30.782371,324,3548.719748,synthetic_track_0,0.21809959686906252,35.78237146406676
39.028353,380,3549.246645,synthetic_track_0,0.2683602451233552,44.028352711522295
24.352972,286,3549.634767,synthetic_track_0,0.1789113239568996,29.352972425699498
23.732976,279,3549.96493,synthetic_track_0,0.17513233876965112,28.732975627592108
31.142755,330,3551.708212,synthetic_track_0,0.22029619330969635,36.14275466020167
49.377179,652,3552.623872,synthetic_track_0,0.33143808874723507,54.37717895468602
30.119899,324,3553.032892,synthetic_track_0,0.21406171738398147,35.119899337861746
34.999584,351,3553.558307,synthetic_track_0,0.24380421745355846,39.99958367033013
38.738961,361,3554.023583,synthetic_track_0,0.26659635150613237,43.738960628544454
43.271634,422,3555.742867,synthetic_track_0,0.2942237597065504,48.27163376049096
39.744355,394,3556.231936,synthetic_track_0,0.2727243977135492,44.74435462693135
38.132538,639,3557.042008,synthetic_track_0,0.26290010131884634,43.132537695516305
38.721846,386,3557.562945,synthetic_track_0,0.2664920375793725,43.7218464305827
24.062685,283,3557.981358,synthetic_track_0,0.17714197424758016,29.062685192446533
46.451764,672,3560.123628,synthetic_track_0,0.31360719247537483,51.45176431341095
31.629312,331,3560.520855,synthetic_track_0,0.22326184338043106,36.629312150388934
39.019885,369,3561.006053,synthetic_track_0,0.26830863151587026,44.019884757880284
42.063297,395,3561.476931,synthetic_track_0,0.28685874334864064,47.06329704212521
39.87463,395,3561.982651,synthetic_track_0,0.273518448197502,44.874630013891725
42.425133,387,3563.658424,synthetic_track_0,0.28906419388013455,47.425132879038365
42.788882,383,3564.105894,synthetic_track_0,0.2912813082203491,47.788882331301195
41.378128,397,3564.646698,synthetic_track_0,0.2826825233856765,46.378128173518135
26.474064,320,3565.074891,synthetic_track_0,0.19183973586375389,31.47406409176642
44.062838,655,3565.934983,synthetic_track_0,0.2990462855128368,49.062838385684216
38.87842,372,3567.742913,synthetic_track_0,0.26744637889360934,43.87841983053276
43.811262,408,3568.283449,synthetic_track_0,0.29751288644687984,48.811262244469866
45.512018,422,3568.84577,synthetic_track_0,0.307879281278664,50.512018210730425
61.575311,848,3570.1044,synthetic_track_0,0.4057877618988568,66.5753107308785
38.966356,382,3571.891835,synthetic_track_0,0.2679823639033452,43.96635586981419
41.91919,398,3572.379908,synthetic_track_0,0.28598038805825104,46.91919024078611
43.769151,399,3572.923883,synthetic_track_0,0.29725621382631445,48.769151414438205
48.477015,666,3573.824924,synthetic_track_0,0.3259514401820303,53.47701545199596
40.957027,389,3575.415372,synthetic_track_0,0.28011584115761684,45.95702708835755
23.98276,284,3575.757466,synthetic_track_0,0.1766548182753013,28.98276025809883
47.451926,600,3576.593551,synthetic_track_0,0.3197033459851961,52.45192585667762
32.657879,350,3577.048994,synthetic_track_0,0.22953113506818607,37.65787949855562
24.01911,284,3577.39971,synthetic_track_0,0.17687637870752204,29.019110429310846
40.490022,392,3577.853957,synthetic_track_0,0.2772693691664465,45.49002247389571
46.75487,427,3579.504544,synthetic_track_0,0.3154546725313845,51.754869952236504
47.424188,412,3580.038882,synthetic_track_0,0.31953428047126536,52.42418823080358
40.816929,397,3580.619607,synthetic_track_0,0.27926191881418644,45.816928862901236
47.172378,419,3581.22788,synthetic_track_0,0.3179994574853337,52.17237847506539
45.724543,415,3582.870011,synthetic_track_0,0.3091746583352563,50.72454342256218
44.236416,402,3583.464918,synthetic_track_0,0.30010426879630653,49.236415739312314
37.449772,365,3583.92092,synthetic_track_0,0.2587385285195255,42.44977190448435
36.47816,614,3584.724797,synthetic_track_0,0.252816392123364,41.478160368147854
41.418575,388,3585.192983,synthetic_track_0,0.28292905155496256,46.41857466061112
46.929539,722,3587.384363,synthetic_track_0,0.316519310398607,51.92953908591004
46.289626,409,3587.954778,synthetic_track_0,0.3126189306648833,51.28962576884505
39.931187,384,3588.454932,synthetic_track_0,0.27386317277025285,44.931187031383
37.749952,383,3588.946776,synthetic_track_0,0.26056817493777024,42.74995167888732
44.48382,411,3590.755514,synthetic_track_0,0.3016122419414323,49.48382039301795
46.378594,417,3591.466538,synthetic_track_0,0.3131612069720552,51.37859398583371
42.410094,401,3592.084315,synthetic_track_0,0.28897252854343475,47.41009386394958
24.376151,281,3592.487525,synthetic_track_0,0.17905260113503893,29.37615097595886
39.606437,376,3593.046299,synthetic_track_0,0.27188376754503907,44.60643717368823
38.758145,378,3593.550696,synthetic_track_0,0.2667132810844425,43.75814460534355
61.038633,871,3595.996618,synthetic_track_0,0.4025166199550136,66.03863291108152
43.243337,416,3596.4929,synthetic_track_0,0.2940512885668922,48.243337392800804
32.228813,332,3596.968029,synthetic_track_0,0.22691590373111378,37.22881323474327
47.063695,548,3597.701787,synthetic_track_0,0.31733701248291496,52.06369485762023
43.562898,401,3599.526496,synthetic_track_0,0.2959990657392451,48.56289821414521
62.271767,797,3600.662964,synthetic_track_0,0.41003277844816255,67.27176666761075
41.326528,372,3601.215548,synthetic_track_0,0.28236801385776916,46.32652836811673
41.354799,391,3601.801985,synthetic_track_0,0.282540327570122,46.35479890759628
9.486375,190,3603.271937,synthetic_track_0,0.08829689951295266,14.486374586903327
55.048145,715,3604.246867,synthetic_track_0,0.3660035836907099,60.04814486962661
41.802882,396,3604.74396,synthetic_track_0,0.2852714670691564,46.802881570185086
41.988375,384,3605.222642,synthetic_track_0,0.2864020786803363,46.98837464414576
46.563122,420,3605.837846,synthetic_track_0,0.3142859391042978,51.56312244682688
38.602669,377,3607.490882,synthetic_track_0,0.265765630868003,43.602668976092396
39.488272,372,3608.010043,synthetic_track_0,0.27116353086463274,44.488272001398535
24.66775,288,3608.371979,synthetic_track_0,0.18082994513424627,29.667749787291136
47.103954,669,3609.181432,synthetic_track_0,0.31758240087954565,52.103954348638375
35.163142,375,3609.641956,synthetic_track_0,0.2448011302661367,40.163141536044016
38.478338,392,3611.294831,synthetic_track_0,0.26500781004283386,43.478337585027575
39.215215,382,3611.744085,synthetic_track_0,0.2694992041745579,44.21521530291426
46.856467,522,3612.487342,synthetic_track_0,0.31607392614398955,51.85646740181823
40.693009,383,3613.006527,synthetic_track_0,0.27850660583579817,45.6930089201214
47.64747,437,3613.573886,synthetic_track_0,0.32089521956424344,52.64746983638191
46.732478,681,3615.747256,synthetic_track_0,0.31531818785648474,51.73247768096905
38.875161,377,3616.2496,synthetic_track_0,0.26742651487016306,43.875160852176414
48.218812,656,3617.178332,synthetic_track_0,0.3243776455212956,53.21881183325024
46.660405,687,3619.371986,synthetic_track_0,0.31487889325897594,51.660405092592576
39.088811,369,3619.894974,synthetic_track_0,0.26872874856132484,44.08881099339216
45.049676,442,3620.478612,synthetic_track_0,0.3050612279309708,50.04967608291231
47.144997,566,3621.210341,synthetic_track_0,0.31783256001920634,52.1449965485735
37.935202,371,3623.008393,synthetic_track_0,0.2616973042280848,42.93520155681923
45.336103,411,3623.55828,synthetic_track_0,0.306807046538313,50.33610270090511
37.381274,362,3624.093993,synthetic_track_0,0.25832102311676236,42.38127414646743
37.664854,379,3624.605924,synthetic_track_0,0.2600494878067443,42.66485360506032
38.94463,375,3625.059964,synthetic_track_0,0.2678499405251473,43.944629912603695
40.084579,399,3625.559948,synthetic_track_0,0.2747981206715154,45.084578663384086
44.942102,423,3627.348185,synthetic_track_0,0.304405546006777,49.942102045589074
41.364141,395,3627.853063,synthetic_track_0,0.2825972694721038,46.3641410444816
45.760405,405,3628.400645,synthetic_track_0,0.30939324139594504,50.76040511320992
45.931286,680,3629.279788,synthetic_track_0,0.31043478676137076,50.931285590282585
41.127015,391,3631.023846,synthetic_track_0,0.2811519491584039,46.12701548766354
32.891983,578,3631.806443,synthetic_track_0,0.2309580352974816,37.89198297595667
42.38957,393,3632.329647,synthetic_track_0,0.2888474343998899,47.38957037295483
47.501,427,3632.97413,synthetic_track_0,0.3200024591256101,52.500999663570084
41.999029,408,3633.552695,synthetic_track_0,0.2864670172943544,46.99902875649863
45.070442,425,3635.446513,synthetic_track_0,0.305187797925002,50.07044170837722
41.5004,397,3636.001925,synthetic_track_0,0.2834277938206975,46.50040049281599
38.054758,368,3636.542913,synthetic_track_0,0.2624260217858621,43.054758138853764
28.827449,318,3636.946477,synthetic_track_0,0.2061840139788997,33.82744894560536
46.628187,436,3637.585695,synthetic_track_0,0.3146825170394529,51.62818675319829
39.474662,373,3639.394698,synthetic_track_0,0.27108057558367565,44.4746619960582
30.733759,328,3639.900021,synthetic_track_0,0.21780329863676776,35.73375948328221
40.900008,402,3640.447832,synthetic_track_0,0.2797683024405231,45.90000837006684
43.500812,405,3640.923934,synthetic_track_0,0.2956206418012793,48.50081233176131
38.889185,382,3641.393945,synthetic_track_0,0.2675119920554673,43.88918461214739
37.038581,358,3643.054099,synthetic_track_0,0.25623225269441374,42.03858135735373
45.574434,420,3643.589955,synthetic_track_0,0.3082597189910616,50.57443448173401
48.074892,727,3644.497621,synthetic_track_0,0.3235004317812891,53.07489231964775
37.275896,370,3645.008466,synthetic_track_0,0.257678724426578,42.27589582090887
30.650947,330,3645.51394,synthetic_track_0,0.21729854493429304,35.650947388537
44.288211,423,3647.469947,synthetic_track_0,0.30041997019124256,49.28821108761875
46.914337,527,3648.161572,synthetic_track_0,0.316426653622349,51.91433741092154
33.379727,352,3648.623945,synthetic_track_0,0.2339309173492271,38.3797269765028
32.143317,337,3649.11962,synthetic_track_0,0.22639479076395366,37.14331716765581
38.269285,382,3649.639672,synthetic_track_0,0.2637335976630912,43.26928474242449
47.095799,492,3651.500938,synthetic_track_0,0.3175326901560579,52.09579859044752
38.746152,376,3651.991946,synthetic_track_0,0.26664018370197573,43.746151929841055
47.028102,442,3652.636773,synthetic_track_0,0.31712006696969086,52.0281018301544
42.412046,404,3653.175893,synthetic_track_0,0.2889844252235395,47.41204568519459
33.290143,335,3653.725639,synthetic_track_0,0.2333848862037032,38.29014272435118
45.928916,419,3655.611003,synthetic_track_0,0.31042034316092604,50.92891591017399
28.808691,316,3656.120603,synthetic_track_0,0.20606968208400733,33.80869115608186
44.257315,417,3656.681238,synthetic_track_0,0.3002316520649054,49.25731479415123
38.82831,391,3657.22479,synthetic_track_0,0.2671409513503581,43.82831005516012
41.993313,390,3657.780068,synthetic_track_0,0.28643217879342836,46.993313000031016
32.240056,345,3659.601012,synthetic_track_0,0.2269844294394078,37.24005586143408
38.732431,387,3660.192467,synthetic_track_0,0.2665565501188742,43.73243063929137
48.535406,632,3661.100892,synthetic_track_0,0.32630733742627016,53.53540550671978
43.971028,413,3661.628568,synthetic_track_0,0.2984866859199269,48.97102803485324
40.665811,380,3662.212988,synthetic_track_0,0.27834082912894725,45.665810870286435
49.000842,725,3664.36566,synthetic_track_0,0.3291442503911754,54.00084182562508
47.73772,416,3664.96401,synthetic_track_0,0.3214453092508575,52.73771995049282
30.891045,323,3665.402012,synthetic_track_0,0.21876198268591693,35.89104537127001
43.361011,402,3665.910343,synthetic_track_0,0.2947685281320071,48.36101084527891
40.012234,564,3667.935542,synthetic_track_0,0.27435716746107475,45.012233955733244
38.873559,379,3668.419762,synthetic_track_0,0.26741674941010346,43.87355868819085
38.311696,386,3669.077934,synthetic_track_0,0.2639920995210469,43.31169568512365
43.213125,406,3669.659931,synthetic_track_0,0.2938671388333027,48.2131249840348
38.951395,371,3670.134881,synthetic_track_0,0.2678911754228118,43.951395089828665
44.116421,415,3671.870109,synthetic_track_0,0.2993728790899888,49.116420752929244
37.742393,366,3672.496512,synthetic_track_0,0.26052210141695276,42.74239265603622
38.355377,360,3672.948491,synthetic_track_0,0.26425834389175584,43.35537689824686
17.22959,237,3673.233933,synthetic_track_0,0.13549310521432661,22.229590018497845
37.531694,385,3673.774478,synthetic_track_0,0.2592378548728506,42.53169356464773
40.883738,378,3674.315589,synthetic_track_0,0.279669129352603,45.8837376005554
37.00106,364,3676.152701,synthetic_track_0,0.25600355591366164,42.00106036566468
45.974228,420,3676.718893,synthetic_track_0,0.3106965277336597,50.97422795621199
37.514309,370,3677.217507,synthetic_track_0,0.25913189500207645,42.51430932592948
36.676989,361,3677.785639,synthetic_track_0,0.2540282863772677,41.67698902712234
46.460405,641,3678.709967,synthetic_track_0,0.31365985935146035,51.460405070895135
45.239891,413,3680.503784,synthetic_track_0,0.3062206212358349,50.23989120711772
37.955066,380,3681.050655,synthetic_track_0,0.2618183823491236,42.955066161639124
38.052417,383,3681.607879,synthetic_track_0,0.26241175216672413,43.05241700287747
47.173809,408,3682.090948,synthetic_track_0,0.3180081746183183,52.17380864593702
33.211412,339,3682.511002,synthetic_track_0,0.23290501174340725,38.21141242662973
38.343484,383,3684.181391,synthetic_track_0,0.26418585592458166,43.34348420607623
47.695979,693,3685.053025,synthetic_track_0,0.3211908912381257,52.69597902125954
54.279705,767,3686.068727,synthetic_track_0,0.3613198155446998,59.27970543159906
39.238748,386,3686.540982,synthetic_track_0,0.26964263702667013,44.23874752245115
38.336775,372,3688.208626,synthetic_track_0,0.26414496079111355,43.33677477204776
39.63204,380,3688.731032,synthetic_track_0,0.27203982024149065,44.632039859949735
15.66906,227,3689.101664,synthetic_track_0,0.12598140846634187,20.669059549043208
38.189958,380,3689.624298,synthetic_track_0,0.2632500849262314,43.18995753317563
37.591847,370,3690.120698,synthetic_track_0,0.25960449748123066,42.591846550696054
42.146827,410,3691.753983,synthetic_track_0,0.28736787227253263,47.146826954785894
45.334414,652,3692.687888,synthetic_track_0,0.3067967559206314,50.334414377268736
37.292876,366,3693.157608,synthetic_track_0,0.2577822210356195,42.29287592615967
38.055328,371,3693.633763,synthetic_track_0,0.262429496848505,43.05532827279318
42.687455,403,3694.169961,synthetic_track_0,0.29066308957018666,47.6874546821735
38.124611,367,3695.788392,synthetic_track_0,0.2628517874352514,43.12461110897289
38.816942,373,3696.234095,synthetic_track_0,0.2670716630149915,43.81694230854433
39.32386,382,3696.712891,synthetic_track_0,0.27016141274113953,44.32386012966438
44.028603,413,3697.158885,synthetic_track_0,0.2988376151419669,49.02860301417872
41.41253,401,3697.687822,synthetic_track_0,0.28289220761663186,46.41252988333288
31.581208,344,3698.08347,synthetic_track_0,0.22296863867033903,36.58120770635447
39.777122,395,3699.834739,synthetic_track_0,0.27292412191386073,44.77712225066153
40.041887,384,3700.334807,synthetic_track_0,0.2745379104428373,45.04188743793034
43.59208,418,3700.903342,synthetic_track_0,0.29617693287542946,48.592079872568995
39.822711,386,3701.399629,synthetic_track_0,0.27320199319254845,44.822711025037705
37.741835,379,3701.884374,synthetic_track_0,0.2605187027768164,42.74183506030666
38.538932,377,3703.571858,synthetic_track_0,0.26537714466892665,43.538932235247536
33.146644,340,3704.030067,synthetic_track_0,0.2325102360543821,38.14664380462186
38.189965,367,3704.504733,synthetic_track_0,0.2632501292187438,43.18996479999847
41.190665,384,3705.046751,synthetic_track_0,0.2815399047200841,46.19066516982195
39.519231,386,3705.639998,synthetic_track_0,0.2713522326712231,44.51923124312245
31.721133,331,3707.373048,synthetic_track_0,0.2238215094523382,36.72113340805425
49.528548,441,3708.023844,synthetic_track_0,0.33236071072698736,54.52854834222427
48.431192,638,3708.890997,synthetic_track_0,0.3256721392144663,53.43119211662479
48.286603,413,3709.435956,synthetic_track_0,0.32479084650157963,53.28660338893439
43.322687,420,3710.046703,synthetic_track_0,0.2945349362064949,48.32268673478227
39.977526,374,3711.815534,synthetic_track_0,0.27414561735633913,44.97752612252502
47.856451,410,3712.350993,synthetic_track_0,0.3221689958703287,52.85645113483811
30.395839,326,3712.776439,synthetic_track_0,0.21574361327655894,35.395838516365714
38.638542,376,3713.275529,synthetic_track_0,0.2659842857579879,43.638542451367876
45.677384,407,3713.826582,synthetic_track_0,0.308887211853638,50.67738369861513
40.983138,399,3715.55178,synthetic_track_0,0.28027499034758696,45.98313779885618
44.228581,418,3716.106521,synthetic_track_0,0.3000565158224289,49.22858117806446
47.409574,414,3716.685854,synthetic_track_0,0.3194452032524261,52.40957383362334
39.096544,369,3717.199025,synthetic_track_0,0.26877588283903003,44.09654404864651
39.423393,380,3717.770974,synthetic_track_0,0.27076808099723454,44.423392770745245
31.645042,326,3719.621095,synthetic_track_0,0.2233577182044446,36.64504179233304
44.331497,393,3720.188745,synthetic_track_0,0.3006838065570797,49.3314972329562
24.111088,285,3720.611917,synthetic_track_0,0.1774369971964558,29.11108794466909
29.748713,312,3721.088522,synthetic_track_0,0.21179927276283997,34.74871280192713
33.598721,350,3721.679873,synthetic_track_0,0.23526572109184607,38.59872070246871
23.590468,278,3722.043943,synthetic_track_0,0.17426372924114,28.59046775846903
37.690288,368,3722.495612,synthetic_track_0,0.26020451577941794,42.69028817066779
36.923927,365,3724.120836,synthetic_track_0,0.2555334162389065,41.92392719933341
30.670149,327,3724.526467,synthetic_track_0,0.21741558374373152,35.67014928627161
39.488874,374,3724.96552,synthetic_track_0,0.27116719937338074,44.488873872949995
47.454492,436,3725.52003,synthetic_track_0,0.3197189879124557,52.454492139511935
41.954802,400,3726.072916,synthetic_track_0,0.28619744532086927,46.954801602345114
38.302289,372,3727.690015,synthetic_track_0,0.2639347618012746,43.30228860864461
46.289277,413,3728.469056,synthetic_track_0,0.31261680639609996,51.28927725203995
38.406309,375,3729.118574,synthetic_track_0,0.26456878293922165,43.4063088828669
24.12826,285,3729.539088,synthetic_track_0,0.17754166198310709,29.12825970623549
34.407953,346,3730.068326,synthetic_track_0,0.24019813027021955,39.40795327312445
43.972765,409,3730.657005,synthetic_track_0,0.29849727015637645,48.97276453086579
40.162653,378,3732.880696,synthetic_track_0,0.2752739966731724,45.16265295653535
32.749502,330,3733.463812,synthetic_track_0,0.23008958761206003,37.74950165951701
37.066809,388,3734.088226,synthetic_track_0,0.2564043036423356,42.06680878655425
45.792708,418,3734.762943,synthetic_track_0,0.30959013492689935,50.79270832497472
41.151567,383,3735.457017,synthetic_track_0,0.28130159759042167,46.15156746235925
48.23178,699,3737.961011,synthetic_track_0,0.32445668871358657,53.23178000425497
31.30228,326,3738.460902,synthetic_track_0,0.2212685250999191,36.302279656137166
37.04657,362,3739.008181,synthetic_track_0,0.25628094770715865,42.046570473608405
39.783222,384,3739.650779,synthetic_track_0,0.2729613015549385,44.783222104797176
43.811484,411,3740.476639,synthetic_track_0,0.2975142396241919,48.811484252643794
40.679375,397,3742.521111,synthetic_track_0,0.2784235067103134,45.67937531502024
40.756555,381,3743.185502,synthetic_track_0,0.27889392833101995,45.75655473863447
47.284827,667,3744.331119,synthetic_track_0,0.31868484938269986,52.28482686021643
30.74481,334,3744.853634,synthetic_track_0,0.21787065486160168,35.74481023941392
30.399085,316,3745.340919,synthetic_track_0,0.2157633985562698,35.399084575681265
40.230618,374,3747.228459,synthetic_track_0,0.27568825770529615,45.23061842894949
39.26706,367,3747.722962,synthetic_track_0,0.2698152087968744,44.267060400027745
41.548397,390,3748.273901,synthetic_track_0,0.2837203384558353,46.548396642073456
47.448643,540,3749.279963,synthetic_track_0,0.3196833383751022,52.448643320869365
41.46388,385,3749.896957,synthetic_track_0,0.2832051929096422,46.46387961610661
36.783551,360,3751.872836,synthetic_track_0,0.2546778025257864,41.78355148038611
44.983533,420,3752.535475,synthetic_track_0,0.30465807661416,49.983533318865796
29.87884,323,3753.044475,synthetic_track_0,0.21259242235121087,34.8788403840276
28.91569,308,3753.554086,synthetic_track_0,0.20672186007464607,33.91569032277787
41.718773,396,3754.174027,synthetic_track_0,0.2847588114293482,46.7187730491236
45.679936,421,3756.194033,synthetic_track_0,0.30890277009647676,50.67993625181824
24.303132,283,3756.59656,synthetic_track_0,0.17860753942978644,29.303132210723195
23.676021,281,3757.0457,synthetic_track_0,0.1747851935371111,28.676021466094124
31.004448,334,3757.559765,synthetic_track_0,0.21945318820743803,36.00444756496563
24.953763,294,3758.04,synthetic_track_0,0.1825732460863879,29.95376334778682
44.089618,423,3758.698445,synthetic_track_0,0.2992095120722078,49.089618047196936
23.96054,285,3760.555736,synthetic_track_0,0.1765193804215912,28.960539732883188
24.635199,289,3760.995575,synthetic_track_0,0.18063154426760844,29.635199275457364
33.655407,337,3761.468871,synthetic_track_0,0.2356112322886223,38.655406776929745
37.024646,361,3761.980017,synthetic_track_0,0.2561473157440316,42.02464623068119
38.241382,381,3762.589995,synthetic_track_0,0.2635635265175371,43.241382128238605
43.423814,404,3763.165488,synthetic_track_0,0.29515132183321763,48.423813650086686
44.189618,410,3765.187828,synthetic_track_0,0.29981902887853834,49.189618033858096
45.21354,413,3765.769957,synthetic_track_0,0.30606000534721095,50.21353986363852
40.055693,403,3766.336525,synthetic_track_0,0.2746220594882264,45.05569329747196
40.701722,394,3766.906802,synthetic_track_0,0.2785597154793888,45.70172231997433
23.586549,284,3767.369772,synthetic_track_0,0.1742398440953303,28.586549057232965
40.726459,385,3767.901174,synthetic_track_0,0.27871048890688604,45.726458866336934
37.593975,366,3769.709904,synthetic_track_0,0.2596174715053162,42.593975125695174
44.208702,412,3770.272998,synthetic_track_0,0.2999353458811003,49.2087015088072
24.256486,284,3770.674775,synthetic_track_0,0.1783232223904057,29.256485916723886
24.583463,292,3771.10103,synthetic_track_0,0.1803162002020247,29.583462552163557
41.152519,376,3771.688416,synthetic_track_0,0.28130740004740823,46.152519438769474
41.383073,395,3773.543165,synthetic_track_0,0.2827126636412188,46.38307311534892
24.774437,296,3773.999939,synthetic_track_0,0.18148021872383704,29.774436509642022
39.717204,386,3774.541983,synthetic_track_0,0.2725589091021537,44.7172038432938
37.279288,367,3775.060043,synthetic_track_0,0.25769939851636414,42.279287702283376
38.224529,371,3775.621985,synthetic_track_0,0.26346080352041773,43.22452894513513
43.307433,409,3776.322026,synthetic_track_0,0.2944419599101054,48.30743263792688
33.538757,348,3778.164769,synthetic_track_0,0.23490022925509546,38.538756517034905
34.084788,344,3778.72592,synthetic_track_0,0.23822838144726274,39.084787686916314
47.646236,435,3779.345512,synthetic_track_0,0.32088769829276625,52.64623586376691
25.264334,296,3779.784436,synthetic_track_0,0.184466225129854,30.264333749013478
39.312529,400,3780.37377,synthetic_track_0,0.27009234811274485,44.312529085390466
40.732429,378,3782.264935,synthetic_track_0,0.2787468762521415,45.73242873296307
41.205417,389,3782.86714,synthetic_track_0,0.28162982223577077,46.2054174297693
40.23493,398,3783.443668,synthetic_track_0,0.27571453794723294,45.23493008010633
38.761485,367,3783.974156,synthetic_track_0,0.2667336389576152,43.761484606840774
44.289618,401,3784.553069,synthetic_track_0,0.3004285458293908,49.28961804423017
41.617583,411,3785.200997,synthetic_track_0,0.2841420403488945,46.617582894598286
16.534226,238,3786.875751,synthetic_track_0,0.1312547432294153,21.534225858635022
45.156612,415,3787.507431,synthetic_track_0,0.30571301751530483,50.15661152597529
43.172676,405,3788.086821,synthetic_track_0,0.29362059822266795,48.17267645575987
30.06044,312,3788.520019,synthetic_track_0,0.2136993045633229,35.06044030924222
33.023137,339,3789.089765,synthetic_track_0,0.23175744333305576,38.02313734621187
25.814999,298,3789.582736,synthetic_track_0,0.1878226219703973,30.81499885914316
37.346511,370,3791.593014,synthetic_track_0,0.2581091378114832,42.34651131879551
39.708756,378,3792.232146,synthetic_track_0,0.27250741710438076,44.708755841471756
45.86201,417,3792.79556,synthetic_track_0,0.31001254028933245,50.86200999175437
43.791108,409,3793.3421,synthetic_track_0,0.2973900423203731,48.79110790108755
45.228674,638,3795.512158,synthetic_track_0,0.3061522485056262,50.22867367867907
42.729288,402,3796.146461,synthetic_track_0,0.29091807082365756,47.72928801913995
43.826278,418,3796.901175,synthetic_track_0,0.29760440868707927,48.82627778252244
33.266427,350,3797.485958,synthetic_track_0,0.23324033421920443,38.266426895072
42.670228,400,3798.183305,synthetic_track_0,0.29055809049835646,47.67022807632211
44.657315,668,3800.594795,synthetic_track_0,0.3026697196904383,49.6573148064562
26.982745,314,3801.062198,synthetic_track_0,0.19494023316617043,31.982745207142397
42.029936,392,3801.66675,synthetic_track_0,0.2866553997705525,47.02993560748509
43.033748,417,3802.250768,synthetic_track_0,0.2927738061557109,48.03374805457226
40.557421,378,3802.791076,synthetic_track_0,0.2776801721822245,45.55742060906032
41.7117,420,3804.740786,synthetic_track_0,0.28471570048872835,46.711700080105906
29.327774,331,3805.194095,synthetic_track_0,0.20923357877461543,34.32777385170573
41.322915,384,3805.784221,synthetic_track_0,0.28234598824286905,46.32291474963511
37.100777,395,3806.346528,synthetic_track_0,0.25661134442071304,42.10077680000527
40.985177,405,3806.921033,synthetic_track_0,0.28028742227458525,45.985177435041905
41.855905,403,3807.51541,synthetic_track_0,0.285594651737306,46.8559046569456
44.319212,416,3809.474002,synthetic_track_0,0.30060892596592215,49.31921199645548
43.344304,414,3810.063991,synthetic_track_0,0.29466669422723296,48.34430353054485
43.35052,421,3810.713107,synthetic_track_0,0.2947045850084605,48.35052005743628
43.641954,418,3811.352762,synthetic_track_0,0.29648092491641587,48.64195413317676
44.370464,423,3813.511953,synthetic_track_0,0.30092131276596923,49.37046353786234
41.659631,410,3814.145729,synthetic_track_0,0.2843983316740516,46.65963116764161
41.111468,388,3814.796581,synthetic_track_0,0.28105718739815416,46.11146845981699
37.438987,365,3815.318861,synthetic_track_0,0.25867279029415846,42.438986604404754
46.848175,420,3815.952178,synthetic_track_0,0.31602338052659806,51.84817466729076
15.627133,231,3816.311038,synthetic_track_0,0.12572586131209007,20.627133367925534
25.861588,297,3818.188752,synthetic_track_0,0.18810658850183132,30.861587647279407
38.522876,372,3818.731144,synthetic_track_0,0.2652792779895948,43.522875800829134
15.753681,231,3819.08641,synthetic_track_0,0.12649719242495142,20.753681315736586
37.905409,362,3819.632145,synthetic_track_0,0.2615157159775618,42.90540939614126
18.54564,255,3819.9938,synthetic_track_0,0.14351465325530596,23.54564018933562
46.533338,437,3820.630168,synthetic_track_0,0.31410439595736195,51.533337686040205
38.123606,360,3822.51499,synthetic_track_0,0.2628456599770633,43.12360581144751
43.939191,418,3823.18139,synthetic_track_0,0.2982926327131132,48.93919081905971
29.992215,315,3823.760903,synthetic_track_0,0.213283458683906,34.992214819866234
42.328578,389,3824.392086,synthetic_track_0,0.2884756746424887,47.3285778451112
44.625012,434,3825.061174,synthetic_track_0,0.302472826159484,49.6250115946914
46.428102,443,3827.108473,synthetic_track_0,0.31346296565335835,51.42810183170736
53.042705,752,3828.231016,synthetic_track_0,0.35378009058813986,58.04270525825857
45.447104,432,3828.89699,synthetic_track_0,0.30748361667629276,50.44710374972054
43.552227,421,3829.546453,synthetic_track_0,0.2959340214875224,48.55222677040962
38.791715,386,3830.12406,synthetic_track_0,0.2669179010189944,43.791715444594054
48.160716,673,3832.416802,synthetic_track_0,0.32402354056240396,53.16071582868066
41.991471,407,3833.030872,synthetic_track_0,0.2864209524481919,46.99147115684927
39.171483,387,3833.603808,synthetic_track_0,0.26923264911426514,44.17148311670233
43.163702,411,3834.223931,synthetic_track_0,0.2935659002127576,48.163702461598234
46.668717,456,3836.219943,synthetic_track_0,0.3149295553010598,51.66871692826306
44.803514,452,3836.838505,synthetic_track_0,0.30356082736568063,49.803513819694835
34.773436,346,3837.370006,synthetic_track_0,0.2424258102709555,39.77343617375201
28.380476,321,3837.838206,synthetic_track_0,0.20345964006795236,33.38047627491741
43.814996,427,3838.498633,synthetic_track_0,0.2975356429628819,48.814995777775295
40.365943,411,3840.497034,synthetic_track_0,0.27651308179996503,45.3659426687539
15.541105,231,3840.857633,synthetic_track_0,0.12520150508655625,20.54110519771846
42.876543,413,3841.481613,synthetic_track_0,0.29181561743141554,47.87654343174115
19.480908,270,3841.900958,synthetic_track_0,0.14921526768735435,24.480907865705685
47.758337,456,3842.590788,synthetic_track_0,0.32157097272947077,52.758336849082994
28.730039,326,3843.059769,synthetic_track_0,0.2055902816048884,33.73003862178037
42.117376,418,3845.113191,synthetic_track_0,0.2871883641646798,47.117376071390375
42.733337,411,3845.682967,synthetic_track_0,0.2909427486749731,47.7333367751
38.732225,402,3846.30303,synthetic_track_0,0.2665552948680539,43.73222469736495
47.753106,561,3847.097574,synthetic_track_0,0.32153909146733206,52.75310627011372
33.227932,358,3847.60764,synthetic_track_0,0.23300570054422948,38.22793187061318
17.048955,244,3849.281673,synthetic_track_0,0.13439210339126123,22.048954855567253
16.370223,237,3849.583285,synthetic_track_0,0.1302551205611004,21.370223402165472
44.65891,432,3850.216732,synthetic_track_0,0.3026794427070631,49.65891000698666
16.728193,241,3850.565599,synthetic_track_0,0.13243700559743682,21.728192981123243
15.625889,232,3850.904128,synthetic_track_0,0.12571827941473013,20.62588944876369
16.357555,235,3851.278189,synthetic_track_0,0.13017790399548862,21.357554915503577
46.143513,432,3852.007152,synthetic_track_0,0.311728346794064,51.1435126932455
15.920663,237,3853.779966,synthetic_track_0,0.12751497330654277,20.92066288790332
38.227423,377,3854.343933,synthetic_track_0,0.26347844548780136,43.227423363278675
43.192454,404,3854.909759,synthetic_track_0,0.29374114289704,48.192453540992105
44.721299,442,3855.580034,synthetic_track_0,0.3030597151864291,49.72129916913814
44.555037,439,3856.205564,synthetic_track_0,0.3020463184224259,49.555036874431494
48.176452,449,3858.138557,synthetic_track_0,0.3241194527202624,53.17645159577825
15.778538,228,3858.449162,synthetic_track_0,0.12664869614808372,20.778537677587465
32.198097,355,3858.971077,synthetic_track_0,0.22672868599519755,37.198097476129384
43.438318,419,3859.601203,synthetic_track_0,0.29523972964661943,48.438318221690125
39.831398,386,3860.143091,synthetic_track_0,0.27325494006102197,44.83139771929471
42.58819,417,3860.717885,synthetic_track_0,0.29005805745071045,47.58819047280504
43.903312,412,3862.666619,synthetic_track_0,0.2980739445228526,48.90331188039571
17.642475,253,3863.007315,synthetic_track_0,0.13800970959067982,22.64247511281019
46.398293,543,3863.76672,synthetic_track_0,0.3132812733747502,51.398292603727846
43.645281,417,3864.408535,synthetic_track_0,0.2965012010444827,48.64528072321523
39.914536,390,3864.958825,synthetic_track_0,0.2737616839854048,44.914536338529814
30.509625,338,3866.760939,synthetic_track_0,0.21643716073889901,35.50962493909034
42.259237,402,3867.314948,synthetic_track_0,0.28805302796956217,47.25923658787912
44.485557,436,3868.142817,synthetic_track_0,0.30162282573815646,49.485556816887225
32.207153,331,3868.639171,synthetic_track_0,0.2267838801067469,37.20715286289048
47.663495,442,3869.266832,synthetic_track_0,0.3209928977742884,52.66349534970678
31.140857,324,3871.023083,synthetic_track_0,0.22028462792039358,36.1408571919711
46.106264,419,3871.613106,synthetic_track_0,0.3115013071884673,51.10626358494295
34.399429,368,3872.135712,synthetic_track_0,0.24014617039408664,39.39942850913724
39.889477,384,3872.712095,synthetic_track_0,0.27360894547752657,44.88947739250596
36.979483,373,3873.30842,synthetic_track_0,0.2558720392217097,41.97948316335571
15.911474,235,3873.646469,synthetic_track_0,0.1274589657140199,20.91147403790437
32.230404,345,3875.472071,synthetic_track_0,0.22692559938525986,37.23040394606609
28.467436,327,3875.968294,synthetic_track_0,0.20398967585227412,33.46743625832002
46.585541,428,3876.61562,synthetic_track_0,0.3144225854013154,51.58554123452417
16.053978,241,3877.024087,synthetic_track_0,0.12832754981954594,21.053977736021594
43.533894,421,3877.70279,synthetic_track_0,0.29582227867635424,48.533893757258475
43.089553,403,3878.350162,synthetic_track_0,0.2931139447766977,48.089552680807905
40.588526,381,3880.153811,synthetic_track_0,0.27786976391034657,45.58852585519358
41.783442,411,3880.800985,synthetic_track_0,0.2851529808354747,46.7834422017138
46.167632,420,3881.44415,synthetic_track_0,0.31187535511084563,51.16763151911634
40.379108,406,3882.083737,synthetic_track_0,0.27659332679450677,45.37910801267954
44.957315,431,3882.830055,synthetic_track_0,0.30449827040428445,49.9573148148148
31.576337,338,3884.821841,synthetic_track_0,0.22293894827901295,36.576336571209815
49.472761,448,3885.417126,synthetic_track_0,0.33202067980664124,54.47276138582564
29.258777,326,3885.876344,synthetic_track_0,0.20881303125389272,34.25877699054313
30.581845,338,3886.344193,synthetic_track_0,0.21687735241710285,35.58184470643973
40.779213,399,3887.006422,synthetic_track_0,0.27903203602710863,45.77921328983967
41.769011,399,3889.071279,synthetic_track_0,0.28506501881682017,46.769010769141666
17.26361,247,3889.541111,synthetic_track_0,0.13570046243323497,22.26360994856305
47.640222,451,3890.232908,synthetic_track_0,0.3208510452462251,52.64022240502855
31.575146,343,3890.804976,synthetic_track_0,0.22293169166099375,36.575146018795856
43.484003,414,3891.500023,synthetic_track_0,0.29551818383028944,48.484002630001
42.460896,411,3893.525704,synthetic_track_0,0.2892821785355599,47.46089639270766
44.419721,412,3894.210093,synthetic_track_0,0.3012215465057976,49.419721195184074
43.292098,415,3895.044071,synthetic_track_0,0.2943484922485578,48.29209792555975
45.79046,444,3895.920443,synthetic_track_0,0.3095764314564875,50.790460073828626
45.267659,429,3896.628122,synthetic_track_0,0.30638987254348077,50.26765931511932
39.445681,397,3898.713007,synthetic_track_0,0.27090393063641216,44.44568085528137
42.48578,402,3899.298784,synthetic_track_0,0.28943384560804514,47.48577955436611
45.939901,437,3899.963161,synthetic_track_0,0.31048729891477916,50.93990096328928
45.950954,421,3900.611064,synthetic_track_0,0.31055466899933304,50.95095399330712
38.582921,376,3901.241978,synthetic_track_0,0.26564526648768816,43.58292147068984
29.659557,330,3901.79656,synthetic_track_0,0.21125585525358864,34.65955735434607
30.633421,339,3903.649019,synthetic_track_0,0.21719172084340457,35.63342136209607
31.363074,337,3904.131101,synthetic_track_0,0.22163907849473674,36.3630742628718
42.721176,413,3904.723164,synthetic_track_0,0.2908686236978229,47.72117550793018
43.415072,407,3905.353902,synthetic_track_0,0.2950980416606115,48.415072272499415
18.282295,256,3905.735765,synthetic_track_0,0.14190952234512474,23.282295408780886
34.190402,362,3907.588931,synthetic_track_0,0.2388721201907219,39.190402273898314
42.602769,403,3908.148417,synthetic_track_0,0.2901469179913415,47.602769320813024
41.656402,395,3908.735868,synthetic_track_0,0.28437864831312337,46.65640182956622
11.0094,195,3909.045972,synthetic_track_0,0.0975799988746723,16.009400371762133
31.615287,338,3909.598363,synthetic_track_0,0.2231763600102702,36.61528737570339
43.743758,410,3910.237574,synthetic_track_0,0.29710143474079725,48.74375768234355
30.120518,331,3912.145572,synthetic_track_0,0.21406548918506424,35.12051815600433
35.947958,367,3912.758269,synthetic_track_0,0.2495847216730549,40.94795841380022
43.60588,417,3913.642032,synthetic_track_0,0.2962610465621308,48.60587993101004
43.960083,426,3914.636642,synthetic_track_0,0.29841997586027197,48.96008329140011
43.203555,407,3915.452049,synthetic_track_0,0.29380880990513253,48.20355528558122
43.161433,409,3917.703988,synthetic_track_0,0.2935520660631382,48.161432770651174
38.331624,389,3918.307072,synthetic_track_0,0.264113568936949,43.33162448748609
42.349339,417,3919.255596,synthetic_track_0,0.2886022157467937,47.34933873080156
44.759025,421,3920.193985,synthetic_track_0,0.3032896589269754,49.7590247424917
41.583264,417,3921.05584,synthetic_track_0,0.2839328616337164,46.5832641219076
41.977838,407,3923.33099,synthetic_track_0,0.2863378542152124,46.97783769817642
30.849532,341,3923.996672,synthetic_track_0,0.2185089486483805,35.849531503045775
43.030861,414,3924.780011,synthetic_track_0,0.29275620642236305,48.03086056552889
39.104617,369,3925.432826,synthetic_track_0,0.26882508962094104,44.104617127983495
46.259236,452,3926.251173,synthetic_track_0,0.3124336992313741,51.2592358916706
46.668653,691,3928.94015,synthetic_track_0,0.3149291633374525,51.668652621003446
41.353081,406,3929.682682,synthetic_track_0,0.28252985600426694,46.35308089681307
43.553032,411,3930.366511,synthetic_track_0,0.2959389317870701,48.55303237557779
32.849644,351,3930.970865,synthetic_track_0,0.23069996920731337,37.84964352722205
34.621801,364,3931.569103,synthetic_track_0,0.24150156726339542,39.62180083331882
34.384051,359,3933.608149,synthetic_track_0,0.24005243990953354,39.38405067688109
43.889618,419,3934.206621,synthetic_track_0,0.2979904782686223,48.88961804255072
43.019274,413,3934.800618,synthetic_track_0,0.29268558151235036,48.01927353464498
46.776469,410,3935.41203,synthetic_track_0,0.3155863196789151,51.77646855765691
46.260405,440,3936.061122,synthetic_track_0,0.31244082565920983,51.26040508451502
31.401366,346,3937.81995,synthetic_track_0,0.22187247401353902,36.40136615002666
47.515463,717,3938.863186,synthetic_track_0,0.320090613142787,52.515462596257514
39.174908,369,3939.371014,synthetic_track_0,0.2692535256319839,44.1749082092867
33.658857,357,3939.894222,synthetic_track_0,0.2356322640532629,38.65885734000147
38.03599,371,3940.425513,synthetic_track_0,0.2623116271241602,43.03599005153363
35.221291,355,3942.168964,synthetic_track_0,0.2451555638692686,40.22129145942158
39.500903,381,3942.716536,synthetic_track_0,0.271240520290234,44.50090322247925
39.986063,405,3943.296721,synthetic_track_0,0.27419765185355527,44.98606312917273
37.625533,372,3943.890782,synthetic_track_0,0.25980982403438496,42.625533320877544
33.066141,335,3944.348325,synthetic_track_0,0.23201956078355576,38.066141478799224
47.400045,440,3946.31395,synthetic_track_0,0.3193871225965916,52.40004486781239
17.740673,254,3946.64401,synthetic_track_0,0.13860823948850146,22.740672539323825
28.299,325,3947.099975,synthetic_track_0,0.2029630309859996,33.29900042215125
41.536064,412,3947.674855,synthetic_track_0,0.2836451670858828,46.53606369913492
28.988662,332,3948.134042,synthetic_track_0,0.20716663579601052,33.98866216824907
42.102458,388,3948.701232,synthetic_track_0,0.2870974363455899,47.10245805665857
23.207675,284,3950.405659,synthetic_track_0,0.1719305423903694,28.207674943682346
43.418779,411,3950.963807,synthetic_track_0,0.2951206356725266,48.41877914467533
41.735036,384,3951.504024,synthetic_track_0,0.284857936943251,46.73503601343419
38.775835,369,3952.021874,synthetic_track_0,0.26682110775790535,43.77583511985606
46.660405,435,3952.635635,synthetic_track_0,0.31487889325897594,51.660405092592576
18.324195,256,3952.991762,synthetic_track_0,0.14216490531544704,23.32419465316672
42.434545,413,3954.858013,synthetic_track_0,0.2891215641931773,47.43454530291156
40.290739,373,3955.406379,synthetic_track_0,0.276054704208817,45.290739241178976
35.837197,358,3955.897817,synthetic_track_0,0.24890961330875758,40.83719718995308
9.982617,185,3956.191183,synthetic_track_0,0.09132158158257667,14.982617124393963
46.360405,637,3957.09575,synthetic_track_0,0.31305034254512987,51.36040508423398
38.169136,372,3958.954247,synthetic_track_0,0.263123175394429,43.169136201662525
16.124267,240,3959.308393,synthetic_track_0,0.12875597493326862,21.1242670294629
33.765431,380,3959.903137,synthetic_track_0,0.23628185048295347,38.76543132390094
21.048156,282,3960.339007,synthetic_track_0,0.15876791182410935,26.048156342421663
29.128416,325,3960.860154,synthetic_track_0,0.2080184599029429,34.128416147870595
45.960405,440,3961.497209,synthetic_track_0,0.31061227491959686,50.960405071929
41.430389,396,3963.361925,synthetic_track_0,0.28300106038771544,46.43038874389806
42.456159,427,3963.974178,synthetic_track_0,0.2892533042797407,47.4561591563152
30.625009,329,3964.442953,synthetic_track_0,0.21714044522033643,35.62500885965217
39.12103,386,3965.02559,synthetic_track_0,0.26892513091952785,44.121030339925056
36.260145,365,3965.543976,synthetic_track_0,0.2514875527070807,41.26014517558384
41.469187,422,3967.438803,synthetic_track_0,0.2832375448250335,46.469187412502045
31.236363,337,3967.893191,synthetic_track_0,0.2208667509085926,36.23636282930621
42.597813,419,3968.466075,synthetic_track_0,0.29011670747423307,47.597812851563134
47.395799,442,3969.066748,synthetic_track_0,0.31936124089567075,52.395798603033526
16.259174,240,3969.382604,synthetic_track_0,0.1295782583074061,21.259174427571377
42.008184,404,3969.964217,synthetic_track_0,0.2865228198425366,47.008183966028405
43.083329,416,3971.888567,synthetic_track_0,0.29307601258374905,48.08332935972882
16.557163,242,3972.240119,synthetic_track_0,0.13139455198661498,21.557163493348085
16.19212,240,3972.563053,synthetic_track_0,0.1291695498758632,21.192119939035372
18.50969,259,3972.955301,synthetic_track_0,0.14329552916726468,23.509689735379833
37.241216,397,3973.49199,synthetic_track_0,0.25746734401931315,42.24121582900811
21.664398,280,3973.878457,synthetic_track_0,0.16252400863239477,26.664397973210892
42.250469,406,3975.744012,synthetic_track_0,0.28799958825914895,47.250469035823144
44.568358,428,3976.364051,synthetic_track_0,0.3021275106732211,49.56835762935109
40.98257,393,3976.912144,synthetic_track_0,0.2802715313232563,45.98257029623223
31.540658,341,3977.38976,synthetic_track_0,0.22272148020828686,36.54065781068021
44.998428,411,3977.967422,synthetic_track_0,0.3047488649756255,49.99842845357126
23.804797,278,3978.34887,synthetic_track_0,0.17557010202016624,28.804796976499293
43.491767,415,3980.244171,synthetic_track_0,0.29556551125199987,48.49176737330355
32.678801,363,3980.783358,synthetic_track_0,0.22965865384372575,37.67880078525448
29.465663,321,3981.268548,synthetic_track_0,0.21007403848848724,34.465663339417155
48.083539,453,3981.962984,synthetic_track_0,0.3235531366994164,53.08353931847528
29.755119,331,3982.414645,synthetic_track_0,0.21183831952297183,34.755118983761314
33.743683,352,3984.2201,synthetic_track_0,0.23614928915633873,38.74368273427129
43.489618,412,3984.808048,synthetic_track_0,0.295552410923023,48.48961807617288
36.930333,383,3985.394083,synthetic_track_0,0.255572459897704,41.930332872349155
44.842505,438,3986.035612,synthetic_track_0,0.3037984878859141,49.84250544159335
40.768213,375,3986.585809,synthetic_track_0,0.2789649895859505,45.76821335816944
46.243488,427,3988.478895,synthetic_track_0,0.3123377159280604,51.243488452139204
33.873469,355,3988.961047,synthetic_track_0,0.23694035606083036,38.873468622167465
32.8517,354,3989.447916,synthetic_track_0,0.2307125030104602,37.85169987765321
39.759859,391,3990.016832,synthetic_track_0,0.2728189019250647,44.759859400208825
39.490016,378,3990.544897,synthetic_track_0,0.2711741612615485,44.49001607069857
44.923571,422,3991.173025,synthetic_track_0,0.3042925937134031,49.923570599510114
23.260475,292,3992.980008,synthetic_track_0,0.17225236818961234,28.260475088481073
23.207369,287,3993.448385,synthetic_track_0,0.17192867668153092,28.207368847349933
45.899784,420,3994.251303,synthetic_track_0,0.3102427794325027,50.8997840301513
23.639905,288,3994.762985,synthetic_track_0,0.17456505516501283,28.639904604270466
41.60922,397,3995.494147,synthetic_track_0,0.2840910648437074,46.609219630803395
14.022725,223,3995.901066,synthetic_track_0,0.1159467238903633,19.022725414652424
31.100289,351,3997.917753,synthetic_track_0,0.2200373599611349,36.100289331707394
40.95022,393,3998.490109,synthetic_track_0,0.2800743506302566,45.95021997140934
16.026799,239,3998.868769,synthetic_track_0,0.12816189119550386,21.026799059367463
44.809983,422,3999.554924,synthetic_track_0,0.30360026082693475,49.80998344540238
40.716483,400,4000.154182,synthetic_track_0,0.27864968718750827,45.71648347096866
37.814459,384,4000.712901,synthetic_track_0,0.26096135511414814,42.81445853412881
43.504005,401,4002.695764,synthetic_track_0,0.29564009938469765,48.50400462779333
49.790513,725,4003.790858,synthetic_track_0,0.3339574311960053,54.79051326910573
22.282807,285,4004.194622,synthetic_track_0,0.16629331503381106,27.282806827484638
40.811207,388,4004.714628,synthetic_track_0,0.27922704259547576,45.811206918289315
17.196667,246,4005.071796,synthetic_track_0,0.1352924317834388,22.19666665985768
34.823339,357,4006.876731,synthetic_track_0,0.24272997794835918,39.82333925003672
15.824226,238,4007.190288,synthetic_track_0,0.12692717615704113,20.824226322907673
41.040961,396,4007.756633,synthetic_track_0,0.2806274323451991,46.040960970742496
12.015179,209,4008.039794,synthetic_track_0,0.10371038697778762,17.01517859177536
12.97112,214,4008.314722,synthetic_track_0,0.1095370136922926,17.971120393016015
39.958188,390,4008.902028,synthetic_track_0,0.2740277502583049,44.95818833214944
31.747535,343,4009.431133,synthetic_track_0,0.22398243075495927,36.74753485908639
41.602999,401,4011.262188,synthetic_track_0,0.2840531487813294,46.60299895617612
17.768699,252,4011.601302,synthetic_track_0,0.13877906393954964,22.768698744095865
41.338463,402,4012.146729,synthetic_track_0,0.28244075519378625,46.338462629085214
42.448411,404,4012.73585,synthetic_track_0,0.28920607968837736,47.44841128380805
23.177625,290,4013.158417,synthetic_track_0,0.17174738515831822,28.177625369049153
41.090968,397,4015.072287,synthetic_track_0,0.280932234059364,46.090968069864644
40.162078,389,4015.615965,synthetic_track_0,0.27527049280591964,45.162078096785955
40.738136,409,4016.161288,synthetic_track_0,0.27878166174586116,45.73813579283712
30.183225,338,4016.61291,synthetic_track_0,0.21444769593815186,35.183224663542106
26.751301,309,4017.068389,synthetic_track_0,0.19352954250106325,31.75130114156688
36.249598,366,4017.710192,synthetic_track_0,0.2514232632773346,41.249597571235135
40.077432,408,4019.646439,synthetic_track_0,0.2747545618389304,45.07743221125638
45.505339,403,4020.242913,synthetic_track_0,0.3078385721589403,50.505339294928476
23.066612,293,4020.728319,synthetic_track_0,0.17107074157307836,28.06661227015578
30.496148,332,4021.207264,synthetic_track_0,0.21635501916715263,35.49614843443345
39.899355,390,4021.832861,synthetic_track_0,0.2736691481278992,44.899354501999426
38.370522,389,4022.377451,synthetic_track_0,0.26435065414134473,43.37052172055808
34.331596,370,4024.181409,synthetic_track_0,0.23973272045259908,39.33159610779178
31.899116,340,4024.692122,synthetic_track_0,0.22490634248103464,36.899115848033766
38.522725,392,4025.300903,synthetic_track_0,0.2652783611425679,43.52272537890556
47.986945,450,4026.135713,synthetic_track_0,0.3229643807854745,52.98694545440234
43.228625,406,4026.741894,synthetic_track_0,0.29396161243686497,48.228624735637936
16.399041,242,4028.34561,synthetic_track_0,0.13043076919999197,21.39904108424376
16.047344,238,4028.681203,synthetic_track_0,0.1282871170841043,21.04734416503086
39.405392,386,4029.237649,synthetic_track_0,0.27065836307506486,44.405391969718096
33.5149,371,4029.746451,synthetic_track_0,0.2347548173410956,38.51489960396978
45.179874,416,4030.337909,synthetic_track_0,0.30585480618731786,50.17987399415131
23.618047,290,4030.750663,synthetic_track_0,0.17443182967431825,28.61804704898402
43.776001,427,4032.685843,synthetic_track_0,0.2972979659235959,48.776001445688955
29.572938,326,4033.148874,synthetic_track_0,0.21072789738482142,34.5729382828356
37.089488,382,4033.652912,synthetic_track_0,0.2565425367048366,42.08948790592006
31.298072,326,4034.096499,synthetic_track_0,0.22124287918225255,36.29807207498775
22.619351,283,4034.478142,synthetic_track_0,0.16834460653477365,27.619350661229515
37.597513,373,4035.034296,synthetic_track_0,0.2596390377653205,42.597513380408344
40.882551,393,4036.86419,synthetic_track_0,0.2796618941106351,45.88255055518968
32.069579,338,4037.367508,synthetic_track_0,0.22594534373399094,37.069578926914346
16.276075,240,4037.697459,synthetic_track_0,0.12968126850609646,21.276074730217687
16.136575,239,4038.011913,synthetic_track_0,0.12883099264333767,21.13657476229051
16.910782,246,4038.332852,synthetic_track_0,0.133549918275221,21.910782290847877
40.684909,399,4038.871227,synthetic_track_0,0.2784572366736206,45.68490919996938
40.076332,386,4040.832951,synthetic_track_0,0.274747852982527,45.076331527003084
41.373256,398,4041.366434,synthetic_track_0,0.2826528238623938,46.37325554014484
17.598852,250,4041.755763,synthetic_track_0,0.1377438211361701,22.598852292851536
36.617162,389,4042.32266,synthetic_track_0,0.2536636313862684,41.61716213825378
15.924335,236,4042.634176,synthetic_track_0,0.1275373577833027,20.92433538282743
16.077987,239,4042.97195,synthetic_track_0,0.12847388869046458,21.077986729683268
43.185956,418,4043.63994,synthetic_track_0,0.2937015411563636,48.185956306628306
38.597996,381,4045.625639,synthetic_track_0,0.26573714958314215,43.59799621222995
41.949777,383,4046.292057,synthetic_track_0,0.28616681862264665,46.949776852605765
40.624993,397,4046.853336,synthetic_track_0,0.27809203688949385,45.62499292996331
38.960243,381,4047.378926,synthetic_track_0,0.26794510399858634,43.960242847268816
16.92326,243,4047.720971,synthetic_track_0,0.1336259697707076,21.923259631021658
16.499786,241,4048.066381,synthetic_track_0,0.13104482350699645,21.499785513063294
36.77981,368,4049.937701,synthetic_track_0,0.2546549953471901,41.77980963515441
42.40769,415,4050.540341,synthetic_track_0,0.28895787815507307,47.407690257313085
27.772578,318,4051.012227,synthetic_track_0,0.19975439455245567,32.77257752909503
22.865386,290,4051.418538,synthetic_track_0,0.1698442314983598,27.865385675847364
37.49497,370,4051.962019,synthetic_track_0,0.2590140171043569,42.49496976371041
29.830488,324,4052.409973,synthetic_track_0,0.21229770496254216,34.8304877633458
31.184892,347,4054.216805,synthetic_track_0,0.22055303010263227,36.184892425068746
35.970607,371,4054.737691,synthetic_track_0,0.24972277062375012,40.97060732697986
40.204975,390,4055.311238,synthetic_track_0,0.2755319555405285,45.204974813827576
39.182594,395,4055.865577,synthetic_track_0,0.2693003728605952,44.18259417001426
31.481749,345,4056.367465,synthetic_track_0,0.22236242251720312,36.48174923925767
53.33383,745,4058.934144,synthetic_track_0,0.3555545462741603,58.333830200327256
15.853181,235,4059.260893,synthetic_track_0,0.12710365709429988,20.85318055548753
43.717704,401,4059.972179,synthetic_track_0,0.2969426347151133,48.71770425726116
37.773896,376,4060.606464,synthetic_track_0,0.2607141177568719,42.77389569455987
30.115102,340,4061.131112,synthetic_track_0,0.21403247540218576,35.11510177074113
42.55108,409,4063.010192,synthetic_track_0,0.28983186205648814,47.551079869504
16.487812,237,4063.335867,synthetic_track_0,0.13097184558305047,21.48781243644693
15.922826,235,4063.663078,synthetic_track_0,0.12752815858002295,20.922826121399833
15.575386,226,4063.980285,synthetic_track_0,0.12541045053507427,20.57538569966311
30.132401,317,4064.455539,synthetic_track_0,0.21413791711326624,35.13240099791922
42.219146,384,4064.996584,synthetic_track_0,0.28780866727891924,47.21914570678937
15.933984,237,4065.324221,synthetic_track_0,0.12759616759641,20.933983977361976
15.610785,233,4066.988314,synthetic_track_0,0.12562621271912652,20.61078458498196
44.133644,413,4067.614726,synthetic_track_0,0.2994778598951553,49.13364436187209
16.668283,239,4067.951087,synthetic_track_0,0.1320718471880774,21.668283499242037
15.779389,235,4068.264072,synthetic_track_0,0.12665388352102508,20.779388740625524
16.027786,238,4068.641658,synthetic_track_0,0.12816790879943407,21.027786333723977
15.379959,236,4068.969194,synthetic_track_0,0.12421929077712461,20.37995883256261
16.581267,245,4069.290983,synthetic_track_0,0.1315414664698478,21.581266924477507
44.865355,415,4069.891104,synthetic_track_0,0.3039377606537157,49.86535513954716
37.176174,380,4071.774057,synthetic_track_0,0.257070901981574,42.17617381855969
16.10893,236,4072.096163,synthetic_track_0,0.12866249094639162,21.108929638691
13.247874,212,4072.410186,synthetic_track_0,0.11122387561172534,18.247874319553386
17.493906,247,4072.75566,synthetic_track_0,0.13710415684842958,22.493906178852207
33.810005,354,4073.279274,synthetic_track_0,0.23655353249231204,38.810004659746255
32.288066,335,4073.796456,synthetic_track_0,0.2272770571536751,37.28806564101602
15.383463,234,4074.171124,synthetic_track_0,0.12424064637218435,20.383462524665823
13.724125,220,4075.756507,synthetic_track_0,0.11412670264103397,18.7241247874578
16.638898,242,4076.110185,synthetic_track_0,0.13189273989199143,21.638898374773785
15.907935,234,4076.436779,synthetic_track_0,0.12743739235030185,20.907934617724916
43.246935,408,4077.004066,synthetic_track_0,0.2940732139524537,48.24693456721982
32.946538,345,4077.52175,synthetic_track_0,0.2312905592278763,37.94653830282974
15.988121,236,4077.929858,synthetic_track_0,0.1279261397048019,20.988120641183272
12.087895,218,4078.288658,synthetic_track_0,0.10415360560256766,17.087894973187076
16.111571,238,4080.002864,synthetic_track_0,0.1286785905842914,21.111571015530007
15.982617,237,4080.340145,synthetic_track_0,0.12789259546720774,20.982617227204962
30.859403,326,4080.795755,synthetic_track_0,0.21856911481412747,35.85940262671236
34.035273,359,4081.353876,synthetic_track_0,0.23792658265189567,39.03527325975433
12.151293,222,4081.669968,synthetic_track_0,0.10454002830908016,17.151293168438585
11.637424,217,4082.006594,synthetic_track_0,0.10140790798645727,16.637423842391506
37.164837,377,4082.57847,synthetic_track_0,0.25700179994830336,42.16483663747862
29.069265,315,4084.405197,synthetic_track_0,0.20765792589789905,34.06926536593838
13.060638,212,4084.707796,synthetic_track_0,0.11008263613338669,18.060637591335645
31.580515,342,4085.246473,synthetic_track_0,0.22296441549335172,36.580514833511565
12.253531,219,4085.589927,synthetic_track_0,0.1051631822949395,17.253530530274332
12.597322,207,4085.895623,synthetic_track_0,0.10725864978965352,17.597322070300653
12.984076,212,4086.221838,synthetic_track_0,0.10961598022722778,17.984075987280487
12.740142,211,4086.654244,synthetic_track_0,0.10812916015940695,17.740141799731603
12.684669,212,4086.994035,synthetic_track_0,0.10779104102998371,17.684668500093217
13.405585,215,4087.314693,synthetic_track_0,0.11218514616863012,18.405584561288897
13.422077,211,4089.051354,synthetic_track_0,0.11228566946406533,18.42207685173643
37.185591,381,4089.640242,synthetic_track_0,0.25712830164275036,42.18559105741574
14.034944,221,4089.942026,synthetic_track_0,0.11602119691497507,19.03494378400737
38.251471,379,4090.520856,synthetic_track_0,0.26362501755072515,43.251470615438166
29.826645,328,4090.997883,synthetic_track_0,0.21227427987687114,34.8266445415834
36.977221,374,4091.578192,synthetic_track_0,0.25585824814145297,41.97722053855621
40.392413,392,4093.553359,synthetic_track_0,0.27667442018706073,45.39241254848476
13.362585,217,4093.898348,synthetic_track_0,0.11192305801354968,18.362585235035898
13.158446,211,4094.177644,synthetic_track_0,0.11067879262641553,18.15844562670345
15.1393,223,4094.461184,synthetic_track_0,0.12275243489685864,20.139300056730765
30.732593,334,4094.91652,synthetic_track_0,0.21779618623079172,35.73259259092527
46.49153,428,4095.481719,synthetic_track_0,0.3138495718890401,51.49153013755514
29.606271,325,4095.996975,synthetic_track_0,0.21093106418897664,34.60627071517299
33.103997,338,4097.632116,synthetic_track_0,0.23225029787684207,38.10399721306482
46.287512,421,4098.290329,synthetic_track_0,0.3126060483028608,51.287512232323934
22.966129,285,4098.631312,synthetic_track_0,0.17045827999701915,27.966129151724452
14.981307,228,4098.952029,synthetic_track_0,0.12178943858347036,19.981306679856832
41.404199,390,4099.508173,synthetic_track_0,0.282841427521721,46.40419867940052
14.44535,221,4099.870961,synthetic_track_0,0.11852268964674396,19.445349595974804
14.315073,223,4100.25901,synthetic_track_0,0.11772863325667303,19.31507324003091
13.269306,212,4101.824278,synthetic_track_0,0.1113545050273054,18.26930595142947
12.294397,221,4102.173948,synthetic_track_0,0.10541227315481067,17.29439746356612
44.101263,413,4102.890796,synthetic_track_0,0.29928048850684097,49.10126275074384
31.169272,335,4103.549874,synthetic_track_0,0.22045782175075793,36.16927212745171
48.497893,442,4104.278661,synthetic_track_0,0.3260786921477159,53.497892964706026
13.425702,216,4104.576145,synthetic_track_0,0.11230776699442144,18.425702268981542
13.252171,213,4104.888612,synthetic_track_0,0.11125006708835639,18.252171407486873
22.563798,282,4106.714049,synthetic_track_0,0.1680060054072553,27.563798282880608
35.000732,360,4107.288714,synthetic_track_0,0.2438112138333954,40.000731526932455
13.170206,215,4107.679119,synthetic_track_0,0.11075047122348486,18.170205530083273
36.332691,375,4108.20126,synthetic_track_0,0.25192973422986,41.33269140551628
12.51518,224,4108.479213,synthetic_track_0,0.10675797731367632,17.515179559381636
13.080388,211,4108.766552,synthetic_track_0,0.11020301525653615,18.08038751551198
13.668881,213,4109.058565,synthetic_track_0,0.11378998356511098,18.66888118670531
22.514777,279,4109.453966,synthetic_track_0,0.16770721102326658,27.514776772558058
16.248111,237,4111.130099,synthetic_track_0,0.12951082641682862,21.248111257387638
46.632952,418,4111.726647,synthetic_track_0,0.3147115618810319,51.63295197663481
34.48386,345,4112.299235,synthetic_track_0,0.2406607925862581,39.48385967135982
22.360522,280,4112.672691,synthetic_track_0,0.16676700157665483,27.36052190847005
16.764714,239,4113.02413,synthetic_track_0,0.1326596048598064,21.764713587342055
41.196758,384,4113.507914,synthetic_track_0,0.2815770414689313,46.196757986871106
33.956426,342,4115.198479,synthetic_track_0,0.23744599733414506,38.95642633565729
12.440526,223,4115.48446,synthetic_track_0,0.10630295192958335,17.440526109522352
12.369126,222,4115.777768,synthetic_track_0,0.10586775670326443,17.369126081869474
22.532531,281,4116.144261,synthetic_track_0,0.16781542385180634,27.532530641357326
12.140906,222,4116.425802,synthetic_track_0,0.10447671843614742,17.140906274454633
41.499477,397,4116.988645,synthetic_track_0,0.2834221652211478,46.49947704021544
16.428586,240,4117.30777,synthetic_track_0,0.13061085273858342,21.428586375316954
16.436897,236,4117.626478,synthetic_track_0,0.1306615045688048,21.43689653558472
30.913663,338,4119.321092,synthetic_track_0,0.21889984173069355,35.91366312765605
16.464007,241,4119.646571,synthetic_track_0,0.1308267503491573,21.464007479301834
28.181407,315,4120.02577,synthetic_track_0,0.2022462767261478,33.18140659097207
28.661806,310,4120.410302,synthetic_track_0,0.2051743894940643,33.66180554747801
31.606057,341,4120.863172,synthetic_track_0,0.22312010047610373,36.60605719105913
33.815247,353,4121.391112,synthetic_track_0,0.23658548791995357,38.81524740663152
23.144523,284,4123.054115,synthetic_track_0,0.17154562153549885,28.14452314876402
24.423499,291,4123.50879,synthetic_track_0,0.1793411977321312,29.42349939286869
11.630873,221,4123.802019,synthetic_track_0,0.10136798124372526,16.630873286772438
12.396241,225,4124.067999,synthetic_track_0,0.10603302723535347,17.396241086464485
12.062367,220,4124.346427,synthetic_track_0,0.10399800575261771,17.062366582898466
11.449543,218,4124.639905,synthetic_track_0,0.10026273983427841,16.44954255880214
16.482646,239,4124.986587,synthetic_track_0,0.13094035654671038,21.48264620775352
30.003177,323,4125.401973,synthetic_track_0,0.21335027704650517,35.003177331972935
11.882505,219,4125.753118,synthetic_track_0,0.1029017186131259,16.882504931525833
22.974525,281,4127.33435,synthetic_track_0,0.170509456189313,27.974525341121698
33.393682,350,4127.794208,synthetic_track_0,0.23401597278844088,38.393681542970036
23.532669,287,4128.240131,synthetic_track_0,0.17391143341415527,28.532668567973616
15.32881,223,4128.506501,synthetic_track_0,0.12390752728762393,20.328809554203584
16.653084,241,4128.834323,synthetic_track_0,0.1319792007269275,21.653083516595178
11.361189,216,4129.132932,synthetic_track_0,0.09972421295080099,16.361189488624095
45.149582,408,4129.677449,synthetic_track_0,0.3056701727667783,50.14958222959388
16.424318,238,4131.201913,synthetic_track_0,0.13058483575608332,21.424317915651937
43.877595,407,4131.6885,synthetic_track_0,0.2979171985219305,48.87759544757778
15.884267,234,4132.061951,synthetic_track_0,0.12729313615866958,20.88426731751401
39.076723,377,4132.70724,synthetic_track_0,0.26865506817760904,44.07672266816102
12.336178,225,4133.0467,synthetic_track_0,0.10566693050171015,17.336177659007205
42.280419,397,4133.650035,synthetic_track_0,0.28818213675426785,47.280418738419215
39.040319,375,4135.643012,synthetic_track_0,0.2684331829187969,44.04031920448116
44.625012,428,4136.265847,synthetic_track_0,0.302472826159484,49.6250115946914
36.766362,368,4136.754278,synthetic_track_0,0.2545730318442572,41.766362345244005
38.664697,383,4137.380101,synthetic_track_0,0.2661437016169584,43.66469691274623
33.491814,349,4137.952148,synthetic_track_0,0.23461410580453074,38.4918138553351
24.609176,287,4138.475571,synthetic_track_0,0.18047292567969506,29.60917561784726
31.315511,335,4140.437238,synthetic_track_0,0.22134916949622718,36.31551052765924
44.740258,420,4141.223188,synthetic_track_0,0.3031752723376412,49.74025797955943
12.841357,224,4141.623258,synthetic_track_0,0.10874608364829554,17.841356959049723
30.115497,335,4142.220374,synthetic_track_0,0.21403488679015992,35.11549739357342
40.63511,383,4142.846411,synthetic_track_0,0.2781537030234955,45.635110144966355
16.281132,241,4143.257525,synthetic_track_0,0.1297120905761337,21.281131533509377
15.560846,231,4143.618651,synthetic_track_0,0.12532182949589812,20.56084614530879
43.517582,403,4145.616857,synthetic_track_0,0.29572285486075595,48.51758185227018
44.089618,413,4146.33281,synthetic_track_0,0.2992095120722078,49.08961804719694
28.046311,321,4146.833312,synthetic_track_0,0.20142284639251032,33.04631101768366
16.380765,237,4147.164189,synthetic_track_0,0.13031937299075488,21.380764936117714
23.175475,288,4147.630948,synthetic_track_0,0.17173428096707308,28.175475438257894
16.716245,244,4148.001215,synthetic_track_0,0.13236417767051425,21.716244513673
16.439645,244,4149.753364,synthetic_track_0,0.1306782557977283,21.43964481529007
15.769991,236,4150.097701,synthetic_track_0,0.1265966001524161,20.769990581235483
16.234205,238,4150.416747,synthetic_track_0,0.12942606449732988,21.23420484704552
12.253988,221,4150.698556,synthetic_track_0,0.10516597003750926,17.253987899483672
39.919188,378,4151.286984,synthetic_track_0,0.27379003529643015,44.91918777831771
36.769706,363,4151.808285,synthetic_track_0,0.25459341081765025,41.76970580853543
41.371405,384,4152.44222,synthetic_track_0,0.2826415446014623,46.37140501538328
33.437719,348,4154.293227,synthetic_track_0,0.2342843900008309,38.437719241979885
28.160678,313,4154.723996,synthetic_track_0,0.20211993235257142,33.160677981783394
43.662254,420,4155.364803,synthetic_track_0,0.2966046564661004,48.662254071077584
37.963816,370,4155.871964,synthetic_track_0,0.261871711102932,42.9638155096704
11.910442,222,4156.16647,synthetic_track_0,0.1030720001142167,16.91044205755889
42.966197,403,4156.736516,synthetic_track_0,0.2923620717578464,47.966197112798774
41.62567,402,4158.614002,synthetic_track_0,0.2841913315538697,46.62566982475154
15.537276,235,4159.000917,synthetic_track_0,0.1251781648476381,20.53727589628453
14.529592,227,4159.301505,synthetic_track_0,0.11903616376826646,19.52959240071751
43.044882,401,4159.941495,synthetic_track_0,0.2928416680130545,48.04488176697966
12.203914,223,4160.256708,synthetic_track_0,0.10486076276295654,17.203914262354772
16.089194,237,4160.552962,synthetic_track_0,0.12854220129002036,21.089194392824655
16.730719,243,4160.907239,synthetic_track_0,0.1324524015063559,21.730718901115203
15.801177,237,4162.546724,synthetic_track_0,0.12678668567579268,20.80117684157271
40.006586,383,4163.09302,synthetic_track_0,0.27432274031167414,45.006585687391684
32.080207,329,4163.554024,synthetic_track_0,0.22601012398030138,37.08020705677011
15.987864,235,4163.884266,synthetic_track_0,0.12792457652503764,20.987864179090757
38.325633,366,4164.505874,synthetic_track_0,0.264077051434948,43.325633266776386
40.306278,383,4165.12138,synthetic_track_0,0.2761494178584174,45.30627837578248
12.614384,224,4165.466445,synthetic_track_0,0.10736264440284089,17.614383880284493
22.391432,279,4167.259115,synthetic_track_0,0.16695540357536534,27.391431962405086
42.464338,411,4167.894029,synthetic_track_0,0.2893031587151256,47.464338492506926
16.15155,236,4168.227106,synthetic_track_0,0.1289222694180762,21.151550028208568
11.381174,217,4168.513995,synthetic_track_0,0.09984602250106481,16.38117409491398
13.024842,212,4168.801255,synthetic_track_0,0.10986445727399394,18.02484221571611
11.744275,217,4169.150555,synthetic_track_0,0.10205918577821008,16.74427531853058
39.700688,381,4169.706582,synthetic_track_0,0.2724582412513526,44.70068783646222
23.030793,292,4171.446732,synthetic_track_0,0.17085241605811827,28.030792833583984
37.979734,367,4172.000133,synthetic_track_0,0.2619687356984722,42.97973378814779
12.606915,222,4172.30318,synthetic_track_0,0.10731712267286021,17.60691538664563
39.42809,383,4172.871467,synthetic_track_0,0.27079671077841216,44.428089897561335
43.855999,403,4173.451115,synthetic_track_0,0.29778556505975834,48.85599908743699
13.706507,213,4173.814853,synthetic_track_0,0.11401931872308962,18.706506913347475
40.808865,397,4175.657725,synthetic_track_0,0.27921277124675586,45.80886549855026
41.370421,386,4176.276433,synthetic_track_0,0.282635545857035,46.370420835199106
40.805137,385,4176.853075,synthetic_track_0,0.2791900454583883,45.80513700655461
16.001282,235,4177.181678,synthetic_track_0,0.12800636069907528,21.001282047520167
23.575502,286,4177.570004,synthetic_track_0,0.17417250860872965,28.575501703506287
49.043401,448,4178.300134,synthetic_track_0,0.3294036561710581,54.04340106969953
22.663865,281,4180.022648,synthetic_track_0,0.16861592618360305,27.663864546625376
44.180102,408,4180.772099,synthetic_track_0,0.2997610284543507,49.180102231201204
41.086499,385,4181.363933,synthetic_track_0,0.2809049973138361,46.086499490555276
16.077498,235,4181.703304,synthetic_track_0,0.128470907831112,21.077497676891937
44.653725,415,4182.258698,synthetic_track_0,0.30264783684328306,49.65372461107371
40.765834,387,4182.861381,synthetic_track_0,0.2789504858446541,45.765833811090324
23.540312,282,4184.66332,synthetic_track_0,0.17395802203392807,28.54031210020678
24.223037,297,4185.124509,synthetic_track_0,0.17811934450229885,29.22303682085083
11.830098,218,4185.415879,synthetic_track_0,0.10258228806071563,16.8300977613733
41.732597,398,4185.994189,synthetic_track_0,0.28484306836284845,46.73259660925946
44.612287,411,4186.606837,synthetic_track_0,0.30239526455871,49.612286500055355
31.690765,330,4187.063983,synthetic_track_0,0.22363640953796118,36.690765108482466
23.716065,285,4187.539732,synthetic_track_0,0.17502926271450317,28.716064520248022
13.72498,214,4189.070083,synthetic_track_0,0.11413191800870007,18.724980443432543
43.789618,431,4189.745969,synthetic_track_0,0.2973809614500932,48.78961805388821
39.128538,380,4190.250988,synthetic_track_0,0.2689708916252618,44.12853804096869
43.146404,421,4190.913144,synthetic_track_0,0.2934604634151752,48.14640404055007
40.241031,376,4191.428167,synthetic_track_0,0.27575172651597896,45.241031398954185
16.299733,239,4191.790061,synthetic_track_0,0.12982546707334644,21.299732576321013
37.976388,365,4193.635805,synthetic_track_0,0.2619483453887808,42.9763884649738
44.725012,416,4194.239643,synthetic_track_0,0.3030823427986669,49.72501155392959
14.76149,227,4194.582891,synthetic_track_0,0.12044961642461298,19.76148961062674
39.582527,379,4195.079996,synthetic_track_0,0.27173802833806276,44.58252656350936
28.396667,322,4195.477734,synthetic_track_0,0.20355832270279542,33.39666657855712
37.899128,366,4197.311234,synthetic_track_0,0.2614774289706377,42.89912786273325
15.131791,229,4197.594,synthetic_track_0,0.12270666780709429,20.13179130829525
15.780484,235,4197.92305,synthetic_track_0,0.12666056020825087,20.78048414706319
27.426412,316,4198.371291,synthetic_track_0,0.19764445733993785,32.42641202403224
46.577035,716,4199.413004,synthetic_track_0,0.31437073770166274,51.577034874699756
42.658114,396,4200.001168,synthetic_track_0,0.290484252543408,47.658113899267036
35.217451,349,4201.78561,synthetic_track_0,0.2451321530762224,40.21745058256957
38.483742,376,4202.286482,synthetic_track_0,0.2650407484225585,43.48374159932036
16.306931,238,4202.601949,synthetic_track_0,0.1298693424269846,21.306930958273735
12.901778,210,4203.110155,synthetic_track_0,0.10911435798516216,17.90177765359303
37.965119,364,4203.739095,synthetic_track_0,0.2618796534905643,42.965118572439195
15.876015,236,4204.069914,synthetic_track_0,0.12724283570418154,20.876014805482168
39.350214,389,4204.588566,synthetic_track_0,0.2703220427010188,44.35021378173513
30.124352,318,4206.357893,synthetic_track_0,0.214088859830349,35.12435244603943
16.31348,240,4206.69321,synthetic_track_0,0.12990926251684168,21.31348042239311
27.98365,324,4207.294066,synthetic_track_0,0.2010409190840833,32.983650357056156
37.686694,365,4207.875646,synthetic_track_0,0.26018260780168695,42.68669385225341
38.38064,370,4208.475451,synthetic_track_0,0.2644123272500547,43.38064007986219
29.386059,331,4208.904252,synthetic_track_0,0.20958883612763396,34.38605892308384
27.914172,325,4210.592272,synthetic_track_0,0.20061743770818993,32.91417215481341
17.2009,242,4210.876511,synthetic_track_0,0.13531823420466674,22.200899917664223
40.362634,384,4211.531056,synthetic_track_0,0.27649291399091985,45.36263385000673
14.060651,217,4211.804116,synthetic_track_0,0.11617788906111501,19.060651381174765
13.597178,212,4212.097412,synthetic_track_0,0.11335294234366905,18.597178297038194
29.939856,332,4212.638116,synthetic_track_0,0.21296431979378355,34.939855501101206
38.304148,395,4213.225637,synthetic_track_0,0.26394609680257264,43.3041482784139
16.913839,242,4214.818456,synthetic_track_0,0.13356855014790678,21.913839117174405
13.499825,212,4215.206587,synthetic_track_0,0.11275955893000877,18.499825225170962
52.739472,760,4216.146495,synthetic_track_0,0.3519318298245505,57.739471533141156
28.751038,325,4216.562275,synthetic_track_0,0.20571827719026603,33.751038135981645
41.631522,416,4217.114647,synthetic_track_0,0.28422700327617323,46.631522283153814
17.438073,246,4218.688415,synthetic_track_0,0.13676384292064642,22.438072791018648
39.795757,384,4219.183628,synthetic_track_0,0.2730377010649787,44.795756541757065
13.638452,215,4219.431371,synthetic_track_0,0.11360451060399673,18.638451683458154
24.688716,295,4219.803244,synthetic_track_0,0.18095773753520983,29.68871596617091
23.473978,292,4220.113311,synthetic_track_0,0.17355370509908155,28.473978099779547
39.810241,395,4220.541397,synthetic_track_0,0.27312598646054626,44.81024102895649
42.686673,403,4222.048428,synthetic_track_0,0.29065832306531075,47.686672668586574
44.449189,408,4222.501015,synthetic_track_0,0.3014011583975644,49.44918910582135
12.338573,210,4222.698467,synthetic_track_0,0.1056815309425833,17.3385730710408
34.607208,355,4223.086253,synthetic_track_0,0.24141262046294543,39.60720783314857
36.958352,376,4223.675642,synthetic_track_0,0.2557432425633776,41.95835222163033
17.001223,247,4223.987753,synthetic_track_0,0.13410116749412548,22.001222642885573
41.303629,382,4224.510957,synthetic_track_0,0.28222843825191163,46.303628985230134
39.968437,392,4226.041031,synthetic_track_0,0.27409021624695723,44.96843677479635
40.834311,391,4226.534348,synthetic_track_0,0.2793678669074846,45.83431116935538
40.344228,403,4226.933373,synthetic_track_0,0.27638072885055026,45.344228266396854
36.808586,365,4227.310982,synthetic_track_0,0.2548303920069135,41.80858597643094
43.664384,413,4227.753164,synthetic_track_0,0.29661763745875613,48.664383789370724
27.643981,316,4229.218835,synthetic_track_0,0.1989705757027582,32.64398078869275
46.980372,431,4229.744149,synthetic_track_0,0.31682914349664804,51.98037165582361
43.666763,415,4230.277012,synthetic_track_0,0.29663214080279476,48.666763271274
43.322499,399,4230.708984,synthetic_track_0,0.2945337906467064,48.32249878924511
33.602018,351,4231.166468,synthetic_track_0,0.23528581812619365,38.60201790961019
27.749792,323,4232.506567,synthetic_track_0,0.19961551298636793,32.74979201340127
42.269722,399,4232.949289,synthetic_track_0,0.28811694081510736,47.26972240818074
32.75581,335,4233.383705,synthetic_track_0,0.23012804039206292,37.755810390379615
14.497398,220,4233.636656,synthetic_track_0,0.11883993613419999,19.497398438901538
44.646611,418,4234.061529,synthetic_track_0,0.30260447955774505,49.64661122563392
42.832731,409,4234.491961,synthetic_track_0,0.29154857045059646,47.83273053890136
39.654971,375,4235.98226,synthetic_track_0,0.2721795885105397,44.65497085200015
40.890752,381,4236.389998,synthetic_track_0,0.2797118836835074,45.89075206262723
27.27529,318,4236.704138,synthetic_track_0,0.1967233453236727,32.27529036769189
43.430968,416,4237.146456,synthetic_track_0,0.2951949285582206,48.430967959653444
44.529752,423,4237.641105,synthetic_track_0,0.3018922058405651,49.52975249183476
13.384071,216,4237.878747,synthetic_track_0,0.1120540157239165,18.384070728387098
11.966699,207,4239.082413,synthetic_track_0,0.10341489738083653,16.96669927923349
14.096288,217,4239.352016,synthetic_track_0,0.11639509912701251,19.09628781230648
41.777222,413,4239.885164,synthetic_track_0,0.28511506823312593,46.77722209475401
42.282834,404,4240.341355,synthetic_track_0,0.2881968555911823,47.28283357502392
46.389572,421,4240.827452,synthetic_track_0,0.3132281179162581,51.38957168728228
40.098066,384,4241.197897,synthetic_track_0,0.2748803281552454,45.09806598184859
38.957983,377,4242.68227,synthetic_track_0,0.2679313294840632,43.957982940315844
41.587457,411,4243.102945,synthetic_track_0,0.2839584168605458,46.58745682392257
42.188741,407,4243.548941,synthetic_track_0,0.28762334511741994,47.188740944385
12.624929,211,4243.778277,synthetic_track_0,0.10742692034105038,17.62492927115284
42.58045,400,4244.22033,synthetic_track_0,0.2900108764859578,47.580449757869985
28.484063,322,4244.648374,synthetic_track_0,0.2040910163519168,33.48406262285542
13.083368,213,4245.908464,synthetic_track_0,0.1102211837460054,18.083368317166187
41.809419,407,4246.321276,synthetic_track_0,0.285311312056698,46.80941871269091
43.343401,420,4246.866477,synthetic_track_0,0.29466119153317394,48.34340073454843
42.316105,408,4247.337874,synthetic_track_0,0.2883996530137109,47.31610540499997
41.339819,406,4247.770983,synthetic_track_0,0.282449021391418,46.33981881753535
43.938733,422,4249.491037,synthetic_track_0,0.29828984195622626,48.938732955308346
42.056731,401,4249.988044,synthetic_track_0,0.2868187242123223,47.05673132801124
44.333706,412,4250.441134,synthetic_track_0,0.30069727146700326,49.33370634482771
43.122804,400,4250.97115,synthetic_track_0,0.2933166146024696,48.12280357670333
14.170511,217,4251.322999,synthetic_track_0,0.11684750171969896,19.17051095556397
12.161832,210,4251.596822,synthetic_track_0,0.10460426454036671,17.16183204481591
39.279336,381,4253.222251,synthetic_track_0,0.26989003114597154,44.27933608108192
28.025292,318,4253.677429,synthetic_track_0,0.20129473010764418,33.02529170099767
12.719666,210,4253.923048,synthetic_track_0,0.10800435640156288,17.719665950681918
42.226524,402,4254.387496,synthetic_track_0,0.28785363691143395,47.226523620909084
11.839916,206,4254.645988,synthetic_track_0,0.10264212955604546,16.83991561819466
12.775205,211,4254.893,synthetic_track_0,0.10834287637231925,17.775205014098354
27.776415,317,4255.266744,synthetic_track_0,0.1997777818237238,32.7764145468615
11.349941,205,4255.505945,synthetic_track_0,0.0996556498293643,16.349940723769862
40.530865,403,4257.04646,synthetic_track_0,0.2775183088092777,45.53086459786014
41.645223,391,4257.458475,synthetic_track_0,0.2843105107108214,46.645222877237835
46.902983,627,4258.279993,synthetic_track_0,0.3163574485683035,51.90298332780265
30.935616,337,4258.651168,synthetic_track_0,0.21903364843659803,35.93561603964576
40.427723,380,4260.311162,synthetic_track_0,0.2768896408762141,45.42772259378787
26.207667,320,4260.691945,synthetic_track_0,0.19021600057816515,31.207666996208605
28.561806,321,4261.041013,synthetic_track_0,0.20456487257639877,33.561805542550744
13.570049,215,4261.281448,synthetic_track_0,0.11318758309620924,18.570048737412378
31.817224,345,4261.725641,synthetic_track_0,0.22440719943213874,36.81722426159483
12.093535,211,4261.978114,synthetic_track_0,0.1041879847652538,17.093535368618884
46.157216,419,4262.464112,synthetic_track_0,0.31181187336362565,51.15721642668691
43.389727,403,4263.854406,synthetic_track_0,0.2949435608679341,48.38972747962956
43.849459,468,4264.367037,synthetic_track_0,0.297745703260482,48.849459186724616
28.523834,324,4264.778602,synthetic_track_0,0.20433343087869776,33.52383420781057
12.849498,211,4265.021989,synthetic_track_0,0.10879570215946359,17.849497588485068
42.319634,400,4265.504346,synthetic_track_0,0.2884211602142239,47.31963397015533
43.732884,708,4267.242185,synthetic_track_0,0.2970351575785396,48.73288396192622
39.649308,386,4267.674793,synthetic_track_0,0.27214507371987734,44.6493082048508
45.366799,430,4268.152015,synthetic_track_0,0.30699414471170533,50.36679884356966
29.915665,325,4268.50104,synthetic_track_0,0.21281687278224076,34.91566470105375
45.76657,410,4268.937411,synthetic_track_0,0.30943081608820544,50.76656978116626
12.163156,208,4270.221216,synthetic_track_0,0.10461233392909107,17.163155943937998
13.101052,211,4270.429295,synthetic_track_0,0.11032896784016712,18.101051845932762
39.814077,386,4270.805629,synthetic_track_0,0.2731493681935802,44.814077138096096
13.060271,212,4271.022186,synthetic_track_0,0.11008039976359561,18.0602706827501
12.250013,207,4271.242964,synthetic_track_0,0.10514174357137918,17.25001319974661
41.342202,391,4271.713027,synthetic_track_0,0.2824635489986589,46.34220228016546
42.961901,416,4272.241297,synthetic_track_0,0.2923358847198667,47.96190075308979
42.698172,578,4273.95656,synthetic_track_0,0.29072841443403763,47.698172164359214
39.085021,381,4274.357892,synthetic_track_0,0.26870564629294447,44.08502073444297
13.156651,213,4274.564426,synthetic_track_0,0.11066785254896354,18.156650749863456
13.873876,221,4274.818179,synthetic_track_0,0.115039459119846,18.87387559786711
29.619357,323,4275.177773,synthetic_track_0,0.2110108290276551,34.619357282632706
12.398466,209,4275.392198,synthetic_track_0,0.10604659006665212,17.398466263744037
32.106423,331,4276.775556,synthetic_track_0,0.2261699169639929,37.10642339087564
41.840721,393,4277.199953,synthetic_track_0,0.2855021074079948,46.840721430493815
26.812944,303,4277.506456,synthetic_track_0,0.1939052689845457,31.812944467798832
20.875242,266,4277.801984,synthetic_track_0,0.15771397261580564,25.875242477410215
39.279788,383,4278.230444,synthetic_track_0,0.2698927834822052,44.279787641373275
13.14639,215,4278.486455,synthetic_track_0,0.11060531440380765,18.146390468905736
41.772766,388,4279.021389,synthetic_track_0,0.2850879086327574,46.77276617221608
36.969705,374,4280.526763,synthetic_track_0,0.255812437684765,41.969704675153984
40.896699,398,4280.970105,synthetic_track_0,0.27974813146643457,45.89669903204885
46.660405,648,4281.691968,synthetic_track_0,0.31487889325897594,51.660405092592576
44.159356,420,4282.153729,synthetic_track_0,0.2996345770339359,49.159356059441166
12.791247,212,4282.397781,synthetic_track_0,0.10844065378923141,17.791246803734712
12.649864,210,4283.786477,synthetic_track_0,0.10757890267100106,17.649864155326583
44.160831,418,4284.273005,synthetic_track_0,0.2996435700769885,49.160831497322384
44.089618,426,4284.78052,synthetic_track_0,0.2992095120722078,49.089618047196936
41.674765,392,4285.329962,synthetic_track_0,0.2844905726868295,46.67476463065952
25.303988,314,4285.712197,synthetic_track_0,0.18470792351944507,30.303987841376642
43.296789,417,4287.404201,synthetic_track_0,0.2943770824308997,48.29678855561808
25.504353,312,4287.743486,synthetic_track_0,0.18592918063018837,30.504352611495793
15.397387,236,4288.005536,synthetic_track_0,0.12432551717912182,20.39738679955623
26.775622,317,4288.324425,synthetic_track_0,0.19367778298636915,31.775622122381964
30.155779,324,4288.645565,synthetic_track_0,0.21428040709351948,35.15577852578503
39.2258,387,4289.105884,synthetic_track_0,0.2695637187380865,44.225799843693615
25.76967,314,4289.50231,synthetic_track_0,0.1875463355034775,30.769670095900395
44.817829,435,4290.916397,synthetic_track_0,0.30364807866765275,49.81782864898709
14.473434,220,4291.174046,synthetic_track_0,0.1186938705581142,19.47343428318257
41.137121,396,4291.640264,synthetic_track_0,0.2812135440000382,46.137121006129725
39.982118,405,4292.051171,synthetic_track_0,0.27417360302155147,44.98211757286548
30.186083,325,4292.414565,synthetic_track_0,0.2144651173565954,35.18608289746425
38.711908,376,4292.811099,synthetic_track_0,0.2664314590139625,43.71190764682803
14.206373,218,4294.296778,synthetic_track_0,0.11706608529663332,19.206372730909226
42.208025,401,4294.748962,synthetic_track_0,0.28774088447651863,47.20802496448084
12.738611,212,4295.011165,synthetic_track_0,0.10811982691350688,17.738610546686868
43.156873,426,4295.498863,synthetic_track_0,0.293524276274613,48.15687345669466
38.235355,370,4295.907988,synthetic_track_0,0.2635267883073907,43.235354697187574
12.003028,207,4296.224937,synthetic_track_0,0.10363632702534982,17.003027992843574
31.253769,331,4297.631955,synthetic_track_0,0.22097284445618953,36.253768999627255
28.751637,325,4297.968424,synthetic_track_0,0.20572192843674486,33.751637175409904
42.828032,414,4298.515849,synthetic_track_0,0.29151993419755984,47.828032350283834
13.783156,218,4298.754186,synthetic_track_0,0.11448650668038428,18.783155808033385
11.625406,205,4298.987741,synthetic_track_0,0.10133465660502393,16.625405901146628
41.708291,390,4299.405756,synthetic_track_0,0.28469492145656805,46.70829098142761
33.489076,363,4299.812347,synthetic_track_0,0.23459741908990053,38.489076160126196
24.855737,291,4301.155907,synthetic_track_0,0.18197576015003034,29.85573719814594
17.789347,247,4301.403188,synthetic_track_0,0.13890491586890238,22.789346560736593
43.274885,410,4301.857879,synthetic_track_0,0.2942435755649089,48.274884836672854
41.963989,410,4302.314586,synthetic_track_0,0.2862534410624264,46.963988508022915
29.316944,315,4302.631057,synthetic_track_0,0.20916756769390488,34.31694378578796
42.400709,402,4304.070465,synthetic_track_0,0.2889153287484312,47.40070941600989
12.29777,209,4304.365494,synthetic_track_0,0.10543282880562507,17.297769913326164
14.021393,218,4304.667678,synthetic_track_0,0.11593860003439008,19.021392579395837
14.224855,218,4304.922259,synthetic_track_0,0.11717873788468924,19.224855006026065
40.502202,393,4305.410241,synthetic_track_0,0.27734360321506607,45.502201635806685
38.764607,394,4305.907652,synthetic_track_0,0.2667526681440545,43.764606618195245
17.403996,243,4306.210105,synthetic_track_0,0.1365561379064459,22.40399580014033
29.683851,319,4306.55796,synthetic_track_0,0.21140393045520822,34.683851217998416
34.586565,356,4308.006851,synthetic_track_0,0.24128679954356372,39.58656510413899
20.051819,256,4308.266464,synthetic_track_0,0.1526950659412472,25.051818750128636
40.140372,387,4308.668511,synthetic_track_0,0.2751381909962688,45.14037208464171
33.502632,339,4309.02431,synthetic_track_0,0.23468004484431115,38.502632101903544
41.254279,392,4309.421084,synthetic_track_0,0.2819276435101024,46.25427928747569
40.990698,388,4310.899227,synthetic_track_0,0.2803210683486621,45.990697556757894
42.433651,406,4311.31401,synthetic_track_0,0.28911611180495206,47.43365076030973
12.834004,212,4311.526751,synthetic_track_0,0.10870126829487496,17.834004356631336
45.192708,420,4312.013285,synthetic_track_0,0.3059330337777146,50.19270835395067
43.181443,409,4312.50602,synthetic_track_0,0.29367403154116534,48.181442959130244
42.036959,409,4312.923248,synthetic_track_0,0.2866982070356305,47.0369587541684
34.635083,353,4314.311461,synthetic_track_0,0.2415825246795608,39.63508306024444
38.16903,379,4314.729995,synthetic_track_0,0.26312252652781,43.16902974577391
45.945432,668,4315.551,synthetic_track_0,0.3105210114198049,50.945431983956595
42.193212,401,4316.022022,synthetic_track_0,0.2876505971275276,47.19321202806793
32.579919,341,4316.434079,synthetic_track_0,0.2290559529576468,37.579919048208694
40.632482,405,4317.897953,synthetic_track_0,0.2781376831558172,45.632481855577936
32.901547,342,4318.264007,synthetic_track_0,0.23101633085086992,37.90154719879793
44.438709,412,4318.753151,synthetic_track_0,0.3013372781567117,49.438708634787844
45.796954,440,4319.20666,synthetic_track_0,0.30961601553832546,50.79695441100633
42.188653,407,4319.672423,synthetic_track_0,0.28762281129173134,47.18865336261337
31.140742,340,4321.375916,synthetic_track_0,0.22028392853208525,36.1407424472737
26.366824,322,4321.799461,synthetic_track_0,0.191186092362261,31.366824486965438
30.200857,329,4322.232213,synthetic_track_0,0.2145551705735626,35.20085742115578
40.698992,399,4322.698266,synthetic_track_0,0.27854307658519584,45.69899247039501
40.916013,402,4323.254154,synthetic_track_0,0.2798658543766551,45.9160131663426
25.126577,301,4323.623127,synthetic_track_0,0.18362657458144485,30.126577016518365
45.612916,425,4325.427286,synthetic_track_0,0.30849427066474483,50.61291605270312
16.337012,237,4325.782575,synthetic_track_0,0.13005268957396884,21.33701169117947
41.6846,401,4326.326827,synthetic_track_0,0.2845505234433128,46.68460041334244
35.224451,364,4326.71863,synthetic_track_0,0.24517482396398085,40.2244513545948
12.467199,208,4326.959293,synthetic_track_0,0.10646553057299075,17.46719947111513
41.032015,399,4327.43747,synthetic_track_0,0.28057290526224415,46.032015019602945
28.595008,323,4328.918449,synthetic_track_0,0.20476724842573807,33.595008207389974
30.211786,321,4329.26943,synthetic_track_0,0.21462178086056077,35.21178579547152
38.318271,375,4329.652265,synthetic_track_0,0.2640321751373193,43.31827066558531
43.634531,418,4330.158886,synthetic_track_0,0.2964356793262658,48.634530944243345
41.566419,398,4330.662989,synthetic_track_0,0.283830185109306,46.56641856331953
42.715767,405,4332.238768,synthetic_track_0,0.2908356603259087,47.715767393309726
30.598401,343,4332.605702,synthetic_track_0,0.21697826601464337,35.598401031553614
33.196701,339,4332.955494,synthetic_track_0,0.23281534105295312,38.19670066190696
42.39541,407,4333.383404,synthetic_track_0,0.28888302954835265,47.39541026831868
45.249945,419,4333.856434,synthetic_track_0,0.30628190023545687,50.24994490716531
33.888446,348,4334.317298,synthetic_track_0,0.23703164473443175,38.88844584026488
26.844499,308,4335.730196,synthetic_track_0,0.1940976020833038,31.84449947515966
39.929659,382,4336.141443,synthetic_track_0,0.27385385767534265,44.92965875626886
33.099397,350,4336.598191,synthetic_track_0,0.23222225976984168,38.09939715889581
21.910229,278,4336.945502,synthetic_track_0,0.16402238774018948,26.91022858729174
43.15173,408,4337.392442,synthetic_track_0,0.2934929266317129,48.1517300974972
15.619374,236,4337.625716,synthetic_track_0,0.12567856902595806,20.619374389119276
44.157315,413,4339.168506,synthetic_track_0,0.2996221351804364,49.15731479467033
17.051428,241,4339.411022,synthetic_track_0,0.13440717976982,22.051428352014135
29.994462,323,4339.783574,synthetic_track_0,0.2132971536024734,34.99446166795941
41.594301,395,4340.317094,synthetic_track_0,0.28400013084576015,46.594300602341306
45.468484,620,4341.164484,synthetic_track_0,0.3076139309839223,50.468483683611396
16.454673,238,4342.462036,synthetic_track_0,0.13076985234442223,21.454672544390345
31.994587,336,4342.837884,synthetic_track_0,0.2254882558897065,36.99458710083722
39.933255,379,4343.244235,synthetic_track_0,0.2738757772051055,44.93325496995999
30.182016,330,4343.596607,synthetic_track_0,0.21444032917138248,35.1820160396436
17.033684,243,4343.856662,synthetic_track_0,0.13429902337221997,22.033683741521056
47.683359,432,4344.34121,synthetic_track_0,0.321113968441122,52.68335873155724
17.130981,245,4344.582657,synthetic_track_0,0.13489206383253563,22.13098054696621
16.140083,237,4345.846447,synthetic_track_0,0.1288523737867244,21.14008264596372
47.555752,666,4346.567818,synthetic_track_0,0.32033618278600395,52.555751823381414
45.927116,436,4347.147994,synthetic_track_0,0.31040937251365674,50.92711601791639
39.326812,389,4347.656421,synthetic_track_0,0.27017940685352315,44.32681232225309
17.551073,245,4348.004183,synthetic_track_0,0.13745259610253543,22.551072643174297
40.270365,401,4349.514939,synthetic_track_0,0.2759305202228558,45.270365074608556
15.993261,239,4349.772009,synthetic_track_0,0.12795747258962387,20.99326125097731
17.498583,245,4350.116724,synthetic_track_0,0.13713266490185624,22.49858333448236
41.487921,393,4350.605696,synthetic_track_0,0.2833517307511329,46.48792125374848
15.75821,241,4350.890992,synthetic_track_0,0.12652479705948513,20.75821025252141
17.01262,241,4351.241361,synthetic_track_0,0.13417063595290513,22.012619941334414
42.510224,403,4351.713015,synthetic_track_0,0.2895828360304366,47.51022357313154
16.795447,242,4353.096558,synthetic_track_0,0.13284693128758113,21.795447178416484
16.868848,242,4353.376017,synthetic_track_0,0.13329432398445082,21.86884837630734
42.801048,407,4353.901207,synthetic_track_0,0.2913554614261688,47.8010482297897
16.641175,240,4354.198773,synthetic_track_0,0.13190661366220122,21.641174566047773
41.405305,398,4354.83208,synthetic_track_0,0.2828481700413093,46.40530488658282
16.770782,241,4355.170212,synthetic_track_0,0.1326965906384403,21.77078163555931
32.271001,343,4356.823029,synthetic_track_0,0.22717304718581277,37.27100131187721
17.088898,242,4357.10864,synthetic_track_0,0.134635564909086,22.08889821444123
33.640969,346,4357.514566,synthetic_track_0,0.23552323280754348,38.64096919810883
16.467534,238,4357.822422,synthetic_track_0,0.1308482468896572,21.467534295528928
16.359588,241,4358.126838,synthetic_track_0,0.13019029357891995,21.35958760461896
40.401405,398,4358.588686,synthetic_track_0,0.27672923338880345,45.40140544152101
15.950804,238,4358.866024,synthetic_track_0,0.1276986899157565,20.950804236394443
16.590003,240,4359.195667,synthetic_track_0,0.1315947143868948,21.590003010077
16.897232,245,4360.631052,synthetic_track_0,0.1334673253181029,21.89723172993744
15.240593,225,4360.900345,synthetic_track_0,0.12336983508993746,20.240593426218265
16.406499,240,4361.189436,synthetic_track_0,0.13047622847332346,21.406499330972252
16.73018,241,4361.503141,synthetic_track_0,0.13244911776866533,21.730180156782243
30.106629,330,4361.914697,synthetic_track_0,0.21398083457625325,35.10662935152186
16.890905,240,4362.181338,synthetic_track_0,0.13342876432159956,21.89090524460361
38.196272,368,4362.632444,synthetic_track_0,0.26328857215698565,43.196271916178816
17.506554,245,4364.130357,synthetic_track_0,0.1371812473582662,22.506553984253628
33.834908,342,4364.541399,synthetic_track_0,0.23670532548905054,38.83490848108712
33.341394,359,4364.987143,synthetic_track_0,0.23369726970018917,38.34139372376139
30.605829,331,4365.401237,synthetic_track_0,0.2170235381704632,35.605828578966715
40.368944,392,4365.921102,synthetic_track_0,0.2765313732773291,45.36894364833874
26.995206,317,4366.342436,synthetic_track_0,0.19501618650571312,31.995206443423747
30.786802,332,4367.92767,synthetic_track_0,0.21812660006455886,35.78680172613895
43.633921,405,4368.44207,synthetic_track_0,0.2964319617041892,48.633921014944896
40.186668,390,4368.92045,synthetic_track_0,0.2754203718626282,45.18666790877469
17.369094,244,4369.215019,synthetic_track_0,0.13634340444507295,22.369093820279023
44.411782,421,4369.729229,synthetic_track_0,0.3011731559426442,49.41178202825774
39.326954,380,4370.242297,synthetic_track_0,0.27018026820917596,44.32695364001971
17.148083,244,4371.661498,synthetic_track_0,0.13499630631819348,22.148083023989066
36.431439,557,4372.293142,synthetic_track_0,0.2525316152314373,41.431438628733446
47.366814,588,4373.065863,synthetic_track_0,0.3191845719425594,52.36681352375255
47.867532,423,4373.587922,synthetic_track_0,0.32223653582485384,52.8675320344646
0.701943,895,4375.886754,synthetic_track_0,0.03475430310965312,5.701942606482563
17.599086,244,4376.16773,synthetic_track_0,0.13774524683546283,22.599086199298043
16.375168,237,4376.478605,synthetic_track_0,0.13028525789628356,21.3751678648694
45.125012,424,4377.043991,synthetic_track_0,0.30552041042274874,50.125011565996495
42.620665,404,4377.54417,synthetic_track_0,0.2902559926414434,47.62066458381804
43.057369,421,4379.28231,synthetic_track_0,0.2929177795349418,48.05736895534663
13.776394,216,4379.565802,synthetic_track_0,0.11444528950699151,18.776393538729767
27.98516,316,4379.98854,synthetic_track_0,0.2010501221867349,32.985160258231716
48.193868,430,4380.510367,synthetic_track_0,0.3242256071927707,53.19386776170609
16.537871,239,4380.795707,synthetic_track_0,0.1312769588113778,21.537870643941755
17.866595,244,4381.092022,synthetic_track_0,0.13937576020830553,22.866595337424574
24.608117,296,4381.51472,synthetic_track_0,0.18046647369376398,29.60811707688441
26.643252,316,4383.073159,synthetic_track_0,0.1928709665292792,31.643252294168814
41.883447,395,4383.533444,synthetic_track_0,0.28576252947297076,46.88344741073486
15.0605,230,4383.827411,synthetic_track_0,0.1222721371974021,20.060500320545977
43.830529,413,4384.471217,synthetic_track_0,0.29763032251325966,48.83052931791156
40.041212,385,4384.937947,synthetic_track_0,0.2745337916879963,45.041211697040374
42.076975,395,4385.414778,synthetic_track_0,0.28694211209568293,47.0769748825155
44.657315,419,4387.156774,synthetic_track_0,0.3026697196904383,49.6573148064562
45.66893,430,4387.668451,synthetic_track_0,0.3088356852919493,50.66893002608626
32.538807,341,4388.077095,synthetic_track_0,0.22880536907866805,37.53880716368785
39.886026,390,4388.593452,synthetic_track_0,0.2735879096383172,44.886026160942706
47.964422,613,4390.539317,synthetic_track_0,0.32282709683974287,52.96442205127486
16.281529,237,4390.81322,synthetic_track_0,0.12971451378505292,21.281529095737497
43.639403,417,4391.295674,synthetic_track_0,0.29646537628787367,48.63940315733709
41.147741,385,4391.762075,synthetic_track_0,0.2812782720271925,46.1477405686829
16.447375,237,4392.068126,synthetic_track_0,0.13072537439050141,21.447375297206015
16.369546,237,4392.424258,synthetic_track_0,0.13025098988157402,21.36954570485959
31.306242,330,4392.887822,synthetic_track_0,0.22129267565043056,36.306241900826606
36.162971,377,4394.556772,synthetic_track_0,0.250895256669315,41.16297050335026
39.809369,387,4395.100081,synthetic_track_0,0.2731206709967697,44.80936895077713
39.40818,385,4395.586857,synthetic_track_0,0.2706753563958302,44.4081799680673
36.645522,367,4396.03138,synthetic_track_0,0.2538364873060212,41.6455216346451
43.477029,411,4396.565744,synthetic_track_0,0.2954756781661842,48.477028965289215
15.598045,229,4396.844235,synthetic_track_0,0.12554856314033694,20.598045056288814
37.420842,362,4398.462511,synthetic_track_0,0.2585621966403657,42.42084212702658
33.854508,346,4398.881369,synthetic_track_0,0.2368247895214558,38.854508271483276
16.734701,240,4399.1803,synthetic_track_0,0.13247667530879692,21.73470136705397
40.255812,388,4399.6882,synthetic_track_0,0.2758418178030222,45.2558121685885
37.539541,364,4400.126658,synthetic_track_0,0.25928568332527574,42.539540509235415
16.477437,237,4400.444389,synthetic_track_0,0.13090860625312975,21.47743711605732
16.740123,240,4401.928133,synthetic_track_0,0.13250972323677654,21.740123354311446
46.029703,432,4402.422403,synthetic_track_0,0.31103465472433894,51.02970254560234
16.676701,244,4402.696691,synthetic_track_0,0.1321231548742571,21.676701262099918
16.503514,242,4402.993078,synthetic_track_0,0.13106755202240442,21.503514452469098
36.574674,365,4403.513292,synthetic_track_0,0.253404656150527,41.574673531129676
29.183317,327,4403.953891,synthetic_track_0,0.20835308701247268,34.18331653148905
17.191537,247,4404.257216,synthetic_track_0,0.13526116525211268,22.19153693630768
43.672152,406,4405.926687,synthetic_track_0,0.29666498397005164,48.6721516645939
46.888812,416,4406.452112,synthetic_track_0,0.31627107271578336,51.88881212856721
38.20535,367,4406.915596,synthetic_track_0,0.2633439053742309,43.20535012522732
16.248347,243,4407.296419,synthetic_track_0,0.12951226469313093,21.24834722727321
42.24522,408,4407.775753,synthetic_track_0,0.28796759490571455,47.245220066666825
44.757315,422,4409.479462,synthetic_track_0,0.30327923649676886,49.75731479311736
43.596362,408,4409.966838,synthetic_track_0,0.29620303088887007,48.59636162652367
42.456986,416,4410.473111,synthetic_track_0,0.289258346918025,47.45698647355392
42.691691,414,4411.063459,synthetic_track_0,0.2906889078971079,47.69169054953749
15.980017,238,4411.34449,synthetic_track_0,0.1278767490495725,20.980017394787392
16.107648,240,4411.637525,synthetic_track_0,0.12865468109792608,21.107648320876184
37.475327,365,4413.268754,synthetic_track_0,0.25889429132367214,42.475327029749465
42.144596,395,4413.717983,synthetic_track_0,0.28735427304406924,47.14459580602869
15.668298,237,4413.997533,synthetic_track_0,0.12597676670074723,20.66829800072702
16.699924,241,4414.292353,synthetic_track_0,0.13226470195660825,21.699924094021906
15.948858,238,4414.565872,synthetic_track_0,0.12768682933713213,20.94885833811582
37.884786,371,4415.011411,synthetic_track_0,0.2613900130291981,42.88478602197162
46.044325,424,4416.770239,synthetic_track_0,0.3111237788796946,51.044324643392244
16.787248,243,4417.071506,synthetic_track_0,0.13279695864933735,21.787248449347985
16.192405,239,4417.365988,synthetic_track_0,0.12917128997276134,21.192405426924786
46.532014,570,4418.078561,synthetic_track_0,0.3140963280452931,51.53201402918466
16.858137,242,4418.357094,synthetic_track_0,0.1332290392612335,21.858137479769123
28.800661,317,4418.73314,synthetic_track_0,0.20602073489695544,33.800660667010106
44.624703,417,4420.434211,synthetic_track_0,0.30247094539043884,49.624703027515764
47.019637,426,4421.00352,synthetic_track_0,0.31706847290305923,52.01963708247005
43.351705,430,4421.648521,synthetic_track_0,0.2947118097218958,48.351705375445
41.398554,393,4422.20351,synthetic_track_0,0.2828070201835151,46.39855366137001
45.244126,418,4422.724129,synthetic_track_0,0.3062464308270153,50.24412564125796
16.001638,238,4423.04115,synthetic_track_0,0.12800853305105592,21.001638453064416
41.37598,391,4424.892145,synthetic_track_0,0.2826694291260865,46.37597987215756
25.623322,306,4425.263378,synthetic_track_0,0.18665431766671717,30.623321757591942
15.764909,237,4425.571117,synthetic_track_0,0.126565627656976,20.764909098495867
46.436376,599,4426.380444,synthetic_track_0,0.31351339956445956,51.43637623921345
16.217111,239,4426.770465,synthetic_track_0,0.1293218741019832,21.217110916186396
39.961828,395,4427.294311,synthetic_track_0,0.27404993724102916,44.961828425340364
22.806261,291,4428.964091,synthetic_track_0,0.16948385411297462,27.8062605896197
55.445953,685,4429.782595,synthetic_track_0,0.36842829162694624,60.445953033015236
32.340942,334,4430.185767,synthetic_track_0,0.22759935014289084,37.340942435040105
37.703943,371,4430.6567,synthetic_track_0,0.2602877469940981,42.703943446898684
38.013643,371,4431.193658,synthetic_track_0,0.26217541817176704,43.01364301650363
48.508426,433,4433.022321,synthetic_track_0,0.3261428948809126,53.50842634524057
39.242201,386,4433.566408,synthetic_track_0,0.26966368357244547,44.24220051058033
16.018409,236,4433.84584,synthetic_track_0,0.12811075184019377,21.0184089136065
11.507663,207,4434.081822,synthetic_track_0,0.10061699355612924,16.50766297007188
45.225012,418,4434.601408,synthetic_track_0,0.3061299273086688,50.225011565715455
15.973896,237,4434.89117,synthetic_track_0,0.12783943939548154,20.973896210149533
46.00896,419,4436.634183,synthetic_track_0,0.31090822756678327,51.00896035451283
31.198397,333,4437.050361,synthetic_track_0,0.22063534166961335,36.19839681988555
16.61109,240,4437.343197,synthetic_track_0,0.13172324395027507,21.611090131039212
41.888095,399,4437.916521,synthetic_track_0,0.2857908596708159,46.8880953866023
15.988469,238,4438.265631,synthetic_track_0,0.12792826536168073,20.988469385725377
13.31693,213,4438.536767,synthetic_track_0,0.111644782086199,18.31693007223453
16.480552,242,4438.858461,synthetic_track_0,0.1309275916153281,21.480551937415605
36.721035,364,4440.640403,synthetic_track_0,0.25429675274993135,41.721034791581175
15.430679,235,4440.928852,synthetic_track_0,0.12452843859163389,20.43067897186996
25.527793,321,4441.358546,synthetic_track_0,0.18607205571677277,30.527793321586575
16.155331,240,4441.720101,synthetic_track_0,0.12894531344980883,21.155330732599243
16.318935,239,4442.061266,synthetic_track_0,0.1299425078608325,21.31893479858274
42.57748,404,4442.732241,synthetic_track_0,0.2899927724234211,47.577479526379435
26.362327,306,4443.246492,synthetic_track_0,0.19115868189007915,31.362327405303223
42.844634,414,4445.123422,synthetic_track_0,0.29162112509127913,47.84463416981869
13.902135,217,4445.407412,synthetic_track_0,0.11521170453747742,18.902134932616686
43.302793,403,4445.940244,synthetic_track_0,0.294413677486111,48.30279250004584
15.35638,235,4446.28329,synthetic_track_0,0.1240755741533416,20.35638005620727
40.523919,388,4446.874613,synthetic_track_0,0.27747597146911396,45.523918549108615
38.745722,398,4447.35553,synthetic_track_0,0.2666375617878549,43.745721767170586
31.842719,335,4449.012161,synthetic_track_0,0.22456259719842786,36.842719497156324
47.160705,434,4449.572149,synthetic_track_0,0.31792830757865764,52.16070531093825
25.415237,310,4449.931431,synthetic_track_0,0.18538600546302023,30.415236923614284
45.568642,419,4450.395759,synthetic_track_0,0.30822441339556417,50.568642091693015
15.480817,233,4450.697463,synthetic_track_0,0.1248340397774668,20.48081723580218
24.949344,308,4451.052532,synthetic_track_0,0.18254631046390965,29.949344172038817
37.2015,368,4452.653523,synthetic_track_0,0.2572252714456629,42.201500346375575
15.343155,231,4452.896824,synthetic_track_0,0.12399496495755767,20.343154959836774
26.990673,327,4453.268619,synthetic_track_0,0.1949885554416242,31.99067317049078
42.858775,399,4453.83751,synthetic_track_0,0.291707315431123,47.85877493303504
42.652293,414,4454.335983,synthetic_track_0,0.29044877605564823,47.65229347189585
48.281548,445,4455.660136,synthetic_track_0,0.32476003595046704,53.28154847548774
48.324152,431,4456.161399,synthetic_track_0,0.3250197143323096,53.32415244382912
49.123531,627,4456.726611,synthetic_track_0,0.329892064177064,54.12353141816331
29.343815,322,4457.008922,synthetic_track_0,0.2093313538573589,34.34381525838818
12.913162,211,4457.190428,synthetic_track_0,0.1091837481818656,17.913162112024185
13.026863,212,4457.39342,synthetic_track_0,0.10987677554609598,18.026863205183666
42.039233,412,4458.703334,synthetic_track_0,0.2867120714083854,47.03923340365494
15.573211,236,4458.938956,synthetic_track_0,0.1253971930849517,20.573210624551727
31.201461,336,4459.257626,synthetic_track_0,0.22065401839958945,36.201461005694846
46.653642,505,4459.693274,synthetic_track_0,0.3148376723147982,51.65364220463752
31.996276,332,4459.971078,synthetic_track_0,0.22549854966354352,36.996275942286225
12.5167,210,4460.166734,synthetic_track_0,0.10676724586836203,17.516700198903486
38.011368,372,4461.410455,synthetic_track_0,0.2621615498561275,43.01136772013023
42.315862,404,4461.780557,synthetic_track_0,0.28839816655001355,47.31586152928012
16.474222,241,4461.996786,synthetic_track_0,0.1308890122033371,21.474222430756516
43.992212,402,4462.418057,synthetic_track_0,0.29861580311503233,48.99221156524021
45.058138,412,4462.922043,synthetic_track_0,0.30511280232826843,50.058137603559906
28.995711,315,4463.22221,synthetic_track_0,0.20720959830744745,33.99571078532739
42.049793,402,4464.503136,synthetic_track_0,0.2867764367559855,47.04979346341802
41.874412,396,4464.86682,synthetic_track_0,0.2857074594205779,46.87441237766027
15.820211,238,4465.155966,synthetic_track_0,0.12690270359215114,20.8202112471343
42.223325,401,4465.584575,synthetic_track_0,0.2878341396492494,47.22332481500557
38.052749,376,4465.976464,synthetic_track_0,0.26241377466401555,43.05274882260757
24.570792,307,4467.281934,synthetic_track_0,0.18023897150945412,29.570792075899885
42.172719,401,4467.676481,synthetic_track_0,0.28752568907631093,47.17271906819249
34.423908,346,4467.993193,synthetic_track_0,0.24029537739740475,39.42390806111447
46.65594,431,4468.466519,synthetic_track_0,0.3148516771046373,51.655939891563555
16.545414,239,4468.731462,synthetic_track_0,0.1313229358046972,21.545413830070355
47.327708,648,4470.538535,synthetic_track_0,0.31894621967239767,52.327708410342595
37.320997,376,4470.888791,synthetic_track_0,0.2579536233018018,42.320996929803705
35.702347,363,4471.213143,synthetic_track_0,0.24808767715063582,40.7023467576191
7.835075,187,4471.415788,synthetic_track_0,0.07823195263793928,12.83507548769388
42.502243,400,4471.844077,synthetic_track_0,0.2895341948844755,47.502243294496445
39.777792,400,4472.239013,synthetic_track_0,0.272928206257007,44.77779234581871
40.788566,394,4473.528587,synthetic_track_0,0.27908904175913796,45.78856589896108
45.220217,418,4473.908858,synthetic_track_0,0.30610070228351566,50.2202167805756
19.516255,272,4474.215966,synthetic_track_0,0.14943071682075182,24.51625539056823
5.468747,153,4474.365459,synthetic_track_0,0.06380878365404129,10.46874745371459
36.253507,372,4474.738008,synthetic_track_0,0.2514470936493989,41.25350728605154
12.49326,216,4474.952085,synthetic_track_0,0.10662437100434845,17.493259525328646
46.942841,426,4475.350354,synthetic_track_0,0.31660039011520585,51.9428413779784
44.705765,409,4476.544252,synthetic_track_0,0.30296502882477483,49.70576451151413
29.329508,333,4476.850597,synthetic_track_0,0.20924414767110303,34.329507830977185
46.473996,428,4477.196498,synthetic_track_0,0.31374269736871657,51.473995837441066
41.753613,408,4477.587567,synthetic_track_0,0.28497116808481526,46.75361320856392
37.503774,380,4477.894491,synthetic_track_0,0.2590676828129861,42.503774394019764
38.125993,369,4479.12952,synthetic_track_0,0.2628602085530164,43.12599271429603
13.079603,213,4479.317847,synthetic_track_0,0.11019823214842561,18.079602777925935
24.718847,304,4479.594412,synthetic_track_0,0.18114139063818924,29.718846895552144
26.178258,324,4479.887407,synthetic_track_0,0.1900367478596853,31.178258013107914
36.787138,369,4480.180218,synthetic_track_0,0.25469966392603866,41.78713815709611
24.478138,306,4480.443046,synthetic_track_0,0.1796742311510718,29.478138308655566
38.060804,376,4481.603225,synthetic_track_0,0.26246287280983494,43.060804078633375
48.080046,439,4481.954209,synthetic_track_0,0.32353184704160226,53.08004644432429
45.125012,421,4482.296636,synthetic_track_0,0.30552041042274874,50.125011565996495
38.500629,390,4482.620216,synthetic_track_0,0.26514367953400386,43.5006289265682
36.18946,368,4482.974932,synthetic_track_0,0.25105671527359313,41.18946010643659
37.410919,375,4483.288155,synthetic_track_0,0.25850171192065946,42.41091874000753
22.60283,280,4484.282377,synthetic_track_0,0.16824390794451063,27.60282961114769
42.318885,402,4484.602426,synthetic_track_0,0.2884165948155429,47.318884950928194
30.257542,336,4484.870244,synthetic_track_0,0.2149006730893919,35.25754207138279
38.579037,373,4485.268593,synthetic_track_0,0.26562158915657885,43.57903686444025
49.613868,588,4485.856495,synthetic_track_0,0.332880751465997,54.613868494883064
25.27624,317,4486.906629,synthetic_track_0,0.18453879354003663,30.276239639015056
16.150263,237,4487.106455,synthetic_track_0,0.12891442584648488,21.150263177630602
36.376824,371,4487.43955,synthetic_track_0,0.2521987298718675,41.37682400421295
26.784134,303,4487.703553,synthetic_track_0,0.1937296655258009,31.78413419817255
41.043644,396,4488.024456,synthetic_track_0,0.28064378858113626,46.04364444617509
34.259108,353,4488.31947,synthetic_track_0,0.2392908930043994,39.25910796887975
37.913455,372,4489.371099,synthetic_track_0,0.2615647524058242,42.913454526515395
16.717549,240,4489.566734,synthetic_track_0,0.1323721258791827,21.71754853146639
16.095837,238,4489.806532,synthetic_track_0,0.12858268758228394,21.09583675058127
42.256152,396,4490.131476,synthetic_track_0,0.2880342256869732,47.25615180336035
32.77382,343,4490.406405,synthetic_track_0,0.23023781331213408,37.773820214602445
45.656238,416,4490.777462,synthetic_track_0,0.30875832281341686,50.656237600313965
